nasa_allsky_sfc_sw_dwn,nasa_t2m,nasa_t2m_max,nasa_t2m_min,nasa_rh2m,nasa_prectotcorr,nasa_ws10m,nasa_evland,nasa_gwetroot,nasa_gwettop,date,zone,year,month,day_of_year,week,rain_7d,rain_14d,rain_30d,rain_90d,spi3_approx,temp_anom_30d,temp_max_7d,climate_zone
20.29,23.82,29.67,20.03,80.29,0.19,0.76,4.29,0.59,0.59,2015-01-01,Ebolowa,2015,1,1,1,0.19,0.19,0.19,0.19,,,23.82,equatorial
19.8,23.57,29.47,19.39,79.89,0.23,0.74,4.19,0.58,0.58,2015-01-02,Ebolowa,2015,1,2,1,0.42000000000000004,0.42000000000000004,0.42000000000000004,0.42000000000000004,,,23.82,equatorial
17.23,23.46,29.18,19.42,78.97,0.17,0.73,3.96,0.58,0.58,2015-01-03,Ebolowa,2015,1,3,1,0.5900000000000001,0.5900000000000001,0.5900000000000001,0.5900000000000001,,,23.82,equatorial
19.98,22.58,28.37,18.71,73.07,0.05,0.84,4.88,0.58,0.58,2015-01-04,Ebolowa,2015,1,4,1,0.64,0.64,0.64,0.64,,,23.82,equatorial
18.79,22.89,28.92,18.45,80.2,0.07,0.76,3.62,0.57,0.57,2015-01-05,Ebolowa,2015,1,5,2,0.7100000000000001,0.7100000000000001,0.7100000000000001,0.7100000000000001,,,23.82,equatorial
19.03,22.97,28.92,18.85,80.34,0.36,0.65,3.67,0.57,0.57,2015-01-06,Ebolowa,2015,1,6,2,1.07,1.07,1.07,1.07,,,23.82,equatorial
18.84,22.71,28.17,18.55,73.8,0.14,0.73,3.77,0.57,0.57,2015-01-07,Ebolowa,2015,1,7,2,1.21,1.21,1.21,1.21,,-0.4328571428571415,23.82,equatorial
18.85,22.64,28.56,17.61,73.8,0.12,0.79,3.56,0.57,0.57,2015-01-08,Ebolowa,2015,1,8,2,1.1400000000000001,1.33,1.33,1.33,,-0.4399999999999977,23.57,equatorial
20.87,22.12,28.66,16.14,69.32,0.09,1.17,4.5,0.57,0.56,2015-01-09,Ebolowa,2015,1,9,2,1.0,1.42,1.42,1.42,,-0.8533333333333317,23.46,equatorial
21.85,21.21,27.8,14.41,59.48,0.01,1.01,4.45,0.56,0.56,2015-01-10,Ebolowa,2015,1,10,2,0.8400000000000001,1.43,1.43,1.43,,-1.5869999999999997,22.97,equatorial
21.47,22.61,28.99,17.54,61.17,0.14,0.66,4.08,0.56,0.56,2015-01-11,Ebolowa,2015,1,11,2,0.93,1.57,1.57,1.57,,-0.1700000000000017,22.97,equatorial
22.08,21.49,28.24,14.82,60.77,0.0,1.12,4.27,0.56,0.55,2015-01-12,Ebolowa,2015,1,12,3,0.86,1.57,1.57,1.57,,-1.182500000000001,22.97,equatorial
22.16,21.7,29.0,14.78,64.41,0.0,1.06,4.15,0.55,0.55,2015-01-13,Ebolowa,2015,1,13,3,0.5,1.57,1.57,1.57,,-0.8976923076923065,22.71,equatorial
20.38,23.16,29.66,16.63,67.91,0.09,0.75,3.95,0.55,0.55,2015-01-14,Ebolowa,2015,1,14,3,0.45,1.6600000000000001,1.6600000000000001,1.6600000000000001,,0.5221428571428568,23.16,equatorial
21.28,23.2,29.86,17.68,70.02,0.41,0.72,4.07,0.55,0.55,2015-01-15,Ebolowa,2015,1,15,3,0.74,1.8800000000000001,2.07,2.07,,0.5246666666666648,23.2,equatorial
19.77,23.15,29.98,18.41,78.71,0.33,0.92,3.48,0.55,0.55,2015-01-16,Ebolowa,2015,1,16,3,0.98,1.98,2.4,2.4,,0.4450000000000003,23.2,equatorial
17.85,23.66,29.87,19.01,79.23,0.46,0.78,3.35,0.55,0.55,2015-01-17,Ebolowa,2015,1,17,3,1.4300000000000002,2.27,2.86,2.86,,0.8988235294117644,23.66,equatorial
17.18,23.84,29.8,19.93,80.3,0.72,0.85,3.51,0.55,0.55,2015-01-18,Ebolowa,2015,1,18,3,2.01,2.9400000000000004,3.58,3.58,,1.0188888888888918,23.84,equatorial
18.24,23.75,30.26,19.17,78.14,0.5,0.83,3.74,0.54,0.54,2015-01-19,Ebolowa,2015,1,19,4,2.51,3.37,4.08,4.08,,0.8800000000000026,23.84,equatorial
19.67,24.14,30.56,19.47,77.04,0.37,0.68,3.69,0.54,0.54,2015-01-20,Ebolowa,2015,1,20,4,2.88,3.38,4.45,4.45,,1.2064999999999984,24.14,equatorial
17.44,24.27,30.54,19.74,78.87,0.02,0.69,3.18,0.54,0.54,2015-01-21,Ebolowa,2015,1,21,4,2.81,3.26,4.47,4.47,,1.2728571428571414,24.27,equatorial
17.96,24.93,31.46,20.03,76.43,0.01,0.85,3.48,0.54,0.54,2015-01-22,Ebolowa,2015,1,22,4,2.4099999999999997,3.1500000000000004,4.48,4.48,,1.8449999999999989,24.93,equatorial
18.05,25.15,31.36,20.85,76.03,0.01,1.01,3.49,0.54,0.53,2015-01-23,Ebolowa,2015,1,23,4,2.09,3.07,4.49,4.49,,1.9752173913043478,25.15,equatorial
18.23,25.1,31.45,20.89,75.2,0.01,1.0,3.47,0.54,0.53,2015-01-24,Ebolowa,2015,1,24,4,1.64,3.0700000000000003,4.5,4.5,,1.8450000000000024,25.15,equatorial
15.59,24.85,30.35,21.54,77.7,0.03,1.07,2.89,0.53,0.53,2015-01-25,Ebolowa,2015,1,25,4,0.95,2.96,4.53,4.53,,1.531200000000002,25.15,equatorial
17.08,24.2,29.06,20.79,79.08,0.19,0.76,2.51,0.53,0.54,2015-01-26,Ebolowa,2015,1,26,5,0.64,3.15,4.72,4.72,,0.8473076923076945,25.15,equatorial
13.77,24.83,30.54,20.74,78.94,0.1,0.66,2.83,0.53,0.53,2015-01-27,Ebolowa,2015,1,27,5,0.37,3.25,4.82,4.82,,1.42259259259259,25.15,equatorial
16.55,23.55,26.51,21.57,86.0,0.09,0.91,1.35,0.53,0.54,2015-01-28,Ebolowa,2015,1,28,5,0.44,3.25,4.91,4.91,,0.13750000000000284,25.15,equatorial
16.73,24.39,29.75,20.95,79.46,0.04,1.0,2.77,0.54,0.54,2015-01-29,Ebolowa,2015,1,29,5,0.47,2.88,4.95,4.95,,0.9437931034482752,25.15,equatorial
20.25,24.7,29.53,21.22,78.89,0.1,0.81,2.75,0.53,0.53,2015-01-30,Ebolowa,2015,1,30,5,0.56,2.65,5.05,5.05,1.354688673873655,1.2119999999999997,25.1,equatorial
14.92,24.57,29.89,20.87,80.7,1.04,0.71,2.97,0.53,0.54,2015-01-31,Ebolowa,2015,1,31,5,1.59,3.23,5.8999999999999995,6.09,1.8167575349630976,1.0570000000000022,24.85,equatorial
18.8,25.27,31.51,20.92,77.81,0.55,0.85,3.56,0.53,0.53,2015-02-01,Ebolowa,2015,2,32,5,2.1100000000000003,3.0599999999999996,6.220000000000001,6.640000000000001,1.9537902288685975,1.700333333333333,25.27,equatorial
14.19,25.32,31.8,21.14,77.93,0.85,0.94,3.77,0.53,0.53,2015-02-02,Ebolowa,2015,2,33,6,2.77,3.4099999999999997,6.9,7.49,2.1797095931914443,1.6883333333333361,25.32,equatorial
16.23,24.08,28.55,21.3,82.83,1.04,1.0,2.52,0.53,0.54,2015-02-03,Ebolowa,2015,2,34,6,3.71,4.08,7.890000000000001,8.530000000000001,2.404514817498356,0.3983333333333299,25.32,equatorial
17.53,23.79,28.09,20.49,82.71,0.39,0.77,2.38,0.53,0.54,2015-02-04,Ebolowa,2015,2,35,6,4.01,4.449999999999999,8.21,8.92,2.3278461314125667,0.0783333333333367,25.32,equatorial
18.02,24.54,30.34,20.88,82.05,1.23,0.81,2.88,0.53,0.54,2015-02-05,Ebolowa,2015,2,36,6,5.2,5.67,9.08,10.15,2.5308321643215743,0.7759999999999962,25.32,equatorial
17.58,24.34,29.63,21.75,85.11,2.84,0.86,2.84,0.53,0.55,2015-02-06,Ebolowa,2015,2,37,6,7.9399999999999995,8.5,11.78,12.99,3.0631888451993063,0.5216666666666683,25.32,equatorial
16.38,24.6,30.24,20.98,85.27,3.04,0.64,2.83,0.54,0.56,2015-02-07,Ebolowa,2015,2,38,6,9.940000000000001,11.530000000000001,14.7,16.03,3.3456410713834606,0.7163333333333348,25.32,equatorial
17.06,24.07,27.7,22.15,89.58,5.66,0.69,2.14,0.55,0.59,2015-02-08,Ebolowa,2015,2,39,6,15.05,17.16,20.27,21.69,3.8072428882545606,0.1213333333333324,25.32,equatorial
16.17,24.51,30.3,20.98,82.44,3.93,0.82,3.83,0.55,0.58,2015-02-09,Ebolowa,2015,2,40,7,18.13,20.900000000000002,24.189999999999998,25.62,3.7007186444790072,0.45133333333333425,24.6,equatorial
14.78,25.03,31.0,20.75,78.11,0.33,0.72,3.94,0.55,0.56,2015-02-10,Ebolowa,2015,2,41,7,17.42,21.13,24.380000000000003,25.95,3.19328967619398,0.890666666666668,25.03,equatorial
19.52,25.49,31.51,20.74,77.55,0.05,0.78,3.53,0.55,0.54,2015-02-11,Ebolowa,2015,2,42,7,17.080000000000002,21.09,24.430000000000003,26.0,2.8296556161342816,1.2173333333333325,25.49,equatorial
14.36,24.0,27.66,21.77,85.36,0.21,0.8,1.75,0.54,0.55,2015-02-12,Ebolowa,2015,2,43,7,16.06,21.26,24.64,26.21,2.5862263975948445,-0.34933333333333394,25.49,equatorial
15.28,22.16,24.82,18.85,83.2,0.36,0.67,1.71,0.54,0.55,2015-02-13,Ebolowa,2015,2,44,7,13.58,21.52,24.910000000000004,26.57,2.416593879430181,-2.155999999999999,25.49,equatorial
17.97,23.78,30.73,18.44,77.62,0.04,0.68,3.35,0.54,0.54,2015-02-14,Ebolowa,2015,2,45,7,10.58,20.52,24.540000000000003,26.61,2.2498079759928755,-0.5553333333333299,25.49,equatorial
20.66,24.91,30.77,20.54,76.85,0.25,0.94,3.54,0.54,0.53,2015-02-15,Ebolowa,2015,2,46,7,5.17,20.22,24.46,26.86,2.1349531054617232,0.5159999999999982,25.49,equatorial
18.33,25.09,30.75,21.21,77.99,0.65,0.98,3.44,0.53,0.53,2015-02-16,Ebolowa,2015,2,47,8,1.8900000000000001,20.02,24.65,27.51,2.077703360561557,0.6483333333333334,25.49,equatorial
15.26,24.62,29.93,21.33,83.0,1.57,0.78,2.93,0.53,0.54,2015-02-17,Ebolowa,2015,2,48,8,3.13,20.55,25.5,29.080000000000002,2.1139817562854213,0.15233333333333476,25.49,equatorial
13.4,24.25,28.33,22.03,86.24,1.88,0.7,2.72,0.53,0.55,2015-02-18,Ebolowa,2015,2,49,8,4.96,22.04,26.88,30.96,2.169016479095899,-0.23433333333333195,25.09,equatorial
20.23,24.88,30.74,20.88,81.08,1.49,0.56,3.55,0.53,0.54,2015-02-19,Ebolowa,2015,2,50,8,6.24,22.3,28.0,32.45,2.1784906319893875,0.37099999999999866,25.09,equatorial
15.53,24.98,30.82,21.37,79.84,0.28,0.76,3.03,0.53,0.54,2015-02-20,Ebolowa,2015,2,51,8,6.16,19.740000000000002,28.259999999999998,32.730000000000004,2.084909816818869,0.4473333333333329,25.09,equatorial
18.35,25.38,31.62,21.12,76.08,0.14,0.95,3.48,0.53,0.53,2015-02-21,Ebolowa,2015,2,52,8,6.26,16.84,28.39,32.87,1.9936860903135072,0.8323333333333345,25.38,equatorial
10.96,24.11,29.23,21.12,82.3,0.38,0.85,2.24,0.53,0.53,2015-02-22,Ebolowa,2015,2,53,8,6.39,11.559999999999999,28.76,33.25,1.9337910258507662,-0.4029999999999987,25.38,equatorial
17.34,24.9,30.67,20.8,80.06,0.35,0.57,2.73,0.52,0.53,2015-02-23,Ebolowa,2015,2,54,9,6.09,7.9799999999999995,29.099999999999998,33.6,1.879067802447925,0.39366666666666816,25.38,equatorial
14.34,23.67,26.8,21.39,84.98,0.33,1.05,1.73,0.52,0.53,2015-02-24,Ebolowa,2015,2,55,9,4.85,7.98,29.400000000000002,33.93,1.8293136722647838,-0.796999999999997,25.38,equatorial
15.76,23.84,29.2,20.71,82.76,1.24,0.79,2.7,0.52,0.53,2015-02-25,Ebolowa,2015,2,56,9,4.21,9.17,30.45,35.17,1.853064023084231,-0.615000000000002,25.38,equatorial
14.87,23.07,27.07,20.97,87.32,3.11,0.86,2.47,0.53,0.55,2015-02-26,Ebolowa,2015,2,57,9,5.83,12.07,33.46,38.28,2.008300882605871,-1.3263333333333343,25.38,equatorial
14.67,22.14,26.26,19.78,87.19,1.49,0.74,2.15,0.53,0.55,2015-02-27,Ebolowa,2015,2,58,9,7.04,13.2,34.86,39.77,2.028348839283653,-2.2093333333333334,25.38,equatorial
17.61,24.45,31.21,19.74,78.47,0.25,0.43,3.65,0.53,0.53,2015-02-28,Ebolowa,2015,2,59,9,7.1499999999999995,13.41,35.07,40.02,1.9606504768250024,0.09866666666666646,24.9,equatorial
18.41,24.75,30.68,20.68,80.07,1.22,0.82,3.42,0.53,0.53,2015-03-01,Ebolowa,2015,3,60,9,7.99,14.379999999999999,36.19,41.24,1.9654916966673386,0.39699999999999847,24.9,equatorial
15.49,24.18,28.51,21.14,79.97,0.16,0.82,2.38,0.52,0.53,2015-03-02,Ebolowa,2015,3,61,10,7.8,13.889999999999999,35.309999999999995,41.4,1.9001372650797423,-0.1599999999999966,24.75,equatorial
16.65,25.0,30.82,20.97,75.32,0.07,0.68,3.38,0.52,0.52,2015-03-03,Ebolowa,2015,3,62,10,7.54,12.389999999999999,34.83,41.47,1.8360693037539588,0.6690000000000005,25.0,equatorial
15.25,25.03,30.23,21.19,76.15,0.13,0.6,3.03,0.52,0.51,2015-03-04,Ebolowa,2015,3,63,10,6.43,10.64,34.11,41.6,1.782320357857961,0.7086666666666659,25.03,equatorial
17.86,24.64,29.07,21.39,78.31,0.05,0.69,2.31,0.51,0.51,2015-03-05,Ebolowa,2015,3,64,10,3.37,9.2,33.12,41.65,1.7287165719862054,0.3000000000000007,25.03,equatorial
14.34,25.2,30.97,21.04,77.45,0.11,0.51,2.84,0.51,0.51,2015-03-06,Ebolowa,2015,3,65,10,1.99,9.03,32.84,41.76,1.6836783398045914,0.8129999999999988,25.2,equatorial
16.34,25.26,31.03,21.23,81.3,4.45,0.55,3.46,0.51,0.54,2015-03-07,Ebolowa,2015,3,66,10,6.19,13.34,36.06,46.21,1.905521468668893,0.8490000000000038,25.26,equatorial
13.99,23.55,26.67,21.8,92.43,9.36,0.52,2.0,0.53,0.6,2015-03-08,Ebolowa,2015,3,67,10,14.33,22.32,42.58,55.57,2.379514569894536,-0.8346666666666671,25.26,equatorial
19.61,24.1,29.2,21.21,87.87,5.8,0.7,3.4,0.54,0.59,2015-03-09,Ebolowa,2015,3,68,11,19.97,27.77,45.339999999999996,61.37,2.5789588172776887,-0.2680000000000007,25.26,equatorial
17.29,24.1,28.24,21.3,87.49,2.27,0.53,2.78,0.54,0.57,2015-03-10,Ebolowa,2015,3,69,11,22.169999999999998,29.709999999999997,41.95,63.64,2.5591059120396866,-0.2689999999999948,25.26,equatorial
20.57,24.68,29.53,21.43,83.01,1.69,0.55,3.52,0.54,0.56,2015-03-11,Ebolowa,2015,3,70,11,23.73,30.16,39.71,65.33,2.5110827197813763,0.30533333333333346,25.26,equatorial
21.87,24.76,30.05,21.19,83.87,0.96,0.4,4.13,0.54,0.55,2015-03-12,Ebolowa,2015,3,71,11,24.64,28.009999999999998,40.34,66.29,2.433810012525433,0.39433333333333564,25.26,equatorial
18.63,24.37,29.14,21.36,84.61,1.26,0.74,3.14,0.54,0.55,2015-03-13,Ebolowa,2015,3,72,11,25.79,27.779999999999998,41.55,67.55,2.3801456719450504,0.04166666666666785,25.26,equatorial
17.16,25.22,30.86,21.2,82.53,0.87,0.55,3.37,0.53,0.54,2015-03-14,Ebolowa,2015,3,73,11,22.209999999999997,28.4,42.21,68.42,2.3151184226502153,0.8509999999999955,25.22,equatorial
17.98,24.57,28.75,21.42,84.62,1.78,0.72,3.02,0.53,0.54,2015-03-15,Ebolowa,2015,3,74,11,14.629999999999999,28.96,43.629999999999995,70.2,2.297216563391204,0.12066666666666492,25.22,equatorial
10.66,24.94,29.74,21.62,84.34,1.39,0.55,2.98,0.53,0.54,2015-03-16,Ebolowa,2015,3,75,12,10.219999999999999,30.19,44.98,71.59,2.2637852559208187,0.4519999999999982,25.22,equatorial
16.84,24.03,28.15,21.67,87.48,5.21,0.66,2.84,0.53,0.57,2015-03-17,Ebolowa,2015,3,76,12,13.16,35.33,49.94,76.8,2.389912641495526,-0.42866666666666475,25.22,equatorial
17.15,24.2,29.3,20.72,83.91,2.28,0.68,3.53,0.54,0.56,2015-03-18,Ebolowa,2015,3,77,12,13.75,37.48,51.57,79.08,2.380291857643676,-0.2290000000000063,25.22,equatorial
18.67,23.9,28.44,21.09,88.46,5.74,0.68,3.26,0.54,0.57,2015-03-19,Ebolowa,2015,3,78,12,18.53,43.17,55.74,84.82,2.501669065471386,-0.5050000000000061,25.22,equatorial
19.01,24.31,28.39,21.27,87.0,5.89,0.54,3.55,0.54,0.59,2015-03-20,Ebolowa,2015,3,79,12,23.16,48.95,59.75,90.71,2.6065200712912384,-0.09700000000000131,25.22,equatorial
20.38,23.91,27.31,21.68,91.3,7.76,0.57,2.88,0.55,0.61,2015-03-21,Ebolowa,2015,3,80,12,30.05,52.26,66.02,98.47,2.754424834271218,-0.46466666666666256,24.94,equatorial
15.64,24.55,29.85,21.33,86.84,4.68,0.64,4.34,0.56,0.6,2015-03-22,Ebolowa,2015,3,81,12,32.949999999999996,47.58,70.42,103.15,2.7703481886111323,0.18966666666666399,24.94,equatorial
18.68,24.98,29.84,21.68,87.67,4.62,0.68,4.16,0.56,0.59,2015-03-23,Ebolowa,2015,3,82,13,36.18,46.4,74.9,107.77,2.7772406700186476,0.6329999999999991,24.98,equatorial
18.67,24.05,27.0,22.25,92.37,5.79,0.7,2.89,0.57,0.61,2015-03-24,Ebolowa,2015,3,83,13,36.76,49.919999999999995,80.31,113.56,2.813636628338164,-0.2950000000000017,24.98,equatorial
18.36,23.23,25.36,21.54,91.82,5.94,0.8,2.83,0.57,0.61,2015-03-25,Ebolowa,2015,3,84,13,40.42,54.17,85.89999999999999,119.5,2.8431405409213335,-1.0593333333333348,24.98,equatorial
17.43,23.4,27.89,20.6,90.3,7.59,0.72,4.2,0.58,0.63,2015-03-26,Ebolowa,2015,3,85,13,42.269999999999996,60.8,93.16,127.09,2.9072808699620967,-0.8803333333333327,24.98,equatorial
8.37,22.37,24.28,20.74,93.04,2.3,0.85,2.13,0.58,0.6,2015-03-27,Ebolowa,2015,3,86,13,38.68,61.84,94.22,129.39,2.816920678489802,-1.8613333333333308,24.98,equatorial
20.86,23.73,28.63,20.05,85.75,1.42,0.86,4.86,0.58,0.58,2015-03-28,Ebolowa,2015,3,87,13,32.339999999999996,62.38999999999999,92.53,130.81,2.7159453582675197,-0.5233333333333334,24.98,equatorial
16.78,23.74,28.38,20.72,84.41,1.32,0.99,4.5,0.57,0.57,2015-03-29,Ebolowa,2015,3,88,13,28.98,61.93,92.36,132.13,2.6254564606100383,-0.56666666666667,24.98,equatorial
18.18,22.47,26.51,20.02,88.28,1.63,0.52,2.62,0.56,0.58,2015-03-30,Ebolowa,2015,3,89,14,25.99,62.17,93.74,133.76,2.553274780664033,-1.770666666666667,24.05,equatorial
20.99,23.14,28.44,19.94,85.35,1.26,0.54,3.82,0.56,0.57,2015-03-31,Ebolowa,2015,3,90,14,21.46,58.22,93.78,135.02,2.480453788203807,-1.0470000000000006,23.74,equatorial
20.67,23.87,29.48,19.64,86.08,10.82,0.72,5.55,0.56,0.6,2015-04-01,Ebolowa,2015,4,91,14,26.34,66.76,104.44,145.65,2.6269496543143576,-0.3066666666666684,23.87,equatorial
14.76,22.02,23.62,20.87,95.88,14.09,0.72,2.44,0.58,0.67,2015-04-02,Ebolowa,2015,4,92,14,32.84,75.11,118.46000000000001,159.51000000000002,2.8174220418995413,-2.057333333333336,23.87,equatorial
15.02,22.52,26.12,20.15,91.49,12.04,0.71,3.85,0.6,0.66,2015-04-03,Ebolowa,2015,4,93,14,42.58,81.25999999999999,130.37,171.38,2.9311493613172357,-1.4736666666666665,23.87,equatorial
19.55,23.26,27.89,19.84,88.77,2.98,0.64,4.47,0.6,0.63,2015-04-04,Ebolowa,2015,4,94,14,44.13999999999999,76.48,133.3,174.31,2.8469515124905884,-0.6876666666666651,23.87,equatorial
17.16,23.34,27.25,20.83,90.7,15.8,0.67,4.55,0.61,0.68,2015-04-05,Ebolowa,2015,4,95,14,58.62,87.6,148.99,190.04,3.0117077580103295,-0.5456666666666692,23.87,equatorial
21.34,23.24,26.29,20.82,93.89,7.44,0.49,3.0,0.62,0.67,2015-04-06,Ebolowa,2015,4,96,15,64.43,90.42,151.98000000000002,197.12,2.9885694271095433,-0.5783333333333367,23.87,equatorial
16.0,23.48,26.61,21.32,92.71,10.15,0.65,4.06,0.63,0.68,2015-04-07,Ebolowa,2015,4,97,15,73.32,94.78,152.77,207.13,3.014471399888625,-0.3359999999999985,23.87,equatorial
22.11,23.79,28.07,20.69,90.66,3.2,0.73,4.52,0.63,0.65,2015-04-08,Ebolowa,2015,4,98,15,65.7,92.04,150.17,210.20999999999998,2.9183039529293335,-0.015666666666664497,23.79,equatorial
19.3,23.02,25.59,21.19,95.06,10.05,0.67,2.83,0.63,0.68,2015-04-09,Ebolowa,2015,4,99,15,61.66,94.5,157.95000000000002,220.17000000000002,2.94233982573384,-0.7496666666666698,23.79,equatorial
22.12,23.26,26.96,20.73,91.77,3.97,0.79,3.92,0.63,0.65,2015-04-10,Ebolowa,2015,4,100,15,53.59,96.17,160.23000000000002,224.13,2.867726629583012,-0.46233333333332993,23.79,equatorial
15.73,23.55,26.9,20.88,93.55,11.22,0.58,3.85,0.63,0.68,2015-04-11,Ebolowa,2015,4,101,15,61.830000000000005,105.97,170.49,235.21,2.9054761846814645,-0.13200000000000145,23.79,equatorial
17.54,23.1,25.58,21.24,93.37,15.33,0.53,3.3,0.64,0.7,2015-04-12,Ebolowa,2015,4,102,15,61.36,119.98,184.56,250.54000000000002,2.9926444771721235,-0.5396666666666619,23.79,equatorial
19.99,23.21,26.35,21.34,92.93,9.95,0.59,3.89,0.66,0.71,2015-04-13,Ebolowa,2015,4,103,16,63.870000000000005,128.3,193.64000000000001,260.49,2.9890720911648745,-0.3626666666666658,23.79,equatorial
17.3,23.53,27.2,20.53,92.72,10.06,0.4,3.66,0.66,0.69,2015-04-14,Ebolowa,2015,4,104,16,63.78,137.1,201.92000000000002,270.46,2.982262134062827,-0.007999999999999119,23.79,equatorial
11.21,23.12,25.44,21.23,95.06,19.34,0.61,3.45,0.68,0.75,2015-04-15,Ebolowa,2015,4,105,16,79.92,145.62,219.87,289.39,3.082627030429059,-0.3573333333333295,23.55,equatorial
17.62,23.65,27.71,20.54,90.57,5.67,0.68,5.28,0.68,0.7,2015-04-16,Ebolowa,2015,4,106,16,75.54,137.2,220.33,294.73,3.001317252433597,0.18533333333333246,23.65,equatorial
19.09,23.02,25.46,21.01,94.72,5.89,0.58,2.7,0.67,0.69,2015-04-17,Ebolowa,2015,4,107,16,77.46000000000001,131.05,223.94,300.15999999999997,2.9302117246534536,-0.4053333333333349,23.65,equatorial
15.42,23.79,27.9,20.3,85.33,4.26,0.58,6.67,0.66,0.68,2015-04-18,Ebolowa,2015,4,108,16,70.5,132.32999999999998,222.46,303.7,2.8456574757754463,0.3683333333333323,23.79,equatorial
17.5,23.6,28.0,20.02,88.55,4.01,0.72,6.2,0.65,0.67,2015-04-19,Ebolowa,2015,4,109,16,59.18,120.54,220.58,307.21000000000004,2.770066811605679,0.20199999999999818,23.79,equatorial
18.22,23.67,28.09,20.39,89.72,4.99,0.68,5.97,0.64,0.66,2015-04-20,Ebolowa,2015,4,110,17,54.22,118.08999999999999,217.81,311.83,2.7139872021703226,0.28000000000000114,23.79,equatorial
20.62,23.79,27.44,20.73,90.36,6.69,0.68,4.62,0.63,0.67,2015-04-21,Ebolowa,2015,4,111,17,50.849999999999994,114.63000000000001,219.82000000000002,318.5,2.684082968810727,0.42533333333333445,23.79,equatorial
20.0,23.63,27.59,20.65,89.14,6.33,0.67,5.48,0.63,0.67,2015-04-22,Ebolowa,2015,4,112,17,37.84,117.76,221.53,324.82,2.652583730045738,0.310333333333336,23.79,equatorial
17.83,23.03,25.84,20.63,94.62,11.19,0.78,2.82,0.64,0.69,2015-04-23,Ebolowa,2015,4,113,17,43.36,118.9,226.92999999999998,336.0,2.6703391465016235,-0.2556666666666665,23.79,equatorial
10.37,22.79,25.31,20.83,94.45,7.99,0.78,3.01,0.65,0.69,2015-04-24,Ebolowa,2015,4,114,17,45.459999999999994,122.92,228.98,343.98,2.6540169614996363,-0.48100000000000165,23.79,equatorial
20.07,23.5,27.65,20.44,90.2,4.06,0.61,5.3,0.64,0.66,2015-04-25,Ebolowa,2015,4,115,17,45.26,115.75999999999999,225.45,348.01000000000005,2.6016734745780865,0.22566666666666535,23.79,equatorial
9.0,23.33,27.13,21.07,90.99,3.35,0.6,4.58,0.64,0.66,2015-04-26,Ebolowa,2015,4,116,17,44.6,103.77999999999999,226.5,351.16999999999996,2.546008372382772,0.023666666666663616,23.79,equatorial
19.99,23.56,27.74,19.92,87.23,2.76,0.63,5.65,0.63,0.64,2015-04-27,Ebolowa,2015,4,117,18,42.37,96.59,227.84,353.83,2.4907095056026605,0.2593333333333341,23.79,equatorial
19.01,22.86,25.59,21.13,94.46,6.35,0.62,2.98,0.63,0.67,2015-04-28,Ebolowa,2015,4,118,18,42.03,92.88,232.87,360.09,2.4711933105517208,-0.4113333333333351,23.63,equatorial
20.83,23.43,27.76,20.17,89.14,2.97,0.54,5.17,0.62,0.64,2015-04-29,Ebolowa,2015,4,119,18,38.67,76.51,234.21,363.02000000000004,2.4244427851875674,0.1266666666666687,23.56,equatorial
18.33,23.33,26.82,21.06,91.81,5.47,0.66,3.45,0.62,0.65,2015-04-30,Ebolowa,2015,4,120,18,32.949999999999996,76.31,238.42000000000002,368.39,2.4016457248860004,0.020333333333333314,23.56,equatorial
20.0,23.23,26.97,20.8,92.4,5.69,0.65,4.31,0.62,0.66,2015-05-01,Ebolowa,2015,5,121,18,30.65,76.11,233.29,373.04,2.3743260913473425,-0.05833333333333357,23.56,equatorial
20.06,23.78,27.13,21.09,92.23,6.67,0.54,3.88,0.62,0.66,2015-05-02,Ebolowa,2015,5,122,18,33.26,78.52000000000001,225.87,379.16,2.360573929382232,0.4330000000000034,23.78,equatorial
7.59,23.23,25.81,21.16,94.57,12.83,0.51,3.69,0.63,0.7,2015-05-03,Ebolowa,2015,5,123,18,42.739999999999995,87.34,226.66,391.14,2.393462559242779,-0.14066666666666805,23.78,equatorial
19.24,23.6,27.62,20.22,89.71,3.69,0.8,6.0,0.64,0.66,2015-05-04,Ebolowa,2015,5,124,19,43.67,86.04,227.37,393.79,2.3506944035238537,0.21799999999999997,23.78,equatorial
18.96,23.38,27.07,20.58,91.59,7.5,0.59,5.18,0.63,0.67,2015-05-05,Ebolowa,2015,5,125,19,44.82,86.85,219.07,400.9,2.344856965341906,-0.0033333333333338544,23.78,equatorial
18.01,23.05,25.94,21.36,95.17,6.16,0.64,3.02,0.64,0.67,2015-05-06,Ebolowa,2015,5,126,19,48.01,86.67999999999999,217.79,405.83000000000004,2.3226666106404505,-0.3269999999999982,23.78,equatorial
16.55,22.93,25.62,20.98,93.25,2.04,0.71,2.76,0.64,0.65,2015-05-07,Ebolowa,2015,5,127,19,44.58,77.53,209.67999999999998,405.03,2.2597009022845724,-0.4286666666666683,23.78,equatorial
21.59,23.73,27.86,20.63,88.38,0.8,0.74,5.4,0.63,0.64,2015-05-08,Ebolowa,2015,5,128,19,39.69,70.34,207.28,402.79,2.190737801265783,0.3733333333333313,23.78,equatorial
16.66,22.99,26.01,20.85,92.24,3.43,0.74,3.26,0.62,0.64,2015-05-09,Ebolowa,2015,5,129,19,36.45,69.71,200.66,400.56,2.126500661473669,-0.3656666666666659,23.73,equatorial
18.48,22.69,25.59,20.78,94.47,6.33,0.65,3.23,0.62,0.66,2015-05-10,Ebolowa,2015,5,130,19,29.95,72.69000000000001,203.01999999999998,402.96,2.099206766549957,-0.6466666666666647,23.73,equatorial
19.66,23.66,27.4,20.95,89.35,8.99,0.49,5.88,0.63,0.67,2015-05-11,Ebolowa,2015,5,131,20,35.25,78.92,200.79,411.62,2.117291058409837,0.3196666666666701,23.73,equatorial
18.7,23.65,27.25,20.44,92.51,15.8,0.71,5.07,0.64,0.71,2015-05-12,Ebolowa,2015,5,132,20,43.55,88.36999999999999,201.26000000000002,427.37,2.182679552671589,0.29133333333333056,23.73,equatorial
17.67,22.89,24.1,21.45,97.66,14.35,0.58,2.06,0.66,0.73,2015-05-13,Ebolowa,2015,5,133,20,51.74,99.75,205.66,441.51000000000005,2.23210074813035,-0.45800000000000196,23.73,equatorial
13.1,23.62,27.48,20.82,91.92,9.62,0.57,5.18,0.67,0.7,2015-05-14,Ebolowa,2015,5,134,20,59.32000000000001,103.89999999999999,205.22,450.77,2.244993757896736,0.26899999999999835,23.73,equatorial
17.07,23.7,26.93,21.2,93.77,12.74,0.59,4.33,0.67,0.72,2015-05-15,Ebolowa,2015,5,135,20,71.26,110.95,198.61999999999998,463.46999999999997,2.279043977696183,0.32966666666666455,23.7,equatorial
17.12,24.23,28.06,21.07,88.45,2.34,0.54,6.11,0.67,0.69,2015-05-16,Ebolowa,2015,5,136,20,70.17,106.61999999999999,195.29,465.56,2.2417348267050063,0.8403333333333336,24.23,equatorial
15.38,24.08,27.28,21.77,88.77,1.35,0.63,4.11,0.66,0.67,2015-05-17,Ebolowa,2015,5,137,20,65.19,95.14,190.75,466.26,2.1978977405956344,0.6549999999999976,24.23,equatorial
15.39,23.76,26.87,21.1,91.42,2.45,0.69,3.36,0.65,0.66,2015-05-18,Ebolowa,2015,5,138,21,58.65,93.9,188.94,467.14000000000004,2.157895856300478,0.3360000000000021,24.23,equatorial
18.1,23.69,27.18,21.21,91.67,1.34,0.6,3.59,0.64,0.65,2015-05-19,Ebolowa,2015,5,139,21,44.19,87.74,186.27,466.6,2.111430600500669,0.2630000000000017,24.23,equatorial
17.84,23.77,27.28,21.18,92.02,1.55,0.69,3.4,0.64,0.65,2015-05-20,Ebolowa,2015,5,140,21,31.39,83.13000000000001,182.82999999999998,466.66,2.0713493456795824,0.3396666666666661,24.23,equatorial
6.79,23.84,27.22,21.1,92.06,10.47,0.62,5.04,0.64,0.69,2015-05-21,Ebolowa,2015,5,141,21,32.24,91.56,186.60999999999999,476.84999999999997,2.0951480903619144,0.4079999999999977,24.23,equatorial
17.2,23.46,26.66,21.16,92.04,2.11,0.75,3.44,0.64,0.66,2015-05-22,Ebolowa,2015,5,142,21,21.61,92.87,182.39000000000001,478.82,2.067897366277056,0.03366666666666518,24.23,equatorial
16.21,23.56,27.55,20.44,91.48,5.96,0.64,4.96,0.64,0.66,2015-05-23,Ebolowa,2015,5,143,21,25.230000000000004,95.4,177.16000000000003,484.4,2.063554583229346,0.11599999999999966,24.08,equatorial
10.64,22.27,24.77,20.24,95.47,13.11,0.92,3.98,0.65,0.71,2015-05-24,Ebolowa,2015,5,144,21,36.99,102.17999999999999,182.28,497.15999999999997,2.101461829996891,-1.1566666666666663,23.84,equatorial
16.74,23.09,27.78,19.46,91.02,3.25,0.66,5.45,0.65,0.66,2015-05-25,Ebolowa,2015,5,145,22,37.79,96.44,181.47,500.08,2.0798100782576916,-0.3230000000000004,23.84,equatorial
14.87,23.33,26.59,20.51,91.37,3.35,0.48,3.6,0.65,0.66,2015-05-26,Ebolowa,2015,5,146,22,39.800000000000004,83.99000000000001,181.47,502.19,2.054602075846719,-0.08300000000000196,23.84,equatorial
14.65,23.86,27.45,20.95,88.96,3.47,0.59,5.51,0.64,0.66,2015-05-27,Ebolowa,2015,5,147,22,41.72,73.11,182.17999999999998,502.55,2.0207204983178966,0.4369999999999976,23.86,equatorial
16.52,24.08,27.78,21.67,87.91,1.48,0.42,5.0,0.63,0.64,2015-05-28,Ebolowa,2015,5,148,22,32.73,64.97,177.31,502.54,1.9864696379746332,0.6163333333333334,24.08,equatorial
14.39,23.86,28.07,20.75,90.65,3.89,0.58,4.99,0.63,0.65,2015-05-29,Ebolowa,2015,5,149,22,34.51,56.120000000000005,178.23,506.18,1.9742909243584352,0.3819999999999979,24.08,equatorial
14.87,23.75,27.41,21.09,91.51,4.31,0.66,4.89,0.63,0.65,2015-05-30,Ebolowa,2015,5,150,22,32.86,58.09,177.07,509.27,1.959599809053711,0.2579999999999991,24.08,equatorial
13.22,22.92,25.99,20.82,93.5,5.44,0.6,3.78,0.63,0.65,2015-05-31,Ebolowa,2015,5,151,22,25.19,62.18,176.82,514.5500000000001,1.9575673011225647,-0.5616666666666674,24.08,equatorial
13.87,22.98,26.86,20.82,92.18,7.5,0.6,4.5,0.63,0.66,2015-06-01,Ebolowa,2015,6,152,23,29.44,67.23,177.65,521.98,1.9672202376739032,-0.47499999999999787,24.08,equatorial
12.19,22.72,25.94,20.47,94.02,13.9,0.57,4.37,0.65,0.71,2015-06-02,Ebolowa,2015,6,153,23,39.989999999999995,79.78999999999999,178.72,535.75,2.0103398866965554,-0.718,24.08,equatorial
15.88,22.44,24.67,20.77,95.3,5.59,0.68,3.02,0.65,0.68,2015-06-03,Ebolowa,2015,6,154,23,42.11,83.83,180.62,541.2900000000001,2.007349831651491,-0.9593333333333334,24.08,equatorial
13.83,23.27,27.13,20.43,92.06,6.79,0.69,5.05,0.65,0.68,2015-06-04,Ebolowa,2015,6,155,23,47.42,80.15,179.91,547.97,2.010401954900607,-0.12566666666666748,23.86,equatorial
9.76,22.34,25.25,20.17,93.32,5.9,0.81,3.98,0.65,0.68,2015-06-05,Ebolowa,2015,6,156,23,49.43,83.94,179.65,549.42,1.9859240351437644,-1.0320000000000036,23.75,equatorial
11.86,22.86,27.1,19.87,89.72,3.48,0.56,5.48,0.65,0.67,2015-06-06,Ebolowa,2015,6,157,23,48.6,81.46,181.09,543.54,1.9246398885056484,-0.5096666666666643,23.27,equatorial
16.5,22.76,26.27,20.46,91.33,6.01,0.62,5.25,0.65,0.67,2015-06-07,Ebolowa,2015,6,158,23,49.17,74.36,186.3,543.75,1.8974162669784003,-0.5773333333333284,23.27,equatorial
15.95,22.75,26.68,20.07,90.51,2.84,0.73,4.93,0.65,0.66,2015-06-08,Ebolowa,2015,6,159,24,44.510000000000005,73.94999999999999,185.70999999999998,544.32,1.873196944113268,-0.5793333333333344,23.27,equatorial
13.43,23.19,27.24,20.16,89.03,2.36,0.64,4.95,0.64,0.65,2015-06-09,Ebolowa,2015,6,160,24,32.97,72.96000000000001,181.74,544.99,1.8504942302512573,-0.1559999999999988,23.27,equatorial
16.33,22.73,25.87,20.37,91.05,0.8,0.58,2.88,0.63,0.64,2015-06-10,Ebolowa,2015,6,161,24,28.18,70.29,173.55,544.83,1.8245389408735198,-0.5850000000000009,23.27,equatorial
13.65,23.14,27.09,20.45,88.19,0.83,0.62,4.58,0.63,0.64,2015-06-11,Ebolowa,2015,6,162,24,22.22,69.64,158.57999999999998,544.4000000000001,1.7982652437247275,-0.15800000000000125,23.19,equatorial
11.47,23.23,27.5,20.03,87.16,0.84,0.65,4.96,0.62,0.63,2015-06-12,Ebolowa,2015,6,163,24,17.159999999999997,66.59,145.07,544.37,1.77499529888875,-0.07933333333333081,23.23,equatorial
14.23,23.25,27.36,20.28,87.76,1.22,0.67,4.64,0.61,0.62,2015-06-13,Ebolowa,2015,6,164,24,14.899999999999999,63.49999999999999,136.67,543.81,1.74998282108302,-0.0470000000000006,23.25,equatorial
16.1,23.71,27.89,20.69,85.25,1.21,0.54,5.44,0.61,0.61,2015-06-14,Ebolowa,2015,6,165,24,10.1,59.269999999999996,125.14,543.63,1.7277539724345923,0.4126666666666665,23.71,equatorial
13.07,23.34,27.64,20.17,89.83,8.3,0.76,5.77,0.6,0.64,2015-06-15,Ebolowa,2015,6,166,25,15.56,60.07,131.1,546.72,1.7222991111310098,0.07233333333333292,23.71,equatorial
12.12,22.62,26.83,19.67,92.1,9.44,0.81,5.3,0.62,0.67,2015-06-16,Ebolowa,2015,6,167,25,22.64,55.61,139.19,553.88,1.7368032539529012,-0.5989999999999966,23.71,equatorial
13.39,22.59,26.91,19.82,90.63,4.71,0.88,5.1,0.62,0.64,2015-06-17,Ebolowa,2015,6,168,25,26.55,54.73,141.45,552.8499999999999,1.7112526453133112,-0.5899999999999999,23.71,equatorial
13.37,22.54,26.67,19.95,91.31,4.83,0.81,4.95,0.62,0.64,2015-06-18,Ebolowa,2015,6,169,25,30.55,52.769999999999996,144.94,551.79,1.6864398174237987,-0.6016666666666666,23.71,equatorial
14.67,22.83,27.31,19.56,91.22,6.42,0.58,5.6,0.62,0.65,2015-06-19,Ebolowa,2015,6,170,25,36.13,53.29,149.81,550.4499999999999,1.6611198099266362,-0.28033333333333843,23.71,equatorial
11.2,22.13,24.49,20.36,93.92,12.76,0.75,3.28,0.62,0.67,2015-06-20,Ebolowa,2015,6,171,25,47.67,62.57,152.10000000000002,558.53,1.6814512709546732,-0.9233333333333356,23.71,equatorial
11.26,21.66,24.92,19.72,91.83,8.0,0.76,3.81,0.65,0.7,2015-06-21,Ebolowa,2015,6,172,25,54.46,64.56,157.99,561.91,1.6788876735017049,-1.3333333333333321,23.34,equatorial
11.56,22.11,25.62,19.59,89.14,1.28,0.7,3.91,0.64,0.65,2015-06-22,Ebolowa,2015,6,173,26,47.44,63.0,153.30999999999997,557.4000000000001,1.6392635472294566,-0.8350000000000009,22.83,equatorial
12.37,22.57,26.61,19.76,89.86,1.69,0.61,4.21,0.64,0.65,2015-06-23,Ebolowa,2015,6,174,26,39.69,62.33,141.89000000000001,553.15,1.6020818059347461,-0.38500000000000156,22.83,equatorial
12.2,22.88,27.37,19.3,87.55,1.26,0.77,5.58,0.63,0.64,2015-06-24,Ebolowa,2015,6,175,26,36.239999999999995,62.79,139.9,546.8199999999999,1.556266019755259,-0.06800000000000139,22.88,equatorial
8.94,22.98,27.2,19.9,87.0,1.22,0.81,5.02,0.62,0.63,2015-06-25,Ebolowa,2015,6,176,26,32.63,63.18,137.77,545.74,1.536199889589267,0.043666666666670295,22.98,equatorial
13.01,22.68,26.95,19.85,86.58,1.11,0.95,4.93,0.61,0.62,2015-06-26,Ebolowa,2015,6,177,26,27.319999999999997,63.45,135.41,545.4300000000001,1.5202701678811594,-0.21699999999999875,22.98,equatorial
13.69,23.15,27.42,19.35,87.1,1.02,0.59,4.73,0.61,0.62,2015-06-27,Ebolowa,2015,6,178,26,15.58,63.25,134.95,545.13,1.5048262151276017,0.2839999999999989,23.15,equatorial
14.59,23.15,26.94,20.58,88.36,1.65,0.75,4.28,0.6,0.61,2015-06-28,Ebolowa,2015,6,179,26,9.23,63.69,132.71,545.15,1.4912772319048098,0.3076666666666661,23.15,equatorial
10.35,21.58,23.43,20.11,91.26,1.27,0.81,2.1,0.6,0.61,2015-06-29,Ebolowa,2015,6,180,27,9.219999999999999,56.66,129.67000000000002,545.16,1.4780449393071105,-1.1900000000000013,23.15,equatorial
7.55,21.45,23.6,19.93,92.01,1.08,0.67,2.15,0.6,0.61,2015-06-30,Ebolowa,2015,6,181,27,8.61,48.3,125.31,535.42,1.420390723197269,-1.2710000000000043,23.15,equatorial
10.01,22.66,26.71,19.53,87.47,1.08,0.83,4.26,0.6,0.61,2015-07-01,Ebolowa,2015,7,182,27,8.43,44.67,118.89,522.4100000000001,1.3490109714188776,-0.05033333333333445,23.15,equatorial
10.08,21.26,23.29,19.83,92.24,1.86,0.72,2.55,0.6,0.61,2015-07-02,Ebolowa,2015,7,183,27,9.07,41.7,106.85,512.23,1.2920143188339162,-1.4016666666666673,23.15,equatorial
11.06,22.97,27.5,19.55,86.87,0.69,0.65,4.42,0.59,0.6,2015-07-03,Ebolowa,2015,7,184,27,8.65,35.97,101.94999999999999,509.94,1.2721969473631134,0.29066666666666663,23.15,equatorial
8.16,22.94,26.57,20.2,87.38,0.84,0.78,3.31,0.59,0.6,2015-07-04,Ebolowa,2015,7,185,27,8.47,24.05,96.0,494.98,1.1947844480987808,0.2716666666666683,23.15,equatorial
15.25,23.4,27.91,20.21,86.34,2.01,0.61,4.34,0.59,0.6,2015-07-05,Ebolowa,2015,7,186,27,8.83,18.06,92.11,489.55,1.1621723712066618,0.6963333333333317,23.4,equatorial
18.84,23.61,27.78,20.1,86.87,2.01,0.78,4.4,0.59,0.6,2015-07-06,Ebolowa,2015,7,187,28,9.57,18.79,90.63999999999999,481.41,1.117657713730243,0.881333333333334,23.61,equatorial
15.4,23.62,27.74,20.59,87.81,1.58,0.73,3.81,0.58,0.6,2015-07-07,Ebolowa,2015,7,188,28,10.07,18.68,86.21000000000001,479.78999999999996,1.1035830005682272,0.8626666666666658,23.62,equatorial
18.05,24.55,29.24,20.47,82.12,0.64,0.74,5.54,0.58,0.58,2015-07-08,Ebolowa,2015,7,189,28,9.629999999999999,18.06,84.01,470.38000000000005,1.0540867870348203,1.7326666666666632,24.55,equatorial
13.51,24.2,29.38,20.62,84.32,1.68,0.6,5.72,0.57,0.58,2015-07-09,Ebolowa,2015,7,190,28,9.45,18.52,83.33,468.09,1.0377697054077328,1.3490000000000002,24.55,equatorial
12.6,23.79,27.94,21.01,89.64,9.07,0.64,4.57,0.58,0.63,2015-07-10,Ebolowa,2015,7,191,28,17.83,26.48,91.6,465.94000000000005,1.0223047655258102,0.9036666666666697,24.55,equatorial
12.07,22.3,24.66,20.76,95.67,9.42,0.77,2.72,0.59,0.65,2015-07-11,Ebolowa,2015,7,192,28,26.41,34.88,100.19,460.03,0.9898236347597134,-0.5583333333333336,24.55,equatorial
12.28,22.56,26.76,19.9,91.05,5.27,0.83,4.52,0.6,0.63,2015-07-12,Ebolowa,2015,7,193,28,29.669999999999998,38.5,104.62,455.35,0.9633269876980888,-0.2759999999999998,24.55,equatorial
13.33,22.29,26.28,19.9,90.71,3.2,0.69,3.82,0.6,0.63,2015-07-13,Ebolowa,2015,7,194,29,30.86,40.43,106.6,448.49,0.9271134528806801,-0.5139999999999993,24.55,equatorial
14.22,23.4,28.34,19.77,87.71,2.63,0.61,5.17,0.6,0.61,2015-07-14,Ebolowa,2015,7,195,29,31.909999999999997,41.980000000000004,108.02,431.78000000000003,0.8460289419814229,0.6063333333333283,24.55,equatorial
14.07,23.6,28.46,20.03,86.12,1.05,0.58,4.82,0.6,0.61,2015-07-15,Ebolowa,2015,7,196,29,32.32,41.95,100.77,427.16,0.8211040833801043,0.7976666666666681,24.2,equatorial
12.85,22.0,24.29,20.09,89.98,0.79,0.86,2.18,0.59,0.6,2015-07-16,Ebolowa,2015,7,197,29,31.430000000000003,40.879999999999995,92.12,422.06,0.7941587648518579,-0.7816666666666698,23.79,equatorial
14.83,23.13,27.57,19.64,86.58,1.06,0.78,4.51,0.59,0.59,2015-07-17,Ebolowa,2015,7,198,29,23.419999999999998,41.25,88.47,418.86,0.7761548930606422,0.33033333333333204,23.6,equatorial
10.99,22.57,26.02,20.16,89.02,1.98,0.89,3.38,0.58,0.6,2015-07-18,Ebolowa,2015,7,199,29,15.98,42.39,85.61999999999999,416.83,0.7636742613037479,-0.23066666666666436,23.6,equatorial
9.3,22.75,27.08,19.5,87.76,2.7,0.81,4.08,0.58,0.6,2015-07-19,Ebolowa,2015,7,200,29,13.41,43.08,81.9,414.54,0.7500834631386057,-0.047999999999998266,23.6,equatorial
10.53,22.13,26.32,19.77,89.49,3.9,1.04,4.0,0.58,0.61,2015-07-20,Ebolowa,2015,7,201,30,14.110000000000001,44.97,73.03999999999999,411.74999999999994,0.7342736962091676,-0.6679999999999993,23.6,equatorial
11.35,21.88,26.41,19.21,88.5,2.68,0.85,4.15,0.58,0.6,2015-07-21,Ebolowa,2015,7,202,30,14.16,46.07,67.72,408.09999999999997,0.7145820790203894,-0.9253333333333345,23.6,equatorial
13.64,22.67,27.72,19.03,85.51,0.8,0.66,4.64,0.58,0.59,2015-07-22,Ebolowa,2015,7,203,30,13.91,46.23,67.24,397.71,0.6637428945239614,-0.15399999999999991,23.13,equatorial
12.72,23.03,27.62,19.77,85.36,1.53,0.98,4.56,0.57,0.58,2015-07-23,Ebolowa,2015,7,204,30,14.65,46.08,67.08,391.25,0.6313900393706249,0.19066666666666876,23.13,equatorial
11.67,22.51,27.45,19.4,86.16,0.89,0.78,3.79,0.57,0.58,2015-07-24,Ebolowa,2015,7,205,30,14.48,37.9,66.71,388.08,0.6144869685833408,-0.3169999999999966,23.03,equatorial
12.54,22.98,27.76,19.37,86.61,2.05,0.76,4.57,0.57,0.58,2015-07-25,Ebolowa,2015,7,206,30,14.549999999999999,30.529999999999998,67.53999999999999,386.78000000000003,0.6063764719696815,0.1529999999999987,23.03,equatorial
11.08,22.57,27.33,19.48,88.29,4.29,0.93,4.55,0.57,0.59,2015-07-26,Ebolowa,2015,7,207,30,16.14,29.549999999999997,70.72,388.31,0.6115222790715507,-0.2533333333333303,23.03,equatorial
13.11,21.25,24.67,19.21,91.7,2.54,0.8,2.94,0.57,0.59,2015-07-27,Ebolowa,2015,7,208,31,14.780000000000001,28.89,72.24,384.5,0.5916879724139353,-1.509999999999998,23.03,equatorial
15.3,22.03,27.36,18.48,86.27,3.16,1.0,5.3,0.57,0.58,2015-07-28,Ebolowa,2015,7,209,31,15.260000000000002,29.42,73.75,384.69,0.5906715545074103,-0.6926666666666677,23.03,equatorial
9.52,20.92,24.32,18.63,90.18,9.18,1.07,4.26,0.57,0.63,2015-07-29,Ebolowa,2015,7,210,31,23.64,37.55,81.66,388.4,0.6061864697166576,-1.780666666666665,23.03,equatorial
11.76,21.69,26.67,18.31,86.1,1.38,0.91,4.64,0.58,0.59,2015-07-30,Ebolowa,2015,7,211,31,23.49,38.14,81.96000000000001,384.09000000000003,0.5839723572147796,-1.0186666666666646,22.98,equatorial
13.72,22.57,27.77,18.32,84.8,1.13,0.66,4.85,0.57,0.58,2015-07-31,Ebolowa,2015,7,212,31,23.730000000000004,38.21,82.01,378.55,0.5560481633972897,-0.1356666666666655,22.98,equatorial
12.89,22.75,27.54,19.43,86.77,2.69,0.78,4.46,0.57,0.58,2015-08-01,Ebolowa,2015,8,213,31,24.37,38.92,82.84,368.41,0.5065119110584189,-0.005333333333332746,22.75,equatorial
10.13,21.47,24.66,19.22,92.47,10.73,0.8,2.99,0.59,0.65,2015-08-02,Ebolowa,2015,8,214,31,30.81,46.95,92.88000000000001,375.45,0.53829828841981,-1.2353333333333332,22.75,equatorial
13.71,23.32,28.21,19.57,85.9,0.97,0.84,4.99,0.59,0.59,2015-08-03,Ebolowa,2015,8,215,32,29.24,44.02,93.01,368.92,0.5057758032961729,0.6020000000000003,23.32,equatorial
11.37,22.59,26.57,20.12,88.16,1.66,0.84,3.43,0.58,0.59,2015-08-04,Ebolowa,2015,8,216,32,27.74,43.0,92.66,364.41999999999996,0.48296529237210906,-0.10099999999999909,23.32,equatorial
11.22,22.48,26.79,19.62,87.86,1.85,0.59,4.01,0.58,0.59,2015-08-05,Ebolowa,2015,8,217,32,20.41,44.050000000000004,92.5,364.23,0.48069348653879124,-0.173333333333332,23.32,equatorial
15.7,22.64,27.13,19.94,89.18,2.57,0.78,3.8,0.57,0.59,2015-08-06,Ebolowa,2015,8,218,32,21.6,45.09,93.49,366.0,0.48776582891451253,0.019333333333332092,23.32,equatorial
9.98,22.03,25.61,19.63,91.14,3.38,0.83,3.46,0.58,0.6,2015-08-07,Ebolowa,2015,8,219,32,23.849999999999998,47.58,96.22999999999999,365.95,0.4861522622596531,-0.5066666666666642,23.32,equatorial
11.83,22.85,27.18,19.44,87.55,2.83,0.66,4.48,0.57,0.59,2015-08-08,Ebolowa,2015,8,220,32,23.990000000000002,48.36,97.38,362.45,0.4680677189082557,0.3583333333333343,23.32,equatorial
14.84,23.46,28.1,19.89,84.07,0.16,0.52,4.46,0.57,0.58,2015-08-09,Ebolowa,2015,8,221,32,13.42,44.23,88.47000000000001,353.62,0.4245086531919871,0.979333333333333,23.46,equatorial
12.31,23.77,29.02,19.93,82.42,0.03,0.62,4.35,0.56,0.57,2015-08-10,Ebolowa,2015,8,222,33,12.479999999999999,41.72,79.08000000000001,337.85,0.3477205450762933,1.2403333333333322,23.77,equatorial
10.93,23.61,28.61,20.16,81.7,0.16,0.78,4.12,0.56,0.56,2015-08-11,Ebolowa,2015,8,223,33,10.98,38.720000000000006,73.97,323.65999999999997,0.2786066796898711,1.045333333333332,23.77,equatorial
12.04,23.21,28.2,19.65,80.48,0.03,0.89,3.77,0.55,0.55,2015-08-12,Ebolowa,2015,8,224,33,9.16,29.57,70.80000000000001,314.07000000000005,0.23171133545570008,0.6146666666666682,23.77,equatorial
13.6,23.52,28.46,19.57,79.23,0.02,0.9,4.05,0.55,0.55,2015-08-13,Ebolowa,2015,8,225,33,6.61,28.21,68.19,301.35,0.16971414147967098,0.9206666666666656,23.77,equatorial
15.11,22.57,26.4,19.99,87.46,1.97,0.88,2.86,0.54,0.55,2015-08-14,Ebolowa,2015,8,226,33,5.2,29.049999999999997,69.11,300.97999999999996,0.1675373886299606,0.005000000000002558,23.77,equatorial
14.44,22.66,26.59,19.92,90.29,8.03,0.68,3.46,0.55,0.59,2015-08-15,Ebolowa,2015,8,227,33,10.399999999999999,34.39,76.35,307.66,0.19957589216907612,0.0730000000000004,23.77,equatorial
11.98,22.76,27.4,20.17,88.11,4.03,0.67,4.02,0.56,0.6,2015-08-16,Ebolowa,2015,8,228,33,14.27,27.689999999999998,79.32000000000001,309.23999999999995,0.2068056655620476,0.18533333333333601,23.77,equatorial
12.5,22.3,25.96,19.8,88.56,3.3,0.82,3.88,0.56,0.6,2015-08-17,Ebolowa,2015,8,229,34,17.54,30.02,80.64,311.2,0.2158876907394255,-0.26566666666666805,23.61,equatorial
11.47,23.02,28.16,19.55,86.03,1.91,0.56,4.46,0.56,0.58,2015-08-18,Ebolowa,2015,8,230,34,19.29,30.27,79.85,311.56,0.21715601012047184,0.445333333333334,23.52,equatorial
16.91,23.6,28.36,20.23,83.37,0.48,0.57,4.28,0.56,0.57,2015-08-19,Ebolowa,2015,8,231,34,19.74,28.9,76.43,301.57,0.1677749230993227,0.9763333333333328,23.6,equatorial
15.1,23.98,28.89,20.47,81.99,0.48,0.58,4.37,0.55,0.55,2015-08-20,Ebolowa,2015,8,232,34,20.2,26.81,74.23,299.94,0.15940967492839986,1.2863333333333316,23.98,equatorial
10.9,23.87,29.13,20.0,82.09,0.75,0.65,4.16,0.54,0.55,2015-08-21,Ebolowa,2015,8,233,34,18.98,24.18,74.18,294.73,0.13345135688787654,1.136333333333333,23.98,equatorial
11.74,23.77,28.83,20.1,82.28,0.56,0.76,3.79,0.54,0.55,2015-08-22,Ebolowa,2015,8,234,34,11.510000000000002,21.91,73.21000000000001,282.18,0.07133934564225779,1.0116666666666667,23.98,equatorial
12.55,22.73,26.23,20.49,84.7,0.77,0.86,2.39,0.54,0.55,2015-08-23,Ebolowa,2015,8,235,34,8.250000000000002,22.52,73.09,279.7,0.05894372341006211,-0.035666666666667624,23.98,equatorial
11.17,22.12,25.76,19.81,88.36,2.75,0.88,2.82,0.54,0.56,2015-08-24,Ebolowa,2015,8,236,35,7.700000000000002,25.24,73.79,279.09999999999997,0.05585028566499307,-0.6170000000000009,23.98,equatorial
12.87,22.76,27.63,19.15,86.72,2.48,0.63,3.73,0.54,0.56,2015-08-25,Ebolowa,2015,8,237,35,8.270000000000001,27.56,71.98,278.11,0.05082392377108353,0.01666666666666572,23.98,equatorial
10.75,23.43,28.5,20.15,87.65,5.03,0.6,4.34,0.54,0.57,2015-08-26,Ebolowa,2015,8,238,35,12.820000000000004,32.56,74.47,281.65999999999997,0.06835593824517999,0.6140000000000008,23.98,equatorial
13.57,22.48,27.07,19.91,90.51,11.74,0.78,4.39,0.56,0.63,2015-08-27,Ebolowa,2015,8,239,35,24.080000000000002,44.28,83.05,289.51,0.10729811114662444,-0.3509999999999991,23.87,equatorial
10.63,21.96,26.29,19.32,89.06,2.65,0.75,3.73,0.56,0.58,2015-08-28,Ebolowa,2015,8,240,35,25.98,44.959999999999994,76.52,287.85,0.09879036028147017,-0.9056666666666651,23.77,equatorial
13.18,22.65,26.93,19.72,88.31,3.2,0.75,4.06,0.56,0.59,2015-08-29,Ebolowa,2015,8,241,35,28.620000000000005,40.13,78.33999999999999,285.61,0.08738441086261624,-0.24766666666666737,23.43,equatorial
14.7,22.64,26.79,19.94,88.96,5.04,0.9,4.58,0.56,0.59,2015-08-30,Ebolowa,2015,8,242,35,32.89,41.14,82.25,283.15000000000003,0.07487767935080467,-0.259999999999998,23.43,equatorial
15.32,22.16,26.04,20.07,90.68,5.02,0.99,4.27,0.57,0.59,2015-08-31,Ebolowa,2015,8,243,36,35.160000000000004,42.86000000000001,84.58,274.27,0.030138177142781795,-0.7203333333333362,23.43,equatorial
16.21,21.84,25.86,19.21,90.03,3.76,0.91,4.06,0.57,0.59,2015-09-01,Ebolowa,2015,9,244,36,36.44,44.71,77.61,272.44,0.0208691867217705,-1.052666666666667,23.43,equatorial
13.86,22.77,27.79,19.15,86.44,3.28,0.88,5.71,0.56,0.58,2015-09-02,Ebolowa,2015,9,245,36,34.690000000000005,47.510000000000005,79.92,268.93,0.0031300427410845925,-0.10433333333333294,22.77,equatorial
14.82,22.86,27.72,19.23,87.2,4.23,0.64,4.79,0.56,0.58,2015-09-03,Ebolowa,2015,9,246,36,27.18,51.26,82.49,267.26,-0.0053134660506915085,-0.023333333333333428,22.86,equatorial
13.25,22.63,26.61,20.2,91.8,4.33,0.62,3.23,0.56,0.6,2015-09-04,Ebolowa,2015,9,247,36,28.86,54.84,84.97,268.11,-0.000999550683398436,-0.25833333333333286,22.86,equatorial
13.78,22.98,26.91,20.33,90.45,2.94,0.52,3.57,0.57,0.59,2015-09-05,Ebolowa,2015,9,248,36,28.6,57.22,85.34,265.04,-0.01657146317040493,0.08033333333333204,22.98,equatorial
6.35,22.82,27.14,20.38,90.38,7.71,0.7,4.35,0.57,0.6,2015-09-06,Ebolowa,2015,9,249,36,31.270000000000003,64.16,89.67,269.91,0.008217285276289165,-0.10600000000000165,22.98,equatorial
16.38,22.23,26.02,19.99,92.01,17.53,0.82,5.27,0.59,0.69,2015-09-07,Ebolowa,2015,9,250,37,43.78,78.94,104.37,285.08,0.08546955180171513,-0.6753333333333345,22.98,equatorial
12.67,22.53,26.91,19.46,87.7,1.74,0.69,4.82,0.6,0.61,2015-09-08,Ebolowa,2015,9,251,37,41.760000000000005,78.2,105.94999999999999,286.02,0.09009593244468453,-0.3443333333333314,22.98,equatorial
12.11,22.71,26.9,19.62,87.05,1.77,0.43,4.72,0.59,0.6,2015-09-09,Ebolowa,2015,9,252,37,40.25,74.94,107.69,286.96000000000004,0.09472318512626883,-0.12900000000000134,22.98,equatorial
15.39,22.95,27.02,20.32,89.06,2.63,0.37,4.08,0.58,0.6,2015-09-10,Ebolowa,2015,9,253,37,38.650000000000006,65.83,110.16,288.75,0.10370661415642979,0.13299999999999912,22.98,equatorial
14.31,22.67,25.93,20.44,92.22,3.45,0.58,3.11,0.58,0.61,2015-09-11,Ebolowa,2015,9,254,37,37.77000000000001,66.63000000000001,113.58,290.98,0.1149495778416262,-0.12899999999999778,22.98,equatorial
15.31,23.52,27.66,20.58,88.01,0.7,0.5,3.92,0.58,0.59,2015-09-12,Ebolowa,2015,9,255,37,35.53,64.13000000000001,114.26,290.46999999999997,0.11209842919996484,0.7210000000000001,23.52,equatorial
16.64,23.85,28.53,20.2,89.38,8.73,0.59,5.94,0.58,0.62,2015-09-13,Ebolowa,2015,9,256,37,36.55,67.82000000000001,121.02,290.90000000000003,0.11409362816109676,1.0083333333333364,23.85,equatorial
12.48,22.65,25.73,20.86,94.2,14.55,0.77,3.62,0.59,0.68,2015-09-14,Ebolowa,2015,9,257,38,33.57,77.35,127.53999999999999,296.01,0.1402575226223747,-0.19133333333333624,23.85,equatorial
12.61,22.67,27.23,19.63,90.07,6.65,0.73,5.82,0.6,0.64,2015-09-15,Ebolowa,2015,9,258,38,38.480000000000004,80.24000000000001,130.16,297.95,0.15001836248568867,-0.16833333333332945,23.85,equatorial
11.76,22.48,25.88,20.08,91.72,12.63,0.44,4.89,0.61,0.67,2015-09-16,Ebolowa,2015,9,259,38,49.34,89.59,139.49,305.75,0.19015429539125894,-0.3643333333333345,23.85,equatorial
15.67,22.74,26.88,20.19,90.72,8.51,0.64,5.65,0.62,0.67,2015-09-17,Ebolowa,2015,9,260,38,55.220000000000006,93.87,146.09,307.84,0.2006297314279133,-0.09500000000000242,23.85,equatorial
18.28,22.93,27.15,19.57,89.69,2.74,0.59,4.77,0.62,0.64,2015-09-18,Ebolowa,2015,9,261,38,54.510000000000005,92.28,148.35000000000002,297.82,0.1480980785575083,0.11733333333333462,23.85,equatorial
15.27,23.06,26.59,20.39,91.62,7.05,0.57,4.66,0.61,0.65,2015-09-19,Ebolowa,2015,9,262,38,60.86,96.39000000000001,154.92,296.87,0.142857678997725,0.2779999999999987,23.85,equatorial
11.12,21.87,24.5,20.05,95.14,10.23,0.64,3.39,0.61,0.67,2015-09-20,Ebolowa,2015,9,263,38,62.36,98.91,164.4,305.82000000000005,0.18932427834150292,-0.8453333333333326,23.06,equatorial
16.92,22.49,26.69,19.59,89.58,2.56,0.66,4.85,0.62,0.65,2015-09-21,Ebolowa,2015,9,264,39,50.370000000000005,83.94,166.4,306.69,0.19350577752879436,-0.18266666666666964,23.06,equatorial
17.65,23.13,27.28,20.22,88.78,2.18,0.69,5.01,0.61,0.63,2015-09-22,Ebolowa,2015,9,265,39,45.9,84.38000000000001,167.81,307.60999999999996,0.19795036435465652,0.44399999999999906,23.13,equatorial
15.83,23.4,27.74,20.18,89.19,6.65,0.6,5.72,0.61,0.64,2015-09-23,Ebolowa,2015,9,266,39,39.92,89.25999999999999,171.71,313.04,0.22607813548249153,0.6713333333333331,23.4,equatorial
15.67,23.35,27.26,20.66,90.4,3.27,0.63,4.61,0.6,0.63,2015-09-24,Ebolowa,2015,9,267,39,34.68,89.9,172.5,315.2,0.23699653893336492,0.6016666666666666,23.4,equatorial
15.86,21.99,24.52,20.54,94.45,13.62,0.63,3.3,0.61,0.66,2015-09-25,Ebolowa,2015,9,268,39,45.56,100.07,181.09,327.8,0.30292163939020766,-0.7103333333333346,23.4,equatorial
13.79,22.48,26.16,19.79,92.83,12.05,0.53,4.69,0.64,0.7,2015-09-26,Ebolowa,2015,9,269,39,50.56,111.42,181.4,338.2,0.35719008736492813,-0.2203333333333326,23.4,equatorial
15.24,22.09,24.02,20.46,94.77,2.85,0.57,2.48,0.63,0.65,2015-09-27,Ebolowa,2015,9,270,39,43.18,105.54,181.60000000000002,339.78,0.364796439703847,-0.6146666666666647,23.4,equatorial
17.18,23.06,27.65,19.66,89.9,3.91,0.68,5.94,0.63,0.65,2015-09-28,Ebolowa,2015,9,271,40,44.53,94.9,182.31,342.61,0.3790160727728612,0.34166666666666146,23.4,equatorial
15.04,22.68,25.78,20.54,94.32,15.0,0.74,3.76,0.62,0.68,2015-09-29,Ebolowa,2015,9,272,40,57.349999999999994,103.25,192.27,356.53000000000003,0.4520097211429126,-0.03966666666666896,23.4,equatorial
15.72,22.35,25.7,20.32,93.91,6.48,0.74,3.7,0.64,0.68,2015-09-30,Ebolowa,2015,9,273,40,57.18,97.10000000000001,193.73,361.15000000000003,0.4755355839615487,-0.37599999999999767,23.35,equatorial
19.3,22.69,26.46,20.49,92.04,1.78,0.57,3.75,0.64,0.65,2015-10-01,Ebolowa,2015,10,274,40,55.69,90.37,191.75,362.24,0.48026683210262294,-0.06433333333333024,23.06,equatorial
14.43,22.97,26.83,20.18,90.15,3.89,0.62,4.73,0.63,0.64,2015-10-02,Ebolowa,2015,10,275,40,45.96,91.52,192.35999999999999,365.28999999999996,0.4954266054328,0.20899999999999608,23.06,equatorial
17.08,22.88,26.41,20.64,94.01,9.96,0.57,4.59,0.63,0.68,2015-10-03,Ebolowa,2015,10,276,40,43.870000000000005,94.42999999999999,198.09,373.24,0.5366735266753109,0.11833333333333229,23.06,equatorial
14.75,23.04,26.78,20.43,91.11,3.5,0.64,4.75,0.63,0.65,2015-10-04,Ebolowa,2015,10,277,40,44.52,87.69999999999999,197.26,374.73,0.5433770822110674,0.2646666666666668,23.06,equatorial
16.63,23.34,27.48,20.62,91.53,4.74,0.41,4.7,0.62,0.65,2015-10-05,Ebolowa,2015,10,278,41,45.349999999999994,89.88000000000001,199.06,377.89000000000004,0.5589923919549807,0.5526666666666671,23.34,equatorial
14.86,22.73,25.25,21.05,93.51,7.01,0.6,3.8,0.63,0.66,2015-10-06,Ebolowa,2015,10,279,41,37.36,94.71,198.35999999999999,384.26,0.5917423378041108,-0.054333333333332234,23.34,equatorial
11.55,22.59,26.52,20.29,91.7,4.87,0.51,4.88,0.63,0.65,2015-10-07,Ebolowa,2015,10,280,41,35.75,92.93,185.7,387.45000000000005,0.6073936557483998,-0.20633333333333326,23.34,equatorial
15.25,22.53,26.45,19.58,89.97,4.82,0.67,5.07,0.62,0.65,2015-10-08,Ebolowa,2015,10,281,41,38.79,94.48,188.78,383.2,0.5831405878570324,-0.266333333333332,23.34,equatorial
5.82,22.59,25.85,20.21,87.12,4.0,0.59,4.88,0.62,0.65,2015-10-09,Ebolowa,2015,10,282,41,38.9,84.86000000000001,191.01,377.78000000000003,0.5526716278753198,-0.20233333333333192,23.34,equatorial
17.1,22.87,27.67,18.75,87.5,4.56,0.67,6.35,0.61,0.63,2015-10-10,Ebolowa,2015,10,283,41,33.5,77.36999999999999,192.94,377.07,0.5475839251591205,0.08033333333333204,23.34,equatorial
15.62,22.9,26.68,20.17,90.8,7.1,0.58,4.85,0.62,0.66,2015-10-11,Ebolowa,2015,10,284,41,37.099999999999994,81.62,196.59,380.96999999999997,0.5673158106128032,0.1026666666666678,23.34,equatorial
20.62,23.75,28.22,20.05,88.54,4.66,0.81,5.86,0.61,0.63,2015-10-12,Ebolowa,2015,10,285,42,37.02,82.37,200.55,383.0,0.5769365864887773,0.9450000000000003,23.75,equatorial
14.49,22.94,25.77,20.85,94.37,7.6,0.54,3.24,0.62,0.66,2015-10-13,Ebolowa,2015,10,286,42,37.61,74.97,199.42000000000002,389.54999999999995,0.6109115974889352,0.1653333333333329,23.75,equatorial
15.02,23.69,27.6,20.61,90.95,9.4,0.48,5.69,0.62,0.67,2015-10-14,Ebolowa,2015,10,287,42,42.14,77.89,194.26999999999998,398.16,0.6559167302925055,0.88066666666667,23.75,equatorial
16.17,23.05,25.71,21.37,95.2,8.8,0.6,2.88,0.63,0.67,2015-10-15,Ebolowa,2015,10,288,42,46.120000000000005,84.91,196.42,405.90000000000003,0.6960899033016488,0.22800000000000153,23.75,equatorial
16.84,22.33,25.03,20.65,94.33,17.41,0.53,3.28,0.66,0.73,2015-10-16,Ebolowa,2015,10,289,42,59.53,98.43,201.2,421.33,0.7776715811915109,-0.4870000000000019,23.75,equatorial
13.87,23.2,27.08,20.26,92.49,8.49,0.77,5.14,0.66,0.69,2015-10-17,Ebolowa,2015,10,290,42,63.46,96.96000000000001,201.18,427.12,0.8068142163393788,0.3676666666666648,23.75,equatorial
18.03,22.46,24.36,20.69,96.94,11.78,0.7,2.62,0.67,0.72,2015-10-18,Ebolowa,2015,10,291,42,68.14,105.24000000000001,210.22,435.00000000000006,0.847129023187113,-0.3566666666666656,23.75,equatorial
16.49,22.35,24.21,21.26,96.93,5.75,0.61,2.15,0.67,0.7,2015-10-19,Ebolowa,2015,10,292,43,69.23,106.25,208.92000000000002,438.07000000000005,0.8612424690503442,-0.44299999999999784,23.69,equatorial
14.31,22.7,25.89,20.44,94.87,12.67,0.59,4.37,0.67,0.72,2015-10-20,Ebolowa,2015,10,293,43,74.3,111.91000000000001,211.35999999999999,449.94,0.9228814489822997,-0.12066666666666848,23.69,equatorial
16.41,22.57,25.68,20.42,95.54,14.75,0.5,4.24,0.69,0.74,2015-10-21,Ebolowa,2015,10,294,43,79.65,121.79,223.54999999999998,463.15999999999997,0.9914507055612464,-0.2533333333333303,23.2,equatorial
9.33,21.99,23.19,20.68,98.12,13.0,0.53,2.24,0.7,0.74,2015-10-22,Ebolowa,2015,10,295,43,83.85,129.97,234.37,475.27,1.05355373900976,-0.7953333333333319,23.2,equatorial
16.2,22.77,26.78,19.8,90.93,3.46,0.59,4.86,0.7,0.7,2015-10-23,Ebolowa,2015,10,296,43,69.9,129.43,231.18,476.68,1.0574196617209646,0.005666666666666487,23.2,equatorial
14.55,22.54,25.24,20.62,94.05,5.56,0.67,4.04,0.69,0.7,2015-10-24,Ebolowa,2015,10,297,43,66.97,130.43,233.47,477.95000000000005,1.0605124744630285,-0.19733333333333292,22.77,equatorial
11.32,23.02,26.45,20.6,90.52,2.61,0.4,4.02,0.68,0.69,2015-10-25,Ebolowa,2015,10,298,43,57.8,125.94,222.45999999999998,478.02,1.0571164791181233,0.2483333333333313,23.02,equatorial
17.05,22.49,25.23,21.0,93.69,3.3,0.55,3.01,0.67,0.68,2015-10-26,Ebolowa,2015,10,299,44,55.349999999999994,124.58,213.71,478.15999999999997,1.0541355348752601,-0.2820000000000036,23.02,equatorial
15.01,22.87,26.22,20.31,94.53,22.24,0.71,4.44,0.68,0.74,2015-10-27,Ebolowa,2015,10,300,44,64.92,139.22,233.1,491.22,1.1208833107022462,0.07199999999999918,23.02,equatorial
15.0,22.1,24.52,20.57,94.91,6.8,0.82,3.36,0.7,0.72,2015-10-28,Ebolowa,2015,10,301,44,56.97,136.62,235.98999999999998,496.64,1.1459007140756627,-0.6659999999999968,23.02,equatorial
11.43,21.87,24.83,20.14,95.27,9.77,0.67,3.66,0.7,0.72,2015-10-29,Ebolowa,2015,10,302,44,53.739999999999995,137.59,230.76,505.28,1.1880440255579436,-0.8689999999999962,23.02,equatorial
16.36,21.93,26.2,18.54,90.39,3.52,0.63,5.26,0.69,0.7,2015-10-30,Ebolowa,2015,10,303,44,53.8,123.7,227.8,506.10999999999996,1.187791550995642,-0.7950000000000017,23.02,equatorial
15.64,22.14,24.55,20.12,95.73,15.61,0.57,3.44,0.69,0.74,2015-10-31,Ebolowa,2015,10,304,44,63.849999999999994,130.82,241.63,510.99,1.2093238440998197,-0.5666666666666664,23.02,equatorial
5.52,21.91,23.65,20.6,98.2,35.01,0.51,2.11,0.73,0.82,2015-11-01,Ebolowa,2015,11,305,44,96.25,154.04999999999998,272.75,545.03,1.3870689631847395,-0.761333333333333,22.87,equatorial
18.91,21.81,25.23,19.12,93.07,14.23,0.53,4.5,0.76,0.78,2015-11-02,Ebolowa,2015,11,306,45,107.17999999999999,162.53,277.02,557.6,1.4476882615174151,-0.8256666666666703,22.87,equatorial
18.81,23.32,27.47,20.0,89.67,3.29,0.38,5.37,0.75,0.74,2015-11-03,Ebolowa,2015,11,307,45,88.23,153.15,276.80999999999995,559.04,1.4480964240026228,0.6750000000000007,23.32,equatorial
15.97,22.72,25.47,20.89,93.79,7.68,0.57,3.12,0.73,0.74,2015-11-04,Ebolowa,2015,11,308,45,89.11,146.08,279.75,564.15,1.4680558574812652,0.09566666666666634,23.32,equatorial
9.64,21.35,22.85,19.9,96.14,41.96,0.5,2.82,0.78,0.85,2015-11-05,Ebolowa,2015,11,309,45,121.3,175.04000000000002,314.7,602.7299999999999,1.66535431718854,-1.2283333333333317,23.32,equatorial
16.65,22.24,26.46,18.61,89.39,2.08,0.71,4.24,0.78,0.76,2015-11-06,Ebolowa,2015,11,310,45,119.86,173.66,311.90999999999997,601.98,1.6512992160805862,-0.326666666666668,23.32,equatorial
20.43,23.28,27.66,20.25,90.25,6.74,0.6,5.03,0.76,0.76,2015-11-07,Ebolowa,2015,11,311,45,110.99000000000001,174.84,313.83,608.56,1.6761232292736277,0.6883333333333361,23.32,equatorial
15.46,22.89,26.19,20.78,90.25,13.81,0.66,4.0,0.76,0.78,2015-11-08,Ebolowa,2015,11,312,45,89.79,186.04000000000002,323.64,622.3399999999999,1.7382928401662783,0.288333333333334,23.32,equatorial
19.51,23.16,26.89,19.81,88.28,9.47,0.62,4.92,0.76,0.77,2015-11-09,Ebolowa,2015,11,313,46,85.03,192.21,328.54999999999995,631.65,1.7758662343145666,0.5486666666666693,23.32,equatorial
11.91,22.81,26.0,20.47,90.36,9.5,0.75,4.45,0.76,0.77,2015-11-10,Ebolowa,2015,11,314,46,91.24000000000001,179.47,330.95,641.12,1.8135019735856353,0.20166666666666444,23.28,equatorial
18.09,23.1,27.32,19.89,89.06,6.42,0.81,5.0,0.75,0.75,2015-11-11,Ebolowa,2015,11,315,46,89.98,179.09,332.71,647.5200000000001,1.834416775030131,0.5133333333333354,23.28,equatorial
18.44,23.58,27.94,20.32,87.42,2.91,0.91,6.05,0.74,0.73,2015-11-12,Ebolowa,2015,11,316,46,50.93,172.23,328.02000000000004,648.46,1.8266725271790845,0.9719999999999978,23.58,equatorial
10.89,23.62,27.32,20.7,90.61,6.12,0.85,5.06,0.72,0.73,2015-11-13,Ebolowa,2015,11,317,46,54.970000000000006,174.82999999999998,324.74,646.5500000000001,1.8044101679584768,1.0143333333333366,23.62,equatorial
6.83,23.8,28.04,20.75,88.83,4.14,0.77,5.72,0.72,0.73,2015-11-14,Ebolowa,2015,11,318,46,52.370000000000005,163.36,320.08,646.66,1.792962906799977,1.1693333333333307,23.8,equatorial
16.93,23.52,27.72,20.99,89.05,3.64,0.84,5.71,0.71,0.72,2015-11-15,Ebolowa,2015,11,319,46,42.199999999999996,131.99,306.31,647.0,1.7829178901901177,0.8496666666666641,23.8,equatorial
13.05,23.18,27.65,19.53,86.44,1.95,0.63,5.08,0.71,0.71,2015-11-16,Ebolowa,2015,11,320,47,34.68,119.71000000000001,299.77,647.0400000000001,1.7715388215139125,0.5103333333333318,23.8,equatorial
16.33,23.01,26.76,20.37,89.23,0.43,0.59,3.51,0.7,0.7,2015-11-17,Ebolowa,2015,11,321,47,25.61,116.85000000000001,288.42,646.99,1.7599214148013844,0.32200000000000273,23.8,equatorial
17.43,23.83,27.86,20.29,82.89,0.45,0.73,6.05,0.69,0.69,2015-11-18,Ebolowa,2015,11,322,47,19.639999999999997,109.62,283.12,646.96,1.7486262124844285,1.0926666666666662,23.83,equatorial
18.7,23.53,27.27,19.72,86.81,0.6,0.62,4.34,0.68,0.68,2015-11-19,Ebolowa,2015,11,323,47,17.33,68.26,271.05,646.8100000000001,1.7369367798220086,0.7650000000000041,23.83,equatorial
12.44,23.57,27.09,21.43,88.56,0.59,0.52,3.63,0.68,0.68,2015-11-20,Ebolowa,2015,11,324,47,11.8,66.77,256.89,646.8399999999999,1.7263705461673633,0.7716666666666647,23.83,equatorial
9.7,23.82,27.95,20.53,86.75,0.51,0.61,4.96,0.67,0.67,2015-11-21,Ebolowa,2015,11,325,47,8.17,60.54,244.4,646.5799999999999,1.7145411284567496,0.9606666666666683,23.83,equatorial
15.55,23.25,27.07,21.04,90.22,1.72,0.63,3.78,0.67,0.68,2015-11-22,Ebolowa,2015,11,326,47,6.25,48.449999999999996,242.66,645.55,1.6990682912881097,0.37466666666666626,23.83,equatorial
15.34,23.58,27.66,20.6,90.34,5.04,0.7,4.77,0.67,0.69,2015-11-23,Ebolowa,2015,11,327,48,9.34,44.019999999999996,242.14,648.1099999999999,1.7018012511187288,0.6699999999999982,23.83,equatorial
10.4,23.48,27.0,21.01,90.87,3.58,0.73,4.34,0.67,0.69,2015-11-24,Ebolowa,2015,11,328,48,12.49,38.1,243.11,646.66,1.6845154023986066,0.554666666666666,23.83,equatorial
13.41,23.78,28.37,20.3,86.76,1.33,0.74,5.5,0.67,0.67,2015-11-25,Ebolowa,2015,11,329,48,13.37,33.01,241.14,636.25,1.6229935391891115,0.811666666666671,23.82,equatorial
18.37,23.96,28.54,20.71,86.57,1.16,0.78,5.57,0.66,0.66,2015-11-26,Ebolowa,2015,11,330,48,13.93,31.26,220.06,634.76,1.6066999008431004,0.9553333333333356,23.96,equatorial
17.66,23.69,28.15,20.2,86.26,0.32,0.72,5.12,0.65,0.66,2015-11-27,Ebolowa,2015,11,331,48,13.66,25.46,213.58,631.8800000000001,1.5837831654370673,0.6323333333333352,23.96,equatorial
15.57,23.95,28.23,19.97,81.48,0.22,0.69,5.57,0.65,0.65,2015-11-28,Ebolowa,2015,11,332,48,13.37,21.54,204.03,627.06,1.5516293217051518,0.8229999999999968,23.96,equatorial
15.79,23.35,27.42,19.85,82.06,0.41,0.61,4.54,0.64,0.65,2015-11-29,Ebolowa,2015,11,333,48,12.059999999999999,18.31,200.92,622.45,1.5209774510051368,0.1756666666666682,23.96,equatorial
17.89,23.67,28.54,19.7,84.92,0.31,0.82,5.05,0.64,0.64,2015-11-30,Ebolowa,2015,11,334,49,7.33,16.669999999999998,185.62,619.0,1.4964664770377059,0.4446666666666701,23.96,equatorial
16.75,24.03,28.53,20.34,85.01,0.26,0.65,4.64,0.63,0.63,2015-12-01,Ebolowa,2015,12,335,49,4.01,16.5,150.87,615.98,1.4744029714561364,0.7340000000000018,24.03,equatorial
12.08,23.08,26.6,20.59,85.82,3.25,0.69,3.9,0.63,0.65,2015-12-02,Ebolowa,2015,12,336,49,5.93,19.3,139.89,615.0,1.4626484242073476,-0.25833333333333286,24.03,equatorial
16.4,23.13,27.28,19.63,83.07,0.73,0.83,4.37,0.63,0.64,2015-12-03,Ebolowa,2015,12,337,49,5.5,19.43,137.33,611.4,1.4382053175461391,-0.20200000000000173,24.03,equatorial
17.27,22.66,25.58,19.97,86.7,1.01,0.67,2.63,0.63,0.64,2015-12-04,Ebolowa,2015,12,338,49,6.19,19.849999999999998,130.66,609.47,1.4222453635473364,-0.6699999999999982,24.03,equatorial
16.58,23.14,27.02,19.89,83.4,0.68,0.78,4.17,0.63,0.63,2015-12-05,Ebolowa,2015,12,339,49,6.6499999999999995,20.02,89.38,602.4399999999999,1.3815391488961788,-0.2496666666666627,24.03,equatorial
16.65,23.24,27.83,19.02,79.22,0.36,0.89,4.77,0.63,0.63,2015-12-06,Ebolowa,2015,12,340,49,6.6000000000000005,18.66,87.66,585.27,1.2917141140178625,-0.18299999999999983,24.03,equatorial
21.26,22.94,28.04,18.47,77.59,0.17,1.1,5.64,0.62,0.62,2015-12-07,Ebolowa,2015,12,341,50,6.46,13.79,81.08999999999999,583.7,1.2789993878520731,-0.47166666666666757,24.03,equatorial
21.49,23.51,28.52,18.68,73.69,0.19,0.86,5.62,0.61,0.61,2015-12-08,Ebolowa,2015,12,342,50,6.39,10.4,67.47,582.12,1.266366773105761,0.07766666666666566,23.51,equatorial
18.61,23.9,28.57,19.58,76.99,1.08,0.73,4.71,0.61,0.61,2015-12-09,Ebolowa,2015,12,343,50,4.220000000000001,10.15,59.08,580.57,1.2540079369502577,0.44299999999999784,23.9,equatorial
19.41,23.46,28.53,19.31,75.85,0.63,0.99,5.31,0.6,0.61,2015-12-10,Ebolowa,2015,12,344,50,4.12,9.62,50.21,577.75,1.2355787902175088,-0.01866666666666461,23.9,equatorial
19.28,23.03,28.44,17.41,71.13,0.38,1.0,5.32,0.6,0.6,2015-12-11,Ebolowa,2015,12,345,50,3.49,9.68,44.169999999999995,577.43,1.2295040150235117,-0.4463333333333317,23.9,equatorial
20.95,22.86,28.56,18.19,75.69,2.29,0.92,5.1,0.6,0.61,2015-12-12,Ebolowa,2015,12,346,50,5.1,11.75,43.550000000000004,570.99,1.193685199217321,-0.592333333333336,23.9,equatorial
17.83,22.28,27.62,18.3,79.93,3.36,0.84,4.38,0.6,0.62,2015-12-13,Ebolowa,2015,12,347,50,8.1,14.700000000000001,40.79,559.8,1.135029268006671,-1.1276666666666664,23.9,equatorial
18.89,21.2,25.74,18.24,83.09,4.41,0.9,3.95,0.6,0.62,2015-12-14,Ebolowa,2015,12,348,51,12.34,18.8,41.06,557.56,1.1203959826743584,-2.121000000000002,23.9,equatorial
20.23,21.65,27.97,15.11,73.33,1.6,1.14,5.22,0.6,0.61,2015-12-15,Ebolowa,2015,12,349,51,13.75,20.14,39.02,546.53,1.0630708299399247,-1.608666666666668,23.9,equatorial
19.78,21.53,27.95,16.34,77.37,2.4,0.93,4.94,0.6,0.61,2015-12-16,Ebolowa,2015,12,350,51,15.07,19.29,39.47,540.42,1.0300807024760033,-1.6736666666666657,23.46,equatorial
15.67,22.15,27.82,17.54,76.69,0.19,0.7,4.42,0.6,0.6,2015-12-17,Ebolowa,2015,12,351,51,14.629999999999999,18.750000000000004,39.230000000000004,537.87,1.0146387469190696,-1.0250000000000021,23.03,equatorial
15.63,22.85,27.78,19.03,82.48,0.11,0.71,3.51,0.59,0.59,2015-12-18,Ebolowa,2015,12,352,51,14.360000000000001,17.85,38.89,530.9300000000001,0.977903768565325,-0.2923333333333318,22.86,equatorial
16.92,23.44,28.6,19.65,79.91,0.05,0.63,3.86,0.59,0.59,2015-12-19,Ebolowa,2015,12,353,51,12.12,17.220000000000002,38.34,520.75,0.9255750982579554,0.30066666666666464,23.44,equatorial
18.7,23.6,29.18,19.59,79.68,0.06,0.74,4.14,0.59,0.59,2015-12-20,Ebolowa,2015,12,354,51,8.82,16.92,37.81,518.25,0.9109588527842517,0.4596666666666671,23.6,equatorial
19.88,23.6,29.26,19.18,76.22,0.04,0.93,4.37,0.58,0.58,2015-12-21,Ebolowa,2015,12,355,52,4.45,16.79,37.34,516.11,0.898173901322408,0.4670000000000023,23.6,equatorial
20.12,23.1,29.38,17.57,72.08,0.21,0.9,5.13,0.58,0.58,2015-12-22,Ebolowa,2015,12,356,52,3.06,16.810000000000002,35.830000000000005,509.66999999999996,0.8644649102622104,-0.027999999999998693,23.6,equatorial
20.67,22.69,29.3,16.55,69.39,0.24,0.9,5.06,0.57,0.57,2015-12-23,Ebolowa,2015,12,357,52,0.9,15.97,31.03,506.64,0.8475548763399938,-0.408333333333335,23.6,equatorial
20.24,23.04,29.02,17.48,70.68,0.56,1.01,4.8,0.57,0.57,2015-12-24,Ebolowa,2015,12,358,52,1.27,15.900000000000002,28.01,493.58,0.7816995415861849,-0.04366666666666674,23.6,equatorial
20.83,23.0,29.64,17.51,69.85,0.23,1.16,4.83,0.57,0.56,2015-12-25,Ebolowa,2015,12,359,52,1.3900000000000001,15.75,26.91,481.76,0.7221278440905257,-0.05766666666666609,23.6,equatorial
21.85,22.95,29.74,17.01,69.99,0.19,1.03,4.44,0.56,0.56,2015-12-26,Ebolowa,2015,12,360,52,1.53,13.650000000000002,25.94,479.1,0.7075800879056001,-0.07400000000000162,23.6,equatorial
20.58,23.73,30.41,17.92,71.37,0.06,0.85,4.36,0.56,0.56,2015-12-27,Ebolowa,2015,12,361,52,1.53,10.35,25.68,475.25,0.6872459030624452,0.7046666666666681,23.73,equatorial
17.36,23.94,30.59,18.16,74.38,0.13,0.82,4.23,0.56,0.55,2015-12-28,Ebolowa,2015,12,362,53,1.62,6.07,25.59,460.38,0.6129124125136122,0.9150000000000027,23.94,equatorial
19.19,24.14,29.77,20.63,79.5,0.38,0.81,3.53,0.55,0.55,2015-12-29,Ebolowa,2015,12,363,53,1.79,4.8500000000000005,25.560000000000002,454.28,0.5817975793874183,1.0886666666666684,24.14,equatorial
19.16,24.1,30.08,19.91,77.88,0.21,0.83,3.89,0.55,0.55,2015-12-30,Ebolowa,2015,12,364,53,1.76,2.66,25.46,452.71,0.5730117706215232,1.0343333333333327,24.14,equatorial
17.23,24.21,29.79,20.19,79.94,0.23,0.74,3.34,0.55,0.55,2015-12-31,Ebolowa,2015,12,365,53,1.43,2.7,25.43,449.05,0.5539612199353506,1.1383333333333319,24.21,equatorial
17.05,24.46,30.24,20.44,82.01,1.22,0.66,3.67,0.55,0.56,2016-01-01,Ebolowa,2016,1,1,53,2.42,3.8100000000000005,23.400000000000002,440.31,0.509920346540348,1.342333333333336,24.46,equatorial
17.67,24.5,30.51,20.17,73.39,0.22,0.86,4.44,0.55,0.55,2016-01-02,Ebolowa,2016,1,2,53,2.45,3.98,22.89,437.03,0.4928703723658064,1.336666666666666,24.5,equatorial
17.28,24.58,30.8,20.08,70.76,0.42,0.91,4.2,0.55,0.54,2016-01-03,Ebolowa,2016,1,3,53,2.81,4.34,22.300000000000004,432.71,0.4707105433822523,1.3526666666666642,24.58,equatorial
20.76,24.4,30.8,18.68,70.67,0.43,0.96,4.16,0.54,0.54,2016-01-04,Ebolowa,2016,1,4,1,3.11,4.7299999999999995,22.05,426.13,0.4374076278530322,1.130666666666663,24.58,equatorial
19.05,24.81,31.05,20.07,74.93,0.89,0.7,4.01,0.54,0.54,2016-01-05,Ebolowa,2016,1,5,1,3.6199999999999997,5.41,22.58,422.15,0.4170077271857448,1.4883333333333297,24.81,equatorial
19.16,25.29,31.47,21.0,77.52,0.45,0.77,3.85,0.54,0.54,2016-01-06,Ebolowa,2016,1,6,1,3.86,5.62,22.860000000000003,417.78,0.39469620092003066,1.8900000000000006,25.29,equatorial
18.12,25.74,31.89,21.22,72.98,0.19,0.83,4.03,0.54,0.54,2016-01-07,Ebolowa,2016,1,7,1,3.82,5.25,22.86,413.96999999999997,0.37518299829913415,2.2656666666666645,25.74,equatorial
19.25,25.72,31.81,21.37,75.95,0.22,0.9,3.68,0.54,0.53,2016-01-08,Ebolowa,2016,1,8,1,2.82,5.239999999999999,22.000000000000004,409.63,0.35305345701448687,2.1849999999999987,25.74,equatorial
18.03,25.3,30.77,21.43,79.28,0.42,1.03,3.21,0.54,0.53,2016-01-09,Ebolowa,2016,1,9,1,3.0199999999999996,5.470000000000001,21.79,402.95000000000005,0.31930209931512177,1.7036666666666669,25.74,equatorial
19.39,25.16,31.18,20.55,76.08,0.16,1.0,3.54,0.53,0.53,2016-01-10,Ebolowa,2016,1,10,1,2.76,5.569999999999999,21.57,398.45,0.29642532717185505,1.4926666666666684,25.74,equatorial
18.44,25.05,31.28,20.88,78.51,1.25,0.74,3.43,0.53,0.54,2016-01-11,Ebolowa,2016,1,11,2,3.58,6.6899999999999995,20.53,392.1,0.2643356459842739,1.309666666666665,25.74,equatorial
18.67,25.48,32.04,21.32,76.92,1.49,0.61,4.17,0.53,0.54,2016-01-12,Ebolowa,2016,1,12,2,4.18,7.8,18.660000000000004,384.19,0.2244691996599227,1.6330000000000027,25.74,equatorial
18.36,25.47,31.45,21.76,79.94,3.04,0.7,3.89,0.53,0.55,2016-01-13,Ebolowa,2016,1,13,2,6.77,10.629999999999999,17.29,378.43,0.19536179206263377,1.480666666666668,25.74,equatorial
17.23,25.15,31.26,21.41,81.36,4.58,0.87,3.94,0.54,0.57,2016-01-14,Ebolowa,2016,1,14,2,11.16,14.98,20.27,365.6,0.13086678393186532,1.0440000000000005,25.72,equatorial
16.94,25.2,31.38,21.3,81.19,4.79,0.81,4.0,0.54,0.57,2016-01-15,Ebolowa,2016,1,15,2,15.73,18.55,22.659999999999997,361.9,0.11214441234477097,0.971666666666664,25.48,equatorial
17.27,24.79,29.99,21.34,79.32,0.41,0.95,2.92,0.55,0.56,2016-01-16,Ebolowa,2016,1,16,2,15.719999999999999,18.74,22.88,350.53,0.05492320672915124,0.47366666666666646,25.48,equatorial
16.88,24.56,30.12,21.03,77.77,0.05,0.95,2.9,0.54,0.54,2016-01-17,Ebolowa,2016,1,17,2,15.61,18.37,22.82,344.83,0.02620138026948949,0.18666666666666387,25.48,equatorial
16.47,24.69,31.12,19.7,76.38,0.01,0.79,3.29,0.54,0.54,2016-01-18,Ebolowa,2016,1,18,3,14.37,17.95,22.78,332.17,-0.03754980240238176,0.27500000000000213,25.48,equatorial
19.15,25.12,31.21,20.45,75.87,0.04,0.92,3.43,0.54,0.53,2016-01-19,Ebolowa,2016,1,19,3,12.92,17.1,22.76,317.46000000000004,-0.11163104957051874,0.6543333333333372,25.47,equatorial
18.87,25.24,31.43,20.96,75.45,0.02,0.81,3.42,0.53,0.53,2016-01-20,Ebolowa,2016,1,20,3,9.9,16.67,22.74,304.48,-0.17697727102009334,0.7196666666666651,25.24,equatorial
17.93,25.21,31.54,20.72,76.01,0.31,0.87,3.44,0.53,0.53,2016-01-21,Ebolowa,2016,1,21,3,5.63,16.79,22.840000000000003,301.33,-0.19265446181106696,0.6193333333333335,25.24,equatorial
16.47,25.36,31.38,20.99,76.94,0.44,0.93,3.5,0.53,0.53,2016-01-22,Ebolowa,2016,1,22,3,1.28,17.01,23.04,296.21,-0.21829370178687904,0.6803333333333335,25.36,equatorial
14.92,24.52,29.69,20.95,78.36,0.24,0.86,2.65,0.53,0.53,2016-01-23,Ebolowa,2016,1,23,3,1.11,16.83,22.720000000000002,293.84000000000003,-0.23000144743068587,-0.20899999999999963,25.36,equatorial
16.26,24.7,30.4,20.53,76.35,0.16,0.75,2.91,0.53,0.52,2016-01-24,Ebolowa,2016,1,24,3,1.22,16.83,22.650000000000002,290.7,-0.2456111817146428,-0.08566666666666478,25.36,equatorial
15.82,24.83,30.9,20.75,75.32,0.32,0.75,3.24,0.52,0.52,2016-01-25,Ebolowa,2016,1,25,4,1.53,15.9,22.78,268.78,-0.3565369919895155,-0.018333333333334423,25.36,equatorial
17.78,24.22,30.71,20.19,72.45,0.73,0.84,3.61,0.52,0.52,2016-01-26,Ebolowa,2016,1,26,4,2.2199999999999998,15.14,23.45,262.71,-0.3868625804229619,-0.6446666666666694,25.36,equatorial
20.06,24.09,30.22,19.86,73.44,1.3,0.76,3.22,0.52,0.53,2016-01-27,Ebolowa,2016,1,27,4,3.5,13.4,24.62,254.24,-0.42937049566030033,-0.7796666666666674,25.36,equatorial
21.1,24.94,31.23,20.16,68.28,0.61,0.79,3.34,0.52,0.52,2016-01-28,Ebolowa,2016,1,28,4,3.8,9.430000000000001,24.849999999999998,251.32999999999998,-0.44353750391510477,0.04366666666666674,25.36,equatorial
22.14,23.76,31.06,17.14,59.68,0.14,1.14,3.69,0.52,0.51,2016-01-29,Ebolowa,2016,1,29,4,3.5,4.78,24.78,235.86,-0.521681494325872,-1.1249999999999964,24.94,equatorial
21.17,23.62,31.27,18.22,62.17,0.2,0.9,3.83,0.52,0.51,2016-01-30,Ebolowa,2016,1,30,4,3.4600000000000004,4.57,24.75,201.05,-0.698262401379671,-1.2453333333333312,24.94,equatorial
19.38,23.9,31.23,18.4,73.45,0.41,0.84,3.17,0.51,0.51,2016-01-31,Ebolowa,2016,1,31,4,3.71,4.93,23.939999999999998,187.23,-0.7673929829714459,-0.946666666666669,24.94,equatorial
20.44,24.18,30.88,19.13,76.13,0.56,0.81,2.98,0.51,0.51,2016-02-01,Ebolowa,2016,2,32,5,3.9499999999999997,5.48,24.28,184.5,-0.7797780251855684,-0.6560000000000024,24.94,equatorial
20.49,24.67,31.94,19.79,75.04,0.56,0.74,3.23,0.51,0.51,2016-02-02,Ebolowa,2016,2,33,5,3.78,6.0,24.419999999999998,177.38,-0.8145191049375434,-0.16899999999999693,24.94,equatorial
18.22,25.18,31.71,20.74,76.51,0.85,0.85,3.06,0.51,0.51,2016-02-03,Ebolowa,2016,2,34,5,3.33,6.83,24.84,136.26999999999998,-1.022421792074705,0.3149999999999977,25.18,equatorial
17.36,25.67,32.58,20.99,77.29,1.55,0.85,3.37,0.51,0.51,2016-02-04,Ebolowa,2016,2,35,5,4.2700000000000005,8.07,25.5,135.74,-1.022511180528196,0.7763333333333371,25.67,equatorial
18.37,25.76,32.09,21.55,77.29,1.2,1.0,3.1,0.51,0.51,2016-02-05,Ebolowa,2016,2,36,5,5.33,8.83,26.25,130.2,-1.048125589870493,0.8506666666666689,25.76,equatorial
17.43,25.38,31.33,21.57,77.32,1.11,1.02,2.98,0.51,0.51,2016-02-06,Ebolowa,2016,2,37,5,6.24,9.7,27.17,117.5,-1.1100533606796215,0.4826666666666668,25.76,equatorial
17.42,24.3,28.99,21.22,80.1,0.57,0.86,2.08,0.51,0.51,2016-02-07,Ebolowa,2016,2,38,5,6.4,10.11,27.52,108.6,-1.1522641636844735,-0.5500000000000007,25.76,equatorial
16.56,25.27,31.68,20.9,77.49,0.9,1.04,3.14,0.51,0.51,2016-02-08,Ebolowa,2016,2,39,6,6.74,10.69,28.0,100.0,-1.192671167102129,0.4209999999999994,25.76,equatorial
17.5,25.32,31.17,20.99,77.06,0.77,0.97,2.95,0.51,0.51,2016-02-09,Ebolowa,2016,2,40,6,6.95,10.73,28.61,94.35,-1.217810848720565,0.46566666666666734,25.76,equatorial
16.86,25.45,31.39,21.68,73.47,0.08,0.82,2.73,0.51,0.5,2016-02-10,Ebolowa,2016,2,41,6,6.18,9.51,27.44,91.52,-1.228458064007255,0.5823333333333345,25.76,equatorial
15.08,24.89,29.79,21.63,75.07,0.08,0.92,2.25,0.51,0.5,2016-02-11,Ebolowa,2016,2,42,6,4.71,8.98,26.03,85.48,-1.2553126270349093,0.04199999999999804,25.76,equatorial
15.45,24.76,30.43,20.83,76.33,0.13,1.06,2.41,0.51,0.5,2016-02-12,Ebolowa,2016,2,43,6,3.64,8.97,23.12,81.47,-1.2716774086325504,-0.0643333333333338,25.45,equatorial
14.16,24.79,30.61,20.57,74.86,0.07,1.06,2.36,0.51,0.5,2016-02-13,Ebolowa,2016,2,44,6,2.6,8.84,18.61,77.89999999999999,-1.2856906362906633,-0.02233333333333576,25.45,equatorial
15.87,25.09,30.74,21.12,74.62,0.05,1.17,2.5,0.5,0.5,2016-02-14,Ebolowa,2016,2,45,6,2.08,8.48,13.870000000000001,76.0,-1.2911495953434147,0.28133333333333255,25.45,equatorial
17.8,25.7,32.26,21.12,73.13,0.07,0.91,2.8,0.5,0.5,2016-02-15,Ebolowa,2016,2,46,7,1.25,7.99,13.53,75.64,-1.2887875142225913,0.8609999999999971,25.7,equatorial
16.15,26.02,32.37,21.55,73.91,0.24,0.89,2.72,0.5,0.49,2016-02-16,Ebolowa,2016,2,47,7,0.72,7.670000000000001,13.719999999999999,75.42999999999999,-1.2856937141371865,1.1323333333333316,26.02,equatorial
16.19,26.01,32.34,21.65,75.01,0.27,1.04,2.55,0.5,0.49,2016-02-17,Ebolowa,2016,2,48,7,0.9100000000000001,7.09,13.98,75.10000000000001,-1.2832370317505717,1.0783333333333331,26.02,equatorial
17.77,25.8,31.45,21.8,76.29,0.56,1.09,2.58,0.5,0.49,2016-02-18,Ebolowa,2016,2,49,7,1.3900000000000001,6.1,14.5,75.07000000000001,-1.279293783070633,0.8456666666666663,26.02,equatorial
17.32,26.12,32.22,21.55,73.57,0.18,1.18,2.81,0.5,0.49,2016-02-19,Ebolowa,2016,2,50,7,1.4400000000000002,5.08,14.66,74.74,-1.2769000766141583,1.136333333333333,26.12,equatorial
16.27,26.48,33.04,22.07,74.04,0.13,1.12,2.75,0.5,0.49,2016-02-20,Ebolowa,2016,2,51,7,1.5000000000000002,4.1,14.48,73.14999999999999,-1.2808762997006522,1.4540000000000006,26.48,equatorial
16.33,26.37,32.04,22.33,74.78,0.23,0.85,2.34,0.49,0.49,2016-02-21,Ebolowa,2016,2,52,7,1.6800000000000002,3.7600000000000002,14.270000000000001,68.34,-1.3010267553799144,1.310333333333336,26.48,equatorial
17.75,26.75,33.13,22.53,73.27,0.21,1.15,2.79,0.49,0.49,2016-02-22,Ebolowa,2016,2,53,8,1.82,3.0700000000000003,14.24,64.97000000000001,-1.313781649495628,1.6159999999999997,26.75,equatorial
16.22,26.89,33.31,22.48,74.03,0.11,1.03,2.64,0.49,0.48,2016-02-23,Ebolowa,2016,2,54,8,1.6900000000000002,2.4099999999999997,14.190000000000001,63.75,-1.3156418948024697,1.6829999999999998,26.89,equatorial
16.61,26.24,30.89,23.09,73.84,0.12,0.89,2.18,0.49,0.48,2016-02-24,Ebolowa,2016,2,55,8,1.54,2.45,13.99,62.71000000000001,-1.316590201633095,0.9859999999999971,26.89,equatorial
15.55,26.36,32.41,22.15,73.29,0.24,0.76,2.5,0.49,0.48,2016-02-25,Ebolowa,2016,2,56,8,1.22,2.6100000000000003,13.5,62.63,-1.312725051873692,1.0346666666666664,26.89,equatorial
16.03,25.22,29.08,22.75,78.22,0.06,0.86,1.48,0.49,0.49,2016-02-26,Ebolowa,2016,2,57,8,1.1,2.54,12.260000000000002,62.47,-1.309298576359162,-0.14300000000000068,26.89,equatorial
17.21,26.85,33.6,21.91,72.1,0.04,0.88,2.79,0.49,0.48,2016-02-27,Ebolowa,2016,2,58,8,1.01,2.51,11.69,62.1,-1.3069572251436175,1.423333333333332,26.89,equatorial
17.61,27.16,33.46,23.11,72.84,0.12,1.05,2.63,0.49,0.48,2016-02-28,Ebolowa,2016,2,59,8,0.8999999999999999,2.58,11.670000000000002,61.91,-1.3037410409454857,1.6199999999999974,27.16,equatorial
16.56,27.22,33.67,22.68,71.41,0.24,0.84,2.63,0.49,0.48,2016-02-29,Ebolowa,2016,2,60,9,0.9299999999999999,2.75,11.709999999999999,61.89,-1.2997075213078866,1.5599999999999952,27.22,equatorial
12.77,25.0,28.14,22.81,85.96,2.81,0.84,1.8,0.49,0.51,2016-03-01,Ebolowa,2016,3,61,9,3.63,5.32,14.11,61.45,-1.297809252522667,-0.696666666666669,27.22,equatorial
16.81,24.83,30.26,21.36,83.15,4.94,1.0,2.63,0.49,0.52,2016-03-02,Ebolowa,2016,3,62,9,8.45,9.99,18.490000000000002,65.66000000000001,-1.2727319673301059,-0.8883333333333319,27.22,equatorial
8.95,24.38,27.91,22.1,87.14,2.63,0.72,2.38,0.5,0.54,2016-03-03,Ebolowa,2016,3,63,9,10.84,12.059999999999999,20.56,67.28,-1.260764991309137,-1.3286666666666669,27.22,equatorial
20.25,24.87,30.07,22.19,86.46,5.56,0.8,2.84,0.51,0.55,2016-03-04,Ebolowa,2016,3,64,9,16.34,17.439999999999998,25.270000000000003,72.16000000000001,-1.2326438063502867,-0.8283333333333296,27.22,equatorial
7.66,23.75,26.74,22.31,93.22,19.58,0.83,2.17,0.53,0.64,2016-03-05,Ebolowa,2016,3,65,9,35.879999999999995,36.89,43.3,91.38000000000001,-1.133249512570577,-1.884333333333334,27.22,equatorial
12.01,24.65,30.03,21.63,86.84,7.86,0.7,4.45,0.56,0.63,2016-03-06,Ebolowa,2016,3,66,9,43.620000000000005,44.52,49.96,99.07000000000001,-1.0919156657974196,-0.9473333333333329,27.22,equatorial
13.3,25.05,30.23,21.82,86.05,4.3,0.64,4.08,0.56,0.59,2016-03-07,Ebolowa,2016,3,67,10,47.68,48.61,53.15,103.18,-1.068659508592544,-0.5363333333333351,25.05,equatorial
18.82,23.2,25.4,21.43,93.54,3.36,0.77,1.8,0.57,0.61,2016-03-08,Ebolowa,2016,3,68,10,48.23,51.86,55.94,105.46,-1.0546534578567324,-2.349666666666664,25.05,equatorial
15.73,23.82,28.65,20.06,86.8,3.55,0.73,3.42,0.57,0.59,2016-03-09,Ebolowa,2016,3,69,10,46.839999999999996,55.28999999999999,58.589999999999996,108.38,-1.0375336850358468,-1.6813333333333311,25.05,equatorial
15.23,24.47,28.97,21.67,87.57,4.36,0.83,3.63,0.57,0.6,2016-03-10,Ebolowa,2016,3,70,10,48.56999999999999,59.41,62.18000000000001,112.36,-1.0152185278574155,-1.0030000000000037,25.05,equatorial
18.59,24.92,30.63,21.19,83.16,2.1,0.71,4.64,0.56,0.58,2016-03-11,Ebolowa,2016,3,71,10,45.11,61.449999999999996,64.2,112.17,-1.0138043672078954,-0.5353333333333303,25.05,equatorial
17.03,25.29,31.01,21.31,83.49,2.29,0.78,4.56,0.56,0.57,2016-03-12,Ebolowa,2016,3,72,10,27.82,63.699999999999996,66.41,111.1,-1.0167894239278243,-0.17866666666666475,25.29,equatorial
17.44,23.74,26.24,22.12,92.99,13.24,0.77,2.62,0.56,0.63,2016-03-13,Ebolowa,2016,3,73,10,33.2,76.82,79.52000000000001,119.93,-0.9704041777498447,-1.6946666666666665,25.29,equatorial
18.12,24.69,29.5,21.5,87.31,2.53,0.67,3.95,0.58,0.6,2016-03-14,Ebolowa,2016,3,74,11,31.43,79.11,81.98,120.86,-0.9636222727664321,-0.7413333333333334,25.29,equatorial
11.1,24.1,27.46,21.77,90.54,3.49,0.61,2.65,0.57,0.6,2016-03-15,Ebolowa,2016,3,75,11,31.560000000000002,79.78999999999999,85.42,121.95,-0.9560757954215015,-1.298333333333332,25.29,equatorial
14.11,24.82,29.38,21.94,86.91,1.69,0.5,3.72,0.57,0.59,2016-03-16,Ebolowa,2016,3,76,11,29.7,76.54,87.04,123.45,-0.9465199472760103,-0.5489999999999959,25.29,equatorial
18.47,25.52,30.53,21.73,84.49,0.92,0.59,4.31,0.56,0.57,2016-03-17,Ebolowa,2016,3,77,11,26.26,74.82999999999998,87.72,124.26,-0.9404504735900717,0.16766666666666907,25.52,equatorial
13.86,25.03,28.67,22.85,88.53,1.89,0.62,2.88,0.56,0.57,2016-03-18,Ebolowa,2016,3,78,11,26.05,71.16,89.34,126.1,-0.9292694845262418,-0.2896666666666654,25.52,equatorial
14.2,24.38,27.49,22.47,90.95,2.94,0.6,2.41,0.56,0.58,2016-03-19,Ebolowa,2016,3,79,11,26.7,54.519999999999996,91.72,128.98000000000002,-0.9129446411940242,-0.8923333333333368,25.52,equatorial
12.93,23.72,27.04,21.52,92.2,4.37,0.59,2.94,0.56,0.6,2016-03-20,Ebolowa,2016,3,80,11,17.83,51.03,95.91000000000001,133.31,-0.889443938540964,-1.472333333333335,25.52,equatorial
12.03,24.99,29.75,21.96,86.62,1.11,0.45,3.59,0.56,0.57,2016-03-21,Ebolowa,2016,3,81,12,16.41,47.84,96.89,134.21,-0.883164143327737,-0.1526666666666685,25.52,equatorial
18.25,25.47,29.9,22.24,86.38,2.52,0.54,3.88,0.55,0.57,2016-03-22,Ebolowa,2016,3,82,12,15.440000000000001,46.99999999999999,99.18,136.49,-0.8700149854878011,0.35733333333333306,25.52,equatorial
19.36,24.93,29.37,22.45,90.39,8.08,0.79,3.83,0.55,0.6,2016-03-23,Ebolowa,2016,3,83,12,21.83,51.53,107.05,144.01,-0.8307190822765155,-0.12199999999999989,25.52,equatorial
16.06,24.2,27.51,22.17,92.91,13.83,0.67,3.5,0.57,0.65,2016-03-24,Ebolowa,2016,3,84,12,34.74,61.0,120.77,157.61,-0.7611278382062024,-0.7623333333333342,25.47,equatorial
12.97,23.47,25.67,21.99,93.84,13.37,0.8,2.83,0.6,0.67,2016-03-25,Ebolowa,2016,3,85,12,46.22,72.27,134.01999999999998,170.79000000000002,-0.6938107064636313,-1.4000000000000021,25.47,equatorial
20.66,24.46,29.4,20.7,84.49,0.78,0.52,4.98,0.6,0.6,2016-03-26,Ebolowa,2016,3,86,12,44.06,70.76,134.56,171.51,-0.6890651649553281,-0.34666666666666757,25.47,equatorial
18.09,24.92,29.16,21.72,89.48,9.79,0.59,4.71,0.59,0.63,2016-03-27,Ebolowa,2016,3,87,12,49.48,67.30999999999999,144.29000000000002,181.17000000000002,-0.6395104547667748,0.12333333333333485,25.47,equatorial
15.08,24.32,26.76,22.55,95.77,11.25,0.52,2.45,0.6,0.67,2016-03-28,Ebolowa,2016,3,88,13,59.62,76.02999999999999,155.5,192.04000000000002,-0.5839705915349954,-0.39233333333332965,25.47,equatorial
4.73,24.68,27.85,22.5,92.56,16.22,0.63,4.2,0.62,0.71,2016-03-29,Ebolowa,2016,3,89,13,73.32,88.75999999999999,171.6,208.05,-0.5026898397251823,0.05033333333333445,24.93,equatorial
12.79,24.67,28.44,22.25,89.44,2.29,0.62,4.85,0.63,0.64,2016-03-30,Ebolowa,2016,3,90,13,67.53,89.36,173.65,210.10999999999999,-0.4916408967114297,0.1253333333333373,24.92,equatorial
14.57,24.78,29.04,21.89,90.58,6.07,0.74,5.05,0.62,0.64,2016-03-31,Ebolowa,2016,3,91,13,59.769999999999996,94.51,176.91,214.95999999999998,-0.4665644104894573,0.24266666666666836,24.92,equatorial
13.74,23.9,27.24,21.62,92.4,10.26,0.82,3.76,0.62,0.66,2016-04-01,Ebolowa,2016,4,92,13,56.66,102.88,182.23000000000002,225.0,-0.4153671991278072,-0.6063333333333354,24.92,equatorial
12.5,24.62,28.66,21.74,90.07,1.66,0.8,4.68,0.62,0.64,2016-04-02,Ebolowa,2016,4,93,13,57.54,101.6,181.26000000000002,226.24,-0.40858349166475005,0.10566666666666436,24.92,equatorial
21.11,25.03,29.91,21.47,85.13,0.81,0.54,5.63,0.61,0.61,2016-04-03,Ebolowa,2016,4,94,13,48.56,98.03999999999999,176.51000000000002,226.62,-0.40614685035115466,0.5103333333333318,25.03,equatorial
17.93,24.5,27.86,22.06,92.41,3.93,0.6,3.3,0.6,0.62,2016-04-04,Ebolowa,2016,4,95,14,41.24,100.86,160.85999999999999,229.66,-0.3902753710166139,-0.044666666666667965,25.03,equatorial
15.21,23.8,26.93,21.79,89.08,2.75,0.86,3.86,0.59,0.61,2016-04-05,Ebolowa,2016,4,96,14,27.770000000000003,101.09,155.75,231.95999999999998,-0.3781576113578011,-0.7163333333333313,25.03,equatorial
9.46,23.34,26.36,21.23,92.81,8.67,0.74,3.2,0.59,0.63,2016-04-06,Ebolowa,2016,4,97,14,34.150000000000006,101.67999999999999,160.12,240.44,-0.3347658113782329,-1.1193333333333335,25.03,equatorial
12.13,23.5,27.42,21.02,88.35,5.43,0.64,5.71,0.6,0.64,2016-04-07,Ebolowa,2016,4,98,14,33.510000000000005,93.27999999999999,162.19000000000003,245.65,-0.3079644361996536,-0.9693333333333349,25.03,equatorial
22.95,24.45,29.69,20.44,85.74,1.27,0.72,5.91,0.59,0.6,2016-04-08,Ebolowa,2016,4,99,14,24.52,81.18,159.91,246.5,-0.3032901514491515,-0.04033333333333644,25.03,equatorial
20.6,24.44,28.92,21.27,85.48,4.06,0.61,5.93,0.58,0.61,2016-04-09,Ebolowa,2016,4,100,14,26.92,84.46,159.61,250.4,-0.28313257549587306,-0.049333333333329676,25.03,equatorial
18.75,24.52,28.36,21.42,91.15,6.94,0.6,4.25,0.58,0.62,2016-04-10,Ebolowa,2016,4,101,14,33.050000000000004,81.61,164.45,256.09000000000003,-0.25388429346428376,0.04400000000000048,24.52,equatorial
22.81,24.45,27.56,22.21,94.09,8.64,0.64,3.35,0.59,0.64,2016-04-11,Ebolowa,2016,4,102,15,37.760000000000005,79.0,170.8,263.24,-0.21721535217757196,0.0019999999999988916,24.52,equatorial
18.95,24.18,26.8,22.54,94.34,13.65,0.6,3.5,0.6,0.68,2016-04-12,Ebolowa,2016,4,103,15,48.660000000000004,76.43,171.21,273.84999999999997,-0.1629290456636098,-0.2826666666666675,24.52,equatorial
19.28,24.47,27.78,21.78,91.56,7.38,0.71,4.14,0.62,0.66,2016-04-13,Ebolowa,2016,4,104,15,47.37,81.52,176.06,276.65,-0.14847330522626784,0.014666666666666828,24.52,equatorial
16.48,24.1,26.91,21.81,94.32,11.54,0.66,3.05,0.62,0.68,2016-04-14,Ebolowa,2016,4,105,15,53.480000000000004,86.99000000000001,184.11,283.4,-0.11385578445304417,-0.3553333333333306,24.52,equatorial
13.09,23.8,26.38,21.86,93.99,13.61,0.67,3.02,0.65,0.71,2016-04-15,Ebolowa,2016,4,106,15,65.82,90.34,196.03000000000003,296.6,-0.04627881848271151,-0.6213333333333324,24.52,equatorial
21.42,24.22,28.21,21.66,89.59,7.79,0.55,6.0,0.65,0.67,2016-04-16,Ebolowa,2016,4,107,15,69.55,96.47,202.9,304.34,-0.006633872512294852,-0.15800000000000125,24.52,equatorial
4.86,23.23,26.12,21.38,93.38,16.9,0.76,4.91,0.66,0.72,2016-04-17,Ebolowa,2016,4,108,15,79.50999999999999,112.56,217.91000000000003,321.23,0.07986987298863238,-1.0879999999999974,24.47,equatorial
16.47,24.17,28.51,20.42,86.82,1.76,0.51,6.46,0.65,0.66,2016-04-18,Ebolowa,2016,4,109,16,72.63,110.39,216.73000000000002,322.95,0.0886028109352978,-0.14099999999999469,24.47,equatorial
21.11,23.94,27.15,21.43,90.05,3.36,0.61,3.99,0.64,0.65,2016-04-19,Ebolowa,2016,4,110,16,62.339999999999996,111.0,215.72,326.29,0.10564939205885858,-0.37833333333333385,24.47,equatorial
15.92,24.4,28.12,21.26,91.82,12.36,0.62,5.21,0.63,0.68,2016-04-20,Ebolowa,2016,4,111,16,67.32,114.69,226.97,338.34,0.16743921989199975,0.10133333333332928,24.4,equatorial
20.83,23.92,26.14,22.42,96.01,8.38,0.53,2.7,0.65,0.69,2016-04-21,Ebolowa,2016,4,112,16,64.16,117.64,232.83,346.28000000000003,0.2080872839033507,-0.3269999999999982,24.4,equatorial
20.05,24.04,26.9,21.87,94.98,8.76,0.57,3.37,0.65,0.69,2016-04-22,Ebolowa,2016,4,113,16,59.309999999999995,125.13,233.51,354.8,0.2517129346194386,-0.1773333333333369,24.4,equatorial
10.0,24.54,27.88,22.18,90.96,6.48,0.64,4.66,0.65,0.68,2016-04-23,Ebolowa,2016,4,114,16,58.0,127.55,226.16,361.12,0.2839930924975518,0.3113333333333337,24.54,equatorial
18.71,24.0,26.71,21.93,95.29,9.94,0.61,2.94,0.65,0.69,2016-04-24,Ebolowa,2016,4,115,16,51.040000000000006,130.55,222.73000000000002,370.73999999999995,0.3332780157166041,-0.2463333333333324,24.54,equatorial
17.82,23.88,26.79,22.2,93.28,4.01,0.61,3.41,0.65,0.68,2016-04-25,Ebolowa,2016,4,116,17,53.29,125.92,225.96,374.02000000000004,0.349821094346779,-0.34699999999999775,24.54,equatorial
6.11,24.01,27.45,21.2,92.41,12.36,0.56,5.18,0.65,0.71,2016-04-26,Ebolowa,2016,4,117,17,62.29,124.63,228.53,385.08,0.40654068212790506,-0.18666666666666387,24.54,equatorial
19.65,24.42,28.28,21.58,89.5,2.66,0.57,5.36,0.65,0.67,2016-04-27,Ebolowa,2016,4,118,17,52.59,119.91,219.94,387.13,0.4166477663813775,0.21999999999999886,24.54,equatorial
20.49,23.55,25.93,21.32,95.36,7.22,0.72,2.85,0.65,0.68,2016-04-28,Ebolowa,2016,4,119,17,51.43,115.59,210.94000000000003,394.21,0.4527705627061221,-0.6123333333333321,24.54,equatorial
14.38,23.44,25.96,21.57,95.92,9.24,0.54,3.25,0.65,0.7,2016-04-29,Ebolowa,2016,4,120,17,51.91,111.22,217.89,403.25,0.4990090800871109,-0.6813333333333311,24.54,equatorial
22.06,24.04,27.68,21.05,92.54,5.65,0.74,4.82,0.65,0.68,2016-04-30,Ebolowa,2016,4,121,17,51.08,109.08,217.47,408.49,0.5255143462487146,-0.05666666666666842,24.42,equatorial
18.81,23.8,26.21,21.85,94.55,5.4,0.62,3.13,0.65,0.68,2016-05-01,Ebolowa,2016,5,122,17,46.54,97.58000000000001,212.61,413.33,0.5499168745184487,-0.29333333333332945,24.42,equatorial
13.76,23.97,27.21,21.47,92.61,5.33,0.69,4.14,0.65,0.68,2016-05-02,Ebolowa,2016,5,123,18,47.86,101.15,216.28000000000003,418.09999999999997,0.573927099967042,-0.10166666666666657,24.42,equatorial
18.06,23.86,26.83,21.68,93.94,9.61,0.72,3.52,0.65,0.69,2016-05-03,Ebolowa,2016,5,124,18,45.11,107.4,225.08,426.86,0.6186141651572304,-0.17266666666666808,24.42,equatorial
15.65,23.32,26.01,21.55,94.79,5.04,0.56,3.08,0.65,0.69,2016-05-04,Ebolowa,2016,5,125,18,47.49,100.08,226.19,430.35,0.6358655625380281,-0.673333333333332,24.04,equatorial
18.45,24.04,27.88,21.0,89.83,5.81,0.62,5.5,0.65,0.67,2016-05-05,Ebolowa,2016,5,126,18,46.08,97.50999999999999,229.25,434.96000000000004,0.658909350152073,0.038666666666664185,24.04,equatorial
15.65,23.04,25.18,20.42,92.67,2.57,0.59,2.82,0.65,0.67,2016-05-06,Ebolowa,2016,5,127,18,39.410000000000004,91.32000000000001,223.15,436.42,0.665539627601029,-0.9513333333333343,24.04,equatorial
9.68,23.8,28.04,19.94,89.9,2.49,0.5,5.6,0.64,0.65,2016-05-07,Ebolowa,2016,5,128,18,36.25,87.33,220.21,438.34000000000003,0.6745529588933062,-0.2013333333333307,24.04,equatorial
15.5,23.94,27.54,21.47,92.31,3.23,0.58,4.14,0.63,0.65,2016-05-08,Ebolowa,2016,5,129,18,34.08,80.62,222.17000000000002,440.66999999999996,0.6856856387194717,-0.04433333333333067,24.04,equatorial
19.44,24.54,28.3,21.22,88.0,0.91,0.53,4.87,0.62,0.63,2016-05-09,Ebolowa,2016,5,130,19,29.66,77.52,219.02,440.81,0.6853972682256053,0.5523333333333333,24.54,equatorial
18.56,24.63,28.89,21.39,89.11,1.73,0.72,5.35,0.61,0.62,2016-05-10,Ebolowa,2016,5,131,19,21.779999999999998,66.89,213.81,442.46000000000004,0.6929781835035922,0.6386666666666656,24.63,equatorial
16.11,24.13,27.31,21.72,92.17,5.74,0.48,3.86,0.61,0.64,2016-05-11,Ebolowa,2016,5,132,19,22.479999999999997,69.97,210.91000000000003,448.11999999999995,0.7214456116635081,0.14933333333333465,24.63,equatorial
16.73,24.07,26.78,22.05,93.95,5.8,0.64,3.27,0.61,0.65,2016-05-12,Ebolowa,2016,5,133,19,22.47,68.55,203.06,453.78999999999996,0.7499065660303313,0.09299999999999997,24.63,equatorial
14.4,23.5,26.26,21.71,95.21,14.06,0.53,2.66,0.64,0.7,2016-05-13,Ebolowa,2016,5,134,19,33.96,73.37,209.74,467.78,0.8216879831454452,-0.44466666666666654,24.63,equatorial
17.64,23.75,26.93,21.82,93.26,8.9,0.72,4.55,0.64,0.67,2016-05-14,Ebolowa,2016,5,135,19,40.370000000000005,76.61999999999999,207.1,476.63,0.8664654033943365,-0.18299999999999983,24.63,equatorial
14.6,21.99,23.52,20.81,97.05,26.29,0.6,2.94,0.68,0.77,2016-05-15,Ebolowa,2016,5,136,19,63.43,97.51,219.78000000000003,502.84999999999997,1.0016583536364305,-1.882666666666669,24.63,equatorial
13.16,23.49,27.41,19.75,86.93,1.79,0.41,6.49,0.68,0.68,2016-05-16,Ebolowa,2016,5,137,20,64.31,93.97000000000001,213.78,504.40000000000003,1.0077398138712588,-0.35833333333333783,24.63,equatorial
11.99,23.23,26.71,20.55,93.29,10.4,0.8,5.23,0.67,0.7,2016-05-17,Ebolowa,2016,5,138,20,72.98,94.76,207.28000000000003,514.53,1.0585074887726613,-0.6183333333333358,24.13,equatorial
11.41,22.39,25.89,20.4,93.31,6.0,0.59,3.35,0.68,0.71,2016-05-18,Ebolowa,2016,5,139,20,73.24000000000001,95.72,211.52,519.97,1.0846194601251293,-1.399000000000001,24.07,equatorial
16.95,24.16,28.25,20.45,89.97,2.26,0.6,5.76,0.66,0.67,2016-05-19,Ebolowa,2016,5,140,20,69.7,92.17,210.42000000000002,522.05,1.0931162477773309,0.363666666666667,24.16,equatorial
15.53,23.78,26.19,21.97,95.19,3.8,0.63,2.61,0.65,0.67,2016-05-20,Ebolowa,2016,5,141,20,59.440000000000005,93.4,201.86,525.72,1.109854100860902,0.0043333333333350765,24.16,equatorial
16.28,23.8,26.32,22.13,91.96,4.38,0.53,3.41,0.65,0.68,2016-05-21,Ebolowa,2016,5,142,20,54.92,95.28999999999999,197.86,529.87,1.1290116822942542,0.028333333333332433,24.16,equatorial
13.32,22.66,24.67,21.15,93.72,6.5,0.56,3.55,0.65,0.68,2016-05-22,Ebolowa,2016,5,143,20,35.13,98.56,195.60000000000002,536.1600000000001,1.1592074585224033,-1.0656666666666652,24.16,equatorial
9.29,22.42,25.77,19.77,93.72,11.36,0.58,5.01,0.66,0.7,2016-05-23,Ebolowa,2016,5,144,21,44.7,109.00999999999999,200.48,547.4100000000001,1.2150273793369721,-1.2349999999999959,24.16,equatorial
13.73,23.28,27.31,19.91,89.74,1.42,0.38,5.49,0.66,0.67,2016-05-24,Ebolowa,2016,5,145,21,35.72,108.7,191.96,548.71,1.2188352426267728,-0.35100000000000264,24.16,equatorial
18.93,23.66,26.89,20.95,90.04,5.05,0.69,5.15,0.64,0.66,2016-05-25,Ebolowa,2016,5,146,21,34.769999999999996,108.00999999999999,193.0,553.52,1.2408497767735855,0.03633333333333155,24.16,equatorial
18.25,24.1,28.12,20.93,89.46,4.44,0.66,6.24,0.64,0.67,2016-05-26,Ebolowa,2016,5,147,21,36.95,106.65,185.08,557.9,1.2605033065452724,0.4733333333333327,24.1,equatorial
17.29,24.27,28.34,21.22,91.16,3.02,0.69,4.94,0.64,0.65,2016-05-27,Ebolowa,2016,5,148,21,36.169999999999995,95.61,185.44000000000003,560.88,1.2727791192388203,0.6483333333333334,24.27,equatorial
16.08,23.58,25.96,21.7,93.88,8.04,0.81,3.56,0.64,0.67,2016-05-28,Ebolowa,2016,5,149,21,39.83,94.75,186.26,568.8,1.31057457364362,-0.04266666666666552,24.27,equatorial
10.02,22.76,25.67,21.13,94.22,6.85,0.89,3.73,0.65,0.69,2016-05-29,Ebolowa,2016,5,150,21,40.18,75.31,183.87,575.41,1.341336556537732,-0.8399999999999999,24.27,equatorial
14.68,22.53,25.94,20.27,92.76,4.88,0.67,4.3,0.65,0.67,2016-05-30,Ebolowa,2016,5,151,22,33.7,78.39999999999999,183.10000000000002,577.48,1.3484089646849127,-1.0196666666666658,24.27,equatorial
16.04,23.79,28.02,20.52,89.58,3.63,0.6,5.62,0.64,0.66,2016-05-31,Ebolowa,2016,5,152,22,35.91,71.63,181.33,576.17,1.3379703108653214,0.24066666666666592,24.27,equatorial
15.65,23.62,27.04,20.78,92.46,9.7,0.49,4.47,0.64,0.69,2016-06-01,Ebolowa,2016,6,153,22,40.559999999999995,75.33,185.70000000000002,583.24,1.3708753855929394,0.08233333333333448,24.27,equatorial
14.84,23.2,25.64,21.32,93.97,9.83,0.68,3.25,0.66,0.7,2016-06-02,Ebolowa,2016,6,154,22,45.95,82.89999999999999,185.92000000000002,587.51,1.3891022136296294,-0.31566666666666876,24.27,equatorial
14.4,23.43,27.5,19.89,89.2,6.44,0.58,6.28,0.65,0.68,2016-06-03,Ebolowa,2016,6,155,22,49.37,85.53999999999999,187.32000000000002,574.37,1.317470116303942,-0.08933333333333593,23.79,equatorial
17.71,23.67,27.28,20.87,92.22,9.83,0.69,4.95,0.65,0.7,2016-06-04,Ebolowa,2016,6,156,22,51.16,90.99000000000001,191.34,576.34,1.3241654658891573,0.1630000000000038,23.79,equatorial
15.16,22.73,24.86,21.4,95.04,4.05,0.56,2.44,0.66,0.69,2016-06-05,Ebolowa,2016,6,157,22,48.36,88.54,192.82000000000002,576.09,1.3193914121422725,-0.7666666666666657,23.79,equatorial
15.79,23.8,27.73,20.56,88.5,1.87,0.57,5.36,0.65,0.66,2016-06-06,Ebolowa,2016,6,158,23,45.35,79.05,192.20000000000002,574.6,1.3082737095341852,0.303333333333331,23.8,equatorial
16.51,23.76,27.47,21.21,89.54,1.44,0.54,5.02,0.65,0.65,2016-06-07,Ebolowa,2016,6,159,23,43.16,79.07000000000001,190.41000000000003,572.4899999999999,1.2940444668226525,0.26933333333333564,23.8,equatorial
14.43,24.16,27.52,21.47,89.83,1.58,0.52,4.14,0.64,0.65,2016-06-08,Ebolowa,2016,6,160,23,35.04,75.60000000000001,191.07999999999998,569.71,1.27646623478514,0.6819999999999986,24.16,equatorial
15.9,23.73,26.47,21.31,90.6,2.61,0.53,3.29,0.63,0.65,2016-06-09,Ebolowa,2016,6,161,23,27.82,73.77,191.96,570.22,1.275899848750448,0.28200000000000003,24.16,equatorial
13.07,23.72,27.19,21.14,92.04,2.66,0.68,3.43,0.63,0.65,2016-06-10,Ebolowa,2016,6,162,23,24.04,73.41,188.88,570.5899999999999,1.274622444319744,0.28566666666666407,24.16,equatorial
11.34,22.88,25.03,21.1,96.52,6.56,0.94,2.92,0.63,0.66,2016-06-11,Ebolowa,2016,6,163,23,20.77,71.93,189.64000000000001,563.9100000000001,1.237182940479508,-0.5146666666666704,24.16,equatorial
12.74,21.53,24.1,20.17,94.1,4.84,0.74,2.87,0.64,0.66,2016-06-12,Ebolowa,2016,6,164,23,21.56,69.91999999999999,180.42000000000002,566.2199999999999,1.2460757582773658,-1.7989999999999995,24.16,equatorial
15.28,21.9,24.73,19.79,91.84,1.63,0.81,3.51,0.64,0.65,2016-06-13,Ebolowa,2016,6,165,24,21.319999999999997,66.67,173.15,564.3599999999999,1.2335436081978786,-1.3673333333333346,24.16,equatorial
10.85,22.29,25.35,19.98,89.47,1.71,0.75,3.63,0.63,0.64,2016-06-14,Ebolowa,2016,6,166,24,21.59,64.75,148.57000000000002,564.38,1.2307209184283414,-0.9873333333333321,24.16,equatorial
12.34,21.75,24.15,19.95,93.4,5.95,0.72,3.15,0.64,0.67,2016-06-15,Ebolowa,2016,6,167,24,25.959999999999997,61.0,152.73,569.4100000000001,1.2535768681626043,-1.4693333333333314,23.73,equatorial
13.63,21.4,23.84,19.84,93.48,8.82,0.82,3.79,0.64,0.67,2016-06-16,Ebolowa,2016,6,168,24,32.17,59.99,151.15,576.3399999999999,1.2860227914836115,-1.7583333333333364,23.72,equatorial
18.97,21.79,25.96,18.66,88.88,1.1,0.69,5.09,0.64,0.66,2016-06-17,Ebolowa,2016,6,169,24,30.61,54.65,146.25,574.5,1.273421395713992,-1.3483333333333327,22.88,equatorial
15.28,22.45,25.65,19.9,92.81,7.25,0.67,3.92,0.64,0.67,2016-06-18,Ebolowa,2016,6,170,24,31.299999999999997,52.07,151.23999999999998,577.38,1.2850262401214003,-0.6313333333333375,22.45,equatorial
13.92,22.34,26.31,19.71,90.96,5.65,0.96,5.11,0.64,0.67,2016-06-19,Ebolowa,2016,6,171,24,32.11,53.67,153.09,581.92,1.3050412166902996,-0.6933333333333351,22.45,equatorial
18.48,21.99,25.87,19.68,91.29,4.55,0.78,4.23,0.65,0.67,2016-06-20,Ebolowa,2016,6,172,25,35.03,56.349999999999994,153.26000000000002,583.95,1.3121220243052225,-0.9830000000000005,22.45,equatorial
17.57,22.13,26.24,19.21,92.04,4.07,0.6,4.72,0.64,0.66,2016-06-21,Ebolowa,2016,6,173,25,37.39,58.98,150.83,579.9399999999999,1.2883539638796726,-0.825333333333333,22.45,equatorial
17.09,22.56,26.35,19.9,91.92,5.65,0.63,4.73,0.64,0.67,2016-06-22,Ebolowa,2016,6,174,25,37.09,63.050000000000004,145.12,571.76,1.2434706422582422,-0.40000000000000213,22.56,equatorial
13.8,22.77,26.66,20.19,90.93,11.71,0.62,5.78,0.65,0.7,2016-06-23,Ebolowa,2016,6,175,25,39.980000000000004,72.15,155.41000000000003,570.1,1.2320812347528443,-0.17299999999999827,22.77,equatorial
14.94,22.41,25.94,20.53,93.4,20.5,0.79,4.76,0.66,0.73,2016-06-24,Ebolowa,2016,6,176,25,59.379999999999995,89.99000000000001,170.86,589.8199999999999,1.3296584249552073,-0.4913333333333334,22.77,equatorial
15.25,22.29,25.47,20.32,94.33,10.35,0.93,4.08,0.69,0.73,2016-06-25,Ebolowa,2016,6,177,25,62.48,93.78,176.77,590.38,1.3291174111843689,-0.5509999999999984,22.77,equatorial
12.53,21.59,24.21,20.09,93.38,2.23,0.68,2.52,0.68,0.69,2016-06-26,Ebolowa,2016,6,178,25,59.06,91.17,175.98,581.36,1.2798667677742428,-1.1616666666666653,22.77,equatorial
13.05,21.72,25.1,19.11,91.69,2.91,0.65,3.91,0.68,0.68,2016-06-27,Ebolowa,2016,6,179,26,57.42,92.45,170.85,568.05,1.2090927032527,-0.9696666666666687,22.77,equatorial
10.65,21.96,25.28,19.94,90.71,1.22,0.66,3.19,0.67,0.68,2016-06-28,Ebolowa,2016,6,180,26,54.57,91.96,165.22,566.98,1.2009254975961285,-0.703000000000003,22.77,equatorial
13.82,22.64,26.41,19.47,89.82,2.58,0.65,4.53,0.66,0.67,2016-06-29,Ebolowa,2016,6,181,26,51.5,88.58999999999999,162.92000000000002,563.4899999999999,1.180506013951692,-0.026666666666667282,22.77,equatorial
13.4,22.92,26.05,20.66,93.54,4.76,0.48,2.96,0.66,0.68,2016-06-30,Ebolowa,2016,6,182,26,44.550000000000004,84.53,164.05,557.99,1.1499793919115364,0.28233333333333377,22.92,equatorial
17.48,23.62,27.94,20.15,88.38,2.26,0.72,5.91,0.65,0.67,2016-07-01,Ebolowa,2016,7,183,26,26.31,85.69000000000001,156.61,558.59,1.1505933762381295,0.9823333333333331,23.62,equatorial
16.75,23.49,27.4,20.61,90.01,2.84,0.62,4.85,0.65,0.66,2016-07-02,Ebolowa,2016,7,184,26,18.8,81.28,149.62,560.62,1.1584704792412266,0.8426666666666662,23.62,equatorial
17.02,23.9,27.82,21.04,89.02,1.4,0.77,4.88,0.64,0.65,2016-07-03,Ebolowa,2016,7,185,26,17.97,77.03,144.58,558.09,1.1431613904374716,1.2369999999999983,23.9,equatorial
14.67,23.06,26.27,21.03,91.1,3.59,0.69,4.09,0.64,0.66,2016-07-04,Ebolowa,2016,7,186,27,18.65,76.07000000000001,138.34,558.93,1.1450348471254557,0.4173333333333282,23.9,equatorial
12.74,22.9,27.11,20.32,89.06,1.11,1.08,4.04,0.63,0.64,2016-07-05,Ebolowa,2016,7,187,27,18.54,73.11,135.4,551.37,1.1042718557528428,0.25166666666666515,23.9,equatorial
9.92,22.44,25.58,20.56,89.3,1.54,0.79,3.4,0.63,0.64,2016-07-06,Ebolowa,2016,7,188,27,17.5,69.0,135.07000000000002,547.4799999999999,1.0823156944995584,-0.1629999999999967,23.9,equatorial
13.61,22.62,26.56,19.82,89.37,0.76,0.6,3.94,0.63,0.64,2016-07-07,Ebolowa,2016,7,189,27,13.5,58.05,134.39,546.97,1.077608564693918,0.05500000000000327,23.9,equatorial
14.41,23.54,27.84,20.36,86.11,0.54,0.73,5.34,0.62,0.62,2016-07-08,Ebolowa,2016,7,190,27,11.78,38.089999999999996,133.35,543.45,1.0576503020796648,0.9956666666666649,23.9,equatorial
17.21,22.6,25.25,20.53,90.21,0.72,0.76,2.39,0.61,0.62,2016-07-09,Ebolowa,2016,7,191,27,9.66,28.46,131.46,537.23,1.0240723181257434,0.09333333333333727,23.9,equatorial
15.6,22.7,26.6,20.26,90.84,7.01,0.84,4.6,0.62,0.65,2016-07-10,Ebolowa,2016,7,192,27,15.27,33.24,135.81,535.6,1.0139182100599224,0.22733333333333405,23.54,equatorial
12.03,22.64,27.02,19.87,89.91,4.97,0.87,5.19,0.62,0.65,2016-07-11,Ebolowa,2016,7,193,28,16.65,35.3,134.22,526.92,0.9680192404039152,0.17533333333333445,23.54,equatorial
10.81,22.11,26.01,19.6,90.58,4.1,0.83,4.27,0.62,0.65,2016-07-12,Ebolowa,2016,7,194,28,19.64,38.18,133.48,523.64,0.9496909713638042,-0.3739999999999988,23.54,equatorial
10.38,21.76,25.21,19.86,90.62,2.56,0.86,3.91,0.62,0.64,2016-07-13,Ebolowa,2016,7,195,28,20.66,38.16,134.41,514.66,0.9024765112170815,-0.7193333333333314,23.54,equatorial
13.55,22.05,26.6,19.15,89.24,2.86,0.66,4.38,0.62,0.63,2016-07-14,Ebolowa,2016,7,196,28,22.759999999999998,36.26,135.56,503.90999999999997,0.8464036185541296,-0.4213333333333331,23.54,equatorial
14.47,22.71,27.12,19.76,88.15,0.86,0.77,4.23,0.62,0.63,2016-07-15,Ebolowa,2016,7,197,28,23.08,34.86,130.47,496.98,0.8098882574551521,0.206666666666667,22.71,equatorial
14.73,22.57,26.78,19.75,87.18,0.47,0.67,3.5,0.61,0.62,2016-07-16,Ebolowa,2016,7,198,28,22.83,32.489999999999995,122.12,480.55,0.7251400613905856,0.027666666666668505,22.71,equatorial
14.07,22.99,27.44,20.1,86.12,0.53,0.63,3.93,0.61,0.61,2016-07-17,Ebolowa,2016,7,199,28,16.349999999999998,31.619999999999997,121.55000000000001,479.32,0.7179007363711213,0.40766666666666396,22.99,equatorial
12.97,22.73,26.13,20.37,90.29,1.38,0.59,2.64,0.6,0.62,2016-07-18,Ebolowa,2016,7,200,29,12.76,29.409999999999997,115.68,477.34,0.7068582132030446,0.13833333333333897,22.99,equatorial
16.23,22.7,26.56,20.36,90.41,1.2,0.51,3.02,0.6,0.62,2016-07-19,Ebolowa,2016,7,201,29,9.86,29.5,111.23,466.18,0.6490722009793901,0.09633333333333383,22.99,equatorial
14.28,22.33,25.02,20.4,89.85,1.16,0.9,2.83,0.6,0.61,2016-07-20,Ebolowa,2016,7,202,29,8.459999999999999,29.119999999999997,107.84,458.96,0.6114547645793422,-0.2850000000000037,22.99,equatorial
14.61,22.64,26.67,19.57,89.11,1.12,0.64,3.22,0.6,0.61,2016-07-21,Ebolowa,2016,7,203,29,6.72,29.479999999999997,104.89,451.32,0.5717437571528965,0.007999999999999119,22.99,equatorial
10.12,22.57,25.67,20.39,89.71,2.66,0.76,3.12,0.6,0.61,2016-07-22,Ebolowa,2016,7,204,29,8.52,31.599999999999998,101.9,447.5,0.5515782088434091,-0.06233333333333135,22.99,equatorial
12.98,21.64,24.75,19.95,92.32,4.86,0.77,2.9,0.61,0.65,2016-07-23,Ebolowa,2016,7,205,29,12.91,35.74,95.05,442.42,0.5249987397968778,-0.9546666666666646,22.99,equatorial
11.27,21.78,25.08,19.44,87.32,0.55,0.79,3.09,0.61,0.61,2016-07-24,Ebolowa,2016,7,206,29,12.93,29.279999999999998,75.10000000000001,438.96,0.5067265191247095,-0.7936666666666667,22.73,equatorial
13.57,22.03,26.01,19.23,89.49,5.25,1.13,5.09,0.61,0.63,2016-07-25,Ebolowa,2016,7,207,30,16.8,29.56,70.00000000000001,431.85,0.46980002500572543,-0.5350000000000001,22.7,equatorial
9.32,21.36,25.05,18.98,90.54,0.81,0.68,2.8,0.61,0.62,2016-07-26,Ebolowa,2016,7,208,30,16.41,26.270000000000003,68.58,430.0,0.4598295865216664,-1.1973333333333365,22.64,equatorial
15.64,22.49,27.18,18.95,87.15,1.93,0.74,4.78,0.6,0.61,2016-07-27,Ebolowa,2016,7,209,30,17.18,25.64,67.60000000000001,424.71000000000004,0.43224435830060526,-0.09300000000000352,22.64,equatorial
15.89,22.65,27.45,19.31,87.94,3.16,0.75,5.51,0.6,0.61,2016-07-28,Ebolowa,2016,7,210,30,19.220000000000002,25.94,69.54,418.63,0.40062683832607876,0.04400000000000048,22.65,equatorial
13.39,22.11,26.44,19.34,90.05,3.05,0.76,4.11,0.6,0.62,2016-07-29,Ebolowa,2016,7,211,30,19.610000000000003,28.130000000000003,70.01,416.03,0.3868831616929627,-0.4783333333333317,22.65,equatorial
11.72,22.37,27.05,19.28,88.82,5.11,0.81,5.31,0.6,0.62,2016-07-30,Ebolowa,2016,7,212,30,19.86,32.77,70.36,415.74,0.3850090221275472,-0.1999999999999993,22.65,equatorial
14.38,22.8,27.85,19.14,88.24,5.08,0.74,6.02,0.6,0.63,2016-07-31,Ebolowa,2016,7,213,30,24.39,37.32,73.18,415.49,0.3833423287348659,0.2573333333333352,22.8,equatorial
13.38,22.79,27.44,19.52,89.49,6.32,0.87,5.66,0.6,0.64,2016-08-01,Ebolowa,2016,8,214,31,25.46,42.26,76.66000000000001,412.2,0.3660439002230177,0.2706666666666635,22.8,equatorial
13.78,22.18,26.26,19.49,91.4,5.15,0.84,4.2,0.6,0.63,2016-08-02,Ebolowa,2016,8,215,31,29.8,46.21,80.41000000000001,412.31,0.3662525648191008,-0.28200000000000003,22.8,equatorial
11.92,22.6,27.1,19.58,89.28,5.63,0.78,5.21,0.61,0.64,2016-08-03,Ebolowa,2016,8,216,31,33.5,50.68,82.45,412.13,0.3649683970630601,0.15333333333333599,22.8,equatorial
13.19,22.84,27.76,19.49,89.91,13.74,0.81,5.88,0.61,0.68,2016-08-04,Ebolowa,2016,8,217,31,44.08,63.300000000000004,95.08,423.3,0.42218356964658416,0.39533333333333687,22.84,equatorial
14.02,22.5,26.98,19.68,90.47,10.2,1.01,5.96,0.63,0.68,2016-08-05,Ebolowa,2016,8,218,31,51.230000000000004,70.84,103.74000000000001,431.01,0.46151876552953297,0.05333333333333101,22.84,equatorial
12.7,22.3,26.98,19.33,90.02,7.44,1.0,6.01,0.64,0.67,2016-08-06,Ebolowa,2016,8,219,31,53.56,73.42,110.42,435.22,0.4827645949661574,-0.13599999999999923,22.84,equatorial
12.13,22.11,26.84,19.26,90.48,14.26,1.05,6.28,0.64,0.7,2016-08-07,Ebolowa,2016,8,220,31,62.739999999999995,87.13,124.14000000000001,448.57,0.5511832734498541,-0.27833333333333243,22.84,equatorial
7.86,22.06,26.27,19.16,90.39,3.58,0.78,4.81,0.65,0.67,2016-08-08,Ebolowa,2016,8,221,32,60.0,85.46000000000001,127.0,450.41999999999996,0.5601270356133825,-0.310333333333336,22.84,equatorial
15.74,22.58,27.29,19.25,87.93,0.95,0.56,5.2,0.64,0.65,2016-08-09,Ebolowa,2016,8,222,32,55.8,85.6,120.94000000000001,445.63,0.5347423005880692,0.2136666666666649,22.84,equatorial
14.29,22.96,27.5,19.8,88.03,2.17,0.74,5.68,0.63,0.64,2016-08-10,Ebolowa,2016,8,223,32,52.339999999999996,85.84,118.14000000000001,442.0,0.5153827480982104,0.5829999999999984,22.96,equatorial
10.3,21.94,24.91,19.91,92.38,2.87,0.83,3.4,0.62,0.64,2016-08-11,Ebolowa,2016,8,224,32,41.47,85.55,116.91,430.81,0.4569096814786973,-0.4313333333333311,22.96,equatorial
13.16,21.36,23.69,19.84,95.11,2.41,0.78,2.07,0.62,0.64,2016-08-12,Ebolowa,2016,8,225,32,33.68,84.91,116.76000000000002,424.32,0.4228232101157185,-0.9980000000000011,22.96,equatorial
12.39,22.06,25.29,19.83,91.75,5.08,0.82,4.29,0.63,0.65,2016-08-13,Ebolowa,2016,8,226,32,31.32,84.88,118.98,403.11,0.31243898092720634,-0.29833333333333556,22.96,equatorial
13.21,22.26,26.32,19.58,89.57,1.85,0.73,4.37,0.63,0.64,2016-08-14,Ebolowa,2016,8,227,32,18.91,81.65,119.97,403.17,0.3124609918852045,-0.0833333333333357,22.96,equatorial
12.15,22.72,26.93,19.95,88.48,1.05,0.64,3.71,0.62,0.63,2016-08-15,Ebolowa,2016,8,228,33,16.38,76.38,120.55,393.82,0.2636162645539053,0.37166666666666615,22.96,equatorial
14.87,22.95,27.41,20.05,88.92,1.93,0.59,4.29,0.62,0.63,2016-08-16,Ebolowa,2016,8,229,33,17.36,73.16,121.95,389.75,0.24222543901551963,0.6030000000000015,22.96,equatorial
14.76,23.3,28.07,19.87,87.75,1.32,0.62,4.94,0.61,0.62,2016-08-17,Ebolowa,2016,8,230,33,16.509999999999998,68.85000000000001,121.89,388.81,0.2371205833168832,0.934000000000001,23.3,equatorial
15.66,22.31,25.29,20.27,91.3,1.94,0.79,2.78,0.61,0.62,2016-08-18,Ebolowa,2016,8,231,33,15.58,57.05,122.63000000000001,386.95,0.22722773065981003,-0.043000000000002814,23.3,equatorial
13.16,22.34,26.39,19.7,90.71,12.01,0.62,4.92,0.61,0.67,2016-08-19,Ebolowa,2016,8,232,33,25.18,58.86,133.48000000000002,394.58000000000004,0.266779918634092,-0.013333333333331865,23.3,equatorial
15.58,22.6,26.65,19.87,90.62,4.88,0.68,4.65,0.62,0.65,2016-08-20,Ebolowa,2016,8,233,33,24.98,56.3,137.24,392.96000000000004,0.2580946621200539,0.24800000000000466,23.3,equatorial
13.09,22.19,25.92,19.78,92.6,6.67,0.7,4.08,0.62,0.66,2016-08-21,Ebolowa,2016,8,234,33,29.8,48.71,141.25,388.27,0.2333920367632783,-0.14933333333333465,23.3,equatorial
15.59,23.09,27.21,20.18,90.38,8.9,0.79,5.71,0.63,0.67,2016-08-22,Ebolowa,2016,8,235,34,37.65,54.03,145.29000000000002,395.75,0.27224950750143223,0.7023333333333319,23.3,equatorial
16.14,22.52,25.8,19.96,94.32,12.46,0.74,4.04,0.64,0.7,2016-08-23,Ebolowa,2016,8,236,34,48.18,65.53999999999999,157.20000000000002,403.15999999999997,0.3107312258499371,0.1076666666666668,23.3,equatorial
16.81,21.65,24.09,19.99,96.27,28.86,0.72,2.94,0.67,0.77,2016-08-24,Ebolowa,2016,8,237,34,75.72,92.22999999999999,180.81,427.58,0.43814607494208874,-0.7496666666666698,23.09,equatorial
14.34,21.96,25.22,19.58,93.03,13.07,0.47,4.18,0.7,0.74,2016-08-25,Ebolowa,2016,8,238,34,86.85,102.42999999999999,193.07,437.63,0.49029283598798695,-0.4596666666666671,23.09,equatorial
16.34,21.33,24.08,19.44,93.73,6.14,0.56,3.36,0.71,0.73,2016-08-26,Ebolowa,2016,8,239,34,80.97999999999999,106.16,197.28,435.72999999999996,0.4798436526763354,-1.0509999999999984,23.09,equatorial
11.35,22.12,25.81,19.19,89.13,3.62,0.52,4.82,0.69,0.7,2016-08-27,Ebolowa,2016,8,240,34,79.72,104.7,197.74,432.5,0.4624362834124259,-0.2433333333333323,23.09,equatorial
14.33,22.75,26.94,19.67,91.04,11.05,0.61,5.89,0.69,0.73,2016-08-28,Ebolowa,2016,8,241,34,84.1,113.9,205.74,438.67,0.49431488752701747,0.36533333333333573,23.09,equatorial
15.8,21.3,24.02,19.83,95.42,17.82,0.71,3.49,0.7,0.75,2016-08-29,Ebolowa,2016,8,242,35,93.02,130.67000000000002,218.45000000000002,452.86,0.5682251975765872,-1.0489999999999995,22.75,equatorial
11.75,21.77,25.61,18.99,90.57,2.76,0.5,4.06,0.71,0.72,2016-08-30,Ebolowa,2016,8,243,35,83.32000000000001,131.5,216.13,445.91999999999996,0.5311934655938826,-0.544666666666668,22.75,equatorial
16.29,22.03,25.27,19.62,90.78,1.97,0.63,3.54,0.7,0.7,2016-08-31,Ebolowa,2016,8,244,35,56.43,132.15,211.78,438.06,0.489364700124515,-0.25933333333333053,22.75,equatorial
15.73,22.51,26.19,19.67,90.34,6.15,0.79,5.11,0.68,0.7,2016-09-01,Ebolowa,2016,9,245,35,49.510000000000005,136.36,212.78,437.77,0.48734423984344255,0.2096666666666671,22.75,equatorial
16.57,22.58,26.54,19.86,91.21,7.82,0.78,4.96,0.69,0.72,2016-09-02,Ebolowa,2016,9,246,35,51.190000000000005,132.17000000000002,214.97,435.76,0.4762833463363913,0.2803333333333313,22.75,equatorial
19.24,22.3,25.27,20.02,92.24,2.22,0.51,3.29,0.68,0.69,2016-09-03,Ebolowa,2016,9,247,35,49.790000000000006,129.51,203.45000000000002,433.93,0.4661785869942051,0.01833333333333087,22.75,equatorial
15.52,22.8,26.81,20.18,92.45,7.88,0.66,4.61,0.68,0.7,2016-09-04,Ebolowa,2016,9,248,35,46.620000000000005,130.72,201.13,439.94,0.4973548470265099,0.5083333333333329,22.8,equatorial
15.6,22.62,26.34,20.07,93.39,24.1,0.83,5.16,0.69,0.76,2016-09-05,Ebolowa,2016,9,249,36,52.900000000000006,145.92000000000002,217.79000000000002,462.6,0.6161907455831683,0.3176666666666712,22.8,equatorial
13.55,22.16,25.36,19.75,93.2,8.31,0.51,4.24,0.72,0.74,2016-09-06,Ebolowa,2016,9,250,36,58.45,141.77,211.84000000000003,469.33000000000004,0.6509543801266898,-0.14399999999999835,22.8,equatorial
15.34,23.02,27.19,20.02,90.45,3.44,0.73,5.03,0.71,0.71,2016-09-07,Ebolowa,2016,9,251,36,59.92000000000001,116.35000000000001,211.70000000000002,470.16,0.6545770133809216,0.6839999999999975,23.02,equatorial
16.1,22.89,26.56,20.46,92.1,3.38,0.67,4.26,0.69,0.71,2016-09-08,Ebolowa,2016,9,252,36,57.15,106.66000000000001,214.13000000000002,470.88000000000005,0.6576161847069866,0.5436666666666667,23.02,equatorial
13.19,22.61,26.19,20.46,92.11,3.7,0.84,4.24,0.69,0.7,2016-09-09,Ebolowa,2016,9,253,36,53.03,104.22,215.66,468.02000000000004,0.6417674737334844,0.2753333333333323,23.02,equatorial
15.11,22.95,26.89,20.09,90.19,3.64,0.83,5.87,0.68,0.69,2016-09-10,Ebolowa,2016,9,254,36,54.45,104.24,216.43000000000004,466.82,0.6347026028684759,0.581666666666667,23.02,equatorial
16.93,22.52,26.12,20.26,91.9,5.18,0.86,4.54,0.67,0.69,2016-09-11,Ebolowa,2016,9,255,36,51.75000000000001,98.37,219.2,470.37,0.6527305998209275,0.11299999999999955,23.02,equatorial
14.36,21.1,23.71,19.64,94.72,20.15,0.8,3.8,0.69,0.75,2016-09-12,Ebolowa,2016,9,256,37,47.8,100.70000000000002,234.27,488.81,0.7493797540869938,-1.2749999999999986,23.02,equatorial
15.35,21.54,25.33,19.22,93.09,10.54,0.65,3.98,0.71,0.75,2016-09-13,Ebolowa,2016,9,257,37,50.03,108.48,242.96000000000004,493.4,0.7726871796058233,-0.8109999999999999,23.02,equatorial
18.0,22.26,26.59,19.25,90.16,2.8,0.63,5.35,0.71,0.71,2016-09-14,Ebolowa,2016,9,258,37,49.39,109.31,244.71,487.38,0.7398849070639011,-0.07566666666666677,22.95,equatorial
17.14,22.27,25.56,20.12,93.54,11.12,0.8,4.46,0.7,0.73,2016-09-15,Ebolowa,2016,9,259,37,57.129999999999995,114.28,253.9,497.40000000000003,0.79193626205956,-0.04299999999999926,22.95,equatorial
15.88,21.8,25.19,19.53,93.41,4.54,0.73,3.93,0.71,0.72,2016-09-16,Ebolowa,2016,9,260,37,57.97,111.0,257.12,494.69,0.7765770540614234,-0.4629999999999974,22.95,equatorial
18.0,22.67,26.65,19.66,89.33,2.85,0.59,5.69,0.7,0.7,2016-09-17,Ebolowa,2016,9,261,37,57.18,111.63000000000001,258.03000000000003,491.89,0.7607728789872769,0.3950000000000031,22.67,equatorial
17.4,21.93,24.29,20.32,95.17,6.72,0.67,3.21,0.69,0.71,2016-09-18,Ebolowa,2016,9,262,37,58.72,110.47,252.74,494.06,0.7712979583636178,-0.33133333333333326,22.67,equatorial
17.86,22.39,26.1,19.82,92.59,5.02,0.74,4.45,0.69,0.71,2016-09-19,Ebolowa,2016,9,263,38,43.59,91.39,252.88,495.01,0.7753475233953934,0.13566666666666904,22.67,equatorial
16.81,22.13,25.12,19.97,94.99,8.77,0.64,3.75,0.7,0.72,2016-09-20,Ebolowa,2016,9,264,38,41.82,91.85,254.98000000000002,498.13,0.7908799983041498,-0.12233333333333363,22.67,equatorial
15.47,22.39,25.62,19.86,92.33,8.18,0.59,4.86,0.7,0.72,2016-09-21,Ebolowa,2016,9,265,38,47.2,96.59,254.26,494.6,0.7711653195825705,0.16100000000000136,22.67,equatorial
14.88,21.71,24.05,19.99,94.77,5.12,0.55,3.06,0.7,0.72,2016-09-22,Ebolowa,2016,9,266,38,41.199999999999996,98.32999999999998,246.92000000000002,479.22,0.6886966408883562,-0.49199999999999733,22.67,equatorial
16.84,22.26,26.05,19.55,91.86,5.99,0.47,4.75,0.7,0.71,2016-09-23,Ebolowa,2016,9,267,38,42.65,100.62,224.05,474.86,0.6647775056963148,0.03766666666667007,22.67,equatorial
16.47,21.52,24.44,19.78,95.03,6.39,0.71,3.14,0.7,0.72,2016-09-24,Ebolowa,2016,9,268,38,46.190000000000005,103.37,217.37,479.02,0.6860868754082001,-0.6876666666666651,22.39,equatorial
17.49,21.07,23.48,19.27,96.26,14.12,0.7,2.88,0.71,0.74,2016-09-25,Ebolowa,2016,9,269,38,53.589999999999996,112.30999999999999,225.35,490.23,0.744770286564527,-1.1290000000000013,22.39,equatorial
15.45,22.26,26.34,19.61,92.44,13.39,0.6,5.63,0.73,0.76,2016-09-26,Ebolowa,2016,9,270,39,61.96,105.55,235.12,502.4,0.8084403731531549,0.05633333333333468,22.39,equatorial
15.74,22.45,26.39,19.72,92.56,5.1,0.67,4.63,0.72,0.73,2016-09-27,Ebolowa,2016,9,271,39,58.29,100.11,229.17000000000002,504.92,0.8207645516132019,0.2563333333333304,22.45,equatorial
17.24,21.91,24.86,20.29,94.8,4.64,0.64,3.06,0.72,0.73,2016-09-28,Ebolowa,2016,9,272,39,54.75,101.95,215.99,504.8,0.8190500470668631,-0.3039999999999985,22.45,equatorial
18.69,23.11,27.4,19.19,90.33,6.47,0.69,6.17,0.71,0.73,2016-09-29,Ebolowa,2016,9,273,39,56.1,97.3,219.7,509.01,0.840332395713671,0.8513333333333328,23.11,equatorial
16.52,22.9,26.09,20.85,93.06,6.05,0.53,3.69,0.72,0.73,2016-09-30,Ebolowa,2016,9,274,39,56.16,98.81,223.78,512.22,0.8562583894164089,0.6123333333333321,23.11,equatorial
14.13,22.62,25.47,20.57,94.05,7.44,0.75,4.03,0.71,0.73,2016-10-01,Ebolowa,2016,10,275,39,57.21,103.39999999999999,225.07,518.26,0.8871796615453879,0.3286666666666669,23.11,equatorial
17.44,22.4,26.28,19.74,92.32,6.05,0.6,4.74,0.71,0.73,2016-10-02,Ebolowa,2016,10,276,39,49.14,102.72999999999999,223.3,520.72,0.8990105396080947,0.11466666666666825,23.11,equatorial
18.13,22.81,26.92,20.06,90.08,2.21,0.55,5.44,0.71,0.72,2016-10-03,Ebolowa,2016,10,277,40,37.96,99.92,223.29,521.8199999999999,0.903588930845131,0.5076666666666654,23.11,equatorial
10.41,23.07,26.73,20.07,90.91,1.79,0.62,4.07,0.7,0.71,2016-10-04,Ebolowa,2016,10,278,40,34.65,92.94,217.20000000000002,522.07,0.9036417897631794,0.7586666666666702,23.11,equatorial
19.34,22.11,25.01,20.27,92.33,2.54,0.67,3.31,0.7,0.71,2016-10-05,Ebolowa,2016,10,279,40,32.550000000000004,87.3,195.64000000000001,523.85,0.9118266347659713,-0.1843333333333348,23.11,equatorial
16.75,23.18,27.59,19.49,88.35,1.56,0.7,6.17,0.69,0.69,2016-10-06,Ebolowa,2016,10,280,40,27.640000000000004,83.74000000000001,188.89000000000001,524.87,0.9159536111085366,0.8516666666666666,23.18,equatorial
14.23,22.77,26.09,20.4,92.46,1.05,0.52,3.03,0.69,0.69,2016-10-07,Ebolowa,2016,10,281,40,22.640000000000004,78.8,186.5,525.2,0.9164047516421521,0.4499999999999993,23.18,equatorial
17.8,23.14,26.06,20.85,94.32,3.79,0.66,2.84,0.68,0.7,2016-10-08,Ebolowa,2016,10,282,40,18.990000000000002,76.19999999999999,186.91,521.98,0.8979858879891561,0.8116666666666674,23.18,equatorial
17.27,23.57,27.31,20.85,90.48,2.92,0.67,5.52,0.69,0.7,2016-10-09,Ebolowa,2016,10,283,40,15.860000000000003,65.0,186.13,519.93,0.8858354076046023,1.2096666666666671,23.57,equatorial
16.82,23.32,26.59,21.17,91.1,3.21,0.61,4.54,0.68,0.69,2016-10-10,Ebolowa,2016,10,284,41,16.860000000000003,54.82,185.70000000000002,519.04,0.8798852110588223,0.9473333333333365,23.57,equatorial
15.37,23.79,27.82,20.08,87.44,2.84,0.62,6.3,0.68,0.69,2016-10-11,Ebolowa,2016,10,285,41,17.910000000000004,52.559999999999995,183.36,519.32,0.8801745546900688,1.375,23.79,equatorial
20.46,23.62,27.45,20.62,90.19,3.06,0.65,5.08,0.67,0.69,2016-10-12,Ebolowa,2016,10,286,41,18.430000000000003,50.980000000000004,166.27,519.52,0.8800396656085795,1.1209999999999987,23.79,equatorial
11.31,23.11,26.01,21.31,94.1,10.14,0.58,3.19,0.68,0.72,2016-10-13,Ebolowa,2016,10,287,41,27.010000000000005,54.650000000000006,165.87,528.8,0.9282163402617667,0.5586666666666673,23.79,equatorial
10.95,22.68,26.04,20.3,94.09,7.53,0.61,3.52,0.69,0.72,2016-10-14,Ebolowa,2016,10,288,41,33.49,56.13,170.6,535.86,0.964453649541197,0.1146666666666647,23.79,equatorial
16.39,22.56,25.71,20.46,92.51,6.01,0.63,4.13,0.7,0.71,2016-10-15,Ebolowa,2016,10,289,41,35.71000000000001,54.7,165.48999999999998,541.34,0.9921828171098885,-0.015000000000000568,23.79,equatorial
12.78,22.7,26.19,20.29,91.84,4.63,0.51,4.67,0.7,0.71,2016-10-16,Ebolowa,2016,10,290,41,37.42,53.28,165.58,544.59,1.007968178277951,0.09499999999999531,23.79,equatorial
18.6,22.7,26.53,19.92,91.44,6.57,0.53,4.73,0.7,0.72,2016-10-17,Ebolowa,2016,10,291,42,40.78,57.64,169.3,549.9599999999999,1.0349812437596493,0.0940000000000012,23.79,equatorial
9.29,22.61,26.12,20.52,93.64,9.47,0.56,4.94,0.7,0.73,2016-10-18,Ebolowa,2016,10,292,42,47.41000000000001,65.32,172.05,558.27,1.0775388695842414,-0.018666666666668164,23.62,equatorial
17.48,21.69,24.88,19.55,94.09,10.79,0.54,4.22,0.71,0.73,2016-10-19,Ebolowa,2016,10,293,42,55.14,73.57,177.82,567.9399999999999,1.127172416762624,-0.9153333333333364,23.11,equatorial
17.38,22.64,26.82,19.23,91.3,42.89,0.47,6.31,0.74,0.83,2016-10-20,Ebolowa,2016,10,294,42,87.89,114.9,211.94000000000003,608.1700000000001,1.3388837574008199,0.01766666666666339,22.7,equatorial
18.97,23.22,27.14,20.14,89.45,20.01,0.82,5.96,0.8,0.82,2016-10-21,Ebolowa,2016,10,295,42,100.37,133.86,223.77,623.32,1.416395839678099,0.5700000000000003,23.22,equatorial
16.16,23.31,27.1,20.58,89.94,7.42,0.6,5.51,0.78,0.77,2016-10-22,Ebolowa,2016,10,296,42,101.78,137.49,226.07000000000002,630.19,1.449570921646283,0.6066666666666656,23.31,equatorial
17.53,22.93,26.52,19.96,91.75,15.99,0.52,4.57,0.78,0.8,2016-10-23,Ebolowa,2016,10,297,42,113.14,150.56,236.07,640.9300000000001,1.503008401234844,0.20433333333333437,23.31,equatorial
18.46,23.42,26.32,21.12,92.77,13.47,0.52,3.48,0.78,0.79,2016-10-24,Ebolowa,2016,10,298,43,120.04,160.82000000000002,243.15,653.59,1.566217080335204,0.6310000000000002,23.42,equatorial
13.62,22.76,25.5,20.77,96.82,18.59,0.64,2.59,0.78,0.81,2016-10-25,Ebolowa,2016,10,299,43,129.16,176.57000000000002,247.62,670.25,1.6500428016215867,-0.08533333333333104,23.42,equatorial
9.33,22.33,24.89,20.75,95.41,11.69,0.64,2.74,0.79,0.8,2016-10-26,Ebolowa,2016,10,300,43,130.06,185.20000000000002,245.92000000000002,678.78,1.6903553151338513,-0.5176666666666705,23.42,equatorial
14.95,23.06,27.55,19.74,87.75,5.45,0.39,6.06,0.78,0.78,2016-10-27,Ebolowa,2016,10,301,43,92.62,180.51,246.27,681.1800000000001,1.6980898709644465,0.19200000000000017,23.42,equatorial
15.94,22.93,26.62,20.45,90.9,6.73,0.63,4.29,0.77,0.77,2016-10-28,Ebolowa,2016,10,302,43,79.34,179.71,248.36,682.8,1.701662593558616,0.028000000000002245,23.42,equatorial
18.14,22.5,25.19,20.31,95.38,14.77,0.42,2.92,0.77,0.8,2016-10-29,Ebolowa,2016,10,303,43,86.69,188.47,256.66,692.49,1.747505562424199,-0.38166666666666416,23.42,equatorial
12.55,23.12,26.77,20.6,90.79,6.8,0.79,4.8,0.77,0.78,2016-10-30,Ebolowa,2016,10,304,43,77.5,190.64000000000001,257.41,692.97,1.7447350409033624,0.23100000000000165,23.42,equatorial
20.16,23.46,27.09,20.23,90.51,12.01,0.72,5.03,0.77,0.79,2016-10-31,Ebolowa,2016,10,305,44,76.04,196.08,261.98,699.83,1.7753211055086402,0.5430000000000028,23.46,equatorial
6.58,22.57,24.45,21.14,96.65,14.71,0.62,2.26,0.78,0.8,2016-11-01,Ebolowa,2016,11,306,44,72.16,201.32000000000002,270.64000000000004,708.9100000000001,1.8171899543726464,-0.3526666666666678,23.46,equatorial
20.51,23.01,26.8,20.35,90.64,6.2,0.41,4.02,0.78,0.78,2016-11-02,Ebolowa,2016,11,307,44,66.67,196.73,274.63,701.37,1.7721367558377645,0.08066666666666933,23.46,equatorial
14.15,22.2,24.7,20.58,93.81,12.96,0.46,3.76,0.77,0.79,2016-11-03,Ebolowa,2016,11,308,44,74.18,166.8,285.8,704.13,1.7810451868432868,-0.700333333333333,23.46,equatorial
17.24,23.24,27.47,19.6,87.6,1.17,0.76,5.5,0.77,0.76,2016-11-04,Ebolowa,2016,11,309,44,68.61999999999999,147.95999999999998,284.43,697.86,1.743002196970442,0.3019999999999996,23.46,equatorial
13.17,23.33,27.67,19.66,89.1,4.88,0.76,5.59,0.76,0.76,2016-11-05,Ebolowa,2016,11,310,44,58.73,145.42000000000002,287.75,688.4799999999999,1.689170768173413,0.38700000000000045,23.46,equatorial
16.49,22.43,24.57,20.98,97.06,9.75,0.52,2.27,0.76,0.77,2016-11-06,Ebolowa,2016,11,311,44,61.68000000000001,139.18,296.45,694.65,1.7163135898975608,-0.5016666666666652,23.46,equatorial
12.37,22.92,26.21,20.44,92.35,7.75,0.59,4.28,0.76,0.78,2016-11-07,Ebolowa,2016,11,312,45,57.42,133.46,300.41,701.4499999999999,1.7464736391062405,-0.004333333333331524,23.33,equatorial
18.46,23.73,27.58,20.68,87.22,3.98,0.8,5.76,0.76,0.76,2016-11-08,Ebolowa,2016,11,313,45,46.690000000000005,118.85,301.47,703.26,1.7506098707704771,0.8003333333333309,23.73,equatorial
17.02,23.93,27.96,20.13,87.44,3.76,0.92,5.48,0.75,0.76,2016-11-09,Ebolowa,2016,11,314,45,44.25,110.92,302.02000000000004,704.15,1.7499679813112725,0.9800000000000004,23.93,equatorial
12.19,22.89,25.92,21.15,93.62,6.12,0.56,3.16,0.75,0.76,2016-11-10,Ebolowa,2016,11,315,45,37.41,111.59,305.3,707.86,1.7638395336942607,-0.030000000000001137,23.93,equatorial
17.71,22.86,26.53,20.28,90.81,4.03,0.6,4.27,0.75,0.75,2016-11-11,Ebolowa,2016,11,316,45,40.269999999999996,108.89,306.27,706.8100000000001,1.753134168647217,-0.034666666666669954,23.93,equatorial
14.82,23.04,27.16,20.18,86.95,0.48,0.68,4.89,0.75,0.74,2016-11-12,Ebolowa,2016,11,317,45,35.870000000000005,94.60000000000001,296.61,705.4399999999999,1.7408831954386064,0.14766666666666595,23.93,equatorial
17.26,23.41,26.77,19.96,84.63,0.3,0.67,4.06,0.74,0.73,2016-11-13,Ebolowa,2016,11,318,45,26.419999999999998,88.1,289.38000000000005,704.69,1.7319161364928284,0.4933333333333323,23.93,equatorial
16.96,23.49,27.67,19.75,86.02,0.9,0.72,5.41,0.73,0.73,2016-11-14,Ebolowa,2016,11,319,46,19.57,76.99000000000001,284.27,703.66,1.7215952349535664,0.5423333333333318,23.93,equatorial
7.91,22.93,26.57,20.39,90.46,1.59,0.74,3.25,0.73,0.73,2016-11-15,Ebolowa,2016,11,320,46,17.18,63.87,281.23,703.9300000000001,1.7180039234861624,-0.02533333333333232,23.93,equatorial
14.36,23.5,27.65,20.39,88.6,0.47,0.6,4.17,0.72,0.72,2016-11-16,Ebolowa,2016,11,321,46,13.889999999999999,58.14,275.13,702.4599999999999,1.7055679382005682,0.5179999999999971,23.5,equatorial
15.21,23.45,27.52,20.22,87.92,6.14,0.53,4.74,0.72,0.74,2016-11-17,Ebolowa,2016,11,322,46,13.91,51.32,271.8,696.59,1.670819259536403,0.4400000000000013,23.5,equatorial
18.15,23.66,27.62,20.6,87.74,8.22,0.67,5.05,0.73,0.75,2016-11-18,Ebolowa,2016,11,323,46,18.1,58.37,269.23,699.93,1.6832203255931735,0.5843333333333334,23.66,equatorial
17.23,23.08,26.69,20.2,91.8,4.46,0.75,3.34,0.73,0.75,2016-11-19,Ebolowa,2016,11,324,46,22.08,57.95,230.80000000000004,697.72,1.6673165151753304,-0.010333333333331751,23.66,equatorial
15.31,23.13,26.12,21.02,94.33,8.78,0.64,2.55,0.74,0.76,2016-11-20,Ebolowa,2016,11,325,46,30.560000000000002,56.980000000000004,219.57,697.6,1.6621495029543183,0.04266666666666552,23.66,equatorial
14.72,22.78,25.59,20.91,95.24,7.05,0.5,2.36,0.75,0.76,2016-11-21,Ebolowa,2016,11,326,47,36.71,56.28,219.20000000000002,692.19,1.6302044389043264,-0.2896666666666654,23.66,equatorial
15.48,23.57,27.65,20.55,90.29,2.86,0.62,4.11,0.75,0.75,2016-11-22,Ebolowa,2016,11,327,47,37.980000000000004,55.16,206.07000000000002,666.19,1.4941665549216465,0.4789999999999992,23.66,equatorial
20.44,23.96,27.89,20.5,87.07,3.58,0.73,4.2,0.74,0.75,2016-11-23,Ebolowa,2016,11,328,47,41.089999999999996,54.980000000000004,196.18,656.7,1.4426156737362237,0.8510000000000026,23.96,equatorial
18.0,24.5,28.73,21.05,84.5,4.59,0.68,5.48,0.74,0.75,2016-11-24,Ebolowa,2016,11,329,47,39.540000000000006,53.449999999999996,182.18,655.15,1.4315707945009783,1.333000000000002,24.5,equatorial
18.97,23.87,28.11,20.65,89.33,4.48,0.81,5.14,0.74,0.75,2016-11-25,Ebolowa,2016,11,330,47,35.8,53.900000000000006,174.97,656.01,1.4327850855471513,0.6516666666666637,24.5,equatorial
14.22,23.81,27.82,20.82,90.36,5.04,0.71,4.35,0.74,0.75,2016-11-26,Ebolowa,2016,11,331,47,36.38,58.46,174.56000000000003,650.0,1.3992631230298587,0.5666666666666664,24.5,equatorial
16.19,23.69,27.14,21.2,92.09,4.27,0.51,3.27,0.74,0.75,2016-11-27,Ebolowa,2016,11,332,47,31.87,62.43,172.1,636.4499999999999,1.327820445530678,0.4213333333333331,24.5,equatorial
15.59,22.62,24.57,21.42,95.94,7.13,0.4,2.04,0.74,0.76,2016-11-28,Ebolowa,2016,11,333,48,31.95,68.66,164.45999999999998,640.8199999999999,1.3472711893635796,-0.6526666666666685,24.5,equatorial
19.78,23.22,27.28,20.4,89.79,2.22,0.65,4.02,0.74,0.75,2016-11-29,Ebolowa,2016,11,334,48,31.31,69.29,159.88000000000002,641.07,1.3458235120673048,-0.05600000000000449,24.5,equatorial
17.54,23.72,28.01,20.63,89.28,1.92,0.63,4.3,0.74,0.74,2016-11-30,Ebolowa,2016,11,335,48,29.650000000000002,70.74,149.79000000000002,636.8399999999999,1.3217798336235531,0.43533333333333246,24.5,equatorial
8.1,23.4,26.3,20.92,93.01,2.83,0.51,2.62,0.74,0.74,2016-12-01,Ebolowa,2016,12,336,48,27.89,67.43,137.91000000000003,631.85,1.2940231824613564,0.08766666666666367,23.87,equatorial
18.25,23.72,27.78,20.67,89.29,0.15,0.8,3.79,0.73,0.73,2016-12-02,Ebolowa,2016,12,337,48,23.56,59.36,131.85999999999999,629.78,1.2811235239107244,0.38400000000000034,23.81,equatorial
12.77,23.61,27.35,20.89,89.53,0.26,0.7,3.19,0.73,0.73,2016-12-03,Ebolowa,2016,12,338,48,18.779999999999998,55.160000000000004,119.16000000000001,622.16,1.240309804625259,0.2270000000000003,23.72,equatorial
9.53,22.71,24.81,21.28,94.92,0.51,0.45,1.27,0.72,0.73,2016-12-04,Ebolowa,2016,12,339,48,15.02,46.89,118.50000000000001,598.5699999999999,1.119162842415593,-0.6553333333333349,23.72,equatorial
16.34,23.59,27.63,20.39,85.78,0.07,0.64,3.94,0.72,0.72,2016-12-05,Ebolowa,2016,12,340,49,7.96,39.910000000000004,113.69,590.33,1.07583063508373,0.21599999999999753,23.72,equatorial
14.57,23.58,28.1,20.13,85.74,0.19,0.75,4.74,0.72,0.71,2016-12-06,Ebolowa,2016,12,341,49,5.930000000000001,37.24,104.13000000000001,587.0799999999999,1.0578012109220751,0.16766666666666552,23.72,equatorial
16.09,23.37,27.92,20.28,88.27,3.01,0.57,4.61,0.71,0.72,2016-12-07,Ebolowa,2016,12,342,49,7.02,36.67,99.39,586.71,1.0543517159221196,-0.057333333333328795,23.72,equatorial
10.26,22.55,24.98,20.62,94.8,4.22,0.48,2.12,0.71,0.73,2016-12-08,Ebolowa,2016,12,343,49,8.41,36.300000000000004,99.63000000000001,587.23,1.0554021933370932,-0.8379999999999974,23.72,equatorial
16.85,23.22,27.4,20.25,89.02,0.72,0.57,4.0,0.72,0.72,2016-12-09,Ebolowa,2016,12,344,49,8.979999999999999,32.54,96.59,584.31,1.0391091834893178,-0.1443333333333321,23.61,equatorial
16.43,23.7,27.5,20.87,86.78,2.76,0.63,4.09,0.71,0.72,2016-12-10,Ebolowa,2016,12,345,49,11.479999999999999,30.259999999999998,93.23,581.89,1.0253880920981298,0.3086666666666673,23.7,equatorial
17.99,23.85,28.0,19.35,84.17,2.41,0.81,4.81,0.71,0.72,2016-12-11,Ebolowa,2016,12,346,49,13.379999999999999,28.4,91.61,564.15,0.9344576788685607,0.4256666666666682,23.85,equatorial
15.36,23.58,27.85,20.57,87.55,0.87,0.78,4.14,0.71,0.71,2016-12-12,Ebolowa,2016,12,347,50,14.179999999999998,22.14,92.00000000000001,554.4799999999999,0.8844509655523101,0.13766666666666438,23.85,equatorial
13.36,23.66,27.65,19.89,86.33,0.45,0.76,3.74,0.71,0.71,2016-12-13,Ebolowa,2016,12,348,50,14.44,20.37,92.15,552.13,0.8714889240458906,0.20933333333333337,23.85,equatorial
17.71,23.67,28.03,20.25,86.62,0.21,0.63,3.8,0.7,0.7,2016-12-14,Ebolowa,2016,12,349,50,11.639999999999999,18.66,91.46000000000001,541.22,0.815351154470757,0.2133333333333347,23.85,equatorial
15.14,23.65,28.15,20.71,85.76,0.53,0.62,4.43,0.7,0.7,2016-12-15,Ebolowa,2016,12,350,50,7.949999999999999,16.36,90.4,537.21,0.794155827054071,0.16933333333333422,23.85,equatorial
13.61,23.68,27.93,20.4,86.43,0.88,0.71,3.97,0.69,0.7,2016-12-16,Ebolowa,2016,12,351,50,8.11,17.09,90.81,535.24,0.7833022897122818,0.19333333333333158,23.85,equatorial
16.99,24.17,28.49,20.39,84.75,0.09,0.8,4.46,0.69,0.69,2016-12-17,Ebolowa,2016,12,352,50,5.44,16.919999999999998,84.76,528.61,0.7489241037868535,0.6593333333333327,24.17,equatorial
16.74,24.26,28.76,20.53,82.07,0.04,0.88,4.91,0.69,0.69,2016-12-18,Ebolowa,2016,12,353,50,3.07,16.45,76.58000000000001,523.63,0.7229394821850159,0.7293333333333365,24.26,equatorial
18.78,23.77,28.66,19.87,79.11,0.04,0.71,5.49,0.68,0.68,2016-12-19,Ebolowa,2016,12,354,51,2.2399999999999998,16.42,72.16,514.9,0.678029787322015,0.21633333333333127,24.26,equatorial
18.79,23.1,28.38,18.05,77.28,0.01,1.07,5.23,0.67,0.68,2016-12-20,Ebolowa,2016,12,355,51,1.8,16.24,63.39000000000001,506.73,0.6360092237732335,-0.45266666666666566,24.26,equatorial
18.17,24.04,28.8,19.59,74.66,0.0,0.63,5.2,0.67,0.67,2016-12-21,Ebolowa,2016,12,356,51,1.59,13.229999999999999,56.34000000000001,501.61,0.6094738799010337,0.445333333333334,24.26,equatorial
16.38,24.32,29.23,20.44,80.93,0.24,0.77,5.07,0.67,0.67,2016-12-22,Ebolowa,2016,12,357,51,1.3,9.249999999999998,53.72000000000001,495.86,0.5797753723670321,0.700333333333333,24.32,equatorial
18.51,24.49,29.48,20.53,82.21,0.63,0.86,5.15,0.66,0.67,2016-12-23,Ebolowa,2016,12,358,51,1.0499999999999998,9.16,50.77,490.1,0.5500537465133983,0.8526666666666642,24.49,equatorial
18.19,24.41,28.73,21.1,86.98,0.53,0.71,4.28,0.66,0.67,2016-12-24,Ebolowa,2016,12,359,51,1.49,6.93,46.71000000000001,476.51,0.48065691795839616,0.7756666666666661,24.49,equatorial
18.22,23.86,27.35,21.54,88.93,0.45,0.72,2.76,0.66,0.67,2016-12-25,Ebolowa,2016,12,360,51,1.9,4.97,42.68000000000001,463.57,0.41459842555292775,0.2259999999999991,24.49,equatorial
13.4,22.76,25.15,21.12,92.53,0.92,0.66,1.88,0.66,0.68,2016-12-26,Ebolowa,2016,12,361,52,2.7800000000000002,5.02,38.56,459.39,0.3930431421141673,-0.8389999999999986,24.49,equatorial
14.89,22.72,26.81,19.68,84.09,0.24,0.67,3.39,0.66,0.67,2016-12-27,Ebolowa,2016,12,362,52,3.0100000000000002,4.81,34.53000000000001,454.99,0.37037962311901984,-0.8466666666666676,24.49,equatorial
16.35,22.93,28.06,19.59,83.58,1.08,0.73,4.0,0.66,0.67,2016-12-28,Ebolowa,2016,12,363,52,4.09,5.68,28.480000000000008,449.6,0.3426923865141269,-0.6469999999999985,24.49,equatorial
15.5,23.03,27.62,18.77,79.91,1.03,0.96,4.33,0.66,0.67,2016-12-29,Ebolowa,2016,12,364,52,4.88,6.180000000000001,27.290000000000006,444.58000000000004,0.3168960299102459,-0.5406666666666666,24.49,equatorial
17.52,23.06,28.31,18.15,81.48,1.08,0.88,4.44,0.66,0.67,2016-12-30,Ebolowa,2016,12,365,52,5.33,6.38,26.450000000000006,438.22,0.28428635165448896,-0.4886666666666706,24.41,equatorial
17.78,23.65,28.7,20.39,86.56,1.93,0.8,4.41,0.66,0.67,2016-12-31,Ebolowa,2016,12,366,52,6.73,8.22,25.550000000000008,434.1,0.2630925313346207,0.09299999999999997,23.86,equatorial
18.96,23.84,28.62,19.93,82.59,0.13,0.64,4.03,0.66,0.67,2017-01-01,Ebolowa,2017,1,1,52,6.41,8.31,25.530000000000005,432.02000000000004,0.2522998174326652,0.2789999999999999,23.84,equatorial
19.27,23.48,28.92,19.26,82.49,0.09,0.94,4.66,0.65,0.66,2017-01-02,Ebolowa,2017,1,2,1,5.58,8.36,25.360000000000007,430.32,0.24344720946560214,-0.07666666666666799,23.84,equatorial
19.26,23.52,28.72,18.64,76.59,0.02,0.8,5.07,0.65,0.65,2017-01-03,Ebolowa,2017,1,3,1,5.359999999999999,8.370000000000001,24.870000000000008,427.8,0.23041170140810957,-0.06366666666666632,23.84,equatorial
18.57,23.55,29.33,19.0,82.24,0.12,0.82,4.7,0.65,0.65,2017-01-04,Ebolowa,2017,1,4,1,4.3999999999999995,8.49,24.920000000000005,426.36,0.22289338599278652,-0.032333333333330216,23.84,equatorial
18.54,23.84,29.32,19.99,83.36,0.1,0.69,4.5,0.64,0.65,2017-01-05,Ebolowa,2017,1,5,1,3.47,8.35,24.83000000000001,425.41,0.21788020879449785,0.24899999999999878,23.84,equatorial
19.1,24.14,28.97,20.26,83.16,0.5,0.69,4.2,0.64,0.65,2017-01-06,Ebolowa,2017,1,6,1,2.8899999999999997,8.22,22.320000000000007,422.12,0.20090294748520487,0.5233333333333334,24.14,equatorial
18.19,23.93,28.73,20.26,85.7,0.92,0.75,4.04,0.64,0.65,2017-01-07,Ebolowa,2017,1,7,1,1.88,8.610000000000001,19.020000000000007,420.12,0.19052818653685644,0.2673333333333332,24.14,equatorial
17.96,23.32,27.74,20.54,87.29,0.63,0.8,3.32,0.64,0.65,2017-01-08,Ebolowa,2017,1,8,1,2.38,8.79,18.930000000000007,417.54,0.17718500911770302,-0.3460000000000001,24.14,equatorial
20.81,23.46,29.29,19.7,82.05,0.55,0.96,4.88,0.64,0.64,2017-01-09,Ebolowa,2017,1,9,2,2.84,8.42,16.720000000000006,415.25,0.16532892634003704,-0.1980000000000004,24.14,equatorial
19.85,23.03,28.52,19.46,85.57,0.94,0.81,4.1,0.63,0.64,2017-01-10,Ebolowa,2017,1,10,2,3.76,9.12,15.250000000000007,413.13,0.15434544538236386,-0.6006666666666653,24.14,equatorial
17.92,23.86,29.43,20.01,82.13,0.09,0.84,4.55,0.63,0.64,2017-01-11,Ebolowa,2017,1,11,2,3.73,8.129999999999999,14.470000000000008,403.08,0.102678933990582,0.21999999999999886,24.14,equatorial
13.16,23.01,27.5,20.61,85.81,0.21,0.73,3.11,0.63,0.64,2017-01-12,Ebolowa,2017,1,12,2,3.84,7.31,14.230000000000008,395.76000000000005,0.06502906990355044,-0.6083333333333307,24.14,equatorial
17.82,23.6,28.94,19.78,84.38,0.02,0.65,3.8,0.63,0.64,2017-01-13,Ebolowa,2017,1,13,2,3.36,6.25,14.040000000000008,389.77000000000004,0.034212228561895396,-0.015999999999998238,23.93,equatorial
19.81,24.39,29.96,20.39,82.71,0.01,0.67,4.11,0.63,0.63,2017-01-14,Ebolowa,2017,1,14,2,2.45,4.33,13.520000000000007,385.15,0.01043841019071163,0.7493333333333325,24.39,equatorial
17.71,24.4,29.77,20.23,82.59,0.03,0.62,4.17,0.62,0.63,2017-01-15,Ebolowa,2017,1,15,2,1.85,4.23,12.670000000000009,378.61,-0.02321259112774207,0.7353333333333332,24.4,equatorial
15.95,24.31,28.72,21.19,86.71,0.24,0.61,2.91,0.62,0.63,2017-01-16,Ebolowa,2017,1,16,3,1.54,4.38,12.820000000000007,369.38,-0.07071106738370679,0.6406666666666645,24.4,equatorial
20.44,24.5,29.28,21.33,83.29,0.07,0.76,3.77,0.62,0.63,2017-01-17,Ebolowa,2017,1,17,3,0.6699999999999999,4.43,12.850000000000007,358.66,-0.12588386301307103,0.8226666666666667,24.5,equatorial
17.45,24.2,28.88,20.9,85.32,0.15,0.67,3.34,0.62,0.63,2017-01-18,Ebolowa,2017,1,18,3,0.73,4.46,12.960000000000008,315.92,-0.3460817678561535,0.5083333333333329,24.5,equatorial
16.96,24.68,29.71,20.75,81.29,0.06,0.68,3.92,0.62,0.62,2017-01-19,Ebolowa,2017,1,19,3,0.5800000000000001,4.42,13.010000000000009,295.97,-0.4486867390185387,0.9356666666666662,24.68,equatorial
16.43,24.59,29.38,21.05,84.77,0.26,0.79,3.46,0.62,0.62,2017-01-20,Ebolowa,2017,1,20,3,0.8200000000000001,4.180000000000001,13.270000000000008,288.81,-0.48526078818754914,0.8273333333333319,24.68,equatorial
17.06,24.41,28.6,21.11,86.56,0.03,0.65,2.84,0.61,0.62,2017-01-21,Ebolowa,2017,1,21,3,0.8400000000000001,3.29,13.060000000000008,272.85,-0.5672195161740794,0.6443333333333321,24.68,equatorial
15.55,24.42,28.72,21.48,85.7,0.04,0.72,2.95,0.61,0.62,2017-01-22,Ebolowa,2017,1,22,3,0.85,2.7,12.470000000000008,259.42,-0.6360434216938587,0.6566666666666698,24.68,equatorial
6.17,23.24,26.32,21.29,90.66,0.16,0.75,1.78,0.61,0.62,2017-01-23,Ebolowa,2017,1,23,4,0.77,2.31,12.100000000000009,240.98999999999998,-0.7305990519516755,-0.4843333333333355,24.68,equatorial
21.71,23.79,28.51,20.94,84.3,0.02,1.0,3.52,0.61,0.62,2017-01-24,Ebolowa,2017,1,24,4,0.72,1.3900000000000001,11.670000000000007,229.32,-0.7901110255691655,0.06800000000000139,24.68,equatorial
18.0,24.14,29.22,19.94,82.34,0.03,0.76,3.89,0.61,0.61,2017-01-25,Ebolowa,2017,1,25,4,0.6000000000000001,1.3299999999999998,10.780000000000006,223.9,-0.8172501442800486,0.37200000000000344,24.68,equatorial
16.98,23.95,28.36,21.03,87.49,4.43,0.68,3.12,0.61,0.64,2017-01-26,Ebolowa,2017,1,26,4,4.97,5.55,14.970000000000006,221.6,-0.8282288357465803,0.14099999999999824,24.59,equatorial
16.86,23.77,28.11,20.61,87.55,2.29,0.71,3.43,0.62,0.64,2017-01-27,Ebolowa,2017,1,27,4,7.0,7.82,16.180000000000007,209.12,-0.8917674335171655,-0.06700000000000017,24.42,equatorial
17.27,23.8,28.48,20.69,85.9,1.12,0.84,3.68,0.62,0.63,2017-01-28,Ebolowa,2017,1,28,4,8.09,8.93,16.270000000000007,203.44,-0.9200499445524416,-0.0626666666666651,24.42,equatorial
18.32,24.01,28.85,20.85,85.7,1.99,0.71,3.9,0.62,0.63,2017-01-29,Ebolowa,2017,1,29,4,10.040000000000001,10.89,17.180000000000007,193.42000000000002,-0.9706829144572307,0.11566666666666592,24.14,equatorial
16.54,24.36,29.69,20.72,84.29,1.77,0.64,4.3,0.62,0.63,2017-01-30,Ebolowa,2017,1,30,5,11.65,12.42,17.020000000000007,180.48,-1.036263534401825,0.4419999999999966,24.36,equatorial
14.97,23.7,27.89,20.72,87.49,1.28,0.79,3.26,0.61,0.62,2017-01-31,Ebolowa,2017,1,31,5,12.91,13.629999999999999,18.17000000000001,175.56,-1.0602540988852922,-0.2133333333333347,24.36,equatorial
18.97,24.15,28.98,21.09,83.68,0.67,0.8,3.8,0.61,0.62,2017-02-01,Ebolowa,2017,2,32,5,13.55,14.15,18.750000000000007,163.27,-1.1222104759995788,0.21433333333333238,24.36,equatorial
18.92,24.44,30.05,20.74,81.84,0.43,0.87,4.62,0.61,0.61,2017-02-02,Ebolowa,2017,2,33,5,9.55,14.520000000000001,19.160000000000004,162.53,-1.1243705132247421,0.47366666666666646,24.44,equatorial
19.17,24.49,29.93,20.66,81.75,0.57,0.69,4.22,0.6,0.61,2017-02-03,Ebolowa,2017,2,34,5,7.83,14.829999999999998,19.610000000000007,158.22,-1.1449409051920123,0.49233333333333107,24.49,equatorial
16.82,24.81,30.4,20.5,81.6,0.72,0.75,4.66,0.6,0.6,2017-02-04,Ebolowa,2017,2,35,5,7.43,15.52,20.230000000000008,149.19,-1.1897800530582578,0.7800000000000011,24.81,equatorial
17.57,24.77,29.88,20.99,83.89,2.75,0.75,4.36,0.6,0.61,2017-02-05,Ebolowa,2017,2,36,5,8.19,18.23,22.480000000000004,144.19,-1.213680453930685,0.7190000000000012,24.81,equatorial
17.27,24.63,29.9,21.48,83.96,1.42,0.84,4.24,0.6,0.61,2017-02-06,Ebolowa,2017,2,37,6,7.84,19.490000000000002,22.980000000000008,141.63,-1.224918390972987,0.5556666666666672,24.81,equatorial
18.33,23.93,28.25,21.3,85.81,0.89,0.99,3.46,0.6,0.6,2017-02-07,Ebolowa,2017,2,38,6,7.449999999999999,20.36,23.240000000000006,138.76000000000002,-1.2377106664335635,-0.16466666666666896,24.81,equatorial
18.16,24.14,29.58,20.32,82.12,0.78,0.87,4.24,0.59,0.6,2017-02-08,Ebolowa,2017,2,39,6,7.56,21.11,23.47000000000001,133.42000000000002,-1.263169268007654,0.0226666666666695,24.81,equatorial
17.62,24.08,28.92,20.63,83.98,0.52,0.82,3.56,0.59,0.6,2017-02-09,Ebolowa,2017,2,40,6,7.65,17.2,23.050000000000008,129.91,-1.2791066084972897,-0.07233333333333647,24.81,equatorial
18.41,24.36,29.54,21.43,84.42,0.88,0.96,3.76,0.59,0.59,2017-02-10,Ebolowa,2017,2,41,6,7.96,15.790000000000001,23.840000000000007,130.31,-1.274867433920632,0.1910000000000025,24.81,equatorial
17.87,24.44,29.81,20.79,82.24,0.7,0.9,4.32,0.59,0.59,2017-02-11,Ebolowa,2017,2,42,6,7.9399999999999995,15.37,24.330000000000005,130.71,-1.2706479911648536,0.22333333333333627,24.77,equatorial
18.75,24.65,29.67,21.29,83.46,0.46,0.78,3.65,0.58,0.59,2017-02-12,Ebolowa,2017,2,43,6,5.65,13.84,24.770000000000007,130.26999999999998,-1.2707653041928528,0.39833333333333343,24.65,equatorial
18.6,25.23,31.39,21.25,81.92,1.74,0.65,4.62,0.58,0.59,2017-02-13,Ebolowa,2017,2,44,7,5.97,13.81,26.500000000000004,130.42,-1.2678528993383582,0.950333333333333,25.23,equatorial
17.76,25.26,31.22,20.86,79.04,0.73,0.72,4.59,0.58,0.58,2017-02-14,Ebolowa,2017,2,45,7,5.8100000000000005,13.26,27.200000000000006,130.68,-1.2643895464004509,0.951666666666668,25.26,equatorial
16.99,24.25,28.8,21.24,84.67,1.29,0.85,3.41,0.58,0.58,2017-02-15,Ebolowa,2017,2,46,7,6.32,13.879999999999999,28.250000000000004,125.83000000000001,-1.2871742597058526,-0.056333333333331126,25.26,equatorial
16.06,23.87,28.36,21.28,84.79,0.37,0.82,3.03,0.58,0.58,2017-02-16,Ebolowa,2017,2,47,7,6.17,13.819999999999999,28.550000000000004,117.97999999999999,-1.3252529249304443,-0.41533333333332934,25.26,equatorial
12.28,22.75,25.39,21.04,87.29,0.76,0.51,1.94,0.58,0.59,2017-02-17,Ebolowa,2017,2,48,7,6.05,14.01,29.160000000000007,114.28,-1.341881773467028,-1.4870000000000019,25.26,equatorial
20.88,23.38,28.22,19.91,80.91,0.22,0.81,3.06,0.58,0.58,2017-02-18,Ebolowa,2017,2,49,7,5.569999999999999,13.51,29.320000000000007,105.72,-1.38333580400108,-0.8136666666666663,25.26,equatorial
16.94,23.78,29.66,19.4,81.12,0.74,0.68,4.03,0.58,0.58,2017-02-19,Ebolowa,2017,2,50,7,5.85,11.5,29.800000000000004,99.41,-1.4130651636522036,-0.3866666666666667,25.26,equatorial
18.14,24.38,29.44,20.61,81.96,0.08,0.64,3.58,0.57,0.57,2017-02-20,Ebolowa,2017,2,51,8,4.19,10.16,29.850000000000005,96.63,-1.4245835808547518,0.21433333333333593,25.26,equatorial
17.74,24.9,30.34,20.57,79.82,0.0,0.8,3.97,0.57,0.57,2017-02-21,Ebolowa,2017,2,52,8,3.46,9.27,29.810000000000006,93.05,-1.4401333144246005,0.7183333333333302,24.9,equatorial
18.35,25.11,30.94,20.86,80.33,0.02,0.7,4.06,0.57,0.57,2017-02-22,Ebolowa,2017,2,53,8,2.19,8.51,29.670000000000005,88.48,-1.4606587245989755,0.8660000000000032,25.11,equatorial
18.51,25.09,29.68,21.52,81.63,0.04,0.76,3.37,0.56,0.56,2017-02-23,Ebolowa,2017,2,54,8,1.86,8.03,29.690000000000005,84.03999999999999,-1.4804093873696487,0.8026666666666671,25.11,equatorial
15.56,24.61,28.66,21.8,82.14,0.05,0.57,2.9,0.56,0.56,2017-02-24,Ebolowa,2017,2,55,8,1.1500000000000001,7.199999999999999,29.710000000000004,79.05000000000001,-1.5028548614263142,0.3069999999999986,25.11,equatorial
18.13,24.87,30.34,20.8,79.8,0.19,0.73,3.94,0.56,0.56,2017-02-25,Ebolowa,2017,2,56,8,1.12,6.69,25.47000000000001,74.97,-1.5205353015263128,0.5363333333333351,25.11,equatorial
18.3,24.76,30.2,21.03,81.33,0.32,0.61,3.48,0.56,0.56,2017-02-26,Ebolowa,2017,2,57,8,0.7,6.55,23.500000000000007,68.16,-1.5520072927134625,0.3933333333333344,25.11,equatorial
19.27,24.57,29.59,21.2,81.21,0.27,0.81,3.48,0.55,0.56,2017-02-27,Ebolowa,2017,2,58,9,0.8900000000000001,5.08,22.65000000000001,66.21,-1.5585751473849958,0.17766666666666708,25.11,equatorial
17.78,24.6,30.06,20.59,79.53,0.2,0.74,3.65,0.55,0.55,2017-02-28,Ebolowa,2017,2,59,9,1.09,4.55,20.860000000000007,64.49,-1.5639352680160754,0.18800000000000594,25.11,equatorial
17.03,24.58,29.19,21.14,81.35,0.28,0.59,3.04,0.55,0.55,2017-03-01,Ebolowa,2017,3,60,9,1.35,3.54,19.370000000000008,61.94,-1.5734756832611843,0.16066666666666762,25.09,equatorial
19.33,25.65,31.56,21.32,75.94,0.02,0.6,4.61,0.55,0.55,2017-03-02,Ebolowa,2017,3,61,9,1.33,3.19,18.110000000000007,61.81,-1.570687254684403,1.1656666666666666,25.65,equatorial
17.01,24.47,28.77,21.96,84.46,0.03,0.75,2.39,0.54,0.55,2017-03-03,Ebolowa,2017,3,62,9,1.31,2.46,17.470000000000006,61.58,-1.5684239013432795,-0.02500000000000213,25.65,equatorial
18.21,24.5,28.96,21.3,83.81,0.04,0.55,2.54,0.54,0.55,2017-03-04,Ebolowa,2017,3,63,9,1.1600000000000001,2.2800000000000002,17.08000000000001,61.11,-1.567390420664588,0.0030000000000001137,25.65,equatorial
15.68,24.4,28.08,21.74,86.03,0.04,0.55,2.01,0.54,0.55,2017-03-05,Ebolowa,2017,3,64,9,0.88,1.5799999999999998,16.550000000000008,61.08,-1.564139572720951,-0.09399999999999764,25.65,equatorial
17.01,24.08,27.79,21.51,86.03,0.32,0.86,2.2,0.54,0.55,2017-03-06,Ebolowa,2017,3,65,10,0.9300000000000002,1.82,16.150000000000006,61.21,-1.560101519368677,-0.3896666666666704,25.65,equatorial
14.41,23.26,27.22,20.91,89.57,4.71,0.71,2.9,0.55,0.58,2017-03-07,Ebolowa,2017,3,66,10,5.44,6.53,18.110000000000007,62.910000000000004,-1.548164104594257,-1.1593333333333327,25.65,equatorial
19.54,24.48,30.4,20.75,82.84,3.79,0.7,4.79,0.55,0.58,2017-03-08,Ebolowa,2017,3,67,10,8.95,10.3,20.480000000000004,62.48,-1.5470425612316165,0.06566666666666521,25.65,equatorial
18.72,24.02,28.06,21.32,88.6,12.55,0.72,3.74,0.56,0.63,2017-03-09,Ebolowa,2017,3,68,10,21.48,22.810000000000002,32.14000000000001,74.31,-1.4841365651101606,-0.3973333333333322,24.5,equatorial
15.3,22.87,25.53,21.34,94.01,14.49,0.73,2.37,0.6,0.69,2017-03-10,Ebolowa,2017,3,69,10,35.94,37.25,45.85000000000001,86.04,-1.4220719022888413,-1.504999999999999,24.5,equatorial
8.38,23.22,26.82,21.03,91.54,7.96,0.7,3.18,0.61,0.65,2017-03-11,Ebolowa,2017,3,70,10,43.86,45.02,53.290000000000006,91.59,-1.3914411706663976,-1.126333333333335,24.48,equatorial
17.87,23.03,25.93,21.14,91.76,4.6,0.72,2.56,0.62,0.65,2017-03-12,Ebolowa,2017,3,71,10,48.42,49.300000000000004,57.01000000000001,95.32000000000001,-1.3701202537095793,-1.272000000000002,24.48,equatorial
18.72,23.47,27.24,21.56,90.04,3.3,0.56,2.82,0.62,0.63,2017-03-13,Ebolowa,2017,3,72,11,51.4,52.33,59.61000000000001,98.17,-1.353327824512864,-0.7996666666666705,24.48,equatorial
16.76,23.86,28.14,20.89,90.69,10.19,0.55,4.02,0.62,0.67,2017-03-14,Ebolowa,2017,3,73,11,56.879999999999995,62.32000000000001,69.34,108.14999999999999,-1.3007478394244871,-0.3833333333333364,24.48,equatorial
17.93,23.14,26.13,21.39,92.83,2.84,0.81,2.67,0.63,0.65,2017-03-15,Ebolowa,2017,3,74,11,55.93,64.88,70.44000000000001,110.46,-1.2869588110955734,-1.0336666666666687,24.02,equatorial
19.23,23.47,28.09,20.44,89.11,1.72,0.63,3.92,0.62,0.63,2017-03-16,Ebolowa,2017,3,75,11,45.099999999999994,66.58000000000001,71.43,111.3,-1.2806175416833556,-0.6439999999999984,23.86,equatorial
19.07,24.3,29.08,21.32,86.78,4.02,0.72,4.89,0.61,0.63,2017-03-17,Ebolowa,2017,3,76,11,34.63,70.57000000000001,74.16000000000001,115.22999999999999,-1.2587756593675155,0.1843333333333348,24.3,equatorial
17.02,24.71,29.21,21.04,86.7,5.58,0.55,4.94,0.61,0.65,2017-03-18,Ebolowa,2017,3,77,11,32.25,76.11,79.37,120.77,-1.2289311666539375,0.5663333333333327,24.71,equatorial
10.06,24.82,29.59,21.43,86.75,4.87,0.61,5.33,0.61,0.64,2017-03-19,Ebolowa,2017,3,78,11,32.519999999999996,80.94000000000001,83.48,125.6,-1.2027646081290089,0.6073333333333331,24.82,equatorial
15.91,24.22,27.84,21.91,91.06,10.57,0.63,3.58,0.62,0.67,2017-03-20,Ebolowa,2017,3,79,12,39.79,91.19,93.83000000000001,136.16,-1.1479107619673692,-0.020666666666667055,24.82,equatorial
15.17,24.25,28.33,21.4,89.18,5.34,0.52,4.37,0.62,0.65,2017-03-21,Ebolowa,2017,3,80,12,34.94,91.82000000000001,98.43,141.5,-1.1194513609918353,-0.006333333333333968,24.82,equatorial
13.61,23.08,26.65,21.18,92.2,5.55,0.93,3.87,0.63,0.66,2017-03-22,Ebolowa,2017,3,81,12,37.65,93.58,103.9,146.81,-1.0912306098886446,-1.1330000000000027,24.82,equatorial
10.05,23.13,27.06,20.3,88.03,1.35,0.57,3.57,0.62,0.64,2017-03-23,Ebolowa,2017,3,82,12,37.279999999999994,82.38,105.25000000000001,147.53,-1.0861454264986348,-1.0239999999999974,24.82,equatorial
20.23,23.84,28.39,20.5,86.34,1.71,0.67,4.46,0.62,0.63,2017-03-24,Ebolowa,2017,3,83,12,34.97,69.6,106.94,148.71,-1.078766580828493,-0.2716666666666683,24.82,equatorial
19.78,23.61,27.19,20.9,90.72,2.36,0.58,3.41,0.61,0.63,2017-03-25,Ebolowa,2017,3,84,12,31.75,64.0,109.26,150.62,-1.0677446862982725,-0.4523333333333355,24.82,equatorial
19.94,24.67,29.15,21.3,88.16,3.32,0.62,5.0,0.61,0.63,2017-03-26,Ebolowa,2017,3,85,12,30.200000000000003,62.72,112.53000000000002,153.01999999999998,-1.0542945516384439,0.6056666666666715,24.67,equatorial
17.9,24.42,28.27,21.99,91.97,6.28,0.65,3.88,0.61,0.64,2017-03-27,Ebolowa,2017,3,86,13,25.910000000000004,65.7,118.62,159.05999999999997,-1.0226042822043981,0.3706666666666685,24.67,equatorial
14.75,23.99,27.6,21.32,90.83,1.83,0.58,3.12,0.61,0.63,2017-03-28,Ebolowa,2017,3,87,13,22.4,57.34,120.13000000000001,159.81,-1.0175602259059677,-0.03366666666666873,24.67,equatorial
21.22,24.48,28.64,21.34,86.3,0.6,0.8,4.18,0.6,0.61,2017-03-29,Ebolowa,2017,3,88,13,17.450000000000003,55.1,120.46000000000001,159.38,-1.0184557955176086,0.45933333333333337,24.67,equatorial
18.75,24.36,28.72,21.32,87.42,2.67,0.65,4.73,0.6,0.62,2017-03-30,Ebolowa,2017,3,89,13,18.77,56.050000000000004,122.93,160.97,-1.0092073201056149,0.34733333333333505,24.67,equatorial
21.45,23.57,26.17,21.8,93.47,3.83,0.58,2.31,0.6,0.63,2017-03-31,Ebolowa,2017,3,90,13,20.89,55.86,126.48,162.87,-0.9984264458150777,-0.4089999999999989,24.67,equatorial
20.38,24.17,28.32,21.67,89.96,8.54,0.6,3.88,0.6,0.65,2017-04-01,Ebolowa,2017,4,91,13,27.07,58.82,135.0,171.27999999999997,-0.9549785566448041,0.24033333333333573,24.67,equatorial
19.92,24.48,28.26,21.26,86.99,5.06,0.53,4.44,0.61,0.65,2017-04-02,Ebolowa,2017,4,92,13,28.81,59.01,140.03,176.25,-0.9289056060473309,0.5500000000000007,24.48,equatorial
16.13,24.23,28.44,21.66,86.55,3.23,0.92,5.12,0.61,0.63,2017-04-03,Ebolowa,2017,4,93,14,25.76,51.67,143.22000000000003,179.46,-0.9117298017089154,0.30900000000000105,24.48,equatorial
21.06,24.22,28.65,20.21,85.81,4.95,0.79,5.59,0.6,0.63,2017-04-04,Ebolowa,2017,4,94,14,28.88,51.28,148.13,184.29,-0.8864493053800204,0.30499999999999616,24.48,equatorial
17.63,23.47,26.41,21.24,94.36,11.62,0.53,3.03,0.61,0.68,2017-04-05,Ebolowa,2017,4,95,14,39.9,57.35,159.43,195.81,-0.8275919254572063,-0.4246666666666705,24.48,equatorial
12.72,23.22,25.98,21.46,94.0,19.84,0.78,3.76,0.64,0.72,2017-04-06,Ebolowa,2017,4,96,14,57.06999999999999,75.84,174.56,215.15,-0.7295048812646804,-0.673333333333332,24.48,equatorial
20.26,24.13,28.53,20.41,86.19,0.79,0.7,6.03,0.65,0.65,2017-04-07,Ebolowa,2017,4,97,14,54.029999999999994,74.92,171.56,215.01999999999998,-0.7294842285818829,0.24833333333333485,24.48,equatorial
20.73,24.44,28.72,20.85,87.06,3.3,0.58,5.7,0.63,0.65,2017-04-08,Ebolowa,2017,4,98,14,48.78999999999999,75.86,162.31,217.69,-0.7153756007152167,0.5443333333333342,24.48,equatorial
14.79,23.73,26.54,21.69,92.36,10.36,0.52,3.94,0.63,0.68,2017-04-09,Ebolowa,2017,4,99,14,54.09,82.89999999999999,158.18,227.5,-0.6653439043213555,-0.1943333333333328,24.44,equatorial
17.29,23.94,27.49,21.49,93.33,5.79,0.54,4.0,0.64,0.67,2017-04-10,Ebolowa,2017,4,100,15,56.65,82.41,156.01,232.35,-0.6403427753145063,-0.008333333333329307,24.44,equatorial
16.15,24.17,27.63,21.69,92.33,5.5,0.68,4.53,0.64,0.67,2017-04-11,Ebolowa,2017,4,101,15,57.2,86.08,156.91,237.76,-0.6125450917887351,0.1836666666666673,24.44,equatorial
19.45,23.91,27.75,21.21,90.93,6.39,0.83,4.75,0.64,0.67,2017-04-12,Ebolowa,2017,4,102,15,51.97,91.87,160.0,243.94,-0.5808913457480546,-0.09099999999999753,24.44,equatorial
10.03,23.3,26.41,20.78,93.98,16.61,0.71,4.55,0.64,0.71,2017-04-13,Ebolowa,2017,4,103,15,48.739999999999995,105.81,166.42,260.53,-0.4967657353744142,-0.6823333333333288,24.44,equatorial
19.83,23.51,27.26,21.03,91.22,8.68,0.53,5.13,0.66,0.7,2017-04-14,Ebolowa,2017,4,104,15,56.629999999999995,110.66,172.26,269.2,-0.4526490067890835,-0.48466666666666214,24.44,equatorial
21.02,22.82,24.53,21.08,97.3,11.47,0.52,2.38,0.67,0.72,2017-04-15,Ebolowa,2017,4,105,15,64.8,113.58999999999999,182.01,280.64000000000004,-0.394568032701573,-1.1530000000000022,24.17,equatorial
18.3,24.05,27.35,21.26,91.71,3.19,0.67,4.07,0.67,0.68,2017-04-16,Ebolowa,2017,4,106,15,57.63,111.72,181.18,283.59000000000003,-0.3793943590832083,0.0853333333333346,24.17,equatorial
18.1,23.69,26.83,21.53,93.58,12.65,0.7,3.7,0.66,0.7,2017-04-17,Ebolowa,2017,4,107,16,64.49,121.14,188.25,296.17,-0.3155537694808782,-0.24066666666666237,24.17,equatorial
18.68,23.0,25.09,21.34,94.36,5.32,0.63,2.33,0.68,0.71,2017-04-18,Ebolowa,2017,4,108,16,64.31,121.51,188.7,301.34,-0.28920146343641717,-0.870000000000001,24.05,equatorial
22.04,23.79,27.98,20.27,88.8,0.58,0.84,5.2,0.66,0.67,2017-04-19,Ebolowa,2017,4,109,16,58.49999999999999,110.47,178.71,301.85999999999996,-0.28638384620519386,-0.06566666666666521,24.05,equatorial
15.73,23.67,27.04,21.31,91.86,1.13,0.62,3.18,0.65,0.66,2017-04-20,Ebolowa,2017,4,110,16,43.02,91.75999999999999,174.5,302.73,-0.28179509465098246,-0.1663333333333341,24.05,equatorial
18.78,23.55,26.53,21.44,93.42,5.77,0.53,3.83,0.65,0.67,2017-04-21,Ebolowa,2017,4,111,16,40.11000000000001,96.74,174.72000000000003,308.47,-0.25253748423800915,-0.3019999999999996,24.05,equatorial
19.36,23.44,26.09,21.39,95.6,16.76,0.46,3.48,0.66,0.72,2017-04-22,Ebolowa,2017,4,112,16,45.4,110.2,190.13,325.19,-0.16762844953757025,-0.42233333333333434,24.05,equatorial
17.88,23.33,26.27,21.42,93.52,5.16,0.55,3.34,0.67,0.7,2017-04-23,Ebolowa,2017,4,113,16,47.370000000000005,105.0,193.58,330.19,-0.14216699909864702,-0.5153333333333343,23.79,equatorial
17.92,23.41,26.61,21.19,90.19,2.12,0.55,3.79,0.67,0.68,2017-04-24,Ebolowa,2017,4,114,17,36.84,101.33,193.34,332.28999999999996,-0.13142398113229575,-0.42866666666666475,23.79,equatorial
15.46,22.98,25.92,20.35,92.37,5.24,0.57,3.66,0.66,0.68,2017-04-25,Ebolowa,2017,4,115,17,36.760000000000005,101.07,195.26000000000002,337.5,-0.1048892098225294,-0.8023333333333333,23.79,equatorial
18.17,24.01,28.14,20.47,86.97,1.51,0.76,6.3,0.65,0.67,2017-04-26,Ebolowa,2017,4,116,17,37.690000000000005,96.19,190.49,334.58,-0.1196628457813359,0.24133333333333695,24.01,equatorial
20.85,24.39,28.58,20.66,86.48,1.04,0.7,5.98,0.64,0.65,2017-04-27,Ebolowa,2017,4,117,17,37.6,80.62,189.7,333.33,-0.12594612623414086,0.6080000000000005,24.39,equatorial
12.33,23.98,27.71,21.34,90.76,4.07,0.62,4.93,0.63,0.65,2017-04-28,Ebolowa,2017,4,118,17,35.900000000000006,76.01,193.17000000000002,336.28,-0.11086479045153971,0.21466666666666967,24.39,equatorial
23.19,24.35,28.19,21.54,89.08,2.7,0.69,4.86,0.63,0.65,2017-04-29,Ebolowa,2017,4,119,17,21.84,67.24000000000001,193.20000000000002,336.98999999999995,-0.10718508418073797,0.5850000000000009,24.39,equatorial
17.64,23.83,26.66,21.91,94.24,7.82,0.6,3.4,0.63,0.67,2017-04-30,Ebolowa,2017,4,120,17,24.5,71.86999999999999,197.19,343.04,-0.0763100919216942,0.056333333333331126,24.39,equatorial
19.81,23.78,27.13,21.17,92.21,2.89,0.54,4.0,0.64,0.66,2017-05-01,Ebolowa,2017,5,121,18,25.27,62.11000000000001,191.54000000000002,344.65000000000003,-0.06806085151883043,0.019333333333332092,24.39,equatorial
21.08,23.81,27.43,21.58,91.9,4.55,0.63,4.02,0.64,0.66,2017-05-02,Ebolowa,2017,5,122,18,24.580000000000002,61.34,191.03,348.53000000000003,-0.04823745773638248,0.07166666666666188,24.39,equatorial
10.48,23.33,25.85,21.69,92.95,12.21,0.43,4.22,0.65,0.71,2017-05-03,Ebolowa,2017,5,123,18,35.28,72.97,200.01000000000002,360.31,0.011890238030876564,-0.37833333333333385,24.39,equatorial
6.79,23.16,26.23,20.52,93.21,5.43,0.66,4.1,0.65,0.67,2017-05-04,Ebolowa,2017,5,124,18,39.67,77.27,200.49,365.17,0.0366926851260988,-0.5129999999999981,24.35,equatorial
16.9,22.91,25.09,20.93,92.7,3.09,0.72,3.45,0.65,0.67,2017-05-05,Ebolowa,2017,5,125,18,38.69,74.59,191.96,367.53999999999996,0.04877671414860526,-0.7443333333333335,24.35,equatorial
11.34,22.83,25.89,20.26,94.87,12.67,0.74,4.16,0.66,0.71,2017-05-06,Ebolowa,2017,5,126,18,48.66,70.5,184.79,377.46,0.0994468070831148,-0.8113333333333337,23.83,equatorial
18.26,24.07,27.87,20.85,87.58,1.74,0.77,6.02,0.66,0.67,2017-05-07,Ebolowa,2017,5,127,18,42.58,67.08,185.74,377.78000000000003,0.10102470555070933,0.43066666666666364,24.07,equatorial
20.63,24.45,28.16,20.42,87.83,5.2,0.66,5.54,0.65,0.67,2017-05-08,Ebolowa,2017,5,128,19,44.89,70.16,187.64000000000001,382.09,0.12301791898647171,0.8103333333333325,24.45,equatorial
16.57,23.41,26.11,21.45,95.05,11.58,0.66,2.78,0.66,0.71,2017-05-09,Ebolowa,2017,5,129,19,51.92,76.5,188.86,392.89,0.17823548771074313,-0.2190000000000012,24.45,equatorial
11.1,23.14,25.65,21.19,93.73,10.47,0.66,3.04,0.67,0.71,2017-05-10,Ebolowa,2017,5,130,19,50.18,85.46000000000001,193.54000000000002,402.84000000000003,0.2290944588526358,-0.4623333333333335,24.45,equatorial
19.61,23.69,27.31,21.07,88.24,3.63,0.58,5.46,0.67,0.7,2017-05-11,Ebolowa,2017,5,131,19,48.38,88.05,191.67000000000002,405.59,0.24304813358063812,0.10366666666666902,24.45,equatorial
18.13,24.04,27.93,20.83,89.0,1.08,0.53,4.94,0.66,0.67,2017-05-12,Ebolowa,2017,5,132,19,46.370000000000005,85.06,186.36,405.96999999999997,0.24484762612206815,0.4493333333333318,24.45,equatorial
18.22,24.18,27.63,21.39,91.73,1.46,0.57,3.87,0.65,0.66,2017-05-13,Ebolowa,2017,5,133,19,35.160000000000004,83.82,171.21,406.97,0.2498279973557407,0.5599999999999987,24.45,equatorial
11.86,23.87,26.88,21.84,91.07,1.0,0.55,3.6,0.65,0.66,2017-05-14,Ebolowa,2017,5,134,19,34.42,77.0,163.53,406.23,0.2458761037710488,0.23799999999999955,24.45,equatorial
17.69,23.0,25.48,20.61,91.02,3.73,0.58,4.36,0.64,0.66,2017-05-15,Ebolowa,2017,5,135,20,32.95,77.84,155.79000000000002,409.22999999999996,0.2611336920810671,-0.6379999999999981,24.18,equatorial
14.69,22.71,26.27,19.98,94.06,16.36,0.61,5.06,0.65,0.72,2017-05-16,Ebolowa,2017,5,136,20,37.730000000000004,89.64999999999999,168.96,424.3,0.33841081830953695,-0.8833333333333364,24.18,equatorial
18.38,23.04,27.29,19.81,90.76,5.86,0.58,5.81,0.66,0.68,2017-05-17,Ebolowa,2017,5,137,20,33.120000000000005,83.3,162.17000000000002,429.79,0.3664171255200061,-0.5316666666666663,24.18,equatorial
16.18,22.86,25.34,20.71,95.57,7.12,0.54,3.02,0.66,0.7,2017-05-18,Ebolowa,2017,5,138,20,36.61,84.99000000000001,163.97000000000003,436.15000000000003,0.39888924232974604,-0.7070000000000007,24.18,equatorial
17.69,24.15,27.44,21.69,92.54,11.1,0.62,5.43,0.67,0.71,2017-05-19,Ebolowa,2017,5,139,20,46.63,93.0,174.49,447.03,0.4546059886674653,0.570999999999998,24.18,equatorial
18.67,23.94,26.86,21.98,94.26,9.79,0.64,3.87,0.68,0.72,2017-05-20,Ebolowa,2017,5,140,20,54.96,90.12,183.15,456.08,0.5008750562368686,0.3520000000000003,24.15,equatorial
15.22,23.78,26.41,21.82,95.49,7.32,0.62,3.12,0.68,0.71,2017-05-21,Ebolowa,2017,5,141,20,61.28,95.7,184.70000000000002,463.32,0.5377964743089945,0.1843333333333348,24.15,equatorial
17.39,23.99,27.32,21.17,93.86,8.99,0.59,4.87,0.68,0.72,2017-05-22,Ebolowa,2017,5,142,21,66.54,99.49000000000001,176.93,472.31,0.5837065938389067,0.3760000000000012,24.15,equatorial
13.81,23.53,26.09,21.88,95.4,9.92,0.59,3.1,0.69,0.72,2017-05-23,Ebolowa,2017,5,143,21,60.1,97.83,181.69,482.21000000000004,0.6342678891917877,-0.09066666666666734,24.15,equatorial
16.09,23.16,25.64,21.12,95.19,12.28,0.56,3.21,0.7,0.74,2017-05-24,Ebolowa,2017,5,144,21,66.52,99.63999999999999,191.85,494.45,0.6968391321780922,-0.4523333333333319,24.15,equatorial
10.83,22.27,23.65,21.24,96.62,89.08,0.66,2.59,0.78,0.88,2017-05-25,Ebolowa,2017,5,145,21,148.48,185.09,275.69000000000005,583.48,1.1548632216261243,-1.3186666666666689,24.15,equatorial
13.41,22.83,26.06,20.33,90.22,2.35,0.62,5.52,0.79,0.77,2017-05-26,Ebolowa,2017,5,146,21,139.73000000000002,186.35999999999999,276.53000000000003,585.6400000000001,1.1644433491058195,-0.7193333333333349,23.99,equatorial
15.12,23.09,26.78,19.9,87.66,0.64,0.6,4.94,0.76,0.75,2017-05-27,Ebolowa,2017,5,147,21,130.58,185.54000000000002,276.13,585.96,1.164528570536215,-0.4159999999999968,23.99,equatorial
18.62,23.27,27.77,19.34,87.43,1.1,0.53,6.35,0.74,0.73,2017-05-28,Ebolowa,2017,5,148,21,124.36000000000001,185.64000000000001,273.16,586.79,1.1672383826848998,-0.21233333333333348,23.99,equatorial
16.39,23.89,28.12,20.24,89.41,2.07,0.68,5.66,0.72,0.72,2017-05-29,Ebolowa,2017,5,149,22,117.44,183.98,272.53000000000003,588.66,1.1752896668689714,0.4230000000000018,23.89,equatorial
15.66,23.53,26.81,21.39,92.92,3.4,0.67,3.53,0.71,0.71,2017-05-30,Ebolowa,2017,5,150,22,110.92,171.02,268.11,591.78,1.189743663630289,0.07300000000000395,23.89,equatorial
16.3,23.76,27.34,21.49,90.74,1.54,0.63,3.86,0.7,0.7,2017-05-31,Ebolowa,2017,5,151,22,100.18,166.7,266.76,593.3000000000001,1.1959285111707731,0.30366666666666475,23.89,equatorial
15.4,23.25,26.43,20.77,92.61,12.52,0.46,4.37,0.7,0.73,2017-06-01,Ebolowa,2017,6,152,22,23.619999999999997,172.1,274.73,605.7900000000001,1.2584580014768458,-0.1876666666666651,23.89,equatorial
14.55,23.13,27.01,20.22,88.65,3.86,0.69,5.98,0.71,0.72,2017-06-02,Ebolowa,2017,6,153,22,25.13,164.85999999999999,266.38,609.61,1.276237906061484,-0.30100000000000193,23.89,equatorial
15.74,23.33,27.77,20.15,90.41,3.16,0.72,6.03,0.7,0.71,2017-06-03,Ebolowa,2017,6,154,22,27.650000000000002,158.23,264.11,612.73,1.2903599210885761,-0.10666666666666913,23.89,equatorial
16.96,23.42,26.56,21.11,92.74,2.06,0.59,3.26,0.69,0.7,2017-06-04,Ebolowa,2017,6,155,22,28.61,152.97,263.08000000000004,614.4699999999999,1.2973490963023682,-0.03366666666666518,23.89,equatorial
11.04,23.18,26.12,21.3,93.39,0.62,0.62,2.32,0.69,0.69,2017-06-05,Ebolowa,2017,6,156,23,27.16,144.6,251.03,610.38,1.2744095082279554,-0.2853333333333339,23.76,equatorial
13.24,23.05,26.06,20.97,91.43,1.21,0.58,3.25,0.68,0.69,2017-06-06,Ebolowa,2017,6,157,23,24.97,135.89000000000001,250.50000000000003,607.8,1.2592978629636578,-0.3813333333333304,23.76,equatorial
14.95,23.53,27.57,20.4,88.5,0.38,0.58,5.12,0.68,0.68,2017-06-07,Ebolowa,2017,6,158,23,23.81,123.99000000000001,245.68,595.63,1.195070381688992,0.12933333333333152,23.53,equatorial
18.3,24.08,28.09,20.47,87.21,0.38,0.7,5.38,0.67,0.67,2017-06-08,Ebolowa,2017,6,159,23,11.67,35.29,234.48000000000002,581.52,1.1210942900857805,0.657,24.08,equatorial
18.46,24.57,28.53,20.68,86.23,0.24,0.74,5.57,0.66,0.66,2017-06-09,Ebolowa,2017,6,160,23,8.05,33.18,224.25,573.8,1.080089126195603,1.099333333333334,24.57,equatorial
17.82,24.48,28.37,21.11,88.56,0.68,0.82,4.96,0.65,0.66,2017-06-10,Ebolowa,2017,6,161,23,5.57,33.22,221.3,569.88,1.0586769626659431,0.982999999999997,24.57,equatorial
15.76,24.03,27.54,21.88,92.68,3.93,0.59,3.58,0.65,0.67,2017-06-11,Ebolowa,2017,6,162,23,7.44,36.05,224.15,570.51,1.0606510386210202,0.533333333333335,24.57,equatorial
8.98,23.2,25.5,21.73,93.74,2.95,0.7,2.34,0.65,0.66,2017-06-12,Ebolowa,2017,6,163,24,9.77,36.93000000000001,225.64000000000001,563.27,1.0222667664159777,-0.2640000000000029,24.57,equatorial
10.4,22.0,24.28,20.11,93.23,3.19,0.58,3.34,0.66,0.68,2017-06-13,Ebolowa,2017,6,164,24,11.75,36.72,227.83,563.62,1.0228942879188438,-1.4016666666666673,24.57,equatorial
16.34,22.96,26.98,19.48,87.2,0.93,0.57,4.65,0.65,0.66,2017-06-14,Ebolowa,2017,6,165,24,12.3,36.11,225.03000000000003,562.8299999999999,1.0176759153351844,-0.44033333333333147,24.57,equatorial
14.76,22.9,26.49,20.31,92.76,4.16,0.66,3.58,0.65,0.67,2017-06-15,Ebolowa,2017,6,166,24,16.08,27.750000000000004,212.83,562.97,1.0172396963116792,-0.5066666666666642,24.57,equatorial
7.21,22.4,25.17,20.57,95.39,4.4,0.66,2.9,0.66,0.68,2017-06-16,Ebolowa,2017,6,167,24,20.240000000000002,28.29,211.37000000000003,561.79,1.0100371141448319,-0.9853333333333367,24.48,equatorial
9.77,22.87,26.93,19.94,90.16,2.88,0.97,5.42,0.66,0.67,2017-06-17,Ebolowa,2017,6,168,24,22.44,28.009999999999998,207.13000000000002,559.8,0.9986984444204232,-0.515666666666668,24.03,equatorial
12.11,22.39,25.62,20.06,93.48,4.08,0.61,3.48,0.66,0.68,2017-06-18,Ebolowa,2017,6,169,24,22.59,30.03,200.11,553.3100000000001,0.9643083285201545,-0.9370000000000012,23.2,equatorial
8.7,21.71,23.23,20.58,98.38,29.11,0.56,1.86,0.68,0.77,2017-06-19,Ebolowa,2017,6,170,25,48.75,58.519999999999996,219.43,577.0799999999999,1.0851623302661861,-1.542666666666662,22.96,equatorial
15.58,21.74,24.4,20.14,94.28,15.84,0.55,3.15,0.73,0.77,2017-06-20,Ebolowa,2017,6,171,25,61.400000000000006,73.15,227.95000000000002,587.37,1.1365964289190607,-1.4446666666666665,22.96,equatorial
15.42,23.1,27.32,19.16,88.44,4.22,0.66,5.51,0.72,0.73,2017-06-21,Ebolowa,2017,6,172,25,64.69,76.99000000000001,223.18,590.24,1.1498615589764805,-0.05499999999999616,23.1,equatorial
16.79,22.24,24.67,20.43,95.42,14.26,0.66,2.48,0.73,0.77,2017-06-22,Ebolowa,2017,6,173,25,74.78999999999999,90.86999999999999,227.52,602.79,1.2126739501082886,-0.8720000000000034,23.1,equatorial
12.82,22.63,25.71,20.27,91.67,3.76,0.59,4.16,0.73,0.73,2017-06-23,Ebolowa,2017,6,174,25,74.14999999999999,94.39,219.0,604.1899999999999,1.218188686156351,-0.46433333333333593,23.1,equatorial
13.58,22.51,25.23,20.1,91.42,2.18,0.55,2.71,0.72,0.72,2017-06-24,Ebolowa,2017,6,175,25,73.45,95.89,132.10000000000002,603.0500000000001,1.2106840547989837,-0.5923333333333289,23.1,equatorial
15.88,23.07,27.2,19.4,89.73,4.92,0.79,5.54,0.71,0.72,2017-06-25,Ebolowa,2017,6,176,25,74.28999999999999,96.88,134.67000000000002,601.69,1.2020789979208004,-0.04033333333333644,23.1,equatorial
14.57,22.97,26.61,20.34,92.08,6.68,0.61,4.25,0.71,0.73,2017-06-26,Ebolowa,2017,6,177,26,51.86,100.61,140.71,606.54,1.2252776120032964,-0.13633333333333297,23.1,equatorial
10.02,22.11,24.12,20.61,94.66,9.23,0.64,3.11,0.72,0.74,2017-06-27,Ebolowa,2017,6,178,26,45.25,106.65,148.84000000000003,615.17,1.267731971294146,-0.9576666666666647,23.1,equatorial
15.05,21.42,23.83,19.74,95.6,11.01,0.61,3.07,0.73,0.75,2017-06-28,Ebolowa,2017,6,179,26,52.04,116.73,157.78,623.51,1.3085514673516485,-1.565333333333335,23.07,equatorial
16.87,21.92,25.03,19.31,91.36,2.12,0.67,3.58,0.72,0.72,2017-06-29,Ebolowa,2017,6,180,26,39.9,114.69,156.50000000000003,621.8,1.2978675967184594,-1.0116666666666667,23.07,equatorial
12.56,22.89,27.25,19.78,89.83,2.09,0.66,5.16,0.71,0.71,2017-06-30,Ebolowa,2017,6,181,26,38.230000000000004,112.38000000000001,157.05,615.35,1.2630107482199784,-0.012666666666664383,23.07,equatorial
15.59,22.62,26.63,19.65,91.28,7.87,0.71,5.34,0.71,0.73,2017-07-01,Ebolowa,2017,7,182,26,43.92,117.36999999999999,152.40000000000003,618.16,1.275567344134394,-0.26166666666666316,23.07,equatorial
15.98,22.64,26.64,19.87,90.33,1.27,0.73,4.35,0.71,0.71,2017-07-02,Ebolowa,2017,7,183,26,40.27,114.56,149.81,616.2,1.2637296717726236,-0.2253333333333316,22.97,equatorial
14.18,22.59,25.49,20.31,89.4,1.39,0.83,3.88,0.7,0.7,2017-07-03,Ebolowa,2017,7,184,27,34.98,86.83999999999999,148.04000000000002,612.64,1.2437682509293377,-0.2506666666666675,22.89,equatorial
16.24,22.7,26.85,19.76,88.6,1.74,0.83,4.89,0.69,0.7,2017-07-04,Ebolowa,2017,7,185,27,27.49,72.74000000000001,147.72,602.76,1.1916227599193376,-0.11666666666666714,22.89,equatorial
13.87,22.25,25.64,19.8,88.03,0.06,0.72,3.61,0.69,0.69,2017-07-05,Ebolowa,2017,7,186,27,16.54,68.58,147.16,582.98,1.089107062706307,-0.5356666666666676,22.89,equatorial
13.69,22.08,25.37,19.74,86.99,0.0,0.77,3.53,0.68,0.68,2017-07-06,Ebolowa,2017,7,187,27,14.42,54.32,145.95000000000002,582.19,1.0837789791406585,-0.6733333333333356,22.89,equatorial
13.78,22.37,26.52,19.43,85.18,0.0,0.71,4.81,0.67,0.68,2017-07-07,Ebolowa,2017,7,188,27,12.329999999999998,50.559999999999995,145.57,578.8900000000001,1.0656556401426058,-0.3446666666666651,22.7,equatorial
16.15,22.69,27.28,19.25,86.74,0.0,0.64,4.7,0.67,0.67,2017-07-08,Ebolowa,2017,7,189,27,4.46,48.379999999999995,145.19,568.5300000000001,1.0115434756468147,0.021666666666664725,22.7,equatorial
15.39,23.0,27.41,19.58,84.98,0.0,0.77,4.83,0.66,0.66,2017-07-09,Ebolowa,2017,7,190,27,3.19,43.459999999999994,144.95000000000002,562.74,0.9808778113725402,0.38400000000000034,23.0,equatorial
15.6,22.14,25.86,19.67,88.77,1.81,0.8,4.21,0.66,0.67,2017-07-10,Ebolowa,2017,7,191,28,3.6100000000000003,38.59,146.08,559.05,0.9609970026529092,-0.3979999999999997,23.0,equatorial
11.92,22.0,25.74,19.22,90.46,2.33,0.68,3.39,0.66,0.67,2017-07-11,Ebolowa,2017,7,192,28,4.2,31.69,144.48000000000002,554.99,0.9392674056190791,-0.4703333333333326,23.0,equatorial
11.08,22.2,26.44,19.46,89.47,1.54,0.68,4.48,0.66,0.67,2017-07-12,Ebolowa,2017,7,193,28,5.680000000000001,22.22,143.07000000000002,539.92,0.8613531846527406,-0.23699999999999832,23.0,equatorial
15.03,22.53,27.08,18.66,87.42,1.76,0.75,5.69,0.65,0.66,2017-07-13,Ebolowa,2017,7,194,28,7.44,21.86,141.64000000000001,533.0,0.8251934155586583,0.07533333333333658,23.0,equatorial
13.77,22.23,26.06,19.51,89.3,1.84,0.78,4.34,0.65,0.66,2017-07-14,Ebolowa,2017,7,195,28,9.280000000000001,21.61,142.55,523.37,0.7752380838644011,-0.20033333333333658,23.0,equatorial
15.37,22.19,26.0,19.69,90.4,2.44,0.88,4.25,0.65,0.66,2017-07-15,Ebolowa,2017,7,196,28,11.72,16.18,140.83,522.62,0.7707355649599967,-0.21666666666666856,23.0,equatorial
17.21,22.39,26.99,19.24,88.8,2.3,0.98,5.32,0.65,0.66,2017-07-16,Ebolowa,2017,7,197,28,14.02,17.21,138.73000000000002,512.27,0.7171576021100955,-0.01633333333333198,22.53,equatorial
13.72,21.91,25.54,19.32,91.31,3.83,0.69,3.67,0.65,0.67,2017-07-17,Ebolowa,2017,7,198,29,16.04,19.65,139.68000000000004,510.78000000000003,0.7089529174075283,-0.4643333333333324,22.53,equatorial
14.08,22.87,26.98,19.68,89.39,3.89,0.65,4.83,0.65,0.67,2017-07-18,Ebolowa,2017,7,199,29,17.6,21.8,139.49,514.09,0.7253135655899451,0.47966666666667024,22.87,equatorial
12.29,23.15,27.46,20.07,89.92,3.44,0.63,5.23,0.65,0.67,2017-07-19,Ebolowa,2017,7,200,29,19.5,25.18,113.82000000000001,516.4000000000001,0.7365394044386473,0.7116666666666625,23.15,equatorial
13.05,23.22,27.34,20.06,90.35,3.28,0.67,4.49,0.65,0.67,2017-07-20,Ebolowa,2017,7,201,29,21.02,28.46,101.26000000000002,513.91,0.723185970079044,0.7323333333333331,23.22,equatorial
12.37,22.26,25.7,20.24,94.34,9.98,0.71,3.63,0.66,0.7,2017-07-21,Ebolowa,2017,7,202,29,29.16,38.44,107.02000000000001,507.13,0.687883954962812,-0.19966666666666555,23.22,equatorial
10.68,22.41,26.89,19.32,90.43,5.65,0.79,5.41,0.67,0.69,2017-07-22,Ebolowa,2017,7,203,29,32.37,44.09,98.41000000000003,507.62,0.6898512241137332,-0.055333333333333456,23.22,equatorial
13.81,22.44,26.95,19.22,90.0,5.57,0.8,5.89,0.67,0.69,2017-07-23,Ebolowa,2017,7,204,29,35.64,49.66,100.22000000000001,511.07000000000005,0.7069805313737623,-0.01899999999999835,23.22,equatorial
14.1,21.72,25.3,19.44,91.96,14.6,0.97,4.98,0.68,0.73,2017-07-24,Ebolowa,2017,7,205,30,46.41,62.449999999999996,112.64000000000001,520.4300000000001,0.7543727065193726,-0.7126666666666672,23.22,equatorial
9.15,21.05,24.05,19.16,93.17,2.88,0.85,3.39,0.69,0.7,2017-07-25,Ebolowa,2017,7,206,30,45.4,63.0,110.60000000000002,521.8000000000001,0.760762103332767,-1.3153333333333315,23.22,equatorial
14.43,22.49,27.06,18.75,88.2,2.39,0.64,5.69,0.68,0.69,2017-07-26,Ebolowa,2017,7,207,30,44.35,63.85,106.31000000000002,523.15,0.7670418747084854,0.1406666666666645,23.22,equatorial
13.14,22.72,27.19,19.85,90.84,3.04,0.61,4.9,0.67,0.69,2017-07-27,Ebolowa,2017,7,208,30,44.11,65.13,100.12,522.12,0.7611128161000973,0.3503333333333316,22.72,equatorial
15.14,22.54,25.72,20.23,93.81,5.42,0.62,3.69,0.67,0.7,2017-07-28,Ebolowa,2017,7,209,30,39.55,68.71,94.53000000000002,524.84,0.7744217367675532,0.13300000000000267,22.72,equatorial
11.67,23.08,27.08,20.23,89.1,3.06,0.79,5.8,0.67,0.68,2017-07-29,Ebolowa,2017,7,210,30,36.96,69.33,95.47000000000001,520.08,0.7493492181570583,0.6343333333333305,23.08,equatorial
13.64,22.35,26.14,19.76,90.21,1.72,0.98,4.06,0.67,0.68,2017-07-30,Ebolowa,2017,7,211,30,33.11,68.75,95.10000000000001,518.9100000000001,0.7427257337897333,-0.07766666666666566,23.08,equatorial
11.07,21.71,24.79,19.77,93.81,8.79,0.76,3.52,0.67,0.7,2017-07-31,Ebolowa,2017,7,212,31,27.299999999999997,73.71000000000001,96.02000000000001,523.15,0.7638731696324973,-0.6873333333333349,23.08,equatorial
12.69,21.69,25.24,19.4,92.82,3.64,0.68,4.13,0.68,0.7,2017-08-01,Ebolowa,2017,8,213,31,28.06,73.46000000000001,98.39,514.58,0.7192435569065524,-0.6756666666666646,23.08,equatorial
10.76,22.65,27.19,19.38,87.58,0.77,0.62,5.13,0.67,0.67,2017-08-02,Ebolowa,2017,8,214,31,26.439999999999998,70.79,97.77000000000002,509.92,0.6947388830924124,0.28233333333333377,23.08,equatorial
13.34,22.65,26.97,19.7,90.7,3.29,0.7,4.9,0.66,0.68,2017-08-03,Ebolowa,2017,8,215,31,26.69,70.80000000000001,99.32000000000001,510.12,0.6952219611040319,0.2840000000000025,23.08,equatorial
10.47,21.28,24.1,19.4,93.54,2.73,0.72,2.8,0.66,0.68,2017-08-04,Ebolowa,2017,8,216,31,24.0,63.550000000000004,101.99000000000001,500.18,0.643606920612138,-1.0536666666666648,23.08,equatorial
10.77,22.34,26.45,18.98,89.36,2.9,0.6,4.38,0.66,0.67,2017-08-05,Ebolowa,2017,8,217,31,23.84,60.800000000000004,104.89000000000001,501.34,0.6490892112454384,-0.0023333333333326323,22.65,equatorial
14.8,22.15,25.51,20.24,92.58,15.27,0.61,3.98,0.68,0.74,2017-08-06,Ebolowa,2017,8,218,31,37.39,70.5,120.16000000000001,511.41,0.7003735186066475,-0.18500000000000227,22.65,equatorial
12.55,22.46,26.61,19.87,90.52,4.01,0.56,4.66,0.68,0.7,2017-08-07,Ebolowa,2017,8,219,32,32.61,59.91,124.17000000000002,503.84000000000003,0.6608967589007212,0.13266666666666893,22.65,equatorial
14.02,22.35,26.45,19.61,89.43,2.95,0.85,5.43,0.68,0.69,2017-08-08,Ebolowa,2017,8,220,32,31.92,59.98,127.12,496.32,0.621712579590482,0.04433333333333778,22.65,equatorial
14.9,21.5,24.17,19.7,92.89,4.29,0.88,3.38,0.68,0.69,2017-08-09,Ebolowa,2017,8,221,32,35.44,61.879999999999995,129.6,496.98,0.6246565330973421,-0.7843333333333327,22.65,equatorial
14.34,22.27,26.7,19.32,88.98,2.22,0.66,5.46,0.67,0.69,2017-08-10,Ebolowa,2017,8,222,32,34.37,61.059999999999995,129.49,498.12,0.6300696152782131,-0.023333333333333428,22.46,equatorial
14.52,22.29,26.3,19.65,91.04,4.0,0.61,4.63,0.67,0.69,2017-08-11,Ebolowa,2017,8,223,32,35.64,59.64,131.95000000000002,500.65999999999997,0.6426877968260417,-0.006333333333337521,22.46,equatorial
14.77,22.93,27.45,20.0,89.91,4.19,0.77,5.72,0.67,0.69,2017-08-12,Ebolowa,2017,8,224,32,36.93,60.77,134.38000000000002,503.84999999999997,0.6586434942274926,0.6203333333333347,22.93,equatorial
14.36,21.46,24.32,19.55,94.71,7.85,0.83,3.28,0.67,0.71,2017-08-13,Ebolowa,2017,8,225,32,29.51,66.89999999999999,140.39000000000001,507.97,0.6793764756581858,-0.8239999999999981,22.93,equatorial
12.33,21.65,24.03,19.9,92.65,1.07,0.72,2.42,0.68,0.68,2017-08-14,Ebolowa,2017,8,226,33,26.57,59.18000000000001,139.02,492.68,0.6000553282307445,-0.6160000000000032,22.93,equatorial
11.86,21.87,24.6,20.05,93.3,5.17,0.87,3.22,0.67,0.69,2017-08-15,Ebolowa,2017,8,227,33,28.79,60.71,141.89000000000001,491.99,0.5960719461025534,-0.3786666666666676,22.93,equatorial
8.94,21.65,25.32,19.54,92.36,3.25,1.02,3.67,0.68,0.69,2017-08-16,Ebolowa,2017,8,228,33,27.75,63.19,141.31,488.12,0.575689974921542,-0.5899999999999999,22.93,equatorial
10.35,21.99,26.34,19.03,88.69,1.33,1.09,5.03,0.67,0.67,2017-08-17,Ebolowa,2017,8,229,33,26.860000000000003,61.230000000000004,138.75,478.35,0.524877676392088,-0.2206666666666699,22.93,equatorial
12.34,22.32,26.58,18.95,87.77,0.53,0.68,4.56,0.66,0.67,2017-08-18,Ebolowa,2017,8,230,33,23.389999999999997,59.029999999999994,135.84,469.09,0.4767258562183644,0.13700000000000045,22.93,equatorial
9.57,22.88,27.15,19.72,88.5,1.06,0.7,4.63,0.66,0.66,2017-08-19,Ebolowa,2017,8,231,33,20.26,57.19,133.62,462.83,0.4440903998040718,0.7083333333333286,22.88,equatorial
8.52,21.77,24.14,20.33,95.22,2.19,0.79,2.34,0.65,0.66,2017-08-20,Ebolowa,2017,8,232,33,14.6,44.11,125.83000000000001,456.03,0.4086776286173122,-0.3853333333333353,22.88,equatorial
14.0,21.88,25.47,19.85,91.22,2.67,0.52,3.63,0.65,0.67,2017-08-21,Ebolowa,2017,8,233,34,16.200000000000003,42.769999999999996,122.85000000000001,448.78,0.37095028551821513,-0.25766666666666893,22.88,equatorial
12.23,22.06,26.02,19.58,91.3,6.38,0.84,4.4,0.65,0.67,2017-08-22,Ebolowa,2017,8,234,34,17.41,46.2,123.66000000000001,442.88,0.34021580525824235,-0.06500000000000128,22.88,equatorial
11.13,21.51,24.58,19.54,93.89,14.45,0.51,3.53,0.68,0.74,2017-08-23,Ebolowa,2017,8,235,34,28.61,56.36,123.51000000000002,368.25,-0.04621467743522526,-0.607999999999997,22.88,equatorial
14.16,22.4,25.8,19.6,90.38,3.29,0.5,4.12,0.68,0.69,2017-08-24,Ebolowa,2017,8,236,34,30.57,57.43000000000001,123.92,369.19,-0.0413231853085004,0.23699999999999477,22.88,equatorial
14.03,22.07,25.28,19.96,91.58,4.59,0.74,4.15,0.68,0.7,2017-08-25,Ebolowa,2017,8,237,34,34.63,58.02,126.12,373.14000000000004,-0.02083707936448343,-0.07900000000000063,22.88,equatorial
12.06,22.24,26.4,19.35,89.37,4.19,0.87,5.06,0.67,0.68,2017-08-26,Ebolowa,2017,8,238,34,37.76,58.019999999999996,127.27000000000001,376.23,-0.004808895000190499,0.10699999999999932,22.4,equatorial
14.21,21.43,24.46,19.36,93.72,6.9,0.84,3.59,0.68,0.71,2017-08-27,Ebolowa,2017,8,239,34,42.47,57.07,128.75,381.06,0.020243503533466548,-0.6660000000000004,22.4,equatorial
12.17,21.94,26.14,18.94,87.35,0.41,0.73,4.83,0.67,0.68,2017-08-28,Ebolowa,2017,8,240,35,40.21,56.41,126.10000000000001,378.07000000000005,0.0047179777541620374,-0.11799999999999855,22.4,equatorial
13.27,22.2,26.03,19.8,88.21,1.57,0.9,5.32,0.66,0.67,2017-08-29,Ebolowa,2017,8,241,35,35.400000000000006,52.81,125.95000000000002,378.1,0.004871303009886707,0.14699999999999847,22.4,equatorial
13.49,22.11,25.89,19.4,90.5,1.54,0.86,4.32,0.66,0.67,2017-08-30,Ebolowa,2017,8,242,35,22.490000000000002,51.1,118.70000000000002,367.12,-0.05216517085469724,0.043666666666670295,22.4,equatorial
13.09,22.49,27.14,19.36,88.29,1.23,0.71,5.87,0.65,0.66,2017-08-31,Ebolowa,2017,8,243,35,20.43,51.0,116.29000000000002,364.49,-0.06580644720895701,0.39699999999999847,22.49,equatorial
12.58,22.27,26.61,19.2,89.02,1.69,0.7,5.15,0.65,0.66,2017-09-01,Ebolowa,2017,9,244,35,17.53,52.160000000000004,117.21000000000001,363.02,-0.07341606856324735,0.18966666666666754,22.49,equatorial
10.91,22.32,26.16,19.92,91.47,8.18,0.75,4.98,0.65,0.68,2017-09-02,Ebolowa,2017,9,245,35,21.52,59.28,122.10000000000002,369.14,-0.0415400649740384,0.25066666666666393,22.49,equatorial
14.46,22.19,26.21,19.69,91.15,4.09,0.92,5.12,0.65,0.67,2017-09-03,Ebolowa,2017,9,246,35,18.71,61.18000000000001,123.46000000000001,372.60999999999996,-0.02345740137740558,0.0903333333333336,22.49,equatorial
13.37,21.61,24.92,19.59,91.51,2.29,0.83,3.37,0.65,0.66,2017-09-04,Ebolowa,2017,9,247,36,20.59,60.800000000000004,122.85000000000001,373.69,-0.017821111737034396,-0.4653333333333336,22.49,equatorial
12.98,22.49,26.76,19.41,90.46,2.67,0.73,5.22,0.65,0.66,2017-09-05,Ebolowa,2017,9,248,36,21.689999999999998,57.089999999999996,110.25000000000001,375.98,-0.005880298456506894,0.403333333333336,22.49,equatorial
15.14,22.52,26.12,19.89,92.02,7.1,0.58,4.13,0.65,0.67,2017-09-06,Ebolowa,2017,9,249,36,27.25,49.74,113.34,382.7,0.029154220499140605,0.4313333333333311,22.52,equatorial
9.45,21.62,24.47,19.7,94.27,10.29,0.8,3.52,0.67,0.72,2017-09-07,Ebolowa,2017,9,250,36,36.31,56.739999999999995,120.68000000000002,392.75,0.0815567875984442,-0.44433333333332925,22.52,equatorial
13.2,21.99,25.31,19.46,92.97,18.64,0.71,4.28,0.68,0.73,2017-09-08,Ebolowa,2017,9,251,36,53.260000000000005,70.78999999999999,135.03,410.71,0.17523391386196333,-0.09066666666666734,22.52,equatorial
18.41,22.91,27.22,19.84,89.59,1.79,0.6,5.35,0.69,0.71,2017-09-09,Ebolowa,2017,9,252,36,46.870000000000005,68.39,134.60000000000002,408.57,0.16396983080060182,0.8079999999999998,22.91,equatorial
10.39,22.72,26.33,20.17,91.97,3.43,0.63,4.1,0.68,0.69,2017-09-10,Ebolowa,2017,9,253,36,46.21,64.92,134.03,409.05,0.1663915170007125,0.603666666666669,22.91,equatorial
16.74,22.6,26.1,20.36,92.73,12.44,0.64,4.36,0.69,0.74,2017-09-11,Ebolowa,2017,9,254,37,56.36,76.95,142.28000000000003,418.3,0.2146435221093959,0.4946666666666708,22.91,equatorial
17.01,22.77,26.27,20.23,89.17,1.5,0.82,4.4,0.69,0.69,2017-09-12,Ebolowa,2017,9,255,37,55.19,76.88,135.93,418.87,0.2175098543862821,0.6210000000000022,22.91,equatorial
17.45,21.63,23.82,20.09,95.26,7.57,0.59,3.26,0.69,0.71,2017-09-13,Ebolowa,2017,9,256,37,55.660000000000004,82.91,142.43000000000004,422.28000000000003,0.23523143897971957,-0.5183333333333309,22.91,equatorial
15.17,22.46,26.71,19.56,90.4,3.72,0.77,5.78,0.69,0.7,2017-09-14,Ebolowa,2017,9,257,37,49.09,85.39999999999999,140.98000000000002,421.59999999999997,0.2315472859226179,0.2920000000000016,22.91,equatorial
15.83,22.48,26.09,19.83,91.71,4.97,0.85,4.69,0.68,0.69,2017-09-15,Ebolowa,2017,9,258,37,35.42,88.67999999999999,142.70000000000002,423.69,0.24236675012382297,0.28433333333333266,22.91,equatorial
15.24,22.27,26.44,19.64,92.38,8.11,0.87,5.92,0.68,0.71,2017-09-16,Ebolowa,2017,9,259,37,41.74,88.61,149.48,427.72,0.2633471310660529,0.06500000000000128,22.77,equatorial
14.85,21.94,25.83,19.44,93.24,6.14,0.66,4.44,0.68,0.71,2017-09-17,Ebolowa,2017,9,260,37,44.45,90.66,155.09000000000003,404.75,0.142823360283281,-0.25233333333333263,22.77,equatorial
19.18,22.89,26.95,20.12,90.29,2.66,0.75,5.68,0.68,0.69,2017-09-18,Ebolowa,2017,9,261,38,34.67,91.03,156.69000000000003,391.57,0.07363845157516767,0.6973333333333365,22.89,equatorial
16.02,22.71,26.16,19.82,92.63,3.39,0.62,3.93,0.67,0.69,2017-09-19,Ebolowa,2017,9,262,38,36.56,91.75,157.89000000000001,390.74,0.06924672357207093,0.4860000000000042,22.89,equatorial
17.21,23.2,26.99,20.54,92.39,3.57,0.71,4.46,0.67,0.69,2017-09-20,Ebolowa,2017,9,263,38,32.56,88.22,158.79000000000002,380.05,0.013099747199187023,0.9320000000000022,23.2,equatorial
16.69,22.96,26.42,20.71,92.81,5.14,0.55,4.36,0.67,0.7,2017-09-21,Ebolowa,2017,9,264,38,33.98,83.07000000000001,157.55,381.43,0.02034048467235435,0.661999999999999,23.2,equatorial
15.45,22.06,24.37,20.27,96.25,22.32,0.64,3.21,0.7,0.77,2017-09-22,Ebolowa,2017,9,265,38,51.33,86.75,165.42000000000002,401.57,0.12615139818608145,-0.25633333333333397,23.2,equatorial
18.15,21.98,26.26,18.85,90.89,3.18,0.68,5.48,0.71,0.71,2017-09-23,Ebolowa,2017,9,266,38,46.400000000000006,88.14,165.31,399.83,0.1169403203479396,-0.32233333333332936,23.2,equatorial
16.77,22.48,25.74,20.34,92.4,1.84,0.67,3.49,0.7,0.7,2017-09-24,Ebolowa,2017,9,267,38,42.1,86.55,162.56,394.99,0.09142523692745805,0.16400000000000148,23.2,equatorial
19.15,23.04,27.13,19.99,89.05,2.7,0.77,5.96,0.69,0.7,2017-09-25,Ebolowa,2017,9,268,39,42.14,76.81,161.07,388.46000000000004,0.057017536731008914,0.6973333333333329,23.2,equatorial
19.26,22.75,26.04,20.43,91.82,2.8,0.89,4.2,0.68,0.69,2017-09-26,Ebolowa,2017,9,269,39,41.55,78.11,156.97000000000003,380.25,0.013765129678239426,0.3633333333333333,23.2,equatorial
15.5,22.75,26.48,20.22,92.88,10.6,0.78,4.24,0.68,0.71,2017-09-27,Ebolowa,2017,9,270,39,48.580000000000005,81.14,167.16,388.73,0.05842595067008941,0.3363333333333358,23.04,equatorial
15.67,21.77,23.53,20.48,96.98,17.11,0.6,2.59,0.71,0.77,2017-09-28,Ebolowa,2017,9,271,39,60.550000000000004,94.53,182.70000000000002,403.75,0.13755178076340638,-0.6293333333333315,23.04,equatorial
18.99,21.71,24.2,19.66,94.13,7.21,0.65,3.88,0.72,0.74,2017-09-29,Ebolowa,2017,9,272,39,45.440000000000005,96.77000000000001,188.37,403.09,0.13400211456318203,-0.6760000000000019,23.04,equatorial
17.69,22.86,27.43,19.26,86.5,1.59,0.55,6.43,0.71,0.71,2017-09-30,Ebolowa,2017,9,273,39,43.849999999999994,90.25,188.73,403.41,0.13562226013420628,0.461666666666666,23.04,equatorial
19.15,22.61,26.17,19.53,90.61,4.3,0.65,4.92,0.7,0.71,2017-10-01,Ebolowa,2017,10,274,39,46.31,88.41000000000001,191.34,406.32,0.15091157631227572,0.20033333333332948,23.04,equatorial
16.6,23.1,27.59,19.61,91.25,4.6,0.66,5.98,0.69,0.71,2017-10-02,Ebolowa,2017,10,275,40,48.209999999999994,90.35,187.76000000000002,409.18,0.16593627185109047,0.6643333333333317,23.1,equatorial
15.41,22.68,25.21,20.83,94.51,2.5,0.54,2.51,0.69,0.7,2017-10-03,Ebolowa,2017,10,276,40,47.91,89.46,186.17000000000002,411.62,0.1787415013617616,0.22800000000000153,23.1,equatorial
16.13,22.73,26.13,20.28,92.21,3.36,0.61,4.11,0.68,0.7,2017-10-04,Ebolowa,2017,10,277,40,40.67,89.25,187.24000000000004,414.98,0.196408411106136,0.24066666666666592,23.1,equatorial
17.45,23.41,27.42,20.47,89.96,2.29,0.65,5.76,0.68,0.69,2017-10-05,Ebolowa,2017,10,278,40,25.849999999999998,86.4,186.86,417.27,0.2084162370519068,0.8900000000000006,23.41,equatorial
19.22,23.5,27.17,20.48,89.51,2.18,0.6,4.71,0.68,0.69,2017-10-06,Ebolowa,2017,10,279,40,20.82,66.26,181.94000000000003,419.45,0.21984124048897932,0.9473333333333365,23.5,equatorial
15.15,22.59,25.32,20.7,92.0,3.43,0.7,3.71,0.67,0.69,2017-10-07,Ebolowa,2017,10,280,40,22.66,66.51,175.08,422.88,0.23788104497151438,0.004999999999999005,23.5,equatorial
17.07,23.1,26.91,20.26,90.78,4.59,0.7,5.04,0.67,0.69,2017-10-08,Ebolowa,2017,10,281,40,22.949999999999996,69.25999999999999,161.03,425.66,0.2524771632203953,0.477999999999998,23.5,equatorial
14.69,22.82,26.27,20.54,92.21,4.34,0.61,4.52,0.67,0.69,2017-10-09,Ebolowa,2017,10,282,41,22.689999999999998,70.89999999999999,163.58,427.67,0.26299256090186707,0.20100000000000406,23.5,equatorial
16.89,22.63,25.97,20.31,91.99,6.37,0.54,4.42,0.68,0.7,2017-10-10,Ebolowa,2017,10,283,41,26.56,74.47,166.52,432.5,0.28845210289354134,0.013999999999999346,23.5,equatorial
11.3,22.16,25.14,20.09,94.37,17.59,0.52,4.11,0.69,0.75,2017-10-11,Ebolowa,2017,10,284,41,40.79,81.46000000000001,171.67000000000002,448.33,0.37222819655987105,-0.44133333333333624,23.5,equatorial
18.52,22.46,26.36,19.69,92.65,4.63,0.63,4.73,0.7,0.72,2017-10-12,Ebolowa,2017,10,285,41,43.13,68.98,174.8,451.12,0.38681775179855815,-0.13100000000000023,23.5,equatorial
12.08,22.47,26.08,20.15,92.27,14.62,0.71,5.16,0.7,0.73,2017-10-13,Ebolowa,2017,10,286,41,55.57,76.39,181.85000000000002,463.29999999999995,0.4512253232396621,-0.14900000000000446,23.1,equatorial
16.14,22.15,24.7,20.01,93.47,6.62,0.51,3.27,0.72,0.74,2017-10-14,Ebolowa,2017,10,287,41,58.76,81.42,184.75000000000003,467.62,0.47388800458359376,-0.45866666666666944,23.1,equatorial
17.46,23.21,26.66,20.69,90.0,9.15,0.59,5.33,0.72,0.74,2017-10-15,Ebolowa,2017,10,288,41,63.31999999999999,86.27,188.93,472.94,0.5018501884499985,0.5770000000000017,23.21,equatorial
15.98,22.29,24.74,20.41,95.18,4.61,0.63,2.59,0.71,0.73,2017-10-16,Ebolowa,2017,10,289,42,63.59,86.27999999999999,185.43,473.66,0.5053665811391825,-0.34366666666666745,23.21,equatorial
11.0,22.69,25.73,20.47,95.67,18.99,0.64,3.79,0.72,0.77,2017-10-17,Ebolowa,2017,10,290,42,76.21,102.77000000000001,198.28000000000003,489.21,0.5876727014858131,0.0313333333333361,23.21,equatorial
15.29,23.11,26.82,20.38,91.23,2.11,0.64,4.72,0.73,0.73,2017-10-18,Ebolowa,2017,10,291,42,60.73,101.52,197.73000000000002,488.03999999999996,0.5810682959708964,0.44399999999999906,23.21,equatorial
16.99,23.44,27.37,20.47,89.6,1.55,0.52,4.51,0.71,0.72,2017-10-19,Ebolowa,2017,10,292,42,57.64999999999999,100.78,195.89000000000001,479.61,0.5358721142185746,0.7496666666666663,23.44,equatorial
17.09,23.27,26.25,21.14,93.31,2.45,0.68,3.1,0.71,0.71,2017-10-20,Ebolowa,2017,10,293,42,45.48,101.05,194.77,476.40999999999997,0.5185165048797045,0.5773333333333355,23.44,equatorial
15.02,23.3,26.38,21.0,92.82,2.69,0.63,3.51,0.7,0.71,2017-10-21,Ebolowa,2017,10,294,42,41.55,100.31,192.32,473.53,0.502872769189513,0.5960000000000001,23.44,equatorial
14.58,23.17,26.08,21.32,94.81,7.04,0.78,3.56,0.7,0.72,2017-10-22,Ebolowa,2017,10,295,42,39.44,102.75999999999999,177.04000000000002,465.97,0.4623267646554497,0.42900000000000205,23.44,equatorial
11.71,23.13,26.46,20.61,93.97,10.22,0.6,4.57,0.71,0.74,2017-10-23,Ebolowa,2017,10,296,43,45.05,108.63999999999999,184.08,473.31,0.5011369351695845,0.35066666666666535,23.44,equatorial
14.33,22.82,25.15,21.28,96.37,8.24,0.44,2.74,0.72,0.74,2017-10-24,Ebolowa,2017,10,297,43,34.3,110.51,190.48,479.15999999999997,0.5319913867347011,0.029333333333333655,23.44,equatorial
15.57,22.75,26.24,20.06,90.49,2.79,0.7,4.49,0.71,0.72,2017-10-25,Ebolowa,2017,10,298,43,34.980000000000004,95.71,190.57000000000002,478.91,0.5303278681649478,-0.03100000000000236,23.44,equatorial
14.17,23.08,26.62,20.31,92.25,6.71,0.71,4.24,0.71,0.73,2017-10-26,Ebolowa,2017,10,299,43,40.14,97.79,194.48,480.2,0.5368738405428811,0.28800000000000026,23.3,equatorial
18.2,22.36,24.19,21.04,96.98,8.11,0.66,2.13,0.72,0.74,2017-10-27,Ebolowa,2017,10,300,43,45.8,91.28,191.99,485.25,0.563463532932707,-0.4190000000000005,23.3,equatorial
12.89,21.91,23.99,20.39,95.26,4.04,0.62,2.61,0.72,0.73,2017-10-28,Ebolowa,2017,10,301,43,47.150000000000006,88.69999999999999,178.92000000000002,487.57,0.5754772374566116,-0.873666666666665,23.17,equatorial
12.78,22.11,24.6,20.08,90.72,1.43,0.65,2.54,0.71,0.72,2017-10-29,Ebolowa,2017,10,302,43,41.54,80.98,173.14000000000001,480.21,0.5358400667788221,-0.6870000000000012,23.13,equatorial
13.2,22.11,24.32,20.37,93.47,15.74,0.46,3.14,0.72,0.76,2017-10-30,Ebolowa,2017,10,303,44,47.06,92.11,187.29000000000002,492.31,0.6000828437484591,-0.661999999999999,23.08,equatorial
18.52,22.52,26.25,19.86,91.98,7.38,0.96,5.26,0.73,0.75,2017-10-31,Ebolowa,2017,10,304,44,46.2,80.50000000000001,190.37000000000003,498.91999999999996,0.6349734147778442,-0.24899999999999878,23.08,equatorial
15.03,23.07,26.92,19.93,89.93,18.47,0.71,6.13,0.73,0.77,2017-11-01,Ebolowa,2017,11,305,44,61.879999999999995,96.85999999999999,204.24,514.1,0.7155902057226141,0.30200000000000315,23.08,equatorial
17.43,22.44,25.13,20.69,93.48,3.92,0.54,3.43,0.74,0.74,2017-11-02,Ebolowa,2017,11,306,44,59.09,99.22999999999999,205.66,515.29,0.7214231389392244,-0.31999999999999673,23.07,equatorial
17.82,22.14,25.46,19.9,94.24,8.57,0.71,3.84,0.74,0.75,2017-11-03,Ebolowa,2017,11,307,44,59.550000000000004,105.35,210.87,520.96,0.7511778080359662,-0.6003333333333352,23.07,equatorial
18.44,22.7,27.08,19.28,89.55,3.74,0.74,5.51,0.73,0.74,2017-11-04,Ebolowa,2017,11,308,44,59.25,106.39999999999999,212.32000000000002,509.42999999999995,0.6890171197737033,-0.01666666666666572,23.07,equatorial
14.58,23.24,26.98,20.43,91.3,7.97,0.71,5.69,0.73,0.74,2017-11-05,Ebolowa,2017,11,309,44,65.78999999999999,107.33,218.11,513.39,0.70969017821869,0.5319999999999965,23.24,equatorial
14.58,21.81,23.17,20.56,97.33,13.69,0.53,1.85,0.74,0.78,2017-11-06,Ebolowa,2017,11,310,45,63.74,110.80000000000001,228.37,524.13,0.7665791650300491,-0.8720000000000034,23.24,equatorial
16.22,22.33,26.2,19.61,91.13,2.71,0.62,4.39,0.74,0.74,2017-11-07,Ebolowa,2017,11,311,45,59.07,105.27,226.49,522.5500000000001,0.757549654849572,-0.32633333333333425,23.24,equatorial
17.0,22.44,25.14,20.37,95.08,2.24,0.57,2.35,0.73,0.73,2017-11-08,Ebolowa,2017,11,312,45,42.84,104.72,224.39000000000001,522.57,0.7570852645757993,-0.20366666666666688,23.24,equatorial
19.04,23.55,27.8,20.49,88.13,1.72,0.64,5.52,0.72,0.72,2017-11-09,Ebolowa,2017,11,313,45,40.64,99.72999999999999,219.74,520.29,0.7443222160562176,0.8756666666666675,23.55,equatorial
13.81,23.06,26.56,20.57,91.75,3.17,0.69,3.79,0.72,0.72,2017-11-10,Ebolowa,2017,11,314,45,35.239999999999995,94.78999999999999,205.32000000000002,519.27,0.7383130252355616,0.35566666666666436,23.55,equatorial
15.83,23.58,27.94,20.3,88.5,1.9,0.65,5.69,0.71,0.72,2017-11-11,Ebolowa,2017,11,315,45,33.4,92.65,202.59,513.3199999999999,0.7059330925476248,0.8383333333333312,23.58,equatorial
13.48,23.34,27.34,20.34,88.51,2.65,0.45,5.3,0.71,0.72,2017-11-12,Ebolowa,2017,11,316,45,28.080000000000002,93.86999999999999,190.62000000000003,514.9,0.7138840706516361,0.5693333333333328,23.58,equatorial
16.14,23.53,27.4,20.21,89.22,21.84,0.75,5.89,0.71,0.77,2017-11-13,Ebolowa,2017,11,317,46,36.230000000000004,99.97,205.84000000000003,531.5699999999999,0.8025968599324624,0.7133333333333347,23.58,equatorial
16.71,23.88,27.85,20.81,89.79,8.57,0.79,4.96,0.74,0.76,2017-11-14,Ebolowa,2017,11,318,46,42.09,101.16,205.26000000000002,536.89,0.8304447817327012,1.0410000000000004,23.88,equatorial
6.88,22.91,25.0,21.47,97.25,11.35,0.63,2.46,0.74,0.77,2017-11-15,Ebolowa,2017,11,319,46,51.199999999999996,94.03999999999999,212.0,546.91,0.8834142608006326,0.05033333333333445,23.88,equatorial
12.89,22.9,25.89,20.67,93.15,2.84,0.48,2.98,0.74,0.74,2017-11-16,Ebolowa,2017,11,320,46,52.32,92.96000000000001,195.85000000000002,549.2199999999999,0.8950321401079179,0.03333333333333144,23.88,equatorial
16.93,23.51,27.74,20.8,89.53,4.15,0.65,4.85,0.73,0.74,2017-11-17,Ebolowa,2017,11,321,46,53.300000000000004,88.53999999999999,197.89000000000001,552.3100000000001,0.9108085971405219,0.6300000000000026,23.88,equatorial
16.56,22.83,25.96,20.58,91.89,9.99,0.58,3.78,0.73,0.75,2017-11-18,Ebolowa,2017,11,322,46,61.39,94.79,206.33,560.11,0.9517752634839407,-0.029666666666667396,23.88,equatorial
10.62,22.28,24.84,20.44,93.73,10.36,0.71,3.53,0.75,0.77,2017-11-19,Ebolowa,2017,11,323,46,69.1,97.18,214.24,567.8,0.9920811813225147,-0.5466666666666669,23.88,equatorial
20.02,23.17,27.01,20.3,88.62,1.5,0.75,4.54,0.74,0.74,2017-11-20,Ebolowa,2017,11,324,47,48.76,84.99000000000001,213.05,562.92,0.9650253476040567,0.3476666666666688,23.88,equatorial
17.86,23.24,27.01,20.43,89.82,7.01,0.64,4.56,0.74,0.74,2017-11-21,Ebolowa,2017,11,325,47,47.199999999999996,89.28999999999999,213.02,555.48,0.9243108948893042,0.4153333333333329,23.51,equatorial
11.95,22.79,25.91,20.45,91.92,6.63,0.73,3.63,0.74,0.75,2017-11-22,Ebolowa,2017,11,326,47,42.480000000000004,93.68,209.43,558.82,0.941384049031558,-0.023333333333333428,23.51,equatorial
14.88,22.83,27.0,19.4,88.1,5.64,0.83,5.51,0.74,0.74,2017-11-23,Ebolowa,2017,11,327,47,45.28,97.60000000000001,206.83,559.87,0.946167504823636,0.01633333333333198,23.51,equatorial
15.52,22.83,27.13,19.96,89.39,1.78,0.87,4.74,0.73,0.73,2017-11-24,Ebolowa,2017,11,328,47,42.91,96.21000000000001,205.82000000000002,557.46,0.9324160686309606,0.013666666666669158,23.24,equatorial
15.56,23.0,27.26,19.48,86.05,0.46,0.7,4.45,0.72,0.72,2017-11-25,Ebolowa,2017,11,329,47,33.379999999999995,94.77,199.57,551.02,0.897104671239008,0.18633333333333368,23.24,equatorial
17.96,23.11,26.68,18.5,82.77,0.34,0.81,4.65,0.72,0.71,2017-11-26,Ebolowa,2017,11,330,47,23.36,92.46000000000001,191.8,550.9499999999999,0.8959670615674248,0.27133333333333454,23.24,equatorial
19.31,23.13,27.7,18.13,81.35,1.19,0.79,5.77,0.71,0.71,2017-11-27,Ebolowa,2017,11,331,48,23.049999999999997,71.81,188.95,550.57,0.8931713488388486,0.2506666666666675,23.24,equatorial
18.85,22.75,27.55,18.46,85.54,0.94,0.92,5.15,0.7,0.71,2017-11-28,Ebolowa,2017,11,332,48,16.98,64.17999999999999,188.46,549.9699999999999,0.8892019854891288,-0.15066666666666606,23.13,equatorial
15.88,23.38,27.57,20.09,87.04,1.73,0.67,4.68,0.7,0.71,2017-11-29,Ebolowa,2017,11,333,48,12.08,54.56,174.45000000000002,550.4699999999999,0.8911330173260398,0.43700000000000117,23.38,equatorial
12.36,23.58,27.76,19.83,86.73,1.85,0.73,4.74,0.7,0.7,2017-11-30,Ebolowa,2017,11,334,48,8.29,53.57,168.92000000000002,550.63,0.8912400811563019,0.601666666666663,23.58,equatorial
17.48,23.3,26.86,20.69,89.92,3.6,0.65,3.74,0.7,0.71,2017-12-01,Ebolowa,2017,12,335,48,10.11,53.019999999999996,154.05,546.0500000000001,0.8659455547368605,0.3140000000000036,23.58,equatorial
19.26,23.53,27.64,20.51,87.14,0.13,0.77,4.28,0.7,0.7,2017-12-02,Ebolowa,2017,12,336,48,9.780000000000001,43.16,150.26,542.09,0.8440099277739027,0.5076666666666654,23.58,equatorial
15.09,23.86,28.38,20.05,86.01,0.23,0.77,5.03,0.69,0.69,2017-12-03,Ebolowa,2017,12,337,48,9.670000000000002,33.03,141.92000000000002,540.03,0.832289920341607,0.7803333333333349,23.86,equatorial
13.44,23.92,27.73,20.71,85.74,0.27,0.77,4.21,0.68,0.69,2017-12-04,Ebolowa,2017,12,338,49,8.75,31.799999999999997,138.45,537.63,0.8187625807051481,0.799666666666667,23.92,equatorial
20.09,24.19,28.42,20.58,82.6,0.32,0.74,5.15,0.68,0.69,2017-12-05,Ebolowa,2017,12,339,49,8.13,25.11,130.8,530.8499999999999,0.7817620182113002,1.0380000000000038,24.19,equatorial
19.02,23.61,28.05,20.02,86.08,0.22,0.82,4.52,0.68,0.68,2017-12-06,Ebolowa,2017,12,340,49,6.62,18.7,117.33000000000001,520.78,0.7271526617448076,0.39800000000000324,24.19,equatorial
16.5,23.9,28.49,20.58,85.1,0.1,0.77,4.96,0.67,0.68,2017-12-07,Ebolowa,2017,12,341,49,4.87,13.16,114.72000000000001,502.24,0.6271372320738925,0.6356666666666619,24.19,equatorial
17.47,23.82,27.65,20.92,86.64,0.11,0.67,3.87,0.67,0.68,2017-12-08,Ebolowa,2017,12,342,49,1.3800000000000001,11.49,112.59000000000002,500.56,0.6177108472147781,0.5096666666666678,24.19,equatorial
9.25,23.44,26.89,21.25,89.56,0.2,0.6,2.64,0.67,0.68,2017-12-09,Ebolowa,2017,12,343,49,1.45,11.23,111.07000000000002,497.33,0.5999674363861831,0.13333333333333286,24.19,equatorial
13.45,22.55,24.44,21.11,92.42,0.25,0.69,1.5,0.67,0.68,2017-12-10,Ebolowa,2017,12,344,49,1.47,11.14,108.15000000000002,485.14,0.5340992714252347,-0.7396666666666647,24.19,equatorial
14.65,23.41,27.45,20.39,87.44,0.11,0.59,3.5,0.67,0.68,2017-12-11,Ebolowa,2017,12,345,50,1.31,10.06,106.36000000000001,483.75,0.5263099691135787,0.12600000000000122,24.19,equatorial
15.7,23.72,27.06,21.22,86.74,0.21,0.56,2.85,0.67,0.68,2017-12-12,Ebolowa,2017,12,346,50,1.2000000000000002,9.330000000000002,103.92000000000002,476.39,0.48642752737427336,0.423333333333332,23.9,equatorial
19.43,24.25,28.65,20.87,84.47,0.32,0.79,4.46,0.67,0.67,2017-12-13,Ebolowa,2017,12,347,50,1.3,7.920000000000001,82.40000000000002,472.99,0.4678615502546463,0.9293333333333322,24.25,equatorial
15.86,24.42,29.08,20.31,82.44,0.24,0.62,4.98,0.66,0.67,2017-12-14,Ebolowa,2017,12,348,50,1.4400000000000002,6.3100000000000005,74.07000000000001,468.26,0.44214683725759163,1.0813333333333368,24.42,equatorial
17.46,24.13,28.46,20.76,86.26,0.83,0.66,4.06,0.66,0.67,2017-12-15,Ebolowa,2017,12,349,50,2.16,3.54,63.55000000000001,460.97999999999996,0.40271473865043217,0.7506666666666675,24.42,equatorial
12.42,22.87,24.47,21.71,96.51,1.62,0.67,1.18,0.66,0.68,2017-12-16,Ebolowa,2017,12,350,50,3.58,5.03,62.33000000000001,456.46,0.37815732063337965,-0.5083333333333293,24.42,equatorial
17.1,24.14,28.94,20.58,85.1,0.27,0.76,4.86,0.66,0.67,2017-12-17,Ebolowa,2017,12,351,50,3.6,5.07,58.45000000000001,454.07000000000005,0.36508171577146326,0.7406666666666659,24.42,equatorial
17.95,24.15,28.74,20.81,85.2,0.1,0.75,4.54,0.66,0.66,2017-12-18,Ebolowa,2017,12,352,51,3.5900000000000003,4.9,48.56000000000002,450.78,0.3471587375142517,0.7066666666666634,24.42,equatorial
19.4,24.09,28.75,20.7,85.98,0.06,0.76,4.36,0.65,0.66,2017-12-19,Ebolowa,2017,12,353,51,3.44,4.64,38.26000000000001,447.27,0.32805357152748527,0.5863333333333358,24.42,equatorial
16.87,24.27,28.86,20.3,83.04,0.07,0.8,4.55,0.65,0.65,2017-12-20,Ebolowa,2017,12,354,51,3.19,4.49,36.83000000000001,442.2,0.3005370361212041,0.7296666666666667,24.42,equatorial
16.04,24.29,28.98,20.24,82.92,0.13,0.7,4.33,0.65,0.65,2017-12-21,Ebolowa,2017,12,355,51,3.08,4.5200000000000005,29.950000000000014,420.01,0.18062945454991142,0.7146666666666661,24.29,equatorial
15.25,23.75,27.93,21.03,88.18,3.31,0.76,3.64,0.65,0.66,2017-12-22,Ebolowa,2017,12,356,51,5.5600000000000005,7.720000000000001,26.630000000000017,420.14,0.1812456471934683,0.14266666666666694,24.29,equatorial
7.46,22.93,25.71,21.26,94.02,4.16,0.6,2.35,0.65,0.68,2017-12-23,Ebolowa,2017,12,357,51,8.100000000000001,11.68,25.150000000000013,422.46,0.19369203296197338,-0.6806666666666636,24.29,equatorial
16.35,23.69,28.43,20.59,87.37,1.34,0.65,4.2,0.66,0.67,2017-12-24,Ebolowa,2017,12,358,51,9.170000000000002,12.770000000000001,24.710000000000015,421.09999999999997,0.18625002163522966,0.05066666666666464,24.29,equatorial
15.46,24.33,28.99,20.79,83.76,0.59,0.86,4.96,0.65,0.66,2017-12-25,Ebolowa,2017,12,359,52,9.660000000000002,13.250000000000002,24.840000000000018,418.89,0.1742128820979028,0.6463333333333274,24.33,equatorial
16.74,23.47,28.51,20.32,84.0,0.36,0.94,4.54,0.65,0.65,2017-12-26,Ebolowa,2017,12,360,52,9.96,13.4,24.860000000000014,408.65,0.1187405943285561,-0.2256666666666689,24.33,equatorial
17.17,23.1,28.27,18.37,79.25,0.07,0.86,4.35,0.64,0.65,2017-12-27,Ebolowa,2017,12,361,52,9.96,13.15,23.740000000000016,391.61,0.026469195812150403,-0.5946666666666651,24.33,equatorial
18.88,23.7,28.96,19.67,82.24,0.05,0.77,4.62,0.64,0.64,2017-12-28,Ebolowa,2017,12,362,52,9.879999999999999,12.959999999999999,22.850000000000012,384.45,-0.012309160283178293,-0.026333333333337094,24.33,equatorial
17.41,23.51,27.89,20.42,86.46,0.05,0.66,3.28,0.64,0.64,2017-12-29,Ebolowa,2017,12,363,52,6.620000000000001,12.18,21.170000000000012,382.90999999999997,-0.020645351424634507,-0.22066666666666634,24.33,equatorial
18.39,23.73,28.23,20.28,84.5,0.03,0.72,3.72,0.63,0.64,2017-12-30,Ebolowa,2017,12,364,52,2.490000000000001,10.59,19.350000000000016,378.64000000000004,-0.043776069277447156,-0.005666666666666487,24.33,equatorial
17.84,23.64,28.16,20.17,83.19,0.03,0.68,3.91,0.63,0.64,2017-12-31,Ebolowa,2017,12,365,52,1.1800000000000008,10.350000000000001,15.780000000000014,374.07,-0.06853323077751534,-0.10700000000000287,24.33,equatorial
16.92,23.17,28.59,18.81,81.18,0.09,1.07,4.7,0.63,0.63,2018-01-01,Ebolowa,2018,1,1,1,0.6800000000000008,10.340000000000002,15.740000000000014,371.66,-0.08157406350122551,-0.5649999999999977,23.73,equatorial
19.98,22.99,28.55,18.96,82.04,0.05,0.99,4.22,0.62,0.63,2018-01-02,Ebolowa,2018,1,2,1,0.3700000000000009,10.33,15.560000000000015,368.34999999999997,-0.09949870817318578,-0.7160000000000011,23.73,equatorial
19.25,22.19,27.76,17.78,79.99,0.08,1.01,4.46,0.62,0.62,2018-01-03,Ebolowa,2018,1,3,1,0.3800000000000009,10.34,15.370000000000015,366.14000000000004,-0.1114511600694096,-1.4583333333333321,23.73,equatorial
19.98,21.42,26.91,15.85,71.19,0.01,0.98,4.88,0.62,0.62,2018-01-04,Ebolowa,2018,1,4,1,0.3400000000000009,10.22,15.060000000000015,363.97,-0.1231861460503451,-2.1359999999999992,23.73,equatorial
21.02,21.3,27.1,16.17,67.3,0.03,0.85,4.91,0.61,0.61,2018-01-05,Ebolowa,2018,1,5,1,0.3200000000000009,6.940000000000001,14.870000000000013,360.57,-0.14160450511736888,-2.1789999999999985,23.73,equatorial
19.97,21.57,27.93,16.4,83.76,1.07,1.13,4.15,0.61,0.62,2018-01-06,Ebolowa,2018,1,6,1,1.360000000000001,3.850000000000001,15.840000000000014,357.04999999999995,-0.1606745821782293,-1.8313333333333333,23.64,equatorial
18.33,22.96,28.68,18.89,83.68,1.43,0.62,4.33,0.61,0.62,2018-01-07,Ebolowa,2018,1,7,1,2.7600000000000007,3.9400000000000004,17.160000000000014,354.14,-0.1764262694069378,-0.4126666666666665,23.17,equatorial
16.89,23.13,28.57,19.26,81.32,0.61,0.85,4.23,0.61,0.61,2018-01-08,Ebolowa,2018,1,8,2,3.280000000000001,3.960000000000001,17.570000000000014,348.38,-0.20768375392187632,-0.23233333333333306,23.13,equatorial
17.11,23.04,28.9,18.4,81.34,0.41,0.98,4.25,0.61,0.61,2018-01-09,Ebolowa,2018,1,9,2,3.6400000000000006,4.010000000000001,17.730000000000015,331.20000000000005,-0.30109815258198236,-0.33866666666666845,23.13,equatorial
16.98,23.2,29.16,18.21,81.57,0.57,0.93,4.22,0.6,0.61,2018-01-10,Ebolowa,2018,1,10,2,4.130000000000001,4.510000000000001,18.190000000000012,327.14,-0.32305690034880624,-0.1716666666666704,23.2,equatorial
17.74,23.78,29.44,19.85,82.44,0.52,1.0,4.66,0.6,0.6,2018-01-11,Ebolowa,2018,1,11,2,4.640000000000001,4.980000000000001,18.500000000000014,313.04,-0.399699477975851,0.40633333333333255,23.78,equatorial
17.83,23.41,28.38,19.96,82.86,0.55,0.88,4.02,0.6,0.6,2018-01-12,Ebolowa,2018,1,12,2,5.16,5.48,18.730000000000015,306.97,-0.432564788788728,0.0643333333333338,23.78,equatorial
18.52,23.77,29.24,20.06,82.81,0.39,0.74,3.94,0.6,0.6,2018-01-13,Ebolowa,2018,1,13,2,4.48,5.840000000000001,18.880000000000013,298.21,-0.4800804127162161,0.44599999999999795,23.78,equatorial
17.18,23.86,29.17,20.16,81.77,0.41,0.71,3.96,0.6,0.6,2018-01-14,Ebolowa,2018,1,14,2,3.4600000000000004,6.220000000000001,18.460000000000015,294.01,-0.5027138003658738,0.5449999999999982,23.86,equatorial
17.84,24.01,29.73,20.15,79.89,0.2,0.77,4.41,0.59,0.59,2018-01-15,Ebolowa,2018,1,15,3,3.0500000000000007,6.330000000000001,17.040000000000013,275.22,-0.6049032926487115,0.657,24.01,equatorial
17.09,23.6,29.76,19.52,79.16,0.07,0.84,4.26,0.59,0.59,2018-01-16,Ebolowa,2018,1,16,3,2.710000000000001,6.350000000000001,16.840000000000014,273.18,-0.6156594606173466,0.2650000000000041,24.01,equatorial
20.34,23.61,29.92,19.44,80.19,0.13,0.91,4.32,0.59,0.59,2018-01-17,Ebolowa,2018,1,17,3,2.270000000000001,6.400000000000001,16.87000000000001,271.76,-0.6230258970090883,0.29299999999999926,24.01,equatorial
18.96,23.73,29.49,20.19,82.79,0.11,0.85,3.6,0.58,0.58,2018-01-18,Ebolowa,2018,1,18,3,1.860000000000001,6.5,16.920000000000012,269.42,-0.6354085014755504,0.42499999999999716,24.01,equatorial
16.62,23.88,29.3,19.98,82.19,1.08,0.79,3.85,0.58,0.58,2018-01-19,Ebolowa,2018,1,19,3,2.390000000000001,7.550000000000001,17.930000000000014,267.81,-0.6437975200296573,0.588000000000001,24.01,equatorial
16.6,23.18,28.46,20.26,83.68,2.8,0.89,3.63,0.59,0.61,2018-01-20,Ebolowa,2018,1,20,3,4.800000000000001,9.280000000000001,20.600000000000016,263.57,-0.6665409033701724,-0.07499999999999929,24.01,equatorial
18.46,23.4,29.45,18.88,80.01,0.14,0.65,4.09,0.59,0.59,2018-01-21,Ebolowa,2018,1,21,3,4.53,7.990000000000001,17.430000000000014,253.48999999999998,-0.7211587577012946,0.1566666666666663,24.01,equatorial
17.31,23.75,29.65,19.53,81.6,0.26,0.84,4.02,0.58,0.58,2018-01-22,Ebolowa,2018,1,22,4,4.590000000000001,7.640000000000001,13.530000000000014,245.51000000000002,-0.7642541439607948,0.47933333333333294,23.88,equatorial
17.19,23.56,28.82,20.14,81.03,0.53,0.81,3.75,0.58,0.58,2018-01-23,Ebolowa,2018,1,23,4,5.050000000000001,7.760000000000001,12.720000000000015,243.24999999999997,-0.7760587846511655,0.29366666666666674,23.88,equatorial
18.83,23.65,29.63,19.47,80.07,0.16,0.8,3.97,0.58,0.58,2018-01-24,Ebolowa,2018,1,24,4,5.080000000000001,7.350000000000001,12.290000000000015,236.70000000000002,-0.8112882518562542,0.40633333333333255,23.88,equatorial
17.28,23.79,29.67,19.6,79.86,0.14,0.76,3.89,0.57,0.57,2018-01-25,Ebolowa,2018,1,25,4,5.110000000000001,6.970000000000001,12.070000000000013,228.73,-0.8542336310290982,0.5356666666666676,23.88,equatorial
17.17,23.68,28.47,20.17,80.6,0.03,0.57,3.25,0.57,0.57,2018-01-26,Ebolowa,2018,1,26,4,4.0600000000000005,6.450000000000001,12.030000000000015,224.72,-0.875485686009414,0.40633333333333255,23.79,equatorial
18.48,24.29,30.07,19.72,79.18,0.08,0.86,3.86,0.57,0.57,2018-01-27,Ebolowa,2018,1,27,4,1.340000000000001,6.1400000000000015,12.060000000000015,223.37,-0.8821742023985903,0.9966666666666661,24.29,equatorial
19.59,24.44,30.42,20.06,77.71,0.03,0.92,4.16,0.57,0.57,2018-01-28,Ebolowa,2018,1,28,4,1.230000000000001,5.760000000000001,12.040000000000013,207.66,-0.9673198045887593,1.115666666666666,24.44,equatorial
19.11,24.55,30.5,20.22,78.72,0.06,0.85,3.97,0.56,0.56,2018-01-29,Ebolowa,2018,1,29,5,1.030000000000001,5.620000000000001,12.070000000000014,200.33999999999997,-1.0064810393349453,1.1983333333333341,24.55,equatorial
19.45,24.55,30.77,19.7,78.29,0.03,0.98,4.07,0.56,0.56,2018-01-30,Ebolowa,2018,1,30,5,0.5300000000000009,5.580000000000001,12.070000000000014,181.89999999999998,-1.106309703293428,1.1680000000000028,24.55,equatorial
20.8,24.51,30.35,20.51,73.31,0.13,0.89,4.15,0.56,0.56,2018-01-31,Ebolowa,2018,1,31,5,0.5000000000000009,5.580000000000001,12.110000000000015,178.11,-1.125915872653087,1.0833333333333321,24.55,equatorial
20.86,23.93,30.73,17.4,72.48,0.15,0.98,4.16,0.55,0.55,2018-02-01,Ebolowa,2018,2,32,5,0.5100000000000009,5.620000000000001,12.210000000000013,169.69,-1.170756390951895,0.47199999999999775,24.55,equatorial
18.99,24.84,30.67,19.99,77.73,0.24,0.84,3.74,0.55,0.55,2018-02-02,Ebolowa,2018,2,33,5,0.7200000000000009,4.780000000000001,12.370000000000013,166.19,-1.1886322916637089,1.2936666666666667,24.84,equatorial
19.51,25.48,31.71,20.81,76.95,0.24,0.92,3.92,0.55,0.55,2018-02-03,Ebolowa,2018,2,34,5,0.8800000000000009,2.220000000000001,12.600000000000014,158.46,-1.2295458057311155,1.798333333333332,25.48,equatorial
19.21,25.79,31.86,21.3,78.45,0.27,0.84,4.04,0.55,0.55,2018-02-04,Ebolowa,2018,2,35,5,1.120000000000001,2.350000000000001,12.840000000000014,145.04,-1.30138277142199,1.9586666666666623,25.79,equatorial
20.34,25.72,31.63,21.78,81.58,2.32,0.9,4.3,0.55,0.56,2018-02-05,Ebolowa,2018,2,36,6,3.380000000000001,4.410000000000001,14.090000000000014,144.65,-1.3019618964255253,1.7503333333333302,25.79,equatorial
16.97,25.84,32.15,21.5,79.63,1.09,0.78,4.33,0.55,0.55,2018-02-06,Ebolowa,2018,2,37,6,4.440000000000001,4.970000000000001,13.750000000000014,143.5,-1.3066826205431952,1.7743333333333347,25.84,equatorial
18.69,25.78,31.95,21.68,79.22,1.4,0.99,4.44,0.55,0.55,2018-02-07,Ebolowa,2018,2,38,6,5.710000000000001,6.210000000000001,14.540000000000013,143.17999999999998,-1.3068674638383078,1.6260000000000012,25.84,equatorial
18.06,25.68,32.11,21.48,79.07,1.4,1.06,4.42,0.54,0.55,2018-02-08,Ebolowa,2018,2,39,6,6.960000000000001,7.470000000000001,15.530000000000014,141.41,-1.3149508901845026,1.4379999999999988,25.84,equatorial
16.72,24.96,30.51,21.82,82.33,3.0,1.41,4.13,0.54,0.56,2018-02-09,Ebolowa,2018,2,40,6,9.72,10.440000000000001,17.960000000000015,142.51,-1.3073825996708766,0.6593333333333362,25.84,equatorial
16.24,24.6,29.78,21.91,83.65,2.36,1.12,3.47,0.55,0.56,2018-02-10,Ebolowa,2018,2,41,6,11.84,12.72,19.800000000000015,142.22,-1.3074047126928254,0.27200000000000557,25.84,equatorial
17.62,24.93,30.56,21.22,82.24,2.62,0.76,3.94,0.55,0.57,2018-02-11,Ebolowa,2018,2,42,6,14.190000000000001,15.31,21.870000000000015,123.0,-1.4104260377195936,0.5513333333333321,25.84,equatorial
16.05,24.2,28.78,21.53,87.77,3.6,0.76,2.86,0.55,0.58,2018-02-12,Ebolowa,2018,2,43,7,15.47,18.85,25.080000000000013,118.03,-1.4356005534127598,-0.19300000000000495,25.84,equatorial
13.39,24.65,29.45,21.27,87.21,13.15,0.58,3.61,0.57,0.64,2018-02-13,Ebolowa,2018,2,44,7,27.53,31.97,37.820000000000014,119.83,-1.4238923106306614,0.23066666666666436,25.78,equatorial
15.47,24.04,28.04,21.79,89.03,9.9,0.84,3.07,0.59,0.65,2018-02-14,Ebolowa,2018,2,45,7,36.03,41.74,47.52000000000001,126.89,-1.3836491247618787,-0.3803333333333363,25.68,equatorial
17.05,24.91,30.38,20.93,83.63,0.85,0.7,4.14,0.59,0.6,2018-02-15,Ebolowa,2018,2,46,7,35.480000000000004,42.440000000000005,48.30000000000001,123.59,-1.3998067983011548,0.4460000000000015,24.96,equatorial
6.97,25.14,30.0,21.88,84.11,0.81,0.78,3.66,0.59,0.59,2018-02-16,Ebolowa,2018,2,47,7,33.290000000000006,43.01,48.98000000000002,114.41,-1.4478247339216703,0.6250000000000036,25.14,equatorial
13.8,24.97,29.74,21.84,83.17,0.49,0.79,3.46,0.58,0.58,2018-02-17,Ebolowa,2018,2,48,7,31.42,43.26,49.360000000000014,104.53999999999999,-1.4994053649111594,0.41366666666666774,25.14,equatorial
13.79,24.6,29.84,21.31,81.96,0.59,0.86,3.84,0.57,0.58,2018-02-18,Ebolowa,2018,2,49,7,29.39,43.58,48.87000000000002,103.63,-1.5022134456174405,0.019666666666669386,25.14,equatorial
13.96,24.59,29.4,21.19,81.62,0.56,0.67,3.64,0.57,0.57,2018-02-19,Ebolowa,2018,2,50,8,26.35,41.82,46.63000000000002,97.18,-1.5350235633579121,-0.03733333333333633,25.14,equatorial
14.37,23.81,27.9,20.92,87.89,3.43,0.66,3.0,0.57,0.59,2018-02-20,Ebolowa,2018,2,51,8,16.630000000000003,44.16,49.920000000000016,93.97999999999999,-1.5501038487182919,-0.8310000000000031,25.14,equatorial
18.19,23.03,25.94,21.25,90.99,3.91,0.9,2.49,0.57,0.6,2018-02-21,Ebolowa,2018,2,52,8,10.64,46.67,53.570000000000014,92.25000000000001,-1.5571684025932493,-1.5869999999999997,25.14,equatorial
11.6,23.39,27.47,20.8,87.67,2.41,0.87,3.13,0.58,0.59,2018-02-22,Ebolowa,2018,2,53,8,12.200000000000001,47.68,55.45000000000002,92.88000000000001,-1.5514437367985436,-1.2213333333333338,25.14,equatorial
14.23,23.37,27.18,20.22,85.35,1.9,0.56,2.93,0.58,0.59,2018-02-23,Ebolowa,2018,2,54,8,13.290000000000001,46.58,57.19000000000002,94.32,-1.5413665547229256,-1.2319999999999993,24.97,equatorial
19.15,23.69,28.06,20.64,89.3,3.54,0.76,2.93,0.58,0.6,2018-02-24,Ebolowa,2018,2,55,8,16.34,47.760000000000005,60.59000000000002,97.52,-1.5218258781091543,-0.9086666666666652,24.6,equatorial
16.84,24.09,27.92,21.4,89.79,5.63,0.81,3.15,0.59,0.62,2018-02-25,Ebolowa,2018,2,56,8,21.380000000000003,50.77,66.19000000000001,101.96,-1.4956697343283691,-0.5223333333333322,24.59,equatorial
13.74,23.03,25.48,21.41,93.71,10.35,0.84,2.34,0.59,0.64,2018-02-26,Ebolowa,2018,2,57,9,31.17,57.52,76.46000000000002,111.37,-1.442794549822266,-1.5403333333333329,24.09,equatorial
15.86,22.67,26.25,20.52,90.4,8.0,0.72,3.27,0.61,0.67,2018-02-27,Ebolowa,2018,2,58,9,35.74,52.370000000000005,84.43000000000002,117.64,-1.407046192598931,-1.8413333333333277,24.09,equatorial
17.77,23.03,28.09,19.88,86.59,3.0,0.54,3.95,0.61,0.63,2018-02-28,Ebolowa,2018,2,59,9,34.83,45.47,87.37000000000002,118.79,-1.3990310489260314,-1.4306666666666672,24.09,equatorial
19.83,22.6,26.0,20.61,91.34,3.51,0.94,3.01,0.61,0.63,2018-03-01,Ebolowa,2018,3,60,9,35.93,48.129999999999995,90.85000000000001,118.7,-1.397728072502062,-1.7956666666666656,24.09,equatorial
22.56,23.79,29.32,20.11,83.05,0.08,0.86,4.6,0.6,0.61,2018-03-02,Ebolowa,2018,3,61,9,34.11,47.4,90.80000000000001,118.64999999999999,-1.396214770715211,-0.581666666666667,24.09,equatorial
16.2,23.78,28.9,20.2,83.03,0.32,0.9,4.21,0.6,0.6,2018-03-03,Ebolowa,2018,3,62,9,30.89,47.23,90.97000000000001,118.74,-1.3939533090200862,-0.586666666666666,24.09,equatorial
17.32,23.67,28.3,20.49,83.17,0.29,0.88,4.05,0.59,0.59,2018-03-04,Ebolowa,2018,3,63,9,25.549999999999997,46.93000000000001,91.02000000000002,118.76,-1.3920771148402484,-0.657666666666664,23.79,equatorial
19.48,23.96,29.7,20.29,80.68,0.17,0.74,4.76,0.58,0.58,2018-03-05,Ebolowa,2018,3,64,10,15.37,46.54,90.95,118.61,-1.3911229119401325,-0.3169999999999966,23.96,equatorial
18.13,24.35,30.18,19.99,81.49,0.18,0.69,4.6,0.57,0.57,2018-03-06,Ebolowa,2018,3,65,10,7.55,43.29,90.86000000000001,118.57000000000001,-1.3895809287170653,0.12100000000000222,24.35,equatorial
14.21,24.1,29.41,21.07,87.73,8.17,0.59,4.48,0.57,0.62,2018-03-07,Ebolowa,2018,3,66,10,12.719999999999999,47.55,96.71000000000002,126.64,-1.3444291587040067,-0.07499999999999929,24.35,equatorial
15.58,23.76,27.75,21.41,90.23,4.06,0.6,2.79,0.58,0.61,2018-03-08,Ebolowa,2018,3,67,10,13.27,49.2,99.68000000000002,130.59,-1.3215692307487328,-0.34566666666666634,24.35,equatorial
10.1,23.45,27.31,21.1,90.95,8.89,0.7,3.36,0.59,0.64,2018-03-09,Ebolowa,2018,3,68,10,22.08,56.19,107.17000000000002,139.28,-1.273296084229943,-0.5779999999999994,24.35,equatorial
22.74,24.41,29.98,20.92,84.51,3.65,0.58,5.16,0.59,0.62,2018-03-10,Ebolowa,2018,3,69,10,25.41,56.3,109.42000000000002,142.68,-1.253589850468653,0.42433333333333323,24.41,equatorial
16.89,23.11,26.15,21.25,92.59,8.12,0.79,2.86,0.6,0.64,2018-03-11,Ebolowa,2018,3,70,10,33.24,58.79,114.54000000000002,150.69,-1.2091615067683525,-0.8140000000000001,24.41,equatorial
21.44,23.61,28.89,20.03,85.1,1.09,0.66,4.53,0.6,0.62,2018-03-12,Ebolowa,2018,3,71,11,34.16,49.53,113.27000000000002,151.57,-1.2031580306630423,-0.28100000000000236,24.41,equatorial
17.9,24.35,30.02,20.38,83.96,1.12,0.7,4.61,0.59,0.6,2018-03-13,Ebolowa,2018,3,72,11,35.1,42.65,111.77000000000001,152.37,-1.1976000409425722,0.4783333333333353,24.41,equatorial
16.53,24.17,29.02,20.92,85.8,2.13,0.89,4.25,0.59,0.6,2018-03-14,Ebolowa,2018,3,73,11,29.060000000000002,41.78,110.30000000000001,154.26000000000002,-1.1862012715624977,0.29933333333333323,24.41,equatorial
15.55,22.92,25.75,20.66,93.7,14.18,0.83,2.92,0.6,0.67,2018-03-15,Ebolowa,2018,3,74,11,39.18,52.45,111.33000000000001,167.61,-1.113272562446908,-0.8929999999999971,24.41,equatorial
18.48,24.14,29.64,20.34,84.18,1.42,0.6,5.25,0.6,0.62,2018-03-16,Ebolowa,2018,3,75,11,31.71,53.79,102.85000000000001,167.41,-1.1132828930371712,0.3236666666666679,24.41,equatorial
16.81,24.16,28.68,20.86,85.75,0.6,0.59,4.06,0.6,0.6,2018-03-17,Ebolowa,2018,3,76,11,28.660000000000004,54.07,102.60000000000001,167.73999999999998,-1.1104473868134035,0.36866666666666603,24.35,equatorial
16.9,23.41,26.93,21.33,88.49,0.88,0.78,2.77,0.59,0.6,2018-03-18,Ebolowa,2018,3,77,11,21.42,54.66,102.67000000000002,168.51999999999998,-1.1052018960890273,-0.32366666666667143,24.35,equatorial
17.6,23.2,27.27,20.94,89.34,1.63,0.66,3.07,0.59,0.6,2018-03-19,Ebolowa,2018,3,78,12,21.96,56.12,103.81000000000002,170.08999999999997,-1.095725661782253,-0.4746666666666677,24.35,equatorial
20.51,24.08,28.96,20.64,86.15,0.67,0.59,3.82,0.58,0.59,2018-03-20,Ebolowa,2018,3,79,12,21.51,56.61,103.89000000000001,170.69,-1.091478213441908,0.4226666666666645,24.17,equatorial
20.3,24.46,29.33,21.69,85.45,1.43,0.63,4.45,0.58,0.59,2018-03-21,Ebolowa,2018,3,80,12,20.810000000000002,49.87,104.76,171.99,-1.083481515417266,0.8069999999999986,24.46,equatorial
16.82,22.68,26.11,19.77,91.55,7.39,0.49,3.37,0.58,0.62,2018-03-22,Ebolowa,2018,3,81,12,14.020000000000001,53.199999999999996,108.72000000000001,176.07,-1.0605747551127658,-0.935333333333336,24.46,equatorial
17.94,22.78,26.08,20.59,92.54,11.53,0.68,3.32,0.59,0.64,2018-03-23,Ebolowa,2018,3,82,12,24.130000000000003,55.84,116.34,183.44,-1.0200458314226644,-0.8270000000000017,24.46,equatorial
18.87,23.31,26.87,20.39,85.91,11.01,0.7,4.49,0.62,0.68,2018-03-24,Ebolowa,2018,3,83,12,34.54,63.199999999999996,124.94000000000001,193.10999999999999,-0.967235490610343,-0.2943333333333342,24.46,equatorial
15.98,24.04,29.11,19.46,85.55,3.37,0.68,5.84,0.61,0.63,2018-03-25,Ebolowa,2018,3,84,12,37.03,58.449999999999996,126.41000000000001,195.89,-0.9515122057629319,0.413333333333334,24.46,equatorial
14.17,24.29,28.18,21.69,89.38,2.97,0.51,4.39,0.61,0.63,2018-03-26,Ebolowa,2018,3,85,13,38.370000000000005,60.33,125.84000000000002,198.5,-0.9367265267082979,0.6433333333333344,24.46,equatorial
16.4,25.07,29.82,21.62,83.83,0.3,0.59,5.37,0.6,0.61,2018-03-27,Ebolowa,2018,3,86,13,38.0,59.51,120.51000000000002,198.73,-0.934747458888552,1.390666666666668,25.07,equatorial
17.03,24.31,28.37,21.92,87.4,0.44,0.86,3.47,0.59,0.6,2018-03-28,Ebolowa,2018,3,87,13,37.01,57.81999999999999,110.60000000000001,199.12,-0.9319124955712843,0.588000000000001,25.07,equatorial
17.02,24.23,28.54,21.03,86.37,1.07,0.58,4.07,0.59,0.59,2018-03-29,Ebolowa,2018,3,88,13,30.689999999999998,44.71,103.67,200.14,-0.9256979028841014,0.4559999999999995,25.07,equatorial
13.73,24.56,28.54,21.21,86.28,1.09,0.51,3.82,0.58,0.59,2018-03-30,Ebolowa,2018,3,89,13,20.250000000000004,44.38,101.76,201.2,-0.9192780143330034,0.7349999999999994,25.07,equatorial
20.01,24.34,27.62,21.51,87.97,0.94,0.72,2.92,0.58,0.59,2018-03-31,Ebolowa,2018,3,90,13,10.180000000000001,44.72,99.19000000000001,202.10999999999999,-0.9136738344745283,0.45700000000000074,25.07,equatorial
18.21,23.18,24.57,21.63,96.31,37.43,0.46,1.21,0.6,0.7,2018-04-01,Ebolowa,2018,4,91,13,44.24,81.27,136.54000000000002,239.45,-0.712282688419689,-0.6826666666666661,25.07,equatorial
11.27,23.02,25.34,21.42,95.84,10.4,0.73,2.56,0.66,0.71,2018-04-02,Ebolowa,2018,4,92,14,51.67,90.04,146.62000000000003,249.8,-0.6561791289590315,-0.8173333333333339,25.07,equatorial
13.58,23.62,27.69,20.91,89.67,0.18,0.61,3.67,0.65,0.66,2018-04-03,Ebolowa,2018,4,93,14,51.55,89.55,146.51000000000002,249.9,-0.6552466827383854,-0.21566666666666734,24.56,equatorial
17.46,24.01,28.24,20.56,88.43,1.53,0.54,4.58,0.64,0.65,2018-04-04,Ebolowa,2018,4,94,14,52.64,89.64999999999999,147.87000000000003,251.42000000000002,-0.6466758941218134,0.17266666666666808,24.56,equatorial
15.95,23.49,26.65,21.36,93.25,3.85,0.52,3.12,0.63,0.65,2018-04-05,Ebolowa,2018,4,95,14,55.42,86.10999999999999,151.54000000000002,255.24,-0.6257343329632865,-0.3186666666666689,24.56,equatorial
15.75,22.84,25.24,21.02,93.72,3.81,0.55,2.26,0.63,0.65,2018-04-06,Ebolowa,2018,4,96,14,58.14000000000001,78.39,147.18000000000004,257.98,-0.6106201796353974,-0.9266666666666659,24.34,equatorial
10.15,23.36,27.58,19.97,89.25,3.55,0.72,5.42,0.63,0.65,2018-04-07,Ebolowa,2018,4,97,14,60.75,70.93,146.67000000000002,260.1,-0.5988540535853804,-0.3933333333333344,24.01,equatorial
21.39,23.57,26.95,20.31,81.51,0.33,0.67,5.03,0.62,0.62,2018-04-08,Ebolowa,2018,4,98,14,23.65,67.89,138.11,259.82,-0.6000215337516946,-0.1873333333333349,24.01,equatorial
16.2,22.63,25.91,20.08,93.11,13.42,0.76,3.87,0.62,0.68,2018-04-09,Ebolowa,2018,4,99,15,26.67,78.34,147.88,272.83000000000004,-0.5295873396100146,-1.0679999999999978,24.01,equatorial
14.82,22.47,25.81,20.56,92.69,3.85,0.71,4.13,0.63,0.65,2018-04-10,Ebolowa,2018,4,100,15,30.34,81.89,143.61,276.11,-0.5116261753246578,-1.206666666666667,24.01,equatorial
19.04,22.12,25.42,19.71,92.27,4.73,0.73,3.65,0.63,0.66,2018-04-11,Ebolowa,2018,4,101,15,33.54,86.18,147.25000000000003,280.32,-0.4886589255897107,-1.5070000000000014,23.57,equatorial
17.74,23.12,27.63,20.13,88.19,0.91,0.72,4.89,0.62,0.63,2018-04-12,Ebolowa,2018,4,102,15,30.6,86.02,147.04000000000002,280.67999999999995,-0.486464845582716,-0.4660000000000011,23.57,equatorial
21.16,23.27,26.53,20.83,90.47,0.9,0.61,2.91,0.61,0.62,2018-04-13,Ebolowa,2018,4,103,15,27.689999999999998,85.83,145.81000000000003,281.19,-0.4834626775290071,-0.2859999999999978,23.57,equatorial
14.36,22.76,25.35,20.82,92.44,1.31,0.62,2.27,0.61,0.62,2018-04-14,Ebolowa,2018,4,104,15,25.450000000000003,86.19999999999999,132.94000000000003,282.09000000000003,-0.4783572498536599,-0.7906666666666631,23.57,equatorial
13.37,22.33,25.04,20.51,92.08,1.37,0.63,2.3,0.61,0.62,2018-04-15,Ebolowa,2018,4,105,15,26.490000000000002,50.14,132.89000000000004,283.26,-0.47179644477751104,-1.1603333333333374,23.27,equatorial
21.77,23.97,28.62,19.82,84.61,1.11,0.66,5.95,0.6,0.61,2018-04-16,Ebolowa,2018,4,106,16,14.18,40.85,133.4,284.3,-0.4659403546343067,0.48600000000000065,23.97,equatorial
18.6,23.92,27.94,20.81,86.87,1.74,0.72,4.48,0.59,0.61,2018-04-17,Ebolowa,2018,4,107,16,12.07,42.410000000000004,134.26000000000002,285.90999999999997,-0.4570074438814916,0.41900000000000404,23.97,equatorial
18.54,24.36,28.88,20.82,87.11,1.97,0.71,5.31,0.59,0.6,2018-04-18,Ebolowa,2018,4,108,16,9.31,42.85,134.60000000000002,287.77,-0.44672686741338485,0.8203333333333305,24.36,equatorial
17.41,23.11,25.28,21.47,96.25,6.4,0.7,2.57,0.59,0.63,2018-04-19,Ebolowa,2018,4,109,16,14.8,45.4,140.33000000000004,293.09,-0.4177456514954123,-0.39733333333333576,24.36,equatorial
18.69,23.39,27.84,20.68,86.94,1.71,0.78,5.04,0.59,0.61,2018-04-20,Ebolowa,2018,4,110,16,15.61,43.3,140.61,292.0,-0.423436772635354,-0.081666666666667,24.36,equatorial
20.54,23.68,28.48,20.34,84.39,0.56,0.56,5.67,0.59,0.59,2018-04-21,Ebolowa,2018,4,111,16,14.860000000000001,40.31,133.78,292.42,-0.4209579889236831,0.1750000000000007,24.36,equatorial
18.01,23.94,28.86,20.38,87.88,3.99,0.59,5.96,0.58,0.6,2018-04-22,Ebolowa,2018,4,112,16,17.48,43.970000000000006,126.24000000000002,296.15,-0.40056810235221996,0.396333333333331,24.36,equatorial
16.51,23.26,26.1,21.29,92.41,2.98,0.52,2.83,0.58,0.6,2018-04-23,Ebolowa,2018,4,113,17,19.35,33.53,118.21000000000001,298.6,-0.38711295026064246,-0.2819999999999965,24.36,equatorial
19.23,24.24,28.48,20.9,88.48,6.72,0.61,5.76,0.58,0.62,2018-04-24,Ebolowa,2018,4,114,17,24.33,36.4,121.56000000000003,305.16,-0.3514033911151332,0.6913333333333291,24.36,equatorial
11.36,23.1,25.93,21.45,93.37,3.35,0.67,2.63,0.58,0.61,2018-04-25,Ebolowa,2018,4,115,17,25.71,35.02,121.94000000000001,308.37,-0.3338499748696831,-0.4090000000000025,24.24,equatorial
20.36,23.83,28.16,20.82,89.37,3.35,0.61,5.02,0.59,0.61,2018-04-26,Ebolowa,2018,4,116,17,22.660000000000004,37.46,124.99000000000001,311.69,-0.31570366415695256,0.36233333333333206,24.24,equatorial
13.05,24.01,28.13,20.76,85.98,3.1,0.62,5.95,0.58,0.6,2018-04-27,Ebolowa,2018,4,117,17,24.05,39.660000000000004,127.65000000000002,314.71,-0.2991869077479448,0.5523333333333333,24.24,equatorial
20.23,23.47,27.34,21.5,92.44,10.54,0.49,3.66,0.59,0.64,2018-04-28,Ebolowa,2018,4,118,17,34.03,48.89,137.12000000000003,325.21999999999997,-0.242047057282251,0.03766666666666296,24.24,equatorial
15.42,23.5,26.93,20.74,91.25,20.05,0.43,3.84,0.63,0.71,2018-04-29,Ebolowa,2018,4,119,17,50.09,67.57,156.08,345.21000000000004,-0.13346985817424215,0.10300000000000153,24.24,equatorial
17.56,24.3,28.11,21.54,87.94,1.54,0.52,5.49,0.62,0.63,2018-04-30,Ebolowa,2018,4,120,18,48.65,68.0,156.68000000000004,346.72,-0.1252167974293296,0.9043333333333337,24.3,equatorial
19.75,23.91,27.27,21.46,91.11,1.64,0.54,3.75,0.62,0.63,2018-05-01,Ebolowa,2018,5,121,18,43.57,67.9,120.89000000000001,348.23,-0.11696399517932451,0.48999999999999844,24.3,equatorial
17.46,24.18,27.63,21.41,90.29,1.59,0.59,3.81,0.61,0.62,2018-05-02,Ebolowa,2018,5,122,18,41.81,67.52000000000001,112.08000000000001,349.67,-0.10909173558103526,0.7213333333333338,24.3,equatorial
16.59,24.02,27.74,21.9,89.9,1.29,0.55,4.1,0.6,0.62,2018-05-03,Ebolowa,2018,5,123,18,39.75,62.410000000000004,113.19000000000001,350.72,-0.10333943326586396,0.5480000000000018,24.3,equatorial
18.13,24.5,28.55,21.15,88.22,1.41,0.55,5.1,0.6,0.61,2018-05-04,Ebolowa,2018,5,124,18,38.06,62.11,113.07000000000002,351.89,-0.09693477327261482,1.0116666666666667,24.5,equatorial
13.49,23.63,26.25,21.83,92.95,4.1,0.62,3.29,0.59,0.62,2018-05-05,Ebolowa,2018,5,125,18,31.62,65.64999999999999,113.32000000000002,355.72,-0.0760605452510768,0.13700000000000045,24.5,equatorial
20.33,23.78,27.6,20.79,87.78,2.05,0.53,4.36,0.59,0.61,2018-05-06,Ebolowa,2018,5,126,18,13.62,63.709999999999994,111.56000000000002,355.45,-0.07749859359149217,0.2556666666666665,24.5,equatorial
18.25,23.79,27.53,21.2,90.95,6.4,0.62,5.39,0.59,0.63,2018-05-07,Ebolowa,2018,5,127,19,18.479999999999997,67.13,114.41000000000003,360.76,-0.048558057472224504,0.25133333333333496,24.5,equatorial
12.74,23.41,26.88,21.35,93.15,2.37,0.55,3.02,0.59,0.62,2018-05-08,Ebolowa,2018,5,128,19,19.209999999999997,62.78,116.45,361.73,-0.04325514552621251,-0.12333333333333485,24.5,equatorial
17.77,23.75,27.54,20.93,91.16,5.35,0.55,4.11,0.59,0.62,2018-05-09,Ebolowa,2018,5,129,19,22.97,64.78,108.38000000000001,365.68,-0.02171523335025116,0.17933333333333223,24.5,equatorial
15.95,22.94,25.4,21.4,95.6,23.42,0.57,3.63,0.63,0.73,2018-05-10,Ebolowa,2018,5,130,19,45.1,84.85,127.95000000000002,386.09999999999997,0.08960074715427366,-0.6463333333333345,24.5,equatorial
18.18,23.45,27.31,20.56,89.72,4.45,0.54,5.52,0.63,0.65,2018-05-11,Ebolowa,2018,5,131,19,48.14000000000001,86.2,127.67000000000002,388.19,0.10096084222169757,-0.1806666666666672,23.79,equatorial
14.19,22.74,25.37,21.17,94.94,6.75,0.69,3.44,0.63,0.67,2018-05-12,Ebolowa,2018,5,132,19,50.790000000000006,82.41,133.51000000000002,392.32000000000005,0.12344945064952897,-0.8780000000000001,23.79,equatorial
14.15,22.41,25.56,20.26,93.56,3.49,0.57,3.42,0.63,0.65,2018-05-13,Ebolowa,2018,5,133,19,52.230000000000004,65.85,136.1,392.21,0.12279817723064185,-1.1793333333333322,23.79,equatorial
16.34,22.24,24.98,20.36,95.19,14.9,0.55,3.78,0.64,0.7,2018-05-14,Ebolowa,2018,5,134,20,60.730000000000004,79.21,149.69,393.96,0.13230182324751802,-1.3320000000000007,23.75,equatorial
17.22,22.46,26.29,19.43,89.17,3.94,0.66,5.69,0.65,0.67,2018-05-15,Ebolowa,2018,5,135,20,62.300000000000004,81.50999999999999,152.26,388.0,0.09969487342269885,-1.1163333333333298,23.75,equatorial
17.92,23.25,27.42,19.08,88.24,1.44,0.72,5.51,0.64,0.65,2018-05-16,Ebolowa,2018,5,136,20,58.39,81.36,152.59,388.59,0.10287780655489788,-0.3023333333333298,23.45,equatorial
17.92,23.62,27.25,20.92,87.78,1.04,0.62,4.81,0.62,0.64,2018-05-17,Ebolowa,2018,5,137,20,36.01,81.11,151.89000000000001,388.82000000000005,0.10409290126835341,0.07766666666666922,23.62,equatorial
17.6,23.63,28.11,19.96,88.54,1.39,0.66,5.4,0.61,0.62,2018-05-18,Ebolowa,2018,5,138,20,32.95,81.09,151.31,389.72,0.10897186044135246,0.11200000000000188,23.63,equatorial
16.49,24.14,28.2,21.08,88.55,1.96,0.68,5.02,0.61,0.62,2018-05-19,Ebolowa,2018,5,139,20,28.16,78.95,146.87,391.09,0.11642195867724339,0.5876666666666708,24.14,equatorial
13.43,22.75,24.74,21.23,95.45,3.85,0.77,2.35,0.6,0.63,2018-05-20,Ebolowa,2018,5,140,20,28.52,80.75,149.01000000000002,394.38,0.13437964400162558,-0.7809999999999988,24.14,equatorial
15.45,23.33,28.11,20.08,86.93,0.6,0.58,6.02,0.6,0.61,2018-05-21,Ebolowa,2018,5,141,21,14.22,74.95,149.05,391.54999999999995,0.1188302979955464,-0.18933333333333735,24.14,equatorial
15.4,23.82,28.28,19.98,86.75,0.78,0.64,5.24,0.59,0.6,2018-05-22,Ebolowa,2018,5,142,21,11.06,73.36,145.84,388.42,0.10163816834472793,0.30466666666666953,24.14,equatorial
17.57,24.48,28.68,21.04,86.63,0.29,0.58,4.56,0.58,0.59,2018-05-23,Ebolowa,2018,5,143,21,9.910000000000002,68.30000000000001,143.15000000000003,386.3,0.08998049569409328,0.924000000000003,24.48,equatorial
13.59,23.38,26.35,21.39,90.89,0.63,0.64,2.34,0.58,0.59,2018-05-24,Ebolowa,2018,5,144,21,9.5,45.510000000000005,137.06000000000003,385.03000000000003,0.08298233947020184,-0.1473333333333322,24.48,equatorial
17.61,23.04,26.87,20.42,86.35,0.43,0.76,3.73,0.58,0.58,2018-05-25,Ebolowa,2018,5,145,21,8.54,41.49,134.14000000000001,381.91999999999996,0.06589411191998225,-0.4853333333333332,24.48,equatorial
18.64,23.09,27.43,19.83,87.85,3.45,0.5,4.18,0.57,0.59,2018-05-26,Ebolowa,2018,5,146,21,10.030000000000001,38.19,134.24,379.74,0.05390799053103661,-0.4106666666666676,24.48,equatorial
15.94,23.83,28.38,20.9,87.68,3.29,0.55,5.11,0.57,0.61,2018-05-27,Ebolowa,2018,5,147,21,9.47,37.99,134.43,372.68,0.01513935965886521,0.33533333333333104,24.48,equatorial
14.14,22.7,24.59,21.33,95.11,3.32,0.58,2.01,0.57,0.6,2018-05-28,Ebolowa,2018,5,148,22,12.190000000000001,26.41,127.21000000000002,368.0,-0.010562025773472108,-0.7689999999999984,24.48,equatorial
15.41,22.84,25.82,20.92,91.64,2.7,0.52,3.28,0.58,0.6,2018-05-29,Ebolowa,2018,5,149,22,14.11,25.169999999999998,109.86000000000003,367.70000000000005,-0.012205584157699758,-0.6069999999999993,24.48,equatorial
14.55,22.83,25.65,21.14,93.16,3.08,0.71,3.41,0.58,0.6,2018-05-30,Ebolowa,2018,5,150,22,16.9,26.810000000000002,111.40000000000002,367.27,-0.014563482726921453,-0.568000000000005,23.83,equatorial
16.52,23.04,27.2,20.33,91.17,2.99,0.56,3.5,0.58,0.6,2018-05-31,Ebolowa,2018,5,151,22,19.26,28.76,112.75000000000001,370.18,0.0014388587320462369,-0.3289999999999971,23.83,equatorial
14.71,24.05,28.33,20.9,85.67,1.61,0.68,5.01,0.58,0.59,2018-06-01,Ebolowa,2018,6,152,22,20.44,28.98,112.77000000000001,371.47,0.00853236637686924,0.6853333333333325,24.05,equatorial
17.5,24.27,29.17,20.14,85.0,1.22,0.59,5.34,0.57,0.58,2018-06-02,Ebolowa,2018,6,153,22,18.21,28.240000000000002,112.70000000000002,372.4,0.013645344752383881,0.8969999999999985,24.27,equatorial
16.97,24.47,28.95,21.11,87.02,2.18,0.46,4.77,0.56,0.58,2018-06-03,Ebolowa,2018,6,154,22,17.1,26.57,113.47000000000001,374.41,0.024702330245236402,1.097999999999999,24.47,equatorial
15.24,23.01,25.94,21.16,92.28,3.65,0.52,2.83,0.57,0.6,2018-06-04,Ebolowa,2018,6,155,23,17.43,29.62,113.02000000000001,377.88,0.04379793600226539,-0.3413333333333348,24.47,equatorial
16.84,24.35,28.69,21.05,83.39,0.28,0.37,4.53,0.57,0.57,2018-06-05,Ebolowa,2018,6,156,23,15.01,29.12,111.25000000000001,369.99,0.0003214605710158129,0.9796666666666702,24.47,equatorial
17.75,24.47,28.49,21.21,84.95,0.87,0.6,3.53,0.56,0.57,2018-06-06,Ebolowa,2018,6,157,23,12.8,29.700000000000003,105.72000000000001,366.8,-0.017256571780087104,1.0770000000000017,24.47,equatorial
16.41,23.7,27.91,21.27,89.56,5.18,0.62,3.72,0.56,0.59,2018-06-07,Ebolowa,2018,6,158,23,14.99,34.25,108.53000000000002,363.09000000000003,-0.037701117324200735,0.2973333333333308,24.47,equatorial
10.6,23.28,27.0,20.93,89.18,0.85,0.58,2.85,0.56,0.57,2018-06-08,Ebolowa,2018,6,159,23,14.23,34.67,104.03000000000002,360.28999999999996,-0.05312725682396039,-0.10699999999999932,24.47,equatorial
16.13,24.24,28.77,20.88,82.48,0.35,0.4,4.18,0.56,0.56,2018-06-09,Ebolowa,2018,6,160,23,13.36,31.57,80.96000000000001,352.52000000000004,-0.09597218795645249,0.809666666666665,24.47,equatorial
16.31,23.04,25.79,20.24,86.69,0.13,0.63,1.86,0.55,0.56,2018-06-10,Ebolowa,2018,6,161,23,11.31,28.41,76.64000000000001,351.56,-0.10123195315314218,-0.3766666666666687,24.47,equatorial
17.53,23.77,29.29,19.3,80.03,0.22,0.58,4.69,0.55,0.55,2018-06-11,Ebolowa,2018,6,162,24,7.88,25.310000000000002,70.11000000000001,350.65999999999997,-0.10616041057802936,0.31899999999999906,24.47,equatorial
17.0,24.72,29.89,20.31,79.37,0.16,0.61,4.8,0.54,0.55,2018-06-12,Ebolowa,2018,6,163,24,7.76,22.770000000000003,66.78000000000002,348.69,-0.11699882799555111,1.1919999999999966,24.72,equatorial
16.34,24.79,29.78,20.25,79.83,0.33,0.62,4.4,0.54,0.54,2018-06-13,Ebolowa,2018,6,164,24,7.22,20.02,52.210000000000015,334.84,-0.193479316015213,1.1769999999999996,24.79,equatorial
18.87,24.22,28.41,21.88,83.54,0.93,0.63,2.86,0.53,0.54,2018-06-14,Ebolowa,2018,6,165,24,2.9699999999999998,17.96,49.20000000000002,334.35,-0.19610823758297374,0.548333333333332,24.79,equatorial
16.82,24.5,29.5,21.1,81.82,1.36,0.66,4.29,0.53,0.54,2018-06-15,Ebolowa,2018,6,166,24,3.48,17.71,49.12000000000001,335.11,-0.19182510517702836,0.7866666666666688,24.79,equatorial
16.46,24.36,29.46,20.71,83.9,3.68,0.71,4.5,0.53,0.55,2018-06-16,Ebolowa,2018,6,167,24,6.8100000000000005,20.169999999999998,51.76000000000001,337.91,-0.17625755859318795,0.6219999999999999,24.79,equatorial
13.65,23.13,27.21,20.48,89.45,4.6,0.72,3.38,0.53,0.57,2018-06-17,Ebolowa,2018,6,168,24,11.280000000000001,22.59,54.97000000000001,340.88,-0.15975003363780288,-0.5913333333333348,24.79,equatorial
11.67,22.85,26.66,20.42,88.24,8.25,1.03,4.02,0.55,0.6,2018-06-18,Ebolowa,2018,6,169,25,19.310000000000002,27.19,61.26000000000001,348.46,-0.11772172216162338,-0.8283333333333331,24.79,equatorial
9.13,21.39,24.96,19.05,87.77,6.34,0.95,3.66,0.55,0.58,2018-06-19,Ebolowa,2018,6,170,25,25.490000000000002,33.25,63.750000000000014,353.37,-0.09048149601563378,-2.2429999999999986,24.79,equatorial
16.3,21.18,25.53,18.6,89.21,3.05,0.77,3.41,0.56,0.58,2018-06-20,Ebolowa,2018,6,171,25,28.21,35.43,66.20000000000002,349.03000000000003,-0.11449124093980215,-2.3813333333333304,24.5,equatorial
15.77,21.87,26.69,18.8,88.12,4.53,0.67,4.57,0.56,0.58,2018-06-21,Ebolowa,2018,6,172,25,31.810000000000002,34.78,69.95000000000002,342.03,-0.15324374717721473,-1.6263333333333314,24.5,equatorial
17.17,22.52,27.4,19.16,88.86,8.29,0.59,5.3,0.56,0.61,2018-06-22,Ebolowa,2018,6,173,25,38.74,42.22,77.95,339.31,-0.16826354221952802,-0.9110000000000014,24.36,equatorial
15.42,22.01,25.2,20.06,95.38,18.66,0.66,3.29,0.58,0.68,2018-06-23,Ebolowa,2018,6,174,25,53.72,60.53,95.98000000000002,354.59999999999997,-0.08338366914059246,-1.3753333333333337,23.13,equatorial
15.91,22.23,26.16,19.72,91.3,9.35,0.76,4.68,0.6,0.66,2018-06-24,Ebolowa,2018,6,175,25,58.47,69.75,104.90000000000002,360.98,-0.04794719665245414,-1.1283333333333339,22.85,equatorial
17.85,22.29,26.28,19.8,90.95,3.62,0.61,3.94,0.61,0.64,2018-06-25,Ebolowa,2018,6,176,26,53.84,73.15,105.07000000000002,364.3,-0.0294978900525051,-1.0416666666666679,22.52,equatorial
16.13,21.77,24.78,20.08,93.24,3.11,0.63,2.46,0.6,0.63,2018-06-26,Ebolowa,2018,6,177,26,50.61,76.10000000000001,104.89000000000001,366.97,-0.014658388687387709,-1.4929999999999986,22.52,equatorial
15.08,22.11,25.79,19.73,91.89,6.64,0.76,4.18,0.6,0.63,2018-06-27,Ebolowa,2018,6,178,26,54.2,82.41,108.21000000000001,372.54,0.01629268599187468,-1.1333333333333364,22.52,equatorial
15.2,22.03,26.04,19.41,89.31,4.13,0.66,4.27,0.61,0.64,2018-06-28,Ebolowa,2018,6,179,26,53.8,85.61,109.64000000000001,375.58,0.03318229765028672,-1.1863333333333337,22.52,equatorial
15.91,22.54,26.5,19.84,91.41,13.77,0.55,4.76,0.6,0.65,2018-06-29,Ebolowa,2018,6,180,26,59.28,98.02,120.33000000000001,388.40999999999997,0.10450468640529438,-0.6666666666666643,22.54,equatorial
12.48,21.91,24.68,20.24,93.55,19.71,0.87,4.51,0.64,0.74,2018-06-30,Ebolowa,2018,6,181,26,60.33,114.04999999999998,137.05,370.69000000000005,0.005900900094733625,-1.2590000000000003,22.54,equatorial
10.95,21.9,25.78,19.6,90.23,2.26,0.53,3.86,0.65,0.66,2018-07-01,Ebolowa,2018,7,182,26,53.24,111.71,137.70000000000002,362.55,-0.03939578189374756,-1.197333333333333,22.54,equatorial
13.44,22.22,25.65,19.83,89.65,2.26,0.68,4.04,0.63,0.65,2018-07-02,Ebolowa,2018,7,183,27,51.88,105.72,138.74,364.63,-0.0278018519651405,-0.809000000000001,22.54,equatorial
14.84,22.41,26.02,19.85,90.26,2.11,0.4,3.61,0.63,0.64,2018-07-03,Ebolowa,2018,7,184,27,50.88,101.49,138.67000000000002,365.21000000000004,-0.02456110010380442,-0.5503333333333345,22.54,equatorial
17.34,22.82,26.77,20.02,89.18,3.39,0.53,4.83,0.62,0.64,2018-07-04,Ebolowa,2018,7,185,27,47.63,101.83,138.41,364.75,-0.02711415217932497,-0.1339999999999968,22.82,equatorial
15.74,22.49,26.38,20.07,90.7,6.12,0.54,3.84,0.62,0.66,2018-07-05,Ebolowa,2018,7,186,27,49.62,103.41999999999999,144.25,367.06,-0.014229637950393205,-0.402000000000001,22.82,equatorial
15.13,22.59,26.68,19.55,91.31,5.85,0.68,4.73,0.62,0.65,2018-07-06,Ebolowa,2018,7,187,27,41.7,100.98,149.23,369.35999999999996,-0.0014008737271189503,-0.2393333333333345,22.82,equatorial
15.15,22.89,26.95,19.96,89.23,4.55,0.66,5.04,0.62,0.64,2018-07-07,Ebolowa,2018,7,188,27,26.540000000000003,86.86999999999999,148.60000000000002,373.58,0.022136680682844374,0.08766666666667078,22.89,equatorial
15.81,23.23,27.35,20.02,86.93,1.95,0.46,4.76,0.61,0.63,2018-07-08,Ebolowa,2018,7,189,27,26.23,79.47,149.7,362.10999999999996,-0.04187067789598017,0.4293333333333358,23.23,equatorial
13.34,23.04,27.61,19.43,87.75,2.68,0.76,4.65,0.61,0.62,2018-07-09,Ebolowa,2018,7,190,28,26.650000000000002,78.52999999999999,152.03,360.94,-0.04838511521598527,0.27933333333333366,23.23,equatorial
18.05,23.39,28.02,19.91,84.71,0.23,0.64,5.01,0.6,0.6,2018-07-10,Ebolowa,2018,7,191,28,24.770000000000003,75.64999999999999,152.13000000000002,356.44,-0.07349421252791484,0.6176666666666648,23.39,equatorial
16.51,23.71,28.33,19.5,82.81,0.14,0.57,4.95,0.59,0.59,2018-07-11,Ebolowa,2018,7,192,28,21.520000000000003,69.14999999999999,152.05,355.67,-0.07776686748318407,0.9396666666666675,23.71,equatorial
15.0,23.17,27.09,20.34,87.11,0.56,0.67,3.2,0.58,0.59,2018-07-12,Ebolowa,2018,7,193,28,15.960000000000003,65.58,152.45000000000002,355.33,-0.07963655575930914,0.45133333333333425,23.71,equatorial
15.09,22.64,26.62,19.91,85.74,0.41,0.6,3.45,0.58,0.58,2018-07-13,Ebolowa,2018,7,194,28,10.520000000000003,52.22,152.53,354.43,-0.08463691196385806,-0.0070000000000014495,23.71,equatorial
16.34,23.37,28.19,19.37,82.47,0.22,0.82,4.47,0.57,0.57,2018-07-14,Ebolowa,2018,7,195,28,6.190000000000003,32.73,151.82,353.28,-0.091035400934604,0.7513333333333314,23.71,equatorial
15.45,23.49,28.28,19.97,85.03,2.09,0.72,4.6,0.56,0.57,2018-07-15,Ebolowa,2018,7,196,28,6.330000000000004,32.56,152.55,354.26,-0.08551704656480212,0.9049999999999976,23.71,equatorial
15.23,22.2,25.0,20.66,94.54,19.78,0.51,2.92,0.58,0.67,2018-07-16,Ebolowa,2018,7,197,29,23.430000000000007,50.08,168.65,372.3,0.01548501434559109,-0.31299999999999883,23.71,equatorial
12.42,22.52,26.76,19.65,90.25,3.93,0.63,3.93,0.6,0.63,2018-07-17,Ebolowa,2018,7,198,29,27.130000000000006,51.900000000000006,167.98000000000002,374.26,0.02645330308288737,0.027333333333334764,23.71,equatorial
13.08,22.47,26.28,20.53,90.59,5.51,0.66,3.83,0.6,0.63,2018-07-18,Ebolowa,2018,7,199,29,32.50000000000001,54.02,165.24,373.37,0.021457946221572276,-0.010000000000001563,23.49,equatorial
11.12,21.68,24.85,19.62,94.05,6.22,0.57,3.15,0.6,0.63,2018-07-19,Ebolowa,2018,7,200,29,38.160000000000004,54.120000000000005,165.12,377.88,0.046721206779715675,-0.8096666666666685,23.49,equatorial
12.41,22.28,26.4,19.84,88.97,0.73,0.7,3.32,0.6,0.61,2018-07-20,Ebolowa,2018,7,201,29,38.480000000000004,49.0,162.8,378.04999999999995,0.04765611868372706,-0.24633333333333596,23.49,equatorial
14.51,23.54,28.3,19.84,85.02,0.5,0.63,4.45,0.59,0.6,2018-07-21,Ebolowa,2018,7,202,29,38.760000000000005,44.95,158.77,374.56,0.02806662678215809,0.9579999999999984,23.54,equatorial
13.8,23.49,27.82,20.76,86.4,0.86,0.64,3.68,0.58,0.59,2018-07-22,Ebolowa,2018,7,203,29,37.53000000000001,43.86,151.34,372.44,0.01616275855433656,0.8756666666666675,23.54,equatorial
15.7,23.7,28.15,20.54,87.62,3.2,0.57,4.59,0.58,0.6,2018-07-23,Ebolowa,2018,7,204,30,20.950000000000006,44.38,135.88,368.91999999999996,-0.0035980528505139063,1.0293333333333337,23.7,equatorial
10.92,22.65,26.99,20.22,90.84,2.93,0.92,3.96,0.58,0.59,2018-07-24,Ebolowa,2018,7,205,30,19.950000000000006,47.08,129.46,368.5,-0.005954662025661761,-0.034666666666669954,23.7,equatorial
10.05,22.39,26.29,19.85,92.05,11.62,0.86,4.11,0.58,0.64,2018-07-25,Ebolowa,2018,7,206,30,26.060000000000006,58.56,137.46,376.77,0.04049544968689293,-0.29799999999999827,23.7,equatorial
11.01,21.49,25.11,19.48,91.33,11.41,1.21,4.59,0.61,0.67,2018-07-26,Ebolowa,2018,7,207,30,31.250000000000007,69.41,145.76000000000002,385.08000000000004,0.08717010550154827,-1.1886666666666699,23.7,equatorial
12.03,21.54,25.5,19.03,89.72,2.76,0.82,4.0,0.61,0.62,2018-07-27,Ebolowa,2018,7,208,30,33.28000000000001,71.76,141.88,377.3,0.043407396959318445,-1.1196666666666673,23.7,equatorial
15.79,22.1,26.39,19.13,89.51,4.71,0.79,4.76,0.6,0.63,2018-07-28,Ebolowa,2018,7,209,30,37.49000000000001,76.25,142.46,361.96,-0.042864246482187444,-0.5619999999999976,23.7,equatorial
17.45,21.62,25.83,19.21,89.68,2.4,0.88,4.31,0.6,0.62,2018-07-29,Ebolowa,2018,7,210,30,39.03000000000001,76.56,131.09,362.82,-0.03801029022403044,-1.011333333333333,23.7,equatorial
16.39,22.29,27.02,18.98,86.42,1.41,0.83,4.69,0.6,0.61,2018-07-30,Ebolowa,2018,7,211,31,37.24,58.190000000000005,112.79000000000002,362.59,-0.03928998906509245,-0.3539999999999992,22.65,equatorial
14.73,22.45,27.51,19.35,86.71,2.57,1.02,5.42,0.59,0.6,2018-07-31,Ebolowa,2018,7,212,31,36.88,56.83,113.10000000000002,363.57,-0.03375820226293577,-0.21233333333333348,22.45,equatorial
15.72,21.69,25.79,18.91,88.38,1.55,0.88,3.78,0.58,0.59,2018-08-01,Ebolowa,2018,8,213,31,26.810000000000006,52.87,112.39000000000001,363.83,-0.03228111148390856,-0.954666666666661,22.45,equatorial
17.02,22.42,27.16,18.93,85.0,1.06,0.74,4.56,0.58,0.59,2018-08-02,Ebolowa,2018,8,214,31,16.460000000000008,47.71,111.34000000000002,363.48,-0.03424056172045881,-0.22499999999999787,22.45,equatorial
12.76,22.98,27.94,19.32,84.03,1.3,0.66,4.87,0.57,0.58,2018-08-03,Ebolowa,2018,8,215,31,15.000000000000007,48.28,109.25000000000001,360.68,-0.050007725183931935,0.32966666666666455,22.98,equatorial
14.33,21.53,24.49,19.54,91.15,1.79,0.74,2.25,0.57,0.58,2018-08-04,Ebolowa,2018,8,216,31,12.080000000000005,49.57,104.92000000000002,360.41999999999996,-0.05145449500788857,-1.0883333333333347,22.98,equatorial
13.63,21.79,25.71,19.16,89.62,1.44,0.78,3.06,0.57,0.58,2018-08-05,Ebolowa,2018,8,217,31,11.120000000000008,50.15,100.51,355.46,-0.07940963722795538,-0.8016666666666659,22.98,equatorial
12.47,22.52,27.5,19.05,85.83,1.45,0.81,4.28,0.57,0.58,2018-08-06,Ebolowa,2018,8,218,32,11.160000000000007,48.4,97.41000000000001,354.54,-0.08457007061321703,-0.05933333333333479,22.98,equatorial
12.63,23.01,28.2,19.23,83.36,1.36,0.82,4.99,0.56,0.57,2018-08-07,Ebolowa,2018,8,219,32,9.950000000000006,46.83,96.82000000000001,350.54999999999995,-0.10705853754406201,0.4380000000000024,23.01,equatorial
13.28,21.42,24.51,19.27,92.12,7.6,0.7,2.57,0.56,0.61,2018-08-08,Ebolowa,2018,8,220,32,16.000000000000007,42.81,101.74000000000002,334.73,-0.1963427120484785,-1.0980000000000025,23.01,equatorial
17.47,23.04,27.88,19.61,85.88,1.27,0.69,4.68,0.57,0.59,2018-08-09,Ebolowa,2018,8,221,32,16.210000000000008,32.669999999999995,102.78000000000002,331.54999999999995,-0.21422693301474657,0.5336666666666652,23.04,equatorial
15.14,23.47,28.69,19.55,84.51,1.38,0.71,4.8,0.56,0.57,2018-08-10,Ebolowa,2018,8,222,32,16.290000000000006,31.29,104.02000000000001,326.17999999999995,-0.24448399842213478,0.971666666666664,23.47,equatorial
15.99,22.86,27.56,19.71,87.79,3.57,0.85,3.94,0.56,0.58,2018-08-11,Ebolowa,2018,8,223,32,18.070000000000007,30.15,107.03000000000002,326.26000000000005,-0.2439336512634473,0.3719999999999999,23.47,equatorial
13.95,21.93,25.31,19.81,93.28,12.47,0.68,3.38,0.57,0.65,2018-08-12,Ebolowa,2018,8,224,32,29.10000000000001,40.22,119.09000000000002,323.83,-0.2575756488608007,-0.5343333333333327,23.47,equatorial
19.09,23.0,27.93,19.41,84.13,0.93,0.77,5.13,0.58,0.59,2018-08-13,Ebolowa,2018,8,225,33,28.58000000000001,39.739999999999995,119.80000000000001,320.82,-0.2744969338443559,0.5480000000000018,23.47,equatorial
14.17,22.89,27.26,19.73,87.83,4.82,0.69,4.41,0.57,0.6,2018-08-14,Ebolowa,2018,8,226,33,32.040000000000006,41.99,122.53000000000002,324.2,-0.2552606390054399,0.45800000000000196,23.47,equatorial
16.73,23.22,27.84,19.92,88.67,6.58,0.63,5.22,0.58,0.61,2018-08-15,Ebolowa,2018,8,227,33,31.020000000000007,47.019999999999996,109.33000000000001,329.73999999999995,-0.22379995605307731,0.7539999999999978,23.47,equatorial
11.83,22.0,25.34,20.16,93.57,8.49,0.89,3.46,0.58,0.63,2018-08-16,Ebolowa,2018,8,228,33,38.24000000000001,54.449999999999996,113.89,336.84,-0.18350804646079594,-0.4486666666666679,23.47,equatorial
15.3,21.3,24.12,19.45,94.86,11.02,0.86,3.08,0.6,0.66,2018-08-17,Ebolowa,2018,8,229,33,47.88,64.17,119.40000000000002,345.90000000000003,-0.1321152273590407,-1.1096666666666657,23.22,equatorial
12.89,22.05,26.39,19.42,92.32,7.74,0.83,4.36,0.61,0.66,2018-08-18,Ebolowa,2018,8,230,33,52.050000000000004,70.12,120.92000000000002,349.78999999999996,-0.11002082619722928,-0.3719999999999999,23.22,equatorial
14.25,22.16,26.41,19.49,88.78,5.42,1.01,5.9,0.61,0.64,2018-08-19,Ebolowa,2018,8,231,33,45.00000000000001,74.10000000000001,125.61000000000001,354.61,-0.08265469114068559,-0.2579999999999991,23.22,equatorial
10.15,21.73,25.79,19.25,89.34,4.3,0.96,5.21,0.61,0.63,2018-08-20,Ebolowa,2018,8,232,34,48.370000000000005,76.95,129.41000000000003,358.13,-0.06266119829010183,-0.6276666666666664,23.22,equatorial
13.37,22.13,26.18,19.36,88.45,2.92,1.01,5.15,0.6,0.62,2018-08-21,Ebolowa,2018,8,233,34,46.470000000000006,78.51,131.47000000000003,360.76,-0.04771697878072066,-0.1823333333333359,23.22,equatorial
16.22,22.18,26.37,19.42,89.2,3.21,0.85,4.66,0.6,0.61,2018-08-22,Ebolowa,2018,8,234,34,43.10000000000001,74.12,131.48000000000002,363.34,-0.03305657560206193,-0.08166666666666345,22.18,equatorial
17.6,21.51,24.76,19.2,92.01,2.91,0.68,2.97,0.59,0.61,2018-08-23,Ebolowa,2018,8,235,34,37.52,75.75999999999999,131.46,365.82000000000005,-0.01896394187201107,-0.7136666666666613,22.18,equatorial
14.13,22.13,25.85,19.38,88.85,0.53,0.82,3.42,0.59,0.6,2018-08-24,Ebolowa,2018,8,236,34,27.03000000000001,74.91,120.37000000000002,362.9,-0.03554137262213882,-0.08500000000000085,22.18,equatorial
17.07,22.1,25.32,19.27,87.2,0.6,0.72,3.38,0.59,0.59,2018-08-25,Ebolowa,2018,8,237,34,19.890000000000008,71.94000000000001,109.56000000000002,360.21000000000004,-0.050811983122351564,-0.13533333333333175,22.18,equatorial
12.88,22.73,27.32,19.46,86.88,0.79,0.68,3.94,0.58,0.59,2018-08-26,Ebolowa,2018,8,238,34,15.260000000000007,60.260000000000005,107.59000000000002,357.68,-0.06517313316756097,0.45500000000000185,22.73,equatorial
15.67,21.92,24.54,20.17,87.11,0.94,0.77,2.86,0.58,0.59,2018-08-27,Ebolowa,2018,8,239,35,11.900000000000007,60.27,103.82000000000002,355.91999999999996,-0.07515599828871031,-0.3490000000000002,22.73,equatorial
16.41,22.55,27.54,18.5,86.67,0.73,0.73,3.77,0.57,0.58,2018-08-28,Ebolowa,2018,8,240,35,9.710000000000008,56.18,102.15,353.57,-0.08849479381222224,0.25,22.73,equatorial
16.9,22.83,27.06,19.78,89.23,6.64,0.9,4.8,0.57,0.61,2018-08-29,Ebolowa,2018,8,241,35,13.140000000000008,56.239999999999995,107.38000000000001,357.21999999999997,-0.06769210695404185,0.5119999999999969,22.83,equatorial
17.17,22.13,25.84,20.07,92.45,12.33,0.78,4.45,0.59,0.66,2018-08-30,Ebolowa,2018,8,242,35,22.560000000000006,60.08,117.14000000000001,367.93999999999994,-0.006644349129421129,-0.1773333333333369,22.83,equatorial
13.27,22.12,25.86,19.46,91.96,8.94,0.7,4.7,0.6,0.65,2018-08-31,Ebolowa,2018,8,243,35,30.970000000000006,58.0,124.53000000000002,375.66,0.037319856661831984,-0.201666666666668,22.83,equatorial
15.28,21.91,25.67,19.6,91.78,16.67,0.92,5.12,0.61,0.68,2018-09-01,Ebolowa,2018,9,244,35,47.040000000000006,66.93,140.14000000000001,390.15,0.11984981859941245,-0.39466666666666583,22.83,equatorial
13.13,21.54,24.74,19.41,93.38,11.4,0.87,4.55,0.63,0.69,2018-09-02,Ebolowa,2018,9,245,35,57.65000000000001,72.91000000000001,150.24000000000004,397.90000000000003,0.16396885287011714,-0.716666666666665,22.83,equatorial
18.22,22.58,26.72,19.57,89.74,1.83,0.78,5.34,0.63,0.64,2018-09-03,Ebolowa,2018,9,246,36,58.540000000000006,70.44000000000001,150.28,399.45,0.1727421523828994,0.28833333333333044,22.83,equatorial
16.37,22.76,26.54,20.14,90.78,1.66,0.76,3.76,0.62,0.63,2018-09-04,Ebolowa,2018,9,247,36,59.470000000000006,69.18,150.5,400.23999999999995,0.17718108593649107,0.43599999999999994,22.83,equatorial
16.96,22.34,25.35,20.37,93.4,4.4,0.65,3.24,0.61,0.64,2018-09-05,Ebolowa,2018,9,248,36,57.23000000000001,70.37,153.45000000000002,399.46,0.1726634272054232,0.021999999999998465,22.76,equatorial
15.47,22.55,26.41,20.0,90.95,4.28,0.67,5.05,0.61,0.65,2018-09-06,Ebolowa,2018,9,249,36,49.180000000000014,71.74000000000001,156.37,402.89,0.19217169415561544,0.24733333333333363,22.76,equatorial
16.09,22.79,26.73,19.95,89.12,12.94,0.85,4.8,0.61,0.65,2018-09-07,Ebolowa,2018,9,250,36,53.180000000000014,84.15,161.71,415.47999999999996,0.26397059687572233,0.44166666666666643,22.79,equatorial
12.07,22.06,25.79,19.76,93.58,11.86,0.86,4.6,0.64,0.7,2018-09-08,Ebolowa,2018,9,251,36,48.37000000000001,95.41000000000001,172.30000000000004,427.21,0.3308496925231359,-0.25566666666667004,22.79,equatorial
16.23,22.44,25.96,19.96,90.6,4.32,0.57,4.88,0.64,0.65,2018-09-09,Ebolowa,2018,9,252,36,41.29000000000001,98.94,175.24,431.31,0.3541335599893415,0.15866666666666873,22.79,equatorial
15.79,22.03,25.37,19.65,92.67,6.67,0.7,4.41,0.63,0.66,2018-09-10,Ebolowa,2018,9,253,37,46.13000000000001,104.67,178.34,437.82,0.3911834235016758,-0.22366666666666646,22.79,equatorial
15.65,22.52,26.66,19.4,86.46,3.77,0.48,6.39,0.63,0.66,2018-09-11,Ebolowa,2018,9,254,37,48.24000000000001,107.71,169.64000000000001,441.26,0.4106779828098627,0.24666666666666615,22.79,equatorial
16.96,22.74,27.17,18.81,88.12,2.49,0.66,5.58,0.62,0.63,2018-09-12,Ebolowa,2018,9,255,37,46.33000000000001,103.56,171.20000000000002,442.82,0.4194193530050154,0.4753333333333316,22.79,equatorial
17.6,21.89,23.89,20.39,96.33,3.64,0.65,2.22,0.61,0.64,2018-09-13,Ebolowa,2018,9,256,37,45.69000000000001,94.87,170.02,445.09999999999997,0.43227622990907943,-0.3413333333333348,22.79,equatorial
18.59,22.95,27.41,19.47,87.36,3.15,0.59,5.72,0.61,0.63,2018-09-14,Ebolowa,2018,9,257,37,35.90000000000001,89.08,166.59,444.57,0.4290547715892798,0.7276666666666678,22.95,equatorial
18.84,22.42,26.31,20.1,91.2,6.49,0.68,5.08,0.61,0.65,2018-09-15,Ebolowa,2018,9,258,37,30.530000000000012,78.9,164.59000000000003,446.46000000000004,0.4396824905689775,0.1836666666666673,22.95,equatorial
18.84,22.88,27.36,19.3,88.98,4.61,0.54,5.1,0.61,0.63,2018-09-16,Ebolowa,2018,9,259,37,30.82000000000001,72.11,158.18,442.82,0.41865327684111336,0.5909999999999975,22.95,equatorial
18.22,22.44,25.87,20.25,92.91,5.61,0.68,4.12,0.61,0.64,2018-09-17,Ebolowa,2018,9,260,38,29.760000000000012,75.89,156.05,442.09,0.414292017562025,0.13800000000000168,22.95,equatorial
17.04,22.84,26.65,20.11,91.41,6.02,0.67,5.26,0.61,0.64,2018-09-18,Ebolowa,2018,9,261,38,32.01000000000001,80.25,156.65,445.06,0.4311242883975533,0.5153333333333343,22.95,equatorial
16.68,23.39,27.74,19.86,85.66,2.28,0.6,6.19,0.61,0.62,2018-09-19,Ebolowa,2018,9,262,38,31.80000000000001,78.13,154.63,442.81,0.41804512175509745,1.0100000000000016,23.39,equatorial
16.54,23.13,26.28,19.88,89.17,2.57,0.58,3.21,0.6,0.62,2018-09-20,Ebolowa,2018,9,263,38,30.73000000000001,76.41999999999999,154.28000000000003,437.09,0.38508203837057065,0.716666666666665,23.39,equatorial
13.79,22.98,26.55,20.2,92.55,6.14,0.65,4.04,0.6,0.64,2018-09-21,Ebolowa,2018,9,264,38,33.72000000000001,69.61999999999999,157.21,424.57,0.3131392588246466,0.5399999999999991,23.39,equatorial
16.13,22.98,27.18,20.74,89.04,2.8,0.55,4.83,0.6,0.62,2018-09-22,Ebolowa,2018,9,265,38,30.03000000000001,60.559999999999995,157.10000000000002,418.02,0.2754462578617512,0.49099999999999966,23.39,equatorial
19.14,23.18,27.82,19.69,89.29,3.5,0.45,4.92,0.6,0.62,2018-09-23,Ebolowa,2018,9,266,38,28.92000000000001,59.739999999999995,160.07000000000002,417.9,0.27464903268620605,0.6560000000000024,23.39,equatorial
17.25,22.36,25.25,20.5,91.68,5.58,0.47,3.79,0.6,0.63,2018-09-24,Ebolowa,2018,9,267,39,28.89000000000001,58.650000000000006,165.05,420.36999999999995,0.28871687925144734,-0.17266666666666808,23.39,equatorial
14.94,22.41,25.99,19.76,90.81,2.58,0.71,4.05,0.6,0.62,2018-09-25,Ebolowa,2018,9,268,39,25.45000000000001,57.46,166.84000000000003,416.31,0.26529267891129416,-0.11199999999999832,23.39,equatorial
16.97,23.18,28.03,19.59,88.98,8.12,0.69,5.55,0.6,0.62,2018-09-26,Ebolowa,2018,9,269,39,31.29000000000001,63.089999999999996,174.02000000000004,420.3,0.28810425115937816,0.6159999999999997,23.18,equatorial
16.01,22.23,24.49,20.5,96.23,22.72,0.67,2.97,0.64,0.73,2018-09-27,Ebolowa,2018,9,270,39,51.44000000000001,82.17,196.01,429.25,0.33940817413038177,-0.32333333333333414,23.18,equatorial
17.66,22.63,25.78,20.75,91.42,1.86,0.58,3.37,0.64,0.65,2018-09-28,Ebolowa,2018,9,271,39,47.16000000000001,80.88,191.23000000000002,411.4,0.23668593387714792,0.08333333333333215,23.18,equatorial
17.04,23.25,27.31,20.09,88.74,2.89,0.57,5.48,0.63,0.64,2018-09-29,Ebolowa,2018,9,272,39,47.250000000000014,77.28,181.79000000000002,412.03,0.24021659248153007,0.6660000000000004,23.25,equatorial
17.52,23.07,26.65,20.49,93.32,5.53,0.64,3.97,0.62,0.65,2018-09-30,Ebolowa,2018,9,273,39,49.28000000000001,78.2,178.38,415.3,0.25892995134030367,0.4543333333333379,23.25,equatorial
15.16,22.81,26.19,20.81,90.1,8.71,0.51,4.81,0.62,0.65,2018-10-01,Ebolowa,2018,10,274,40,52.41000000000001,81.30000000000001,170.42000000000002,421.9,0.2967987872106182,0.16433333333333167,23.25,equatorial
14.34,21.61,25.02,19.81,92.43,13.49,0.63,4.05,0.64,0.71,2018-10-02,Ebolowa,2018,10,275,40,63.32000000000001,88.77,172.51000000000002,432.0,0.35480362243910374,-1.0380000000000038,23.25,equatorial
18.98,23.24,27.63,19.6,87.66,1.17,0.75,5.96,0.64,0.64,2018-10-03,Ebolowa,2018,10,276,40,56.37000000000001,87.66,171.85,427.05,0.32616349903530945,0.5699999999999967,23.25,equatorial
17.44,22.28,24.96,20.56,93.18,3.32,0.72,2.84,0.62,0.64,2018-10-04,Ebolowa,2018,10,277,40,36.97000000000001,88.41,173.51000000000002,424.52000000000004,0.3114632522282339,-0.3739999999999988,23.25,equatorial
16.47,22.89,26.53,20.2,92.07,8.28,0.53,4.69,0.62,0.66,2018-10-05,Ebolowa,2018,10,278,40,43.390000000000015,90.55,177.39000000000001,428.25,0.3328250440609529,0.21766666666666978,23.25,equatorial
12.02,22.39,25.02,20.49,93.74,16.91,0.7,3.89,0.65,0.72,2018-10-06,Ebolowa,2018,10,279,40,57.41000000000001,104.66,190.02,443.21000000000004,0.41888973123483414,-0.27699999999999747,23.24,equatorial
21.54,23.63,27.92,19.87,87.48,1.1,0.62,5.51,0.65,0.65,2018-10-07,Ebolowa,2018,10,280,40,52.98000000000001,102.26,178.18,441.63,0.40960453347790626,0.9349999999999987,23.63,equatorial
18.89,23.37,27.2,20.79,89.3,2.31,0.52,4.66,0.63,0.65,2018-10-08,Ebolowa,2018,10,281,41,46.58000000000001,98.99000000000001,168.63000000000002,443.71,0.42142265331156376,0.631333333333334,23.63,equatorial
16.37,22.75,26.14,20.48,92.15,3.39,0.6,3.59,0.63,0.65,2018-10-09,Ebolowa,2018,10,282,41,36.480000000000004,99.80000000000001,167.70000000000002,446.96000000000004,0.43998508587029744,0.0009999999999976694,23.63,equatorial
17.4,22.72,26.39,20.37,90.84,2.46,0.53,4.08,0.62,0.64,2018-10-10,Ebolowa,2018,10,283,41,37.77,94.14,163.49,448.86,0.4507549217846926,-0.0519999999999996,23.63,equatorial
15.39,21.92,23.88,20.19,96.61,5.43,0.61,1.95,0.62,0.65,2018-10-11,Ebolowa,2018,10,284,41,39.88000000000001,76.85000000000001,165.15000000000003,453.88,0.47952424520691544,-0.8319999999999972,23.63,equatorial
6.0,21.22,23.57,19.59,96.1,15.25,0.55,3.01,0.65,0.72,2018-10-12,Ebolowa,2018,10,285,41,46.85000000000001,90.24000000000001,177.91000000000003,468.91,0.5660537545957034,-1.4813333333333318,23.63,equatorial
15.68,22.35,25.86,19.57,92.68,3.9,0.66,4.13,0.65,0.67,2018-10-13,Ebolowa,2018,10,286,41,33.84,91.25,178.17000000000002,470.71999999999997,0.5762315147297179,-0.3666666666666636,23.63,equatorial
15.13,22.92,26.71,19.9,91.47,7.26,0.52,5.55,0.65,0.67,2018-10-14,Ebolowa,2018,10,287,41,40.00000000000001,92.98,182.28000000000003,458.2,0.5036632368961249,0.20433333333333437,23.37,equatorial
18.9,22.4,25.03,20.51,95.47,18.72,0.37,3.32,0.67,0.74,2018-10-15,Ebolowa,2018,10,288,42,56.41000000000001,102.99000000000001,194.51000000000002,472.99,0.5888555921723907,-0.3149999999999977,22.92,equatorial
14.4,22.93,27.09,20.01,91.44,6.57,0.53,5.59,0.67,0.69,2018-10-16,Ebolowa,2018,10,289,42,59.59000000000001,96.07,196.47,474.05,0.5946925904129621,0.2133333333333347,22.93,equatorial
18.77,22.39,24.91,20.81,94.7,6.48,0.67,2.96,0.67,0.7,2018-10-17,Ebolowa,2018,10,290,42,63.610000000000014,101.38,197.34000000000003,474.31,0.5959045455996624,-0.3249999999999993,22.93,equatorial
16.57,22.78,26.47,20.08,91.35,5.03,0.34,4.13,0.67,0.7,2018-10-18,Ebolowa,2018,10,291,42,63.21000000000001,103.09,196.35000000000002,478.61,0.6204639968602511,0.06700000000000017,22.93,equatorial
20.31,23.76,27.94,19.72,86.29,0.77,0.77,6.05,0.66,0.66,2018-10-19,Ebolowa,2018,10,292,42,48.73000000000001,95.58,194.84,478.88,0.6217152460032359,1.03466666666667,23.76,equatorial
20.7,23.87,28.07,20.24,86.82,1.53,0.92,5.85,0.64,0.65,2018-10-20,Ebolowa,2018,10,293,42,46.360000000000014,80.19999999999999,193.8,479.55,0.6252787369327932,1.120000000000001,23.87,equatorial
16.69,23.55,27.17,20.37,91.74,6.7,0.7,4.34,0.64,0.67,2018-10-21,Ebolowa,2018,10,294,42,45.800000000000004,85.8,194.36000000000004,483.05,0.6452057974127201,0.7809999999999988,23.87,equatorial
8.84,23.44,26.81,21.41,93.01,5.27,0.66,3.83,0.64,0.66,2018-10-22,Ebolowa,2018,10,295,43,32.35000000000001,88.75999999999999,196.83,485.39,0.6584117402544049,0.6556666666666686,23.87,equatorial
15.32,22.55,24.57,20.88,95.88,35.4,0.58,3.29,0.68,0.79,2018-10-23,Ebolowa,2018,10,296,43,61.18000000000001,120.77,228.73000000000002,509.17,0.7956261841598682,-0.2133333333333347,23.87,equatorial
19.64,23.19,27.14,19.84,88.6,3.85,0.64,5.56,0.7,0.7,2018-10-24,Ebolowa,2018,10,297,43,58.550000000000004,122.16,227.0,501.60999999999996,0.7514272367001138,0.3990000000000009,23.87,equatorial
18.3,22.14,24.29,20.15,94.44,10.65,0.56,3.57,0.69,0.73,2018-10-25,Ebolowa,2018,10,298,43,64.17000000000002,127.38,235.07000000000002,509.5,0.7966545029419468,-0.6419999999999995,23.87,equatorial
9.84,22.46,25.99,19.07,90.96,4.79,0.73,5.59,0.69,0.7,2018-10-26,Ebolowa,2018,10,299,43,68.19000000000001,116.92,231.74,509.58000000000004,0.7966507902452427,-0.29799999999999827,23.87,equatorial
20.6,23.41,27.8,19.47,86.19,0.82,0.95,6.13,0.67,0.68,2018-10-27,Ebolowa,2018,10,300,43,67.48,113.84,209.84000000000003,508.0,0.7870410450572258,0.6126666666666694,23.55,equatorial
11.83,23.61,27.11,21.09,90.95,7.89,0.69,4.69,0.67,0.69,2018-10-28,Ebolowa,2018,10,301,43,68.67000000000002,114.47,215.87,514.48,0.8240890852159923,0.7800000000000011,23.61,equatorial
19.02,23.01,26.59,20.83,92.85,10.8,0.6,4.39,0.67,0.72,2018-10-29,Ebolowa,2018,10,302,44,74.2,106.55,223.78000000000003,522.71,0.8712287685827189,0.1880000000000024,23.61,equatorial
18.98,22.79,25.9,20.51,93.72,3.61,0.57,2.62,0.67,0.69,2018-10-30,Ebolowa,2018,10,303,44,42.41000000000001,103.58999999999999,221.86,524.77,0.8826046946419273,-0.022666666666665947,23.61,equatorial
18.98,23.0,26.28,20.57,93.73,8.53,0.62,4.12,0.67,0.71,2018-10-31,Ebolowa,2018,10,304,44,47.09,105.64,221.68,532.24,0.9252823664962017,0.18100000000000094,23.61,equatorial
14.89,23.27,26.9,20.73,92.27,12.31,0.66,5.53,0.68,0.72,2018-11-01,Ebolowa,2018,11,305,44,48.75000000000001,112.92,220.50000000000003,543.25,0.9883948876823854,0.39566666666666706,23.61,equatorial
13.74,22.23,24.69,20.43,96.47,24.89,0.64,2.96,0.71,0.78,2018-11-02,Ebolowa,2018,11,306,44,68.85000000000001,137.04000000000002,244.22000000000003,566.35,1.1213725504885563,-0.6106666666666634,23.61,equatorial
18.73,22.67,26.4,19.87,87.93,3.77,0.54,4.95,0.72,0.73,2018-11-03,Ebolowa,2018,11,307,44,71.8,139.28,244.67000000000002,568.6800000000001,1.1339504228809683,-0.18366666666666376,23.61,equatorial
6.56,22.12,25.13,19.91,95.35,4.08,0.76,2.29,0.71,0.72,2018-11-04,Ebolowa,2018,11,308,44,67.99000000000001,136.66,240.47000000000003,571.31,1.14824093000439,-0.7079999999999984,23.27,equatorial
19.24,23.46,27.36,20.15,87.8,3.46,0.61,5.5,0.7,0.71,2018-11-05,Ebolowa,2018,11,309,45,60.65000000000001,134.85,227.02,573.41,1.159439632702948,0.5963333333333338,23.46,equatorial
18.29,22.66,24.67,20.89,96.52,5.46,0.57,2.11,0.7,0.71,2018-11-06,Ebolowa,2018,11,310,45,62.5,104.91,231.38000000000002,571.27,1.1460979018416724,-0.17133333333333667,23.46,equatorial
16.3,22.44,24.52,20.83,95.57,4.03,0.58,2.4,0.69,0.71,2018-11-07,Ebolowa,2018,11,311,45,58.00000000000001,105.09,233.10000000000002,574.03,1.1611152268346225,-0.3603333333333332,23.46,equatorial
14.46,23.41,27.56,20.42,90.7,1.39,0.53,4.43,0.69,0.7,2018-11-08,Ebolowa,2018,11,312,45,47.080000000000005,95.83,231.10000000000002,574.04,1.1602052396395748,0.5876666666666637,23.46,equatorial
16.99,23.38,26.3,21.06,92.61,1.76,0.52,2.78,0.68,0.69,2018-11-09,Ebolowa,2018,11,313,45,23.950000000000006,92.8,230.4,572.23,1.1487763467076713,0.5356666666666641,23.46,equatorial
17.65,23.83,27.94,20.98,90.0,2.12,0.68,4.13,0.68,0.68,2018-11-10,Ebolowa,2018,11,314,45,22.300000000000008,94.1,227.09000000000003,561.88,1.088001142668877,0.921999999999997,23.83,equatorial
19.19,24.27,28.21,21.03,88.09,2.07,0.82,5.34,0.67,0.68,2018-11-11,Ebolowa,2018,11,315,45,20.290000000000006,88.28,213.91000000000003,563.0200000000001,1.0937495912944466,1.2603333333333353,24.27,equatorial
18.5,24.28,28.04,21.27,88.05,3.73,0.78,4.75,0.66,0.68,2018-11-12,Ebolowa,2018,11,316,46,20.56000000000001,81.21000000000001,213.74,561.9300000000001,1.0865987084681166,1.2059999999999995,24.28,equatorial
12.64,23.5,26.53,21.37,93.17,5.46,0.71,3.24,0.66,0.69,2018-11-13,Ebolowa,2018,11,317,46,20.56000000000001,83.06,211.94000000000003,560.81,1.079286862555516,0.40666666666666273,24.28,equatorial
8.98,22.31,24.51,20.5,91.63,3.91,0.79,3.34,0.67,0.69,2018-11-14,Ebolowa,2018,11,318,46,20.440000000000005,78.44,197.13000000000002,556.2299999999999,1.0519886717487485,-0.7803333333333349,24.28,equatorial
17.23,22.93,28.01,19.2,86.48,2.59,0.63,5.46,0.66,0.67,2018-11-15,Ebolowa,2018,11,319,46,21.640000000000008,68.72,193.15,547.8,1.0024782767203522,-0.16033333333333388,24.28,equatorial
8.24,22.89,26.02,20.58,95.08,22.94,0.64,3.23,0.68,0.76,2018-11-16,Ebolowa,2018,11,320,46,42.82000000000001,66.77000000000001,209.61,563.0,1.0896249605122412,-0.2170000000000023,24.28,equatorial
22.18,23.18,26.9,20.62,92.09,2.6,0.77,3.74,0.7,0.7,2018-11-17,Ebolowa,2018,11,321,46,43.30000000000001,65.6,207.18,560.1800000000001,1.0724870287212234,0.05966666666666498,24.28,equatorial
13.52,23.14,26.38,20.57,91.04,4.0,0.68,3.55,0.69,0.7,2018-11-18,Ebolowa,2018,11,322,46,45.23000000000001,65.52,210.41,559.8800000000001,1.069940488049079,0.04033333333333289,24.28,equatorial
15.76,23.37,27.25,20.31,90.5,3.86,0.72,4.25,0.69,0.7,2018-11-19,Ebolowa,2018,11,323,47,45.36000000000001,65.92,212.74,560.8199999999999,1.0745641873811005,0.28699999999999903,23.5,equatorial
16.57,23.76,28.22,20.37,89.45,2.72,0.69,5.08,0.68,0.69,2018-11-20,Ebolowa,2018,11,324,47,42.620000000000005,63.18000000000001,208.76000000000002,560.33,1.0709178260749064,0.6700000000000053,23.76,equatorial
15.85,23.46,27.17,20.97,92.33,3.93,0.63,3.71,0.68,0.69,2018-11-21,Ebolowa,2018,11,325,47,42.64000000000001,63.080000000000005,207.42000000000002,561.35,1.076002800367694,0.3693333333333335,23.76,equatorial
18.77,24.21,28.66,21.15,87.92,0.95,0.64,5.37,0.67,0.67,2018-11-22,Ebolowa,2018,11,326,47,41.00000000000001,62.64000000000001,172.97000000000003,561.77,1.0776133784215793,1.064,24.21,equatorial
16.99,24.17,28.57,20.78,86.81,0.54,0.72,5.06,0.66,0.66,2018-11-23,Ebolowa,2018,11,327,47,18.60000000000001,61.42,169.66,561.71,1.0764487098905005,0.9913333333333334,24.21,equatorial
14.38,24.3,28.46,21.07,89.06,1.87,0.62,4.25,0.65,0.66,2018-11-24,Ebolowa,2018,11,328,47,17.870000000000005,61.17,160.88,562.7900000000001,1.0818723040394644,1.0493333333333332,24.3,equatorial
12.17,23.45,25.76,21.58,95.82,4.14,0.51,2.31,0.65,0.68,2018-11-25,Ebolowa,2018,11,329,47,18.01000000000001,63.24,160.23000000000002,565.99,1.0995336883062672,0.1663333333333341,24.3,equatorial
11.55,23.82,27.84,20.87,88.64,1.11,0.67,4.31,0.65,0.66,2018-11-26,Ebolowa,2018,11,330,48,15.260000000000009,60.620000000000005,160.52,566.3700000000001,1.100877280180008,0.522666666666666,24.3,equatorial
15.21,23.8,27.61,21.3,88.52,0.2,0.62,3.4,0.65,0.65,2018-11-27,Ebolowa,2018,11,331,48,12.740000000000007,55.36000000000001,152.83,559.93,1.0628280747755154,0.4963333333333324,24.3,equatorial
15.53,24.33,28.56,21.12,86.45,0.1,0.78,4.45,0.64,0.64,2018-11-28,Ebolowa,2018,11,332,48,8.910000000000005,51.55,142.13000000000002,547.7,0.9913920895748899,0.9823333333333295,24.33,equatorial
16.29,24.34,28.4,21.32,85.18,0.19,0.71,4.26,0.64,0.64,2018-11-29,Ebolowa,2018,11,333,48,8.150000000000007,49.150000000000006,138.71,538.9499999999999,0.9401553053650917,0.9406666666666652,24.34,equatorial
15.64,24.27,28.76,20.94,86.77,0.28,0.64,4.06,0.63,0.63,2018-11-30,Ebolowa,2018,11,334,48,7.890000000000007,26.49,130.46,522.5600000000001,0.8448329406684346,0.8283333333333331,24.34,equatorial
12.81,23.25,25.66,21.8,91.42,0.44,0.58,1.74,0.63,0.63,2018-12-01,Ebolowa,2018,12,335,48,6.460000000000007,24.33,118.59000000000002,511.59999999999997,0.7809836579953452,-0.19099999999999895,24.34,equatorial
16.3,23.69,27.9,20.49,85.23,0.05,0.62,3.73,0.62,0.63,2018-12-02,Ebolowa,2018,12,336,48,2.370000000000007,20.38,93.75000000000001,509.82,0.7702551810942558,0.20033333333333303,24.34,equatorial
13.56,23.38,27.03,20.96,88.62,0.06,0.68,2.39,0.62,0.63,2018-12-03,Ebolowa,2018,12,337,49,1.3200000000000072,16.58,90.04000000000002,508.22,0.7605765554860551,-0.13333333333333286,24.34,equatorial
12.56,24.17,28.2,21.1,85.72,0.01,0.69,3.54,0.62,0.62,2018-12-04,Ebolowa,2018,12,338,49,1.1300000000000072,13.87,85.97000000000003,503.83,0.7347724162011108,0.5883333333333383,24.34,equatorial
18.21,24.93,29.45,20.83,83.36,0.01,0.78,4.31,0.61,0.61,2018-12-05,Ebolowa,2018,12,339,49,1.0400000000000071,9.949999999999998,82.52000000000001,499.56,0.7096815999884799,1.2993333333333297,24.93,equatorial
14.13,24.68,28.75,21.98,83.84,0.03,0.73,3.67,0.61,0.61,2018-12-06,Ebolowa,2018,12,340,49,0.8800000000000071,9.03,77.09000000000002,486.65000000000003,0.6346232928536637,0.9820000000000029,24.93,equatorial
11.61,23.18,26.57,21.15,90.76,1.76,0.63,2.63,0.61,0.62,2018-12-07,Ebolowa,2018,12,341,49,2.360000000000007,10.25,74.82000000000002,476.55,0.5758657527719857,-0.5426666666666691,24.93,equatorial
15.27,23.51,28.25,20.34,85.02,0.33,0.7,3.89,0.61,0.61,2018-12-08,Ebolowa,2018,12,342,49,2.250000000000007,8.709999999999999,73.76000000000002,472.56,0.552502850984331,-0.21599999999999753,24.93,equatorial
17.99,23.88,28.74,20.01,83.98,0.4,0.59,3.97,0.6,0.61,2018-12-09,Ebolowa,2018,12,343,49,2.600000000000007,4.97,72.40000000000002,466.29,0.5159480428049934,0.1373333333333342,24.93,equatorial
15.97,23.2,26.83,20.75,87.29,0.36,0.61,2.58,0.6,0.61,2018-12-10,Ebolowa,2018,12,344,50,2.9000000000000075,4.219999999999999,70.64000000000003,462.88000000000005,0.49597117756122605,-0.5216666666666683,24.93,equatorial
15.29,24.3,29.37,20.39,82.7,0.1,0.61,4.15,0.6,0.6,2018-12-11,Ebolowa,2018,12,345,50,2.9900000000000073,4.119999999999999,68.67000000000002,460.49,0.48191050169072175,0.5773333333333319,24.93,equatorial
14.15,24.28,28.56,20.73,83.18,0.13,0.58,3.27,0.59,0.6,2018-12-12,Ebolowa,2018,12,346,50,3.1100000000000074,4.1499999999999995,65.07000000000001,456.98,0.46136390445965225,0.5573333333333359,24.68,equatorial
14.43,24.47,29.17,21.13,81.88,0.21,0.81,3.86,0.59,0.59,2018-12-13,Ebolowa,2018,12,347,50,3.290000000000007,4.169999999999999,59.82000000000002,454.04,0.4441275483048888,0.7149999999999999,24.47,equatorial
18.11,24.43,29.81,20.58,80.34,0.09,0.8,4.53,0.59,0.59,2018-12-14,Ebolowa,2018,12,348,50,1.6200000000000072,3.979999999999999,56.000000000000014,447.64,0.40683282957701256,0.604333333333333,24.47,equatorial
16.9,24.34,30.13,20.03,81.43,0.18,0.79,4.42,0.58,0.58,2018-12-15,Ebolowa,2018,12,349,50,1.470000000000007,3.719999999999999,53.59000000000002,443.21000000000004,0.3809731473366982,0.46733333333333604,24.47,equatorial
16.79,24.62,30.07,20.65,81.1,0.33,0.68,4.2,0.58,0.58,2018-12-16,Ebolowa,2018,12,350,50,1.400000000000007,3.999999999999999,30.980000000000015,437.93,0.350186594824762,0.6896666666666675,24.62,equatorial
18.53,24.41,29.31,20.99,81.06,0.25,0.75,3.76,0.58,0.58,2018-12-17,Ebolowa,2018,12,351,51,1.2900000000000071,4.1899999999999995,28.630000000000013,432.15999999999997,0.31656099496642676,0.4386666666666663,24.62,equatorial
19.55,23.77,29.09,20.47,81.26,0.09,0.7,3.38,0.57,0.57,2018-12-18,Ebolowa,2018,12,352,51,1.2800000000000071,4.27,24.720000000000013,429.97,0.30372558680667516,-0.2223333333333315,24.62,equatorial
18.28,24.04,29.98,19.84,80.74,0.2,0.88,3.97,0.57,0.57,2018-12-19,Ebolowa,2018,12,353,51,1.350000000000007,4.46,21.060000000000013,427.6,0.28984644419966565,0.02533333333333232,24.62,equatorial
17.65,24.44,29.97,20.32,79.32,0.12,0.77,3.92,0.57,0.57,2018-12-20,Ebolowa,2018,12,354,51,1.2600000000000071,4.549999999999999,18.460000000000015,421.58000000000004,0.2547630218216636,0.4026666666666685,24.62,equatorial
19.19,23.88,29.51,20.05,78.32,0.11,0.81,3.84,0.56,0.56,2018-12-21,Ebolowa,2018,12,355,51,1.280000000000007,2.899999999999999,14.640000000000015,418.89000000000004,0.2390358934227231,-0.17133333333333312,24.62,equatorial
18.6,23.71,29.67,19.44,79.45,0.03,0.76,3.71,0.56,0.56,2018-12-22,Ebolowa,2018,12,356,51,1.130000000000007,2.599999999999999,13.720000000000013,415.42,0.21877530173696713,-0.32466666666666555,24.62,equatorial
17.54,23.82,29.69,19.83,79.58,0.05,0.84,3.63,0.56,0.56,2018-12-23,Ebolowa,2018,12,357,51,0.8500000000000071,2.249999999999999,13.230000000000015,409.89000000000004,0.18653562993227538,-0.20300000000000296,24.44,equatorial
17.31,23.95,29.73,20.13,77.87,0.01,0.83,3.72,0.55,0.55,2018-12-24,Ebolowa,2018,12,358,52,0.6100000000000071,1.899999999999999,11.370000000000013,407.32,0.1715178206217358,-0.061333333333333684,24.44,equatorial
17.42,24.1,30.1,19.85,77.89,0.02,0.77,3.67,0.55,0.55,2018-12-25,Ebolowa,2018,12,359,52,0.5400000000000071,1.8199999999999992,7.250000000000013,399.21999999999997,0.12431763870970092,0.06700000000000017,24.44,equatorial
16.56,24.62,30.05,20.58,77.99,0.06,0.62,3.23,0.55,0.55,2018-12-26,Ebolowa,2018,12,360,52,0.40000000000000707,1.7499999999999991,6.2000000000000135,376.56,-0.007647045753371455,0.560333333333336,24.62,equatorial
15.81,23.77,27.86,20.92,82.36,0.78,0.64,2.42,0.55,0.56,2018-12-27,Ebolowa,2018,12,361,52,1.0600000000000072,2.3199999999999994,6.780000000000014,375.48,-0.01393413036391549,-0.28866666666666774,24.62,equatorial
17.09,24.01,29.98,19.38,79.9,0.44,0.66,3.47,0.55,0.56,2018-12-28,Ebolowa,2018,12,362,52,1.3900000000000072,2.6699999999999995,7.120000000000013,373.03000000000003,-0.028202571431331792,-0.0379999999999967,24.62,equatorial
15.57,24.16,29.1,20.39,82.3,0.76,0.69,2.81,0.55,0.56,2018-12-29,Ebolowa,2018,12,363,52,2.120000000000007,3.249999999999999,7.690000000000013,368.26,-0.05599148623871649,0.1180000000000021,24.62,equatorial
16.38,23.93,28.03,21.18,83.7,0.7,0.73,2.45,0.55,0.56,2018-12-30,Ebolowa,2018,12,364,52,2.7700000000000076,3.619999999999999,8.110000000000014,360.25,-0.10266865411351803,-0.1006666666666689,24.62,equatorial
18.49,24.88,30.4,20.47,77.51,0.18,0.85,3.83,0.55,0.55,2018-12-31,Ebolowa,2018,12,365,1,2.940000000000007,3.549999999999999,7.850000000000013,346.94,-0.18025252013691476,0.7949999999999982,24.88,equatorial
17.03,24.39,29.56,20.52,79.57,0.88,0.81,3.11,0.55,0.55,2019-01-01,Ebolowa,2019,1,1,1,3.800000000000007,4.339999999999999,8.680000000000014,346.65,-0.18188062261220173,0.2816666666666663,24.88,equatorial
18.09,24.89,30.4,20.98,79.34,0.64,0.6,3.44,0.55,0.55,2019-01-02,Ebolowa,2019,1,2,1,4.380000000000007,4.779999999999999,9.260000000000012,343.96999999999997,-0.1974553945342986,0.7313333333333354,24.89,equatorial
16.79,24.83,30.29,20.93,79.53,1.09,0.72,3.42,0.55,0.55,2019-01-03,Ebolowa,2019,1,3,1,4.6900000000000075,5.749999999999999,10.340000000000014,336.78000000000003,-0.23935541344014438,0.6493333333333275,24.89,equatorial
16.14,25.09,30.95,20.77,78.99,0.98,0.78,3.59,0.54,0.55,2019-01-04,Ebolowa,2019,1,4,1,5.2300000000000075,6.619999999999999,11.310000000000013,320.84999999999997,-0.3322836735334499,0.9039999999999999,25.09,equatorial
17.16,24.73,30.24,21.39,80.95,1.52,0.91,3.45,0.54,0.55,2019-01-05,Ebolowa,2019,1,5,1,5.990000000000007,8.11,12.800000000000015,321.27000000000004,-0.3297048448888499,0.5423333333333353,25.09,equatorial
15.78,24.68,30.22,20.77,77.73,0.09,0.87,3.33,0.54,0.54,2019-01-06,Ebolowa,2019,1,6,1,5.380000000000007,8.149999999999999,11.130000000000013,319.05,-0.3425502825752219,0.4423333333333339,25.09,equatorial
14.52,24.63,29.94,20.77,76.14,0.02,0.8,3.16,0.54,0.54,2019-01-07,Ebolowa,2019,1,7,2,5.220000000000008,8.159999999999998,10.820000000000014,315.68,-0.3621143391993145,0.3550000000000004,25.09,equatorial
18.49,24.71,30.44,20.63,76.09,0.01,0.78,3.28,0.54,0.53,2019-01-08,Ebolowa,2019,1,8,2,4.350000000000008,8.149999999999999,10.430000000000014,313.23,-0.3762969134368419,0.40733333333333377,25.09,equatorial
15.85,24.8,30.86,20.62,75.96,0.04,0.74,3.13,0.53,0.53,2019-01-09,Ebolowa,2019,1,9,2,3.7500000000000075,8.129999999999999,10.110000000000012,307.84,-0.40766776858406195,0.44399999999999906,25.09,equatorial
15.31,24.78,30.75,20.26,75.18,0.02,0.69,3.17,0.53,0.53,2019-01-10,Ebolowa,2019,1,10,2,2.6800000000000073,7.369999999999999,10.030000000000014,292.61,-0.49658115630419664,0.40800000000000125,25.09,equatorial
17.09,25.02,31.14,20.52,75.87,0.01,0.74,3.08,0.53,0.53,2019-01-11,Ebolowa,2019,1,11,2,1.710000000000007,6.9399999999999995,9.910000000000014,288.72,-0.5191268204349548,0.6233333333333348,25.02,equatorial
18.57,25.56,31.75,20.79,75.48,0.01,0.72,3.26,0.53,0.52,2019-01-12,Ebolowa,2019,1,12,2,0.20000000000000712,6.1899999999999995,9.710000000000013,281.47,-0.56132357901261,1.126999999999999,25.56,equatorial
17.29,25.56,31.23,21.49,74.77,0.01,0.96,3.02,0.53,0.52,2019-01-13,Ebolowa,2019,1,13,2,0.1200000000000071,5.499999999999999,9.630000000000013,262.76,-0.6705627620057254,1.0893333333333324,25.56,equatorial
16.24,25.3,31.0,21.3,74.06,0.01,1.0,3.06,0.52,0.52,2019-01-14,Ebolowa,2019,1,14,3,0.1100000000000071,5.329999999999999,9.460000000000013,256.2,-0.7086254355391012,0.7973333333333343,25.56,equatorial
17.92,25.33,30.8,21.54,74.69,0.01,0.86,2.86,0.52,0.52,2019-01-15,Ebolowa,2019,1,15,3,0.1100000000000071,4.46,9.140000000000013,249.73000000000002,-0.7461346785128528,0.8036666666666648,25.56,equatorial
18.19,25.83,31.3,21.58,74.64,0.02,0.6,2.86,0.52,0.52,2019-01-16,Ebolowa,2019,1,16,3,0.09000000000000712,3.8399999999999994,8.910000000000014,244.72000000000003,-0.7750687047521722,1.2563333333333304,25.83,equatorial
16.02,26.0,31.54,22.22,71.64,0.03,0.73,2.98,0.52,0.52,2019-01-17,Ebolowa,2019,1,17,3,0.10000000000000711,2.779999999999999,8.850000000000014,243.98,-0.7789813439246818,1.3519999999999968,26.0,equatorial
17.44,25.63,31.65,20.99,73.83,0.06,0.78,3.02,0.52,0.51,2019-01-18,Ebolowa,2019,1,18,3,0.1500000000000071,1.8599999999999992,8.710000000000013,242.51,-0.7871652997104313,0.9289999999999985,26.0,equatorial
19.96,25.37,30.9,21.16,74.91,0.09,0.94,2.79,0.52,0.51,2019-01-19,Ebolowa,2019,1,19,3,0.23000000000000712,0.4299999999999991,8.680000000000014,235.9,-0.825440382985135,0.6379999999999981,26.0,equatorial
18.68,25.38,31.13,21.36,74.16,0.03,0.88,2.72,0.52,0.51,2019-01-20,Ebolowa,2019,1,20,3,0.2500000000000071,0.3699999999999991,8.600000000000014,230.66,-0.8556570060867851,0.597999999999999,26.0,equatorial
17.15,25.13,30.63,21.2,75.44,0.17,0.83,2.59,0.51,0.51,2019-01-21,Ebolowa,2019,1,21,4,0.41000000000000714,0.5199999999999991,8.740000000000013,195.43,-1.061434939355367,0.30066666666666464,26.0,equatorial
16.68,25.37,31.41,21.06,73.89,0.18,0.78,2.9,0.51,0.51,2019-01-22,Ebolowa,2019,1,22,4,0.5800000000000071,0.6899999999999991,8.870000000000013,191.76,-1.082156820696999,0.4890000000000043,26.0,equatorial
20.08,25.54,31.37,21.56,74.59,0.19,1.02,2.72,0.51,0.51,2019-01-23,Ebolowa,2019,1,23,4,0.7500000000000071,0.8399999999999991,9.050000000000015,181.3,-1.1425850442657364,0.6059999999999981,26.0,equatorial
17.4,24.5,29.34,21.29,77.51,0.38,0.92,2.2,0.51,0.51,2019-01-24,Ebolowa,2019,1,24,4,1.1000000000000072,1.199999999999999,9.410000000000013,176.89000000000001,-1.167503819711387,-0.4473333333333329,25.63,equatorial
15.75,24.67,30.42,20.43,76.23,0.36,0.84,2.66,0.51,0.51,2019-01-25,Ebolowa,2019,1,25,4,1.400000000000007,1.549999999999999,9.710000000000013,176.43,-1.169267217543141,-0.2789999999999999,25.54,equatorial
17.74,24.86,30.79,20.46,75.56,0.28,0.91,2.8,0.51,0.51,2019-01-26,Ebolowa,2019,1,26,4,1.5900000000000072,1.819999999999999,9.210000000000013,168.82,-1.2128525718832177,-0.1253333333333373,25.54,equatorial
16.79,24.56,29.9,21.56,81.01,1.8,1.07,2.86,0.51,0.52,2019-01-27,Ebolowa,2019,1,27,4,3.3600000000000074,3.6099999999999994,10.570000000000013,159.82000000000002,-1.2644781574803925,-0.4436666666666689,25.54,equatorial
14.07,24.09,29.46,20.79,82.91,1.34,0.92,2.34,0.51,0.53,2019-01-28,Ebolowa,2019,1,28,5,4.530000000000007,4.9399999999999995,11.150000000000013,157.55,-1.2766464534236892,-0.9113333333333351,25.54,equatorial
14.76,24.66,30.43,21.05,82.56,3.05,0.89,3.13,0.52,0.53,2019-01-29,Ebolowa,2019,1,29,5,7.4000000000000075,7.9799999999999995,13.500000000000014,152.07,-1.307549982528193,-0.3656666666666659,25.54,equatorial
17.98,25.34,30.76,21.06,78.14,1.03,0.53,3.14,0.52,0.53,2019-01-30,Ebolowa,2019,1,30,5,8.240000000000007,8.989999999999998,14.350000000000012,140.79,-1.372267968518961,0.2989999999999995,25.34,equatorial
16.3,25.09,29.85,21.53,75.07,0.32,0.91,2.8,0.52,0.52,2019-01-31,Ebolowa,2019,1,31,5,8.180000000000007,9.28,13.790000000000013,116.22000000000001,-1.514413470978069,0.025666666666669613,25.34,equatorial
18.29,25.71,32.51,20.63,72.87,0.45,0.71,3.43,0.52,0.51,2019-02-01,Ebolowa,2019,2,32,5,8.270000000000007,9.67,13.600000000000014,112.9,-1.5321176981007751,0.6183333333333358,25.71,equatorial
18.72,25.55,31.04,21.85,78.13,1.04,0.93,2.88,0.51,0.51,2019-02-02,Ebolowa,2019,2,33,5,9.030000000000008,10.62,13.550000000000013,109.86,-1.5481331270736463,0.4343333333333348,25.71,equatorial
15.12,25.2,31.18,21.31,79.23,3.68,0.86,3.14,0.51,0.53,2019-02-03,Ebolowa,2019,2,34,5,10.910000000000007,14.27,16.250000000000014,110.08000000000001,-1.545093236735422,0.08066666666666933,25.71,equatorial
17.85,24.6,30.09,21.3,84.76,16.74,0.73,3.91,0.54,0.64,2019-02-04,Ebolowa,2019,2,35,6,26.310000000000006,30.839999999999996,31.470000000000013,121.36,-1.477611053040212,-0.5150000000000006,25.71,equatorial
16.81,24.62,29.37,21.3,81.88,0.03,0.86,2.55,0.55,0.55,2019-02-05,Ebolowa,2019,2,36,6,23.290000000000006,30.689999999999998,31.410000000000014,117.36,-1.4993434937484609,-0.49299999999999855,25.71,equatorial
17.83,25.55,31.26,21.26,75.97,0.0,0.85,3.47,0.54,0.54,2019-02-06,Ebolowa,2019,2,37,6,22.26000000000001,30.5,31.390000000000015,115.97,-1.50581304320843,0.4063333333333361,25.71,equatorial
17.58,25.97,31.83,21.18,75.99,0.0,0.61,3.64,0.54,0.53,2019-02-07,Ebolowa,2019,2,38,6,21.94000000000001,30.119999999999997,31.380000000000013,114.21000000000001,-1.514416848419766,0.7843333333333327,25.97,equatorial
15.81,26.11,32.24,21.59,75.99,0.0,0.72,3.75,0.53,0.53,2019-02-08,Ebolowa,2019,2,39,6,21.490000000000006,29.759999999999998,31.340000000000014,112.09,-1.5250889362221425,0.8806666666666665,26.11,equatorial
14.2,26.34,32.34,21.76,76.3,0.0,0.72,3.36,0.53,0.52,2019-02-09,Ebolowa,2019,2,40,6,20.450000000000006,29.479999999999997,31.320000000000014,110.02000000000001,-1.5354373985587975,1.0586666666666638,26.34,equatorial
19.53,25.63,31.31,21.72,72.89,0.0,0.93,3.18,0.52,0.52,2019-02-10,Ebolowa,2019,2,41,6,16.770000000000007,27.68,31.310000000000013,106.29,-1.5554013238207394,0.3283333333333296,26.34,equatorial
19.09,25.59,32.34,20.08,69.87,0.0,0.77,3.54,0.52,0.51,2019-02-11,Ebolowa,2019,2,42,7,0.030000000000007104,26.34,31.300000000000015,100.83,-1.5853495854686983,0.2873333333333363,26.34,equatorial
15.7,25.91,32.38,21.67,73.93,0.0,0.94,3.07,0.51,0.51,2019-02-12,Ebolowa,2019,2,43,7,0.0,23.29,31.290000000000013,96.92,-1.606198622645963,0.5956666666666663,26.34,equatorial
16.08,25.38,30.59,21.97,74.64,0.0,1.04,2.53,0.51,0.51,2019-02-13,Ebolowa,2019,2,44,7,0.0,22.259999999999998,31.280000000000015,94.33,-1.619317266696077,0.06299999999999883,26.34,equatorial
17.09,25.49,30.48,22.32,76.02,0.0,0.88,2.31,0.51,0.51,2019-02-14,Ebolowa,2019,2,45,7,0.0,21.939999999999998,31.270000000000014,71.39,-1.7503676091850473,0.16766666666666197,26.34,equatorial
15.25,25.88,32.18,21.53,75.23,0.21,0.8,2.89,0.51,0.5,2019-02-15,Ebolowa,2019,2,46,7,0.2100000000000071,21.699999999999996,31.46000000000001,69.0,-1.7618533156186147,0.5559999999999974,26.34,equatorial
13.21,24.91,29.08,21.91,76.19,0.03,0.86,2.01,0.5,0.5,2019-02-16,Ebolowa,2019,2,47,7,0.2400000000000071,20.689999999999998,31.46000000000001,65.03,-1.7824359367147409,-0.3776666666666664,25.91,equatorial
18.26,25.17,32.0,20.03,72.35,0.0,0.78,2.88,0.5,0.5,2019-02-17,Ebolowa,2019,2,48,7,0.2400000000000071,17.009999999999998,31.400000000000013,61.17,-1.8022948381179393,-0.1023333333333305,25.91,equatorial
17.11,25.44,32.16,19.95,73.43,0.05,0.71,2.71,0.5,0.49,2019-02-18,Ebolowa,2019,2,49,8,0.2900000000000071,0.31999999999999645,31.360000000000014,58.5,-1.8151911254075324,0.1653333333333329,25.91,equatorial
18.58,25.37,30.51,21.98,75.55,0.08,0.82,2.24,0.5,0.49,2019-02-19,Ebolowa,2019,2,50,8,0.3700000000000071,0.36999999999999644,31.41000000000001,54.65,-1.8348435592893446,0.09566666666666634,25.88,equatorial
13.79,25.37,31.09,21.39,75.18,0.09,0.87,2.39,0.5,0.49,2019-02-20,Ebolowa,2019,2,51,8,0.46000000000000707,0.45999999999999647,31.330000000000013,53.79,-1.8371585107484338,0.08766666666666723,25.88,equatorial
18.92,24.75,29.13,21.67,78.89,0.19,0.87,1.62,0.5,0.49,2019-02-21,Ebolowa,2019,2,52,8,0.6500000000000071,0.6499999999999964,31.340000000000014,53.44,-1.8365228925267143,-0.5116666666666667,25.88,equatorial
14.95,25.27,30.13,21.9,75.59,0.04,1.12,2.15,0.5,0.49,2019-02-22,Ebolowa,2019,2,53,8,0.48000000000000714,0.6899999999999964,31.190000000000012,51.61,-1.8444144912326936,0.0173333333333332,25.44,equatorial
17.81,25.81,31.68,21.44,72.93,0.12,1.0,2.68,0.49,0.49,2019-02-23,Ebolowa,2019,2,54,8,0.5700000000000072,0.8099999999999964,30.930000000000014,47.59,-1.8648735883587473,0.5136666666666656,25.81,equatorial
21.09,25.63,30.79,21.96,74.28,0.05,0.79,2.19,0.49,0.49,2019-02-24,Ebolowa,2019,2,55,8,0.6200000000000071,0.8599999999999964,30.620000000000015,46.53,-1.8682179074145078,0.3016666666666694,25.81,equatorial
15.35,24.4,28.03,22.0,86.14,4.9,0.65,2.36,0.5,0.53,2019-02-25,Ebolowa,2019,2,56,9,5.470000000000008,5.759999999999997,35.240000000000016,51.23,-1.838451507525398,-0.9130000000000003,25.81,equatorial
15.61,23.46,26.65,21.4,91.01,5.48,0.58,2.18,0.51,0.56,2019-02-26,Ebolowa,2019,2,57,9,10.870000000000008,11.239999999999998,38.920000000000016,56.61000000000001,-1.80491111178592,-1.8163333333333327,25.81,equatorial
15.09,24.0,28.96,20.64,79.82,0.7,0.64,2.6,0.51,0.52,2019-02-27,Ebolowa,2019,2,58,9,11.480000000000008,11.939999999999998,38.280000000000015,57.12,-1.7994579519103222,-1.2733333333333299,25.81,equatorial
16.16,23.79,28.35,20.58,81.67,4.1,0.51,2.93,0.51,0.53,2019-02-28,Ebolowa,2019,2,59,9,15.390000000000008,16.04,39.33000000000001,60.94,-1.7750479204931715,-1.4543333333333344,25.81,equatorial
16.23,23.84,29.35,20.69,85.08,5.26,0.57,3.29,0.52,0.56,2019-03-01,Ebolowa,2019,3,60,9,20.610000000000007,21.089999999999996,43.56000000000002,65.76,-1.745007118141355,-1.3543333333333294,25.81,equatorial
13.99,24.97,30.72,20.92,80.7,0.12,0.68,2.84,0.52,0.53,2019-03-02,Ebolowa,2019,3,61,9,20.610000000000007,21.18,43.360000000000014,65.83,-1.7422896811499928,-0.22033333333333616,25.63,equatorial
12.39,24.07,27.1,21.86,84.78,0.13,0.8,1.35,0.52,0.52,2019-03-03,Ebolowa,2019,3,62,9,20.69000000000001,21.31,43.04000000000001,65.9,-1.7395830390326246,-1.0656666666666688,24.97,equatorial
13.87,24.58,28.77,21.45,79.9,0.06,0.66,2.27,0.52,0.52,2019-03-04,Ebolowa,2019,3,63,10,15.850000000000007,21.319999999999997,42.06000000000001,65.94999999999999,-1.7370015058026063,-0.5233333333333334,24.97,equatorial
21.71,25.49,30.93,21.12,76.58,0.08,0.65,2.85,0.51,0.51,2019-03-05,Ebolowa,2019,3,64,10,10.450000000000006,21.319999999999997,38.460000000000015,66.02000000000001,-1.7343158495924313,0.3769999999999989,25.49,equatorial
16.49,25.62,30.71,22.05,75.52,0.08,0.69,2.71,0.51,0.51,2019-03-06,Ebolowa,2019,3,65,10,9.830000000000007,21.309999999999995,21.800000000000015,66.07000000000001,-1.7317550058737754,0.47300000000000253,25.62,equatorial
19.98,24.44,28.24,21.51,80.58,0.34,0.73,1.88,0.51,0.51,2019-03-07,Ebolowa,2019,3,66,10,6.070000000000007,21.459999999999997,22.110000000000014,64.64999999999999,-1.737595410363271,-0.7010000000000005,25.62,equatorial
20.92,25.04,30.77,20.71,77.11,0.83,0.73,3.02,0.5,0.5,2019-03-08,Ebolowa,2019,3,67,10,1.6400000000000072,22.249999999999996,22.940000000000012,65.15,-1.732460132848152,-0.08400000000000318,25.62,equatorial
16.85,24.57,29.96,21.4,85.73,6.08,0.57,3.27,0.51,0.54,2019-03-09,Ebolowa,2019,3,68,10,7.600000000000007,28.209999999999997,29.020000000000014,70.83,-1.6978127869273845,-0.5073333333333352,25.62,equatorial
17.84,24.95,30.13,21.79,84.01,5.2,0.66,3.44,0.52,0.57,2019-03-10,Ebolowa,2019,3,69,10,12.670000000000007,33.36,34.22000000000001,75.66999999999999,-1.6680809502704204,-0.0886666666666649,25.62,equatorial
16.74,24.33,28.28,21.83,88.07,2.7,0.71,2.17,0.52,0.54,2019-03-11,Ebolowa,2019,3,70,11,15.310000000000006,31.159999999999997,36.920000000000016,78.27,-1.6512141874476227,-0.6416666666666693,25.62,equatorial
16.75,25.05,30.05,21.49,82.13,0.78,0.57,2.92,0.52,0.53,2019-03-12,Ebolowa,2019,3,71,11,16.010000000000005,26.459999999999994,37.70000000000001,78.92,-1.6455076322174538,0.09766666666666879,25.62,equatorial
20.73,26.03,32.0,21.31,77.29,0.47,0.6,3.52,0.52,0.52,2019-03-13,Ebolowa,2019,3,72,11,16.400000000000006,26.229999999999997,38.170000000000016,79.17999999999999,-1.642040222415378,1.0630000000000024,26.03,equatorial
15.86,25.82,30.68,22.34,79.3,0.54,0.57,2.6,0.51,0.51,2019-03-14,Ebolowa,2019,3,73,11,16.60000000000001,22.669999999999995,38.710000000000015,79.63,-1.6375047957460633,0.8560000000000016,26.03,equatorial
22.78,25.37,30.04,21.85,81.63,1.25,0.61,2.56,0.51,0.52,2019-03-15,Ebolowa,2019,3,74,11,17.020000000000007,18.659999999999997,39.960000000000015,80.7,-1.6294617718456361,0.4063333333333361,26.03,equatorial
14.44,25.53,30.93,22.07,80.98,1.23,0.55,3.03,0.51,0.52,2019-03-16,Ebolowa,2019,3,75,11,12.170000000000009,19.769999999999996,41.19000000000001,81.60000000000001,-1.6224123423519348,0.5650000000000048,26.03,equatorial
18.91,26.0,31.69,21.46,77.15,0.41,0.66,3.15,0.5,0.5,2019-03-17,Ebolowa,2019,3,76,11,7.380000000000007,20.049999999999997,41.390000000000015,81.76,-1.6195885158491559,1.0310000000000024,26.03,equatorial
19.62,26.14,31.73,21.81,76.82,0.98,0.57,3.45,0.5,0.5,2019-03-18,Ebolowa,2019,3,77,12,5.660000000000007,20.97,42.34000000000001,82.65,-1.6126321728430535,1.1300000000000026,26.14,equatorial
19.53,26.38,32.27,22.42,76.71,0.66,0.63,3.17,0.5,0.5,2019-03-19,Ebolowa,2019,3,78,12,5.540000000000007,21.549999999999997,43.000000000000014,83.11,-1.608138337179857,1.3296666666666646,26.38,equatorial
17.62,26.08,31.66,22.31,77.79,1.07,0.65,2.88,0.49,0.5,2019-03-20,Ebolowa,2019,3,79,12,6.140000000000008,22.54,44.02000000000002,84.06,-1.6008820908535824,1.0083333333333329,26.38,equatorial
18.54,26.51,32.63,21.94,75.21,0.97,0.68,3.34,0.49,0.49,2019-03-21,Ebolowa,2019,3,80,12,6.570000000000007,23.169999999999998,44.91000000000002,84.92,-1.594160120828242,1.4003333333333359,26.51,equatorial
12.92,24.45,28.46,22.22,88.0,8.29,0.57,2.38,0.5,0.55,2019-03-22,Ebolowa,2019,3,81,12,13.610000000000007,30.629999999999995,53.110000000000014,93.18,-1.5455487175129716,-0.6290000000000013,26.51,equatorial
19.85,24.62,29.34,21.61,86.68,4.6,0.83,3.26,0.51,0.55,2019-03-23,Ebolowa,2019,3,82,12,16.980000000000004,29.15,57.52000000000001,97.72999999999999,-1.5180915308939358,-0.45466666666666455,26.51,equatorial
8.56,23.54,26.59,21.74,92.48,6.93,0.68,2.78,0.52,0.57,2019-03-24,Ebolowa,2019,3,83,12,23.500000000000007,30.879999999999995,64.41000000000001,104.65,-1.477300921180477,-1.4770000000000003,26.51,equatorial
19.97,23.8,28.68,20.89,85.52,1.13,0.63,3.38,0.52,0.54,2019-03-25,Ebolowa,2019,3,84,13,23.650000000000006,29.309999999999995,65.42000000000002,105.75999999999999,-1.4694998002596704,-1.1499999999999986,26.51,equatorial
22.25,24.31,29.45,20.56,82.3,0.82,0.58,3.1,0.52,0.53,2019-03-26,Ebolowa,2019,3,85,13,23.810000000000006,29.349999999999998,66.19000000000001,106.52000000000001,-1.4637005001360388,-0.5960000000000036,26.51,equatorial
19.66,25.05,29.74,21.22,82.22,1.3,0.52,2.87,0.51,0.52,2019-03-27,Ebolowa,2019,3,86,13,24.040000000000006,30.179999999999993,62.59000000000002,107.04,-1.4592746556201088,0.12233333333333718,26.51,equatorial
15.06,24.54,27.9,21.71,88.15,6.64,0.63,2.32,0.52,0.57,2019-03-28,Ebolowa,2019,3,87,13,29.710000000000004,36.279999999999994,63.75000000000001,113.24000000000001,-1.4227551648338237,-0.4236666666666693,25.05,equatorial
20.28,25.45,30.45,21.26,80.84,3.79,0.75,4.64,0.53,0.56,2019-03-29,Ebolowa,2019,3,88,13,25.210000000000008,38.81999999999999,66.84000000000002,116.27,-1.404244458575133,0.43799999999999883,25.45,equatorial
18.21,25.4,30.73,21.64,83.43,5.27,0.62,4.35,0.53,0.56,2019-03-30,Ebolowa,2019,3,89,13,25.880000000000003,42.86,68.01000000000002,120.84,-1.3770802395897697,0.33433333333333337,25.45,equatorial
18.19,24.64,28.24,22.18,90.36,9.87,0.58,3.26,0.53,0.6,2019-03-31,Ebolowa,2019,3,90,13,28.820000000000004,52.31999999999999,72.62000000000002,130.53,-1.3210600760237594,-0.4523333333333319,25.45,equatorial
21.51,24.87,28.66,21.84,88.04,4.27,0.56,3.4,0.54,0.59,2019-04-01,Ebolowa,2019,4,91,14,31.960000000000004,55.61,76.77000000000001,133.92000000000002,-1.3007462083457397,-0.21899999999999764,25.45,equatorial
15.15,25.17,29.18,22.78,86.47,5.06,0.65,3.66,0.54,0.59,2019-04-02,Ebolowa,2019,4,92,14,36.2,60.00999999999999,81.70000000000002,138.34,-1.2746601534637756,0.044333333333334224,25.45,equatorial
24.27,25.8,31.01,21.75,80.97,1.7,0.66,5.09,0.54,0.56,2019-04-03,Ebolowa,2019,4,93,14,36.60000000000001,60.63999999999999,83.34,138.95,-1.2701401433194242,0.6336666666666666,25.8,equatorial
18.92,25.9,30.45,22.32,80.58,3.25,0.71,4.78,0.54,0.55,2019-04-04,Ebolowa,2019,4,94,14,33.21000000000001,62.919999999999995,86.51000000000002,141.22,-1.2562592458615112,0.7199999999999989,25.9,equatorial
17.75,24.71,29.44,22.04,88.05,8.37,0.56,4.42,0.54,0.59,2019-04-05,Ebolowa,2019,4,95,14,37.790000000000006,62.99999999999999,94.80000000000001,148.07,-1.2165554387103503,-0.43966666666666754,25.9,equatorial
19.54,25.24,30.28,21.71,83.33,2.35,0.67,5.16,0.54,0.57,2019-04-06,Ebolowa,2019,4,96,14,34.870000000000005,60.74999999999999,96.81000000000002,150.32999999999998,-1.2028319992770768,0.06366666666666632,25.9,equatorial
11.3,24.64,29.09,21.48,81.94,0.71,0.82,4.01,0.53,0.54,2019-04-07,Ebolowa,2019,4,97,14,25.710000000000004,54.529999999999994,96.69000000000001,151.02,-1.1979941361850812,-0.5229999999999997,25.9,equatorial
22.19,24.4,28.51,21.5,81.35,0.37,0.67,3.14,0.53,0.53,2019-04-08,Ebolowa,2019,4,98,15,21.810000000000006,53.769999999999996,90.98000000000002,151.38,-1.1950276226222658,-0.7573333333333316,25.9,equatorial
23.08,25.59,30.91,21.44,78.76,0.79,0.72,4.67,0.52,0.53,2019-04-09,Ebolowa,2019,4,99,15,17.540000000000006,53.739999999999995,86.57000000000001,152.13,-1.1898667500164257,0.41133333333333155,25.9,equatorial
19.15,24.84,29.46,21.88,82.62,1.52,0.69,3.53,0.51,0.52,2019-04-10,Ebolowa,2019,4,100,15,17.360000000000007,53.959999999999994,85.39000000000001,153.63,-1.1804849073493142,-0.3556666666666679,25.9,equatorial
7.36,24.66,29.84,21.44,80.63,1.27,0.54,4.03,0.51,0.52,2019-04-11,Ebolowa,2019,4,101,15,15.380000000000006,48.58999999999999,85.88000000000001,154.89,-1.1724738930134186,-0.522666666666666,25.59,equatorial
24.39,25.57,31.31,21.11,77.96,0.61,0.5,4.26,0.51,0.51,2019-04-12,Ebolowa,2019,4,102,15,7.620000000000007,45.40999999999999,86.02000000000001,155.49,-1.1681996785238387,0.40266666666666495,25.59,equatorial
18.54,24.43,28.4,22.14,87.05,8.8,0.61,2.98,0.5,0.55,2019-04-13,Ebolowa,2019,4,103,15,14.070000000000007,48.94,94.28000000000002,164.28,-1.117745675594352,-0.690999999999999,25.59,equatorial
15.53,23.68,28.27,20.98,85.44,5.24,0.54,3.58,0.52,0.58,2019-04-14,Ebolowa,2019,4,104,15,18.60000000000001,44.309999999999995,98.27000000000001,169.51,-1.0874478782758359,-1.3846666666666643,25.59,equatorial
19.89,24.79,29.92,20.47,80.6,2.36,0.5,5.39,0.52,0.54,2019-04-15,Ebolowa,2019,4,105,16,20.590000000000007,42.4,99.40000000000002,171.86,-1.0734375684480557,-0.25000000000000355,25.59,equatorial
13.87,24.43,28.46,21.57,83.78,2.25,0.7,3.12,0.52,0.53,2019-04-16,Ebolowa,2019,4,106,16,22.050000000000008,39.589999999999996,101.24000000000002,174.09,-1.060124844711949,-0.5576666666666661,25.57,equatorial
19.6,25.81,31.5,20.41,78.29,2.31,0.82,4.78,0.51,0.53,2019-04-17,Ebolowa,2019,4,107,16,22.84000000000001,40.2,102.57000000000001,176.36999999999998,-1.0465494994472864,0.8333333333333286,25.81,equatorial
13.19,23.87,26.9,21.89,92.22,5.46,0.56,3.06,0.52,0.56,2019-04-18,Ebolowa,2019,4,108,16,27.03000000000001,42.41,107.37000000000002,181.76999999999998,-1.0153982422445775,-1.0230000000000032,25.81,equatorial
21.79,25.32,30.4,21.26,82.21,1.82,0.63,4.0,0.52,0.53,2019-04-19,Ebolowa,2019,4,109,16,28.240000000000006,35.85999999999999,108.12,183.5,-1.0049852192313538,0.4523333333333355,25.81,equatorial
20.97,24.78,28.49,22.07,85.49,3.33,0.61,3.39,0.51,0.54,2019-04-20,Ebolowa,2019,4,110,16,22.770000000000007,36.84,110.48,186.8,-0.9857314677437882,-0.029999999999997584,25.81,equatorial
18.33,24.9,28.89,21.81,81.89,0.17,0.51,2.91,0.51,0.52,2019-04-21,Ebolowa,2019,4,111,16,17.700000000000006,36.3,102.36000000000001,186.79999999999998,-0.9851134893545899,0.07499999999999929,25.81,equatorial
17.3,25.9,31.47,21.54,77.64,0.01,0.58,3.76,0.51,0.51,2019-04-22,Ebolowa,2019,4,112,17,15.350000000000009,35.94,97.77000000000001,186.63,-0.9854554601904495,1.0323333333333338,25.9,equatorial
18.14,26.21,31.23,22.2,76.01,0.01,0.5,3.32,0.5,0.5,2019-04-23,Ebolowa,2019,4,113,17,13.110000000000008,35.16,90.85000000000002,186.45,-0.9858538065044932,1.2533333333333339,26.21,equatorial
18.83,26.5,31.21,22.49,76.13,0.01,0.56,3.19,0.49,0.49,2019-04-24,Ebolowa,2019,4,114,17,10.810000000000008,33.65,89.73,186.07999999999998,-0.9873236622684943,1.4533333333333296,26.5,equatorial
15.2,26.72,32.58,22.38,74.03,0.01,0.62,3.11,0.49,0.49,2019-04-25,Ebolowa,2019,4,115,17,5.360000000000007,32.39,88.92000000000002,185.73000000000002,-0.9886792934159652,1.593,26.72,equatorial
16.69,24.72,29.19,22.21,77.39,0.12,0.8,1.87,0.49,0.48,2019-04-26,Ebolowa,2019,4,116,17,3.6600000000000072,31.9,87.74000000000002,185.57000000000002,-0.9889620232489854,-0.3960000000000008,26.72,equatorial
18.78,26.37,32.7,20.72,73.66,0.08,0.6,3.16,0.48,0.48,2019-04-27,Ebolowa,2019,4,117,17,0.41000000000000714,23.179999999999996,81.18000000000002,183.85,-0.9980433276271286,1.1930000000000014,26.72,equatorial
18.06,25.6,28.97,23.08,82.52,0.76,0.47,1.92,0.48,0.48,2019-04-28,Ebolowa,2019,4,118,17,1.000000000000007,18.7,78.15,183.26999999999998,-1.0006839095291529,0.41799999999999926,26.72,equatorial
10.86,25.71,29.88,22.56,81.38,0.07,0.55,1.58,0.48,0.48,2019-04-29,Ebolowa,2019,4,119,18,1.0600000000000072,16.409999999999997,72.95000000000002,180.29000000000002,-1.0168573361414481,0.5176666666666669,26.72,equatorial
19.66,25.56,30.02,22.28,77.85,0.07,0.6,1.83,0.48,0.48,2019-04-30,Ebolowa,2019,4,120,18,1.1200000000000072,14.229999999999997,63.15000000000002,179.33,-1.0216176121705383,0.3369999999999962,26.72,equatorial
16.85,26.08,30.91,21.95,75.24,0.69,0.57,2.54,0.48,0.47,2019-05-01,Ebolowa,2019,5,121,18,1.800000000000007,12.609999999999996,59.570000000000014,179.7,-1.0188712577385948,0.8166666666666629,26.72,equatorial
18.6,27.34,32.72,22.04,69.11,0.29,0.48,3.43,0.47,0.47,2019-05-02,Ebolowa,2019,5,122,18,2.080000000000007,7.439999999999997,54.80000000000002,179.54,-1.0191179153584577,2.004333333333335,27.34,equatorial
15.51,27.33,33.36,22.79,70.45,0.46,0.6,2.82,0.47,0.46,2019-05-03,Ebolowa,2019,5,123,18,2.420000000000007,6.0799999999999965,53.56000000000002,178.96,-1.0217332627987952,1.9433333333333316,27.34,equatorial
18.93,26.41,31.44,23.02,76.74,1.14,0.49,2.15,0.47,0.46,2019-05-04,Ebolowa,2019,5,124,18,3.480000000000007,3.889999999999996,51.45000000000002,176.42,-1.0353987160097597,1.006333333333334,27.34,equatorial
21.95,25.62,29.7,22.69,80.57,1.57,0.68,1.83,0.47,0.47,2019-05-05,Ebolowa,2019,5,125,18,4.290000000000007,5.2899999999999965,44.65000000000002,161.25,-1.1202616518174726,0.18599999999999994,27.34,equatorial
16.53,26.54,32.87,22.38,76.22,1.21,0.59,2.84,0.47,0.47,2019-05-06,Ebolowa,2019,5,126,19,5.430000000000008,6.489999999999997,43.51000000000002,162.42999999999998,-1.1128134418828497,1.0626666666666686,27.34,equatorial
21.2,26.35,31.39,22.85,75.26,0.72,0.45,2.11,0.47,0.47,2019-05-07,Ebolowa,2019,5,127,19,6.080000000000007,7.199999999999996,43.52000000000002,163.14999999999998,-1.107970479556403,0.8156666666666688,27.34,equatorial
19.81,27.0,33.35,22.04,71.02,0.81,0.49,3.12,0.47,0.46,2019-05-08,Ebolowa,2019,5,128,19,6.200000000000006,7.9999999999999964,43.960000000000015,163.95999999999998,-1.1026280718184243,1.3790000000000013,27.34,equatorial
18.54,26.3,31.26,22.7,76.59,0.14,0.63,1.6,0.47,0.46,2019-05-09,Ebolowa,2019,5,129,19,6.050000000000007,8.129999999999997,43.31000000000002,164.1,-1.101070897279369,0.6553333333333313,27.33,equatorial
16.24,24.21,26.53,22.64,92.16,5.0,0.48,2.09,0.47,0.49,2019-05-10,Ebolowa,2019,5,130,19,10.590000000000007,13.009999999999998,46.79000000000001,169.1,-1.0721227367478505,-1.4136666666666642,27.0,equatorial
15.88,24.06,27.35,22.04,90.95,2.23,0.48,2.09,0.48,0.5,2019-05-11,Ebolowa,2019,5,131,19,11.680000000000007,15.159999999999997,47.750000000000014,171.32999999999998,-1.058829693011827,-1.5436666666666667,27.0,equatorial
19.32,24.99,28.84,21.7,80.67,0.44,0.47,2.07,0.48,0.48,2019-05-12,Ebolowa,2019,5,132,19,10.550000000000008,14.839999999999996,47.58000000000001,171.76999999999998,-1.0556449661955984,-0.5943333333333349,27.0,equatorial
14.87,24.11,27.3,22.12,84.88,1.3,0.46,1.6,0.48,0.48,2019-05-13,Ebolowa,2019,5,133,20,10.640000000000008,16.069999999999997,40.08000000000002,173.07,-1.0476178666047988,-1.4636666666666684,27.0,equatorial
15.02,24.51,28.95,21.85,83.77,0.33,0.48,1.41,0.48,0.48,2019-05-14,Ebolowa,2019,5,134,20,10.250000000000009,16.33,35.170000000000016,173.39999999999998,-1.0450693157644368,-1.0913333333333348,27.0,equatorial
17.93,25.8,31.52,21.42,72.36,0.41,0.56,3.17,0.48,0.47,2019-05-15,Ebolowa,2019,5,135,20,9.850000000000009,16.049999999999997,33.22000000000001,173.81,-1.0420737725996954,0.1650000000000027,26.3,equatorial
12.28,24.24,27.55,22.54,88.68,2.77,0.41,1.62,0.48,0.49,2019-05-16,Ebolowa,2019,5,136,20,12.480000000000008,18.529999999999998,33.740000000000016,176.37,-1.0269652437979484,-1.3886666666666692,25.8,equatorial
17.87,25.29,30.36,21.53,79.37,1.18,0.52,2.66,0.48,0.48,2019-05-17,Ebolowa,2019,5,137,20,8.660000000000007,19.249999999999996,32.610000000000014,177.52,-1.0198237859771726,-0.3213333333333317,25.8,equatorial
16.29,24.82,29.24,22.24,83.01,3.66,0.55,3.05,0.48,0.49,2019-05-18,Ebolowa,2019,5,138,20,10.090000000000007,21.769999999999996,30.810000000000016,181.18,-0.998545202333272,-0.8229999999999968,25.8,equatorial
18.58,23.73,27.12,21.58,88.97,6.94,0.52,2.44,0.49,0.56,2019-05-19,Ebolowa,2019,5,139,20,16.590000000000007,27.139999999999993,35.930000000000014,188.07,-0.9590870251116874,-1.8599999999999994,25.8,equatorial
19.22,25.32,30.81,21.09,79.71,1.11,0.61,3.2,0.49,0.5,2019-05-20,Ebolowa,2019,5,140,21,16.400000000000006,27.04,33.710000000000015,189.1,-0.9527062093194385,-0.28800000000000026,25.8,equatorial
16.99,25.37,30.54,22.17,80.27,0.21,0.69,2.35,0.49,0.49,2019-05-21,Ebolowa,2019,5,141,21,16.28000000000001,26.529999999999994,33.750000000000014,189.22,-0.9514626965301495,-0.25366666666666404,25.8,equatorial
19.26,25.78,31.38,21.37,74.33,0.1,0.62,2.96,0.48,0.48,2019-05-22,Ebolowa,2019,5,142,21,15.97000000000001,25.819999999999997,33.84000000000002,189.13,-0.9514047738848539,0.16033333333333388,25.78,equatorial
15.42,25.73,30.28,22.64,75.63,0.07,0.56,2.27,0.48,0.47,2019-05-23,Ebolowa,2019,5,143,21,13.270000000000007,25.749999999999996,33.90000000000001,189.16,-0.950670799316814,0.12633333333333852,25.78,equatorial
17.5,26.44,32.48,22.3,73.86,0.04,0.43,2.71,0.47,0.47,2019-05-24,Ebolowa,2019,5,144,21,12.130000000000008,20.789999999999996,33.930000000000014,189.07999999999998,-0.9505581524800754,0.8383333333333347,26.44,equatorial
18.7,25.91,31.38,22.54,77.94,0.14,0.42,1.62,0.47,0.46,2019-05-25,Ebolowa,2019,5,145,21,8.610000000000008,18.699999999999996,34.06000000000002,189.17000000000002,-0.9494875839823517,0.3353333333333346,26.44,equatorial
14.9,24.07,26.37,22.38,85.3,0.81,0.59,1.09,0.47,0.47,2019-05-26,Ebolowa,2019,5,146,21,2.4800000000000075,19.069999999999997,34.750000000000014,185.08,-0.9719846587288045,-1.4830000000000005,26.44,equatorial
13.63,23.32,26.63,21.76,88.72,3.02,0.43,2.22,0.47,0.49,2019-05-27,Ebolowa,2019,5,147,22,4.390000000000007,20.79,37.69000000000001,182.62,-0.985265886900267,-2.1313333333333304,26.44,equatorial
16.78,24.85,30.55,21.06,79.83,0.83,0.59,2.6,0.47,0.48,2019-05-28,Ebolowa,2019,5,148,22,5.010000000000007,21.289999999999996,37.76000000000001,182.75,-0.9839297766761894,-0.5763333333333307,26.44,equatorial
15.8,22.5,23.91,21.41,96.13,5.79,0.64,2.15,0.48,0.53,2019-05-29,Ebolowa,2019,5,149,22,10.700000000000006,26.669999999999995,43.48000000000002,184.44,-0.9738006109318662,-2.8193333333333293,26.44,equatorial
16.37,24.52,30.01,20.98,80.37,1.01,0.62,2.93,0.48,0.49,2019-05-30,Ebolowa,2019,5,150,22,11.640000000000008,24.909999999999997,44.420000000000016,180.19,-0.9971728902267347,-0.7646666666666668,26.44,equatorial
16.84,24.15,28.09,21.48,80.58,0.13,0.61,1.99,0.48,0.48,2019-05-31,Ebolowa,2019,5,151,22,11.730000000000006,23.859999999999996,43.86000000000002,180.20000000000002,-0.9964998561379939,-1.0703333333333305,25.91,equatorial
15.62,25.07,30.92,20.83,77.88,0.05,0.68,2.31,0.48,0.47,2019-06-01,Ebolowa,2019,6,152,22,11.640000000000008,20.249999999999996,43.62000000000002,180.12,-0.9963354347418812,-0.0746666666666691,25.07,equatorial
16.44,24.12,27.1,21.85,78.53,0.12,0.86,1.62,0.47,0.47,2019-06-02,Ebolowa,2019,6,153,22,10.950000000000006,13.429999999999996,43.280000000000015,180.18,-0.9953823060761136,-0.9176666666666655,25.07,equatorial
17.64,23.77,26.71,21.46,80.36,0.03,0.61,0.98,0.47,0.47,2019-06-03,Ebolowa,2019,6,154,23,7.960000000000007,12.349999999999998,42.170000000000016,180.13,-0.9950508904128104,-1.179666666666666,25.07,equatorial
17.58,25.72,31.6,21.34,74.42,0.03,0.76,2.37,0.47,0.46,2019-06-04,Ebolowa,2019,6,155,23,7.160000000000007,12.169999999999996,40.63000000000002,180.08,-0.9947202623961409,0.7669999999999995,25.72,equatorial
14.21,24.88,30.28,21.62,79.67,1.55,0.81,2.9,0.47,0.46,2019-06-05,Ebolowa,2019,6,156,23,2.920000000000007,13.619999999999997,40.97000000000001,181.29,-0.9872866457548015,-0.01766666666666694,25.72,equatorial
12.85,23.3,27.11,20.45,81.16,0.46,0.89,1.6,0.47,0.46,2019-06-06,Ebolowa,2019,6,157,23,2.370000000000007,14.009999999999996,40.710000000000015,180.92,-0.9887704067353075,-1.4959999999999987,25.72,equatorial
15.58,24.5,30.2,20.51,73.82,0.12,0.75,2.03,0.47,0.46,2019-06-07,Ebolowa,2019,6,158,23,2.3600000000000074,14.089999999999998,40.02000000000002,174.96,-1.0217683122156456,-0.21266666666666723,25.72,equatorial
17.77,25.43,31.71,20.51,70.4,0.06,0.52,2.34,0.46,0.45,2019-06-08,Ebolowa,2019,6,159,23,2.370000000000007,14.009999999999996,39.94000000000001,169.82,-1.0501004444853121,0.7463333333333324,25.72,equatorial
18.5,26.49,33.01,21.07,67.57,0.03,0.52,2.49,0.46,0.45,2019-06-09,Ebolowa,2019,6,160,23,2.2800000000000074,13.229999999999997,34.97000000000001,167.15,-1.0644705067525162,1.7303333333333306,26.49,equatorial
16.5,26.28,31.45,22.08,69.56,0.0,0.56,1.69,0.46,0.44,2019-06-10,Ebolowa,2019,6,161,24,2.250000000000007,10.209999999999997,32.740000000000016,166.37,-1.068167436074997,1.4463333333333352,26.49,equatorial
14.51,24.06,26.62,22.26,78.72,0.0,0.89,0.64,0.46,0.45,2019-06-11,Ebolowa,2019,6,162,24,2.2200000000000073,9.379999999999997,32.30000000000001,165.9,-1.070112263565733,-0.7426666666666648,26.49,equatorial
15.55,23.78,27.35,21.29,79.12,0.0,0.72,0.86,0.46,0.45,2019-06-12,Ebolowa,2019,6,163,24,0.6700000000000071,3.5899999999999967,31.000000000000014,165.36,-1.0724492779829866,-1.0116666666666667,26.49,equatorial
8.47,24.88,30.94,20.71,74.76,0.0,0.73,1.41,0.46,0.45,2019-06-13,Ebolowa,2019,6,164,24,0.2100000000000071,2.5799999999999965,30.670000000000012,164.11,-1.0787848353878715,0.07600000000000051,26.49,equatorial
14.71,24.04,27.99,21.49,74.08,0.0,0.78,0.98,0.46,0.45,2019-06-14,Ebolowa,2019,6,165,24,0.0900000000000071,2.4499999999999966,30.260000000000012,162.88,-1.0849989740866195,-0.7053333333333356,26.49,equatorial
16.26,24.79,30.94,20.82,78.37,5.31,0.6,3.13,0.46,0.5,2019-06-15,Ebolowa,2019,6,166,24,5.340000000000007,7.709999999999996,32.80000000000001,167.78,-1.0566601062116296,0.026333333333333542,26.49,equatorial
8.53,22.55,24.65,21.09,91.38,5.97,0.54,2.2,0.46,0.5,2019-06-16,Ebolowa,2019,6,167,24,11.280000000000006,13.559999999999995,37.59000000000001,172.77,-1.0278525533088432,-2.1223333333333336,26.28,equatorial
11.85,24.25,30.07,20.22,81.66,2.22,0.48,3.11,0.47,0.51,2019-06-17,Ebolowa,2019,6,168,25,13.500000000000007,15.749999999999996,36.15000000000002,174.33,-1.0184124896441202,-0.40333333333333243,24.88,equatorial
14.18,24.82,29.34,21.78,80.39,1.14,0.63,2.34,0.47,0.48,2019-06-18,Ebolowa,2019,6,169,25,14.640000000000006,16.859999999999996,30.350000000000012,174.39999999999998,-1.0173817967520284,0.1303333333333363,24.88,equatorial
15.27,24.85,29.86,21.54,80.68,1.89,0.66,2.62,0.47,0.48,2019-06-19,Ebolowa,2019,6,170,25,16.53000000000001,17.199999999999996,31.130000000000013,175.32,-1.011562587090092,0.17600000000000193,24.88,equatorial
10.36,22.65,25.12,21.16,84.34,0.14,0.86,0.96,0.47,0.48,2019-06-20,Ebolowa,2019,6,171,25,16.670000000000005,16.879999999999995,31.060000000000016,167.17,-1.0568633435188146,-1.9333333333333336,24.85,equatorial
11.57,23.99,29.45,20.4,77.41,0.0,0.84,1.68,0.47,0.47,2019-06-21,Ebolowa,2019,6,172,25,16.670000000000005,16.759999999999994,30.960000000000015,162.57,-1.082098174419054,-0.5336666666666652,24.85,equatorial
13.95,24.77,30.02,20.8,75.17,0.0,0.89,2.07,0.47,0.46,2019-06-22,Ebolowa,2019,6,173,25,11.360000000000008,16.699999999999996,30.890000000000015,155.64,-1.1204235876798962,0.27833333333333243,24.85,equatorial
13.31,24.67,30.27,20.94,75.95,0.0,0.88,1.84,0.46,0.46,2019-06-23,Ebolowa,2019,6,174,25,5.390000000000007,16.669999999999995,30.850000000000016,154.51,-1.1260167995059958,0.23733333333333562,24.85,equatorial
16.03,23.4,27.99,20.64,74.17,0.0,1.07,1.46,0.46,0.46,2019-06-24,Ebolowa,2019,6,175,26,3.170000000000007,16.669999999999995,30.710000000000015,153.69,-1.1298555442926932,-0.9490000000000016,24.85,equatorial
17.7,23.67,29.27,19.48,75.24,0.79,0.97,2.2,0.46,0.46,2019-06-25,Ebolowa,2019,6,176,26,2.8200000000000074,17.459999999999994,30.690000000000015,153.18,-1.1319426778598858,-0.6656666666666631,24.85,equatorial
15.52,23.8,29.65,19.98,76.58,0.92,1.09,2.24,0.46,0.45,2019-06-26,Ebolowa,2019,6,177,26,1.8500000000000072,18.379999999999995,28.590000000000014,147.46,-1.1633678550841928,-0.5516666666666694,24.77,equatorial
13.71,23.99,29.81,19.51,74.86,0.4,0.75,2.03,0.46,0.45,2019-06-27,Ebolowa,2019,6,178,26,2.110000000000007,18.779999999999994,28.160000000000014,144.07,-1.1816212321298223,-0.33300000000000196,24.77,equatorial
14.48,25.11,31.66,20.06,71.37,0.52,0.62,2.22,0.46,0.44,2019-06-28,Ebolowa,2019,6,179,26,2.630000000000007,19.299999999999994,22.890000000000015,139.32,-1.2074999647997007,0.6999999999999993,25.11,equatorial
12.96,25.21,30.98,20.88,75.51,1.91,0.58,1.98,0.45,0.45,2019-06-29,Ebolowa,2019,6,180,26,4.540000000000007,15.899999999999997,23.790000000000013,131.36,-1.2513996253483324,0.777000000000001,25.21,equatorial
12.29,24.09,29.42,21.23,83.87,5.23,0.86,2.68,0.46,0.51,2019-06-30,Ebolowa,2019,6,181,26,9.770000000000007,15.159999999999997,28.890000000000015,132.32,-1.2450199466872738,-0.3409999999999975,25.21,equatorial
14.12,23.95,28.21,21.11,77.28,0.49,0.64,1.76,0.46,0.47,2019-07-01,Ebolowa,2019,7,182,27,10.260000000000007,13.429999999999998,29.330000000000013,127.75,-1.2697665234742859,-0.4436666666666653,25.21,equatorial
13.72,25.43,31.97,20.48,74.45,0.51,0.76,2.69,0.46,0.46,2019-07-02,Ebolowa,2019,7,183,27,9.980000000000008,12.799999999999997,29.720000000000013,126.56,-1.2754520027787422,0.9926666666666648,25.43,equatorial
17.19,24.61,29.13,20.97,79.13,2.31,0.53,2.52,0.46,0.47,2019-07-03,Ebolowa,2019,7,184,27,11.370000000000006,13.219999999999997,32.000000000000014,125.62,-1.2797206394257414,0.14466666666666583,25.43,equatorial
14.19,23.76,26.5,21.85,83.16,0.63,0.59,0.92,0.46,0.47,2019-07-04,Ebolowa,2019,7,185,27,11.600000000000009,13.709999999999997,32.600000000000016,117.88,-1.3222143581834247,-0.639999999999997,25.43,equatorial
14.2,23.2,26.91,20.99,82.07,0.03,0.65,0.91,0.46,0.46,2019-07-05,Ebolowa,2019,7,186,27,11.110000000000007,13.739999999999998,31.080000000000013,115.56,-1.3341522715132623,-1.1439999999999984,25.43,equatorial
15.19,25.41,32.07,20.9,75.5,0.0,0.87,2.02,0.46,0.45,2019-07-06,Ebolowa,2019,7,187,27,9.200000000000006,13.739999999999998,30.62000000000001,114.85000000000001,-1.3370173885597032,0.9956666666666649,25.43,equatorial
9.94,22.5,24.28,20.99,81.45,0.0,0.61,0.59,0.46,0.45,2019-07-07,Ebolowa,2019,7,188,27,3.9700000000000073,13.739999999999998,30.500000000000014,114.48,-1.3379665423565748,-1.8476666666666688,25.43,equatorial
11.06,23.35,28.29,20.1,73.38,0.0,0.39,1.32,0.46,0.45,2019-07-08,Ebolowa,2019,7,189,28,3.4800000000000075,13.739999999999998,30.440000000000012,113.69,-1.3412730796455672,-0.928333333333331,25.43,equatorial
15.02,24.21,30.27,20.23,74.04,0.0,0.87,1.54,0.46,0.45,2019-07-09,Ebolowa,2019,7,190,28,2.9700000000000073,12.949999999999998,30.410000000000014,112.17,-1.348671970715775,0.007666666666668931,25.41,equatorial
8.32,23.74,29.84,20.19,79.65,4.16,0.81,2.65,0.45,0.46,2019-07-10,Ebolowa,2019,7,191,28,4.820000000000007,16.189999999999998,34.570000000000014,115.06,-1.3312974158598845,-0.3776666666666664,25.41,equatorial
14.5,21.28,24.32,19.35,93.3,11.48,0.76,2.34,0.48,0.58,2019-07-11,Ebolowa,2019,7,192,28,15.670000000000009,27.269999999999996,46.05000000000001,125.93,-1.2691657865540231,-2.7449999999999974,25.41,equatorial
11.28,22.07,25.38,19.42,83.55,1.05,0.72,2.1,0.48,0.5,2019-07-12,Ebolowa,2019,7,193,28,16.69000000000001,27.799999999999997,47.100000000000016,118.17999999999999,-1.3116600532367586,-1.8979999999999997,25.41,equatorial
15.62,23.61,29.54,19.44,78.73,2.33,0.62,3.42,0.48,0.49,2019-07-13,Ebolowa,2019,7,194,28,19.02000000000001,28.22,49.430000000000014,115.27,-1.3269097139465953,-0.3156666666666652,24.21,equatorial
9.17,22.93,27.44,20.17,89.65,15.68,0.6,3.25,0.49,0.57,2019-07-14,Ebolowa,2019,7,195,28,34.70000000000001,38.67,65.11000000000001,128.59,-1.2510812308099533,-0.9586666666666659,24.21,equatorial
14.82,22.83,26.16,20.76,88.72,2.77,0.68,2.57,0.51,0.55,2019-07-15,Ebolowa,2019,7,196,29,37.47000000000001,40.949999999999996,62.570000000000014,129.11,-1.247196355880863,-0.9933333333333358,24.21,equatorial
16.71,23.85,29.12,20.15,83.97,2.27,0.61,3.59,0.51,0.53,2019-07-16,Ebolowa,2019,7,197,29,39.74000000000001,42.71,58.87000000000001,129.07,-1.2464599399228529,-0.01666666666666572,23.85,equatorial
15.61,23.45,27.28,21.11,87.98,2.78,0.67,2.18,0.5,0.52,2019-07-17,Ebolowa,2019,7,198,29,38.36000000000001,43.17999999999999,59.430000000000014,126.39,-1.260529036634078,-0.389999999999997,23.85,equatorial
15.5,22.88,26.53,20.59,89.61,3.32,0.54,2.38,0.51,0.53,2019-07-18,Ebolowa,2019,7,199,29,30.20000000000001,45.87,61.610000000000014,127.89,-1.2511368290524743,-0.8953333333333333,23.85,equatorial
14.49,21.46,24.49,19.97,93.26,4.03,0.83,2.06,0.51,0.55,2019-07-19,Ebolowa,2019,7,200,29,33.18000000000001,49.87,63.750000000000014,128.59,-1.2462471642781707,-2.202333333333332,23.85,equatorial
15.1,22.47,27.65,19.5,85.86,3.86,0.78,4.16,0.51,0.54,2019-07-20,Ebolowa,2019,7,201,29,34.71000000000001,53.73,67.47000000000001,132.28,-1.2246085410641083,-1.1863333333333372,23.85,equatorial
15.05,22.63,27.09,19.68,85.9,5.45,0.85,3.66,0.51,0.54,2019-07-21,Ebolowa,2019,7,202,29,24.48000000000001,59.18,72.92000000000002,137.72,-1.1932011049265672,-0.9810000000000016,23.85,equatorial
15.47,22.56,27.25,19.94,88.02,5.45,0.8,3.94,0.52,0.57,2019-07-22,Ebolowa,2019,7,203,30,27.16000000000001,64.63,78.37000000000002,143.16,-1.1618468078725153,-0.977333333333334,23.85,equatorial
17.12,23.79,29.13,19.54,80.05,0.66,0.76,4.14,0.51,0.52,2019-07-23,Ebolowa,2019,7,204,30,25.55000000000001,65.29,79.03000000000002,143.81,-1.157384884277026,0.28200000000000003,23.79,equatorial
15.44,23.5,27.62,20.79,85.18,2.31,0.75,3.08,0.51,0.52,2019-07-24,Ebolowa,2019,7,205,30,25.080000000000013,63.44,81.34000000000002,146.10999999999999,-1.1436853058592116,-0.011333333333332973,23.79,equatorial
18.73,23.7,28.97,20.49,87.48,51.48,0.76,4.83,0.52,0.66,2019-07-25,Ebolowa,2019,7,206,30,73.24000000000001,103.44,132.03000000000003,197.46999999999997,-0.8550604480281087,0.1876666666666651,23.79,equatorial
13.88,22.42,26.18,20.14,92.75,22.75,0.8,4.27,0.64,0.73,2019-07-26,Ebolowa,2019,7,207,30,91.96000000000001,125.14,153.86,220.14,-0.7275153210015738,-1.0463333333333331,23.79,equatorial
14.42,22.02,25.37,20.04,91.45,3.15,0.95,4.25,0.63,0.65,2019-07-27,Ebolowa,2019,7,208,30,91.25000000000001,125.96000000000001,156.61,222.53,-0.7137791396185288,-1.3806666666666665,23.79,equatorial
13.27,21.7,25.81,19.29,88.82,1.38,0.97,4.64,0.62,0.63,2019-07-28,Ebolowa,2019,7,209,30,87.18,111.66,157.47,223.83999999999997,-0.7061090616835178,-1.5869999999999997,23.79,equatorial
14.84,22.37,27.27,18.65,87.65,2.63,0.86,5.95,0.6,0.61,2019-07-29,Ebolowa,2019,7,210,31,84.36,111.52,158.19000000000003,226.4,-0.6914315243390032,-0.8223333333333329,23.79,equatorial
14.11,22.72,27.61,19.06,86.63,1.36,0.8,5.34,0.59,0.6,2019-07-30,Ebolowa,2019,7,211,31,85.06,110.61,154.32,227.07,-0.6873668147932915,-0.42666666666666586,23.7,equatorial
12.77,22.43,26.88,19.35,88.55,4.38,0.73,4.57,0.58,0.6,2019-07-31,Ebolowa,2019,7,212,31,87.13000000000001,112.21000000000001,158.21,231.16,-0.6641125932909073,-0.6660000000000039,23.7,equatorial
10.45,21.35,24.21,19.43,93.39,10.48,0.78,3.11,0.57,0.63,2019-08-01,Ebolowa,2019,8,213,31,46.13000000000001,119.36999999999999,168.18,241.18,-0.6075856318130205,-1.6099999999999959,22.72,equatorial
9.4,21.33,24.54,19.51,91.92,2.95,0.77,3.4,0.59,0.62,2019-08-02,Ebolowa,2019,8,214,31,26.330000000000013,118.28999999999999,168.82,242.99,-0.5971757442471629,-1.520666666666667,22.72,equatorial
14.89,22.48,27.32,18.9,88.79,3.2,0.84,4.67,0.58,0.59,2019-08-03,Ebolowa,2019,8,215,31,26.380000000000017,117.63,171.39,244.61999999999998,-0.5877811800561639,-0.3279999999999994,22.72,equatorial
13.7,22.3,26.81,19.54,91.3,5.51,0.75,4.13,0.57,0.6,2019-08-04,Ebolowa,2019,8,216,31,30.510000000000012,117.69,176.87,248.92000000000002,-0.5633944930585855,-0.477999999999998,22.72,equatorial
13.87,22.83,27.33,19.94,88.47,3.53,0.65,4.75,0.57,0.6,2019-08-05,Ebolowa,2019,8,217,32,31.410000000000014,115.77,180.4,251.73000000000002,-0.5473874799953703,0.13799999999999812,22.83,equatorial
12.09,22.71,27.27,19.81,88.72,3.38,0.73,4.55,0.56,0.58,2019-08-06,Ebolowa,2019,8,218,32,33.430000000000014,118.49,183.78,254.3,-0.5327348010054848,0.010999999999999233,22.83,equatorial
15.14,21.94,25.92,19.79,91.89,5.42,0.82,3.63,0.56,0.59,2019-08-07,Ebolowa,2019,8,219,32,34.47000000000001,121.60000000000001,189.2,259.58,-0.5028559032101839,-0.7119999999999962,22.83,equatorial
13.65,21.74,25.5,19.31,88.33,5.05,0.67,4.43,0.56,0.6,2019-08-08,Ebolowa,2019,8,220,32,29.040000000000013,75.17,194.25,259.63,-0.5023874878667202,-0.8296666666666681,22.83,equatorial
16.85,22.16,26.78,19.42,88.49,5.4,0.94,5.07,0.56,0.59,2019-08-09,Ebolowa,2019,8,221,32,31.490000000000016,57.82,195.49,262.79999999999995,-0.48437568880988896,-0.3569999999999993,22.83,equatorial
15.97,22.46,27.52,18.9,86.49,3.8,0.91,5.46,0.55,0.57,2019-08-10,Ebolowa,2019,8,222,32,32.09000000000001,58.47,187.81,266.15999999999997,-0.4653002825531978,-0.09633333333333383,22.83,equatorial
13.82,22.61,27.83,19.26,87.9,4.42,0.93,5.17,0.55,0.57,2019-08-11,Ebolowa,2019,8,223,32,31.000000000000014,61.51,191.18,269.28000000000003,-0.4475799560752516,0.03566666666666407,22.83,equatorial
13.22,22.7,27.78,19.38,87.41,3.42,0.92,4.9,0.54,0.57,2019-08-12,Ebolowa,2019,8,224,33,30.890000000000015,62.300000000000004,192.27,272.37,-0.4300326640557733,0.15600000000000236,22.71,equatorial
14.75,23.2,28.11,19.87,86.7,3.31,0.8,5.01,0.54,0.56,2019-08-13,Ebolowa,2019,8,225,33,30.820000000000014,64.25,179.9,275.27000000000004,-0.4135586675163272,0.6469999999999985,23.2,equatorial
18.78,23.22,28.19,19.79,86.56,3.7,0.85,5.02,0.53,0.56,2019-08-14,Ebolowa,2019,8,226,33,29.100000000000012,63.57,180.83,276.2,-0.4081792535915523,0.6539999999999999,23.22,equatorial
15.27,22.74,26.83,20.05,87.9,2.89,0.64,3.51,0.53,0.55,2019-08-15,Ebolowa,2019,8,227,33,26.940000000000015,55.980000000000004,181.45000000000002,277.91,-0.3984084654363421,0.21099999999999852,23.22,equatorial
14.69,22.68,26.82,20.0,88.89,5.17,0.68,3.84,0.53,0.57,2019-08-16,Ebolowa,2019,8,228,33,26.710000000000015,58.2,183.84,279.42,-0.38976617572944555,0.17666666666666586,23.22,equatorial
17.7,22.11,24.96,20.08,92.51,3.32,0.76,2.77,0.53,0.56,2019-08-17,Ebolowa,2019,8,229,33,26.230000000000015,58.32,183.84000000000003,275.8,-0.41002952262939757,-0.36766666666666836,23.22,equatorial
14.32,22.78,27.95,19.63,87.11,6.51,0.9,5.15,0.53,0.57,2019-08-18,Ebolowa,2019,8,230,33,28.320000000000014,59.32,186.32000000000002,281.2,-0.3794551656238585,0.2583333333333364,23.22,equatorial
14.89,22.01,26.15,19.68,90.71,4.88,0.87,4.08,0.54,0.57,2019-08-19,Ebolowa,2019,8,231,34,29.780000000000012,60.67,187.34,285.87,-0.3530010292963866,-0.49633333333332885,23.22,equatorial
14.08,21.8,25.54,19.58,92.59,7.62,0.72,3.64,0.54,0.6,2019-08-20,Ebolowa,2019,8,232,34,34.09000000000002,64.91,189.51000000000002,293.39,-0.31047990443423706,-0.6786666666666648,23.22,equatorial
13.82,22.29,25.83,19.67,88.19,2.94,0.6,3.17,0.54,0.56,2019-08-21,Ebolowa,2019,8,233,34,33.33000000000001,62.43,187.0,296.26,-0.2941914592247586,-0.17966666666666953,22.78,equatorial
15.11,22.84,27.83,19.24,88.44,6.23,0.58,5.01,0.54,0.59,2019-08-22,Ebolowa,2019,8,234,34,36.670000000000016,63.61,192.57,302.45,-0.25917310868552973,0.402000000000001,22.84,equatorial
12.81,22.15,25.21,20.14,94.64,40.75,0.75,3.73,0.59,0.75,2019-08-23,Ebolowa,2019,8,235,34,72.25000000000001,98.96000000000001,231.01,343.06,-0.02989564760406711,-0.24299999999999855,22.84,equatorial
9.85,21.36,25.0,19.24,92.56,5.71,0.68,4.34,0.62,0.65,2019-08-24,Ebolowa,2019,8,236,34,74.64000000000001,100.87,185.24,347.96,-0.0022232964470318807,-0.9550000000000018,22.84,equatorial
15.08,21.99,25.99,19.29,91.39,5.13,0.75,4.73,0.61,0.64,2019-08-25,Ebolowa,2019,8,237,34,73.26000000000002,101.58,167.62,350.07,0.009693135081461897,-0.3106666666666662,22.84,equatorial
14.14,21.39,24.42,19.41,93.19,8.94,0.7,3.51,0.62,0.67,2019-08-26,Ebolowa,2019,8,238,35,77.32000000000002,107.1,173.41,358.18,0.05550324487791291,-0.8896666666666668,22.84,equatorial
16.94,22.5,26.96,19.59,88.87,2.36,0.8,5.71,0.61,0.62,2019-08-27,Ebolowa,2019,8,239,35,72.06000000000002,106.14999999999999,174.39000000000001,354.75,0.0361053100272129,0.19366666666666532,22.84,equatorial
16.5,22.81,27.0,19.69,88.62,3.25,0.71,5.15,0.6,0.62,2019-08-28,Ebolowa,2019,8,240,35,72.37000000000002,105.69999999999999,175.01000000000002,356.99,0.0487557654151579,0.4889999999999972,22.84,equatorial
14.92,22.57,26.31,19.89,91.37,5.31,0.66,4.01,0.59,0.62,2019-08-29,Ebolowa,2019,8,241,35,71.45000000000002,108.12,178.96,362.17,0.07802869731065148,0.25400000000000134,22.81,equatorial
16.16,22.73,26.53,20.17,91.12,4.64,0.77,4.54,0.59,0.62,2019-08-30,Ebolowa,2019,8,242,35,35.34000000000001,107.59,179.22,366.76,0.10396462374743069,0.4039999999999999,22.81,equatorial
17.96,22.81,26.87,20.4,88.04,4.3,0.95,5.68,0.58,0.61,2019-08-31,Ebolowa,2019,8,243,35,33.930000000000014,108.57,173.04000000000002,370.94,0.12758076210264507,0.43533333333333246,22.81,equatorial
18.12,22.95,27.71,19.75,87.69,3.36,0.77,5.73,0.58,0.6,2019-09-01,Ebolowa,2019,9,244,35,32.16000000000001,105.42,173.45,374.27000000000004,0.1463864819628009,0.521333333333331,22.95,equatorial
18.09,22.87,26.76,20.26,89.04,6.91,0.46,5.08,0.57,0.61,2019-09-02,Ebolowa,2019,9,245,36,30.130000000000017,107.45,177.16000000000003,381.15,0.18528594927706882,0.42833333333333456,22.95,equatorial
16.98,22.47,25.95,20.39,89.85,1.86,0.8,3.92,0.57,0.58,2019-09-03,Ebolowa,2019,9,246,36,29.630000000000013,101.69000000000001,173.51000000000002,381.46,0.1869850349943281,0.022666666666665947,22.95,equatorial
10.3,22.85,26.98,20.07,91.27,6.84,0.74,4.14,0.56,0.59,2019-09-04,Ebolowa,2019,9,247,36,33.22000000000001,105.58999999999999,176.82000000000002,387.84,0.22306150338698388,0.4020000000000046,22.95,equatorial
17.74,22.92,26.8,20.45,92.38,6.41,0.68,4.29,0.57,0.61,2019-09-05,Ebolowa,2019,9,248,36,34.320000000000014,105.77000000000001,179.85000000000002,394.13,0.25862583183230287,0.46499999999999986,22.95,equatorial
16.29,22.92,27.03,20.16,90.1,3.12,0.73,4.8,0.57,0.59,2019-09-06,Ebolowa,2019,9,249,36,32.80000000000001,68.14,177.55,397.19,0.2758846014037905,0.4323333333333359,22.95,equatorial
15.18,23.48,28.02,20.16,88.15,6.66,0.53,5.21,0.56,0.59,2019-09-07,Ebolowa,2019,9,250,36,35.16000000000002,69.09,179.16000000000003,403.82000000000005,0.3133762722683958,0.9343333333333348,23.48,equatorial
9.77,21.6,23.59,19.75,95.64,16.75,0.7,3.1,0.58,0.67,2019-09-08,Ebolowa,2019,9,251,36,48.55000000000001,80.71000000000001,190.51000000000002,420.57000000000005,0.40823507091362554,-0.9269999999999996,23.48,equatorial
12.58,21.65,25.39,18.67,90.61,18.47,0.58,5.37,0.6,0.69,2019-09-09,Ebolowa,2019,9,252,37,60.110000000000014,90.24000000000001,205.18,439.04,0.5128244161500214,-0.8500000000000014,23.48,equatorial
15.7,22.04,26.29,19.42,90.49,2.78,0.78,4.9,0.61,0.64,2019-09-10,Ebolowa,2019,9,253,37,61.030000000000015,90.66,203.54000000000002,441.82,0.5284012436804287,-0.44099999999999895,23.48,equatorial
17.93,22.37,26.75,19.11,87.03,0.69,0.79,5.17,0.6,0.61,2019-09-11,Ebolowa,2019,9,254,37,54.88000000000002,88.10000000000001,200.81,442.51000000000005,0.5321181002534893,-0.10000000000000142,23.48,equatorial
16.67,22.56,26.08,19.75,87.2,0.43,0.65,3.61,0.59,0.59,2019-09-12,Ebolowa,2019,9,255,37,48.90000000000002,83.22,197.93,442.94,0.5343587910314556,0.11133333333333084,23.48,equatorial
16.2,23.39,27.86,19.85,88.42,2.69,0.63,5.02,0.58,0.59,2019-09-13,Ebolowa,2019,9,256,37,48.47000000000001,81.27,196.92000000000002,440.32,0.5192912180174863,0.9356666666666662,23.48,equatorial
14.68,23.23,27.19,20.6,90.75,3.53,0.78,4.13,0.57,0.59,2019-09-14,Ebolowa,2019,9,257,37,45.34000000000002,80.5,197.56000000000003,437.88,0.5052500995827061,0.7593333333333341,23.39,equatorial
15.02,23.35,27.27,20.57,90.12,8.99,0.7,5.01,0.57,0.61,2019-09-15,Ebolowa,2019,9,258,37,37.58000000000001,86.13,201.38,444.65000000000003,0.5434997069349295,0.8570000000000029,23.39,equatorial
13.79,22.72,25.57,20.72,92.83,18.24,0.63,4.46,0.6,0.7,2019-09-16,Ebolowa,2019,9,259,38,37.350000000000016,97.46,216.3,461.75,0.6403871558770068,0.206666666666667,23.39,equatorial
14.94,23.16,27.23,20.25,87.29,2.85,0.57,5.87,0.6,0.61,2019-09-17,Ebolowa,2019,9,260,38,37.420000000000016,98.44999999999999,212.64000000000001,462.71,0.6455763020750298,0.6340000000000003,23.39,equatorial
13.8,22.64,26.52,19.88,92.14,6.73,0.53,4.15,0.59,0.64,2019-09-18,Ebolowa,2019,9,261,38,43.460000000000015,98.34,214.49,469.3,0.6827380032834718,0.09299999999999642,23.39,equatorial
16.2,22.5,26.57,19.98,90.45,3.76,0.58,4.48,0.59,0.61,2019-09-19,Ebolowa,2019,9,262,38,46.79000000000002,95.69,210.63,473.06,0.7038047093492243,-0.07033333333333402,23.39,equatorial
18.58,23.35,27.64,19.93,89.64,6.82,0.62,5.56,0.59,0.62,2019-09-20,Ebolowa,2019,9,263,38,50.920000000000016,99.39,214.51,479.88,0.742241982097606,0.7443333333333371,23.35,equatorial
14.58,22.52,25.15,20.79,94.96,3.2,0.71,2.82,0.59,0.61,2019-09-21,Ebolowa,2019,9,264,38,50.59000000000002,95.92999999999999,211.48000000000002,483.08,0.7600883832040006,-0.07500000000000284,23.35,equatorial
19.36,23.34,27.67,20.53,89.25,4.4,0.63,5.38,0.58,0.61,2019-09-22,Ebolowa,2019,9,265,38,46.000000000000014,83.58,175.13,487.48,0.7847409201464567,0.7053333333333356,23.35,equatorial
17.02,23.16,26.74,20.78,91.98,4.31,0.62,4.22,0.58,0.61,2019-09-23,Ebolowa,2019,9,266,39,32.07000000000002,69.41999999999999,173.73,491.0,0.804375413370959,0.4653333333333336,23.35,equatorial
16.22,23.49,27.38,20.96,91.04,12.89,0.7,5.73,0.58,0.64,2019-09-24,Ebolowa,2019,9,267,39,42.110000000000014,79.53,181.49,502.96999999999997,0.8720114163831194,0.7453333333333347,23.49,equatorial
18.22,22.43,24.32,20.91,97.07,19.35,0.76,3.09,0.61,0.71,2019-09-25,Ebolowa,2019,9,268,39,54.73000000000002,98.19,191.9,521.92,0.9792435769289458,-0.34933333333333394,23.49,equatorial
15.8,22.55,26.35,20.41,90.2,2.91,0.57,4.93,0.62,0.64,2019-09-26,Ebolowa,2019,9,269,39,53.88000000000002,100.67,192.45000000000002,524.3100000000001,0.9922683898944489,-0.2309999999999981,23.49,equatorial
15.11,22.44,26.3,19.9,91.95,6.18,0.74,5.05,0.61,0.63,2019-09-27,Ebolowa,2019,9,270,39,53.240000000000016,104.16,195.38000000000002,528.58,1.0159595906193637,-0.3286666666666669,23.49,equatorial
18.34,21.82,26.01,19.25,89.96,4.35,0.75,4.83,0.61,0.64,2019-09-28,Ebolowa,2019,9,271,39,54.39000000000002,104.98,194.42000000000002,527.7,1.0103641808217394,-0.9236666666666657,23.49,equatorial
17.48,20.84,23.04,19.34,93.77,4.47,0.76,3.37,0.6,0.62,2019-09-29,Ebolowa,2019,9,272,39,54.46000000000002,100.46000000000001,194.25,531.6800000000001,1.0323864876316138,-1.8406666666666638,23.49,equatorial
16.68,21.38,24.71,18.71,91.28,1.84,0.77,4.09,0.6,0.61,2019-09-30,Ebolowa,2019,9,273,40,51.990000000000016,84.06,191.79000000000002,533.01,1.03932737552858,-1.2530000000000001,23.49,equatorial
16.17,22.47,26.42,19.34,87.65,0.75,0.56,4.27,0.59,0.59,2019-10-01,Ebolowa,2019,10,274,40,39.850000000000016,81.96000000000001,189.18,531.4499999999999,1.0298423870769853,-0.14700000000000202,22.55,equatorial
14.68,22.78,26.66,20.09,90.02,11.59,0.75,5.53,0.58,0.63,2019-10-02,Ebolowa,2019,10,275,40,32.09000000000002,86.82,193.86,542.41,1.0914894167170104,0.16600000000000392,22.78,equatorial
15.96,22.18,25.58,19.93,93.13,10.24,0.67,4.54,0.59,0.65,2019-10-03,Ebolowa,2019,10,276,40,39.420000000000016,93.30000000000001,202.24,552.62,1.1487891568793474,-0.4243333333333368,22.78,equatorial
18.4,21.67,24.24,19.9,95.61,24.62,0.41,3.53,0.63,0.74,2019-10-04,Ebolowa,2019,10,277,40,57.86000000000002,111.1,220.02000000000004,577.24,1.2878121395643838,-0.8949999999999996,22.78,equatorial
19.04,21.89,25.79,19.68,92.14,2.24,0.53,4.08,0.64,0.66,2019-10-05,Ebolowa,2019,10,278,40,55.75000000000002,110.14,215.85,579.48,1.299542187538132,-0.6406666666666645,22.78,equatorial
14.27,22.32,25.91,19.73,92.01,4.53,0.81,4.81,0.63,0.65,2019-10-06,Ebolowa,2019,10,279,40,55.810000000000024,110.27000000000001,217.26000000000002,584.01,1.3242441672258942,-0.19066666666666876,22.78,equatorial
15.11,21.61,24.96,19.77,91.86,7.87,0.74,5.08,0.62,0.66,2019-10-07,Ebolowa,2019,10,280,41,61.840000000000025,113.83000000000001,218.47,591.88,1.3678428215402825,-0.8383333333333347,22.78,equatorial
17.72,22.0,26.39,19.1,88.07,0.74,0.51,5.65,0.62,0.63,2019-10-08,Ebolowa,2019,10,281,41,61.83000000000003,101.68,202.46000000000004,588.46,1.3473203782487317,-0.46166666666666245,22.78,equatorial
15.21,22.69,26.72,19.82,87.86,1.06,0.66,4.59,0.6,0.61,2019-10-09,Ebolowa,2019,10,282,41,51.30000000000002,83.39,185.05,578.04,1.287146253676159,0.19366666666666887,22.69,equatorial
16.88,23.11,27.62,19.81,86.67,0.91,0.57,5.65,0.59,0.6,2019-10-10,Ebolowa,2019,10,283,41,41.97000000000002,81.39,183.18000000000004,577.9,1.2853725015736897,0.5779999999999994,23.11,equatorial
18.92,22.22,25.27,20.01,90.63,2.61,0.58,3.63,0.58,0.6,2019-10-11,Ebolowa,2019,10,284,41,19.960000000000022,77.82000000000001,185.1,578.1800000000001,1.2859833709894837,-0.30700000000000216,23.11,equatorial
19.69,22.55,26.12,20.4,91.88,4.44,0.62,3.9,0.58,0.61,2019-10-12,Ebolowa,2019,10,285,41,22.160000000000018,77.91,189.11,566.9399999999999,1.2212969526835336,0.02333333333333698,23.11,equatorial
16.74,23.47,28.31,20.07,88.38,2.62,0.68,5.39,0.58,0.59,2019-10-13,Ebolowa,2019,10,286,41,20.25000000000002,76.06,189.04000000000002,566.79,1.2195762248389979,0.9406666666666652,23.47,equatorial
14.74,22.14,23.75,20.62,97.66,16.35,0.61,2.33,0.59,0.67,2019-10-14,Ebolowa,2019,10,287,42,28.73000000000002,90.57,201.86,580.87,1.2984925872959823,-0.352999999999998,23.47,equatorial
17.45,22.46,26.41,19.73,91.33,8.68,0.64,4.46,0.6,0.63,2019-10-15,Ebolowa,2019,10,288,42,36.67000000000002,98.5,201.55,586.77,1.3309173845153217,-0.0033333333333338544,23.47,equatorial
17.0,22.05,25.15,20.11,93.46,12.94,0.78,4.29,0.63,0.69,2019-10-16,Ebolowa,2019,10,289,42,48.55000000000002,99.85,196.25,596.39,1.3843406510172651,-0.39099999999999824,23.47,equatorial
16.98,21.67,24.52,19.67,92.33,7.19,0.49,3.16,0.62,0.65,2019-10-17,Ebolowa,2019,10,290,42,54.83000000000003,96.8,200.59,599.55,1.4010768266642795,-0.7213333333333303,23.47,equatorial
16.68,22.45,26.33,19.76,89.89,7.08,0.65,4.92,0.63,0.68,2019-10-18,Ebolowa,2019,10,291,42,59.300000000000026,79.26,200.94000000000003,602.77,1.4181150333308596,0.06500000000000128,23.47,equatorial
16.86,21.52,23.94,19.87,90.14,1.45,0.69,2.35,0.62,0.63,2019-10-19,Ebolowa,2019,10,292,42,56.31000000000002,78.47,198.63,598.7700000000001,1.3942676148952327,-0.8323333333333309,23.47,equatorial
15.05,21.4,25.31,19.03,89.21,1.52,0.77,4.77,0.62,0.63,2019-10-20,Ebolowa,2019,10,293,42,55.21000000000002,75.46,193.33,594.84,1.3708687176577474,-0.8873333333333342,22.46,equatorial
17.77,22.29,26.86,18.0,86.51,1.04,0.53,5.32,0.6,0.61,2019-10-21,Ebolowa,2019,10,294,43,39.90000000000002,68.63000000000001,191.17000000000002,595.22,1.3718936558548778,0.010333333333331751,22.46,equatorial
15.33,22.35,24.99,20.35,95.97,25.38,0.47,2.87,0.61,0.68,2019-10-22,Ebolowa,2019,10,295,43,56.60000000000002,93.27,212.15,618.29,1.5011774819729058,0.10333333333333528,22.45,equatorial
9.02,22.62,26.11,20.58,93.88,12.25,0.74,4.26,0.66,0.72,2019-10-23,Ebolowa,2019,10,296,43,55.910000000000025,104.46,220.09,579.06,1.2780851248263945,0.3913333333333391,22.62,equatorial
18.96,22.48,25.51,20.32,92.82,4.24,0.67,4.23,0.65,0.67,2019-10-24,Ebolowa,2019,10,297,43,52.960000000000015,107.78999999999999,211.44000000000003,560.55,1.1725014933584004,0.28500000000000014,22.62,equatorial
17.17,22.88,26.7,19.89,89.64,2.33,0.46,4.14,0.64,0.65,2019-10-25,Ebolowa,2019,10,298,43,48.21000000000002,107.50999999999999,194.42000000000002,559.73,1.1670752569536618,0.6700000000000017,22.88,equatorial
12.93,22.54,26.1,19.93,93.31,8.5,0.67,4.69,0.63,0.67,2019-10-26,Ebolowa,2019,10,299,43,55.26000000000002,111.57,200.01,566.85,1.2065325994010803,0.3303333333333285,22.88,equatorial
17.15,21.26,23.91,19.67,95.36,19.88,0.76,3.27,0.66,0.73,2019-10-27,Ebolowa,2019,10,300,43,73.62000000000002,128.82999999999998,213.71,584.1,1.3031573258931848,-0.9103333333333339,22.88,equatorial
10.42,20.78,23.2,19.11,95.85,6.42,0.64,2.92,0.67,0.69,2019-10-28,Ebolowa,2019,10,301,44,79.00000000000001,118.9,215.78,589.16,1.3307403744421071,-1.355666666666668,22.88,equatorial
18.73,22.7,27.42,18.82,89.01,4.9,0.43,5.59,0.66,0.67,2019-10-29,Ebolowa,2019,10,302,44,58.52000000000002,115.11999999999999,216.21,589.68,1.3326314784042466,0.5023333333333291,22.88,equatorial
16.76,23.3,27.06,20.01,90.04,11.44,0.49,4.55,0.66,0.71,2019-10-30,Ebolowa,2019,10,303,44,57.71000000000002,113.61999999999999,225.81,590.64,1.3370031884411524,1.038333333333334,23.3,equatorial
15.16,22.65,26.27,19.59,90.39,3.61,0.8,4.18,0.66,0.68,2019-10-31,Ebolowa,2019,10,304,44,57.08000000000002,110.03999999999999,228.67,591.3000000000001,1.3396731007179892,0.38233333333333164,23.3,equatorial
20.21,22.95,27.05,19.25,88.16,6.44,0.84,5.72,0.65,0.67,2019-11-01,Ebolowa,2019,11,305,44,61.19000000000002,109.4,223.52,594.54,1.356896559896743,0.6766666666666659,23.3,equatorial
15.56,22.58,25.94,20.05,89.07,5.65,0.72,4.1,0.65,0.68,2019-11-02,Ebolowa,2019,11,306,44,58.340000000000025,113.6,218.93,594.68,1.3565959976093227,0.293333333333333,23.3,equatorial
19.92,22.57,27.05,18.94,89.86,3.14,0.93,4.42,0.64,0.65,2019-11-03,Ebolowa,2019,11,307,44,41.60000000000002,115.22,197.45000000000002,594.29,1.3533071501066718,0.25333333333333385,23.3,equatorial
11.19,22.89,26.63,19.95,93.98,30.49,0.67,4.16,0.67,0.76,2019-11-04,Ebolowa,2019,11,308,45,65.67000000000002,144.67,225.7,621.4,1.5050656872356094,0.5399999999999991,23.3,equatorial
16.55,23.33,27.57,20.42,85.85,2.64,0.67,6.74,0.67,0.68,2019-11-05,Ebolowa,2019,11,309,45,63.41000000000002,121.92999999999999,223.81,618.6199999999999,1.4880133509475264,0.9463333333333317,23.33,equatorial
14.67,23.5,27.88,19.29,86.38,4.17,0.57,6.33,0.65,0.67,2019-11-06,Ebolowa,2019,11,310,45,56.14000000000002,113.85,220.10999999999999,617.74,1.4817067124195404,1.053333333333331,23.5,equatorial
18.59,23.12,26.46,20.54,91.99,3.03,0.66,3.51,0.65,0.67,2019-11-07,Ebolowa,2019,11,311,45,55.560000000000024,112.64,222.4,615.37,1.467025196859382,0.6359999999999992,23.5,equatorial
18.92,23.57,26.86,20.25,89.7,1.5,0.76,3.45,0.64,0.65,2019-11-08,Ebolowa,2019,11,312,45,50.62000000000002,111.81,222.84,613.0699999999999,1.4527734733239452,1.0566666666666684,23.57,equatorial
14.92,23.71,27.58,20.51,90.43,6.52,0.79,4.47,0.63,0.66,2019-11-09,Ebolowa,2019,11,313,45,51.49000000000002,109.83000000000001,228.45000000000002,615.17,1.4633192981984917,1.1766666666666659,23.71,equatorial
14.73,22.48,25.35,20.68,93.15,2.58,0.51,2.62,0.63,0.66,2019-11-10,Ebolowa,2019,11,314,45,50.93000000000002,92.53,228.42000000000002,614.33,1.457299201783347,-0.06199999999999761,23.71,equatorial
16.27,23.13,27.74,19.62,90.55,30.12,0.54,5.14,0.64,0.71,2019-11-11,Ebolowa,2019,11,315,46,50.56000000000002,116.22999999999999,254.10000000000002,641.14,1.606780110778514,0.5686666666666653,23.71,equatorial
13.16,22.06,23.63,20.89,94.42,2.72,0.5,1.78,0.68,0.7,2019-11-12,Ebolowa,2019,11,316,46,50.64000000000002,114.05000000000001,254.20000000000002,640.1600000000001,1.5996545277276366,-0.45433333333333437,23.71,equatorial
18.41,23.97,28.23,20.28,86.63,0.04,0.57,4.56,0.66,0.66,2019-11-13,Ebolowa,2019,11,317,46,46.51000000000002,102.65,237.89000000000001,637.31,1.582044763519527,1.3946666666666658,23.97,equatorial
16.76,23.27,25.95,21.57,88.81,0.1,0.71,2.49,0.65,0.65,2019-11-14,Ebolowa,2019,11,318,46,43.58000000000002,99.14000000000001,229.31,632.24,1.5520177045749552,0.6676666666666691,23.97,equatorial
18.85,23.11,25.96,20.27,87.55,0.04,0.62,2.95,0.64,0.64,2019-11-15,Ebolowa,2019,11,319,46,42.12000000000002,92.74,216.41,628.96,1.5321198201503252,0.4723333333333315,23.97,equatorial
11.67,23.65,27.5,20.58,88.86,0.06,0.72,3.19,0.63,0.63,2019-11-16,Ebolowa,2019,11,320,46,35.66000000000002,87.15,209.28,622.5100000000001,1.494483903721033,0.9463333333333317,23.97,equatorial
14.06,23.81,27.52,20.85,90.55,2.53,0.75,4.07,0.62,0.64,2019-11-17,Ebolowa,2019,11,321,46,35.61000000000002,86.54,204.73000000000002,620.16,1.479944445005163,1.0609999999999964,23.97,equatorial
19.53,23.83,28.14,20.88,88.74,1.21,0.92,4.45,0.62,0.63,2019-11-18,Ebolowa,2019,11,322,47,6.700000000000018,57.260000000000005,204.49,613.7499999999999,1.4426684335868083,1.0039999999999978,23.97,equatorial
15.91,23.65,27.87,19.68,82.22,1.13,0.69,4.35,0.61,0.62,2019-11-19,Ebolowa,2019,11,323,47,5.110000000000017,55.75,204.10000000000002,611.94,1.4312736685455674,0.7489999999999988,23.97,equatorial
12.45,22.47,25.47,19.84,92.97,20.39,0.52,3.15,0.62,0.7,2019-11-20,Ebolowa,2019,11,324,47,25.46000000000002,71.97,223.45,626.1,1.5094243597002028,-0.4369999999999976,23.83,equatorial
11.95,23.01,26.66,20.46,89.86,5.13,0.56,4.52,0.65,0.68,2019-11-21,Ebolowa,2019,11,325,47,30.490000000000016,74.07,203.20000000000002,590.48,1.3084181676222646,0.08100000000000307,23.83,equatorial
15.44,23.25,27.07,20.41,87.21,0.46,0.56,3.91,0.64,0.64,2019-11-22,Ebolowa,2019,11,326,47,30.910000000000018,73.03,191.41,585.2299999999999,1.278001749660415,0.3000000000000007,23.83,equatorial
17.78,23.8,28.22,20.82,86.9,0.47,0.68,4.31,0.63,0.63,2019-11-23,Ebolowa,2019,11,327,47,31.320000000000018,66.98,187.64000000000001,580.5699999999999,1.250946730049264,0.8059999999999974,23.83,equatorial
15.59,23.59,27.97,20.08,86.66,0.42,0.77,4.06,0.62,0.62,2019-11-24,Ebolowa,2019,11,328,47,29.21000000000002,64.82000000000001,185.73000000000002,572.05,1.2023086130046976,0.5723333333333329,23.83,equatorial
14.4,23.73,28.09,20.47,87.26,0.9,0.79,4.39,0.61,0.62,2019-11-25,Ebolowa,2019,11,329,48,28.900000000000016,35.6,178.13000000000002,570.59,1.1933070377035728,0.6726666666666716,23.8,equatorial
14.06,23.62,27.84,20.52,86.29,1.03,0.68,4.57,0.6,0.61,2019-11-26,Ebolowa,2019,11,330,48,28.80000000000002,33.91,159.28000000000003,568.37,1.1800620579243073,0.48400000000000176,23.8,equatorial
14.17,23.57,27.83,20.58,86.42,0.08,0.52,3.57,0.6,0.6,2019-11-27,Ebolowa,2019,11,331,48,8.490000000000018,33.95,152.94,563.1400000000001,1.1499749831639428,0.3410000000000011,23.8,equatorial
16.35,24.03,28.97,20.02,83.23,0.02,0.73,4.85,0.59,0.59,2019-11-28,Ebolowa,2019,11,332,48,3.3800000000000177,33.87,148.06000000000003,558.52,1.1233491291311775,0.7566666666666713,24.03,equatorial
17.12,24.41,29.28,20.19,83.67,0.03,0.83,4.76,0.58,0.58,2019-11-29,Ebolowa,2019,11,333,48,2.950000000000018,33.86,136.65000000000003,554.25,1.0987211438075772,1.0996666666666677,24.41,equatorial
15.07,24.79,29.34,21.51,83.82,0.06,0.72,4.22,0.58,0.58,2019-11-30,Ebolowa,2019,11,334,48,2.540000000000018,33.86,133.10000000000002,550.9499999999999,1.079559941709143,1.4083333333333314,24.79,equatorial
16.82,24.19,28.36,21.35,84.57,0.05,0.63,3.42,0.57,0.58,2019-12-01,Ebolowa,2019,12,335,48,2.1700000000000177,31.379999999999995,126.71000000000002,544.09,1.040480798958548,0.767000000000003,24.79,equatorial
17.66,24.43,28.69,20.88,83.27,1.76,0.64,4.21,0.57,0.57,2019-12-02,Ebolowa,2019,12,336,49,3.030000000000018,31.93,122.82000000000001,543.99,1.0393178612990952,0.9453333333333305,24.79,equatorial
15.75,23.62,27.45,21.26,87.39,1.59,0.59,3.11,0.57,0.59,2019-12-03,Ebolowa,2019,12,337,49,3.5900000000000176,32.39,121.27000000000001,538.74,1.0093067104769222,0.10033333333333161,24.79,equatorial
14.35,24.02,28.84,21.21,84.13,0.41,0.57,3.47,0.57,0.57,2019-12-04,Ebolowa,2019,12,338,49,3.920000000000018,12.409999999999997,91.19000000000001,532.74,0.9751273756519577,0.4626666666666637,24.79,equatorial
16.06,23.98,28.39,20.89,86.63,0.95,0.65,3.36,0.56,0.57,2019-12-05,Ebolowa,2019,12,339,49,4.850000000000017,8.229999999999997,89.50000000000001,530.57,0.9624416722631081,0.4009999999999998,24.79,equatorial
15.87,24.17,28.42,21.49,83.8,0.48,0.59,3.62,0.56,0.57,2019-12-06,Ebolowa,2019,12,340,49,5.300000000000018,8.249999999999996,85.81000000000002,524.39,0.9273016428355606,0.5686666666666689,24.79,equatorial
15.76,24.0,28.85,20.36,81.72,0.01,0.68,3.83,0.56,0.56,2019-12-07,Ebolowa,2019,12,341,49,5.250000000000018,7.7899999999999965,82.79,507.65000000000003,0.8330190306125801,0.3693333333333335,24.43,equatorial
17.26,24.27,29.66,20.1,80.77,0.01,0.71,4.3,0.55,0.55,2019-12-08,Ebolowa,2019,12,342,49,5.210000000000017,7.379999999999996,81.30000000000001,489.19,0.7291624413706214,0.6159999999999997,24.43,equatorial
19.92,24.23,29.55,20.46,79.64,0.01,0.92,4.37,0.55,0.55,2019-12-09,Ebolowa,2019,12,343,50,3.4600000000000173,6.489999999999997,74.79000000000002,486.42,0.7133243654714112,0.5586666666666673,24.27,equatorial
15.65,23.87,29.09,19.92,81.19,0.0,0.52,3.36,0.54,0.54,2019-12-10,Ebolowa,2019,12,344,50,1.8700000000000176,5.459999999999996,72.21000000000002,485.72999999999996,0.7091575892519908,0.15233333333333476,24.27,equatorial
15.48,24.18,29.54,20.01,79.26,0.0,0.78,3.85,0.54,0.54,2019-12-11,Ebolowa,2019,12,345,50,1.4600000000000177,5.379999999999996,42.09000000000001,485.3,0.7064513141997104,0.4273333333333369,24.27,equatorial
8.76,23.92,28.78,19.92,79.53,0.03,0.77,3.52,0.54,0.54,2019-12-12,Ebolowa,2019,12,346,50,0.5400000000000178,5.389999999999996,39.40000000000001,482.64000000000004,0.6912398398274566,0.10533333333333417,24.27,equatorial
13.17,24.15,29.27,20.27,81.07,0.06,0.79,3.33,0.53,0.53,2019-12-13,Ebolowa,2019,12,347,50,0.12000000000001776,5.419999999999996,39.420000000000016,479.17,0.6714928290441757,0.3293333333333308,24.27,equatorial
16.21,24.71,29.9,20.55,74.82,0.03,0.85,4.07,0.53,0.53,2019-12-14,Ebolowa,2019,12,348,50,0.14000000000001778,5.389999999999997,39.350000000000016,470.21,0.6209538887489764,0.8413333333333313,24.71,equatorial
16.54,24.4,30.03,19.94,77.41,0.01,0.86,3.63,0.53,0.53,2019-12-15,Ebolowa,2019,12,349,50,0.14000000000001775,5.349999999999996,39.320000000000014,451.97999999999996,0.5184123264524887,0.48833333333332973,24.71,equatorial
18.05,24.71,30.54,20.0,74.98,0.0,0.95,3.88,0.53,0.52,2019-12-16,Ebolowa,2019,12,350,51,0.13000000000001774,3.5899999999999963,39.26000000000001,449.13,0.5022329243661072,0.7629999999999981,24.71,equatorial
16.51,24.94,30.83,20.2,77.94,0.06,0.85,3.49,0.52,0.52,2019-12-17,Ebolowa,2019,12,351,51,0.19000000000001774,2.0599999999999965,36.79000000000001,442.46,0.46461025514403187,0.9553333333333356,24.94,equatorial
9.6,24.52,28.9,21.33,79.62,0.12,0.78,2.64,0.52,0.52,2019-12-18,Ebolowa,2019,12,352,51,0.3100000000000177,1.7699999999999965,35.70000000000001,438.82,0.4440125832503347,0.5123333333333306,24.94,equatorial
14.03,24.56,30.25,20.11,72.34,0.03,0.87,4.03,0.52,0.51,2019-12-19,Ebolowa,2019,12,353,51,0.31000000000001776,0.8499999999999964,34.600000000000016,432.03000000000003,0.4057247850173276,0.5219999999999985,24.94,equatorial
18.54,24.51,30.38,19.74,76.18,0.04,0.89,3.42,0.52,0.51,2019-12-20,Ebolowa,2019,12,354,51,0.29000000000001774,0.4099999999999964,14.250000000000014,428.87,0.38783961858575017,0.4039999999999999,24.94,equatorial
18.23,24.66,30.87,20.02,77.21,0.07,0.75,3.43,0.51,0.51,2019-12-21,Ebolowa,2019,12,355,51,0.3300000000000177,0.4699999999999964,9.190000000000015,424.53999999999996,0.363381879809279,0.4989999999999988,24.94,equatorial
18.68,24.7,30.55,20.48,75.69,0.01,0.82,3.33,0.51,0.51,2019-12-22,Ebolowa,2019,12,356,51,0.3300000000000177,0.4699999999999964,8.740000000000014,420.24,0.3390962491456128,0.49066666666666237,24.94,equatorial
19.22,24.3,30.74,19.08,75.0,0.01,0.85,3.42,0.51,0.5,2019-12-23,Ebolowa,2019,12,357,52,0.34000000000001773,0.4699999999999964,8.280000000000014,407.36,0.26656778585483565,0.07400000000000162,24.94,equatorial
17.89,24.65,29.91,20.73,77.62,0.01,0.78,2.78,0.51,0.5,2019-12-24,Ebolowa,2019,12,358,52,0.29000000000001774,0.47999999999999643,7.870000000000014,388.02,0.15770812800242862,0.3886666666666656,24.7,equatorial
18.08,24.99,30.77,20.65,76.22,0.03,0.84,3.19,0.51,0.5,2019-12-25,Ebolowa,2019,12,359,52,0.20000000000001777,0.5099999999999965,7.000000000000014,385.14,0.1414600145100054,0.6866666666666639,24.99,equatorial
18.83,24.69,31.15,20.0,72.02,0.01,0.93,3.66,0.5,0.5,2019-12-26,Ebolowa,2019,12,360,52,0.18000000000001778,0.48999999999999644,5.980000000000014,378.96999999999997,0.10669661894434862,0.3509999999999991,24.99,equatorial
19.04,24.99,30.72,20.66,74.88,0.01,0.8,3.03,0.5,0.49,2019-12-27,Ebolowa,2019,12,361,52,0.15000000000001776,0.43999999999999645,5.9100000000000135,374.63,0.08223540624737545,0.6036666666666655,24.99,equatorial
17.88,24.71,31.44,19.99,73.61,0.01,0.82,3.35,0.5,0.49,2019-12-28,Ebolowa,2019,12,362,52,0.09000000000001776,0.4199999999999965,5.900000000000015,370.17,0.057098630354394456,0.30100000000000193,24.99,equatorial
17.6,25.16,31.49,20.48,76.06,0.0,0.88,3.0,0.5,0.49,2019-12-29,Ebolowa,2019,12,363,52,0.08000000000001777,0.4099999999999965,5.870000000000014,368.33,0.046719113394361876,0.7259999999999955,25.16,equatorial
17.23,25.53,31.77,21.07,74.31,0.01,0.67,3.07,0.49,0.49,2019-12-30,Ebolowa,2019,12,364,1,0.08000000000001775,0.4199999999999965,5.8200000000000145,367.59,0.042537088557511954,1.0713333333333352,25.53,equatorial
15.75,25.34,31.31,20.85,75.32,0.01,0.74,2.84,0.49,0.49,2019-12-31,Ebolowa,2019,12,365,1,0.08000000000001777,0.3699999999999965,5.780000000000014,356.01,-0.02273491072392689,0.8429999999999964,25.53,equatorial
15.63,25.02,31.18,20.76,74.68,0.04,0.75,2.78,0.49,0.49,2020-01-01,Ebolowa,2020,1,1,1,0.09000000000001776,0.2899999999999965,4.060000000000014,345.81,-0.08022752401838522,0.5033333333333339,25.53,equatorial
15.64,24.84,31.65,19.47,70.79,0.06,0.83,3.23,0.49,0.48,2020-01-02,Ebolowa,2020,1,2,1,0.14000000000001778,0.31999999999999645,2.530000000000014,321.25,-0.2186889377484883,0.28266666666667106,25.53,equatorial
18.13,24.23,30.66,19.52,65.08,0.01,1.06,3.36,0.49,0.48,2020-01-03,Ebolowa,2020,1,3,1,0.14000000000001775,0.2899999999999964,2.130000000000014,319.02,-0.2312033534286837,-0.3343333333333298,25.53,equatorial
21.31,24.2,30.97,18.39,62.86,0.0,1.0,3.23,0.49,0.47,2020-01-04,Ebolowa,2020,1,4,1,0.13000000000001774,0.21999999999999645,1.1800000000000141,314.49,-0.25669212968535216,-0.37166666666666615,25.53,equatorial
19.59,23.96,31.17,17.76,63.41,0.0,0.97,3.12,0.48,0.47,2020-01-05,Ebolowa,2020,1,5,1,0.13000000000001774,0.20999999999999644,0.7000000000000142,306.62,-0.30102551788715154,-0.6046666666666667,25.53,equatorial
17.88,24.52,31.35,19.26,70.51,0.02,0.9,2.68,0.48,0.47,2020-01-06,Ebolowa,2020,1,6,2,0.14000000000001778,0.21999999999999645,0.7100000000000142,305.9,-0.3049996580901497,-0.062000000000001165,25.34,equatorial
16.83,25.23,31.98,19.15,67.94,0.02,1.02,2.87,0.48,0.47,2020-01-07,Ebolowa,2020,1,7,2,0.15000000000001776,0.22999999999999646,0.7200000000000142,304.86,-0.31077999962335434,0.6159999999999997,25.23,equatorial
18.78,25.36,32.19,20.03,71.28,0.12,0.85,2.62,0.48,0.47,2020-01-08,Ebolowa,2020,1,8,2,0.23000000000001775,0.31999999999999645,0.8300000000000142,304.07,-0.3151480995134562,0.7083333333333357,25.36,equatorial
13.6,25.59,32.35,20.76,71.59,0.22,0.78,2.71,0.48,0.47,2020-01-09,Ebolowa,2020,1,9,2,0.3900000000000178,0.5299999999999965,1.0500000000000143,301.68,-0.3285528593155837,0.8810000000000002,25.59,equatorial
16.73,24.28,28.45,21.31,75.45,0.16,0.76,1.63,0.48,0.48,2020-01-10,Ebolowa,2020,1,10,2,0.5400000000000178,0.6799999999999964,1.2100000000000142,297.40000000000003,-0.35263356798786316,-0.43233333333333235,25.59,equatorial
18.49,24.96,31.16,20.24,71.96,0.0,0.83,2.46,0.48,0.47,2020-01-11,Ebolowa,2020,1,11,2,0.5400000000000178,0.6699999999999964,1.1800000000000141,294.78000000000003,-0.3673307185207414,0.21300000000000097,25.59,equatorial
20.57,25.66,31.84,20.89,71.7,0.0,0.77,2.55,0.48,0.47,2020-01-12,Ebolowa,2020,1,12,2,0.5400000000000178,0.6699999999999964,1.1200000000000143,278.43,-0.4596261309979364,0.8626666666666694,25.66,equatorial
16.06,25.83,32.53,19.92,70.19,0.0,0.76,2.65,0.48,0.47,2020-01-13,Ebolowa,2020,1,13,3,0.5200000000000178,0.6599999999999964,1.0900000000000143,269.75,-0.5085414477198885,0.9953333333333312,25.83,equatorial
17.43,26.13,32.71,21.46,71.61,0.0,0.78,2.45,0.48,0.47,2020-01-14,Ebolowa,2020,1,14,3,0.5000000000000178,0.6499999999999964,1.0800000000000143,256.81,-0.5815263134420786,1.2376666666666658,26.13,equatorial
17.42,25.91,32.12,21.09,73.56,0.0,0.84,2.24,0.47,0.46,2020-01-15,Ebolowa,2020,1,15,3,0.38000000000001777,0.6099999999999964,1.0800000000000143,249.62,-0.62197023279913,0.9776666666666713,26.13,equatorial
18.3,25.84,31.17,21.92,75.27,0.02,0.84,1.82,0.47,0.47,2020-01-16,Ebolowa,2020,1,16,3,0.18000000000001776,0.5699999999999964,1.0400000000000142,242.56,-0.6616613324660899,0.8776666666666664,26.13,equatorial
19.17,26.06,32.26,21.97,69.17,0.02,0.81,2.53,0.47,0.46,2020-01-17,Ebolowa,2020,1,17,3,0.040000000000017764,0.5799999999999964,0.9400000000000143,241.13,-0.6694911663563586,1.0463333333333331,26.13,equatorial
18.17,25.59,32.05,20.77,71.12,0.01,0.79,2.21,0.47,0.46,2020-01-18,Ebolowa,2020,1,18,3,0.050000000000017766,0.5899999999999964,0.9200000000000143,239.62,-0.6777698714109269,0.5420000000000016,26.13,equatorial
17.0,25.73,31.87,21.36,71.63,0.01,0.71,2.2,0.47,0.46,2020-01-19,Ebolowa,2020,1,19,3,0.06000000000001776,0.5999999999999964,0.8900000000000142,238.59,-0.6833290437514873,0.6413333333333355,26.13,equatorial
17.58,25.94,32.82,20.81,69.17,0.0,0.84,2.5,0.47,0.46,2020-01-20,Ebolowa,2020,1,20,4,0.06000000000001776,0.5799999999999964,0.8200000000000143,213.21,-0.8266514368240142,0.8086666666666673,26.13,equatorial
18.8,26.37,33.34,21.45,66.06,0.0,0.93,2.64,0.47,0.46,2020-01-21,Ebolowa,2020,1,21,4,0.06000000000001776,0.5599999999999965,0.8100000000000143,200.96,-0.8955787121852946,1.1829999999999998,26.37,equatorial
18.04,25.76,33.43,20.76,64.24,0.0,0.95,2.76,0.47,0.45,2020-01-22,Ebolowa,2020,1,22,4,0.06000000000001776,0.43999999999999645,0.8000000000000143,196.72,-0.9191295036008221,0.5243333333333347,26.37,equatorial
18.36,24.65,32.75,18.09,55.82,0.0,1.21,2.86,0.46,0.45,2020-01-23,Ebolowa,2020,1,23,4,0.04000000000001776,0.21999999999999645,0.7900000000000142,194.39,-0.9318530251697582,-0.5856666666666683,26.37,equatorial
20.66,24.04,32.35,17.44,51.33,0.0,1.23,2.89,0.46,0.44,2020-01-24,Ebolowa,2020,1,24,4,0.020000000000017764,0.059999999999996445,0.7600000000000142,185.89,-0.9794706794377055,-1.1640000000000015,26.37,equatorial
21.95,23.32,32.37,15.14,48.45,0.0,1.38,2.83,0.46,0.44,2020-01-25,Ebolowa,2020,1,25,4,0.010000000000017764,0.059999999999996445,0.7500000000000142,166.01,-1.091408660428181,-1.8383333333333347,26.37,equatorial
23.27,23.97,33.31,15.7,50.91,0.0,1.37,2.71,0.46,0.43,2020-01-26,Ebolowa,2020,1,26,4,0.0,0.059999999999996445,0.7400000000000142,159.59,-1.1270730733278176,-1.15433333333333,26.37,equatorial
20.8,24.62,33.14,17.64,60.68,0.01,0.88,2.21,0.46,0.44,2020-01-27,Ebolowa,2020,1,27,5,0.010000000000017764,0.06999999999999645,0.7400000000000142,154.7,-1.1540358403862039,-0.5013333333333314,26.37,equatorial
20.03,25.7,32.94,20.3,70.67,0.39,0.84,2.06,0.46,0.44,2020-01-28,Ebolowa,2020,1,28,5,0.4000000000000178,0.45999999999999647,1.130000000000014,143.65,-1.2157874029724804,0.5606666666666662,25.76,equatorial
18.69,25.54,31.88,21.42,71.65,0.6,0.74,1.81,0.46,0.45,2020-01-29,Ebolowa,2020,1,29,5,1.0000000000000178,1.0599999999999965,1.7200000000000142,140.64000000000001,-1.2319907532289616,0.4003333333333359,25.7,equatorial
13.96,25.8,33.43,20.47,71.69,1.0,0.89,2.44,0.46,0.45,2020-01-30,Ebolowa,2020,1,30,5,2.0000000000000178,2.0399999999999965,2.710000000000014,135.2,-1.2619013685470188,0.6450000000000031,25.8,equatorial
16.38,26.31,32.93,21.55,70.29,0.06,0.77,1.92,0.46,0.45,2020-01-31,Ebolowa,2020,1,31,5,2.060000000000018,2.0799999999999965,2.730000000000014,129.61,-1.2926076356819907,1.1120000000000019,26.31,equatorial
18.35,26.46,32.78,22.21,67.45,0.0,0.74,1.94,0.46,0.44,2020-02-01,Ebolowa,2020,2,32,5,2.060000000000018,2.0699999999999967,2.670000000000014,126.47,-1.3094177107880702,1.2079999999999984,26.46,equatorial
18.73,26.13,32.92,21.42,68.31,0.0,0.83,1.85,0.46,0.44,2020-02-02,Ebolowa,2020,2,33,5,2.060000000000018,2.0599999999999965,2.6600000000000144,95.98,-1.480640034548514,0.814666666666664,26.46,equatorial
16.23,25.63,32.04,20.77,68.7,0.0,0.95,1.78,0.46,0.44,2020-02-03,Ebolowa,2020,2,34,6,2.050000000000018,2.0599999999999965,2.6600000000000144,93.34,-1.4942703403827207,0.26699999999999946,26.46,equatorial
18.09,25.82,32.68,20.44,65.84,0.0,0.87,1.95,0.46,0.44,2020-02-04,Ebolowa,2020,2,35,6,1.660000000000018,2.0599999999999965,2.6600000000000144,89.17,-1.5164999287572147,0.3949999999999996,26.46,equatorial
18.47,25.25,30.55,21.28,67.17,0.02,0.93,1.81,0.45,0.44,2020-02-05,Ebolowa,2020,2,36,6,1.0800000000000178,2.0799999999999965,2.6600000000000144,86.16,-1.5321323936656717,-0.19933333333333536,26.46,equatorial
12.31,25.92,32.4,21.28,67.21,0.05,0.62,2.07,0.45,0.44,2020-02-06,Ebolowa,2020,2,37,6,0.13000000000001777,2.1299999999999963,2.690000000000014,84.71,-1.5389310984595412,0.4476666666666702,26.46,equatorial
20.03,26.74,34.27,21.2,58.96,0.0,1.17,2.44,0.45,0.43,2020-02-07,Ebolowa,2020,2,38,6,0.07000000000001777,2.1299999999999963,2.570000000000014,78.19,-1.5742824574420307,1.221666666666664,26.74,equatorial
18.05,27.14,34.9,21.07,61.19,0.01,0.83,2.24,0.45,0.43,2020-02-08,Ebolowa,2020,2,39,6,0.08000000000001777,2.139999999999996,2.3600000000000145,75.62,-1.58729094515322,1.5700000000000003,27.14,equatorial
17.8,26.96,33.71,22.32,67.59,0.02,1.01,1.74,0.45,0.43,2020-02-09,Ebolowa,2020,2,40,6,0.10000000000001777,2.159999999999996,2.2200000000000144,45.519999999999996,-1.7552250484099867,1.3006666666666646,27.14,equatorial
17.9,26.74,33.58,22.13,66.38,0.01,0.99,1.77,0.45,0.43,2020-02-10,Ebolowa,2020,2,41,7,0.11000000000001776,2.1599999999999966,2.230000000000014,42.81,-1.768550438344971,1.0213333333333345,27.14,equatorial
19.96,26.83,34.11,21.8,62.1,0.01,0.96,2.1,0.45,0.43,2020-02-11,Ebolowa,2020,2,42,7,0.12000000000001777,1.7799999999999965,2.2400000000000144,42.78,-1.7667667149435988,1.0723333333333294,27.14,equatorial
17.41,25.98,31.52,22.12,67.39,0.03,0.85,1.37,0.45,0.43,2020-02-12,Ebolowa,2020,2,43,7,0.13000000000001777,1.2099999999999964,2.2700000000000142,42.71,-1.7652135988102182,0.2173333333333325,27.14,equatorial
14.75,26.52,33.86,20.71,64.57,0.0,0.79,1.9,0.45,0.43,2020-02-13,Ebolowa,2020,2,44,7,0.08000000000001777,0.20999999999999633,2.2700000000000142,42.67,-1.7634971525420644,0.7443333333333335,27.14,equatorial
17.89,26.69,33.66,21.91,65.63,0.01,0.87,1.74,0.45,0.43,2020-02-14,Ebolowa,2020,2,45,7,0.09000000000001776,0.15999999999999634,2.2800000000000145,42.62,-1.761842467947463,0.8883333333333319,27.14,equatorial
19.15,26.89,34.86,20.88,65.62,0.01,0.94,1.93,0.45,0.42,2020-02-15,Ebolowa,2020,2,46,7,0.09000000000001776,0.16999999999999635,2.2700000000000142,40.099999999999994,-1.7740459156113786,1.0533333333333346,26.96,equatorial
17.04,27.28,34.69,22.0,65.77,0.04,1.05,1.81,0.45,0.42,2020-02-16,Ebolowa,2020,2,47,7,0.11000000000001776,0.20999999999999636,2.2900000000000142,38.92999999999999,-1.7786414085379194,1.402666666666665,27.28,equatorial
14.27,26.83,33.21,22.32,66.89,0.11,0.97,1.57,0.44,0.43,2020-02-17,Ebolowa,2020,2,48,8,0.21000000000001778,0.31999999999999634,2.3900000000000143,37.910000000000004,-1.7823810131018898,0.911333333333328,27.28,equatorial
17.04,26.61,32.7,22.4,68.33,0.06,1.05,1.53,0.44,0.43,2020-02-18,Ebolowa,2020,2,49,8,0.2600000000000178,0.37999999999999634,2.440000000000014,17.58,-1.8941953685542514,0.661999999999999,27.28,equatorial
17.07,26.99,33.62,21.95,65.81,0.06,0.75,1.67,0.44,0.43,2020-02-19,Ebolowa,2020,2,50,8,0.29000000000001774,0.4199999999999963,2.500000000000014,12.510000000000002,-1.9202355460250626,1.0070000000000014,27.28,equatorial
18.27,27.81,34.96,22.17,62.71,0.17,0.73,1.84,0.44,0.42,2020-02-20,Ebolowa,2020,2,51,8,0.4600000000000178,0.5399999999999964,2.670000000000014,12.22,-1.919460995228968,1.779,27.81,equatorial
13.58,26.92,31.74,22.91,71.11,1.72,0.58,1.82,0.45,0.44,2020-02-21,Ebolowa,2020,2,52,8,2.1700000000000177,2.2599999999999962,4.390000000000014,13.469999999999999,-1.910089095929948,0.8503333333333387,27.81,equatorial
15.64,27.32,34.17,22.62,71.57,6.67,0.82,3.44,0.45,0.48,2020-02-22,Ebolowa,2020,2,53,8,8.830000000000018,8.919999999999996,11.060000000000013,19.72,-1.8728484816867168,1.161333333333335,27.81,equatorial
19.73,25.66,31.4,22.16,79.91,3.95,1.23,2.8,0.46,0.51,2020-02-23,Ebolowa,2020,2,54,8,12.740000000000016,12.849999999999998,15.010000000000014,22.77,-1.853593754879647,-0.5526666666666671,27.81,equatorial
19.84,26.21,32.41,22.05,76.33,2.78,1.07,3.11,0.46,0.48,2020-02-24,Ebolowa,2020,2,55,9,15.410000000000018,15.619999999999997,17.790000000000013,24.52,-1.8416552896788447,-0.0990000000000002,27.81,equatorial
17.06,26.51,32.95,22.47,73.55,1.1,0.87,2.67,0.46,0.47,2020-02-25,Ebolowa,2020,2,56,9,16.450000000000017,16.709999999999994,18.890000000000015,25.54,-1.8338262228977011,0.1163333333333334,27.81,equatorial
9.18,26.18,32.94,22.09,74.98,0.68,0.58,2.33,0.46,0.46,2020-02-26,Ebolowa,2020,2,57,9,17.070000000000018,17.36,19.560000000000013,26.2,-1.8280291418754937,-0.26566666666666805,27.81,equatorial
17.14,26.21,31.57,22.43,74.87,0.22,0.51,2.06,0.46,0.45,2020-02-27,Ebolowa,2020,2,58,9,17.120000000000015,17.58,19.390000000000015,26.39,-1.8248675282193036,-0.2526666666666664,27.32,equatorial
17.88,27.11,33.62,22.39,71.61,0.42,0.79,2.2,0.46,0.45,2020-02-28,Ebolowa,2020,2,59,9,15.820000000000018,17.989999999999995,19.210000000000015,26.749999999999996,-1.8207715653318213,0.5949999999999989,27.32,equatorial
17.48,27.19,33.79,22.9,70.36,0.7,0.99,2.36,0.46,0.45,2020-02-29,Ebolowa,2020,2,60,9,9.850000000000017,18.679999999999996,18.910000000000014,27.400000000000002,-1.8150781604021307,0.6286666666666711,27.19,equatorial
17.19,26.45,31.53,22.7,72.04,0.36,0.87,1.81,0.46,0.45,2020-03-01,Ebolowa,2020,3,61,9,6.2600000000000176,18.999999999999996,19.210000000000015,26.0,-1.8207901937036814,-0.11599999999999966,27.19,equatorial
15.4,25.76,30.63,22.31,76.33,1.46,0.69,1.94,0.46,0.46,2020-03-02,Ebolowa,2020,3,62,10,4.940000000000017,20.349999999999994,20.670000000000016,25.869999999999997,-1.8194328081403104,-0.782666666666664,27.19,equatorial
17.95,26.95,33.21,22.35,68.3,0.26,0.69,2.22,0.46,0.45,2020-03-03,Ebolowa,2020,3,63,10,4.100000000000017,20.549999999999997,20.930000000000014,25.72,-1.8181909502864517,0.379999999999999,27.19,equatorial
12.91,25.0,29.07,22.38,80.23,2.15,0.83,1.71,0.45,0.46,2020-03-04,Ebolowa,2020,3,64,10,5.570000000000018,22.639999999999993,23.080000000000016,26.92,-1.8094690345655595,-1.5489999999999995,27.19,equatorial
20.03,26.77,34.26,21.12,68.59,0.64,0.5,2.73,0.46,0.46,2020-03-05,Ebolowa,2020,3,65,10,5.990000000000018,23.109999999999996,23.720000000000017,27.08,-1.8065393919195218,0.18933333333333024,27.19,equatorial
17.47,25.12,29.26,22.22,81.03,2.41,0.86,1.69,0.46,0.46,2020-03-06,Ebolowa,2020,3,66,10,7.980000000000018,23.799999999999994,26.110000000000017,29.479999999999997,-1.7912157526238617,-1.4563333333333333,27.19,equatorial
6.17,23.65,27.19,20.94,85.75,10.9,0.91,2.45,0.48,0.57,2020-03-07,Ebolowa,2020,3,67,10,18.180000000000017,28.029999999999998,36.960000000000015,40.370000000000005,-1.7289519120613988,-2.850666666666669,26.95,equatorial
21.66,25.0,32.43,19.18,75.53,1.12,0.95,3.69,0.48,0.49,2020-03-08,Ebolowa,2020,3,68,10,18.94000000000002,25.2,38.08000000000001,41.480000000000004,-1.7209914777569635,-1.442666666666664,26.95,equatorial
21.05,25.83,32.58,21.2,78.8,5.88,0.73,3.99,0.48,0.51,2020-03-09,Ebolowa,2020,3,69,11,23.36000000000002,28.299999999999997,43.95000000000002,47.36,-1.686677878639949,-0.5690000000000026,26.95,equatorial
17.9,24.79,29.74,21.99,84.56,11.32,0.96,3.93,0.49,0.58,2020-03-10,Ebolowa,2020,3,70,11,34.42000000000002,38.519999999999996,55.250000000000014,58.68000000000001,-1.6223923908264413,-1.5366666666666653,26.77,equatorial
16.3,23.95,27.85,21.66,91.14,28.25,0.9,3.29,0.52,0.67,2020-03-11,Ebolowa,2020,3,71,11,60.520000000000024,66.09,83.49000000000001,86.9,-1.4648646104840433,-2.2836666666666687,26.77,equatorial
17.39,24.4,28.66,21.74,88.44,8.25,0.74,3.76,0.56,0.62,2020-03-12,Ebolowa,2020,3,72,11,68.13000000000002,74.12,91.73000000000002,95.09,-1.4183867679869882,-1.75266666666667,25.83,equatorial
18.97,25.32,30.44,21.75,84.94,5.39,0.66,5.19,0.56,0.6,2020-03-13,Ebolowa,2020,3,73,11,71.11000000000003,79.08999999999999,97.09,100.45,-1.3876441800026948,-0.8106666666666662,25.83,equatorial
17.77,25.32,30.88,21.57,85.63,5.78,0.72,5.05,0.56,0.59,2020-03-14,Ebolowa,2020,3,74,11,65.99000000000002,84.16999999999999,102.87,106.22000000000001,-1.354697947860752,-0.770666666666667,25.83,equatorial
17.31,25.18,30.38,21.89,84.62,5.76,0.73,5.04,0.56,0.59,2020-03-15,Ebolowa,2020,3,75,11,70.63000000000002,89.57,108.62000000000002,111.98,-1.3218697615041533,-0.8603333333333296,25.83,equatorial
16.45,24.98,29.77,21.94,86.52,11.21,0.86,5.0,0.56,0.62,2020-03-16,Ebolowa,2020,3,76,12,75.96000000000002,99.32,119.82000000000002,123.13000000000001,-1.259328539914838,-0.9966666666666661,25.32,equatorial
16.83,24.99,30.32,21.61,85.0,6.48,0.71,5.25,0.57,0.62,2020-03-17,Ebolowa,2020,3,77,12,71.12000000000002,105.53999999999999,126.26,129.49,-1.2233457632256228,-0.9103333333333339,25.32,equatorial
16.56,25.18,29.94,21.75,85.67,6.03,0.61,4.55,0.56,0.59,2020-03-18,Ebolowa,2020,3,78,12,48.90000000000002,109.42,132.18,135.49,-1.18940695435126,-0.6653333333333293,25.32,equatorial
15.38,23.59,25.9,22.09,94.61,28.35,0.71,2.55,0.59,0.72,2020-03-19,Ebolowa,2020,3,79,12,69.00000000000003,137.13,160.47,163.8,-1.0322916548488172,-2.154666666666664,25.32,equatorial
7.84,23.09,26.22,21.22,93.16,213.92,0.66,3.78,0.72,0.93,2020-03-20,Ebolowa,2020,3,80,12,277.53000000000003,348.64,374.33,377.65,0.15024453903525156,-2.5246666666666684,25.32,equatorial
20.09,24.07,28.27,21.24,90.38,15.44,0.45,5.05,0.84,0.81,2020-03-21,Ebolowa,2020,3,81,12,287.19000000000005,353.17999999999995,389.59999999999997,393.08000000000004,0.2355281510711816,-1.4200000000000017,25.18,equatorial
14.62,24.06,27.59,21.65,91.89,7.72,0.56,4.39,0.82,0.79,2020-03-22,Ebolowa,2020,3,82,12,289.15,359.78000000000003,395.6,400.78999999999996,0.2781069450891088,-1.3346666666666707,25.18,equatorial
19.89,23.44,26.37,21.13,92.59,5.16,0.49,3.27,0.8,0.76,2020-03-23,Ebolowa,2020,3,83,13,283.1,359.05999999999995,394.09,405.94,0.3065195477753687,-1.825333333333333,25.18,equatorial
12.81,23.18,26.65,20.92,91.76,9.98,0.75,4.41,0.78,0.77,2020-03-24,Ebolowa,2020,3,84,13,286.59999999999997,357.71999999999997,400.12,415.89,0.3614895589779089,-2.0026666666666664,25.18,equatorial
17.68,23.18,27.13,20.53,90.71,5.51,0.74,4.7,0.76,0.75,2020-03-25,Ebolowa,2020,3,85,13,286.08,334.97999999999996,402.85,421.39,0.3918228079799471,-1.9016666666666637,24.07,equatorial
19.8,23.51,27.38,20.6,89.4,2.31,0.63,4.63,0.74,0.72,2020-03-26,Ebolowa,2020,3,86,13,260.03999999999996,329.03999999999996,404.06,423.68999999999994,0.4044368279478437,-1.471666666666664,24.07,equatorial
19.13,23.52,27.15,20.92,91.32,4.37,0.65,3.88,0.72,0.72,2020-03-27,Ebolowa,2020,3,87,13,50.49,328.02,407.75,428.04999999999995,0.42845465388974213,-1.3730000000000047,24.07,equatorial
19.95,24.18,27.93,21.17,90.29,11.5,0.67,4.47,0.71,0.74,2020-03-28,Ebolowa,2020,3,88,13,46.550000000000004,333.74,419.03000000000003,439.54999999999995,0.4920079914469258,-0.6453333333333333,24.18,equatorial
15.66,24.27,27.47,21.75,92.43,13.43,0.53,3.38,0.71,0.75,2020-03-29,Ebolowa,2020,3,89,13,52.260000000000005,341.40999999999997,432.04,452.96999999999997,0.56617776950401,-0.4606666666666648,24.27,equatorial
21.56,24.16,27.79,21.55,89.41,11.07,0.66,4.66,0.71,0.74,2020-03-30,Ebolowa,2020,3,90,14,58.17,341.27,442.41,464.03,0.6272479222079765,-0.4696666666666687,24.27,equatorial
20.3,23.74,27.19,21.01,91.86,19.76,0.83,3.79,0.72,0.77,2020-03-31,Ebolowa,2020,3,91,14,67.94999999999999,354.54999999999995,461.81,483.75,0.7362639683995023,-0.7993333333333332,24.27,equatorial
12.81,23.48,26.68,21.29,91.34,17.7,0.72,3.83,0.75,0.78,2020-04-01,Ebolowa,2020,4,92,14,80.14,366.21999999999997,478.05,501.39,0.8336894685724693,-0.9833333333333307,24.27,equatorial
22.06,24.17,27.84,21.58,90.62,3.1,0.64,4.37,0.73,0.72,2020-04-02,Ebolowa,2020,4,93,14,80.92999999999999,340.96999999999997,480.89,504.47999999999996,0.850439359587007,-0.20066666666666677,24.27,equatorial
17.58,22.89,24.59,21.06,96.93,5.53,0.47,1.61,0.72,0.73,2020-04-03,Ebolowa,2020,4,94,14,82.09,132.58,484.27,510.01,0.8806941896746094,-1.4103333333333339,24.27,equatorial
13.89,22.91,26.64,19.91,92.4,2.37,0.58,3.21,0.7,0.7,2020-04-04,Ebolowa,2020,4,95,14,72.96000000000001,119.51,486.0,512.38,0.8934175303016195,-1.2616666666666667,24.27,equatorial
19.7,24.68,28.44,21.37,89.36,3.4,0.55,4.65,0.68,0.69,2020-04-05,Ebolowa,2020,4,96,14,62.93,115.19,486.99,515.76,0.9117261456676174,0.5230000000000032,24.68,equatorial
15.84,23.87,26.49,21.91,92.15,8.13,0.74,3.95,0.68,0.71,2020-04-06,Ebolowa,2020,4,97,15,59.989999999999995,118.16000000000001,484.22,523.87,0.9562244987693285,-0.29433333333333067,24.68,equatorial
21.58,24.15,28.8,20.61,88.36,4.49,0.57,7.01,0.67,0.69,2020-04-07,Ebolowa,2020,4,98,15,44.72,112.67,487.59000000000003,528.24,0.9799596193994061,0.013999999999995794,24.68,equatorial
13.11,23.7,26.7,21.4,94.35,14.68,0.68,3.6,0.66,0.72,2020-04-08,Ebolowa,2020,4,99,15,41.7,121.84,496.39,542.6999999999999,1.0595666287233534,-0.36499999999999844,24.68,equatorial
16.12,23.44,26.49,21.27,93.57,9.55,0.71,4.39,0.68,0.72,2020-04-09,Ebolowa,2020,4,100,15,48.15,129.07999999999998,494.62,552.09,1.11099463530657,-0.5799999999999983,24.68,equatorial
18.28,23.56,27.77,20.86,86.52,6.71,0.55,6.53,0.67,0.69,2020-04-10,Ebolowa,2020,4,101,15,49.33,131.42000000000002,473.08000000000004,558.8000000000001,1.1475127389420103,-0.4469999999999992,24.68,equatorial
8.93,23.39,26.98,20.69,93.14,21.9,0.57,4.71,0.69,0.76,2020-04-11,Ebolowa,2020,4,102,15,68.86,141.82,486.73,580.7,1.2680849178069897,-0.5833333333333321,24.68,equatorial
21.44,22.96,25.83,20.58,84.4,0.14,0.9,5.79,0.68,0.68,2020-04-12,Ebolowa,2020,4,103,15,65.6,128.53,481.47999999999996,580.84,1.268002979243289,-0.9346666666666685,24.15,equatorial
18.79,23.51,28.28,18.85,83.69,0.27,0.66,6.09,0.66,0.66,2020-04-13,Ebolowa,2020,4,104,16,57.739999999999995,117.73,475.96999999999997,581.11,1.2686409929238525,-0.3243333333333318,24.15,equatorial
19.28,24.77,28.71,20.75,84.27,1.29,0.52,5.48,0.65,0.65,2020-04-14,Ebolowa,2020,4,105,16,54.54,99.26,471.5,582.4,1.2749226781949923,0.9493333333333318,24.77,equatorial
19.33,24.69,28.4,21.93,87.1,2.32,0.9,6.79,0.63,0.64,2020-04-15,Ebolowa,2020,4,106,16,42.18,83.88,462.60999999999996,584.7,1.286782112290369,0.8790000000000013,24.77,equatorial
15.64,23.82,27.93,20.26,90.09,2.98,0.69,4.47,0.62,0.64,2020-04-16,Ebolowa,2020,4,107,16,35.61,83.76,459.11,587.66,1.3022722464663816,0.04800000000000182,24.77,equatorial
18.73,23.77,27.07,21.65,93.22,2.33,0.54,3.39,0.62,0.64,2020-04-17,Ebolowa,2020,4,108,16,31.229999999999997,80.56,455.40999999999997,589.9799999999999,1.314195782653467,0.0449999999999946,24.77,equatorial
22.33,23.9,27.27,21.31,93.27,9.67,0.63,4.08,0.62,0.66,2020-04-18,Ebolowa,2020,4,109,16,19.0,87.86,436.73,599.64,1.3666814363125959,0.16466666666666185,24.77,equatorial
17.74,23.2,25.89,21.45,93.81,15.43,0.7,3.71,0.65,0.72,2020-04-19,Ebolowa,2020,4,110,16,34.29,99.89,238.24,615.0699999999999,1.4509525099579692,-0.5389999999999979,24.77,equatorial
15.36,22.49,25.94,20.43,90.92,5.13,0.77,5.49,0.65,0.67,2020-04-20,Ebolowa,2020,4,111,17,39.150000000000006,96.89,227.93,620.1999999999999,1.478132401316955,-1.1963333333333317,24.77,equatorial
21.62,23.04,27.31,19.35,87.51,0.16,0.58,4.99,0.64,0.65,2020-04-21,Ebolowa,2020,4,112,17,38.019999999999996,92.56,220.37,620.3599999999999,1.4778021441466413,-0.6123333333333356,24.69,equatorial
11.93,23.29,27.21,20.92,88.52,0.13,0.68,4.49,0.63,0.63,2020-04-22,Ebolowa,2020,4,113,17,35.83,78.00999999999999,215.34,620.49,1.477307247915432,-0.3573333333333366,23.9,equatorial
22.22,24.44,28.44,20.5,88.22,0.07,0.69,4.85,0.62,0.62,2020-04-23,Ebolowa,2020,4,114,17,32.92,68.53,205.42999999999998,620.56,1.4764825440665263,0.750666666666671,24.44,equatorial
18.52,24.33,27.71,21.93,90.31,0.17,0.64,3.3,0.61,0.62,2020-04-24,Ebolowa,2020,4,115,17,30.76,61.989999999999995,200.09,620.7299999999999,1.4762117422120082,0.6023333333333305,24.44,equatorial
18.96,24.3,27.61,21.76,89.88,0.17,0.62,3.47,0.6,0.61,2020-04-25,Ebolowa,2020,4,116,17,21.259999999999998,40.260000000000005,197.95,620.9,1.4759418035507847,0.5459999999999994,24.44,equatorial
18.06,23.32,25.67,21.67,95.59,13.14,0.78,3.2,0.61,0.67,2020-04-26,Ebolowa,2020,4,117,17,18.97,53.260000000000005,206.72,634.03,1.5471359955049664,-0.42733333333333334,24.44,equatorial
17.7,23.17,26.48,20.74,90.57,3.66,0.54,4.61,0.62,0.65,2020-04-27,Ebolowa,2020,4,118,18,17.5,56.65,198.88,637.3,1.563809301306042,-0.5436666666666632,24.44,equatorial
18.71,23.69,27.67,20.52,89.89,5.06,0.56,4.95,0.62,0.65,2020-04-28,Ebolowa,2020,4,119,18,22.400000000000002,60.42,190.51000000000002,641.76,1.5869964332210136,-0.0043333333333350765,24.44,equatorial
20.25,24.42,28.3,21.01,88.68,5.26,0.51,5.83,0.62,0.65,2020-04-29,Ebolowa,2020,4,120,18,27.53,63.36,184.7,646.02,1.6090217101520834,0.7170000000000023,24.44,equatorial
18.27,24.35,27.93,21.47,90.04,15.83,0.57,5.49,0.62,0.69,2020-04-30,Ebolowa,2020,4,121,18,43.290000000000006,76.21,180.77,661.79,1.6943352986339113,0.6266666666666652,24.42,equatorial
19.98,23.76,26.73,21.73,94.11,16.88,0.69,4.33,0.65,0.73,2020-05-01,Ebolowa,2020,5,122,18,60.0,90.75999999999999,179.95000000000002,678.67,1.7854920038434128,0.027333333333334764,24.42,equatorial
11.04,23.33,26.87,20.86,93.09,7.71,0.54,4.16,0.67,0.7,2020-05-02,Ebolowa,2020,5,123,18,67.53999999999999,88.8,184.55999999999997,686.38,1.825948347355128,-0.37466666666666626,24.42,equatorial
19.13,23.97,27.58,20.67,90.23,8.58,0.47,6.08,0.66,0.7,2020-05-03,Ebolowa,2020,5,124,18,62.98,81.95,187.60999999999999,694.96,1.8710415114596453,0.22933333333333294,24.42,equatorial
16.06,23.82,27.98,20.73,88.13,1.74,0.56,6.54,0.66,0.67,2020-05-04,Ebolowa,2020,5,125,19,61.06,78.55999999999999,186.98000000000002,696.7,1.8784344306712593,0.04899999999999949,24.42,equatorial
21.05,24.15,27.99,21.1,88.45,2.36,0.64,5.86,0.64,0.65,2020-05-05,Ebolowa,2020,5,126,19,58.36,80.75999999999999,185.94,699.0400000000001,1.8890907645726893,0.3966666666666647,24.42,equatorial
16.7,23.79,26.97,21.4,93.23,8.48,0.42,4.1,0.64,0.67,2020-05-06,Ebolowa,2020,5,127,19,61.58,89.11,186.29000000000002,707.4699999999999,1.933081645516541,0.03933333333332811,24.35,equatorial
18.02,23.8,27.14,21.16,92.07,14.52,0.74,5.03,0.65,0.72,2020-05-07,Ebolowa,2020,5,128,19,60.27,103.55999999999999,196.32,721.99,2.0102437887452997,0.061000000000003496,24.15,equatorial
8.56,22.91,24.9,21.19,95.4,10.94,0.55,3.07,0.67,0.72,2020-05-08,Ebolowa,2020,5,129,19,54.33,114.33000000000001,192.57999999999998,732.92,2.067442116128095,-0.8026666666666671,24.15,equatorial
16.15,23.5,27.26,20.49,92.83,22.66,0.71,5.69,0.69,0.76,2020-05-09,Ebolowa,2020,5,130,19,69.28,136.82,205.69,755.56,2.188359993619209,-0.21466666666666612,24.15,equatorial
18.71,23.02,25.71,21.21,93.73,13.37,0.69,4.53,0.7,0.74,2020-05-10,Ebolowa,2020,5,131,19,74.07,137.05,212.35,768.92,2.258031205873811,-0.6766666666666659,24.15,equatorial
13.72,21.75,23.9,20.53,94.42,8.9,0.8,3.13,0.71,0.74,2020-05-11,Ebolowa,2020,5,132,20,81.23,142.29000000000002,199.35,777.81,2.3029707413885605,-1.8919999999999995,24.15,equatorial
16.7,22.74,26.79,19.7,90.86,4.77,0.64,5.64,0.7,0.71,2020-05-12,Ebolowa,2020,5,133,20,83.64,142.0,203.98000000000002,782.5500000000001,2.3250730393046006,-0.8946666666666658,23.8,equatorial
15.65,22.94,25.63,20.54,95.8,10.92,0.52,3.48,0.7,0.73,2020-05-13,Ebolowa,2020,5,134,20,86.08,147.66,214.63,793.47,2.380646496423188,-0.6756666666666646,23.8,equatorial
17.76,23.54,26.8,20.98,93.19,4.69,0.39,3.75,0.69,0.71,2020-05-14,Ebolowa,2020,5,135,20,76.25,136.52,218.03,798.1500000000001,2.4020153028887212,-0.0346666666666664,23.54,equatorial
19.64,23.61,26.06,21.77,93.59,8.87,0.49,3.55,0.69,0.72,2020-05-15,Ebolowa,2020,5,136,20,74.18,128.51,224.57999999999998,807.01,2.445917810220928,0.07133333333333525,23.61,equatorial
18.7,23.18,25.7,20.82,95.26,5.25,0.68,2.96,0.69,0.71,2020-05-16,Ebolowa,2020,5,137,20,56.769999999999996,126.05,226.85,812.22,2.469784887464539,-0.3373333333333335,23.61,equatorial
16.0,24.41,28.26,21.29,89.27,0.69,0.63,5.24,0.68,0.69,2020-05-17,Ebolowa,2020,5,138,20,44.089999999999996,118.16,225.21,812.8,2.4684651286640307,0.871333333333336,24.41,equatorial
15.98,24.35,27.49,21.86,90.66,0.74,0.68,4.07,0.67,0.67,2020-05-18,Ebolowa,2020,5,139,21,35.93,117.16000000000001,216.28,813.48,2.4676900552228793,0.7963333333333331,24.41,equatorial
16.2,23.6,26.84,21.2,91.88,7.39,0.72,5.54,0.66,0.69,2020-05-19,Ebolowa,2020,5,140,21,38.55,122.19,208.23999999999998,820.81,2.5027786346003023,0.03300000000000125,24.41,equatorial
16.11,23.14,26.54,20.82,89.43,2.03,0.81,5.18,0.66,0.67,2020-05-20,Ebolowa,2020,5,141,21,29.659999999999997,115.74,205.14,822.67,2.508182667434157,-0.4486666666666679,24.41,equatorial
15.73,22.85,25.97,20.22,93.38,12.49,0.56,4.95,0.66,0.71,2020-05-21,Ebolowa,2020,5,142,21,37.46,113.71000000000001,217.47,833.4399999999999,2.5614597673607964,-0.7323333333333295,24.41,equatorial
17.16,23.06,26.28,21.01,94.12,9.44,0.57,3.97,0.68,0.72,2020-05-22,Ebolowa,2020,5,143,21,38.03,112.21000000000001,226.78,836.21,2.5714239640642296,-0.5146666666666668,24.41,equatorial
16.7,23.34,26.63,21.13,93.09,5.0,0.54,4.42,0.68,0.7,2020-05-23,Ebolowa,2020,5,144,21,37.78,94.55,231.71,837.26,2.5720952970581608,-0.19800000000000395,24.41,equatorial
15.96,23.96,27.76,20.88,91.28,8.81,0.55,5.66,0.67,0.7,2020-05-24,Ebolowa,2020,5,145,21,45.900000000000006,89.99000000000001,240.35,843.29,2.5994172755166525,0.4343333333333348,24.35,equatorial
15.2,23.18,25.45,21.77,95.0,10.97,0.52,3.53,0.69,0.73,2020-05-25,Ebolowa,2020,5,146,22,56.13,92.06,251.15,853.16,2.6470684921963525,-0.3083333333333371,23.96,equatorial
17.53,23.8,27.16,21.04,91.0,0.5,0.45,3.68,0.68,0.69,2020-05-26,Ebolowa,2020,5,147,22,49.24,87.79,238.51,852.98,2.6407482655050387,0.2956666666666692,23.96,equatorial
15.51,24.45,28.02,21.42,91.03,0.01,0.63,3.66,0.67,0.67,2020-05-27,Ebolowa,2020,5,148,22,47.22,76.88000000000001,234.85999999999999,852.77,2.6343073624146136,0.9029999999999951,24.45,equatorial
17.31,24.68,27.89,22.22,89.3,0.02,0.61,3.93,0.66,0.66,2020-05-28,Ebolowa,2020,5,149,22,34.75000000000001,72.21000000000001,229.82,852.37,2.6268954459572504,1.1000000000000014,24.68,equatorial
14.16,24.19,27.26,21.63,89.14,0.01,0.54,3.57,0.65,0.66,2020-05-29,Ebolowa,2020,5,150,22,25.32,63.35,224.57,851.68,2.617989300672123,0.6176666666666648,24.68,equatorial
16.4,23.76,26.38,21.99,89.08,0.02,0.37,3.08,0.65,0.65,2020-05-30,Ebolowa,2020,5,151,22,20.34,58.12,208.76,851.3399999999999,2.6109963695569722,0.20733333333333448,24.68,equatorial
16.26,23.88,27.4,20.87,87.5,3.43,0.58,5.21,0.64,0.66,2020-05-31,Ebolowa,2020,5,152,22,14.96,60.86,195.31,853.31,2.6162829220425636,0.3233333333333306,24.68,equatorial
14.58,22.92,25.44,20.45,92.32,9.74,0.85,4.34,0.65,0.69,2020-06-01,Ebolowa,2020,6,153,23,13.73,69.86,197.34,862.79,2.66124557713239,-0.6229999999999976,24.68,equatorial
16.95,23.08,26.28,20.78,92.9,5.74,0.63,3.81,0.65,0.68,2020-06-02,Ebolowa,2020,6,154,23,18.97,68.21000000000001,194.5,866.38,2.6747810787761557,-0.43333333333333357,24.68,equatorial
16.22,23.25,26.53,20.72,91.53,2.02,0.64,4.24,0.66,0.67,2020-06-03,Ebolowa,2020,6,155,23,20.98,68.2,194.78,867.76,2.676562877290252,-0.2443333333333335,24.68,equatorial
17.7,23.31,26.54,20.92,91.58,2.97,0.6,3.77,0.65,0.67,2020-06-04,Ebolowa,2020,6,156,23,23.93,58.68000000000001,195.39000000000001,868.32,2.6740100487252,-0.1563333333333361,24.19,equatorial
15.72,23.75,27.57,20.83,89.04,2.63,0.61,5.64,0.65,0.67,2020-06-05,Ebolowa,2020,6,157,23,26.55,51.87,189.54,860.0500000000001,2.6250613096899253,0.2850000000000037,23.88,equatorial
14.77,23.62,27.65,20.16,87.5,0.91,0.8,5.59,0.64,0.65,2020-06-06,Ebolowa,2020,6,158,23,27.44,47.78,175.93,859.84,2.618749740045292,0.16100000000000136,23.88,equatorial
16.99,23.67,27.6,20.6,89.1,1.97,0.62,5.05,0.64,0.65,2020-06-07,Ebolowa,2020,6,159,23,25.979999999999997,40.94,166.96,855.9300000000001,2.5930843048691536,0.1856666666666662,23.75,equatorial
15.22,22.84,25.73,21.09,92.93,5.6,0.56,3.63,0.64,0.66,2020-06-08,Ebolowa,2020,6,160,24,21.84,35.57,149.9,850.21,2.558112232233785,-0.6223333333333336,23.75,equatorial
14.15,22.54,25.98,20.16,90.55,2.03,0.75,4.28,0.64,0.65,2020-06-09,Ebolowa,2020,6,161,24,18.130000000000003,37.1,138.56,823.99,2.416169780704317,-0.9063333333333361,23.75,equatorial
14.2,23.13,27.24,19.99,87.73,1.3,0.69,5.22,0.63,0.64,2020-06-10,Ebolowa,2020,6,162,24,17.409999999999997,38.39,130.96,817.04,2.375714334788761,-0.36233333333333917,23.75,equatorial
14.09,23.3,27.21,20.42,86.83,1.51,0.77,5.17,0.62,0.64,2020-06-11,Ebolowa,2020,6,163,24,15.95,39.879999999999995,127.7,813.16,2.35150491725077,-0.21100000000000207,23.75,equatorial
15.78,22.3,25.83,20.3,90.97,2.4,0.82,3.65,0.62,0.64,2020-06-12,Ebolowa,2020,6,164,24,15.72,42.269999999999996,119.18,809.78,2.33003313116484,-1.189666666666664,23.67,equatorial
15.14,22.48,26.14,19.46,88.34,1.34,0.48,4.11,0.62,0.63,2020-06-13,Ebolowa,2020,6,165,24,16.15,43.59,115.83,805.36,2.3032591440755574,-0.9743333333333339,23.67,equatorial
16.28,23.48,27.98,19.8,87.11,1.4,0.73,5.68,0.62,0.63,2020-06-14,Ebolowa,2020,6,166,24,15.58,41.559999999999995,108.36,795.55,2.2485802248821054,0.030000000000001137,23.48,equatorial
14.53,23.96,28.23,20.54,88.34,2.13,0.58,4.91,0.61,0.63,2020-06-15,Ebolowa,2020,6,167,25,12.11,33.95,105.24,791.1999999999999,2.2225565671484575,0.48400000000000176,23.96,equatorial
14.95,23.28,26.08,21.24,93.49,7.14,0.57,3.6,0.62,0.66,2020-06-16,Ebolowa,2020,6,168,25,17.22,35.35,111.69,792.3100000000001,2.225015434986947,-0.15833333333333144,23.96,equatorial
14.52,22.59,26.16,20.52,91.26,2.85,0.51,3.82,0.62,0.64,2020-06-17,Ebolowa,2020,6,169,25,18.77,36.17999999999999,113.8,766.81,2.089375455980804,-0.7896666666666654,23.96,equatorial
16.56,23.18,27.53,20.0,87.6,1.6,0.56,5.35,0.62,0.63,2020-06-18,Ebolowa,2020,6,170,25,18.86,34.809999999999995,108.01,554.49,0.9838977518755191,-0.1856666666666662,23.96,equatorial
15.66,22.67,26.58,20.35,88.99,3.87,0.73,4.63,0.62,0.64,2020-06-19,Ebolowa,2020,6,171,25,20.33,36.050000000000004,109.85000000000001,542.92,0.9232542094807121,-0.6799999999999997,23.96,equatorial
15.18,22.74,26.61,19.86,91.56,14.88,0.66,5.53,0.62,0.68,2020-06-20,Ebolowa,2020,6,172,25,33.870000000000005,50.019999999999996,112.24,550.0799999999999,0.9600571588210272,-0.6063333333333389,23.96,equatorial
15.6,21.71,23.54,20.13,98.59,18.82,0.46,1.75,0.66,0.74,2020-06-21,Ebolowa,2020,6,173,25,51.290000000000006,66.87,121.62,563.74,1.0306214336391912,-1.5913333333333313,23.96,equatorial
15.72,22.66,26.48,19.86,91.49,4.71,0.67,5.25,0.67,0.69,2020-06-22,Ebolowa,2020,6,174,26,53.87,65.98,121.33,558.4699999999999,1.0026899859931295,-0.6186666666666625,23.28,equatorial
15.71,23.21,27.49,19.84,90.71,6.71,0.52,6.11,0.67,0.69,2020-06-23,Ebolowa,2020,6,175,26,53.44,70.66,119.23,559.67,1.0084269137113124,-0.04366666666666674,23.21,equatorial
12.91,23.13,26.08,21.34,94.81,13.18,0.56,3.11,0.68,0.73,2020-06-24,Ebolowa,2020,6,176,26,63.77,82.54,121.44,570.5400000000001,1.064433337904937,-0.12199999999999989,23.21,equatorial
17.1,23.11,26.55,20.85,90.77,4.8,0.59,4.75,0.68,0.7,2020-06-25,Ebolowa,2020,6,177,26,66.97,85.83,125.74,570.97,1.0661021666550992,-0.11899999999999977,23.21,equatorial
11.86,22.74,25.98,20.64,90.95,2.21,0.71,3.6,0.67,0.68,2020-06-26,Ebolowa,2020,6,178,26,65.31,85.64,127.94,561.6800000000001,1.0172379279226351,-0.43200000000000216,23.21,equatorial
14.72,22.98,26.97,19.89,88.91,3.08,0.7,5.63,0.66,0.68,2020-06-27,Ebolowa,2020,6,179,26,53.510000000000005,87.38,131.0,551.3299999999999,0.9629113957448805,-0.1353333333333353,23.21,equatorial
14.92,22.33,26.19,19.87,91.15,9.19,0.71,4.96,0.67,0.71,2020-06-28,Ebolowa,2020,6,180,26,43.879999999999995,95.16999999999999,140.18,549.45,0.9526740488219702,-0.7233333333333327,23.21,equatorial
13.77,21.75,23.95,19.83,95.17,6.28,0.62,2.74,0.67,0.7,2020-06-29,Ebolowa,2020,6,181,27,45.45,99.32,146.44,535.97,0.882127597406485,-1.2363333333333308,23.21,equatorial
8.07,22.17,24.87,20.44,94.4,9.31,0.64,3.43,0.67,0.71,2020-06-30,Ebolowa,2020,6,182,27,48.05,101.49,152.32,527.5799999999999,0.8381047117475954,-0.7593333333333305,23.13,equatorial
14.87,22.21,25.33,20.09,93.59,4.44,0.48,3.0,0.68,0.7,2020-07-01,Ebolowa,2020,7,183,27,39.31,103.08,147.02,528.92,0.8447190761053223,-0.6956666666666678,23.11,equatorial
13.61,22.56,26.32,19.97,93.56,14.3,0.54,4.42,0.69,0.74,2020-07-02,Ebolowa,2020,7,184,27,48.81,115.78,155.58,537.6899999999999,0.8899739270952585,-0.32833333333333314,22.98,equatorial
8.97,21.56,23.42,20.24,97.15,12.05,0.69,2.43,0.7,0.74,2020-07-03,Ebolowa,2020,7,185,27,58.650000000000006,123.96000000000001,165.60999999999999,547.37,0.9399248718325339,-1.2719999999999985,22.98,equatorial
12.18,22.36,26.76,19.43,89.35,4.18,0.58,5.51,0.7,0.71,2020-07-04,Ebolowa,2020,7,186,27,59.75,113.25999999999999,166.82,548.15,0.9435419249900687,-0.440333333333335,22.56,equatorial
13.42,22.62,26.76,19.64,90.2,3.76,0.62,5.2,0.69,0.7,2020-07-05,Ebolowa,2020,7,187,27,54.32,98.2,167.95,543.78,0.9203691128446978,-0.14266666666666694,22.62,equatorial
14.59,22.23,25.95,19.79,94.25,17.75,0.93,4.4,0.69,0.73,2020-07-06,Ebolowa,2020,7,188,28,65.78999999999999,111.24,184.79,557.04,0.9889175210307468,-0.4863333333333344,22.62,equatorial
11.67,20.74,22.78,19.23,95.07,7.34,0.74,2.58,0.72,0.74,2020-07-07,Ebolowa,2020,7,189,28,63.81999999999999,111.87,190.16,549.7,0.9502546976253795,-1.8786666666666676,22.62,equatorial
18.23,22.26,26.8,18.96,88.35,1.57,0.66,5.16,0.71,0.71,2020-07-08,Ebolowa,2020,7,190,28,60.949999999999996,100.25999999999999,186.13,541.72,0.9082965236403563,-0.3393333333333324,22.62,equatorial
13.24,22.86,27.33,19.46,90.51,8.51,0.58,5.51,0.7,0.71,2020-07-09,Ebolowa,2020,7,191,28,55.16,103.97,192.61,543.52,0.9172494330247151,0.25,22.86,equatorial
11.63,21.82,25.13,19.86,94.36,16.89,0.92,4.17,0.72,0.76,2020-07-10,Ebolowa,2020,7,192,28,60.0,118.65,208.2,538.51,0.89076732057254,-0.7463333333333324,22.86,equatorial
12.93,21.64,25.49,18.92,92.16,5.17,0.62,4.16,0.71,0.73,2020-07-11,Ebolowa,2020,7,193,28,60.99,120.74000000000001,211.86,543.54,0.9165409188938901,-0.8710000000000022,22.86,equatorial
15.83,22.22,26.48,19.23,88.88,2.33,0.76,5.06,0.7,0.71,2020-07-12,Ebolowa,2020,7,194,28,59.56,113.88000000000001,211.79,545.6,0.9268411181543681,-0.288333333333334,22.86,equatorial
12.39,22.06,25.71,19.34,91.84,3.21,0.61,3.75,0.69,0.7,2020-07-13,Ebolowa,2020,7,195,29,45.02,110.81,213.66,547.52,0.9364043224019934,-0.4343333333333348,22.86,equatorial
13.67,21.8,25.47,19.64,93.65,13.2,0.91,4.23,0.7,0.74,2020-07-14,Ebolowa,2020,7,196,29,50.88000000000001,114.7,225.45999999999998,558.4,0.9925754693863126,-0.6383333333333319,22.86,equatorial
12.75,21.83,25.74,19.18,91.02,1.84,0.62,3.87,0.7,0.71,2020-07-15,Ebolowa,2020,7,197,29,51.150000000000006,112.10000000000001,225.17,557.26,0.9861576562628879,-0.5373333333333328,22.86,equatorial
11.59,22.22,26.31,19.34,89.87,2.85,0.63,4.39,0.7,0.7,2020-07-16,Ebolowa,2020,7,198,29,45.49,100.64999999999999,220.88,557.7800000000001,0.9883825971655767,-0.11200000000000188,22.22,equatorial
12.88,20.71,22.29,19.42,95.57,13.03,0.77,2.79,0.71,0.75,2020-07-17,Ebolowa,2020,7,199,29,41.629999999999995,101.63,231.06,561.14,1.0053808959800459,-1.5593333333333312,22.22,equatorial
12.43,22.07,26.03,18.69,89.95,1.88,0.59,4.46,0.71,0.71,2020-07-18,Ebolowa,2020,7,200,29,38.339999999999996,99.33,231.34,547.59,0.9343846922905579,-0.16233333333333277,22.22,equatorial
15.33,22.29,25.58,19.95,89.99,1.57,0.7,3.59,0.7,0.7,2020-07-19,Ebolowa,2020,7,201,29,37.58,97.14,229.04000000000002,544.03,0.9154294877137248,0.07033333333333402,22.29,equatorial
13.78,21.51,24.6,19.47,91.75,7.1,0.86,4.02,0.69,0.71,2020-07-20,Ebolowa,2020,7,202,30,41.47,86.49,221.26,550.97,0.9511263807973431,-0.6686666666666632,22.29,equatorial
17.11,21.75,25.64,19.1,91.25,7.19,0.54,4.53,0.7,0.73,2020-07-21,Ebolowa,2020,7,203,30,35.46,86.34,209.63,558.03,0.9874151267700173,-0.4299999999999997,22.29,equatorial
12.97,22.25,26.58,19.01,89.74,5.97,0.79,6.04,0.7,0.71,2020-07-22,Ebolowa,2020,7,204,30,39.589999999999996,90.74000000000001,210.89,563.9300000000001,1.0176328955465754,0.08366666666666589,22.29,equatorial
16.83,22.15,26.41,19.31,88.58,3.39,0.87,5.86,0.69,0.7,2020-07-23,Ebolowa,2020,7,205,30,40.13,85.62,207.57000000000002,567.1500000000001,1.0338761498334452,0.0189999999999948,22.29,equatorial
16.13,22.32,26.75,19.18,89.22,3.66,0.86,5.65,0.69,0.7,2020-07-24,Ebolowa,2020,7,206,30,30.76,72.39,198.05,570.64,1.0515070388667196,0.21600000000000108,22.32,equatorial
12.29,22.07,26.23,19.38,92.3,6.88,0.78,4.58,0.69,0.71,2020-07-25,Ebolowa,2020,7,207,30,35.760000000000005,74.1,200.13,564.38,1.0183947969203022,0.0006666666666639287,22.32,equatorial
11.08,22.13,26.15,19.61,92.56,14.83,0.84,5.04,0.7,0.75,2020-07-26,Ebolowa,2020,7,208,30,49.02,86.6,212.75,575.5500000000001,1.0759955915866874,0.08099999999999952,22.32,equatorial
13.67,22.11,26.6,19.26,90.67,5.02,0.85,5.47,0.7,0.71,2020-07-27,Ebolowa,2020,7,209,31,46.94,88.41000000000001,214.69,575.51,1.075217212316887,0.08999999999999986,22.32,equatorial
12.85,21.94,26.35,19.32,90.74,4.35,0.93,5.53,0.7,0.71,2020-07-28,Ebolowa,2020,7,210,31,44.1,79.56,209.85,574.6,1.0699144231527478,-0.06700000000000017,22.32,equatorial
11.63,21.19,24.54,19.14,91.77,3.53,0.9,4.02,0.69,0.7,2020-07-29,Ebolowa,2020,7,211,31,41.660000000000004,81.25,207.1,562.3000000000001,1.0053681884798964,-0.7983333333333356,22.32,equatorial
11.98,21.54,25.37,18.9,91.52,2.04,0.79,4.02,0.69,0.7,2020-07-30,Ebolowa,2020,7,212,31,40.31,80.44,199.82999999999998,547.46,0.9276685055580707,-0.42733333333333334,22.32,equatorial
10.95,21.93,26.08,19.63,89.44,1.02,0.78,3.67,0.69,0.69,2020-07-31,Ebolowa,2020,7,213,31,37.67,68.43,196.41,540.77,0.8924372733763389,-0.02799999999999514,22.13,equatorial
11.83,22.83,27.4,19.25,87.16,0.7,0.77,5.28,0.68,0.68,2020-08-01,Ebolowa,2020,8,214,31,31.49,67.25,182.81,532.89,0.851040639216379,0.8629999999999995,22.83,equatorial
17.03,22.55,27.07,19.84,87.88,1.23,1.08,5.17,0.67,0.68,2020-08-02,Ebolowa,2020,8,215,31,17.889999999999997,66.91,171.99,532.38,0.8480271795006031,0.5500000000000007,22.83,equatorial
15.28,22.37,26.95,19.49,86.15,0.82,1.06,5.41,0.66,0.67,2020-08-03,Ebolowa,2020,8,216,32,13.69,60.629999999999995,168.63,530.8399999999999,0.8396554732789775,0.36966666666666725,22.83,equatorial
11.26,22.15,26.59,19.21,87.38,1.87,1.07,5.38,0.66,0.67,2020-08-04,Ebolowa,2020,8,217,32,11.21,55.31,166.74,524.23,0.8049005416080641,0.16533333333332934,22.83,equatorial
15.64,21.69,25.94,19.1,89.28,2.79,0.94,4.97,0.65,0.67,2020-08-05,Ebolowa,2020,8,218,32,10.47,52.13,151.78,512.5,0.7435135300989155,-0.27666666666666373,22.83,equatorial
15.5,21.16,25.47,18.57,88.86,2.16,1.02,5.35,0.65,0.66,2020-08-06,Ebolowa,2020,8,219,32,10.59,50.900000000000006,146.6,503.72,0.697517723385286,-0.8206666666666642,22.83,equatorial
17.27,21.29,25.86,18.08,88.91,2.38,0.86,5.13,0.65,0.66,2020-08-07,Ebolowa,2020,8,220,32,11.95,49.62,147.41000000000003,483.44,0.5916541080865789,-0.658333333333335,22.83,equatorial
12.99,21.53,26.21,18.38,89.16,2.46,0.95,5.69,0.65,0.66,2020-08-08,Ebolowa,2020,8,221,32,13.71,45.199999999999996,141.35999999999999,472.53,0.534630880067252,-0.3739999999999988,22.55,equatorial
13.89,21.55,26.12,18.27,87.78,1.37,1.09,5.41,0.64,0.65,2020-08-09,Ebolowa,2020,8,222,32,13.850000000000001,31.74,125.84,465.0,0.4952323601726196,-0.3449999999999953,22.37,equatorial
14.83,21.66,26.18,18.76,88.1,1.77,1.08,5.03,0.64,0.65,2020-08-10,Ebolowa,2020,8,223,33,14.8,28.49,122.44,462.0,0.47944893809486544,-0.2356666666666669,22.15,equatorial
15.8,21.83,25.45,18.96,89.76,1.37,0.8,4.02,0.64,0.65,2020-08-11,Ebolowa,2020,8,224,33,14.299999999999999,25.51,121.47999999999999,452.45,0.429529693047639,-0.052666666666670636,21.83,equatorial
13.26,22.73,27.49,19.09,89.19,2.15,0.86,5.35,0.64,0.65,2020-08-12,Ebolowa,2020,8,225,33,13.66,24.13,120.42,449.91,0.4161640782894182,0.8250000000000028,22.73,equatorial
17.06,22.06,25.34,20.0,93.5,5.01,0.96,3.81,0.64,0.66,2020-08-13,Ebolowa,2020,8,226,33,16.509999999999998,27.1,112.22999999999999,446.05,0.3959177880746254,0.14633333333333098,22.73,equatorial
16.08,23.04,27.76,19.68,88.01,2.07,1.07,6.01,0.64,0.65,2020-08-14,Ebolowa,2020,8,227,33,16.2,28.15,112.46,442.87,0.37922108610392374,1.0859999999999985,23.04,equatorial
15.62,22.8,27.19,19.86,88.24,1.72,0.89,5.31,0.64,0.64,2020-08-15,Ebolowa,2020,8,228,33,15.459999999999999,29.17,111.33,443.9,0.3844886028400768,0.826666666666668,23.04,equatorial
14.99,23.01,27.87,19.74,88.39,2.76,0.98,6.04,0.63,0.64,2020-08-16,Ebolowa,2020,8,229,33,16.85,30.7,101.06,445.92,0.3949208824522572,0.9600000000000009,23.04,equatorial
16.5,23.17,27.74,20.02,88.33,1.7,0.88,5.24,0.63,0.64,2020-08-17,Ebolowa,2020,8,230,34,16.779999999999998,31.58,100.88,440.23,0.3651152720543481,1.0833333333333357,23.17,equatorial
15.24,22.72,26.99,20.25,90.14,2.3,0.82,4.56,0.63,0.64,2020-08-18,Ebolowa,2020,8,231,34,17.71,32.01,101.61,440.5,0.3664240894572064,0.6189999999999998,23.17,equatorial
15.24,23.3,28.26,19.9,88.5,3.18,0.98,6.33,0.62,0.64,2020-08-19,Ebolowa,2020,8,232,34,18.74,32.4,97.69,431.19000000000005,0.31771521869925207,1.139333333333333,23.3,equatorial
11.23,22.21,25.83,19.86,92.75,39.42,1.06,5.0,0.65,0.77,2020-08-20,Ebolowa,2020,8,233,34,53.15,69.66,129.92000000000002,461.17,0.47418670795887163,0.03399999999999892,23.3,equatorial
14.69,21.08,23.69,19.41,95.19,8.05,0.76,2.78,0.7,0.73,2020-08-21,Ebolowa,2020,8,234,34,59.129999999999995,75.33,132.0,464.22,0.4899751072442106,-1.0570000000000022,23.3,equatorial
13.19,22.07,25.84,19.25,92.81,3.61,0.67,3.72,0.7,0.71,2020-08-22,Ebolowa,2020,8,235,34,61.02,76.47999999999999,132.22,459.02000000000004,0.4626644037884637,-0.0643333333333338,23.3,equatorial
11.62,21.38,23.44,19.92,96.04,7.84,0.66,2.6,0.7,0.72,2020-08-23,Ebolowa,2020,8,236,34,66.1,82.95,136.39999999999998,455.89,0.4461746322296248,-0.7230000000000025,23.3,equatorial
13.9,21.27,23.9,19.51,93.42,3.18,0.79,3.29,0.7,0.71,2020-08-24,Ebolowa,2020,8,237,35,67.58,84.36,132.7,458.57,0.4600501877773634,-0.8063333333333311,23.3,equatorial
16.61,22.29,26.32,18.99,89.12,0.85,0.6,4.6,0.69,0.69,2020-08-25,Ebolowa,2020,8,238,35,66.13,83.84,118.72,459.41,0.4643056893358598,0.2083333333333357,23.3,equatorial
14.34,22.68,25.87,20.23,91.91,4.69,0.6,3.88,0.68,0.69,2020-08-26,Ebolowa,2020,8,239,35,67.64,86.38,118.39,464.08000000000004,0.48858255567834724,0.5793333333333344,22.68,equatorial
16.5,21.98,24.58,20.08,95.57,26.57,0.81,3.74,0.71,0.79,2020-08-27,Ebolowa,2020,8,240,35,54.79,107.94,140.60999999999999,490.64,0.6273015466013963,-0.12199999999999989,22.68,equatorial
14.15,21.31,23.52,19.75,94.81,6.92,0.93,3.25,0.72,0.73,2020-08-28,Ebolowa,2020,8,241,35,53.66,112.78999999999999,144.0,497.54,0.6631684671895813,-0.7959999999999994,22.68,equatorial
15.42,21.62,25.57,19.13,92.81,8.13,0.83,4.76,0.72,0.74,2020-08-29,Ebolowa,2020,8,242,35,58.17999999999999,119.2,150.09,502.24,0.6875153836276497,-0.488666666666667,22.68,equatorial
17.46,21.75,24.98,19.42,92.79,1.83,0.74,3.37,0.71,0.72,2020-08-30,Ebolowa,2020,8,243,35,52.17,118.27,150.89999999999998,494.33,0.6459013429635343,-0.3526666666666678,22.68,equatorial
16.01,22.19,26.1,19.69,91.58,4.16,0.85,4.3,0.7,0.71,2020-08-31,Ebolowa,2020,8,244,36,53.15,120.72999999999999,154.36,492.75000000000006,0.6374155043406282,0.10866666666666447,22.68,equatorial
12.81,22.21,26.24,19.6,91.16,8.62,0.96,5.42,0.7,0.73,2020-09-01,Ebolowa,2020,9,245,36,60.92,127.05,161.75,499.34999999999997,0.6717274724495603,0.14000000000000057,22.68,equatorial
15.99,22.38,26.4,19.34,90.46,1.97,0.64,4.1,0.7,0.7,2020-09-02,Ebolowa,2020,9,246,36,58.2,125.84,162.89999999999998,498.35,0.6662600994998837,0.309666666666665,22.38,equatorial
15.12,21.93,24.21,20.05,96.53,20.67,0.54,2.69,0.71,0.77,2020-09-03,Ebolowa,2020,9,247,36,52.3,107.08999999999999,181.70000000000002,516.39,0.7604252588413175,-0.13299999999999912,22.38,equatorial
16.83,22.49,26.67,19.88,91.32,6.74,0.74,5.25,0.72,0.74,2020-09-04,Ebolowa,2020,9,248,36,52.12,105.77999999999999,185.65,522.22,0.7906434689576797,0.40033333333332877,22.49,equatorial
12.47,21.94,25.81,19.61,92.9,13.17,0.95,5.35,0.72,0.75,2020-09-05,Ebolowa,2020,9,249,36,57.16,115.33999999999999,196.66,533.4200000000001,0.8489440832035393,-0.17566666666666464,22.49,equatorial
15.07,21.33,24.62,19.31,94.36,10.51,0.79,4.21,0.73,0.75,2020-09-06,Ebolowa,2020,9,250,36,65.84,118.01,204.79,538.33,0.8742870441712927,-0.7870000000000026,22.49,equatorial
17.68,22.1,26.42,19.11,91.45,9.27,0.85,6.18,0.73,0.74,2020-09-07,Ebolowa,2020,9,251,37,70.95,124.1,211.6,545.57,0.911804353975365,-0.036000000000001364,22.49,equatorial
15.45,22.4,26.7,19.26,90.65,2.77,0.82,5.34,0.72,0.72,2020-09-08,Ebolowa,2020,9,252,37,65.1,126.02,213.0,547.04,0.9190955836665807,0.23566666666666336,22.49,equatorial
12.75,22.75,26.62,19.89,91.05,3.1,0.62,4.92,0.71,0.72,2020-09-09,Ebolowa,2020,9,253,37,66.23,124.42999999999999,214.33,548.63,0.9270090706442865,0.5493333333333332,22.75,equatorial
15.28,22.5,26.55,19.81,90.04,4.74,0.78,5.48,0.7,0.71,2020-09-10,Ebolowa,2020,9,254,37,50.3,102.6,217.7,550.97,0.9388413232066534,0.27699999999999747,22.75,equatorial
13.72,21.65,24.4,19.74,95.41,6.95,0.74,3.4,0.7,0.73,2020-09-11,Ebolowa,2020,9,255,37,50.510000000000005,102.63,222.5,556.5799999999999,0.9677772322169257,-0.5370000000000026,22.75,equatorial
14.07,21.69,24.55,19.62,94.94,4.64,0.8,3.47,0.71,0.72,2020-09-12,Ebolowa,2020,9,256,37,41.98,99.14,222.13,559.8199999999999,0.9842836729570537,-0.48466666666666214,22.75,equatorial
15.49,22.27,26.15,19.83,91.67,9.49,0.88,5.56,0.71,0.73,2020-09-13,Ebolowa,2020,9,257,37,40.96,106.8,229.55,567.18,1.0223357282487,0.12099999999999866,22.75,equatorial
14.57,22.07,25.6,19.7,93.4,8.69,0.77,4.91,0.71,0.74,2020-09-14,Ebolowa,2020,9,258,38,40.379999999999995,111.32999999999998,236.52,568.73,1.0299454720245418,-0.054666666666665975,22.75,equatorial
15.19,22.37,26.13,19.9,92.31,5.05,0.66,4.55,0.71,0.72,2020-09-15,Ebolowa,2020,9,259,38,42.660000000000004,107.75999999999999,238.81,570.93,1.04094904454291,0.2666666666666657,22.75,equatorial
15.36,22.24,25.31,20.11,94.92,7.5,0.59,3.69,0.71,0.74,2020-09-16,Ebolowa,2020,9,260,38,47.06,113.28999999999999,244.61,576.8299999999999,1.0713020029079725,0.16766666666666552,22.5,equatorial
14.81,22.73,26.54,19.83,92.89,8.39,0.67,5.16,0.72,0.73,2020-09-17,Ebolowa,2020,9,261,38,50.709999999999994,101.00999999999999,250.7,581.3499999999999,1.0944007435697625,0.6573333333333302,22.73,equatorial
15.13,21.86,24.13,20.41,94.89,7.13,0.49,3.12,0.72,0.74,2020-09-18,Ebolowa,2020,9,262,38,50.88999999999999,101.39999999999999,254.64999999999998,573.5999999999999,1.053276255552543,-0.16466666666666896,22.73,equatorial
15.14,22.2,25.94,19.74,91.89,7.94,0.66,5.27,0.72,0.74,2020-09-19,Ebolowa,2020,9,263,38,54.19,96.16999999999999,223.17,562.72,0.995816729241403,0.1756666666666682,22.73,equatorial
17.53,22.0,25.43,19.9,93.64,11.27,0.85,5.25,0.72,0.75,2020-09-20,Ebolowa,2020,9,264,38,55.97,96.92999999999999,226.39,569.28,1.029667205535363,-0.054999999999999716,22.73,equatorial
17.77,22.33,26.61,19.39,90.27,4.64,0.8,6.43,0.72,0.73,2020-09-21,Ebolowa,2020,9,265,39,51.92,92.3,227.42,567.2099999999999,1.0183292448309336,0.266333333333332,22.73,equatorial
17.05,21.76,24.99,19.55,92.56,6.02,0.64,4.62,0.72,0.73,2020-09-22,Ebolowa,2020,9,266,39,52.88999999999999,95.54999999999998,225.6,560.05,0.9803694009567728,-0.31633333333332914,22.73,equatorial
12.17,21.61,25.15,19.26,92.64,7.37,0.56,4.45,0.72,0.74,2020-09-23,Ebolowa,2020,9,267,39,52.76,99.82,229.79,562.62,0.9933579202570131,-0.4776666666666678,22.73,equatorial
17.2,21.56,24.24,19.4,94.12,11.04,0.6,3.86,0.72,0.75,2020-09-24,Ebolowa,2020,9,268,39,55.410000000000004,106.11999999999999,239.98,571.45,1.0390886106941242,-0.5033333333333339,22.33,equatorial
16.91,21.33,24.38,19.59,94.99,15.29,0.78,4.08,0.73,0.77,2020-09-25,Ebolowa,2020,9,269,39,63.57,114.46,250.57999999999998,583.66,1.1024538033585427,-0.6883333333333326,22.33,equatorial
14.06,20.98,24.07,18.93,91.23,4.32,0.98,5.15,0.74,0.75,2020-09-26,Ebolowa,2020,9,270,39,59.949999999999996,114.13999999999999,228.33,578.7900000000001,1.0763942815447323,-1.004999999999999,22.33,equatorial
16.36,21.49,25.78,18.02,90.76,6.5,0.99,6.1,0.73,0.74,2020-09-27,Ebolowa,2020,9,271,39,55.18,111.14999999999998,227.91,579.0100000000001,1.076991306022856,-0.5010000000000012,22.33,equatorial
15.92,21.9,25.9,19.1,92.52,7.07,0.93,5.79,0.72,0.74,2020-09-28,Ebolowa,2020,9,272,40,57.61,109.52999999999999,226.85,576.77,1.0647192129195178,-0.10033333333333516,21.9,equatorial
14.43,21.75,25.36,19.23,93.14,4.34,0.53,3.91,0.72,0.73,2020-09-29,Ebolowa,2020,9,273,40,55.93,108.82,229.36,576.6700000000001,1.0636551024090601,-0.25033333333333374,21.9,equatorial
18.23,21.94,24.61,19.6,95.34,8.58,0.56,3.51,0.72,0.74,2020-09-30,Ebolowa,2020,9,274,40,57.14,109.89999999999999,233.77999999999997,570.9499999999999,1.0331939535342483,-0.0519999999999996,21.94,equatorial
13.96,21.39,23.84,19.97,95.38,3.38,0.62,2.42,0.73,0.74,2020-10-01,Ebolowa,2020,10,275,40,49.48,104.88999999999999,228.54000000000002,562.2800000000001,0.9873308232231599,-0.5746666666666691,21.94,equatorial
16.2,22.71,26.81,19.71,90.89,4.65,0.51,5.19,0.72,0.73,2020-10-02,Ebolowa,2020,10,276,40,38.839999999999996,102.41,231.22,562.75,0.9893259133539337,0.7343333333333355,22.71,equatorial
15.45,22.33,25.15,20.26,94.32,3.73,0.65,2.84,0.72,0.73,2020-10-03,Ebolowa,2020,10,277,40,38.25,98.19999999999999,214.28,562.72,0.9887036380260652,0.3410000000000011,22.71,equatorial
16.66,22.71,26.61,20.07,91.94,3.48,0.58,3.78,0.72,0.73,2020-10-04,Ebolowa,2020,10,278,40,35.23,90.40999999999998,211.01999999999998,548.4499999999999,0.9135817732507592,0.7136666666666684,22.71,equatorial
22.37,22.23,25.26,20.09,94.4,2.82,0.78,2.81,0.72,0.73,2020-10-05,Ebolowa,2020,10,279,41,30.979999999999997,88.59,200.67,543.93,0.8895336538990519,0.22399999999999665,22.71,equatorial
16.25,21.82,24.73,19.87,94.79,5.75,0.67,3.46,0.72,0.73,2020-10-06,Ebolowa,2020,10,280,41,32.39,88.32,195.91,548.11,0.9110276636812505,-0.20233333333333192,22.71,equatorial
17.88,22.09,26.53,18.81,88.34,1.42,0.86,6.08,0.71,0.71,2020-10-07,Ebolowa,2020,10,281,41,25.23,82.37,188.06,541.02,0.8735311778262985,0.06800000000000139,22.71,equatorial
18.4,22.18,26.44,19.42,87.95,1.08,0.44,5.26,0.71,0.71,2020-10-08,Ebolowa,2020,10,282,41,22.93,72.41,186.36999999999998,525.21,0.7904237248760003,0.16533333333333644,22.71,equatorial
17.18,22.77,26.63,20.0,88.63,0.59,0.67,4.86,0.7,0.7,2020-10-09,Ebolowa,2020,10,283,41,18.87,57.709999999999994,183.85999999999999,520.63,0.7661460893073805,0.7546666666666688,22.77,equatorial
16.63,22.32,25.74,19.83,89.62,1.23,0.5,3.95,0.69,0.7,2020-10-10,Ebolowa,2020,10,284,41,16.37,54.61999999999999,180.35000000000002,519.5300000000001,0.7600996084284484,0.3106666666666662,22.77,equatorial
14.67,22.34,26.25,19.52,89.51,0.99,0.59,4.74,0.69,0.7,2020-10-11,Ebolowa,2020,10,285,41,13.88,49.10999999999999,174.39,517.31,0.7481927952312899,0.3076666666666661,22.77,equatorial
17.6,23.04,27.25,19.65,87.78,0.32,0.66,5.38,0.68,0.69,2020-10-12,Ebolowa,2020,10,286,42,11.379999999999999,42.35999999999999,170.07,504.43,0.6804733955954253,0.9626666666666637,23.04,equatorial
17.32,21.75,23.97,20.09,93.7,6.1,0.76,3.34,0.68,0.7,2020-10-13,Ebolowa,2020,10,287,42,11.73,44.12,166.68,508.69,0.7025477396264378,-0.3099999999999987,23.04,equatorial
14.65,22.25,26.18,19.54,92.01,3.67,0.59,4.59,0.69,0.71,2020-10-14,Ebolowa,2020,10,288,42,13.98,39.20999999999999,161.66,509.51,0.7065944623652934,0.18400000000000105,23.04,equatorial
17.57,21.93,24.53,19.88,94.0,5.16,0.57,3.93,0.69,0.71,2020-10-15,Ebolowa,2020,10,289,42,18.06,40.989999999999995,161.76999999999998,501.64,0.665118342814192,-0.1213333333333324,23.04,equatorial
17.44,22.59,26.4,19.9,91.53,4.13,0.56,4.94,0.69,0.71,2020-10-16,Ebolowa,2020,10,290,42,21.6,40.47,158.39999999999998,503.89,0.6766796938886989,0.527000000000001,23.04,equatorial
18.32,21.83,24.01,20.18,94.02,10.54,0.73,2.3,0.69,0.72,2020-10-17,Ebolowa,2020,10,291,42,30.909999999999997,47.27999999999999,160.55,512.86,0.7234462333415577,-0.20300000000000296,23.04,equatorial
16.8,22.62,26.1,19.95,91.46,20.31,0.43,4.47,0.74,0.79,2020-10-18,Ebolowa,2020,10,292,42,50.230000000000004,64.10999999999999,173.73000000000002,526.07,0.7924053083835869,0.5616666666666674,23.04,equatorial
16.58,23.31,27.28,20.16,88.88,1.28,0.65,5.24,0.73,0.73,2020-10-19,Ebolowa,2020,10,293,43,51.19,62.56999999999999,167.07,520.16,0.761131031935539,1.2146666666666661,23.31,equatorial
15.64,23.07,26.27,20.76,90.1,2.39,0.72,5.28,0.72,0.72,2020-10-20,Ebolowa,2020,10,294,43,47.48,59.209999999999994,158.19,516.5799999999999,0.7420850594810777,0.9389999999999965,23.31,equatorial
11.15,22.57,26.09,19.91,91.11,2.89,0.6,4.1,0.71,0.72,2020-10-21,Ebolowa,2020,10,295,43,46.699999999999996,60.67999999999999,156.44,516.0799999999999,0.7391930700157044,0.43100000000000094,23.31,equatorial
17.19,22.74,26.33,19.92,91.09,3.17,0.49,4.43,0.71,0.72,2020-10-22,Ebolowa,2020,10,296,43,44.71,62.76999999999999,153.59,515.59,0.7363551431117981,0.5683333333333316,23.31,equatorial
13.29,22.09,23.83,20.13,96.96,6.88,0.6,2.67,0.71,0.73,2020-10-23,Ebolowa,2020,10,297,43,47.459999999999994,69.05999999999999,153.1,515.59,0.7360877436444061,-0.09766666666666524,23.31,equatorial
15.5,22.8,26.32,20.13,93.95,5.79,0.65,4.13,0.71,0.73,2020-10-24,Ebolowa,2020,10,298,43,42.71,73.61999999999999,147.85,506.55,0.6884203364872817,0.5710000000000015,23.31,equatorial
16.03,22.22,24.09,20.7,97.04,30.21,0.59,2.73,0.73,0.79,2020-10-25,Ebolowa,2020,10,299,43,52.61,102.83999999999999,162.77,531.74,0.8202733020747692,-0.03866666666666774,23.31,equatorial
16.07,23.21,26.78,20.59,93.41,14.73,0.47,4.89,0.76,0.78,2020-10-26,Ebolowa,2020,10,300,44,66.06,117.25,173.17999999999998,542.1199999999999,0.8743799668690192,0.8769999999999989,23.21,equatorial
15.37,23.35,26.58,20.95,91.37,43.34,0.56,5.75,0.81,0.86,2020-10-27,Ebolowa,2020,10,301,44,107.01,154.49,210.01999999999998,581.93,1.082743746754901,0.9550000000000018,23.35,equatorial
13.62,22.19,24.64,20.55,94.25,5.13,0.61,3.02,0.8,0.79,2020-10-28,Ebolowa,2020,10,302,44,109.25,155.95000000000002,208.08,585.02,1.0983890496975626,-0.21466666666666612,23.35,equatorial
10.45,22.32,25.39,20.45,94.37,7.09,0.56,4.25,0.79,0.79,2020-10-29,Ebolowa,2020,10,303,44,113.17,157.88000000000002,210.83,591.09,1.1296363301704018,-0.10366666666666902,23.35,equatorial
18.03,23.17,27.48,18.84,84.82,2.79,0.62,6.52,0.77,0.77,2020-10-30,Ebolowa,2020,10,304,44,109.08000000000001,156.54,205.04000000000002,593.18,1.1399867478684187,0.7053333333333356,23.35,equatorial
15.57,22.67,25.82,19.6,93.27,6.41,0.62,3.51,0.76,0.77,2020-10-31,Ebolowa,2020,10,305,44,109.7,152.41,208.07,598.36,1.166517796391328,0.16266666666667007,23.35,equatorial
12.85,22.58,25.41,20.63,93.45,16.85,0.63,3.32,0.76,0.79,2020-11-01,Ebolowa,2020,11,306,44,96.34,148.95,220.27,614.39,1.249863088343175,0.07699999999999818,23.35,equatorial
15.58,22.53,25.91,19.93,91.42,2.35,0.61,4.02,0.77,0.77,2020-11-02,Ebolowa,2020,11,307,45,83.96000000000001,150.01999999999998,218.89,614.87,1.2516271660757248,0.020333333333336867,23.35,equatorial
15.25,23.33,26.37,21.25,88.53,1.4,0.75,3.81,0.76,0.75,2020-11-03,Ebolowa,2020,11,308,45,42.02,149.03,216.81,613.4799999999999,1.2435941035588771,0.799666666666667,23.33,equatorial
15.96,23.33,26.29,20.71,94.01,13.41,0.51,3.83,0.76,0.78,2020-11-04,Ebolowa,2020,11,309,45,50.3,159.54999999999998,227.4,624.73,1.3017685983753304,0.7629999999999946,23.33,equatorial
15.51,23.45,26.74,20.95,89.25,1.28,0.64,4.51,0.76,0.76,2020-11-05,Ebolowa,2020,11,310,45,44.49,157.66,222.93,623.63,1.2951883260627208,0.8286666666666669,23.45,equatorial
17.33,22.35,25.05,20.39,95.38,3.29,0.66,2.41,0.75,0.76,2020-11-06,Ebolowa,2020,11,311,45,44.99000000000001,154.07000000000002,224.8,624.4599999999999,1.2987223233862617,-0.2799999999999976,23.45,equatorial
14.11,22.67,26.59,18.9,88.26,4.46,0.75,4.87,0.75,0.75,2020-11-07,Ebolowa,2020,11,312,45,43.04,152.73999999999998,228.18,627.55,1.314080072491573,0.02366666666666717,23.45,equatorial
18.75,22.94,27.0,20.13,92.29,11.61,0.63,5.47,0.75,0.78,2020-11-08,Ebolowa,2020,11,313,45,37.8,134.14000000000001,239.20000000000002,637.39,1.3647347348238656,0.28800000000000026,23.45,equatorial
15.98,22.1,24.99,20.17,95.08,21.93,0.69,3.42,0.77,0.81,2020-11-09,Ebolowa,2020,11,314,46,57.379999999999995,141.34,259.9,657.9499999999999,1.4713731469479001,-0.544666666666668,23.45,equatorial
14.81,22.11,25.25,20.03,93.75,8.68,0.63,3.81,0.79,0.8,2020-11-10,Ebolowa,2020,11,315,46,64.66,106.68,267.59,664.48,1.504430887692592,-0.527000000000001,23.45,equatorial
15.99,22.89,26.71,20.04,91.57,4.69,0.71,4.75,0.78,0.78,2020-11-11,Ebolowa,2020,11,316,46,55.940000000000005,106.24000000000001,271.96,664.16,1.5016127590097075,0.2579999999999991,23.45,equatorial
17.5,23.91,27.87,20.06,84.69,0.96,0.74,6.04,0.77,0.76,2020-11-12,Ebolowa,2020,11,317,46,55.620000000000005,100.11,266.82000000000005,663.0500000000001,1.4946724233125148,1.2059999999999995,23.91,equatorial
17.56,24.15,27.96,21.55,84.53,1.14,0.62,5.57,0.76,0.75,2020-11-13,Ebolowa,2020,11,318,46,53.47,98.46,264.29,662.47,1.4905155939034813,1.3826666666666654,24.15,equatorial
16.92,23.76,28.1,20.25,87.39,1.15,0.91,5.53,0.75,0.75,2020-11-14,Ebolowa,2020,11,319,46,50.160000000000004,93.2,260.28,660.86,1.4809879909220096,0.9316666666666684,24.15,equatorial
16.81,23.55,27.45,20.45,84.99,1.62,0.79,5.66,0.74,0.74,2020-11-15,Ebolowa,2020,11,320,46,40.169999999999995,77.97,257.77,660.78,1.4794689150008966,0.689666666666664,24.15,equatorial
15.87,22.87,27.2,19.93,88.15,1.58,0.62,5.51,0.73,0.74,2020-11-16,Ebolowa,2020,11,321,47,19.82,77.2,248.81,660.0600000000001,1.474612297964646,-0.02499999999999858,24.15,equatorial
19.36,23.05,27.08,20.18,87.62,0.15,0.53,3.87,0.73,0.73,2020-11-17,Ebolowa,2020,11,322,47,11.290000000000001,75.95,228.65,657.03,1.4577103249864583,0.14066666666666805,24.15,equatorial
20.79,23.77,28.08,20.07,85.38,0.85,0.67,5.21,0.72,0.73,2020-11-18,Ebolowa,2020,11,323,47,7.45,63.38999999999999,228.22000000000003,618.46,1.2553730570014985,0.8453333333333326,24.15,equatorial
17.9,23.78,28.26,20.77,86.95,0.27,0.6,5.61,0.72,0.72,2020-11-19,Ebolowa,2020,11,324,47,6.76,62.38,226.10000000000002,610.68,1.2140176453346905,0.8316666666666706,24.15,equatorial
15.46,23.95,27.9,20.81,86.77,0.49,0.69,4.63,0.71,0.72,2020-11-20,Ebolowa,2020,11,325,47,6.11,59.580000000000005,223.70000000000002,607.5600000000001,1.1970375287683563,0.9556666666666658,23.95,equatorial
14.09,23.68,27.55,20.63,87.75,0.88,0.73,4.18,0.71,0.72,2020-11-21,Ebolowa,2020,11,326,47,5.84,56.0,221.41,600.6,1.1600412321022386,0.6543333333333337,23.95,equatorial
15.86,23.3,26.25,20.86,89.29,1.65,0.81,4.49,0.71,0.72,2020-11-22,Ebolowa,2020,11,327,47,5.869999999999999,46.040000000000006,216.18,599.0699999999999,1.1514257139478308,0.23400000000000176,23.95,equatorial
17.13,23.33,26.7,20.75,89.08,0.94,0.62,3.23,0.71,0.72,2020-11-23,Ebolowa,2020,11,328,48,5.2299999999999995,25.05,211.33,599.1600000000001,1.1512738635747861,0.2463333333333324,23.95,equatorial
15.48,24.12,28.46,20.39,86.4,0.66,0.56,4.83,0.71,0.71,2020-11-24,Ebolowa,2020,11,329,48,5.74,17.03,181.78,595.13,1.1296263960340034,0.9730000000000025,24.12,equatorial
17.57,23.31,26.11,21.16,89.08,0.76,0.63,2.7,0.7,0.71,2020-11-25,Ebolowa,2020,11,330,48,5.6499999999999995,13.1,167.81000000000003,569.32,0.9943594225773806,0.1596666666666664,24.12,equatorial
16.78,23.98,28.04,20.44,86.82,0.7,0.62,4.76,0.7,0.71,2020-11-26,Ebolowa,2020,11,331,48,6.08,12.84,125.17,563.1,0.9614425432565094,0.8086666666666673,24.12,equatorial
17.18,24.08,27.39,21.09,86.28,0.95,0.73,4.04,0.7,0.71,2020-11-27,Ebolowa,2020,11,332,48,6.54,12.649999999999999,120.99000000000001,555.92,0.9235432492790218,0.8456666666666663,24.12,equatorial
17.77,23.86,27.84,20.5,86.65,0.99,0.72,4.7,0.7,0.71,2020-11-28,Ebolowa,2020,11,333,48,6.6499999999999995,12.49,114.89,555.08,0.9187629936676069,0.5743333333333354,24.12,equatorial
19.09,23.76,27.62,20.22,85.48,0.7,0.79,4.46,0.7,0.7,2020-11-29,Ebolowa,2020,11,334,48,5.7,11.57,112.8,551.62,0.90031191303441,0.4546666666666681,24.12,equatorial
18.53,23.24,27.7,19.85,85.51,0.65,0.91,5.16,0.69,0.7,2020-11-30,Ebolowa,2020,11,335,49,5.41,10.639999999999999,107.04,543.65,0.8583331933805872,-0.08433333333333692,24.12,equatorial
16.73,23.67,27.99,19.83,84.76,1.31,0.88,5.49,0.69,0.7,2020-12-01,Ebolowa,2020,12,336,49,6.06,11.799999999999999,91.5,542.99,0.8545431551358454,0.3093333333333348,24.08,equatorial
18.79,23.78,28.61,20.31,87.21,0.79,0.83,5.31,0.68,0.69,2020-12-02,Ebolowa,2020,12,337,49,6.09,11.74,89.94,523.11,0.7504101016231101,0.3776666666666664,24.08,equatorial
18.56,23.64,28.2,20.55,86.49,0.54,0.73,4.87,0.68,0.69,2020-12-03,Ebolowa,2020,12,338,49,5.93,12.01,89.08,516.91,0.7177639477402072,0.22733333333333405,24.08,equatorial
18.81,23.41,28.25,19.97,85.77,0.46,0.75,5.05,0.68,0.69,2020-12-04,Ebolowa,2020,12,339,49,5.4399999999999995,11.98,76.13,504.20000000000005,0.6511330125963052,-0.005333333333329193,23.86,equatorial
17.11,23.12,28.09,19.7,86.4,0.45,0.82,5.02,0.67,0.68,2020-12-05,Ebolowa,2020,12,340,49,4.9,11.549999999999999,75.3,494.14000000000004,0.5983693548625518,-0.28433333333333266,23.78,equatorial
13.54,22.71,26.33,19.98,87.23,0.73,0.61,3.47,0.67,0.69,2020-12-06,Ebolowa,2020,12,341,49,4.930000000000001,10.63,72.74000000000001,485.59999999999997,0.5535637032408306,-0.7063333333333333,23.78,equatorial
9.08,23.25,28.12,19.74,85.96,1.07,0.68,5.43,0.67,0.68,2020-12-07,Ebolowa,2020,12,342,50,5.35,10.760000000000002,69.35,483.90000000000003,0.5445135004230643,-0.18566666666666976,23.78,equatorial
14.45,23.55,27.86,20.1,87.33,0.63,0.69,4.03,0.67,0.68,2020-12-08,Ebolowa,2020,12,343,50,4.670000000000001,10.73,58.37,481.43,0.5314414592874516,0.0940000000000012,23.78,equatorial
18.47,24.2,28.99,20.43,84.92,0.55,0.73,5.27,0.67,0.68,2020-12-09,Ebolowa,2020,12,344,50,4.430000000000001,10.52,36.989999999999995,477.24,0.5093817082048409,0.6739999999999995,24.2,equatorial
15.72,22.95,26.07,20.82,90.61,0.88,0.62,2.44,0.67,0.68,2020-12-10,Ebolowa,2020,12,345,50,4.7700000000000005,10.7,29.19,471.16999999999996,0.4774977259479784,-0.6039999999999992,24.2,equatorial
15.23,23.62,28.08,20.46,87.54,0.71,0.65,4.29,0.67,0.68,2020-12-11,Ebolowa,2020,12,346,50,5.0200000000000005,10.46,25.21,467.24,0.4568112259257052,0.04166666666666785,24.2,equatorial
15.48,23.44,27.71,20.43,88.61,2.61,0.55,4.01,0.67,0.68,2020-12-12,Ebolowa,2020,12,347,50,7.18,12.08,26.86,460.36,0.42069872432503186,-0.12266666666666382,24.2,equatorial
15.91,22.99,26.75,20.81,90.94,2.54,0.69,3.13,0.67,0.69,2020-12-13,Ebolowa,2020,12,348,50,8.99,13.92,28.26,454.21,0.3884108689509451,-0.5340000000000025,24.2,equatorial
16.36,23.44,28.36,19.86,87.25,3.11,0.72,4.84,0.67,0.69,2020-12-14,Ebolowa,2020,12,349,51,11.03,16.380000000000003,30.22,452.27,0.37815683578989173,-0.07333333333333414,24.2,equatorial
16.36,23.33,27.57,20.51,88.5,3.57,0.66,3.94,0.67,0.7,2020-12-15,Ebolowa,2020,12,350,51,13.97,18.64,32.17,448.34,0.3574890892195896,-0.17599999999999838,24.2,equatorial
15.48,23.69,28.35,20.27,86.82,2.22,0.78,4.6,0.67,0.69,2020-12-16,Ebolowa,2020,12,351,51,15.64,20.07,32.81,442.17,0.32509766525593287,0.1566666666666663,23.69,equatorial
18.01,23.49,27.74,20.52,88.34,0.31,0.62,3.47,0.67,0.68,2020-12-17,Ebolowa,2020,12,352,51,15.07,19.84,32.97,435.35,0.28930579649203825,-0.05800000000000338,23.69,equatorial
18.92,23.53,27.62,20.72,86.1,0.08,0.61,3.42,0.67,0.68,2020-12-18,Ebolowa,2020,12,353,51,14.44,19.46,32.2,427.49,0.24806978907160993,-0.010000000000001563,23.69,equatorial
15.47,23.65,27.7,19.95,83.13,0.13,0.52,3.8,0.66,0.67,2020-12-19,Ebolowa,2020,12,354,51,11.96,19.139999999999997,32.06,416.35,0.1896538817167864,0.11433333333333096,23.69,equatorial
16.75,23.89,27.92,20.7,83.56,0.06,0.6,4.18,0.66,0.67,2020-12-20,Ebolowa,2020,12,355,51,9.479999999999999,18.470000000000002,31.63,411.77000000000004,0.16561149801491237,0.3563333333333354,23.89,equatorial
16.67,23.55,27.9,20.1,85.67,0.09,0.69,3.94,0.66,0.67,2020-12-21,Ebolowa,2020,12,356,52,6.46,17.490000000000002,30.84,405.84,0.13449457902171957,0.020666666666663502,23.89,equatorial
17.32,23.49,28.04,20.25,86.25,0.09,0.71,4.06,0.65,0.66,2020-12-22,Ebolowa,2020,12,357,52,2.9800000000000004,16.95,29.28,398.56,0.09630137039228602,-0.045666666666665634,23.89,equatorial
16.39,23.82,28.94,20.02,84.22,0.06,0.7,4.79,0.65,0.66,2020-12-23,Ebolowa,2020,12,358,52,0.8200000000000001,16.46,28.4,387.58000000000004,0.03870840231687508,0.26799999999999713,23.89,equatorial
15.17,23.76,28.79,19.95,85.65,0.11,0.73,4.44,0.65,0.65,2020-12-24,Ebolowa,2020,12,359,52,0.62,15.69,27.849999999999998,372.40000000000003,-0.04091123102824979,0.21999999999999886,23.89,equatorial
13.85,24.04,28.58,20.36,83.81,0.13,0.74,4.46,0.64,0.65,2020-12-25,Ebolowa,2020,12,360,52,0.6699999999999999,15.11,27.220000000000002,368.21000000000004,-0.06288110355877545,0.4756666666666689,24.04,equatorial
17.13,23.82,29.0,20.02,83.28,0.03,0.82,4.67,0.64,0.65,2020-12-26,Ebolowa,2020,12,361,52,0.57,12.530000000000001,26.55,361.74,-0.0968136380626093,0.26099999999999923,24.04,equatorial
16.61,23.89,29.13,19.88,82.77,0.01,0.72,4.75,0.64,0.64,2020-12-27,Ebolowa,2020,12,362,52,0.52,10.0,25.61,354.68,-0.13384212777314386,0.3373333333333335,24.04,equatorial
16.35,24.31,29.34,20.37,84.38,0.02,0.71,4.58,0.64,0.64,2020-12-28,Ebolowa,2020,12,363,53,0.44999999999999996,6.91,24.64,350.36,-0.15648731293723706,0.7423333333333275,24.31,equatorial
16.86,24.53,29.59,20.81,82.59,0.01,0.74,4.79,0.63,0.64,2020-12-29,Ebolowa,2020,12,364,53,0.37,3.35,23.950000000000003,341.79,-0.20144556517073767,0.9366666666666639,24.53,equatorial
17.89,24.34,29.41,20.34,81.61,0.01,0.72,4.5,0.63,0.64,2020-12-30,Ebolowa,2020,12,365,53,0.32,1.14,23.31,338.42,-0.21909489984692082,0.7099999999999973,24.53,equatorial
16.6,24.34,29.07,20.63,82.51,0.02,0.65,4.25,0.63,0.63,2020-12-31,Ebolowa,2020,12,366,53,0.23,0.85,22.02,333.79,-0.24336157301752767,0.6876666666666686,24.53,equatorial
15.38,24.02,28.8,20.69,84.27,0.05,0.7,3.87,0.63,0.63,2021-01-01,Ebolowa,2021,1,1,53,0.15,0.82,21.28,330.11,-0.26263599886076583,0.35966666666666924,24.53,equatorial
17.11,24.44,29.48,20.46,81.3,0.05,0.76,4.51,0.62,0.63,2021-01-02,Ebolowa,2021,1,2,53,0.17,0.74,20.79,326.68,-0.28059553093292716,0.7530000000000001,24.53,equatorial
17.8,24.13,28.54,20.22,81.51,0.2,0.8,3.96,0.62,0.63,2021-01-03,Ebolowa,2021,1,3,53,0.36,0.8799999999999999,20.53,324.06,-0.29429663070526785,0.41899999999999693,24.53,equatorial
14.83,24.34,29.08,20.49,80.52,0.08,0.87,4.46,0.62,0.62,2021-01-04,Ebolowa,2021,1,4,1,0.42,0.87,20.159999999999997,318.39,-0.3240298082927132,0.5883333333333312,24.53,equatorial
16.76,24.33,29.32,20.67,82.93,0.1,0.9,4.13,0.62,0.62,2021-01-05,Ebolowa,2021,1,5,1,0.51,0.88,19.53,317.07,-0.3308886619226971,0.5243333333333347,24.44,equatorial
6.9,24.45,29.13,20.19,84.45,3.62,0.93,4.26,0.62,0.63,2021-01-06,Ebolowa,2021,1,6,1,4.12,4.44,22.080000000000002,319.61,-0.317447593416172,0.604333333333333,24.45,equatorial
16.79,23.54,27.03,20.97,89.51,4.38,0.79,2.91,0.63,0.66,2021-01-07,Ebolowa,2021,1,7,1,8.48,8.71,25.83,323.40000000000003,-0.2974327426637252,-0.30533333333333346,24.45,equatorial
17.5,23.8,29.11,20.52,84.17,0.77,0.75,4.4,0.63,0.63,2021-01-08,Ebolowa,2021,1,8,1,9.2,9.350000000000001,26.05,322.94,-0.2997792995617813,-0.03200000000000003,24.45,equatorial
18.35,24.08,29.92,20.02,81.31,0.62,0.76,4.93,0.62,0.63,2021-01-09,Ebolowa,2021,1,9,1,9.770000000000001,9.94,25.79,322.57,-0.30165211542754156,0.2103333333333346,24.45,equatorial
19.05,23.88,29.38,19.85,81.63,0.7,0.84,5.05,0.62,0.62,2021-01-10,Ebolowa,2021,1,10,1,10.27,10.63,25.779999999999998,322.95,-0.29957735968837546,0.0016666666666687036,24.45,equatorial
19.24,23.82,29.53,19.54,81.5,0.02,0.77,4.59,0.61,0.62,2021-01-11,Ebolowa,2021,1,11,2,10.209999999999999,10.63,23.189999999999998,316.87,-0.33151051050715286,-0.0710000000000015,24.45,equatorial
18.29,23.95,29.51,20.0,81.95,0.0,0.9,4.65,0.61,0.61,2021-01-12,Ebolowa,2021,1,12,2,10.11,10.620000000000001,20.65,313.20000000000005,-0.35075090106283247,0.027000000000001023,24.45,equatorial
17.96,23.69,28.56,20.43,81.58,0.0,0.93,4.1,0.6,0.61,2021-01-13,Ebolowa,2021,1,13,2,6.49,10.610000000000001,17.54,308.04,-0.37783592755562856,-0.2413333333333334,24.08,equatorial
19.41,23.27,28.67,19.28,81.1,0.0,0.86,4.23,0.6,0.6,2021-01-14,Ebolowa,2021,1,14,2,2.11,10.59,13.969999999999999,303.91,-0.3994920432782166,-0.6593333333333327,24.08,equatorial
19.56,23.31,28.85,19.84,83.72,0.0,0.75,3.66,0.6,0.6,2021-01-15,Ebolowa,2021,1,15,2,1.3399999999999999,10.540000000000001,11.75,293.37,-0.4549138684956939,-0.6066666666666691,24.08,equatorial
18.69,23.75,29.31,19.72,81.56,0.0,0.72,3.98,0.6,0.6,2021-01-16,Ebolowa,2021,1,16,2,0.72,10.49,11.44,273.06000000000006,-0.5618002318002433,-0.17533333333333445,23.95,equatorial
17.18,23.88,29.92,19.5,79.76,0.0,0.88,4.44,0.59,0.59,2021-01-17,Ebolowa,2021,1,17,2,0.02,10.290000000000001,11.36,271.78000000000003,-0.5683778944757306,-0.05700000000000216,23.95,equatorial
18.14,24.05,29.16,19.96,81.63,0.0,0.78,3.87,0.59,0.59,2021-01-18,Ebolowa,2021,1,18,3,0.0,10.21,11.229999999999999,269.39000000000004,-0.5808036710124268,0.09966666666666768,24.05,equatorial
17.17,24.23,30.21,20.35,80.91,0.0,0.89,4.45,0.59,0.59,2021-01-19,Ebolowa,2021,1,19,3,0.0,10.110000000000001,11.17,266.50000000000006,-0.5958611743620137,0.2683333333333344,24.23,equatorial
19.54,23.9,30.08,19.58,77.29,0.0,0.87,4.72,0.59,0.58,2021-01-20,Ebolowa,2021,1,20,3,0.0,6.49,11.079999999999998,263.33000000000004,-0.6123899210245263,-0.07333333333333414,24.23,equatorial
20.31,23.27,29.6,17.73,74.36,0.06,1.03,4.45,0.58,0.58,2021-01-21,Ebolowa,2021,1,21,3,0.06,2.17,11.049999999999999,256.51000000000005,-0.6481568483744209,-0.6960000000000015,24.23,equatorial
18.56,23.53,28.91,19.51,82.69,0.17,0.86,3.25,0.58,0.58,2021-01-22,Ebolowa,2021,1,22,3,0.23,1.5699999999999998,11.16,250.89000000000001,-0.6775824339418444,-0.42633333333332857,24.23,equatorial
17.27,23.95,29.78,20.33,82.21,0.3,0.87,3.68,0.58,0.58,2021-01-23,Ebolowa,2021,1,23,3,0.53,1.25,11.35,220.98,-0.835075137699371,-0.012666666666667936,24.23,equatorial
17.85,24.31,30.21,20.2,80.4,0.26,0.79,4.17,0.58,0.58,2021-01-24,Ebolowa,2021,1,24,3,0.79,0.81,11.48,206.51000000000002,-0.9110513795377507,0.3383333333333276,24.31,equatorial
17.8,24.64,30.31,20.33,79.79,0.46,0.78,4.13,0.57,0.58,2021-01-25,Ebolowa,2021,1,25,4,1.25,1.25,11.909999999999998,163.63,-1.1367332363838312,0.6409999999999982,24.64,equatorial
17.61,24.23,29.19,20.7,81.35,0.21,0.69,3.38,0.57,0.58,2021-01-26,Ebolowa,2021,1,26,4,1.46,1.46,12.11,158.71,-1.1620772080636594,0.21966666666666868,24.64,equatorial
16.26,23.87,29.21,20.26,83.04,0.51,0.6,3.47,0.57,0.58,2021-01-27,Ebolowa,2021,1,27,4,1.97,1.97,12.6,152.13,-1.1961378997238736,-0.12566666666666038,24.64,equatorial
18.18,24.16,29.31,20.44,82.75,0.46,0.81,3.47,0.57,0.58,2021-01-28,Ebolowa,2021,1,28,4,2.37,2.43,13.049999999999999,149.8,-1.2077604852921573,0.17666666666666586,24.64,equatorial
17.01,24.42,29.73,20.46,81.92,0.37,0.76,3.83,0.57,0.57,2021-01-29,Ebolowa,2021,1,29,4,2.57,2.8,13.41,143.76000000000002,-1.2389137573288496,0.4340000000000046,24.64,equatorial
16.58,23.44,28.35,20.84,87.2,1.02,0.47,2.41,0.57,0.58,2021-01-30,Ebolowa,2021,1,30,4,3.29,3.8200000000000003,14.41,127.92999999999999,-1.3215891461478537,-0.5160000000000018,24.64,equatorial
17.68,24.01,30.01,19.32,77.85,0.08,0.73,4.07,0.57,0.57,2021-01-31,Ebolowa,2021,1,31,4,3.11,3.9,14.44,125.66,-1.3327268545598405,0.054333333333332234,24.64,equatorial
17.31,24.12,29.33,20.6,82.07,0.1,0.82,3.28,0.57,0.57,2021-02-01,Ebolowa,2021,2,32,5,2.75,4.0,14.489999999999998,124.36,-1.3387398720347672,0.1750000000000007,24.42,equatorial
17.21,24.84,30.45,20.39,80.45,0.06,0.72,3.8,0.57,0.57,2021-02-02,Ebolowa,2021,2,33,5,2.6,4.0600000000000005,14.35,111.00999999999999,-1.4081707677610473,0.871333333333336,24.84,equatorial
16.67,24.64,29.61,21.31,83.05,0.14,0.78,3.18,0.56,0.56,2021-02-03,Ebolowa,2021,2,34,5,2.23,4.2,14.41,109.86999999999999,-1.413226539050186,0.6613333333333351,24.84,equatorial
18.37,24.79,29.9,20.83,81.01,0.05,0.66,3.26,0.56,0.56,2021-02-04,Ebolowa,2021,2,35,5,1.8199999999999998,4.19,14.36,106.63000000000001,-1.4293212642550834,0.7959999999999958,24.84,equatorial
18.9,24.83,30.83,20.67,79.23,0.09,0.76,3.96,0.56,0.56,2021-02-05,Ebolowa,2021,2,36,5,1.54,4.109999999999999,10.829999999999998,102.25999999999999,-1.4513295365838312,0.8233333333333306,24.84,equatorial
17.97,24.92,30.82,20.71,78.83,0.12,0.92,4.12,0.56,0.55,2021-02-06,Ebolowa,2021,2,37,5,0.64,3.93,6.57,90.77,-1.5107302785765064,0.8673333333333346,24.92,equatorial
17.11,24.72,30.17,20.74,79.93,0.21,0.76,3.68,0.55,0.55,2021-02-07,Ebolowa,2021,2,38,5,0.77,3.88,6.010000000000001,69.05,-1.6237643366054726,0.6366666666666667,24.92,equatorial
17.57,25.1,30.56,21.03,77.97,0.08,0.74,3.89,0.55,0.55,2021-02-08,Ebolowa,2021,2,39,6,0.7499999999999999,3.5,5.470000000000001,60.449999999999996,-1.6676131576292448,0.9826666666666704,25.1,equatorial
17.78,24.98,31.11,20.76,76.83,0.04,0.8,4.0,0.55,0.55,2021-02-09,Ebolowa,2021,2,40,6,0.73,3.33,4.8100000000000005,55.8,-1.690614118316549,0.8260000000000005,25.1,equatorial
17.97,24.87,31.08,20.43,78.04,0.11,0.92,3.95,0.55,0.54,2021-02-10,Ebolowa,2021,2,41,6,0.7,2.93,4.8999999999999995,54.949999999999996,-1.693615039289625,0.6810000000000009,25.1,equatorial
19.42,25.22,31.71,20.67,78.52,0.28,0.98,4.12,0.54,0.54,2021-02-11,Ebolowa,2021,2,42,6,0.9299999999999999,2.75,5.18,54.089999999999996,-1.696660739054057,0.9886666666666635,25.22,equatorial
17.62,25.36,31.29,21.23,79.2,0.3,0.98,3.85,0.54,0.54,2021-02-12,Ebolowa,2021,2,43,6,1.14,2.68,5.4799999999999995,53.24,-1.699646188543217,1.0730000000000004,25.36,equatorial
18.55,25.07,30.61,21.37,80.17,0.31,0.89,3.33,0.54,0.54,2021-02-13,Ebolowa,2021,2,44,6,1.33,1.97,5.789999999999999,51.93,-1.7050347657576699,0.7230000000000025,25.36,equatorial
17.02,24.67,29.9,20.91,83.32,1.13,0.76,2.86,0.54,0.54,2021-02-14,Ebolowa,2021,2,45,6,2.25,3.0199999999999996,6.92,51.480000000000004,-1.7059041166707134,0.2776666666666685,25.36,equatorial
16.54,24.44,29.59,21.36,84.08,1.64,0.83,3.12,0.54,0.56,2021-02-15,Ebolowa,2021,2,46,7,3.8099999999999996,4.56,8.559999999999999,52.97,-1.6966124952535826,0.024666666666671944,25.36,equatorial
16.34,25.48,31.84,20.93,76.38,0.11,0.77,4.09,0.54,0.54,2021-02-16,Ebolowa,2021,2,47,7,3.88,4.61,8.67,52.230000000000004,-1.6990173546894785,1.0113333333333365,25.48,equatorial
21.3,24.23,29.45,21.15,73.08,0.09,0.84,3.65,0.54,0.53,2021-02-17,Ebolowa,2021,2,48,7,3.86,4.56,8.76,52.05,-1.6984860777685211,-0.24466666666666725,25.48,equatorial
20.27,23.69,29.62,18.96,67.07,0.07,0.85,4.08,0.54,0.53,2021-02-18,Ebolowa,2021,2,49,7,3.6499999999999995,4.579999999999999,8.83,51.629999999999995,-1.6992113821191404,-0.7666666666666657,25.48,equatorial
16.94,24.0,30.36,18.48,71.56,0.12,0.65,3.66,0.53,0.53,2021-02-19,Ebolowa,2021,2,50,7,3.4699999999999998,4.609999999999999,8.95,50.870000000000005,-1.7017122624311114,-0.46000000000000085,25.48,equatorial
17.11,24.64,30.52,20.61,76.42,0.29,0.69,3.4,0.53,0.53,2021-02-20,Ebolowa,2021,2,51,7,3.4499999999999997,4.779999999999999,9.18,49.51,-1.7073419528326426,0.13433333333333053,25.48,equatorial
16.11,24.71,30.24,20.81,78.2,0.37,0.8,3.43,0.53,0.53,2021-02-21,Ebolowa,2021,2,52,7,2.69,4.9399999999999995,9.379999999999999,48.94,-1.7088307458267042,0.16499999999999915,25.48,equatorial
15.37,24.5,29.36,21.27,79.18,0.26,0.88,2.95,0.53,0.53,2021-02-22,Ebolowa,2021,2,53,8,1.31,5.119999999999999,9.34,48.54,-1.7094281369137825,-0.06333333333333258,25.48,equatorial
14.32,24.18,29.21,20.98,79.82,0.26,0.67,2.94,0.53,0.53,2021-02-23,Ebolowa,2021,2,54,8,1.46,5.34,9.34,48.04,-1.7105458635152722,-0.37900000000000134,24.71,equatorial
16.52,24.11,28.98,20.64,80.63,0.34,0.65,2.75,0.53,0.53,2021-02-24,Ebolowa,2021,2,55,8,1.71,5.57,9.219999999999999,47.68,-1.7109304046574543,-0.4313333333333347,24.71,equatorial
19.16,23.82,28.46,20.96,81.41,0.17,0.99,2.49,0.53,0.53,2021-02-25,Ebolowa,2021,2,56,8,1.81,5.46,9.18,46.9,-1.7135039128315896,-0.7076666666666647,24.71,equatorial
18.65,24.72,30.31,21.05,76.83,0.14,1.03,3.41,0.53,0.52,2021-02-26,Ebolowa,2021,2,57,8,1.83,5.3,8.81,46.05,-1.7164355438240124,0.16399999999999793,24.72,equatorial
18.42,24.99,30.17,21.28,78.37,0.17,0.66,2.87,0.52,0.52,2021-02-27,Ebolowa,2021,2,58,8,1.7100000000000002,5.159999999999999,8.52,45.52,-1.7176924366410666,0.40633333333333255,24.99,equatorial
17.84,25.21,30.7,20.82,79.41,0.15,0.61,3.12,0.52,0.52,2021-02-28,Ebolowa,2021,2,59,8,1.49,4.18,8.3,45.02,-1.7187898284586993,0.5999999999999979,25.21,equatorial
18.23,25.44,30.98,21.64,78.7,0.29,0.81,3.29,0.52,0.52,2021-03-01,Ebolowa,2021,3,60,9,1.52,2.83,7.57,44.0,-1.7225909721956787,0.7633333333333354,25.44,equatorial
13.86,25.86,31.51,21.89,76.82,0.37,0.67,3.48,0.52,0.52,2021-03-02,Ebolowa,2021,3,61,9,1.63,3.0900000000000003,7.86,43.58,-1.7232604632498236,1.1216666666666661,25.86,equatorial
18.83,25.84,32.27,21.38,77.37,0.39,0.74,3.72,0.52,0.52,2021-03-03,Ebolowa,2021,3,62,9,1.6800000000000002,3.3899999999999997,8.149999999999999,43.43,-1.7225240733510796,1.0443333333333342,25.86,equatorial
12.28,25.61,31.18,21.7,78.6,0.34,0.66,3.04,0.51,0.52,2021-03-04,Ebolowa,2021,3,63,9,1.85,3.66,8.43,43.31,-1.721633685287795,0.7886666666666642,25.86,equatorial
14.5,24.91,29.13,21.91,81.97,0.6,0.72,2.39,0.51,0.52,2021-03-05,Ebolowa,2021,3,64,9,2.31,4.14,8.89,43.46,-1.7193427354994284,0.0796666666666681,25.86,equatorial
11.14,24.42,29.43,21.61,80.96,0.36,0.72,2.55,0.51,0.52,2021-03-06,Ebolowa,2021,3,65,9,2.5,4.21,9.2,43.09,-1.7197585416337469,-0.39799999999999613,25.86,equatorial
17.6,23.86,28.94,20.9,83.65,2.36,0.87,2.9,0.52,0.53,2021-03-07,Ebolowa,2021,3,66,9,4.709999999999999,6.2,11.469999999999999,44.38,-1.7115553495343245,-0.9256666666666682,25.86,equatorial
20.33,24.28,29.18,20.61,80.62,2.85,0.71,3.54,0.52,0.54,2021-03-08,Ebolowa,2021,3,67,10,7.27,8.790000000000001,14.2,46.599999999999994,-1.698547169700331,-0.48433333333333195,25.86,equatorial
18.87,25.05,31.38,20.4,79.0,2.07,0.67,4.34,0.52,0.54,2021-03-09,Ebolowa,2021,3,68,10,8.969999999999999,10.600000000000001,16.06,48.12,-1.6892032878262235,0.2746666666666684,25.84,equatorial
17.56,24.27,29.45,20.87,86.27,9.1,0.59,3.49,0.53,0.59,2021-03-10,Ebolowa,2021,3,69,10,17.68,19.36,25.08,56.339999999999996,-1.6451391982158374,-0.4776666666666678,25.61,equatorial
19.72,23.39,26.61,21.49,92.92,10.98,0.66,2.32,0.55,0.62,2021-03-11,Ebolowa,2021,3,70,10,28.32,30.169999999999998,36.019999999999996,66.61,-1.590550501843414,-1.304666666666666,25.05,equatorial
10.94,24.29,29.81,20.81,84.57,3.97,0.62,4.82,0.56,0.6,2021-03-12,Ebolowa,2021,3,71,10,31.69,34.0,39.88,67.97,-1.5822621006704332,-0.3853333333333353,25.05,equatorial
20.05,23.81,28.51,21.22,87.14,1.67,0.62,3.25,0.56,0.58,2021-03-13,Ebolowa,2021,3,72,10,33.0,35.49999999999999,41.269999999999996,67.10000000000001,-1.5855460181839032,-0.8183333333333351,25.05,equatorial
17.39,24.72,30.46,20.92,81.51,0.92,0.47,4.42,0.55,0.56,2021-03-14,Ebolowa,2021,3,73,10,31.56,36.269999999999996,41.89,64.91,-1.595659391267115,0.11299999999999599,25.05,equatorial
15.74,23.64,27.18,21.54,88.31,1.87,0.88,2.99,0.55,0.56,2021-03-15,Ebolowa,2021,3,74,11,30.580000000000002,37.85,43.45,63.21,-1.6032131397193004,-0.9193333333333342,25.05,equatorial
16.77,23.99,28.38,20.53,81.6,0.13,0.52,3.18,0.55,0.55,2021-03-16,Ebolowa,2021,3,75,11,28.64,37.61,42.449999999999996,61.12,-1.6127682541053032,-0.5466666666666704,24.72,equatorial
16.69,24.22,29.21,20.89,80.28,1.47,0.35,3.75,0.54,0.55,2021-03-17,Ebolowa,2021,3,76,11,21.009999999999998,38.69,42.279999999999994,62.28,-1.6054871341941346,-0.3093333333333348,24.72,equatorial
17.59,24.43,29.83,20.51,81.59,2.76,0.63,4.66,0.54,0.55,2021-03-18,Ebolowa,2021,3,77,11,12.79,41.11,44.93,64.96,-1.5903610977532212,-0.0643333333333338,24.72,equatorial
15.11,23.09,26.5,21.29,92.41,20.9,0.65,3.12,0.56,0.67,2021-03-19,Ebolowa,2021,3,78,11,29.72,61.41,65.74,85.73,-1.4817249952065707,-1.366333333333337,24.72,equatorial
9.58,23.38,27.72,20.77,89.02,5.83,0.49,3.67,0.58,0.63,2021-03-20,Ebolowa,2021,3,79,11,33.88,66.88,71.49999999999999,91.5,-1.4508503687525445,-1.0660000000000025,24.72,equatorial
24.03,24.06,29.21,20.64,85.51,1.92,0.51,4.82,0.58,0.59,2021-03-21,Ebolowa,2021,3,80,11,34.879999999999995,66.44,73.3,93.33,-1.4403996838538398,-0.3879999999999981,24.43,equatorial
18.5,23.6,28.15,20.66,87.27,2.87,0.59,4.26,0.58,0.59,2021-03-22,Ebolowa,2021,3,81,12,35.88,66.46,75.88,96.11,-1.425058388221872,-0.8133333333333326,24.43,equatorial
19.91,24.1,29.06,20.39,84.65,3.55,0.45,4.76,0.57,0.58,2021-03-23,Ebolowa,2021,3,82,12,39.3,67.94,79.06,99.6,-1.4060757598178701,-0.2930000000000028,24.43,equatorial
8.54,23.08,25.71,21.24,94.07,14.64,0.7,2.79,0.58,0.66,2021-03-24,Ebolowa,2021,3,83,12,52.47,73.48,93.44,114.13,-1.33008700956448,-1.265666666666668,24.43,equatorial
18.61,22.77,25.71,21.05,92.57,16.29,0.7,3.13,0.62,0.7,2021-03-25,Ebolowa,2021,3,84,12,66.0,78.78999999999999,109.47,130.29,-1.2457900257355032,-1.5286666666666662,24.1,equatorial
18.33,23.25,27.23,20.27,88.97,2.54,0.57,4.2,0.62,0.63,2021-03-26,Ebolowa,2021,3,85,12,47.63999999999999,77.36,111.66999999999999,132.8,-1.2321250983934455,-1.019999999999996,24.1,equatorial
16.26,24.38,28.97,20.34,82.15,0.1,0.74,5.06,0.6,0.61,2021-03-27,Ebolowa,2021,3,86,12,41.91,75.78999999999999,111.6,132.89000000000001,-1.2309793928080748,0.09133333333333482,24.38,equatorial
17.11,24.71,29.05,20.24,84.24,0.96,0.65,4.7,0.59,0.59,2021-03-28,Ebolowa,2021,3,87,12,40.949999999999996,75.82999999999998,112.42,133.82999999999998,-1.2254451254684917,0.42166666666666686,24.71,equatorial
16.92,23.85,26.76,21.82,89.81,1.6,0.59,2.68,0.59,0.6,2021-03-29,Ebolowa,2021,3,88,13,39.68,75.56,113.85,135.42000000000002,-1.216561372647842,-0.4003333333333323,24.71,equatorial
16.61,24.46,29.4,20.53,84.87,0.44,0.75,4.83,0.58,0.58,2021-03-30,Ebolowa,2021,3,89,13,36.57,75.86999999999999,114.13999999999999,135.85,-1.2136796640856953,0.23466666666666924,24.71,equatorial
17.06,24.58,29.22,20.84,82.23,0.29,0.64,4.51,0.57,0.57,2021-03-31,Ebolowa,2021,3,90,13,22.22,74.69,114.14,136.12,-1.2116280604172436,0.38333333333333286,24.71,equatorial
19.51,24.37,28.52,20.97,83.7,0.16,0.6,3.54,0.56,0.57,2021-04-01,Ebolowa,2021,4,91,13,6.09,72.09,113.92999999999999,136.23,-1.2104053995009931,0.22300000000000253,24.71,equatorial
16.3,24.44,28.69,20.69,80.85,0.21,0.64,3.93,0.55,0.56,2021-04-02,Ebolowa,2021,4,92,13,3.7600000000000002,51.39999999999999,113.75,136.39000000000001,-1.2089264000107431,0.33966666666666967,24.71,equatorial
16.9,24.59,29.24,20.4,80.74,0.15,0.63,3.9,0.55,0.55,2021-04-03,Ebolowa,2021,4,93,13,3.81,45.72,113.55999999999999,136.34,-1.2085335336560412,0.5236666666666672,24.71,equatorial
22.29,25.43,30.67,20.71,79.39,0.11,0.68,5.02,0.54,0.54,2021-04-04,Ebolowa,2021,4,94,13,2.96,43.91,113.07,136.37,-1.2077284689322882,1.3463333333333338,25.43,equatorial
16.92,25.44,30.39,21.31,80.05,0.29,0.58,4.23,0.53,0.54,2021-04-05,Ebolowa,2021,4,95,14,1.65,41.33,113.0,136.55999999999997,-1.2060988914975883,1.3223333333333365,25.44,equatorial
8.02,23.65,26.64,21.75,90.79,8.58,0.59,2.87,0.54,0.59,2021-04-06,Ebolowa,2021,4,96,14,9.79,46.36,119.22,141.52,-1.1798555650115168,-0.46066666666666833,25.44,equatorial
22.98,24.74,29.83,21.09,85.75,4.11,0.52,4.49,0.55,0.58,2021-04-07,Ebolowa,2021,4,97,14,13.610000000000003,35.83,120.47999999999999,141.25,-1.1806325144693093,0.6139999999999972,25.44,equatorial
17.71,22.64,25.24,20.56,91.29,14.99,0.8,3.3,0.56,0.66,2021-04-08,Ebolowa,2021,4,98,14,28.44,34.53,133.4,155.47,-1.1066390118398592,-1.405666666666665,25.44,equatorial
19.29,23.78,28.32,19.5,85.45,5.88,0.72,4.49,0.58,0.61,2021-04-09,Ebolowa,2021,4,99,14,34.11,37.870000000000005,130.18,160.73,-1.0789590365353812,-0.24933333333333252,25.44,equatorial
18.9,23.4,26.58,21.2,89.21,4.06,0.46,3.01,0.58,0.62,2021-04-10,Ebolowa,2021,4,100,14,38.02,41.83,123.26,164.09,-1.0611114521382,-0.6296666666666688,25.44,equatorial
11.16,22.87,25.94,20.13,93.45,11.13,0.75,3.02,0.59,0.64,2021-04-11,Ebolowa,2021,4,101,14,49.040000000000006,52.0,130.42000000000002,175.2,-1.003288267990124,-1.112333333333332,25.44,equatorial
22.89,23.66,27.22,20.72,90.49,5.25,0.73,3.69,0.6,0.64,2021-04-12,Ebolowa,2021,4,102,15,54.0,55.65,134.0,180.45,-0.9757562752871208,-0.31733333333333036,24.74,equatorial
17.1,23.39,26.73,20.52,89.44,7.7,0.59,4.21,0.6,0.64,2021-04-13,Ebolowa,2021,4,103,15,53.12,62.910000000000004,140.78,188.15,-0.9356024118847325,-0.5429999999999993,24.74,equatorial
9.58,23.36,26.72,20.88,90.44,12.2,0.69,4.26,0.62,0.69,2021-04-14,Ebolowa,2021,4,104,15,61.209999999999994,74.82,151.10999999999999,200.35,-0.8722516721288913,-0.5636666666666663,23.78,equatorial
21.22,23.67,26.99,21.44,89.71,3.7,0.57,3.5,0.61,0.64,2021-04-15,Ebolowa,2021,4,105,15,49.92,78.36,154.68,204.05,-0.852818427276465,-0.24299999999999855,23.78,equatorial
16.86,23.56,27.05,20.94,92.01,2.94,0.57,3.7,0.61,0.64,2021-04-16,Ebolowa,2021,4,106,15,46.98,81.08999999999999,156.15,206.99,-0.8373208249702819,-0.33100000000000307,23.67,equatorial
19.22,23.45,26.36,21.59,93.44,3.3,0.66,2.76,0.61,0.63,2021-04-17,Ebolowa,2021,4,107,15,46.22,84.24000000000001,156.69,210.29,-0.8199741060693859,-0.408333333333335,23.67,equatorial
20.65,23.18,26.12,21.1,92.43,2.06,0.52,3.03,0.6,0.62,2021-04-18,Ebolowa,2021,4,108,15,37.150000000000006,86.19,137.85,212.35,-0.8090399180989922,-0.6813333333333311,23.67,equatorial
12.12,23.93,27.63,21.0,88.74,1.92,0.44,3.81,0.6,0.61,2021-04-19,Ebolowa,2021,4,109,16,33.82,87.82,133.94,214.27,-0.798834949551753,0.05033333333333445,23.93,equatorial
18.89,23.51,27.04,20.52,90.06,3.38,0.88,4.39,0.6,0.62,2021-04-20,Ebolowa,2021,4,110,16,29.5,82.62,135.4,217.65,-0.7810961023983035,-0.35133333333333283,23.93,equatorial
15.22,24.31,29.16,20.43,86.38,0.66,0.57,5.79,0.59,0.6,2021-04-21,Ebolowa,2021,4,111,16,17.96,79.17,133.19,218.25,-0.7777243502517539,0.4250000000000007,24.31,equatorial
18.29,23.52,26.22,21.33,95.37,7.3,0.67,2.77,0.58,0.62,2021-04-22,Ebolowa,2021,4,112,16,21.560000000000002,71.48,136.94,225.38000000000002,-0.7406260391174072,-0.3456666666666628,24.31,equatorial
15.77,23.5,26.49,21.47,93.82,5.17,0.66,2.89,0.59,0.62,2021-04-23,Ebolowa,2021,4,113,16,23.79,70.77,127.47,230.25,-0.7152198051087356,-0.37966666666666526,24.31,equatorial
15.39,22.5,24.68,20.57,94.63,17.68,0.77,3.76,0.62,0.7,2021-04-24,Ebolowa,2021,4,114,16,38.17,84.38999999999999,128.86,247.67000000000002,-0.624982748364282,-1.3706666666666685,24.31,equatorial
21.33,24.09,28.14,20.23,86.39,3.19,0.65,5.77,0.61,0.63,2021-04-25,Ebolowa,2021,4,115,16,39.3,76.45,129.51,250.4,-0.610687033671492,0.1913333333333327,24.31,equatorial
19.11,23.88,27.53,21.25,89.34,2.17,0.62,3.99,0.61,0.63,2021-04-26,Ebolowa,2021,4,116,17,39.550000000000004,73.37,131.58,252.35999999999999,-0.6003755727503832,-0.0020000000000024443,24.31,equatorial
19.96,23.34,26.71,20.71,92.71,2.04,0.79,2.79,0.6,0.62,2021-04-27,Ebolowa,2021,4,117,17,38.21,67.71,132.66,253.89000000000001,-0.592290092062007,-0.49633333333333596,24.31,equatorial
19.87,23.59,26.87,21.21,90.18,1.71,0.54,3.3,0.6,0.61,2021-04-28,Ebolowa,2021,4,118,17,39.260000000000005,57.22,132.77,255.14,-0.5856546923610945,-0.23766666666666936,24.09,equatorial
17.91,23.6,27.27,20.8,87.93,1.24,0.65,4.25,0.59,0.6,2021-04-29,Ebolowa,2021,4,119,17,33.199999999999996,54.76,133.57,256.01,-0.5809861640249979,-0.19899999999999451,24.09,equatorial
19.12,24.14,28.35,21.18,88.33,2.94,0.55,5.07,0.59,0.61,2021-04-30,Ebolowa,2021,4,120,17,30.97,54.76,136.22,257.93,-0.5708891721244623,0.35566666666666436,24.14,equatorial
17.33,23.4,26.15,21.25,93.77,10.68,0.55,3.76,0.59,0.64,2021-05-01,Ebolowa,2021,5,121,17,23.97,62.14,146.73999999999998,268.53000000000003,-0.5159000892287303,-0.35200000000000387,24.14,equatorial
20.15,23.61,27.43,20.98,90.81,22.75,0.69,5.41,0.63,0.73,2021-05-02,Ebolowa,2021,5,122,17,43.53,82.83,169.28,291.18,-0.3985831867838901,-0.11433333333333451,24.14,equatorial
21.48,22.57,24.51,20.79,94.03,5.95,0.7,2.4,0.63,0.66,2021-05-03,Ebolowa,2021,5,123,18,47.309999999999995,86.86,175.08,297.07,-0.36800577392067957,-1.0869999999999997,24.14,equatorial
15.18,21.89,23.94,20.37,97.13,12.62,0.57,2.66,0.64,0.7,2021-05-04,Ebolowa,2021,5,124,18,57.89,96.1,187.58999999999997,309.55,-0.30332460724526333,-1.6489999999999974,24.14,equatorial
20.86,22.51,26.13,19.96,93.35,10.32,0.67,5.26,0.65,0.69,2021-05-05,Ebolowa,2021,5,125,18,66.5,105.76,197.62,319.82,-0.25008847187357885,-0.9313333333333311,24.14,equatorial
17.81,22.79,26.46,20.29,90.98,2.41,0.53,4.78,0.65,0.67,2021-05-06,Ebolowa,2021,5,126,18,67.67,100.86999999999999,191.45000000000002,322.14000000000004,-0.23801866638277064,-0.6226666666666674,24.14,equatorial
15.94,22.81,26.16,20.76,93.18,6.24,0.71,4.66,0.64,0.66,2021-05-07,Ebolowa,2021,5,127,18,70.97,101.94,193.58,328.26000000000005,-0.20626963577693785,-0.538333333333334,23.61,equatorial
15.26,22.26,25.89,20.05,93.01,12.47,0.91,5.38,0.64,0.68,2021-05-08,Ebolowa,2021,5,128,18,72.75999999999999,96.73,191.06,340.52,-0.1427161958229291,-1.0756666666666632,23.61,equatorial
16.57,21.88,25.39,19.51,91.4,3.42,0.85,4.09,0.65,0.68,2021-05-09,Ebolowa,2021,5,129,18,53.43,96.96000000000001,188.6,343.86,-0.12537975062089654,-1.3923333333333332,22.81,equatorial
23.8,22.63,27.15,18.89,86.26,0.17,0.72,6.14,0.63,0.64,2021-05-10,Ebolowa,2021,5,130,19,47.650000000000006,94.96000000000001,184.71,343.99,-0.12467864141742843,-0.6166666666666671,22.81,equatorial
23.15,23.11,27.87,18.62,88.55,2.81,0.76,6.15,0.62,0.63,2021-05-11,Ebolowa,2021,5,131,19,37.839999999999996,95.72999999999999,176.39,346.69,-0.11065628030016317,-0.14466666666666583,23.11,equatorial
17.42,23.51,27.47,20.6,91.93,7.37,0.69,5.22,0.61,0.66,2021-05-12,Ebolowa,2021,5,132,19,34.89,101.39,178.51,353.78,-0.07387410202186004,0.2603333333333353,23.51,equatorial
7.25,22.62,25.0,20.81,92.95,4.13,0.72,2.91,0.62,0.65,2021-05-13,Ebolowa,2021,5,133,19,36.61000000000001,104.28,174.94,357.60999999999996,-0.0539971965957188,-0.6039999999999957,23.51,equatorial
18.81,23.65,27.88,20.0,88.21,2.83,0.66,5.64,0.61,0.63,2021-05-14,Ebolowa,2021,5,134,19,33.2,104.16999999999999,165.57,360.13,-0.04091496761891207,0.41633333333333056,23.65,equatorial
18.82,23.01,24.89,21.46,95.61,59.86,0.55,2.66,0.62,0.73,2021-05-15,Ebolowa,2021,5,135,19,80.59,153.35,221.73000000000002,418.86,0.26377316613255514,-0.20166666666666444,23.65,equatorial
12.09,22.72,25.12,21.14,95.52,31.07,0.66,2.87,0.72,0.78,2021-05-16,Ebolowa,2021,5,136,19,108.24000000000001,161.67000000000002,249.86,448.29,0.4164104269985248,-0.46366666666666845,23.65,equatorial
18.35,23.52,27.3,20.64,91.34,5.55,0.62,5.28,0.71,0.72,2021-05-17,Ebolowa,2021,5,137,20,113.62,161.27,252.10999999999999,453.72999999999996,0.4445348326395191,0.3340000000000032,23.65,equatorial
14.98,23.15,26.04,21.27,92.83,5.12,0.61,3.92,0.7,0.71,2021-05-18,Ebolowa,2021,5,138,20,115.92999999999999,153.77,255.17,458.76,0.4705264181344091,-0.035000000000003695,23.65,equatorial
15.57,23.28,25.93,20.96,91.76,2.86,0.63,3.27,0.68,0.69,2021-05-19,Ebolowa,2021,5,139,20,111.42,146.30999999999997,256.11,461.55,0.4848855786909387,0.11666666666666714,23.65,equatorial
16.68,23.81,27.76,20.55,89.42,2.14,0.55,5.34,0.67,0.68,2021-05-20,Ebolowa,2021,5,140,20,109.42999999999999,146.04,254.87,463.57,0.4952443127283948,0.6366666666666667,23.81,equatorial
13.01,23.75,27.12,21.21,92.56,3.61,0.57,4.06,0.66,0.67,2021-05-21,Ebolowa,2021,5,141,20,110.21,143.41,257.82,466.89,0.5123510555150135,0.5953333333333326,23.81,equatorial
11.62,22.5,23.6,20.87,97.62,20.12,0.47,2.11,0.67,0.74,2021-05-22,Ebolowa,2021,5,142,20,70.47000000000001,151.06,270.64,486.64,0.6147750752206814,-0.6206666666666685,23.81,equatorial
20.92,23.12,26.71,20.27,91.86,1.06,0.66,3.84,0.68,0.69,2021-05-23,Ebolowa,2021,5,143,20,40.46000000000001,148.7,266.53,487.44,0.6187485370361887,0.012000000000000455,23.81,equatorial
18.79,23.16,26.11,20.55,91.38,1.1,0.44,2.93,0.66,0.67,2021-05-24,Ebolowa,2021,5,144,21,36.01000000000001,149.63,249.95000000000002,488.28000000000003,0.6229285603270105,0.029999999999997584,23.81,equatorial
18.82,23.98,28.46,20.25,86.7,0.78,0.78,6.71,0.65,0.66,2021-05-25,Ebolowa,2021,5,145,21,31.67000000000001,147.6,247.54000000000002,488.71999999999997,0.6250293486485339,0.853666666666669,23.98,equatorial
16.27,23.57,27.23,20.43,92.72,8.53,0.6,3.72,0.64,0.67,2021-05-26,Ebolowa,2021,5,146,21,37.34,148.76,253.9,497.08000000000004,0.6682774553392343,0.4540000000000006,23.98,equatorial
14.91,23.14,25.44,21.94,95.6,23.84,0.62,2.93,0.69,0.76,2021-05-27,Ebolowa,2021,5,147,21,59.040000000000006,168.47,275.7,520.78,0.7912084657079297,0.03066666666666862,23.98,equatorial
16.14,23.33,26.13,21.24,89.67,2.41,0.67,3.57,0.68,0.69,2021-05-28,Ebolowa,2021,5,148,21,57.84,168.04999999999998,276.40000000000003,523.02,0.8025721238528516,0.22933333333333294,23.98,equatorial
16.98,23.92,27.58,20.25,85.6,1.15,0.67,5.07,0.67,0.67,2021-05-29,Ebolowa,2021,5,149,21,38.870000000000005,109.34,276.31,524.02,0.8074864609568895,0.8086666666666673,23.98,equatorial
16.67,24.11,28.34,19.72,87.05,0.57,0.74,5.46,0.65,0.66,2021-05-30,Ebolowa,2021,5,150,21,38.38000000000001,78.84,273.94,524.3000000000001,0.8086567328028733,0.9996666666666663,24.11,equatorial
8.93,24.03,27.29,21.54,92.38,3.63,0.6,3.73,0.64,0.66,2021-05-31,Ebolowa,2021,5,151,22,40.910000000000004,76.92,266.89,527.5600000000001,0.8253130080184645,0.8986666666666707,24.11,equatorial
14.89,23.49,25.86,21.77,93.57,3.53,0.74,3.0,0.64,0.66,2021-06-01,Ebolowa,2021,6,152,22,43.660000000000004,75.33,247.67000000000002,530.7,0.8413359539223408,0.3626666666666658,24.11,equatorial
11.07,22.92,26.64,20.23,90.5,2.78,0.8,4.66,0.64,0.66,2021-06-02,Ebolowa,2021,6,153,22,37.91000000000001,75.25,244.5,533.14,0.8537111338928959,-0.2190000000000012,24.11,equatorial
14.63,23.55,27.83,19.98,87.35,0.61,0.74,5.77,0.63,0.64,2021-06-03,Ebolowa,2021,6,154,22,14.680000000000007,73.72,232.48999999999998,533.15,0.8534486107770244,0.35566666666666436,24.11,equatorial
17.99,23.61,27.72,20.15,90.06,6.02,0.64,5.02,0.62,0.65,2021-06-04,Ebolowa,2021,6,155,22,18.290000000000006,76.13,228.19,538.81,0.8825540809720722,0.3789999999999978,24.11,equatorial
13.4,23.39,26.8,21.05,92.03,11.64,0.52,4.74,0.64,0.69,2021-06-05,Ebolowa,2021,6,156,22,28.78000000000001,67.64999999999999,237.42,548.09,0.930455761078342,0.1390000000000029,24.11,equatorial
17.35,23.06,26.37,21.05,89.09,1.76,0.51,4.0,0.64,0.65,2021-06-06,Ebolowa,2021,6,157,22,29.97000000000001,68.35,232.94,547.0,0.9244206484661035,-0.19933333333333536,24.03,equatorial
17.93,23.55,27.66,20.1,86.87,1.18,0.78,5.71,0.63,0.64,2021-06-07,Ebolowa,2021,6,158,23,27.52000000000001,68.42999999999999,221.64999999999998,546.11,0.9194296869519339,0.24766666666666737,23.61,equatorial
14.38,23.25,26.51,20.28,88.05,1.51,0.44,3.61,0.62,0.63,2021-06-08,Ebolowa,2021,6,159,23,25.500000000000007,69.16,219.74,538.52,0.8796133292968273,-0.09800000000000253,23.61,equatorial
17.87,24.1,28.21,20.64,86.38,2.05,0.67,5.14,0.62,0.63,2021-06-09,Ebolowa,2021,6,160,23,24.770000000000007,62.67999999999999,221.61999999999998,529.59,0.8328558259779191,0.7029999999999994,24.1,equatorial
16.4,23.7,26.76,21.75,90.53,12.15,0.67,3.82,0.63,0.69,2021-06-10,Ebolowa,2021,6,161,23,36.31000000000001,50.99,230.96,537.77,0.8750857764773977,0.28333333333333144,24.1,equatorial
15.14,23.66,26.8,20.77,92.2,21.77,0.57,4.04,0.64,0.72,2021-06-11,Ebolowa,2021,6,162,23,52.06,70.35,245.36,557.87,0.9792584693383487,0.23833333333332973,24.1,equatorial
17.15,23.43,26.55,21.2,92.27,5.73,0.56,3.88,0.67,0.69,2021-06-12,Ebolowa,2021,6,163,23,46.150000000000006,74.93,246.96,562.68,1.0038569520740461,-0.018666666666668164,24.1,equatorial
16.37,22.79,25.57,20.8,93.94,2.48,0.51,2.71,0.67,0.68,2021-06-13,Ebolowa,2021,6,164,23,46.870000000000005,76.83999999999999,246.60999999999999,563.29,1.006600450919719,-0.6300000000000026,24.1,equatorial
16.59,24.01,28.25,20.7,88.51,4.01,0.6,5.66,0.65,0.67,2021-06-14,Ebolowa,2021,6,165,24,49.70000000000001,77.22,190.76000000000002,567.17,1.0263408294777838,0.556666666666672,24.1,equatorial
16.61,23.39,26.92,20.78,91.01,2.49,0.8,4.65,0.65,0.67,2021-06-15,Ebolowa,2021,6,166,24,50.68000000000001,76.18,162.18,568.1899999999999,1.0311963792552175,-0.08566666666666478,24.1,equatorial
16.28,22.79,26.25,20.49,91.52,2.42,0.77,3.75,0.64,0.66,2021-06-16,Ebolowa,2021,6,167,24,51.050000000000004,75.82,159.05,567.85,1.028978079358623,-0.6613333333333351,24.01,equatorial
15.88,21.03,23.0,19.68,95.32,10.74,0.87,3.13,0.65,0.7,2021-06-17,Ebolowa,2021,6,168,24,49.64000000000001,85.95,164.67000000000002,557.69,0.9757135551098817,-2.3506666666666653,24.01,equatorial
16.38,22.65,26.71,19.61,90.74,2.68,0.79,4.69,0.65,0.67,2021-06-18,Ebolowa,2021,6,169,24,30.550000000000004,82.61,164.48999999999998,554.54,0.9589344229000896,-0.7096666666666671,24.01,equatorial
15.26,22.31,24.72,20.32,93.3,1.84,0.64,2.58,0.65,0.66,2021-06-19,Ebolowa,2021,6,170,24,26.660000000000004,72.81,164.19,554.46,0.9581289411767683,-0.9996666666666698,24.01,equatorial
13.3,22.91,26.96,20.04,91.34,6.97,0.5,4.67,0.64,0.67,2021-06-20,Ebolowa,2021,6,171,24,31.150000000000006,78.02,167.54999999999998,558.56,0.9790555035050005,-0.3716666666666697,24.01,equatorial
9.15,22.52,25.31,20.54,94.85,33.27,0.53,3.98,0.68,0.77,2021-06-21,Ebolowa,2021,6,172,25,60.41000000000001,110.11000000000001,180.7,588.2800000000001,1.1331440021509773,-0.7623333333333342,23.39,equatorial
16.18,22.16,25.36,20.02,92.97,7.05,0.61,4.21,0.7,0.71,2021-06-22,Ebolowa,2021,6,173,25,64.97000000000001,115.65,186.69,580.69,1.0931471515702276,-1.0903333333333336,22.91,equatorial
13.85,22.05,25.75,19.56,91.97,18.94,0.63,5.5,0.69,0.74,2021-06-23,Ebolowa,2021,6,174,25,81.49000000000001,132.54000000000002,204.53,583.34,1.1064135535876751,-1.1633333333333304,22.91,equatorial
18.82,22.01,25.03,19.67,91.09,8.1,0.4,3.31,0.71,0.74,2021-06-24,Ebolowa,2021,6,175,25,78.85000000000001,128.49,211.85,588.9,1.1347896879727424,-1.137666666666668,22.91,equatorial
16.28,23.14,27.18,19.61,89.2,4.76,0.62,5.11,0.7,0.71,2021-06-25,Ebolowa,2021,6,176,25,80.93,111.48,208.07999999999998,593.56,1.1584577356108658,0.006666666666667709,23.14,equatorial
16.33,22.73,26.04,20.44,93.63,4.77,0.61,3.49,0.69,0.71,2021-06-26,Ebolowa,2021,6,177,25,83.86,110.52,189.01000000000002,597.37,1.1776821839239004,-0.3896666666666668,23.14,equatorial
13.67,22.28,25.54,20.3,92.51,3.7,0.74,3.37,0.69,0.7,2021-06-27,Ebolowa,2021,6,178,25,80.59,111.74000000000001,190.29999999999998,599.47,1.187999860127257,-0.804666666666666,23.14,equatorial
10.86,21.83,24.75,19.74,91.55,6.9,0.51,4.13,0.68,0.7,2021-06-28,Ebolowa,2021,6,179,26,54.220000000000006,114.63000000000001,196.05,605.93,1.2209548970203952,-1.1850000000000023,23.14,equatorial
14.55,21.86,25.81,19.27,90.98,6.01,0.75,5.69,0.68,0.71,2021-06-29,Ebolowa,2021,6,180,26,53.180000000000014,118.15,201.48999999999998,611.65,1.250024317316795,-1.0800000000000018,23.14,equatorial
18.05,22.46,26.89,18.79,87.44,0.47,0.72,4.92,0.67,0.68,2021-06-30,Ebolowa,2021,6,181,26,34.71000000000001,116.2,198.32999999999998,611.9599999999999,1.2509595212165856,-0.4276666666666671,23.14,equatorial
17.2,21.95,24.39,19.95,90.98,0.42,0.61,2.15,0.66,0.67,2021-07-01,Ebolowa,2021,7,182,26,27.030000000000005,105.88,195.22,612.1700000000001,1.2513744215057163,-0.8863333333333365,23.14,equatorial
14.76,22.73,26.37,20.08,91.55,2.37,0.58,3.94,0.66,0.67,2021-07-02,Ebolowa,2021,7,183,26,24.640000000000008,105.57000000000001,194.81,614.3900000000001,1.2622250515238864,-0.09999999999999787,22.73,equatorial
13.83,23.03,26.79,20.07,91.17,5.3,0.64,4.41,0.66,0.69,2021-07-03,Ebolowa,2021,7,184,26,25.17000000000001,109.03,199.5,619.58,1.2884791901557466,0.21733333333333604,23.03,equatorial
9.52,21.65,24.26,19.94,89.06,0.89,0.73,2.86,0.66,0.66,2021-07-04,Ebolowa,2021,7,185,26,22.360000000000007,102.95,194.37,620.18,1.2908726905134893,-1.097333333333335,23.03,equatorial
10.5,21.08,23.72,18.87,93.06,6.83,0.63,3.28,0.66,0.69,2021-07-05,Ebolowa,2021,7,186,27,22.290000000000006,76.51,189.56,618.4300000000001,1.2810671653096284,-1.5903333333333372,23.03,equatorial
13.96,21.87,26.03,19.28,89.69,1.75,0.75,4.88,0.66,0.67,2021-07-06,Ebolowa,2021,7,187,27,18.03000000000001,71.21,189.54999999999998,616.07,1.2681099005836012,-0.760666666666669,23.03,equatorial
18.16,22.41,27.08,18.64,88.27,2.16,0.67,5.55,0.65,0.66,2021-07-07,Ebolowa,2021,7,188,27,19.720000000000006,54.43,190.53,603.24,1.2008428832908629,-0.1826666666666661,23.03,equatorial
12.92,22.53,26.62,19.95,89.89,2.57,0.81,4.85,0.65,0.66,2021-07-08,Ebolowa,2021,7,189,27,21.870000000000008,48.9,191.59,599.9300000000001,1.1830527572005132,-0.038666666666664185,23.03,equatorial
13.87,21.08,22.85,19.67,94.84,3.58,0.65,2.13,0.65,0.67,2021-07-09,Ebolowa,2021,7,190,27,23.080000000000005,47.72,193.12,599.4499999999999,1.1799666248813248,-1.3880000000000017,23.03,equatorial
14.81,22.19,26.13,19.29,90.8,9.15,0.62,5.02,0.65,0.69,2021-07-10,Ebolowa,2021,7,191,27,26.930000000000007,52.1,190.12,597.4699999999999,1.1691023677011443,-0.22766666666666424,22.53,equatorial
15.41,22.41,26.28,19.87,91.97,5.34,0.69,4.58,0.66,0.69,2021-07-11,Ebolowa,2021,7,192,27,31.38000000000001,53.74,173.69,597.56,1.1689890673983265,0.03400000000000247,22.53,equatorial
12.35,22.44,26.31,19.98,92.44,10.52,0.97,5.24,0.66,0.7,2021-07-12,Ebolowa,2021,7,193,28,35.07000000000001,57.36,178.48000000000002,600.38,1.1830369667012328,0.09700000000000131,22.53,equatorial
15.09,22.43,26.84,19.68,90.93,2.71,0.85,4.67,0.67,0.68,2021-07-13,Ebolowa,2021,7,194,28,36.03000000000001,54.059999999999995,178.71,590.89,1.1332191611941191,0.09899999999999665,22.53,equatorial
14.64,22.9,27.13,19.91,89.29,3.84,0.9,5.68,0.66,0.67,2021-07-14,Ebolowa,2021,7,195,28,37.71000000000001,57.43,178.54,591.0300000000001,1.1334032307967634,0.6059999999999981,22.9,equatorial
9.5,21.1,22.71,19.79,96.67,5.83,0.65,2.09,0.66,0.69,2021-07-15,Ebolowa,2021,7,196,28,40.970000000000006,62.839999999999996,181.88000000000002,593.92,1.1478497603535724,-1.1176666666666684,22.9,equatorial
14.59,22.15,26.35,19.67,90.15,3.11,0.59,4.22,0.67,0.68,2021-07-16,Ebolowa,2021,7,197,28,40.5,63.58,182.57,593.73,1.1463078055858118,-0.046333333333333115,22.9,equatorial
14.43,22.22,26.78,18.77,88.36,1.15,0.7,4.56,0.66,0.67,2021-07-17,Ebolowa,2021,7,198,28,32.50000000000001,59.43,172.98,592.8199999999999,1.1410340724315153,-0.01600000000000179,22.9,equatorial
13.92,22.5,26.75,19.61,88.57,1.54,0.8,4.72,0.65,0.66,2021-07-18,Ebolowa,2021,7,199,28,28.70000000000001,60.08,171.84,592.44,1.1385145052242436,0.26899999999999835,22.9,equatorial
12.64,22.74,27.0,19.67,88.22,1.84,0.77,4.84,0.65,0.65,2021-07-19,Ebolowa,2021,7,200,29,20.020000000000007,55.09,171.84,590.9,1.129983169069376,0.4946666666666637,22.9,equatorial
14.61,22.39,26.51,19.61,89.8,2.86,0.61,4.17,0.64,0.66,2021-07-20,Ebolowa,2021,7,201,29,20.17000000000001,56.2,167.73000000000002,593.1,1.1408522098300091,0.16199999999999903,22.9,equatorial
14.72,23.09,27.46,20.45,88.53,2.93,0.78,5.22,0.64,0.65,2021-07-21,Ebolowa,2021,7,202,29,19.26000000000001,56.97,137.39,588.73,1.1176477556565634,0.843,23.09,equatorial
13.96,22.23,25.63,20.08,90.29,1.31,0.74,3.15,0.64,0.65,2021-07-22,Ebolowa,2021,7,203,29,14.740000000000006,55.71,131.64999999999998,584.87,1.097111407151962,-0.019333333333332092,23.09,equatorial
12.16,22.52,26.79,19.54,87.89,1.0,0.97,4.45,0.63,0.64,2021-07-23,Ebolowa,2021,7,204,29,12.630000000000006,53.13,113.71,568.1899999999999,1.010129032598446,0.25500000000000256,23.09,equatorial
10.47,21.95,25.34,19.78,87.69,0.65,0.95,3.43,0.63,0.64,2021-07-24,Ebolowa,2021,7,205,29,12.130000000000008,44.63,106.25999999999999,565.65,0.9965339045451377,-0.31299999999999883,23.09,equatorial
13.34,22.33,26.5,19.26,85.18,0.25,0.98,4.5,0.62,0.63,2021-07-25,Ebolowa,2021,7,206,29,10.840000000000007,39.54,101.75,563.7299999999999,0.9861647857262901,0.09399999999999764,23.09,equatorial
18.39,21.91,25.83,18.78,85.61,0.08,0.92,3.91,0.62,0.62,2021-07-26,Ebolowa,2021,7,207,30,9.080000000000007,29.1,97.06,561.77,0.975596780206107,-0.29866666666666575,23.09,equatorial
14.69,22.17,26.69,18.79,84.51,0.23,0.96,4.63,0.61,0.62,2021-07-27,Ebolowa,2021,7,208,30,6.450000000000007,26.62,93.58999999999999,560.29,0.9675261466790167,-0.03499999999999659,23.09,equatorial
14.4,22.73,27.38,19.52,84.85,0.22,0.64,4.26,0.61,0.61,2021-07-28,Ebolowa,2021,7,209,30,3.7400000000000073,23.0,86.91,559.2700000000001,0.9618471673428696,0.495000000000001,22.73,equatorial
16.38,22.6,26.56,19.72,85.77,0.29,0.89,3.72,0.6,0.61,2021-07-29,Ebolowa,2021,7,210,30,2.720000000000007,17.46,81.19,556.62,0.9477204794095896,0.34033333333333715,22.73,equatorial
16.77,21.78,24.81,19.55,90.47,1.78,0.84,3.12,0.6,0.61,2021-07-30,Ebolowa,2021,7,211,30,3.500000000000007,16.13,82.5,547.72,0.9011935345486195,-0.45700000000000074,22.73,equatorial
14.4,22.64,26.91,19.42,88.64,1.46,0.76,3.8,0.6,0.62,2021-07-31,Ebolowa,2021,7,212,30,4.310000000000008,16.44,83.53999999999999,526.4300000000001,0.7904365509732737,0.38000000000000256,22.73,equatorial
12.41,21.85,24.45,20.14,92.82,2.09,0.93,2.5,0.6,0.62,2021-08-01,Ebolowa,2021,8,213,30,6.1500000000000075,16.990000000000002,83.26,522.57,0.7701473747713143,-0.38066666666666293,22.73,equatorial
12.41,22.41,26.87,19.78,87.21,0.95,0.85,4.21,0.6,0.61,2021-08-02,Ebolowa,2021,8,214,31,7.020000000000007,16.1,78.91,510.9,0.7093514901234862,0.20000000000000284,22.73,equatorial
15.11,22.17,25.29,20.11,90.4,0.59,0.45,2.24,0.6,0.61,2021-08-03,Ebolowa,2021,8,215,31,7.380000000000006,13.83,78.61,501.17,0.6586455735977054,-0.05733333333333235,22.73,equatorial
13.42,22.75,27.25,19.92,88.98,0.81,0.67,3.36,0.6,0.61,2021-08-04,Ebolowa,2021,8,216,31,7.970000000000007,11.709999999999999,72.58999999999999,499.57,0.6501466773022806,0.46699999999999875,22.75,equatorial
11.55,22.72,26.47,19.72,88.21,0.78,0.82,3.5,0.6,0.61,2021-08-05,Ebolowa,2021,8,217,31,8.460000000000006,11.18,71.61999999999999,494.10999999999996,0.6216174579874005,0.4086666666666652,22.75,equatorial
10.72,22.01,24.95,19.64,88.6,2.89,0.59,3.62,0.6,0.61,2021-08-06,Ebolowa,2021,8,218,31,9.570000000000007,13.069999999999999,72.35,484.53000000000003,0.5717108714497926,-0.28800000000000026,22.75,equatorial
11.54,21.81,24.88,19.79,89.73,1.62,0.91,3.49,0.6,0.62,2021-08-07,Ebolowa,2021,8,219,31,9.730000000000008,14.040000000000001,71.4,482.72999999999996,0.562208646853955,-0.4640000000000022,22.75,equatorial
12.44,22.41,26.85,19.38,87.04,2.58,0.78,4.65,0.6,0.61,2021-08-08,Ebolowa,2021,8,220,31,10.220000000000006,16.37,70.39999999999999,485.14,0.5745689015119105,0.09166666666666856,22.75,equatorial
16.57,22.06,26.58,19.21,90.64,4.28,0.7,4.52,0.6,0.63,2021-08-09,Ebolowa,2021,8,221,32,13.550000000000008,20.57,65.53,486.61,0.582044360027374,-0.2540000000000049,22.75,equatorial
15.99,22.79,27.56,19.37,88.16,3.41,0.8,5.62,0.6,0.62,2021-08-10,Ebolowa,2021,8,222,32,16.370000000000008,23.75,63.599999999999994,482.65000000000003,0.5613155892990405,0.4633333333333347,22.79,equatorial
13.03,22.24,26.14,19.56,89.56,4.75,0.96,4.76,0.6,0.62,2021-08-11,Ebolowa,2021,8,223,32,20.31000000000001,28.28,57.83,483.27000000000004,0.5643834179945271,-0.08000000000000185,22.79,equatorial
16.35,21.65,24.62,19.62,90.8,2.64,0.8,3.47,0.6,0.62,2021-08-12,Ebolowa,2021,8,224,32,22.170000000000005,30.63,57.76,483.08,0.5632423392643663,-0.6439999999999984,22.79,equatorial
19.37,22.49,27.11,19.29,86.94,1.49,0.73,4.93,0.6,0.61,2021-08-13,Ebolowa,2021,8,225,32,20.77000000000001,30.34,55.41,424.71000000000004,0.25977030454405536,0.2096666666666671,22.79,equatorial
14.87,22.86,27.28,19.32,86.84,1.24,0.63,4.48,0.6,0.61,2021-08-14,Ebolowa,2021,8,226,32,20.390000000000008,30.12,50.82,394.88,0.10465836667525126,0.5210000000000008,22.86,equatorial
18.42,22.97,27.57,19.79,90.17,3.75,0.63,4.46,0.59,0.61,2021-08-15,Ebolowa,2021,8,227,32,21.560000000000006,31.78,51.46,393.08000000000004,0.09527814589611376,0.6036666666666655,22.97,equatorial
13.71,22.99,27.19,20.3,92.0,4.99,0.54,3.91,0.6,0.63,2021-08-16,Ebolowa,2021,8,228,33,22.27000000000001,35.82,55.300000000000004,392.95000000000005,0.09458226727961866,0.597999999999999,22.99,equatorial
11.55,22.35,25.25,20.56,94.47,9.99,0.75,3.18,0.6,0.65,2021-08-17,Ebolowa,2021,8,229,33,28.850000000000005,45.22,63.75,400.08,0.1316471956001099,-0.03699999999999548,22.99,equatorial
13.05,21.7,24.96,19.96,93.2,25.64,0.92,4.56,0.65,0.76,2021-08-18,Ebolowa,2021,8,230,33,49.74000000000001,70.05,87.55,423.58000000000004,0.2538709050041872,-0.6523333333333312,22.99,equatorial
13.6,21.7,26.34,18.54,90.15,3.84,0.97,5.65,0.66,0.67,2021-08-19,Ebolowa,2021,8,231,33,50.94000000000001,73.11,88.53,423.81,0.25501187087644017,-0.6293333333333351,22.99,equatorial
14.75,21.98,26.05,19.24,89.03,1.53,0.75,4.48,0.65,0.66,2021-08-20,Ebolowa,2021,8,232,33,50.980000000000004,71.75,87.13000000000001,405.22,0.1582101621987935,-0.3123333333333349,22.99,equatorial
16.05,22.05,25.8,19.37,89.69,3.62,0.66,4.27,0.64,0.66,2021-08-21,Ebolowa,2021,8,233,33,53.36000000000001,73.75,89.44000000000001,407.78000000000003,0.17150225192009416,-0.2363333333333344,22.99,equatorial
14.83,21.98,25.46,19.52,90.81,3.64,0.48,4.15,0.64,0.67,2021-08-22,Ebolowa,2021,8,234,33,53.25000000000001,74.81,92.08000000000001,410.32,0.18468989946739134,-0.288333333333334,22.99,equatorial
18.39,22.86,27.53,18.78,87.32,1.06,0.63,5.9,0.63,0.64,2021-08-23,Ebolowa,2021,8,235,34,49.32000000000001,71.58999999999999,92.49,410.6,0.18610861859842126,0.5613333333333301,22.86,equatorial
15.48,23.34,27.64,20.23,90.99,5.2,0.66,4.98,0.63,0.65,2021-08-24,Ebolowa,2021,8,236,34,44.53000000000001,73.38,97.44,407.27,0.16872505989220973,1.007666666666669,23.34,equatorial
14.0,22.85,25.87,20.78,94.23,7.59,0.57,3.12,0.64,0.68,2021-08-25,Ebolowa,2021,8,237,34,26.480000000000008,76.22,104.95,391.02,0.08403538295913501,0.4863333333333344,23.34,equatorial
17.72,23.13,26.59,20.51,91.49,4.61,0.63,4.36,0.64,0.66,2021-08-26,Ebolowa,2021,8,238,34,27.250000000000007,78.19,109.33,393.21999999999997,0.09548122514363039,0.734333333333332,23.34,equatorial
15.72,22.95,26.32,20.64,90.72,3.28,0.77,4.32,0.64,0.65,2021-08-27,Ebolowa,2021,8,239,34,29.000000000000007,79.98,112.39,395.35,0.10656217499232382,0.546999999999997,23.34,equatorial
13.77,22.61,26.42,20.31,91.74,5.44,0.95,4.98,0.63,0.66,2021-08-28,Ebolowa,2021,8,240,34,30.820000000000007,84.17999999999999,117.54,400.22,0.13192574129677404,0.206666666666667,23.34,equatorial
12.25,22.44,26.38,20.0,92.55,8.79,0.75,4.98,0.64,0.67,2021-08-29,Ebolowa,2021,8,241,34,35.970000000000006,89.22,124.55000000000001,405.38,0.15880088288185526,0.014666666666666828,23.34,equatorial
19.64,22.77,26.38,19.66,91.47,7.66,0.73,5.01,0.64,0.68,2021-08-30,Ebolowa,2021,8,242,35,42.57000000000001,91.89,130.75,409.51,0.18030426735478414,0.3403333333333336,23.34,equatorial
15.71,22.22,24.59,20.67,95.68,10.12,0.8,2.78,0.65,0.7,2021-08-31,Ebolowa,2021,8,243,35,47.49,92.02000000000001,138.78,416.85,0.21854949464948725,-0.2220000000000013,23.13,equatorial
15.72,22.51,26.26,20.08,93.3,12.43,0.79,4.51,0.66,0.71,2021-09-01,Ebolowa,2021,9,244,35,52.330000000000005,78.81,150.26,428.67,0.28016362164566544,0.06466666666666754,23.13,equatorial
13.99,22.2,25.88,20.05,93.25,28.9,0.95,5.25,0.7,0.79,2021-09-02,Ebolowa,2021,9,245,35,76.62,103.87,178.57,451.55,0.399477820579304,-0.2463333333333324,22.95,equatorial
8.8,21.3,23.45,19.79,96.15,7.41,0.75,2.98,0.71,0.73,2021-09-03,Ebolowa,2021,9,246,35,80.75,109.75,185.17,447.32000000000005,0.3773095132824463,-1.097999999999999,22.77,equatorial
14.38,21.47,25.46,19.13,92.11,2.44,0.88,4.07,0.7,0.71,2021-09-04,Ebolowa,2021,9,247,35,77.75,108.57,186.82999999999998,448.0,0.3807702463277662,-0.886333333333333,22.77,equatorial
14.31,21.09,25.0,18.98,90.47,1.17,0.81,3.67,0.69,0.69,2021-09-05,Ebolowa,2021,9,248,35,70.13,106.1,185.11,447.99,0.38062872769262,-1.235666666666667,22.77,equatorial
13.19,22.2,26.74,18.52,86.83,0.21,0.77,4.99,0.67,0.68,2021-09-06,Ebolowa,2021,9,249,36,62.68,105.25,183.70000000000002,446.69,0.37375211078630055,-0.1386666666666656,22.51,equatorial
16.37,22.63,26.53,19.56,88.99,0.7,0.72,4.12,0.66,0.67,2021-09-07,Ebolowa,2021,9,250,36,53.260000000000005,100.75,181.82,445.34000000000003,0.36661521959107607,0.2839999999999989,22.63,equatorial
14.42,21.62,24.52,19.06,91.59,3.65,0.6,3.4,0.66,0.68,2021-09-08,Ebolowa,2021,9,251,36,44.480000000000004,96.81,181.19,436.84,0.3221347637213824,-0.7113333333333287,22.63,equatorial
18.04,22.67,27.47,18.7,89.02,3.66,0.74,5.05,0.65,0.67,2021-09-09,Ebolowa,2021,9,252,36,19.24000000000001,95.86,181.44,418.73,0.22745397041061913,0.34266666666666623,22.67,equatorial
21.33,22.66,26.12,20.04,94.13,15.06,0.72,3.24,0.66,0.71,2021-09-10,Ebolowa,2021,9,253,36,26.890000000000008,107.64,191.75,428.06,0.27615556640362104,0.3186666666666653,22.67,equatorial
19.47,22.61,26.12,20.19,94.1,18.24,0.66,4.14,0.69,0.74,2021-09-11,Ebolowa,2021,9,254,36,42.690000000000005,120.44,207.35000000000002,443.82000000000005,0.35845661563108977,0.23666666666666458,22.67,equatorial
18.94,21.94,25.5,19.82,91.29,11.84,0.77,5.02,0.71,0.75,2021-09-12,Ebolowa,2021,9,255,36,53.36,123.49,217.7,451.65,0.3992998090238889,-0.41499999999999915,22.67,equatorial
21.8,21.67,25.8,18.99,90.97,4.28,0.79,5.36,0.7,0.7,2021-09-13,Ebolowa,2021,9,256,37,57.43000000000001,120.11,220.73999999999998,453.44,0.4085627379343594,-0.6453333333333333,22.67,equatorial
15.13,21.29,25.35,18.74,90.31,2.07,0.7,4.85,0.69,0.69,2021-09-14,Ebolowa,2021,9,257,37,58.800000000000004,112.06,219.06,453.09000000000003,0.40663544289788794,-0.9693333333333349,22.67,equatorial
21.63,22.15,26.37,19.0,90.83,3.95,0.62,5.29,0.67,0.69,2021-09-15,Ebolowa,2021,9,258,37,59.10000000000001,103.58,218.02,446.3,0.37103075510871136,-0.08133333333333326,22.67,equatorial
11.41,21.61,24.22,19.8,95.57,9.67,0.69,2.75,0.67,0.71,2021-09-16,Ebolowa,2021,9,259,37,65.11,84.35000000000001,217.7,453.29,0.40750499438510457,-0.596666666666664,22.66,equatorial
13.38,21.68,25.57,19.08,93.26,7.97,0.7,4.98,0.69,0.72,2021-09-17,Ebolowa,2021,9,260,37,58.02,84.91,200.02999999999997,459.42,0.43947524264332494,-0.5260000000000034,22.61,equatorial
15.57,22.15,25.8,19.71,91.67,2.65,0.58,3.96,0.68,0.69,2021-09-18,Ebolowa,2021,9,261,37,42.43000000000001,85.12,198.84,455.1,0.41676602922070255,-0.0710000000000015,22.15,equatorial
17.08,22.5,26.41,19.73,91.3,4.56,0.68,4.96,0.68,0.69,2021-09-19,Ebolowa,2021,9,262,37,35.150000000000006,88.50999999999999,201.87,426.39,0.26642359685941247,0.2616666666666667,22.5,equatorial
17.74,22.44,25.49,20.38,93.52,8.29,0.65,4.35,0.68,0.71,2021-09-20,Ebolowa,2021,9,263,38,39.160000000000004,96.59,206.54,427.63,0.27285597674436013,0.18866666666666987,22.5,equatorial
16.92,22.88,26.48,20.28,93.23,7.05,0.68,4.52,0.68,0.71,2021-09-21,Ebolowa,2021,9,264,38,44.14000000000001,102.94,209.95,415.74,0.21054873177669362,0.5986666666666665,22.88,equatorial
16.09,22.41,25.3,20.71,93.39,8.65,0.73,4.14,0.68,0.71,2021-09-22,Ebolowa,2021,9,265,38,48.84000000000001,107.94,217.54,416.28999999999996,0.2133839920584688,0.14366666666666816,22.88,equatorial
16.6,22.41,26.06,19.61,90.89,1.53,0.55,5.54,0.68,0.69,2021-09-23,Ebolowa,2021,9,266,38,40.70000000000001,105.81,213.87,413.06,0.19642188579517686,0.17466666666666342,22.88,equatorial
18.52,22.05,24.44,20.23,94.49,18.23,0.56,2.95,0.68,0.72,2021-09-24,Ebolowa,2021,9,267,38,50.96000000000001,108.97999999999999,224.51,426.52,0.2668888327484596,-0.15866666666666518,22.88,equatorial
17.71,22.14,25.74,19.81,91.81,13.82,0.72,5.07,0.72,0.76,2021-09-25,Ebolowa,2021,9,268,38,62.13000000000001,104.56,233.71999999999997,436.64000000000004,0.31985199071843834,-0.03566666666666407,22.88,equatorial
18.23,22.34,26.41,19.53,90.9,4.58,0.59,4.88,0.71,0.72,2021-09-26,Ebolowa,2021,9,269,38,62.15000000000001,97.3,235.02,434.32,0.30762317691345525,0.18466666666666853,22.88,equatorial
19.01,22.34,26.12,19.7,92.63,7.54,0.81,5.62,0.7,0.72,2021-09-27,Ebolowa,2021,9,270,39,61.40000000000001,100.56,237.11999999999998,435.85,0.31557375566637696,0.19366666666666532,22.88,equatorial
18.66,21.62,23.3,19.9,96.64,6.51,0.65,2.35,0.7,0.72,2021-09-28,Ebolowa,2021,9,271,39,60.86000000000001,105.0,234.84,441.89000000000004,0.34716537748235426,-0.49900000000000233,22.41,equatorial
16.35,22.4,26.01,19.89,93.49,5.79,0.56,4.25,0.7,0.72,2021-09-29,Ebolowa,2021,9,272,39,58.00000000000001,106.84,232.97,447.26,0.375241003085319,0.29333333333332945,22.41,equatorial
18.41,23.36,27.69,20.09,90.58,6.39,0.52,6.36,0.7,0.72,2021-09-30,Ebolowa,2021,9,273,39,62.86000000000001,103.56,229.23999999999998,451.28000000000003,0.396234223938866,1.21533333333333,23.36,equatorial
7.59,21.9,23.76,20.7,96.61,13.23,0.61,3.01,0.71,0.75,2021-10-01,Ebolowa,2021,10,274,39,57.860000000000014,108.82,230.04000000000002,459.21,0.4377310201118202,-0.22433333333333394,23.36,equatorial
16.75,22.9,27.28,19.79,90.23,1.92,0.65,5.6,0.71,0.71,2021-10-02,Ebolowa,2021,10,275,39,45.96,108.08999999999999,203.06,460.24,0.4430280938925338,0.7523333333333326,23.36,equatorial
19.52,23.32,27.21,20.32,89.64,2.75,0.66,5.44,0.7,0.7,2021-10-03,Ebolowa,2021,10,276,39,44.13,106.28,198.4,456.16,0.42151591906337504,1.1050000000000004,23.36,equatorial
16.96,22.74,25.1,20.76,95.23,25.43,0.41,3.18,0.7,0.77,2021-10-04,Ebolowa,2021,10,277,40,62.02,123.42,221.39000000000001,479.84000000000003,0.5456644417606216,0.48266666666666325,23.36,equatorial
22.01,23.12,26.21,20.83,87.24,2.82,0.51,5.47,0.73,0.73,2021-10-05,Ebolowa,2021,10,278,40,58.330000000000005,119.19,223.04,480.5,0.5489845038698177,0.7950000000000017,23.36,equatorial
19.43,23.32,27.5,19.97,88.76,3.07,0.54,5.76,0.72,0.72,2021-10-06,Ebolowa,2021,10,279,40,55.61000000000001,113.61,225.89999999999998,481.0,0.5514641080166232,0.9576666666666682,23.36,equatorial
18.07,22.17,23.8,20.79,97.97,22.97,0.61,2.23,0.73,0.79,2021-10-07,Ebolowa,2021,10,280,40,72.19,135.05,248.17000000000002,500.39000000000004,0.6530933774395987,-0.1769999999999996,23.32,equatorial
15.34,23.52,26.78,20.77,91.77,5.89,0.65,4.47,0.74,0.75,2021-10-08,Ebolowa,2021,10,281,40,64.85,122.71000000000001,250.41,497.13,0.6357924288118885,1.1096666666666657,23.52,equatorial
11.64,22.97,25.68,21.39,94.88,13.4,0.57,3.77,0.74,0.77,2021-10-09,Ebolowa,2021,10,282,40,76.33000000000001,122.28999999999999,260.15,505.19,0.6779258277699747,0.5496666666666705,23.52,equatorial
13.37,23.19,26.09,20.87,94.59,21.63,0.43,4.25,0.75,0.79,2021-10-10,Ebolowa,2021,10,283,40,95.21000000000001,139.34,266.71999999999997,516.3,0.7360557757402567,0.7520000000000024,23.52,equatorial
16.69,23.33,27.39,21.25,92.24,19.98,0.58,6.28,0.78,0.81,2021-10-11,Ebolowa,2021,10,284,41,89.75999999999999,151.78,268.46,533.57,0.8265000519225815,0.8679999999999986,23.52,equatorial
19.21,22.97,25.99,20.54,92.98,11.38,0.74,4.66,0.78,0.79,2021-10-12,Ebolowa,2021,10,285,41,98.32000000000001,156.64999999999998,268.0,541.11,0.8658069023305812,0.47366666666666646,23.52,equatorial
16.12,23.48,27.71,20.26,89.79,2.3,0.63,5.78,0.76,0.76,2021-10-13,Ebolowa,2021,10,286,41,97.55000000000001,153.16,266.02,537.5799999999999,0.8469668380296957,0.9233333333333356,23.52,equatorial
16.7,22.67,25.61,20.55,90.77,0.39,0.65,3.58,0.74,0.73,2021-10-14,Ebolowa,2021,10,287,41,74.97000000000001,147.16000000000003,264.34,534.86,0.832390942757722,0.06733333333333391,23.52,equatorial
23.23,23.13,27.35,19.78,88.56,1.06,0.81,5.48,0.73,0.72,2021-10-15,Ebolowa,2021,10,288,41,70.14000000000001,134.98999999999998,261.45,534.77,0.831634276629946,0.4946666666666637,23.48,equatorial
15.68,22.25,24.99,20.15,91.37,3.46,0.69,3.25,0.72,0.72,2021-10-16,Ebolowa,2021,10,289,41,60.20000000000001,136.53,255.24,536.69,0.8414339194568438,-0.40666666666666984,23.48,equatorial
18.49,22.73,27.1,19.41,90.13,2.94,0.59,5.89,0.72,0.72,2021-10-17,Ebolowa,2021,10,290,41,41.510000000000005,136.72,250.21,537.79,0.8469215285284005,0.038333333333333997,23.48,equatorial
17.81,23.14,26.98,20.35,91.88,12.9,0.67,5.71,0.71,0.74,2021-10-18,Ebolowa,2021,10,291,42,34.43000000000001,124.19,260.46000000000004,547.8299999999999,0.8993590869654309,0.4153333333333329,23.48,equatorial
15.42,21.56,23.37,19.86,96.9,24.05,0.98,3.41,0.75,0.81,2021-10-19,Ebolowa,2021,10,292,42,47.10000000000001,145.42000000000002,279.95,568.95,1.0099488094793732,-1.1333333333333329,23.48,equatorial
12.54,21.52,24.61,19.24,94.72,13.7,0.74,4.3,0.76,0.78,2021-10-20,Ebolowa,2021,10,293,42,58.500000000000014,156.05,285.36,581.3399999999999,1.0746005893699606,-1.142666666666667,23.14,equatorial
16.06,20.59,23.55,18.65,95.35,7.01,0.55,3.59,0.76,0.77,2021-10-21,Ebolowa,2021,10,294,42,65.12,140.08999999999997,285.32,587.35,1.1056916853238306,-1.996333333333336,23.14,equatorial
11.22,22.24,26.14,18.92,93.15,5.47,0.65,4.32,0.75,0.76,2021-10-22,Ebolowa,2021,10,295,42,69.53,139.67,282.14,592.17,1.1305040398407262,-0.34066666666666734,23.14,equatorial
16.71,22.01,24.8,20.41,94.7,10.98,0.66,3.56,0.76,0.78,2021-10-23,Ebolowa,2021,10,296,42,77.05000000000001,137.25,291.59000000000003,602.9,1.186315749371801,-0.5573333333333323,23.14,equatorial
17.56,23.18,27.44,20.01,90.18,2.42,0.66,4.85,0.75,0.74,2021-10-24,Ebolowa,2021,10,297,42,76.53000000000002,118.04,275.78000000000003,605.24,1.1980248757506267,0.5749999999999993,23.18,equatorial
13.41,23.04,26.56,21.04,91.81,5.81,0.59,4.5,0.74,0.75,2021-10-25,Ebolowa,2021,10,298,43,69.44000000000001,103.86999999999999,267.77000000000004,610.82,1.2267252340682075,0.4049999999999976,23.18,equatorial
20.74,23.08,26.91,20.07,90.15,5.01,0.56,5.16,0.74,0.74,2021-10-26,Ebolowa,2021,10,299,43,50.400000000000006,97.5,268.2,615.61,1.2512449147112263,0.4203333333333319,23.18,equatorial
19.85,23.26,27.33,20.38,89.14,4.69,0.58,6.3,0.73,0.74,2021-10-27,Ebolowa,2021,10,300,43,41.39,99.89,265.35,620.0100000000001,1.2736872605166858,0.5696666666666701,23.26,equatorial
17.92,23.46,27.56,20.37,90.45,2.41,0.64,5.05,0.72,0.73,2021-10-28,Ebolowa,2021,10,301,43,36.790000000000006,101.91,261.25,620.64,1.276322646662145,0.7083333333333357,23.46,equatorial
17.42,23.43,27.21,20.99,88.86,2.02,0.82,5.2,0.72,0.72,2021-10-29,Ebolowa,2021,10,302,43,33.34000000000001,102.87,257.48,621.2,1.278587588224665,0.6439999999999984,23.46,equatorial
17.59,23.3,27.66,20.2,90.11,3.19,0.46,5.43,0.71,0.72,2021-10-30,Ebolowa,2021,10,303,43,25.550000000000008,102.60000000000001,254.28,622.3000000000001,1.2836818990478196,0.5160000000000018,23.46,equatorial
16.71,22.68,25.29,21.08,95.41,3.75,0.66,2.52,0.71,0.72,2021-10-31,Ebolowa,2021,10,304,43,26.88000000000001,103.41000000000001,244.79999999999998,625.1,1.2976843902724413,-0.129999999999999,23.46,equatorial
11.82,22.09,24.48,20.75,95.83,8.06,0.62,3.06,0.72,0.74,2021-11-01,Ebolowa,2021,11,305,44,29.130000000000006,98.57000000000001,250.94,632.57,1.3361528137207035,-0.6930000000000014,23.46,equatorial
14.52,22.63,26.69,19.91,91.16,2.28,0.55,4.72,0.72,0.73,2021-11-02,Ebolowa,2021,11,306,44,26.40000000000001,76.80000000000001,250.47,634.04,1.3431139458649977,-0.129999999999999,23.46,equatorial
15.96,22.91,26.61,19.96,89.21,2.21,0.49,4.31,0.71,0.72,2021-11-03,Ebolowa,2021,11,307,44,23.920000000000005,65.31,227.25,635.47,1.3498555209830134,0.14433333333333564,23.46,equatorial
20.32,22.57,25.89,20.52,89.71,1.15,0.78,3.93,0.71,0.72,2021-11-04,Ebolowa,2021,11,308,44,22.660000000000007,59.449999999999996,225.58,633.73,1.3399757675600739,-0.17733333333333334,23.43,equatorial
17.93,22.92,26.37,19.48,87.13,1.28,0.7,4.24,0.71,0.71,2021-11-05,Ebolowa,2021,11,309,44,21.920000000000005,55.26,223.79000000000002,633.39,1.337445684653036,0.1860000000000035,23.3,equatorial
16.3,23.71,27.95,20.64,88.72,3.12,0.47,4.95,0.7,0.71,2021-11-06,Ebolowa,2021,11,310,44,21.850000000000005,47.400000000000006,203.94,633.93,1.3395294530739514,0.9246666666666705,23.71,equatorial
19.46,22.36,23.95,21.01,98.26,12.15,0.6,1.68,0.71,0.75,2021-11-07,Ebolowa,2021,11,311,44,30.250000000000007,57.13,210.2,641.8000000000001,1.3800025325563237,-0.3866666666666667,23.71,equatorial
17.13,23.45,28.09,19.68,88.28,2.44,0.66,6.05,0.72,0.72,2021-11-08,Ebolowa,2021,11,312,45,24.63000000000001,53.76,199.24,640.83,1.374122980821015,0.6873333333333278,23.71,equatorial
14.47,23.78,27.54,21.08,91.54,4.82,0.59,4.65,0.71,0.72,2021-11-09,Ebolowa,2021,11,313,45,27.17000000000001,53.57,182.43,640.9000000000001,1.3736975825575726,0.9976666666666674,23.78,equatorial
15.38,23.14,25.69,21.35,95.82,10.22,0.53,3.14,0.72,0.75,2021-11-10,Ebolowa,2021,11,314,45,35.18000000000001,59.099999999999994,172.67000000000002,648.4799999999999,1.4125848013989402,0.36400000000000077,23.78,equatorial
14.36,23.36,27.36,20.91,91.27,9.38,0.63,5.71,0.73,0.75,2021-11-11,Ebolowa,2021,11,315,45,43.41000000000001,66.07000000000001,170.67000000000002,656.37,1.4530312152623956,0.570999999999998,23.78,equatorial
14.65,23.29,27.13,20.19,90.0,2.72,0.75,4.41,0.73,0.74,2021-11-12,Ebolowa,2021,11,316,45,44.85000000000001,66.77000000000001,171.09,657.85,1.459873400600479,0.5073333333333316,23.78,equatorial
19.57,23.47,27.16,20.71,90.34,1.54,0.59,3.64,0.72,0.73,2021-11-13,Ebolowa,2021,11,317,45,43.27000000000001,65.12,172.23999999999998,655.6400000000001,1.4474029945681985,0.6606666666666676,23.78,equatorial
11.99,23.64,27.56,21.28,89.91,5.99,0.69,4.64,0.72,0.74,2021-11-14,Ebolowa,2021,11,318,45,37.11000000000001,67.36,177.17000000000002,656.64,1.4517405495679072,0.8136666666666699,23.78,equatorial
19.01,24.09,28.45,20.31,86.53,1.87,0.63,5.72,0.72,0.72,2021-11-15,Ebolowa,2021,11,319,46,36.54000000000001,61.17,175.58,648.52,1.4083863498936393,1.202333333333332,24.09,equatorial
14.2,23.33,27.07,21.19,92.15,1.66,0.5,3.47,0.71,0.72,2021-11-16,Ebolowa,2021,11,320,46,33.38000000000001,60.550000000000004,174.3,624.5400000000001,1.2821754316805865,0.4223333333333308,24.09,equatorial
16.47,22.91,26.71,19.89,88.56,12.56,0.62,5.32,0.72,0.75,2021-11-17,Ebolowa,2021,11,321,46,35.720000000000006,70.9,173.96,633.26,1.3270891076169256,0.010000000000001563,24.09,equatorial
18.99,22.88,26.42,20.09,93.25,10.93,0.78,3.5,0.73,0.76,2021-11-18,Ebolowa,2021,11,322,46,37.27,80.67999999999999,160.84,642.6600000000001,1.3754924921336358,-0.06400000000000361,24.09,equatorial
11.72,23.08,26.17,20.37,92.13,11.62,0.67,3.56,0.74,0.77,2021-11-19,Ebolowa,2021,11,323,46,46.17,91.02,158.76,650.6600000000001,1.4165058692577803,0.08399999999999963,24.09,equatorial
14.86,23.18,26.52,20.35,92.37,13.42,0.59,3.85,0.75,0.78,2021-11-20,Ebolowa,2021,11,324,46,58.050000000000004,101.32000000000001,165.17000000000002,660.44,1.466751006355697,0.09766666666666524,24.09,equatorial
15.23,22.98,25.75,20.67,91.85,9.5,0.53,3.37,0.76,0.78,2021-11-21,Ebolowa,2021,11,325,46,61.56,98.67,169.20000000000002,668.88,1.5099104213010963,-0.12700000000000244,24.09,equatorial
18.72,24.02,28.26,19.95,82.24,0.73,0.7,5.88,0.75,0.74,2021-11-22,Ebolowa,2021,11,326,47,60.42000000000001,96.96000000000001,158.95,664.4100000000001,1.4855895530717271,0.8460000000000001,24.02,equatorial
16.44,23.52,27.73,20.1,86.81,0.84,0.81,4.85,0.73,0.73,2021-11-23,Ebolowa,2021,11,327,47,59.6,92.97999999999999,157.37,657.66,1.4494090127989332,0.33466666666666356,24.02,equatorial
17.23,23.56,27.54,21.08,89.13,0.91,0.8,3.87,0.73,0.72,2021-11-24,Ebolowa,2021,11,328,47,47.95000000000001,83.67,152.47,653.96,1.4292067566613804,0.35733333333333306,24.02,equatorial
18.58,24.0,28.44,20.12,85.15,0.43,0.73,5.54,0.72,0.72,2021-11-25,Ebolowa,2021,11,329,47,37.45000000000001,74.72,147.89,651.11,1.4134726408654024,0.7666666666666657,24.02,equatorial
18.37,24.09,28.13,19.6,82.44,0.31,0.9,5.44,0.71,0.71,2021-11-26,Ebolowa,2021,11,330,47,26.140000000000008,72.31,143.51,645.98,1.3858676172933773,0.8289999999999971,24.09,equatorial
14.92,23.56,28.17,19.44,85.58,3.1,0.9,5.46,0.7,0.71,2021-11-27,Ebolowa,2021,11,331,47,15.820000000000007,73.86999999999999,144.2,640.29,1.3553827747555869,0.2956666666666621,24.09,equatorial
17.71,23.46,27.77,20.33,86.41,4.55,0.77,5.21,0.7,0.72,2021-11-28,Ebolowa,2021,11,332,47,10.870000000000008,72.43,146.73000000000002,637.1800000000001,1.338399429552694,0.1946666666666701,24.09,equatorial
16.24,23.69,28.25,20.29,87.4,10.46,0.73,5.53,0.71,0.75,2021-11-29,Ebolowa,2021,11,333,48,20.60000000000001,81.02,154.0,637.5200000000001,1.3394330808532322,0.41166666666666885,24.09,equatorial
18.39,23.84,28.05,20.63,87.7,5.41,0.73,5.37,0.71,0.73,2021-11-30,Ebolowa,2021,11,334,48,25.17000000000001,84.77,155.66000000000003,630.5,1.3020859726342082,0.5229999999999997,24.09,equatorial
17.36,23.69,27.7,20.78,87.7,3.52,0.67,4.61,0.71,0.73,2021-12-01,Ebolowa,2021,12,335,48,27.78000000000001,75.73,151.12,605.12,1.1690461466538578,0.31966666666666654,24.09,equatorial
16.38,23.83,28.33,20.22,87.41,1.86,0.71,4.91,0.71,0.72,2021-12-02,Ebolowa,2021,12,336,48,29.210000000000008,66.66000000000001,150.70000000000002,599.57,1.1395569702628618,0.4196666666666644,24.09,equatorial
9.55,23.36,27.09,20.67,90.51,23.86,0.53,4.65,0.73,0.79,2021-12-03,Ebolowa,2021,12,337,48,52.760000000000005,78.9,172.35,620.99,1.250727048872332,-0.06533333333333502,23.84,equatorial
20.59,24.16,27.91,20.56,85.33,1.38,0.73,4.52,0.74,0.73,2021-12-04,Ebolowa,2021,12,338,48,51.040000000000006,66.86,172.57999999999998,621.2,1.251188147502,0.6816666666666649,24.16,equatorial
16.05,23.43,26.73,20.68,92.28,3.55,0.72,2.59,0.73,0.73,2021-12-05,Ebolowa,2021,12,339,48,50.040000000000006,60.91,174.85,624.54,1.2679640801455754,-0.06533333333333502,24.16,equatorial
15.2,23.39,26.87,21.26,91.21,2.38,0.53,3.15,0.73,0.74,2021-12-06,Ebolowa,2021,12,340,49,41.96,62.56,174.10999999999999,626.22,1.2760671699375439,-0.09466666666666512,24.16,equatorial
11.89,23.66,27.51,20.77,88.68,1.18,0.58,3.71,0.72,0.72,2021-12-07,Ebolowa,2021,12,341,49,37.730000000000004,62.9,163.14,623.75,1.2625336710622423,0.1319999999999979,24.16,equatorial
19.73,24.06,28.56,20.56,85.2,0.75,0.86,4.96,0.72,0.72,2021-12-08,Ebolowa,2021,12,342,49,34.96,62.74,161.45,620.84,1.2467245206169388,0.5116666666666667,24.16,equatorial
19.24,23.76,28.62,20.21,85.2,0.34,1.03,5.46,0.71,0.71,2021-12-09,Ebolowa,2021,12,343,49,33.440000000000005,62.65,156.97,606.12,1.169398339011333,0.21233333333333704,24.16,equatorial
18.91,23.89,28.29,19.43,81.37,0.18,0.82,5.28,0.7,0.7,2021-12-10,Ebolowa,2021,12,344,49,9.760000000000007,62.519999999999996,146.93,588.0600000000001,1.0747470378437896,0.3173333333333339,24.16,equatorial
17.15,24.14,28.47,20.25,81.75,0.38,0.78,5.17,0.69,0.7,2021-12-11,Ebolowa,2021,12,345,49,8.760000000000005,59.8,137.93,576.6,1.0145716876212527,0.5413333333333377,24.14,equatorial
17.26,24.09,27.76,20.18,80.63,0.02,0.64,4.46,0.69,0.69,2021-12-12,Ebolowa,2021,12,346,49,5.230000000000007,55.269999999999996,135.23,572.34,0.9919659572944515,0.4646666666666661,24.14,equatorial
19.04,23.98,28.95,19.94,81.08,0.01,0.85,5.32,0.68,0.69,2021-12-13,Ebolowa,2021,12,347,50,2.860000000000007,44.82,133.70000000000002,570.28,0.9808429142654426,0.3376666666666672,24.14,equatorial
18.67,23.65,28.96,19.61,82.49,0.01,0.87,5.33,0.68,0.68,2021-12-14,Ebolowa,2021,12,348,50,1.690000000000007,39.419999999999995,127.72,566.34,0.9599305686708884,0.0073333333333316375,24.14,equatorial
14.67,23.75,28.44,19.96,82.8,0.05,0.75,4.76,0.67,0.68,2021-12-15,Ebolowa,2021,12,349,50,0.9900000000000071,35.949999999999996,125.89999999999999,556.72,0.9094295920056467,0.11866666666666958,24.14,equatorial
15.67,23.03,26.46,19.85,86.78,0.07,0.82,2.92,0.67,0.68,2021-12-16,Ebolowa,2021,12,350,50,0.7200000000000071,34.16,124.31,548.8199999999999,0.8679256717579106,-0.5913333333333313,24.14,equatorial
19.54,23.74,28.64,20.01,83.75,11.12,0.73,4.89,0.68,0.71,2021-12-17,Ebolowa,2021,12,351,50,11.660000000000007,21.419999999999998,122.86999999999999,557.29,0.9117767866365064,0.09100000000000108,24.14,equatorial
16.93,23.37,28.02,19.29,85.32,14.73,0.8,4.89,0.7,0.73,2021-12-18,Ebolowa,2021,12,352,50,26.010000000000005,34.769999999999996,126.67,567.46,0.964459264904992,-0.29533333333332834,24.09,equatorial
17.97,23.89,28.75,19.16,84.25,5.85,0.9,5.07,0.7,0.71,2021-12-19,Ebolowa,2021,12,353,50,31.840000000000003,37.07,120.89999999999999,565.02,0.951375330566851,0.19766666666666666,23.98,equatorial
20.17,24.03,29.1,20.19,86.7,4.58,1.05,5.36,0.7,0.71,2021-12-20,Ebolowa,2021,12,354,51,36.41000000000001,39.269999999999996,112.06,562.55,0.9381443750672385,0.3093333333333348,24.03,equatorial
20.77,23.4,27.15,20.72,86.44,3.43,0.89,4.01,0.7,0.7,2021-12-21,Ebolowa,2021,12,355,51,39.830000000000005,41.519999999999996,105.99,557.33,0.9105872530423633,-0.3346666666666671,24.03,equatorial
19.44,23.33,28.28,19.35,85.4,4.23,1.1,5.32,0.7,0.72,2021-12-22,Ebolowa,2021,12,356,51,44.010000000000005,45.0,109.49,560.0300000000001,0.9243356657218957,-0.38166666666666416,24.03,equatorial
19.17,22.72,27.08,19.11,86.06,1.2,0.96,4.67,0.7,0.7,2021-12-23,Ebolowa,2021,12,357,51,45.14000000000001,45.86,109.85000000000001,543.0,0.8352154073229201,-0.9649999999999999,24.03,equatorial
16.83,23.44,27.99,19.81,81.94,0.6,0.89,4.75,0.69,0.69,2021-12-24,Ebolowa,2021,12,358,51,34.620000000000005,46.28,109.53999999999999,529.78,0.7660068707378512,-0.24099999999999966,24.03,equatorial
17.64,23.39,28.44,19.42,87.8,4.01,0.77,4.6,0.69,0.7,2021-12-25,Ebolowa,2021,12,359,51,23.900000000000006,49.91,113.12,529.21,0.7627962921969095,-0.27066666666666706,24.03,equatorial
14.11,23.02,26.27,21.07,91.71,11.73,0.7,3.11,0.7,0.74,2021-12-26,Ebolowa,2021,12,360,51,29.780000000000005,61.620000000000005,124.53999999999999,533.4,0.7844111804278409,-0.6050000000000004,24.03,equatorial
13.57,22.52,24.65,20.43,93.43,4.2,0.65,2.43,0.71,0.72,2021-12-27,Ebolowa,2021,12,361,52,29.400000000000006,65.81,125.64,531.09,0.772115339236054,-1.070333333333334,23.44,equatorial
12.78,23.04,26.44,20.8,89.56,1.52,0.43,2.88,0.71,0.71,2021-12-28,Ebolowa,2021,12,362,52,27.490000000000006,67.32000000000001,122.60999999999999,526.82,0.7496019391037579,-0.5363333333333316,23.44,equatorial
14.76,21.92,24.37,20.35,94.35,3.87,0.7,1.92,0.71,0.72,2021-12-29,Ebolowa,2021,12,363,52,27.130000000000006,71.14,116.02,524.3000000000001,0.7362272888284845,-1.5973333333333315,23.44,equatorial
18.02,23.45,28.02,19.88,84.06,0.18,0.74,4.3,0.71,0.7,2021-12-30,Ebolowa,2021,12,364,52,26.110000000000007,71.25,110.79,511.25,0.6679215095371442,-0.054333333333332234,23.45,equatorial
17.25,23.52,28.51,20.11,85.86,2.0,0.55,4.27,0.7,0.7,2021-12-31,Ebolowa,2021,12,365,52,27.510000000000005,62.129999999999995,109.27,511.33,0.668150099970003,0.021333333333330984,23.52,equatorial
15.99,23.6,28.34,20.18,86.24,0.83,0.74,4.41,0.7,0.7,2022-01-01,Ebolowa,2022,1,1,52,24.33000000000001,48.23,108.24,509.41,0.6579418239770122,0.10900000000000531,23.6,equatorial
17.86,23.84,28.32,20.17,83.98,0.18,0.79,4.31,0.69,0.69,2022-01-02,Ebolowa,2022,1,2,52,12.780000000000008,42.559999999999995,84.55999999999999,484.15999999999997,0.5259705886542836,0.3329999999999984,23.84,equatorial
17.74,23.3,28.16,20.17,84.21,0.26,0.74,4.24,0.69,0.69,2022-01-03,Ebolowa,2022,1,3,1,8.840000000000009,38.24,83.44,481.6,0.5124755499525491,-0.17833333333333456,23.84,equatorial
18.47,23.68,28.67,19.6,80.19,0.03,0.65,4.87,0.68,0.68,2022-01-04,Ebolowa,2022,1,4,1,7.350000000000007,34.84,79.92,478.56,0.49647716363773897,0.19333333333333158,23.84,equatorial
16.76,23.66,28.38,19.48,82.72,0.04,0.81,4.25,0.68,0.67,2022-01-05,Ebolowa,2022,1,5,1,3.520000000000007,30.65,77.58,455.63,0.3766150215557306,0.16433333333333167,23.84,equatorial
18.44,24.14,29.03,19.59,80.51,0.03,0.98,5.02,0.67,0.67,2022-01-06,Ebolowa,2022,1,6,1,3.370000000000007,29.48,76.42999999999999,449.77,0.3459237623611542,0.6283333333333374,24.14,equatorial
17.02,24.06,29.2,19.26,80.76,0.12,0.9,4.96,0.67,0.66,2022-01-07,Ebolowa,2022,1,7,1,1.4900000000000073,29.0,75.8,436.49,0.2764721547238438,0.548333333333332,24.14,equatorial
16.94,24.03,29.32,19.95,85.56,0.37,0.81,4.37,0.66,0.66,2022-01-08,Ebolowa,2022,1,8,1,1.0300000000000074,25.36,75.83,415.23,0.1653266048996076,0.5093333333333341,24.14,equatorial
16.82,24.19,28.66,21.21,87.23,0.63,0.75,3.71,0.66,0.66,2022-01-09,Ebolowa,2022,1,9,1,1.4800000000000075,14.26,76.28,395.88,0.06416477062657318,0.6593333333333327,24.19,equatorial
16.02,24.14,28.63,21.02,87.55,0.56,0.67,3.34,0.66,0.66,2022-01-10,Ebolowa,2022,1,10,2,1.7800000000000074,10.62,76.46000000000001,385.06,0.007592348947536091,0.609333333333332,24.19,equatorial
15.52,24.35,28.84,21.05,83.45,0.36,0.76,4.28,0.66,0.66,2022-01-11,Ebolowa,2022,1,11,2,2.1100000000000074,9.459999999999999,76.8,383.12,-0.0025521651984216345,0.8106666666666662,24.35,equatorial
16.21,23.1,26.64,20.67,88.69,0.37,0.73,2.6,0.65,0.66,2022-01-12,Ebolowa,2022,1,12,2,2.4400000000000075,5.960000000000001,77.16,383.1,-0.0026562563825294296,-0.4099999999999966,24.35,equatorial
16.77,23.46,27.74,20.35,87.34,0.39,0.68,3.19,0.65,0.66,2022-01-13,Ebolowa,2022,1,13,2,2.800000000000008,6.17,77.53999999999999,382.43,-0.0061601125137257275,-0.04366666666666674,24.35,equatorial
15.32,23.04,26.7,20.81,90.82,0.51,0.73,2.18,0.65,0.66,2022-01-14,Ebolowa,2022,1,14,2,3.1900000000000075,4.68,78.0,379.48,-0.02159161905721954,-0.4400000000000013,24.35,equatorial
15.24,23.39,27.32,20.81,88.44,0.7,0.78,2.94,0.66,0.66,2022-01-15,Ebolowa,2022,1,15,2,3.5200000000000076,4.550000000000001,78.63,377.24,-0.033308089810334736,-0.10200000000000387,24.35,equatorial
16.13,23.78,29.38,19.87,82.44,0.04,0.95,4.87,0.65,0.65,2022-01-16,Ebolowa,2022,1,16,2,2.9300000000000073,4.410000000000001,67.55,364.38,-0.10060372914807673,0.2866666666666653,24.35,equatorial
12.46,22.87,27.73,19.51,84.93,0.04,0.87,3.59,0.65,0.65,2022-01-17,Ebolowa,2022,1,17,3,2.4100000000000072,4.19,52.86,340.37,-0.22626153542488203,-0.6066666666666691,24.35,equatorial
17.74,22.62,26.84,19.64,86.95,0.01,0.76,2.79,0.65,0.65,2022-01-18,Ebolowa,2022,1,18,3,2.060000000000007,4.170000000000001,47.019999999999996,326.68,-0.29788557588983006,-0.8143333333333338,23.78,equatorial
18.61,22.98,28.17,19.5,78.37,0.0,0.99,5.16,0.64,0.64,2022-01-19,Ebolowa,2022,1,19,3,1.6900000000000075,4.130000000000001,42.44,319.67,-0.3345273980251837,-0.4193333333333342,23.78,equatorial
20.58,22.87,28.05,17.34,69.57,0.0,0.85,5.31,0.64,0.64,2022-01-20,Ebolowa,2022,1,20,3,1.3000000000000074,4.1000000000000005,39.01,314.2,-0.3631010570227117,-0.5116666666666667,23.78,equatorial
20.13,23.77,29.11,18.59,69.23,0.01,0.88,5.21,0.63,0.63,2022-01-21,Ebolowa,2022,1,21,3,0.8000000000000073,3.99,34.790000000000006,303.23,-0.4204787148106351,0.3736666666666615,23.78,equatorial
19.77,23.91,29.85,18.71,79.42,0.16,0.79,4.61,0.63,0.63,2022-01-22,Ebolowa,2022,1,22,3,0.26000000000000734,3.7800000000000002,33.75,300.97,-0.43222165941872465,0.4740000000000002,23.91,equatorial
20.57,23.92,29.7,18.9,79.21,0.32,0.91,4.79,0.62,0.63,2022-01-23,Ebolowa,2022,1,23,3,0.5400000000000074,3.47,33.47,295.48,-0.46088550312342075,0.4680000000000035,23.92,equatorial
19.87,24.05,30.52,19.42,80.46,0.27,0.92,4.9,0.62,0.62,2022-01-24,Ebolowa,2022,1,24,4,0.7700000000000073,3.18,29.73,290.74,-0.4856145484950548,0.5760000000000005,24.05,equatorial
19.57,23.84,29.36,20.4,84.03,0.44,0.9,4.28,0.62,0.62,2022-01-25,Ebolowa,2022,1,25,4,1.2000000000000073,3.2600000000000002,18.44,286.49,-0.5077710710804431,0.33866666666666845,24.05,equatorial
20.05,24.0,29.55,20.1,77.55,0.04,0.84,4.92,0.61,0.61,2022-01-26,Ebolowa,2022,1,26,4,1.2400000000000073,2.93,14.280000000000001,284.12,-0.5200694381621969,0.44933333333333536,24.05,equatorial
18.71,23.73,30.05,19.3,79.9,0.02,0.81,4.67,0.61,0.61,2022-01-27,Ebolowa,2022,1,27,4,1.2600000000000073,2.56,12.78,282.12,-0.5304257035254202,0.15633333333333255,24.05,equatorial
18.4,24.11,30.05,19.84,78.95,0.02,1.01,4.73,0.61,0.61,2022-01-28,Ebolowa,2022,1,28,4,1.2700000000000073,2.0700000000000003,8.93,278.95,-0.5469137268562291,0.4633333333333347,24.11,equatorial
20.96,23.52,30.1,17.56,70.83,0.0,0.9,5.32,0.6,0.6,2022-01-29,Ebolowa,2022,1,29,4,1.1100000000000074,1.37,8.75,275.2,-0.5664390672022069,-0.12900000000000134,24.11,equatorial
19.25,23.53,29.61,18.28,73.49,0.01,0.89,4.85,0.6,0.6,2022-01-30,Ebolowa,2022,1,30,4,0.8000000000000073,1.3400000000000003,6.76,267.15,-0.6085084138116172,-0.11933333333333351,24.11,equatorial
20.7,23.22,30.02,18.08,74.58,0.1,0.94,4.95,0.59,0.59,2022-01-31,Ebolowa,2022,1,31,5,0.6300000000000072,1.4000000000000004,6.029999999999999,264.96999999999997,-0.6197803761353732,-0.41666666666666785,24.11,equatorial
17.24,23.15,29.73,18.41,81.28,0.69,0.9,4.3,0.59,0.59,2022-02-01,Ebolowa,2022,2,32,5,0.8800000000000072,2.08,6.54,263.45,-0.6275872816020495,-0.463666666666672,24.11,equatorial
16.75,23.34,28.25,19.94,85.51,2.07,0.93,3.72,0.59,0.6,2022-02-02,Ebolowa,2022,2,33,5,2.9100000000000072,4.15,8.35,264.37,-0.6225923875769442,-0.2749999999999986,24.11,equatorial
15.49,23.84,29.11,20.49,84.25,2.59,0.85,4.12,0.59,0.6,2022-02-03,Ebolowa,2022,2,34,5,5.480000000000007,6.74,10.909999999999998,265.68,-0.6155529828370785,0.21966666666666512,24.11,equatorial
17.38,23.78,28.93,20.27,83.28,1.01,0.74,3.62,0.6,0.61,2022-02-04,Ebolowa,2022,2,35,5,6.470000000000007,7.74,11.879999999999999,263.57,-0.6264603952065056,0.15566666666666862,23.84,equatorial
17.69,24.15,30.14,19.86,74.3,0.03,0.69,4.53,0.59,0.59,2022-02-05,Ebolowa,2022,2,36,5,6.500000000000007,7.61,11.88,251.45000000000002,-0.68989124418893,0.5253333333333323,24.15,equatorial
19.68,23.85,29.96,18.96,74.5,0.0,0.83,4.38,0.59,0.59,2022-02-06,Ebolowa,2022,2,37,5,6.490000000000006,7.29,11.76,249.01000000000002,-0.7024996912208744,0.2323333333333366,24.15,equatorial
20.81,23.81,30.25,17.92,77.21,0.0,1.02,4.31,0.59,0.58,2022-02-07,Ebolowa,2022,2,38,6,6.390000000000007,7.0200000000000005,11.39,244.19,-0.7275941499487849,0.199666666666662,24.15,equatorial
18.54,24.37,30.66,19.22,79.19,0.0,0.86,4.26,0.58,0.58,2022-02-08,Ebolowa,2022,2,39,6,5.700000000000006,6.58,10.76,233.97,-0.7810200858193199,0.7536666666666676,24.37,equatorial
18.92,24.72,30.99,20.35,79.54,0.0,0.85,4.46,0.58,0.58,2022-02-09,Ebolowa,2022,2,40,6,3.630000000000007,6.54,10.2,224.59,-0.830010908747605,1.0843333333333334,24.72,equatorial
18.92,24.76,31.01,20.34,77.78,0.0,0.79,4.47,0.58,0.57,2022-02-10,Ebolowa,2022,2,41,6,1.0400000000000071,6.5200000000000005,9.84,221.87,-0.8440180841452337,1.110666666666667,24.76,equatorial
20.22,24.73,30.44,20.64,79.15,0.01,0.73,3.91,0.57,0.57,2022-02-11,Ebolowa,2022,2,42,6,0.040000000000007106,6.51,9.48,220.34,-0.8517712165167136,1.0263333333333335,24.76,equatorial
19.06,24.91,31.34,20.29,78.26,0.01,0.74,4.23,0.57,0.57,2022-02-12,Ebolowa,2022,2,43,6,0.020000000000007106,6.52,9.1,214.35999999999999,-0.8828793160191496,1.1579999999999977,24.91,equatorial
16.98,24.45,29.56,21.1,80.81,0.01,0.82,3.13,0.57,0.57,2022-02-13,Ebolowa,2022,2,44,6,0.030000000000007104,6.5200000000000005,8.6,212.49999999999997,-0.8923412344930873,0.6509999999999998,24.91,equatorial
18.91,25.08,31.3,20.82,76.52,0.01,0.73,4.3,0.57,0.56,2022-02-14,Ebolowa,2022,2,45,7,0.040000000000007106,6.430000000000001,7.909999999999999,210.85,-0.9006950432248836,1.2246666666666677,25.08,equatorial
19.27,25.3,31.54,20.64,76.61,0.05,0.73,4.25,0.56,0.56,2022-02-15,Ebolowa,2022,2,46,7,0.0900000000000071,5.79,7.92,198.33999999999997,-0.9660534885466902,1.394000000000002,25.3,equatorial
17.91,24.98,30.95,20.91,77.71,0.15,0.91,4.16,0.56,0.56,2022-02-16,Ebolowa,2022,2,47,7,0.2400000000000071,3.87,8.03,187.56,-1.022281915543247,1.0036666666666676,25.3,equatorial
17.98,24.61,30.34,20.39,78.17,0.06,0.91,3.84,0.56,0.56,2022-02-17,Ebolowa,2022,2,48,7,0.3000000000000071,1.3400000000000005,8.08,176.0,-1.0825574278236436,0.5673333333333339,25.3,equatorial
16.78,24.99,30.9,20.98,77.38,0.06,0.88,3.97,0.55,0.55,2022-02-18,Ebolowa,2022,2,49,7,0.3500000000000071,0.39000000000000046,8.14,162.64,-1.1522230409582694,0.8803333333333327,25.3,equatorial
16.62,24.87,30.43,20.88,78.43,0.15,1.02,3.9,0.55,0.55,2022-02-19,Ebolowa,2022,2,50,7,0.4900000000000071,0.5100000000000005,8.29,153.29,-1.2007730402417114,0.6936666666666689,25.3,equatorial
17.46,24.85,30.15,21.16,78.01,0.09,0.82,3.75,0.55,0.55,2022-02-20,Ebolowa,2022,2,51,7,0.5700000000000071,0.6000000000000004,8.37,152.65,-1.203569049037449,0.6376666666666679,25.3,equatorial
19.38,25.16,31.17,20.93,73.92,0.05,0.55,4.21,0.55,0.55,2022-02-21,Ebolowa,2022,2,52,8,0.6100000000000071,0.6500000000000004,8.26,151.85999999999999,-1.2071490745068985,0.9059999999999988,25.3,equatorial
17.18,25.09,31.61,20.37,76.68,0.04,0.74,3.97,0.55,0.54,2022-02-22,Ebolowa,2022,2,53,8,0.6000000000000071,0.6900000000000004,7.9799999999999995,150.99,-1.2111449329086375,0.796999999999997,25.16,equatorial
17.8,25.22,30.76,21.42,77.12,0.03,0.81,3.68,0.54,0.54,2022-02-23,Ebolowa,2022,2,54,8,0.4800000000000071,0.7200000000000004,7.739999999999999,150.59,-1.2126711084427275,0.8880000000000017,25.22,equatorial
16.79,25.46,30.96,21.37,76.13,0.08,0.64,3.72,0.54,0.54,2022-02-24,Ebolowa,2022,2,55,8,0.5000000000000071,0.8000000000000004,7.38,150.35999999999999,-1.2133040894268563,1.073999999999998,25.46,equatorial
20.03,25.74,32.03,20.78,75.82,0.09,0.69,4.11,0.54,0.54,2022-02-25,Ebolowa,2022,2,56,8,0.5300000000000071,0.8800000000000003,7.43,147.35,-1.2285160223263363,1.2959999999999958,25.74,equatorial
18.34,25.8,31.15,21.56,77.12,0.07,0.64,3.67,0.54,0.54,2022-02-26,Ebolowa,2022,2,57,8,0.45000000000000706,0.9400000000000004,7.479999999999999,142.86999999999998,-1.2514186524044273,1.2870000000000026,25.8,equatorial
17.11,25.65,31.25,21.94,78.83,1.48,0.68,3.69,0.54,0.54,2022-02-27,Ebolowa,2022,2,58,8,1.840000000000007,2.41,8.94,133.89000000000001,-1.297886487670824,1.0856666666666648,25.8,equatorial
15.7,23.73,27.25,21.38,87.37,4.33,0.86,2.22,0.55,0.59,2022-02-28,Ebolowa,2022,2,59,9,6.120000000000007,6.73,13.27,132.81,-1.3028821710521115,-0.8413333333333313,25.8,equatorial
16.99,24.42,29.11,20.75,81.09,0.13,0.83,3.06,0.55,0.55,2022-03-01,Ebolowa,2022,3,60,9,6.210000000000007,6.8100000000000005,13.39,129.42,-1.319978822398734,-0.18099999999999739,25.8,equatorial
18.4,24.35,29.1,21.03,83.9,1.22,0.81,3.02,0.55,0.55,2022-03-02,Ebolowa,2022,3,61,9,7.4000000000000075,7.880000000000001,14.51,128.78,-1.322641587214503,-0.28866666666666774,25.8,equatorial
17.06,24.18,28.43,21.43,85.36,1.57,0.82,2.81,0.55,0.56,2022-03-03,Ebolowa,2022,3,62,9,8.890000000000008,9.39,15.389999999999999,106.49,-1.4387298603537984,-0.49299999999999855,25.8,equatorial
19.43,24.17,28.22,21.16,84.33,1.48,0.62,3.09,0.55,0.56,2022-03-04,Ebolowa,2022,3,63,9,10.280000000000006,10.81,14.8,106.59,-1.4373634952887258,-0.5306666666666651,25.8,equatorial
17.51,24.5,30.16,21.17,84.46,2.1,0.61,4.01,0.55,0.56,2022-03-05,Ebolowa,2022,3,64,9,12.310000000000006,12.76,14.31,105.13999999999999,-1.4441161444971897,-0.22266666666666524,25.65,equatorial
17.98,24.92,30.69,21.09,82.28,2.26,0.61,4.08,0.55,0.57,2022-03-06,Ebolowa,2022,3,65,9,13.090000000000007,14.93,15.559999999999999,105.02,-1.4438950221958697,0.15933333333333266,24.92,equatorial
15.34,24.1,28.5,21.27,87.16,8.56,0.81,3.73,0.55,0.6,2022-03-07,Ebolowa,2022,3,66,10,17.320000000000007,23.44,24.09,112.4,-1.4044152022885004,-0.6590000000000025,24.92,equatorial
19.88,25.16,30.9,20.97,83.49,5.83,0.55,4.65,0.56,0.61,2022-03-08,Ebolowa,2022,3,67,10,23.020000000000003,29.230000000000004,29.92,117.48,-1.377031952407329,0.35733333333333306,25.16,equatorial
17.82,24.29,28.31,21.96,89.71,10.79,0.62,3.38,0.57,0.64,2022-03-09,Ebolowa,2022,3,68,10,32.59,39.99,40.71,127.93,-1.3215843395035567,-0.5286666666666662,25.16,equatorial
6.11,24.22,28.73,21.28,88.65,7.43,0.63,3.88,0.59,0.65,2022-03-10,Ebolowa,2022,3,69,10,38.45,47.34,48.14,135.18,-1.2829545114427228,-0.5936666666666675,25.16,equatorial
14.22,23.21,26.62,21.29,92.76,14.15,0.67,2.72,0.6,0.66,2022-03-11,Ebolowa,2022,3,70,10,51.120000000000005,61.4,62.29,148.95,-1.2102538568271661,-1.5533333333333346,25.16,equatorial
16.57,22.96,26.12,20.6,90.94,1.28,0.39,2.44,0.62,0.65,2022-03-12,Ebolowa,2022,3,71,10,50.300000000000004,62.61,63.57,150.20999999999998,-1.203093439149475,-1.7433333333333323,25.16,equatorial
15.2,24.44,29.76,20.46,83.57,0.21,0.53,4.92,0.61,0.61,2022-03-13,Ebolowa,2022,3,72,10,48.25000000000001,61.34,63.77,150.41,-1.2014871455619813,-0.2536666666666676,25.16,equatorial
14.28,24.72,29.01,21.51,85.21,0.18,0.58,3.72,0.6,0.6,2022-03-14,Ebolowa,2022,3,73,11,39.870000000000005,57.190000000000005,63.94,150.58,-1.2000397312537894,0.03266666666666396,25.16,equatorial
6.01,23.72,26.57,21.77,90.4,0.4,0.66,2.02,0.59,0.6,2022-03-15,Ebolowa,2022,3,74,11,34.440000000000005,57.46,64.33,150.93,-1.1976524311265857,-0.9430000000000014,24.72,equatorial
17.45,23.98,28.21,21.58,87.13,0.51,0.75,3.4,0.59,0.59,2022-03-16,Ebolowa,2022,3,75,11,24.16000000000001,56.75,64.83,151.37,-1.1947971144577203,-0.646333333333331,24.72,equatorial
16.94,22.89,25.65,20.9,90.87,1.93,0.58,2.12,0.59,0.6,2022-03-17,Ebolowa,2022,3,76,11,18.66000000000001,57.11,66.71,142.18,-1.2423129486108382,-1.6559999999999988,24.72,equatorial
17.47,24.1,29.42,19.61,82.17,1.69,0.57,4.76,0.59,0.6,2022-03-18,Ebolowa,2022,3,77,11,6.200000000000007,57.32,68.25,129.14000000000001,-1.309903865168061,-0.4166666666666643,24.72,equatorial
15.84,24.61,29.26,21.15,85.15,3.27,0.57,4.21,0.58,0.6,2022-03-19,Ebolowa,2022,3,78,11,8.190000000000007,58.489999999999995,71.46000000000001,126.56,-1.3227180731232713,0.09333333333333371,24.72,equatorial
17.39,24.28,28.99,21.02,86.73,2.94,0.74,4.25,0.58,0.6,2022-03-20,Ebolowa,2022,3,79,11,10.920000000000007,59.169999999999995,74.34,124.92,-1.3306015114731145,-0.2129999999999974,24.72,equatorial
12.92,24.38,29.0,21.01,85.47,0.73,0.62,4.2,0.58,0.58,2022-03-21,Ebolowa,2022,3,80,12,11.470000000000006,51.34,74.91999999999999,122.22,-1.3440146839751785,-0.09666666666666757,24.61,equatorial
15.98,24.41,29.49,21.28,84.65,0.28,0.78,4.13,0.57,0.58,2022-03-22,Ebolowa,2022,3,81,12,11.350000000000007,45.79,75.11,118.27,-1.3639415758792388,-0.0519999999999996,24.61,equatorial
19.11,24.89,30.11,20.98,83.81,0.84,0.73,4.4,0.57,0.57,2022-03-23,Ebolowa,2022,3,82,12,11.680000000000007,35.839999999999996,75.89999999999999,117.91,-1.3650835637247611,0.43700000000000117,24.89,equatorial
17.94,24.25,27.8,21.52,88.56,1.81,0.55,2.81,0.56,0.58,2022-03-24,Ebolowa,2022,3,83,12,11.560000000000008,30.22,77.67,119.12,-1.3580225106112858,-0.1750000000000007,24.89,equatorial
18.53,24.67,28.41,21.64,84.8,1.81,0.88,3.71,0.56,0.58,2022-03-25,Ebolowa,2022,3,84,12,11.680000000000007,17.88,79.45,116.92,-1.368782298503349,0.26333333333333186,24.89,equatorial
21.39,25.34,31.11,20.33,80.71,0.98,0.89,5.62,0.56,0.56,2022-03-26,Ebolowa,2022,3,85,12,9.390000000000008,17.58,80.35000000000001,106.17,-1.4241742797478638,0.9373333333333314,25.34,equatorial
18.42,25.45,31.01,21.61,82.17,2.07,0.7,5.25,0.55,0.56,2022-03-27,Ebolowa,2022,3,86,12,8.520000000000007,19.44,82.33,104.03999999999999,-1.4344787160082253,1.0570000000000022,25.45,equatorial
13.96,25.31,30.44,21.57,81.74,1.37,0.64,4.94,0.55,0.56,2022-03-28,Ebolowa,2022,3,87,13,9.160000000000007,20.63,83.63000000000001,103.89,-1.434432479352081,0.93333333333333,25.45,equatorial
19.55,24.89,29.73,21.83,82.22,1.24,0.71,4.47,0.54,0.55,2022-03-29,Ebolowa,2022,3,88,13,10.120000000000008,21.47,83.39,101.25999999999999,-1.4473283094286615,0.5386666666666677,25.45,equatorial
17.48,25.14,30.91,21.17,79.6,0.5,0.55,5.19,0.54,0.54,2022-03-30,Ebolowa,2022,3,89,13,9.780000000000008,21.46,79.56,101.58,-1.4448126643858625,0.7416666666666671,25.45,equatorial
16.57,24.66,29.38,21.44,86.48,3.55,0.48,3.97,0.54,0.56,2022-03-31,Ebolowa,2022,3,90,13,11.520000000000007,23.08,82.97999999999999,103.13,-1.4358850159001646,0.2536666666666676,25.45,equatorial
15.92,23.1,25.08,21.64,94.63,11.07,0.56,2.45,0.55,0.63,2022-04-01,Ebolowa,2022,4,91,13,20.78000000000001,32.46,92.83,113.37,-1.3816478044863518,-1.2646666666666633,25.45,equatorial
17.4,22.48,26.67,19.34,86.56,2.72,0.73,3.79,0.56,0.59,2022-04-02,Ebolowa,2022,4,92,13,22.520000000000007,31.91,93.98,115.91,-1.3676434598379597,-1.8279999999999994,25.45,equatorial
18.76,23.54,27.97,20.63,87.77,3.28,0.78,4.12,0.56,0.58,2022-04-03,Ebolowa,2022,4,93,13,23.730000000000004,32.25,95.78,118.93,-1.351156047399318,-0.7469999999999999,25.31,equatorial
12.81,23.46,27.87,20.59,85.53,1.06,0.66,3.8,0.56,0.57,2022-04-04,Ebolowa,2022,4,94,14,23.42000000000001,32.58,94.74000000000001,119.96000000000001,-1.3450662900029071,-0.7923333333333353,25.14,equatorial
18.16,24.27,29.6,20.33,85.08,1.96,0.57,4.27,0.55,0.57,2022-04-05,Ebolowa,2022,4,95,14,24.140000000000008,34.26,94.44,121.88,-1.3343455917706315,0.03933333333333522,25.14,equatorial
18.42,24.03,28.08,21.2,85.95,0.44,0.58,3.04,0.55,0.57,2022-04-06,Ebolowa,2022,4,96,14,24.080000000000005,33.86,86.32,122.28999999999999,-1.3315096292639088,-0.19833333333333059,24.66,equatorial
18.4,24.89,30.22,20.64,82.98,1.04,0.66,4.8,0.55,0.56,2022-04-07,Ebolowa,2022,4,97,14,21.570000000000007,33.09,81.53,123.21000000000001,-1.3260198281216584,0.6706666666666656,24.89,equatorial
11.73,24.92,29.2,21.59,84.74,2.14,0.44,3.77,0.54,0.56,2022-04-08,Ebolowa,2022,4,98,14,12.640000000000006,33.42,72.88000000000001,124.98,-1.3161083721930957,0.679666666666666,24.92,equatorial
11.72,24.33,28.58,21.73,85.57,0.89,0.74,3.28,0.54,0.55,2022-04-09,Ebolowa,2022,4,99,14,10.810000000000004,33.33,66.34,125.24000000000001,-1.314077057920677,0.08599999999999497,24.92,equatorial
22.92,25.13,30.72,20.94,78.49,0.75,0.55,5.34,0.54,0.54,2022-04-10,Ebolowa,2022,4,100,14,8.280000000000005,32.01,52.94,125.43,-1.312413193456315,0.8219999999999992,25.13,equatorial
12.33,25.05,29.87,21.1,79.9,0.59,0.5,4.61,0.53,0.54,2022-04-11,Ebolowa,2022,4,101,15,7.810000000000005,31.23,52.25,125.66000000000001,-1.3105433020819954,0.6723333333333343,25.13,equatorial
19.62,24.97,29.69,21.35,80.32,1.0,0.56,3.99,0.53,0.54,2022-04-12,Ebolowa,2022,4,102,15,6.850000000000005,30.990000000000002,53.04,126.29,-1.3065928213877804,0.5746666666666655,25.13,equatorial
16.55,23.81,28.28,21.5,87.73,3.44,0.87,3.59,0.53,0.55,2022-04-13,Ebolowa,2022,4,103,15,9.850000000000005,33.93,56.3,129.34,-1.2900458808688722,-0.5549999999999997,25.13,equatorial
16.34,23.12,27.23,20.69,87.02,2.11,0.54,2.92,0.53,0.55,2022-04-14,Ebolowa,2022,4,104,15,10.920000000000005,32.49,58.01,130.94,-1.281069472070885,-1.2250000000000014,25.13,equatorial
16.22,23.57,28.38,20.4,85.41,1.71,0.56,3.45,0.53,0.55,2022-04-15,Ebolowa,2022,4,105,15,10.490000000000006,23.13,59.21,131.95,-1.2751758994771614,-0.7613333333333365,25.13,equatorial
18.32,24.36,28.63,20.94,85.35,7.17,0.42,4.54,0.54,0.59,2022-04-16,Ebolowa,2022,4,106,15,16.770000000000003,27.580000000000002,64.45,139.08,-1.2374305220584243,-0.020333333333336867,25.13,equatorial
9.99,24.42,28.94,21.17,86.27,4.91,0.65,3.97,0.54,0.57,2022-04-17,Ebolowa,2022,4,107,15,20.930000000000007,29.21,67.67,143.95000000000002,-1.2114923181715682,0.028999999999999915,25.05,equatorial
18.7,23.64,27.28,21.35,91.93,16.31,0.62,4.14,0.56,0.65,2022-04-18,Ebolowa,2022,4,108,16,36.650000000000006,44.46,80.71000000000001,160.25,-1.1260840282377238,-0.7186666666666675,24.97,equatorial
11.47,22.38,24.31,21.09,95.38,12.49,0.7,3.06,0.58,0.66,2022-04-19,Ebolowa,2022,4,109,16,48.14,54.99,90.26,172.73999999999998,-1.0605870643828461,-1.9153333333333364,24.42,equatorial
17.96,22.97,26.81,20.32,90.23,2.07,0.47,3.76,0.59,0.62,2022-04-20,Ebolowa,2022,4,110,16,46.77,56.620000000000005,91.6,174.80999999999997,-1.0493887909671282,-1.278333333333336,24.42,equatorial
17.15,23.18,26.63,20.7,92.14,3.96,0.53,3.08,0.59,0.61,2022-04-21,Ebolowa,2022,4,111,16,48.620000000000005,59.54,95.28,178.76,-1.028413000190332,-1.0273333333333312,24.42,equatorial
19.9,23.44,26.76,21.37,92.42,1.93,0.64,2.92,0.59,0.6,2022-04-22,Ebolowa,2022,4,112,16,48.84,59.330000000000005,96.36999999999999,180.53,-1.0188024431127964,-0.7189999999999976,24.42,equatorial
16.5,23.92,27.5,21.24,91.66,4.14,0.53,3.66,0.58,0.61,2022-04-23,Ebolowa,2022,4,113,16,45.81,62.58,98.7,184.35,-0.9985274592747757,-0.22799999999999798,24.42,equatorial
15.78,23.82,26.84,22.0,91.92,4.07,0.57,3.06,0.59,0.62,2022-04-24,Ebolowa,2022,4,114,16,44.970000000000006,65.9,100.96000000000001,188.15,-0.9783716492035088,-0.29966666666666697,23.92,equatorial
16.98,24.19,28.47,21.12,87.99,3.29,0.58,5.27,0.59,0.61,2022-04-25,Ebolowa,2022,4,115,17,31.950000000000003,68.6,103.27,191.0,-0.9631760386033608,0.10866666666667157,24.19,equatorial
13.91,23.61,26.58,21.62,91.82,3.63,0.69,2.69,0.58,0.6,2022-04-26,Ebolowa,2022,4,116,17,23.090000000000003,71.23,104.83,194.59,-0.9441383298135315,-0.41000000000000014,24.19,equatorial
10.76,23.05,26.91,20.51,90.74,7.43,0.66,4.42,0.59,0.63,2022-04-27,Ebolowa,2022,4,117,17,28.450000000000003,75.22,110.89,202.0,-0.9052241515162717,-0.8946666666666658,24.19,equatorial
21.11,23.5,27.81,20.62,86.68,1.03,0.63,4.83,0.59,0.59,2022-04-28,Ebolowa,2022,4,118,17,25.520000000000003,74.14,110.67999999999999,203.01,-0.8996574694476225,-0.39833333333333343,24.19,equatorial
17.64,23.76,28.07,20.66,85.58,1.56,0.53,4.57,0.58,0.59,2022-04-29,Ebolowa,2022,4,119,17,25.150000000000006,73.99,111.74,204.57,-0.8912303845141305,-0.09233333333333249,24.19,equatorial
17.86,23.74,27.48,20.87,86.75,1.04,0.67,3.78,0.57,0.58,2022-04-30,Ebolowa,2022,4,120,17,22.050000000000004,67.86,109.22999999999999,205.6,-0.8855682590962017,-0.08166666666667055,24.19,equatorial
17.11,24.03,28.25,20.91,86.66,2.21,0.65,4.23,0.57,0.58,2022-05-01,Ebolowa,2022,5,121,17,20.190000000000005,65.16,100.37,207.71,-0.8742854055615384,0.17733333333333334,24.19,equatorial
16.21,24.23,28.69,20.8,86.53,2.9,0.69,5.09,0.56,0.58,2022-05-02,Ebolowa,2022,5,122,18,19.800000000000004,51.75,100.55,209.92,-0.8624882656909831,0.31899999999999906,24.23,equatorial
17.04,24.76,29.1,20.97,84.22,1.64,0.45,5.23,0.55,0.57,2022-05-03,Ebolowa,2022,5,123,18,17.810000000000002,40.9,98.91,209.49,-0.864447183305298,0.8083333333333336,24.76,equatorial
20.98,24.26,28.25,21.32,86.32,2.17,0.59,3.83,0.55,0.57,2022-05-04,Ebolowa,2022,5,124,18,12.550000000000004,41.0,100.02,209.07,-0.8663530418202484,0.2816666666666663,24.76,equatorial
19.29,24.74,29.68,20.66,83.66,1.96,0.69,5.52,0.55,0.56,2022-05-05,Ebolowa,2022,5,125,18,13.480000000000004,39.0,100.02,210.01999999999998,-0.8611221939370922,0.7459999999999951,24.76,equatorial
14.45,24.37,28.75,21.36,84.83,3.1,0.5,4.54,0.54,0.56,2022-05-06,Ebolowa,2022,5,126,18,15.020000000000003,40.169999999999995,102.67999999999999,213.08999999999997,-0.8448514647829801,0.3646666666666647,24.76,equatorial
15.81,22.8,25.04,21.45,95.09,11.31,0.49,2.18,0.57,0.64,2022-05-07,Ebolowa,2022,5,127,18,25.290000000000003,47.34,112.95,224.39999999999998,-0.7856639912523355,-1.1356666666666655,24.76,equatorial
17.79,24.69,29.5,20.53,84.6,0.82,0.65,5.22,0.56,0.57,2022-05-08,Ebolowa,2022,5,128,18,23.900000000000006,44.089999999999996,111.63,225.21999999999997,-0.7811553166387302,0.7620000000000005,24.76,equatorial
15.86,23.99,27.15,21.97,89.81,1.48,0.57,2.76,0.56,0.57,2022-05-09,Ebolowa,2022,5,129,19,22.480000000000004,42.279999999999994,112.22,226.7,-0.7732099932327886,0.07333333333333059,24.76,equatorial
18.74,24.02,28.06,21.39,86.48,0.82,0.63,3.38,0.55,0.57,2022-05-10,Ebolowa,2022,5,130,19,21.660000000000004,39.47,112.29,227.51999999999998,-0.7687073569889158,0.1403333333333343,24.74,equatorial
17.93,23.74,27.21,20.95,87.49,1.93,0.53,3.78,0.55,0.57,2022-05-11,Ebolowa,2022,5,131,19,21.420000000000005,33.97,113.63,229.45,-0.7584224259934362,-0.09600000000000364,24.74,equatorial
20.89,25.05,29.71,21.2,81.41,1.23,0.63,5.47,0.54,0.56,2022-05-12,Ebolowa,2022,5,132,19,20.690000000000005,34.17,113.86,230.67,-0.7518421915262554,1.2113333333333358,25.05,equatorial
18.87,24.95,29.74,21.11,84.77,2.37,0.67,4.91,0.54,0.56,2022-05-13,Ebolowa,2022,5,133,19,19.96,34.98,112.79,233.03,-0.7393230546778947,1.0733333333333306,25.05,equatorial
17.96,24.25,27.78,22.0,91.43,5.17,0.59,3.11,0.54,0.57,2022-05-14,Ebolowa,2022,5,134,19,13.820000000000004,39.11,115.85,238.19,-0.7122137628276429,0.3356666666666648,25.05,equatorial
17.51,24.17,28.08,21.36,87.69,5.2,0.54,4.18,0.55,0.6,2022-05-15,Ebolowa,2022,5,135,19,18.200000000000003,42.1,119.33999999999999,243.38,-0.6849580970943415,0.23566666666667047,25.05,equatorial
17.67,24.29,28.86,20.89,86.19,6.18,0.54,5.45,0.55,0.59,2022-05-16,Ebolowa,2022,5,136,20,22.900000000000002,45.38,118.35000000000001,249.51000000000002,-0.6528107204022353,0.35800000000000054,25.05,equatorial
13.02,23.59,26.9,21.31,91.55,7.67,0.57,3.29,0.56,0.62,2022-05-17,Ebolowa,2022,5,137,20,29.750000000000004,51.41,121.11,257.03000000000003,-0.6134250094374206,-0.3143333333333338,25.05,equatorial
16.83,23.4,26.97,21.09,92.82,8.65,0.61,3.95,0.57,0.61,2022-05-18,Ebolowa,2022,5,138,20,36.47,57.89,113.45,265.62,-0.5684694745769345,-0.49633333333333596,25.05,equatorial
14.8,23.06,25.75,20.93,94.6,6.95,0.52,3.48,0.58,0.63,2022-05-19,Ebolowa,2022,5,139,20,42.190000000000005,62.88,107.91,272.51,-0.5323915378849615,-0.8590000000000018,24.95,equatorial
14.44,22.56,24.62,21.22,96.91,25.79,0.65,2.94,0.59,0.69,2022-05-20,Ebolowa,2022,5,140,20,65.61,85.57,131.63,298.15000000000003,-0.39850168677241116,-1.3453333333333326,24.29,equatorial
12.1,21.65,23.14,20.39,98.17,23.41,0.65,1.98,0.66,0.76,2022-05-21,Ebolowa,2022,5,141,20,83.85,97.67,151.07999999999998,321.46999999999997,-0.276730341982971,-2.2043333333333344,24.29,equatorial
15.66,21.98,25.74,19.49,89.44,0.8,0.61,4.23,0.66,0.67,2022-05-22,Ebolowa,2022,5,142,20,79.44999999999999,97.65,149.95,322.21999999999997,-0.2727608422699494,-1.8256666666666632,24.29,equatorial
6.64,22.35,26.38,19.68,91.25,5.6,1.02,5.25,0.64,0.66,2022-05-23,Ebolowa,2022,5,143,21,78.87,101.77,151.41,327.78000000000003,-0.24368328970208028,-1.4033333333333324,23.59,equatorial
16.45,21.49,23.59,19.66,96.78,5.64,0.55,2.46,0.64,0.67,2022-05-24,Ebolowa,2022,5,144,21,76.84,106.58999999999999,152.98000000000002,333.39,-0.2143458774307867,-2.185666666666666,23.4,equatorial
10.74,22.61,26.3,19.98,90.46,1.37,0.57,4.37,0.64,0.65,2022-05-25,Ebolowa,2022,5,145,21,69.55999999999999,106.03,151.05999999999997,334.68,-0.20756813078428948,-1.0130000000000017,23.06,equatorial
16.19,22.74,26.86,19.78,90.45,5.62,0.58,5.08,0.62,0.65,2022-05-26,Ebolowa,2022,5,146,21,68.23,110.42,153.04999999999998,340.21,-0.17864566598167592,-0.8540000000000028,22.74,equatorial
15.54,21.63,24.02,19.83,96.14,11.24,0.55,2.62,0.64,0.69,2022-05-27,Ebolowa,2022,5,147,21,53.68000000000001,119.28999999999999,156.85999999999999,351.38,-0.1202612866118765,-1.9166666666666679,22.74,equatorial
17.97,22.41,27.11,18.55,89.21,3.34,0.83,5.97,0.63,0.65,2022-05-28,Ebolowa,2022,5,148,21,33.61,117.46000000000001,159.17,353.24,-0.11052057544239163,-1.1003333333333316,22.74,equatorial
16.49,22.87,26.89,19.56,91.59,9.29,0.65,5.07,0.63,0.67,2022-05-29,Ebolowa,2022,5,149,21,42.10000000000001,121.55,166.9,358.2,-0.08458000947081767,-0.6106666666666634,22.87,equatorial
15.16,22.61,25.54,20.66,94.94,15.74,0.64,3.4,0.64,0.71,2022-05-30,Ebolowa,2022,5,150,22,52.24,131.10999999999999,181.6,373.81,-0.0029744515307659905,-0.8329999999999984,22.87,equatorial
14.89,23.3,27.08,19.98,88.16,4.21,0.67,5.71,0.65,0.67,2022-05-31,Ebolowa,2022,5,151,22,50.81,127.64999999999999,183.60000000000002,376.8,0.012657040459901443,-0.11866666666666248,23.3,equatorial
16.94,23.04,26.27,20.14,89.63,3.06,0.66,4.46,0.64,0.66,2022-06-01,Ebolowa,2022,6,152,22,52.50000000000001,122.06,183.76,378.29,0.02044547581608605,-0.3390000000000022,23.3,equatorial
10.0,23.46,27.55,19.59,85.87,0.62,0.79,5.4,0.62,0.63,2022-06-02,Ebolowa,2022,6,153,22,47.5,115.73,182.73999999999998,377.43,0.015944186011805236,0.12433333333333607,23.46,equatorial
17.21,23.44,27.26,19.74,87.41,1.51,0.81,5.0,0.61,0.62,2022-06-03,Ebolowa,2022,6,154,22,37.77,91.44999999999999,182.08,376.84,0.012855169625119914,0.1316666666666677,23.46,equatorial
17.19,23.08,26.65,19.92,87.18,1.51,0.91,4.67,0.6,0.61,2022-06-04,Ebolowa,2022,6,155,22,35.940000000000005,69.55,181.63,376.09,0.008929097780018897,-0.17299999999999827,23.46,equatorial
15.71,22.59,26.39,19.61,87.47,3.08,0.41,4.76,0.6,0.62,2022-06-05,Ebolowa,2022,6,156,22,29.730000000000004,71.83,181.61,370.60999999999996,-0.01974702143755112,-0.6036666666666655,23.46,equatorial
17.54,23.38,27.15,20.48,87.4,6.77,0.51,5.14,0.6,0.64,2022-06-06,Ebolowa,2022,6,157,23,20.760000000000005,73.0,177.07,371.55,-0.014823862388556971,0.16699999999999804,23.46,equatorial
16.09,22.4,25.54,19.92,94.18,7.09,0.85,3.28,0.6,0.64,2022-06-07,Ebolowa,2022,6,158,23,23.64,74.45,183.34,367.84999999999997,-0.034188769898721175,-0.7366666666666646,23.46,equatorial
11.42,22.18,26.05,19.41,91.91,17.22,0.75,4.39,0.63,0.71,2022-06-08,Ebolowa,2022,6,159,23,37.8,90.3,199.07999999999998,377.64,0.01707269686715964,-0.896333333333331,23.46,equatorial
15.07,23.34,27.14,19.9,86.9,2.09,0.61,4.8,0.63,0.64,2022-06-09,Ebolowa,2022,6,160,23,39.27,86.77,200.35,365.58,-0.04608173288639815,0.28633333333333155,23.44,equatorial
15.57,23.39,27.35,19.56,85.87,0.53,0.85,4.89,0.62,0.62,2022-06-10,Ebolowa,2022,6,161,23,38.29,76.06,198.95,364.83000000000004,-0.050001277075600516,0.34800000000000253,23.39,equatorial
16.38,23.33,27.71,19.27,84.34,0.34,0.82,5.1,0.6,0.61,2022-06-11,Ebolowa,2022,6,162,23,37.12,73.05999999999999,198.06,364.96,-0.04931107707909575,0.3453333333333326,23.39,equatorial
14.5,23.58,28.07,19.76,83.82,0.68,0.59,5.28,0.59,0.6,2022-06-12,Ebolowa,2022,6,163,23,34.72,64.45,196.36999999999998,365.46,-0.046682339689338846,0.6409999999999982,23.58,equatorial
13.22,23.47,27.77,20.42,86.65,1.2,0.69,4.92,0.59,0.6,2022-06-13,Ebolowa,2022,6,164,24,29.15,49.91,192.4,366.26,-0.04248152958857209,0.5569999999999986,23.58,equatorial
15.72,23.76,28.21,19.96,86.25,1.26,0.71,4.44,0.58,0.59,2022-06-14,Ebolowa,2022,6,165,24,23.320000000000004,46.96,188.45999999999998,367.01,-0.03854278977670256,0.8606666666666669,23.76,equatorial
15.39,23.99,28.27,20.58,86.11,1.19,0.49,4.39,0.57,0.59,2022-06-15,Ebolowa,2022,6,166,24,7.290000000000004,45.089999999999996,183.47,366.27,-0.04241492823602613,1.1006666666666618,23.99,equatorial
11.42,22.42,25.7,20.56,91.64,2.02,0.81,2.48,0.57,0.59,2022-06-16,Ebolowa,2022,6,167,24,7.220000000000003,46.49,177.82,366.6,-0.04067688929660338,-0.4303333333333299,23.99,equatorial
9.86,21.62,24.59,19.97,90.73,1.06,0.6,2.22,0.57,0.58,2022-06-17,Ebolowa,2022,6,168,24,7.7500000000000036,46.04,170.23,364.39000000000004,-0.052258914035281594,-1.1709999999999994,23.99,equatorial
13.53,22.53,27.07,19.52,86.25,2.16,0.61,4.43,0.57,0.59,2022-06-18,Ebolowa,2022,6,169,24,9.570000000000004,46.69,165.44,363.61,-0.056340464004907734,-0.24333333333332874,23.99,equatorial
13.66,22.79,27.9,19.37,84.87,0.6,0.58,4.46,0.57,0.57,2022-06-19,Ebolowa,2022,6,170,24,9.490000000000004,44.21,140.25,363.48,-0.057012088428024923,0.008999999999996788,23.99,equatorial
12.84,21.59,24.02,19.76,94.79,6.06,0.63,2.44,0.56,0.6,2022-06-20,Ebolowa,2022,6,171,25,14.350000000000001,43.49999999999999,122.89999999999999,369.26,-0.026673957816782234,-1.189,23.99,equatorial
9.45,21.95,25.31,20.0,92.62,4.73,0.63,3.04,0.57,0.61,2022-06-21,Ebolowa,2022,6,172,25,17.820000000000004,41.14,126.83,373.15,-0.0062544860398761485,-0.828000000000003,23.99,equatorial
15.49,22.21,26.3,19.35,91.57,13.24,0.67,4.88,0.59,0.67,2022-06-22,Ebolowa,2022,6,173,25,29.870000000000005,37.16,134.47,384.58,0.05374187761244223,-0.5633333333333326,22.79,equatorial
14.57,22.5,26.57,19.56,89.78,3.83,0.76,4.22,0.59,0.62,2022-06-23,Ebolowa,2022,6,174,25,31.68,38.9,132.66,386.59999999999997,0.06433676508437706,-0.30700000000000216,22.79,equatorial
13.16,22.39,26.33,19.89,91.95,4.71,0.7,3.86,0.6,0.63,2022-06-24,Ebolowa,2022,6,175,25,35.330000000000005,43.080000000000005,136.0,390.33,0.08391053980235136,-0.4096666666666664,22.79,equatorial
14.27,22.83,27.4,19.45,88.2,1.88,0.6,4.44,0.6,0.61,2022-06-25,Ebolowa,2022,6,176,25,35.050000000000004,44.62,132.26000000000002,390.14,0.0828972461978034,0.027333333333334764,22.83,equatorial
14.82,23.04,27.01,20.46,89.84,4.12,0.6,4.21,0.59,0.62,2022-06-26,Ebolowa,2022,6,177,25,38.57000000000001,48.06,125.14,392.89,0.09732700027091026,0.19033333333333147,23.04,equatorial
7.02,21.65,23.69,20.09,95.4,3.56,0.55,2.04,0.59,0.62,2022-06-27,Ebolowa,2022,6,178,26,36.07,50.419999999999995,125.36,395.21,0.10949757586693025,-1.1743333333333368,23.04,equatorial
15.75,22.94,27.16,19.84,88.19,3.57,0.45,4.51,0.59,0.61,2022-06-28,Ebolowa,2022,6,179,26,34.910000000000004,52.73,119.64,398.28,0.12560900974144992,0.11333333333333684,23.04,equatorial
16.52,22.88,27.25,19.82,91.51,12.09,0.72,5.28,0.6,0.67,2022-06-29,Ebolowa,2022,6,180,26,33.760000000000005,63.63,115.99,406.82,0.17046802637796538,0.044333333333334224,23.04,equatorial
12.61,21.58,23.58,20.19,95.01,3.17,0.57,1.76,0.61,0.63,2022-06-30,Ebolowa,2022,6,181,26,33.10000000000001,64.78,114.95,398.92,0.1289098660170742,-1.1983333333333341,23.04,equatorial
12.03,21.95,25.66,19.83,91.45,5.85,0.48,4.07,0.61,0.64,2022-07-01,Ebolowa,2022,7,182,26,34.24,69.57000000000001,117.74,402.05,0.14534169972658875,-0.7920000000000016,23.04,equatorial
16.65,22.78,27.29,19.21,84.55,1.62,0.64,5.4,0.61,0.63,2022-07-02,Ebolowa,2022,7,183,26,33.980000000000004,69.03,118.74,400.39000000000004,0.13658573731222676,0.0606666666666662,23.04,equatorial
15.16,22.69,27.23,19.48,87.13,1.85,0.6,4.06,0.6,0.61,2022-07-03,Ebolowa,2022,7,184,26,31.710000000000004,70.28,119.08,401.18,0.14071521900892076,-0.004333333333327971,22.94,equatorial
12.2,22.13,25.36,20.0,92.77,4.98,0.69,3.04,0.6,0.62,2022-07-04,Ebolowa,2022,7,185,27,33.13,69.19999999999999,122.55,404.2,0.15657499325788907,-0.5326666666666675,22.94,equatorial
14.67,21.56,25.27,19.47,93.56,7.29,0.57,3.02,0.61,0.66,2022-07-05,Ebolowa,2022,7,186,27,36.85,71.76,126.76,411.05,0.19258467569222365,-1.0683333333333351,22.88,equatorial
14.99,22.7,27.47,19.29,90.18,4.18,0.63,4.87,0.61,0.63,2022-07-06,Ebolowa,2022,7,187,27,28.940000000000005,62.699999999999996,124.17,414.19,0.20907113426710436,0.09433333333333138,22.78,equatorial
12.9,23.31,27.71,20.12,88.24,2.47,0.61,4.94,0.6,0.62,2022-07-07,Ebolowa,2022,7,188,27,28.240000000000006,61.339999999999996,119.55,414.52,0.21076817409546,0.6739999999999959,23.31,equatorial
15.82,21.98,24.6,20.36,93.01,3.03,0.66,2.45,0.6,0.62,2022-07-08,Ebolowa,2022,7,189,27,25.420000000000005,59.66,105.36,416.65999999999997,0.221992779842752,-0.6493333333333311,23.31,equatorial
10.87,22.32,26.9,19.6,89.47,4.07,0.9,4.8,0.6,0.62,2022-07-09,Ebolowa,2022,7,190,27,27.870000000000005,61.85,107.34,419.98,0.23942940207455032,-0.27533333333332877,23.31,equatorial
13.43,21.91,26.4,18.93,87.46,1.45,0.95,4.13,0.6,0.61,2022-07-10,Ebolowa,2022,7,191,27,27.470000000000002,59.18,108.25999999999999,420.84000000000003,0.24391181197850365,-0.6359999999999992,23.31,equatorial
10.94,22.47,27.48,18.66,85.12,1.01,0.72,4.88,0.59,0.6,2022-07-11,Ebolowa,2022,7,192,28,23.500000000000004,56.63,108.93,420.85,0.2439174860896726,-0.04733333333333434,23.31,equatorial
11.45,22.5,27.39,19.18,85.95,1.07,0.73,4.18,0.58,0.59,2022-07-12,Ebolowa,2022,7,193,28,17.280000000000005,54.13,109.32,418.48,0.23138662862964712,0.018666666666668164,23.31,equatorial
15.18,22.33,26.8,19.35,87.03,1.53,0.71,3.71,0.58,0.59,2022-07-13,Ebolowa,2022,7,194,28,14.630000000000004,43.57,109.64999999999999,417.9,0.22828667347118883,-0.11333333333333329,23.31,equatorial
14.91,23.06,27.81,19.56,84.42,1.19,0.86,4.8,0.57,0.58,2022-07-14,Ebolowa,2022,7,195,28,13.350000000000005,41.59,109.58000000000001,417.38,0.22550301497975356,0.639999999999997,23.06,equatorial
16.12,21.99,25.68,19.99,88.78,1.76,0.77,3.03,0.57,0.58,2022-07-15,Ebolowa,2022,7,196,28,12.080000000000004,37.5,110.14999999999999,411.97,0.19694809532150323,-0.3633333333333333,23.06,equatorial
11.64,22.45,27.25,19.3,88.19,3.32,0.8,4.52,0.57,0.58,2022-07-16,Ebolowa,2022,7,197,28,11.330000000000005,39.199999999999996,111.45,410.38,0.18852981202210273,0.09566666666666634,23.06,equatorial
15.86,21.61,24.81,19.87,92.84,3.97,0.8,2.98,0.57,0.6,2022-07-17,Ebolowa,2022,7,198,28,13.850000000000003,41.32000000000001,114.36,398.03999999999996,0.12343639447675868,-0.7439999999999998,23.06,equatorial
13.48,22.3,27.2,19.26,88.46,2.28,0.89,4.51,0.57,0.58,2022-07-18,Ebolowa,2022,7,199,29,15.120000000000005,38.62,114.48,387.83,0.06957521827102721,-0.046333333333333115,23.06,equatorial
14.73,22.12,26.5,19.3,85.77,2.09,1.04,4.79,0.57,0.58,2022-07-19,Ebolowa,2022,7,200,29,16.140000000000004,33.42,115.97,387.84999999999997,0.0696680242117299,-0.20399999999999707,23.06,equatorial
12.23,22.03,26.55,18.97,87.65,3.55,0.79,4.2,0.56,0.58,2022-07-20,Ebolowa,2022,7,201,29,18.160000000000004,32.79,113.46000000000001,387.44,0.06749257422855005,-0.3086666666666673,23.06,equatorial
11.11,22.09,25.93,19.24,90.2,4.29,0.77,4.1,0.56,0.6,2022-07-21,Ebolowa,2022,7,202,29,21.26,34.61,113.02,389.8,0.07993160302657662,-0.2533333333333303,22.45,equatorial
12.08,21.25,23.85,19.53,93.68,9.48,0.72,2.41,0.57,0.61,2022-07-22,Ebolowa,2022,7,203,29,28.980000000000004,41.06,109.26,395.14,0.10809579195377525,-1.0613333333333301,22.45,equatorial
9.17,21.26,24.36,19.43,93.95,17.65,0.68,3.36,0.61,0.7,2022-07-23,Ebolowa,2022,7,204,29,43.31,54.64,123.08000000000001,408.72,0.1797489459959238,-1.0099999999999945,22.3,equatorial
12.18,21.37,24.01,19.19,93.29,3.45,0.64,2.88,0.61,0.63,2022-07-24,Ebolowa,2022,7,205,29,42.790000000000006,56.64,121.82,408.88,0.1805599596734921,-0.8659999999999961,22.3,equatorial
7.24,21.73,24.95,19.53,94.07,32.15,0.91,4.21,0.65,0.77,2022-07-25,Ebolowa,2022,7,206,30,72.66,87.78,152.09,437.4,0.33109900416816546,-0.46933333333333493,22.12,equatorial
11.81,20.71,22.92,19.23,95.66,25.89,0.77,2.88,0.7,0.78,2022-07-26,Ebolowa,2022,7,207,30,96.46000000000001,112.60000000000001,173.86,455.86,0.4285046654496276,-1.4116666666666653,22.09,equatorial
12.63,22.1,26.48,18.89,90.91,5.75,0.83,5.13,0.7,0.71,2022-07-27,Ebolowa,2022,7,208,30,98.66,116.82000000000001,176.05,460.58000000000004,0.4533384313720689,-0.03666666666666529,22.1,equatorial
15.03,21.79,25.29,19.4,92.08,8.14,0.88,4.69,0.69,0.71,2022-07-28,Ebolowa,2022,7,209,30,102.50999999999999,123.77,180.62,467.16,0.4879919315948962,-0.3083333333333371,22.1,equatorial
14.19,20.8,23.68,19.07,94.12,5.47,0.8,3.47,0.69,0.71,2022-07-29,Ebolowa,2022,7,210,30,98.50000000000001,127.48,174.0,471.59,0.5112826889045105,-1.2289999999999992,22.1,equatorial
16.96,21.68,26.59,18.42,89.43,2.45,0.85,5.25,0.67,0.68,2022-07-30,Ebolowa,2022,7,211,30,83.3,126.61,173.28,471.83000000000004,0.5124340890146523,-0.35233333333333405,22.1,equatorial
16.35,22.04,26.34,19.15,90.18,11.1,0.87,5.88,0.66,0.7,2022-07-31,Ebolowa,2022,7,212,30,90.95,133.74,178.53,480.03,0.5556416262419486,0.004666666666668817,22.1,equatorial
18.91,21.78,26.23,19.12,90.76,10.22,0.86,5.6,0.67,0.71,2022-08-01,Ebolowa,2022,8,213,31,69.02000000000001,141.68,187.13000000000002,488.61,0.6008469036332971,-0.22199999999999775,22.1,equatorial
16.44,21.04,24.58,18.7,92.9,5.54,0.8,4.07,0.67,0.69,2022-08-02,Ebolowa,2022,8,214,31,48.67000000000001,145.13,190.82,491.97999999999996,0.6185080701843261,-0.9070000000000036,22.1,equatorial
18.85,21.99,26.78,18.81,90.4,7.89,0.78,5.8,0.66,0.69,2022-08-03,Ebolowa,2022,8,215,31,50.81000000000001,149.47,193.73,497.91,0.6496938022251922,0.04766666666666097,22.04,equatorial
16.78,22.33,27.22,18.85,88.34,0.9,0.72,5.06,0.65,0.66,2022-08-04,Ebolowa,2022,8,216,31,43.57000000000001,146.07999999999998,187.34,495.71,0.6378991379349954,0.3619999999999983,22.33,equatorial
12.98,22.5,26.73,19.7,89.69,3.23,0.85,5.03,0.64,0.65,2022-08-05,Ebolowa,2022,8,217,31,41.330000000000005,139.83,186.39000000000001,487.63,0.5950251981691898,0.5386666666666677,22.5,equatorial
17.39,21.86,25.43,19.65,91.93,3.8,0.93,4.12,0.64,0.65,2022-08-06,Ebolowa,2022,8,218,31,42.68000000000001,125.97999999999999,187.72,490.60999999999996,0.6106348010772357,-0.053000000000000824,22.5,equatorial
14.42,22.45,27.28,19.19,89.24,5.89,0.96,6.0,0.63,0.65,2022-08-07,Ebolowa,2022,8,219,31,37.470000000000006,128.42000000000002,190.58,495.02000000000004,0.6338010833829042,0.521333333333331,22.5,equatorial
12.02,22.52,26.84,19.72,90.78,5.39,0.81,4.77,0.64,0.67,2022-08-08,Ebolowa,2022,8,220,32,32.64000000000001,101.66,191.9,499.59,0.6578065999933673,0.5846666666666636,22.52,equatorial
16.19,22.83,27.66,19.35,90.19,6.39,0.73,5.82,0.63,0.66,2022-08-09,Ebolowa,2022,8,221,32,33.49,82.16,196.84,504.05,0.6812228012360348,0.8640000000000008,22.83,equatorial
12.66,22.9,27.69,19.75,89.86,6.58,0.89,6.26,0.63,0.66,2022-08-10,Ebolowa,2022,8,222,32,32.18000000000001,82.99,202.41,509.4,0.7093379655575227,0.9196666666666609,22.9,equatorial
11.16,22.08,26.48,19.6,92.73,10.58,1.02,4.87,0.63,0.68,2022-08-11,Ebolowa,2022,8,223,32,41.86000000000001,85.43,211.92000000000002,517.61,0.7525691997768312,0.11366666666666347,22.9,equatorial
15.62,22.27,26.73,19.45,90.82,8.4,0.98,5.76,0.64,0.68,2022-08-12,Ebolowa,2022,8,224,32,47.03000000000001,88.36,218.79000000000002,520.84,0.7694418021716607,0.3056666666666672,22.9,equatorial
11.02,21.85,26.09,19.6,92.32,11.2,1.21,5.3,0.64,0.69,2022-08-13,Ebolowa,2022,8,225,32,54.43000000000001,97.11,228.8,526.84,0.8009592905962881,-0.07399999999999451,22.9,equatorial
10.44,20.94,23.85,18.97,93.09,3.91,1.11,3.67,0.65,0.67,2022-08-14,Ebolowa,2022,8,226,32,52.45,89.92,230.95,524.57,0.7887150328227334,-0.9490000000000016,22.9,equatorial
10.23,21.52,25.92,18.38,88.38,2.1,1.06,5.29,0.64,0.65,2022-08-15,Ebolowa,2022,8,227,33,49.160000000000004,81.80000000000001,229.73,519.0,0.7590180242716299,-0.33800000000000097,22.9,equatorial
13.05,21.16,25.13,18.52,90.61,2.53,0.67,3.46,0.63,0.65,2022-08-16,Ebolowa,2022,8,228,33,45.30000000000001,78.78999999999999,228.29,512.88,0.7264230171269217,-0.6829999999999998,22.9,equatorial
12.1,21.63,25.41,19.05,91.58,5.49,0.73,4.71,0.63,0.66,2022-08-17,Ebolowa,2022,8,229,33,44.21000000000001,76.39,231.5,511.42,0.7184983996095551,-0.19066666666666876,22.27,equatorial
13.38,21.15,24.94,19.01,91.24,3.35,0.81,4.34,0.63,0.65,2022-08-18,Ebolowa,2022,8,230,33,36.980000000000004,78.84,232.76,488.97999999999996,0.5995474824246307,-0.6383333333333354,22.27,equatorial
12.71,21.93,26.75,18.23,88.92,1.73,0.85,5.13,0.63,0.63,2022-08-19,Ebolowa,2022,8,231,33,30.31000000000001,77.34,230.94,467.3,0.48464596699581075,0.14499999999999957,21.93,equatorial
19.32,22.36,26.85,18.98,89.34,1.69,0.72,4.78,0.62,0.63,2022-08-20,Ebolowa,2022,8,232,33,20.800000000000004,75.23,228.34,468.19,0.48925038738154863,0.565999999999999,22.36,equatorial
13.74,22.5,26.25,19.81,90.03,1.76,0.68,3.55,0.61,0.63,2022-08-21,Ebolowa,2022,8,233,33,18.65000000000001,71.10000000000001,220.62,464.34999999999997,0.4688097828811392,0.6643333333333317,22.5,equatorial
11.67,22.43,26.48,20.26,91.66,9.14,0.96,4.81,0.61,0.65,2022-08-22,Ebolowa,2022,8,234,34,25.69000000000001,74.85000000000001,212.10999999999999,467.85,0.4872416962349319,0.5553333333333335,22.5,equatorial
12.86,21.2,23.7,19.53,93.93,6.15,0.62,2.71,0.63,0.67,2022-08-23,Ebolowa,2022,8,235,34,29.31000000000001,74.61,214.81,472.63,0.5124495271117234,-0.669000000000004,22.5,equatorial
13.24,21.64,25.11,19.41,93.99,15.14,0.92,4.04,0.64,0.69,2022-08-24,Ebolowa,2022,8,236,34,38.96000000000001,83.17,197.8,482.15,0.5627590374890773,-0.2259999999999991,22.5,equatorial
11.7,20.93,23.47,19.35,94.82,10.52,0.79,3.24,0.66,0.7,2022-08-25,Ebolowa,2022,8,237,34,46.13000000000001,83.11000000000001,182.43,481.43,0.5588123639656704,-0.9433333333333316,22.5,equatorial
11.09,21.5,25.76,19.14,92.01,5.64,0.97,5.11,0.66,0.68,2022-08-26,Ebolowa,2022,8,238,34,50.04000000000001,80.35000000000001,182.32000000000002,483.73,0.5708665909414732,-0.3533333333333317,22.5,equatorial
13.91,21.72,25.65,19.06,90.8,5.2,0.86,5.29,0.65,0.68,2022-08-27,Ebolowa,2022,8,239,34,53.550000000000004,74.35,179.38,479.64,0.5490597841945603,-0.13100000000000023,22.5,equatorial
16.68,21.54,24.67,19.2,93.06,6.66,0.66,4.2,0.65,0.68,2022-08-28,Ebolowa,2022,8,240,34,58.45000000000001,77.10000000000001,180.57,470.56,0.500813333994699,-0.33566666666666833,22.43,equatorial
14.77,22.16,26.22,19.06,90.93,4.62,0.67,5.52,0.65,0.67,2022-08-29,Ebolowa,2022,8,241,35,53.93000000000001,79.61999999999999,182.74,470.96999999999997,0.5028744954606557,0.2683333333333344,22.16,equatorial
17.58,21.7,24.83,19.66,93.4,6.78,0.72,3.86,0.65,0.67,2022-08-30,Ebolowa,2022,8,242,35,54.56000000000001,83.87,178.42,474.69,0.522481227259296,-0.18033333333333346,22.16,equatorial
13.7,21.45,24.15,19.61,96.46,19.74,0.85,3.2,0.67,0.74,2022-08-31,Ebolowa,2022,8,243,35,59.16000000000001,98.12,187.94,493.81,0.6237247966507051,-0.4193333333333342,22.16,equatorial
13.36,21.76,25.68,19.37,92.61,34.93,0.95,5.6,0.71,0.81,2022-09-01,Ebolowa,2022,9,244,35,83.57,129.7,217.32999999999998,527.23,0.80074438263049,-0.1333333333333293,22.16,equatorial
12.35,21.86,25.94,19.42,90.97,3.48,0.84,5.0,0.72,0.72,2022-09-02,Ebolowa,2022,9,245,35,81.41,131.45,212.92000000000002,529.2,0.8109536460977811,-0.028999999999999915,22.16,equatorial
18.41,21.48,25.03,19.2,90.81,13.62,0.83,5.97,0.71,0.75,2022-09-03,Ebolowa,2022,9,246,35,89.83,143.38,225.64000000000001,539.74,0.866592307917886,-0.3806666666666665,22.16,equatorial
16.69,21.77,26.0,18.91,90.85,26.06,0.77,6.36,0.72,0.78,2022-09-04,Ebolowa,2022,9,247,35,109.22999999999999,167.68,248.46999999999997,559.03,0.9685857686993748,-0.06633333333333624,22.16,equatorial
16.33,22.07,26.15,19.23,91.76,32.11,0.8,6.28,0.76,0.82,2022-09-05,Ebolowa,2022,9,248,36,136.72,190.64999999999998,276.78,584.05,1.1008774192727433,0.22666666666667012,22.07,equatorial
16.6,22.6,26.7,19.72,91.67,31.6,0.71,6.44,0.79,0.83,2022-09-06,Ebolowa,2022,9,249,36,161.54,216.1,302.49,598.4300000000001,1.1766571811659239,0.7516666666666687,22.6,equatorial
14.5,22.73,26.9,20.2,93.11,42.28,0.78,5.68,0.82,0.86,2022-09-07,Ebolowa,2022,9,250,36,184.08,243.24,339.38,638.62,1.3891086479064276,0.8746666666666698,22.73,equatorial
15.16,22.38,26.57,19.69,93.26,18.61,0.88,5.46,0.84,0.82,2022-09-08,Ebolowa,2022,9,251,36,167.76,251.32999999999998,351.59999999999997,656.7,1.4841460095422505,0.5396666666666654,22.73,equatorial
14.92,21.9,25.3,19.7,94.02,28.89,0.86,4.48,0.87,0.85,2022-09-09,Ebolowa,2022,9,252,36,193.17000000000002,274.58,373.91,685.25,1.634454833320994,0.09299999999999997,22.73,equatorial
14.49,21.46,24.13,19.6,94.74,8.27,0.8,3.94,0.84,0.8,2022-09-10,Ebolowa,2022,9,253,36,187.82000000000002,277.65000000000003,371.6,692.84,1.6735534830082264,-0.32633333333333425,22.73,equatorial
15.46,21.57,25.22,19.48,93.13,6.81,0.8,5.05,0.82,0.79,2022-09-11,Ebolowa,2022,9,254,36,168.57000000000002,277.8,370.01,698.45,1.7020991747832142,-0.1930000000000014,22.73,equatorial
18.16,21.87,26.11,18.7,90.03,4.67,0.7,5.91,0.79,0.78,2022-09-12,Ebolowa,2022,9,255,37,141.13000000000002,277.84999999999997,363.48,701.86,1.7189521717535428,0.10633333333333184,22.73,equatorial
16.14,22.43,26.27,19.9,90.81,3.7,0.92,5.99,0.77,0.76,2022-09-13,Ebolowa,2022,9,256,37,113.23,274.77000000000004,363.27,704.37,1.731012222463901,0.6166666666666671,22.73,equatorial
16.73,22.13,25.14,19.52,91.61,2.77,0.55,3.75,0.75,0.75,2022-09-14,Ebolowa,2022,9,257,37,73.72000000000001,257.8,363.94,705.12,1.7337467053260518,0.2963333333333331,22.43,equatorial
15.34,23.28,27.34,20.27,91.49,7.42,0.72,5.68,0.74,0.75,2022-09-15,Ebolowa,2022,9,258,37,62.53000000000001,230.29,368.83,711.48,1.7661070055359533,1.3756666666666675,23.28,equatorial
11.79,21.84,23.71,20.15,95.76,14.87,0.77,2.53,0.76,0.79,2022-09-16,Ebolowa,2022,9,259,37,48.510000000000005,241.68,378.21000000000004,724.1899999999999,1.8319181942145066,-0.07133333333333525,23.28,equatorial
15.5,21.74,24.63,19.52,91.14,4.45,0.73,4.01,0.75,0.75,2022-09-17,Ebolowa,2022,9,260,37,44.69000000000001,232.51,379.31,728.0400000000001,1.8508185388640275,-0.1910000000000025,23.28,equatorial
15.95,22.22,25.84,19.76,93.19,4.32,0.96,4.95,0.74,0.74,2022-09-18,Ebolowa,2022,9,261,37,42.20000000000001,210.77,381.9,726.3,1.840188471232735,0.2793333333333301,23.28,equatorial
11.68,21.24,23.6,19.66,95.48,8.19,0.78,2.97,0.74,0.76,2022-09-19,Ebolowa,2022,9,262,38,45.720000000000006,186.85000000000002,388.4,729.76,1.8569997281510033,-0.6633333333333304,23.28,equatorial
15.37,21.92,25.26,19.27,91.28,3.2,0.56,3.97,0.74,0.74,2022-09-20,Ebolowa,2022,9,263,38,45.22000000000001,158.45,389.84,719.7199999999999,1.8026235436682705,0.036000000000001364,23.28,equatorial
16.44,21.87,24.65,19.75,95.02,6.12,0.73,3.37,0.73,0.74,2022-09-21,Ebolowa,2022,9,264,38,48.57000000000001,122.28999999999999,386.82,722.01,1.8133310095104138,0.0046666666666652645,23.28,equatorial
14.98,22.72,26.81,19.74,89.59,4.88,0.59,5.89,0.73,0.74,2022-09-22,Ebolowa,2022,9,265,38,46.03000000000001,108.56,385.54999999999995,722.18,1.81284934346335,0.8039999999999985,22.72,equatorial
16.73,22.32,26.26,19.62,91.48,9.59,0.63,5.07,0.74,0.76,2022-09-23,Ebolowa,2022,9,266,38,40.75000000000001,89.25999999999999,380.0,729.89,1.8520574890148607,0.38133333333333397,22.72,equatorial
17.29,22.5,26.56,19.5,91.11,7.59,0.63,5.43,0.73,0.75,2022-09-24,Ebolowa,2022,9,267,38,43.89,88.58,377.07,733.36,1.8688621096266247,0.5090000000000003,22.72,equatorial
13.68,22.75,26.56,20.15,93.46,29.42,0.48,5.74,0.75,0.8,2022-09-25,Ebolowa,2022,9,268,38,68.99000000000001,111.19,400.85,759.22,2.0033510533359435,0.7173333333333325,22.75,equatorial
18.68,21.66,24.26,19.54,96.54,53.46,0.76,3.65,0.81,0.88,2022-09-26,Ebolowa,2022,9,269,39,114.26,159.98000000000002,449.10999999999996,809.11,2.263648790250952,-0.3706666666666649,22.75,equatorial
14.75,21.94,25.75,19.43,92.44,104.04,0.6,5.84,0.85,0.89,2022-09-27,Ebolowa,2022,9,270,39,215.10000000000002,260.32,546.49,901.06,2.7434191833860657,-0.1039999999999992,22.75,equatorial
15.18,21.56,23.67,19.88,95.41,25.51,0.41,2.91,0.9,0.87,2022-09-28,Ebolowa,2022,9,271,39,234.49,283.06,567.38,923.4,2.8562178344339184,-0.46399999999999864,22.75,equatorial
16.43,21.83,25.98,18.55,89.65,3.61,0.64,5.35,0.85,0.82,2022-09-29,Ebolowa,2022,9,272,39,233.22,279.25,564.21,921.16,2.839895450462355,-0.19833333333333414,22.75,equatorial
15.73,22.57,26.73,19.18,91.36,16.86,0.55,6.2,0.84,0.84,2022-09-30,Ebolowa,2022,9,273,39,240.49,281.24,561.33,936.4,2.914902234316784,0.5043333333333315,22.75,equatorial
17.38,22.05,24.98,20.1,93.25,4.81,0.59,3.28,0.82,0.81,2022-10-01,Ebolowa,2022,10,274,39,237.71,281.6,531.2099999999999,939.36,2.9254499647732946,-0.02533333333333232,22.75,equatorial
18.81,22.11,25.81,19.56,92.25,3.94,0.71,5.09,0.8,0.8,2022-10-02,Ebolowa,2022,10,275,39,212.23000000000002,281.22,531.6700000000001,938.32,2.9151092240997487,0.026333333333333542,22.57,equatorial
18.42,21.48,24.7,19.22,91.68,1.5,0.74,3.3,0.79,0.79,2022-10-03,Ebolowa,2022,10,276,40,160.27,274.53000000000003,519.5500000000001,932.53,2.8801323348213135,-0.6036666666666655,22.57,equatorial
17.78,22.41,26.54,19.53,90.58,4.56,0.76,6.4,0.79,0.79,2022-10-04,Ebolowa,2022,10,277,40,60.79,275.89000000000004,498.05,932.9100000000001,2.8773907361963595,0.3049999999999997,22.57,equatorial
18.3,22.74,26.21,19.84,92.31,9.16,0.53,4.87,0.78,0.79,2022-10-05,Ebolowa,2022,10,278,40,44.44,278.93,475.1,939.6,2.9073795467684884,0.6126666666666623,22.74,equatorial
17.19,22.18,24.77,20.6,95.75,11.08,0.8,3.38,0.79,0.8,2022-10-06,Ebolowa,2022,10,279,40,51.91,285.13,454.58,947.65,2.9442252420774673,0.06666666666666643,22.74,equatorial
13.14,21.57,24.31,19.48,94.68,22.76,0.51,4.08,0.81,0.85,2022-10-07,Ebolowa,2022,10,280,40,57.809999999999995,298.3,435.06,966.34,3.0358423768252427,-0.5046666666666653,22.74,equatorial
18.9,21.88,25.42,19.35,92.2,5.24,0.58,4.86,0.81,0.81,2022-10-08,Ebolowa,2022,10,281,40,58.24,295.95,421.69,970.13,3.0499514034220088,-0.17800000000000082,22.74,equatorial
18.63,22.39,26.23,19.51,91.35,6.33,0.62,5.23,0.8,0.8,2022-10-09,Ebolowa,2022,10,282,40,60.63,272.86,399.13,975.45,3.071846403116623,0.3156666666666652,22.74,equatorial
17.61,21.97,25.19,19.59,90.14,22.45,0.52,5.25,0.8,0.84,2022-10-10,Ebolowa,2022,10,283,41,81.58,241.85000000000002,413.31,996.83,3.1762123447618498,-0.12133333333333596,22.74,equatorial
20.41,22.21,26.06,18.87,91.79,20.63,0.68,6.09,0.83,0.86,2022-10-11,Ebolowa,2022,10,284,41,97.65,158.44,427.13,1015.9300000000001,3.2681062786846296,0.09733333333333505,22.74,equatorial
18.8,22.51,26.24,19.42,90.26,6.76,0.62,5.88,0.82,0.82,2022-10-12,Ebolowa,2022,10,285,41,95.25,139.69,429.21999999999997,1021.5,3.289954230601225,0.3760000000000012,22.51,equatorial
17.01,23.01,26.26,20.7,93.18,4.5,0.55,4.04,0.82,0.81,2022-10-13,Ebolowa,2022,10,286,41,88.67,140.57999999999998,430.02,1024.24,3.2971479229908827,0.8566666666666691,23.01,equatorial
13.22,23.1,26.89,20.35,91.46,5.4,0.71,5.24,0.81,0.81,2022-10-14,Ebolowa,2022,10,287,41,71.31,129.12,432.65000000000003,1026.3200000000002,3.3009064557745327,0.9143333333333317,23.1,equatorial
15.72,21.85,24.15,20.33,94.91,12.08,0.62,3.83,0.81,0.83,2022-10-15,Ebolowa,2022,10,288,41,78.15,136.39,437.31,1034.43,3.335366315043486,-0.2879999999999967,23.1,equatorial
17.62,22.64,26.75,19.41,89.97,4.07,0.43,5.86,0.81,0.81,2022-10-16,Ebolowa,2022,10,289,41,75.88999999999999,136.51999999999998,426.51,1036.22,3.337388021529071,0.47533333333333516,23.1,equatorial
18.17,23.34,26.98,20.24,89.12,2.06,0.67,4.72,0.81,0.8,2022-10-17,Ebolowa,2022,10,290,42,55.5,137.07999999999998,424.12,1036.1899999999998,3.3301392854897487,1.1219999999999999,23.34,equatorial
14.66,22.62,24.9,20.65,95.34,6.56,0.61,2.54,0.8,0.81,2022-10-18,Ebolowa,2022,10,291,42,41.43,139.07999999999998,426.36,1039.2,3.338350956584565,0.38866666666666916,23.34,equatorial
16.14,22.65,25.83,20.35,94.66,12.2,0.53,4.32,0.81,0.82,2022-10-19,Ebolowa,2022,10,292,42,46.870000000000005,142.12,430.37,1047.11,3.3712865884863192,0.37166666666666615,23.34,equatorial
15.44,21.89,23.35,20.75,97.82,37.14,0.78,2.46,0.84,0.88,2022-10-20,Ebolowa,2022,10,293,42,79.51,168.18,464.31,1074.77,3.503683868530628,-0.38733333333333064,23.34,equatorial
18.79,21.9,24.81,19.99,94.0,8.32,0.49,3.75,0.85,0.85,2022-10-21,Ebolowa,2022,10,294,42,82.43,153.73999999999998,466.51,1065.44,3.448529778715424,-0.37833333333333385,23.34,equatorial
8.5,22.9,26.84,19.48,91.53,12.6,0.31,5.55,0.85,0.85,2022-10-22,Ebolowa,2022,10,295,42,82.95,161.1,474.23,1074.5900000000001,3.486782409274282,0.6156666666666659,23.34,equatorial
16.7,22.37,24.7,20.56,95.74,11.92,0.62,3.17,0.85,0.85,2022-10-23,Ebolowa,2022,10,296,42,90.80000000000001,166.69,476.56,1054.36,3.3771909386961485,0.08399999999999963,23.34,equatorial
17.48,23.5,27.72,19.96,88.17,2.45,0.62,6.44,0.84,0.84,2022-10-24,Ebolowa,2022,10,297,43,91.19000000000001,146.69,471.42,1030.92,3.2523452893377103,1.1806666666666636,23.5,equatorial
14.07,22.69,24.57,20.85,95.34,5.3,0.51,2.08,0.84,0.84,2022-10-25,Ebolowa,2022,10,298,43,89.93,131.35999999999999,447.3,1030.47,3.2435135681056706,0.37266666666666737,23.5,equatorial
16.43,23.51,27.58,20.34,91.25,5.52,0.59,5.21,0.84,0.84,2022-10-26,Ebolowa,2022,10,299,43,83.25,130.12,399.36,1027.85,3.22389133298714,1.1310000000000002,23.51,equatorial
17.22,22.97,25.41,21.22,95.24,27.14,0.66,3.6,0.86,0.88,2022-10-27,Ebolowa,2022,10,300,43,73.25,152.76,322.46,1049.52,3.3256018360650077,0.5566666666666649,23.51,equatorial
10.14,22.5,24.75,20.8,96.74,67.76,0.48,2.82,0.89,0.92,2022-10-28,Ebolowa,2022,10,301,43,132.69,215.12,364.71000000000004,1114.83,3.643652958380171,0.055333333333333456,23.51,equatorial
19.2,22.13,26.03,19.86,93.17,13.05,0.48,4.69,0.91,0.9,2022-10-29,Ebolowa,2022,10,302,43,133.14000000000001,216.09,374.15,1116.78,3.6442624859016153,-0.32466666666666555,23.51,equatorial
19.08,22.88,27.02,19.52,91.1,8.28,0.7,5.25,0.91,0.89,2022-10-30,Ebolowa,2022,10,303,43,129.5,220.3,365.57,1114.84,3.625583582967447,0.4150000000000027,23.51,equatorial
13.7,23.82,27.53,20.48,90.45,8.74,0.62,5.5,0.9,0.89,2022-10-31,Ebolowa,2022,10,304,44,135.79,226.98000000000002,369.5,1118.04,3.63246436533589,1.2959999999999994,23.82,equatorial
18.34,22.85,25.72,20.98,91.23,3.49,0.73,3.96,0.9,0.88,2022-11-01,Ebolowa,2022,11,305,44,133.98000000000002,223.91,369.04999999999995,1113.6399999999999,3.6017823381922556,0.3013333333333321,23.82,equatorial
16.47,22.57,25.32,20.3,93.46,9.41,0.59,3.32,0.9,0.89,2022-11-02,Ebolowa,2022,11,306,44,137.87,221.12,376.96,1122.15,3.634904137434292,-0.014999999999997016,23.82,equatorial
17.76,23.39,26.97,21.1,91.18,7.32,0.7,4.93,0.91,0.89,2022-11-03,Ebolowa,2022,11,307,44,118.05000000000001,191.3,379.71999999999997,1126.24,3.645998253717939,0.7723333333333358,23.82,equatorial
16.94,23.08,26.4,20.51,91.34,5.98,0.69,4.21,0.9,0.88,2022-11-04,Ebolowa,2022,11,308,44,56.27,188.96,376.54,1128.42,3.6476139462947508,0.45099999999999696,23.82,equatorial
15.7,22.17,24.11,20.39,95.88,24.13,0.84,2.85,0.91,0.9,2022-11-05,Ebolowa,2022,11,309,44,67.35,200.49,389.59000000000003,1146.66,3.727712758938433,-0.4586666666666659,23.82,equatorial
16.96,22.81,26.62,19.85,90.95,5.77,0.6,4.92,0.92,0.89,2022-11-06,Ebolowa,2022,11,310,44,64.84,194.34,372.59999999999997,1147.0400000000002,3.719913533845843,0.13999999999999702,23.82,equatorial
16.77,22.05,23.55,20.76,96.91,1.92,0.58,1.35,0.92,0.89,2022-11-07,Ebolowa,2022,11,311,45,58.019999999999996,193.81,369.28000000000003,1142.57,3.688567889013812,-0.6256666666666639,23.39,equatorial
16.89,22.29,25.49,20.28,93.27,3.45,0.88,3.43,0.92,0.89,2022-11-08,Ebolowa,2022,11,312,45,57.98,191.96,366.4,1139.44,3.6640078224368113,-0.3823333333333352,23.39,equatorial
14.92,23.36,27.57,19.88,90.72,3.58,0.48,4.26,0.91,0.88,2022-11-09,Ebolowa,2022,11,313,45,52.15,190.01999999999998,347.53,1132.4399999999998,3.620902460991733,0.6413333333333355,23.39,equatorial
8.46,21.69,22.87,20.01,98.3,12.83,0.53,1.72,0.92,0.9,2022-11-10,Ebolowa,2022,11,314,45,57.66,175.71,339.73,1136.8700000000001,3.6334573469247844,-1.0113333333333294,23.36,equatorial
15.05,22.59,27.14,18.56,87.38,0.72,0.61,5.14,0.92,0.89,2022-11-11,Ebolowa,2022,11,315,45,52.4,108.67,333.69,1126.39,3.573916437678069,-0.11400000000000077,23.36,equatorial
16.13,22.31,24.95,20.42,91.58,1.91,0.59,2.66,0.91,0.88,2022-11-12,Ebolowa,2022,11,316,45,30.18,97.53,331.1,1124.3899999999999,3.5557399726134955,-0.3706666666666649,23.36,equatorial
17.14,23.5,27.61,19.44,85.98,2.0,0.9,5.81,0.9,0.88,2022-11-13,Ebolowa,2022,11,317,45,26.41,91.25,327.7,1124.29,3.5468438899601393,0.8060000000000009,23.5,equatorial
16.98,23.61,26.89,20.26,85.37,2.34,0.86,5.06,0.9,0.87,2022-11-14,Ebolowa,2022,11,318,46,26.830000000000002,84.85,317.96,1124.1000000000001,3.537579587047935,0.8573333333333331,23.61,equatorial
9.34,23.39,27.44,20.2,88.31,3.27,0.85,5.37,0.89,0.87,2022-11-15,Ebolowa,2022,11,319,46,26.65,84.63,317.16,1121.88,3.5186599207022753,0.6123333333333321,23.61,equatorial
14.92,23.1,27.15,20.4,90.13,4.14,0.64,5.13,0.89,0.87,2022-11-16,Ebolowa,2022,11,320,46,27.21,79.36,319.24,1122.6699999999998,3.5142765467068653,0.33033333333333204,23.61,equatorial
16.19,23.2,27.43,19.89,88.8,1.26,0.52,4.79,0.88,0.86,2022-11-17,Ebolowa,2022,11,321,46,15.639999999999999,73.3,313.94,1122.1999999999998,3.503906614343642,0.4109999999999978,23.61,equatorial
12.86,22.83,26.35,20.25,89.11,0.74,0.67,3.24,0.88,0.85,2022-11-18,Ebolowa,2022,11,322,46,15.659999999999998,68.06,302.48,1121.25,3.4913263165463424,0.03499999999999659,23.61,equatorial
10.04,23.15,27.4,19.61,88.54,1.17,0.74,5.01,0.87,0.85,2022-11-19,Ebolowa,2022,11,323,46,14.92,45.1,266.51,1120.66,3.480550186069752,0.31299999999999883,23.61,equatorial
15.84,23.5,26.99,20.92,87.13,1.02,0.81,4.82,0.86,0.85,2022-11-20,Ebolowa,2022,11,324,46,13.939999999999998,40.349999999999994,259.21000000000004,1112.54,3.434131937360527,0.6096666666666692,23.61,equatorial
16.31,23.29,27.74,20.03,86.43,0.34,0.85,5.28,0.86,0.84,2022-11-21,Ebolowa,2022,11,325,47,11.939999999999998,38.77,246.95,1106.73,3.3990173124136147,0.3866666666666667,23.5,equatorial
17.69,23.36,27.57,19.65,85.69,0.57,0.89,5.34,0.85,0.83,2022-11-22,Ebolowa,2022,11,326,47,9.239999999999998,35.89,235.60000000000002,1092.16,3.3227539782275315,0.4236666666666693,23.5,equatorial
19.9,23.44,27.72,19.67,84.69,0.37,0.92,5.49,0.84,0.83,2022-11-23,Ebolowa,2022,11,327,47,5.47,32.68,233.52,1082.01,3.267921560689026,0.50566666666667,23.5,equatorial
17.05,23.68,27.81,18.95,81.37,0.51,0.8,5.89,0.83,0.82,2022-11-24,Ebolowa,2022,11,328,47,4.72,20.36,228.73000000000002,1076.8799999999999,3.2371434612859646,0.7126666666666672,23.68,equatorial
14.65,22.97,26.48,19.89,88.92,1.5,0.81,3.8,0.83,0.82,2022-11-25,Ebolowa,2022,11,329,47,5.48,21.14,224.71,1073.18,3.213308543009611,0.020666666666663502,23.68,equatorial
14.85,22.93,26.16,20.95,90.29,3.48,0.64,3.98,0.82,0.82,2022-11-26,Ebolowa,2022,11,330,47,7.79,22.71,201.04999999999998,1070.0,3.192078413282802,-0.018000000000000682,23.68,equatorial
17.11,23.5,27.9,19.68,85.98,0.18,0.61,5.01,0.82,0.81,2022-11-27,Ebolowa,2022,11,331,47,6.949999999999999,20.89,133.47,1065.56,3.1650779205723696,0.5186666666666646,23.68,equatorial
16.03,23.34,26.61,21.1,88.33,0.32,0.55,3.41,0.81,0.81,2022-11-28,Ebolowa,2022,11,332,48,6.93,18.87,120.74,1059.1,3.1287924141094643,0.31833333333333513,23.68,equatorial
15.46,21.78,23.63,20.4,91.74,0.62,0.44,1.69,0.81,0.81,2022-11-29,Ebolowa,2022,11,333,48,6.98,16.22,113.08,1039.98,3.0335090908140128,-1.2050000000000018,23.68,equatorial
18.69,22.83,26.96,19.17,88.37,0.24,0.81,3.68,0.81,0.81,2022-11-30,Ebolowa,2022,11,334,48,6.8500000000000005,12.32,104.58,1005.29,2.8660292540672785,-0.12199999999999989,23.68,equatorial
18.86,23.75,28.24,20.09,85.61,0.33,0.58,4.97,0.8,0.8,2022-12-01,Ebolowa,2022,12,335,48,6.670000000000001,11.39,101.42,1002.14,2.846763042878879,0.7680000000000042,23.75,equatorial
15.47,23.03,25.85,20.51,91.48,0.58,0.72,2.02,0.8,0.8,2022-12-02,Ebolowa,2022,12,336,48,5.75,11.23,92.59,989.0999999999999,2.781469886373493,0.03266666666666396,23.75,equatorial
14.99,21.9,23.51,20.19,93.18,0.92,0.63,1.6,0.8,0.8,2022-12-03,Ebolowa,2022,12,337,48,3.19,10.98,86.19,963.96,2.6601246433256422,-1.0476666666666716,23.75,equatorial
17.13,23.5,27.61,19.54,85.81,0.34,0.75,4.22,0.8,0.8,2022-12-04,Ebolowa,2022,12,338,48,3.35,10.3,80.55,932.19,2.508469740275618,0.538333333333334,23.75,equatorial
17.66,23.83,26.64,21.33,85.44,0.07,0.51,2.81,0.79,0.8,2022-12-05,Ebolowa,2022,12,339,49,3.1,10.030000000000001,56.49,900.66,2.358560001522201,0.8129999999999988,23.83,equatorial
7.54,23.83,28.03,20.64,85.6,0.3,0.73,4.44,0.79,0.79,2022-12-06,Ebolowa,2022,12,340,49,2.78,9.76,51.019999999999996,858.6800000000001,2.160568180745993,0.7789999999999999,23.83,equatorial
8.4,22.17,23.98,20.78,95.81,6.41,0.57,1.86,0.79,0.81,2022-12-07,Ebolowa,2022,12,341,49,8.95,15.8,55.510000000000005,846.48,2.1017127048880626,-0.884999999999998,23.83,equatorial
18.96,23.33,27.87,19.45,85.54,1.37,0.81,5.27,0.79,0.79,2022-12-08,Ebolowa,2022,12,342,49,9.99,16.66,53.43,818.96,1.9717994427434702,0.24033333333333218,23.83,equatorial
18.58,23.7,27.76,19.8,84.3,1.05,0.85,4.93,0.78,0.79,2022-12-09,Ebolowa,2022,12,343,49,10.46,16.21,50.9,811.74,1.9365812583777815,0.5989999999999966,23.83,equatorial
19.56,23.19,26.89,20.53,85.01,0.31,0.85,3.86,0.78,0.78,2022-12-10,Ebolowa,2022,12,344,49,9.85,13.04,38.379999999999995,805.24,1.9047979178232746,0.03900000000000148,23.83,equatorial
19.18,23.11,28.62,17.99,81.43,0.37,0.89,5.39,0.77,0.78,2022-12-11,Ebolowa,2022,12,345,49,9.88,13.23,38.029999999999994,800.94,1.883310269719944,-0.05833333333333357,23.83,equatorial
16.92,22.94,27.08,20.09,88.81,3.37,0.7,3.93,0.77,0.79,2022-12-12,Ebolowa,2022,12,346,50,13.18,16.28,39.49,800.61,1.8803044071806871,-0.24933333333332897,23.83,equatorial
15.13,22.74,27.1,19.55,88.92,5.61,0.71,4.72,0.77,0.79,2022-12-13,Ebolowa,2022,12,347,50,18.490000000000002,21.270000000000003,43.1,803.4499999999999,1.892014940444321,-0.4239999999999995,23.7,equatorial
16.35,22.96,27.27,19.95,87.17,2.65,0.65,4.37,0.77,0.79,2022-12-14,Ebolowa,2022,12,348,50,14.73,23.680000000000003,43.41,798.6800000000001,1.8684006964405713,-0.18233333333333235,23.7,equatorial
15.5,23.07,27.69,18.87,84.73,2.59,0.85,4.98,0.77,0.78,2022-12-15,Ebolowa,2022,12,349,50,15.950000000000001,25.94,42.730000000000004,786.4,1.8100217220401837,-0.061666666666667425,23.7,equatorial
7.76,22.64,26.7,19.51,90.07,8.36,0.68,3.68,0.77,0.8,2022-12-16,Ebolowa,2022,12,350,50,23.259999999999998,33.72,46.95,790.31,1.826813535687124,-0.47633333333333283,23.19,equatorial
16.43,22.89,26.37,20.43,89.02,0.13,0.59,2.88,0.77,0.78,2022-12-17,Ebolowa,2022,12,351,50,23.080000000000002,32.93,45.82,786.12,1.8060396608017397,-0.21599999999999753,23.11,equatorial
18.29,23.13,27.89,19.7,85.92,0.0,0.8,4.48,0.77,0.77,2022-12-18,Ebolowa,2022,12,352,50,22.71,32.59,45.08,777.93,1.7667856911151072,0.013999999999999346,23.13,equatorial
19.51,22.69,27.95,17.94,77.39,0.0,0.72,5.64,0.76,0.77,2022-12-19,Ebolowa,2022,12,353,51,19.34,32.52,43.91,774.73,1.7507191247141967,-0.41066666666666407,23.13,equatorial
17.08,22.52,27.39,19.22,85.27,0.01,0.87,4.14,0.75,0.76,2022-12-20,Ebolowa,2022,12,354,51,13.74,32.23,42.900000000000006,768.62,1.7212168404903996,-0.5480000000000018,23.13,equatorial
16.64,22.72,27.31,19.31,85.89,0.01,0.8,4.02,0.75,0.76,2022-12-21,Ebolowa,2022,12,355,51,11.1,25.83,42.57,763.75,1.69751174205626,-0.3289999999999971,23.13,equatorial
15.59,22.48,27.1,18.92,85.08,0.04,0.77,3.92,0.75,0.76,2022-12-22,Ebolowa,2022,12,356,51,8.549999999999999,24.500000000000004,42.04,754.2,1.652202935154491,-0.5396666666666619,23.13,equatorial
15.14,22.14,26.85,19.22,83.04,0.04,0.67,4.52,0.74,0.75,2022-12-23,Ebolowa,2022,12,357,51,0.23,23.490000000000002,41.71,746.65,1.616227615837669,-0.8363333333333323,23.13,equatorial
15.51,22.23,27.46,17.15,79.9,0.0,0.87,5.14,0.74,0.75,2022-12-24,Ebolowa,2022,12,358,51,0.1,23.18,41.2,717.23,1.479178819730356,-0.6980000000000004,23.13,equatorial
16.84,22.34,27.65,17.01,80.28,0.0,0.97,4.99,0.73,0.74,2022-12-25,Ebolowa,2022,12,359,51,0.1,22.810000000000002,39.7,663.77,1.2311334269475818,-0.5670000000000002,22.72,equatorial
17.0,22.25,27.63,17.53,81.49,0.0,1.23,5.22,0.73,0.74,2022-12-26,Ebolowa,2022,12,360,52,0.1,19.44,36.22,559.73,0.749281678454549,-0.6343333333333341,22.72,equatorial
19.46,22.41,28.0,17.62,83.72,0.04,1.18,5.21,0.72,0.73,2022-12-27,Ebolowa,2022,12,361,52,0.13,13.87,36.08,534.26,0.631208662302168,-0.43799999999999883,22.72,equatorial
22.57,22.75,28.18,18.16,82.04,0.01,1.24,5.54,0.72,0.73,2022-12-28,Ebolowa,2022,12,362,52,0.13,11.229999999999999,35.77,530.66,0.6143945649355238,-0.07833333333333314,22.75,equatorial
19.76,22.75,28.34,17.31,79.42,0.06,1.02,5.07,0.71,0.73,2022-12-29,Ebolowa,2022,12,363,52,0.15,8.7,35.21,513.86,0.5364788071577891,-0.11066666666666336,22.75,equatorial
18.75,22.48,28.19,17.02,79.46,0.02,1.14,5.28,0.71,0.72,2022-12-30,Ebolowa,2022,12,364,52,0.13,0.36,34.99,509.07,0.514183270333409,-0.3689999999999998,22.75,equatorial
18.54,22.83,28.6,17.03,74.3,0.01,0.9,5.49,0.71,0.72,2022-12-31,Ebolowa,2022,12,365,52,0.13999999999999999,0.24,34.67,505.14,0.4958739850193814,0.011666666666663161,22.83,equatorial
16.23,23.58,28.36,18.69,79.4,0.06,0.89,4.65,0.7,0.72,2023-01-01,Ebolowa,2023,1,1,52,0.19999999999999998,0.3,34.150000000000006,503.7,0.48909942908299014,0.7433333333333358,23.58,equatorial
18.61,23.76,28.24,19.81,81.33,0.11,0.85,4.45,0.7,0.72,2023-01-02,Ebolowa,2023,1,2,1,0.31,0.41000000000000003,33.34,499.25,0.46838423998456796,0.861333333333338,23.76,equatorial
18.19,23.3,28.46,18.81,80.5,0.06,1.09,5.38,0.7,0.71,2023-01-03,Ebolowa,2023,1,3,1,0.33,0.45999999999999996,33.06,490.15,0.42613087176390274,0.40800000000000125,23.76,equatorial
18.52,23.41,28.26,18.81,77.25,0.05,0.88,5.14,0.7,0.71,2023-01-04,Ebolowa,2023,1,4,1,0.37,0.5,33.04,479.12,0.3749401723117589,0.532,23.76,equatorial
16.08,23.09,28.15,18.92,85.04,0.2,0.87,3.85,0.69,0.71,2023-01-05,Ebolowa,2023,1,5,1,0.51,0.66,32.940000000000005,456.56,0.27032281107174494,0.23666666666666458,23.76,equatorial
15.95,23.72,28.72,19.75,84.8,0.48,0.95,4.54,0.69,0.71,2023-01-06,Ebolowa,2023,1,6,1,0.97,1.1,27.01,451.8,0.248211253411887,0.8149999999999942,23.76,equatorial
17.34,24.24,28.96,20.4,81.66,0.41,0.68,4.57,0.69,0.7,2023-01-07,Ebolowa,2023,1,7,1,1.3699999999999999,1.51,26.05,445.88,0.22072321274224094,1.304666666666666,24.24,equatorial
14.18,23.62,28.05,19.48,83.56,0.49,0.79,4.02,0.69,0.7,2023-01-08,Ebolowa,2023,1,8,1,1.7999999999999998,2.0,25.49,423.92,0.11886689836578501,0.6873333333333385,24.24,equatorial
17.89,23.13,28.48,19.05,83.52,0.13,0.83,4.46,0.69,0.7,2023-01-09,Ebolowa,2023,1,9,2,1.82,2.13,25.310000000000002,403.41999999999996,0.02378159201950584,0.19933333333333536,24.24,equatorial
17.3,23.03,28.52,18.61,77.83,0.04,0.93,5.27,0.68,0.7,2023-01-10,Ebolowa,2023,1,10,2,1.8,2.13,24.98,396.7,-0.00739056156962098,0.10200000000000031,24.24,equatorial
16.97,22.89,28.25,18.79,82.78,0.02,0.88,4.42,0.68,0.69,2023-01-11,Ebolowa,2023,1,11,2,1.77,2.14,21.63,392.21999999999997,-0.028171577531953464,-0.036333333333335105,24.24,equatorial
17.81,22.22,26.15,19.16,83.12,0.01,0.87,3.54,0.68,0.69,2023-01-12,Ebolowa,2023,1,12,2,1.5799999999999998,2.09,16.03,386.83,-0.053174695169632274,-0.6890000000000036,24.24,equatorial
20.51,22.5,28.25,18.64,83.74,0.0,1.02,4.64,0.68,0.69,2023-01-13,Ebolowa,2023,1,13,2,1.0999999999999999,2.07,13.379999999999999,374.75,-0.10922243614355868,-0.39366666666666816,24.24,equatorial
18.31,22.74,28.35,16.92,75.39,0.0,0.91,5.14,0.67,0.68,2023-01-14,Ebolowa,2023,1,14,2,0.6900000000000001,2.0599999999999996,10.79,370.68,-0.1280934249896885,-0.1426666666666634,23.62,equatorial
16.85,23.17,28.36,18.19,79.08,0.01,0.94,4.17,0.67,0.68,2023-01-15,Ebolowa,2023,1,15,2,0.21000000000000002,2.01,2.44,368.63000000000005,-0.13758736560606963,0.2696666666666694,23.17,equatorial
16.81,23.48,28.85,18.76,80.85,0.08,0.98,4.64,0.67,0.68,2023-01-16,Ebolowa,2023,1,16,3,0.16,1.98,2.39,362.15000000000003,-0.16764861330352895,0.5599999999999987,23.48,equatorial
17.21,23.49,29.21,19.17,80.96,0.09,0.91,4.89,0.67,0.68,2023-01-17,Ebolowa,2023,1,17,3,0.21,2.0100000000000002,2.48,350.03999999999996,-0.223852021346076,0.5579999999999963,23.49,equatorial
15.55,23.95,29.29,19.59,80.73,0.21,0.85,5.04,0.66,0.67,2023-01-18,Ebolowa,2023,1,18,3,0.4,2.17,2.69,313.11,-0.39531883258020756,0.9759999999999991,23.95,equatorial
18.68,23.87,29.26,19.65,81.49,0.19,0.87,4.76,0.66,0.67,2023-01-19,Ebolowa,2023,1,19,3,0.58,2.1599999999999997,2.8699999999999997,304.98,-0.4330017168064999,0.8510000000000026,23.95,equatorial
17.97,23.74,28.33,20.38,83.24,0.18,0.8,3.99,0.66,0.67,2023-01-20,Ebolowa,2023,1,20,3,0.76,1.8599999999999999,3.04,292.56000000000006,-0.4906069957575084,0.6869999999999976,23.95,equatorial
17.03,23.64,28.49,20.32,84.93,0.07,0.81,3.94,0.66,0.67,2023-01-21,Ebolowa,2023,1,21,3,0.83,1.52,3.07,280.71000000000004,-0.5455540844099758,0.5483333333333356,23.95,equatorial
13.55,24.0,29.26,20.25,82.45,0.04,0.78,4.54,0.66,0.67,2023-01-22,Ebolowa,2023,1,22,3,0.86,1.0699999999999998,3.07,278.3,-0.556630932108413,0.8463333333333338,24.0,equatorial
18.0,24.16,29.66,19.75,79.62,0.04,0.8,5.09,0.65,0.66,2023-01-23,Ebolowa,2023,1,23,4,0.8200000000000001,0.9800000000000001,3.11,273.04,-0.5809481832707598,0.9420000000000002,24.16,equatorial
16.42,24.31,29.92,19.28,77.76,0.08,0.82,5.16,0.65,0.66,2023-01-24,Ebolowa,2023,1,24,4,0.8099999999999999,1.02,3.19,267.59999999999997,-0.6060962055131197,1.0263333333333335,24.31,equatorial
17.88,24.52,29.65,20.23,80.04,0.11,0.66,4.56,0.65,0.66,2023-01-25,Ebolowa,2023,1,25,4,0.71,1.11,3.3,240.57,-0.7315723524299519,1.1606666666666676,24.52,equatorial
18.56,23.99,28.95,19.92,84.25,0.6,0.9,4.14,0.65,0.66,2023-01-26,Ebolowa,2023,1,26,4,1.12,1.7,3.86,173.41,-1.0434645856581228,0.5779999999999994,24.52,equatorial
14.62,23.31,27.27,20.64,88.43,0.75,0.72,2.75,0.65,0.67,2023-01-27,Ebolowa,2023,1,27,4,1.69,2.45,4.6000000000000005,161.10999999999999,-1.1002402720458186,-0.12066666666666492,24.52,equatorial
17.96,23.49,28.06,20.64,87.2,1.1,0.92,3.76,0.65,0.67,2023-01-28,Ebolowa,2023,1,28,4,2.7199999999999998,3.55,5.64,153.92999999999998,-1.1331831929019198,0.0346666666666664,24.52,equatorial
20.0,23.28,27.29,20.09,87.68,0.72,0.63,2.7,0.65,0.67,2023-01-29,Ebolowa,2023,1,29,4,3.4,4.26,6.34,145.91,-1.16999877386974,-0.20200000000000173,24.52,equatorial
12.82,24.05,28.77,20.43,82.86,1.23,0.6,4.03,0.65,0.67,2023-01-30,Ebolowa,2023,1,30,5,4.59,5.41,7.5600000000000005,143.65,-1.1800265039649658,0.5273333333333348,24.52,equatorial
20.79,24.3,29.82,20.1,84.26,0.76,0.84,4.55,0.65,0.66,2023-01-31,Ebolowa,2023,1,31,5,5.27,6.08,8.26,135.0,-1.2197215818158271,0.7533333333333339,24.52,equatorial
21.96,24.0,29.04,20.55,86.75,1.73,0.68,4.06,0.65,0.67,2023-02-01,Ebolowa,2023,2,32,5,6.890000000000001,7.6000000000000005,9.88,129.41,-1.2451664250154324,0.445333333333334,24.3,equatorial
9.28,23.48,27.47,20.56,89.89,1.84,0.68,2.62,0.65,0.67,2023-02-02,Ebolowa,2023,2,33,5,8.129999999999999,9.25,11.66,125.27000000000001,-1.2638518287591964,-0.08066666666666578,24.3,equatorial
22.09,24.22,29.04,19.81,84.57,0.63,0.82,3.88,0.65,0.66,2023-02-03,Ebolowa,2023,2,34,5,8.01,9.700000000000001,12.239999999999998,101.77000000000001,-1.3723905127758846,0.6323333333333316,24.3,equatorial
19.32,24.43,29.36,20.43,84.83,1.55,0.95,4.45,0.65,0.66,2023-02-04,Ebolowa,2023,2,35,5,8.46,11.18,13.59,97.55,-1.3913074133097219,0.7976666666666681,24.43,equatorial
17.8,23.64,27.81,20.92,88.01,1.47,0.85,3.42,0.65,0.67,2023-02-05,Ebolowa,2023,2,36,5,9.209999999999999,12.610000000000001,14.58,97.1,-1.3927053785860368,0.010333333333331751,24.43,equatorial
16.25,24.13,29.34,20.56,84.22,0.85,0.77,4.74,0.65,0.66,2023-02-06,Ebolowa,2023,2,37,6,8.83,13.42,15.02,94.50000000000001,-1.4040767909492955,0.5039999999999978,24.43,equatorial
13.72,23.71,28.45,20.5,85.37,0.73,0.76,4.11,0.65,0.66,2023-02-07,Ebolowa,2023,2,38,6,8.8,14.07,15.260000000000002,91.64999999999999,-1.4165927656555135,0.08099999999999952,24.43,equatorial
18.58,24.09,29.5,20.15,83.94,0.25,0.77,4.63,0.64,0.65,2023-02-08,Ebolowa,2023,2,39,6,7.32,14.21,15.38,79.07,-1.4742166610471295,0.4289999999999985,24.43,equatorial
18.82,24.71,29.85,20.39,82.81,1.14,0.57,4.69,0.64,0.65,2023-02-09,Ebolowa,2023,2,40,6,6.62,14.75,16.48,79.49,-1.4714798441210752,0.9930000000000021,24.71,equatorial
17.04,24.51,28.91,20.69,83.15,0.29,0.79,4.17,0.64,0.65,2023-02-10,Ebolowa,2023,2,41,6,6.28,14.290000000000001,16.75,77.87,-1.4782040165813857,0.7390000000000008,24.71,equatorial
15.7,24.74,30.05,20.29,82.43,0.08,0.89,4.72,0.64,0.64,2023-02-11,Ebolowa,2023,2,42,6,4.8100000000000005,13.27,16.82,75.95,-1.486308762317087,0.884999999999998,24.74,equatorial
18.3,24.94,30.26,20.35,83.42,0.08,0.91,4.56,0.63,0.64,2023-02-12,Ebolowa,2023,2,43,6,3.42,12.63,16.900000000000002,73.69,-1.495976945110421,1.0036666666666711,24.94,equatorial
17.0,24.85,30.02,21.11,84.61,0.14,0.77,4.42,0.63,0.64,2023-02-13,Ebolowa,2023,2,44,7,2.71,11.540000000000001,17.040000000000003,70.56,-1.5096609739235054,0.8433333333333337,24.94,equatorial
17.42,24.27,28.66,21.45,84.89,0.07,0.93,4.15,0.63,0.63,2023-02-14,Ebolowa,2023,2,45,7,2.0500000000000003,10.85,17.1,66.49,-1.5276775664302806,0.22666666666666657,24.94,equatorial
20.27,23.65,28.84,20.13,82.32,0.01,0.72,4.8,0.62,0.63,2023-02-15,Ebolowa,2023,2,46,7,1.81,9.13,17.03,65.24,-1.5326079724843864,-0.39899999999999736,24.94,equatorial
16.87,23.83,28.79,20.06,82.98,0.0,0.74,4.17,0.62,0.63,2023-02-16,Ebolowa,2023,2,47,7,0.67,7.29,16.939999999999998,64.5,-1.535169679984847,-0.23033333333333417,24.94,equatorial
18.5,23.11,28.26,19.52,79.18,0.0,0.98,4.83,0.62,0.62,2023-02-17,Ebolowa,2023,2,48,7,0.38,6.66,16.73,63.33,-1.5397175706584265,-0.9223333333333343,24.94,equatorial
19.57,22.28,27.46,17.76,76.68,0.0,1.13,4.6,0.61,0.62,2023-02-18,Ebolowa,2023,2,49,7,0.3,5.109999999999999,16.54,62.31,-1.543564201376573,-1.6993333333333318,24.94,equatorial
19.46,23.74,29.91,17.73,70.51,0.0,0.97,5.53,0.61,0.62,2023-02-19,Ebolowa,2023,2,50,7,0.22000000000000003,3.6399999999999997,16.36,61.97,-1.5442590038497153,-0.2393333333333345,24.85,equatorial
16.66,24.18,29.67,19.61,83.65,0.12,0.88,4.2,0.61,0.62,2023-02-20,Ebolowa,2023,2,51,8,0.2,2.91,16.41,61.519999999999996,-1.5454615334642974,0.1826666666666661,24.27,equatorial
16.81,24.85,29.83,21.07,85.02,0.18,0.64,3.95,0.61,0.62,2023-02-21,Ebolowa,2023,2,52,8,0.31,2.3600000000000003,16.55,61.330000000000005,-1.5454599989922762,0.8243333333333354,24.85,equatorial
13.8,25.04,29.98,21.66,84.14,0.22,0.66,4.27,0.61,0.61,2023-02-22,Ebolowa,2023,2,53,8,0.52,2.33,16.73,61.040000000000006,-1.5459208426324136,0.9849999999999959,25.04,equatorial
15.14,24.59,29.04,21.37,84.23,0.21,0.82,3.99,0.6,0.61,2023-02-23,Ebolowa,2023,2,54,8,0.73,1.4,16.86,59.75000000000001,-1.551002787553916,0.5256666666666696,25.04,equatorial
15.97,24.68,29.73,21.26,83.97,0.16,0.73,4.37,0.6,0.61,2023-02-24,Ebolowa,2023,2,55,8,0.89,1.27,16.91,56.43,-1.5654563493523255,0.6103333333333332,25.04,equatorial
17.16,24.7,29.87,21.13,84.72,1.8,0.74,5.02,0.6,0.61,2023-02-25,Ebolowa,2023,2,56,8,2.69,2.99,18.11,58.05,-1.5570662403882178,0.6066666666666691,25.04,equatorial
11.47,24.31,28.58,21.37,87.57,1.52,0.65,3.88,0.6,0.62,2023-02-26,Ebolowa,2023,2,57,8,4.21,4.43,18.88,59.25,-1.5506295609716878,0.18333333333333002,25.04,equatorial
18.77,24.7,29.82,21.21,85.19,1.55,0.66,4.75,0.6,0.62,2023-02-27,Ebolowa,2023,2,58,9,5.640000000000001,5.840000000000001,19.330000000000002,60.18,-1.545450017592148,0.5330000000000013,25.04,equatorial
16.5,23.84,27.66,21.81,90.92,3.86,0.78,3.07,0.61,0.64,2023-02-28,Ebolowa,2023,2,59,9,9.32,9.629999999999999,22.47,63.8,-1.5278608013511752,-0.34566666666666634,25.04,equatorial
21.5,24.35,29.52,20.72,85.65,1.37,0.67,4.85,0.61,0.62,2023-03-01,Ebolowa,2023,3,60,9,10.469999999999999,10.99,22.610000000000003,64.84,-1.5222068942863816,0.15433333333333366,24.7,equatorial
17.56,23.65,27.29,21.53,90.38,3.76,0.79,2.96,0.61,0.64,2023-03-02,Ebolowa,2023,3,61,9,14.02,14.75,25.61,68.02000000000001,-1.5066868561570348,-0.5240000000000009,24.7,equatorial
19.64,23.98,28.65,20.58,87.86,4.81,0.55,4.01,0.62,0.65,2023-03-03,Ebolowa,2023,3,62,9,18.67,19.56,28.689999999999998,71.91,-1.4879146639185763,-0.19333333333333513,24.7,equatorial
18.14,24.09,27.76,21.4,88.58,5.7,0.6,3.31,0.63,0.66,2023-03-04,Ebolowa,2023,3,63,9,22.57,25.259999999999998,32.55,77.27,-1.4623892368345979,-0.10366666666666902,24.7,equatorial
17.34,24.92,29.73,21.4,87.66,6.79,0.64,5.28,0.63,0.67,2023-03-05,Ebolowa,2023,3,64,9,27.84,32.05,38.71,83.99000000000001,-1.4306274061818205,0.703000000000003,24.92,equatorial
16.42,23.71,26.27,22.21,94.61,8.75,0.83,2.56,0.64,0.69,2023-03-06,Ebolowa,2023,3,65,10,35.04,40.68,45.91,92.44,-1.390930337308088,-0.48300000000000054,24.92,equatorial
16.18,23.97,27.99,21.31,90.6,5.14,0.79,4.0,0.65,0.68,2023-03-07,Ebolowa,2023,3,66,10,36.32,45.64,49.58,91.17,-1.3961033921252115,-0.2339999999999982,24.92,equatorial
16.79,24.45,28.83,21.3,87.66,3.25,0.81,4.9,0.65,0.67,2023-03-08,Ebolowa,2023,3,67,10,38.2,48.67,51.980000000000004,93.05000000000001,-1.3867476220179868,0.23533333333333317,24.92,equatorial
17.14,23.46,26.3,21.79,93.17,4.75,0.84,2.84,0.65,0.67,2023-03-09,Ebolowa,2023,3,68,10,39.19,53.21,56.0,96.75,-1.3690144111310034,-0.746333333333336,24.92,equatorial
11.78,22.89,26.28,21.07,91.44,3.84,0.62,2.96,0.65,0.67,2023-03-10,Ebolowa,2023,3,69,10,38.22,56.89,59.589999999999996,100.27999999999999,-1.3520868868839155,-1.2763333333333335,24.92,equatorial
10.12,21.96,24.98,20.21,93.31,10.45,0.58,2.85,0.66,0.71,2023-03-11,Ebolowa,2023,3,70,10,42.97,65.53999999999999,68.9,110.36,-1.304993276804219,-2.1146666666666647,24.92,equatorial
18.83,23.4,28.77,19.32,84.36,0.71,0.67,5.34,0.66,0.67,2023-03-12,Ebolowa,2023,3,71,10,36.89,64.73,69.32000000000001,107.7,-1.316661898855789,-0.6376666666666679,24.45,equatorial
19.8,23.05,26.87,20.5,87.45,1.24,0.91,4.2,0.65,0.66,2023-03-13,Ebolowa,2023,3,72,11,29.38,64.42,70.47999999999999,103.33,-1.3361958298956325,-0.9313333333333311,24.45,equatorial
21.42,23.29,28.03,19.91,88.06,1.61,0.72,4.58,0.65,0.65,2023-03-14,Ebolowa,2023,3,73,11,25.849999999999998,62.17,72.00999999999999,102.28999999999999,-1.3403657644289813,-0.636333333333333,24.45,equatorial
14.14,23.12,26.9,20.69,88.52,1.55,0.72,4.01,0.64,0.65,2023-03-15,Ebolowa,2023,3,74,11,24.15,62.35,73.42,101.25,-1.34453081031222,-0.748666666666665,23.46,equatorial
12.39,22.24,25.83,20.09,90.21,3.66,0.76,3.57,0.64,0.66,2023-03-16,Ebolowa,2023,3,75,11,23.06,62.25000000000001,77.01,96.55000000000001,-1.3655470324279835,-1.561,23.4,equatorial
21.67,22.85,27.54,19.56,83.43,0.7,0.81,5.52,0.64,0.64,2023-03-17,Ebolowa,2023,3,76,11,19.919999999999998,58.14,77.7,97.11999999999999,-1.3622700698110193,-0.9243333333333332,23.4,equatorial
17.64,22.83,27.38,18.98,87.46,2.88,0.75,4.5,0.63,0.64,2023-03-18,Ebolowa,2023,3,77,11,12.350000000000001,55.32,80.58,100.0,-1.3483616014030722,-0.9110000000000014,23.4,equatorial
18.58,22.6,26.72,20.04,88.58,7.6,0.63,4.53,0.64,0.68,2023-03-19,Ebolowa,2023,3,78,11,19.24,56.13,88.17999999999999,107.6,-1.3127402988529429,-1.1239999999999988,23.29,equatorial
19.92,23.39,27.95,20.05,84.92,1.45,0.57,5.01,0.64,0.64,2023-03-20,Ebolowa,2023,3,79,12,19.45,48.83,89.63,109.04,-1.3055160947622049,-0.3710000000000022,23.39,equatorial
17.94,23.46,27.69,20.32,86.68,6.74,0.49,5.05,0.64,0.67,2023-03-21,Ebolowa,2023,3,80,12,24.580000000000002,50.43,96.37,115.77,-1.273950954732244,-0.2916666666666643,23.46,equatorial
17.57,22.96,26.17,20.57,90.96,3.21,0.58,3.26,0.64,0.65,2023-03-22,Ebolowa,2023,3,81,12,26.240000000000002,50.39,99.46000000000001,118.94,-1.2588047368764617,-0.7510000000000012,23.46,equatorial
18.24,23.04,26.65,20.49,91.65,5.28,0.61,3.75,0.64,0.66,2023-03-23,Ebolowa,2023,3,82,12,27.86,50.92,104.56,124.18,-1.2341478707583515,-0.6106666666666669,23.46,equatorial
12.88,23.26,27.64,20.44,89.61,8.91,0.59,5.38,0.65,0.69,2023-03-24,Ebolowa,2023,3,83,12,36.07,55.99,113.25,133.09,-1.192626267416366,-0.33133333333333326,23.46,equatorial
22.74,23.35,27.74,20.46,89.03,11.22,0.63,5.14,0.65,0.69,2023-03-25,Ebolowa,2023,3,84,12,44.41,56.760000000000005,124.25999999999999,144.31,-1.140512422126257,-0.1999999999999993,23.46,equatorial
17.87,22.32,24.94,20.57,93.39,33.32,0.67,3.18,0.71,0.8,2023-03-26,Ebolowa,2023,3,85,12,70.13,89.37,157.42000000000002,177.63,-0.9867307937700228,-1.1513333333333335,23.46,equatorial
18.79,23.39,28.19,20.05,88.24,2.4,0.68,5.45,0.7,0.7,2023-03-27,Ebolowa,2023,3,86,13,71.08,90.53,158.02,179.99,-0.9755449632176865,-0.037666666666666515,23.46,equatorial
17.17,23.62,27.73,20.76,90.36,5.93,0.59,5.07,0.69,0.71,2023-03-28,Ebolowa,2023,3,87,13,70.27000000000001,94.85000000000001,162.43,185.91,-0.9479804203787637,0.2153333333333336,23.62,equatorial
8.86,23.05,26.28,21.0,90.71,8.78,0.47,4.04,0.69,0.71,2023-03-29,Ebolowa,2023,3,88,13,75.84,102.07999999999998,169.66,194.63,-0.9075436274622914,-0.29966666666666697,23.62,equatorial
20.53,23.35,27.78,20.26,89.62,4.86,0.5,4.68,0.68,0.7,2023-03-30,Ebolowa,2023,3,89,13,75.42000000000002,103.28,170.66000000000003,199.47,-0.8849891940054256,0.016666666666669272,23.62,equatorial
18.86,22.94,25.87,21.27,93.48,12.57,0.53,3.53,0.69,0.74,2023-03-31,Ebolowa,2023,3,90,13,79.08,115.14999999999999,181.86,212.02999999999997,-0.8269065418067407,-0.3463333333333338,23.62,equatorial
15.09,23.66,27.84,20.23,90.41,3.73,0.63,4.8,0.69,0.7,2023-04-01,Ebolowa,2023,4,91,13,71.59,116.0,181.83,215.70000000000002,-0.8097790346660702,0.3733333333333313,23.66,equatorial
20.96,23.32,26.64,21.06,93.31,6.82,0.59,3.67,0.68,0.71,2023-04-02,Ebolowa,2023,4,92,13,45.09,115.22,183.84,222.41,-0.7786617834643562,0.055333333333333456,23.66,equatorial
15.85,23.01,26.13,20.87,94.72,13.17,0.59,3.45,0.69,0.73,2023-04-03,Ebolowa,2023,4,93,14,55.86000000000001,126.94,191.31,235.52,-0.718085935027776,-0.2186666666666639,23.66,equatorial
13.8,23.31,26.87,20.54,89.71,1.51,0.77,4.43,0.69,0.7,2023-04-04,Ebolowa,2023,4,94,14,51.44000000000001,121.71,186.03,236.98000000000002,-0.7111818679795562,0.134999999999998,23.66,equatorial
23.51,24.31,28.4,20.61,87.9,3.47,0.57,5.01,0.68,0.69,2023-04-05,Ebolowa,2023,4,95,14,46.13000000000001,121.97,180.75,240.25,-0.6959439044067082,1.1149999999999984,24.31,equatorial
11.05,23.7,27.16,21.42,93.59,3.64,0.57,3.25,0.68,0.7,2023-04-06,Ebolowa,2023,4,96,14,44.91000000000001,120.33,179.25000000000003,243.41,-0.6812174981579819,0.5139999999999993,24.31,equatorial
22.59,24.15,28.38,21.36,90.53,1.79,0.66,4.84,0.67,0.68,2023-04-07,Ebolowa,2023,4,97,14,34.13000000000001,113.21,177.79000000000002,244.79000000000002,-0.6746953106869389,0.9740000000000002,24.31,equatorial
16.74,23.6,26.36,21.29,94.49,23.97,0.68,2.86,0.67,0.72,2023-04-08,Ebolowa,2023,4,98,14,54.370000000000005,125.96000000000001,197.01000000000002,268.27,-0.5663573152170132,0.4193333333333378,24.31,equatorial
16.05,23.6,27.01,21.33,92.86,6.42,0.75,3.84,0.71,0.73,2023-04-09,Ebolowa,2023,4,99,14,53.970000000000006,99.05999999999999,199.59,274.56,-0.5372502332877829,0.39566666666666706,24.31,equatorial
19.66,23.87,27.49,21.1,90.43,2.23,0.61,4.17,0.69,0.7,2023-04-10,Ebolowa,2023,4,100,15,43.03000000000001,98.88999999999999,191.37,276.75,-0.5270432448669544,0.6020000000000039,24.31,equatorial
7.63,22.98,25.43,21.42,95.33,16.24,0.72,3.02,0.7,0.75,2023-04-11,Ebolowa,2023,4,101,15,57.760000000000005,109.19999999999999,206.9,292.97,-0.45217260616584504,-0.2740000000000009,24.31,equatorial
20.7,23.9,28.49,20.25,87.21,1.08,0.65,6.44,0.7,0.7,2023-04-12,Ebolowa,2023,4,102,15,55.370000000000005,101.49999999999999,206.74,294.04,-0.447150114839304,0.6176666666666648,24.15,equatorial
20.76,24.11,27.99,20.84,90.82,4.36,0.64,4.38,0.68,0.7,2023-04-13,Ebolowa,2023,4,103,15,56.09,100.99999999999999,209.48999999999998,298.40000000000003,-0.42696005825191363,0.8003333333333309,24.15,equatorial
17.82,23.56,25.72,21.83,93.75,21.61,0.69,3.2,0.71,0.77,2023-04-14,Ebolowa,2023,4,104,15,75.91000000000001,110.03999999999999,229.55,320.01,-0.3272298555668128,0.23566666666666336,24.11,equatorial
21.2,24.37,28.15,21.65,87.73,1.74,0.44,5.23,0.71,0.71,2023-04-15,Ebolowa,2023,4,105,15,53.68000000000001,108.05,227.63000000000002,321.74,-0.3191914196086176,0.9746666666666677,24.37,equatorial
14.4,24.09,27.25,21.51,90.64,5.24,0.43,4.36,0.69,0.71,2023-04-16,Ebolowa,2023,4,106,15,52.50000000000001,106.46999999999998,232.17,326.9,-0.2953322339639737,0.6533333333333324,24.37,equatorial
21.2,23.79,26.81,21.6,91.36,5.45,0.54,3.56,0.69,0.71,2023-04-17,Ebolowa,2023,4,107,16,55.720000000000006,98.74999999999999,234.74,332.26,-0.2705516910481859,0.32133333333333525,24.37,equatorial
19.47,23.92,27.42,21.09,90.76,7.25,0.83,4.65,0.69,0.72,2023-04-18,Ebolowa,2023,4,108,16,46.73000000000001,104.49,234.39000000000001,339.3,-0.23802058926822944,0.40733333333333377,24.37,equatorial
20.8,23.88,27.0,21.17,93.22,7.14,0.63,4.32,0.69,0.72,2023-04-19,Ebolowa,2023,4,109,16,52.790000000000006,108.16,240.07999999999998,346.25,-0.20590593776035407,0.3509999999999991,24.37,equatorial
14.98,24.22,28.15,21.56,91.77,5.58,0.69,5.24,0.69,0.71,2023-04-20,Ebolowa,2023,4,110,16,54.01000000000001,110.1,238.92000000000002,351.65000000000003,-0.18094630136838255,0.6656666666666631,24.37,equatorial
17.42,24.06,27.52,22.27,93.83,6.49,0.83,4.55,0.69,0.72,2023-04-21,Ebolowa,2023,4,111,16,38.89,114.79999999999998,242.2,358.07,-0.15127846429931596,0.46899999999999764,24.37,equatorial
17.43,23.25,26.14,21.14,93.69,3.08,0.67,3.14,0.69,0.71,2023-04-22,Ebolowa,2023,4,112,16,40.23000000000001,93.91,240.0,361.11,-0.13721692148018255,-0.34800000000000253,24.22,equatorial
21.15,23.82,27.35,21.46,90.02,1.33,0.73,4.56,0.68,0.69,2023-04-23,Ebolowa,2023,4,113,16,36.32000000000001,88.82,232.42000000000002,362.4,-0.13123683730373734,0.20333333333333314,24.22,equatorial
17.69,24.32,28.19,20.69,88.17,1.43,0.64,5.21,0.68,0.69,2023-04-24,Ebolowa,2023,4,114,17,32.30000000000001,88.01999999999998,222.63,363.75,-0.12497971086688738,0.6709999999999994,24.32,equatorial
10.88,23.03,25.29,21.47,95.7,6.53,0.72,2.64,0.67,0.7,2023-04-25,Ebolowa,2023,4,115,17,31.58000000000001,78.30999999999999,195.84,370.17,-0.09530236180543171,-0.6426666666666634,24.32,equatorial
19.45,23.6,27.03,21.01,91.7,3.68,0.33,4.01,0.68,0.7,2023-04-26,Ebolowa,2023,4,116,17,28.120000000000008,80.91,197.12,373.25,-0.08105647577180883,-0.07966666666666455,24.32,equatorial
14.77,22.71,25.01,20.71,94.63,5.44,0.71,3.17,0.68,0.71,2023-04-27,Ebolowa,2023,4,117,17,27.980000000000004,81.99,196.63,377.94,-0.0593709750476405,-0.9393333333333338,24.32,equatorial
20.67,22.84,26.47,20.58,92.52,2.42,0.56,4.21,0.68,0.69,2023-04-28,Ebolowa,2023,4,118,17,23.910000000000007,62.8,190.27,379.26,-0.053260567036226,-0.8023333333333369,24.32,equatorial
5.05,22.47,25.16,20.79,93.35,2.28,0.7,3.15,0.68,0.69,2023-04-29,Ebolowa,2023,4,119,17,23.110000000000007,63.33999999999999,187.69,380.82,-0.04604078818882162,-1.1430000000000007,24.32,equatorial
20.79,22.66,26.7,19.69,89.56,3.04,0.69,5.63,0.67,0.69,2023-04-30,Ebolowa,2023,4,120,17,24.820000000000007,61.13999999999999,178.16,382.63,-0.037665221679995045,-0.9436666666666653,24.32,equatorial
20.32,22.82,26.5,19.99,91.95,9.01,0.67,5.14,0.67,0.7,2023-05-01,Ebolowa,2023,5,121,18,32.400000000000006,64.69999999999999,183.44,390.88,0.0004886318322794778,-0.7556666666666665,23.6,equatorial
11.9,22.6,25.61,20.61,94.72,12.81,0.57,3.87,0.7,0.75,2023-05-02,Ebolowa,2023,5,122,18,38.68000000000001,70.25999999999999,189.43,401.96,0.051730426402029274,-0.9516666666666644,23.6,equatorial
18.1,23.04,26.21,20.71,90.8,2.02,0.69,3.77,0.69,0.7,2023-05-03,Ebolowa,2023,5,123,18,37.02000000000001,65.14,178.28,402.14,0.052554496414982346,-0.5126666666666644,23.04,equatorial
10.09,22.81,26.27,20.31,87.74,1.45,0.78,4.98,0.69,0.7,2023-05-04,Ebolowa,2023,5,124,18,33.03000000000001,61.01,178.22,402.96,0.056339356210078725,-0.7260000000000026,23.04,equatorial
18.91,23.08,28.01,18.57,88.74,3.23,0.69,6.66,0.67,0.69,2023-05-05,Ebolowa,2023,5,125,18,33.84000000000001,57.74999999999999,177.98000000000002,404.64000000000004,0.06410342021613986,-0.41499999999999915,23.08,equatorial
10.6,23.17,26.57,21.0,93.7,2.94,0.66,3.7,0.67,0.69,2023-05-06,Ebolowa,2023,5,126,18,34.50000000000001,57.60999999999999,177.28,406.11,0.07089564248685407,-0.30733333333333235,23.17,equatorial
18.51,22.93,25.15,21.1,94.36,3.05,0.56,2.66,0.67,0.69,2023-05-07,Ebolowa,2023,5,127,18,34.510000000000005,59.32999999999999,178.54,408.30999999999995,0.08106664708911522,-0.5066666666666677,23.17,equatorial
18.77,24.07,27.85,20.27,87.16,2.65,0.54,5.65,0.67,0.68,2023-05-08,Ebolowa,2023,5,128,19,28.15000000000001,60.54999999999999,157.22,410.23,0.08994142371596806,0.6176666666666648,24.07,equatorial
17.91,24.1,28.36,21.27,90.77,1.09,0.69,4.96,0.67,0.68,2023-05-09,Ebolowa,2023,5,129,19,16.430000000000007,55.11,151.89000000000001,411.07,0.09381576492450468,0.6310000000000002,24.1,equatorial
18.23,23.96,27.57,21.49,91.3,1.6,0.71,4.19,0.66,0.67,2023-05-10,Ebolowa,2023,5,130,19,16.01000000000001,53.029999999999994,151.26,411.53000000000003,0.09593040762810934,0.4880000000000031,24.1,equatorial
20.04,24.38,28.43,21.03,88.51,0.66,0.65,6.04,0.65,0.67,2023-05-11,Ebolowa,2023,5,131,19,15.220000000000006,48.24999999999999,135.68,411.9,0.09762821061686443,0.8613333333333344,24.38,equatorial
17.19,24.33,27.71,21.55,91.08,0.66,0.54,3.42,0.65,0.66,2023-05-12,Ebolowa,2023,5,132,19,12.650000000000006,46.489999999999995,135.26,412.48,0.10029878342411841,0.796999999999997,24.38,equatorial
22.74,24.32,27.1,21.76,92.22,0.42,0.58,2.62,0.65,0.66,2023-05-13,Ebolowa,2023,5,133,19,10.130000000000006,44.629999999999995,131.32000000000002,412.82,0.10185742689195036,0.7799999999999976,24.38,equatorial
17.93,24.44,27.9,21.52,90.55,0.37,0.67,3.68,0.65,0.66,2023-05-14,Ebolowa,2023,5,134,19,7.450000000000007,41.959999999999994,110.08,413.05,0.10290635558780546,0.8706666666666649,24.44,equatorial
16.91,25.03,28.55,22.55,89.53,1.01,0.67,4.63,0.64,0.66,2023-05-15,Ebolowa,2023,5,135,20,5.810000000000008,33.959999999999994,109.35000000000001,413.99,0.10724578049686749,1.4386666666666663,25.03,equatorial
19.6,23.99,27.01,22.04,92.97,4.34,0.71,3.38,0.65,0.67,2023-05-16,Ebolowa,2023,5,136,20,9.060000000000008,25.489999999999995,108.45,418.32,0.12729865460963333,0.40199999999999747,25.03,equatorial
14.4,24.17,27.61,21.87,92.85,4.16,0.66,4.25,0.65,0.67,2023-05-17,Ebolowa,2023,5,137,20,11.620000000000008,27.629999999999995,107.16,422.48,0.14656318786577416,0.5693333333333328,25.03,equatorial
16.63,24.27,27.75,21.91,90.55,4.06,0.48,4.89,0.65,0.67,2023-05-18,Ebolowa,2023,5,138,20,15.020000000000007,30.239999999999995,103.97,426.54,0.16536376745461548,0.6576666666666675,25.03,equatorial
17.89,24.53,28.66,21.02,88.64,4.51,0.55,6.41,0.65,0.67,2023-05-19,Ebolowa,2023,5,139,20,18.870000000000005,31.519999999999992,101.34,431.05,0.18625083819003613,0.8960000000000008,25.03,equatorial
15.92,23.64,25.82,21.72,96.59,9.19,0.59,2.82,0.66,0.7,2023-05-20,Ebolowa,2023,5,140,20,27.640000000000008,37.769999999999996,104.94999999999999,440.24,0.2288438386198862,0.025333333333335872,25.03,equatorial
13.49,23.98,27.44,21.69,91.92,1.1,0.67,3.72,0.66,0.68,2023-05-21,Ebolowa,2023,5,141,20,28.370000000000008,35.81999999999999,99.56,441.22,0.23335058872155884,0.36799999999999855,25.03,equatorial
16.18,24.66,28.26,21.51,89.15,0.87,0.58,5.0,0.65,0.67,2023-05-22,Ebolowa,2023,5,142,21,28.230000000000004,34.03999999999999,97.35000000000001,441.91,0.23651172946012025,1.0010000000000012,24.66,equatorial
18.41,24.64,27.54,22.44,90.38,2.48,0.49,4.82,0.65,0.67,2023-05-23,Ebolowa,2023,5,143,21,26.370000000000005,35.42999999999999,98.5,444.17,0.2469579649914911,0.9536666666666704,24.66,equatorial
17.34,24.98,28.76,22.31,87.28,0.71,0.59,5.32,0.65,0.66,2023-05-24,Ebolowa,2023,5,144,21,22.920000000000005,34.53999999999999,97.78,444.67,0.24923572235130778,1.2716666666666683,24.98,equatorial
16.25,23.81,26.37,22.21,94.39,1.84,0.59,2.2,0.64,0.66,2023-05-25,Ebolowa,2023,5,145,21,20.700000000000006,35.72,93.09,446.35,0.25699056530076775,0.07566666666666322,24.98,equatorial
10.96,24.07,27.36,21.69,92.59,3.25,0.59,3.32,0.65,0.66,2023-05-26,Ebolowa,2023,5,146,21,19.440000000000005,38.30999999999999,92.66,447.8,0.26367734753196187,0.3200000000000003,24.98,equatorial
14.92,23.91,27.01,22.08,93.19,5.91,0.77,4.04,0.65,0.68,2023-05-27,Ebolowa,2023,5,147,21,16.160000000000007,43.79999999999999,93.13000000000001,452.19,0.28401439101817977,0.11999999999999744,24.98,equatorial
7.54,22.69,24.57,21.23,96.66,13.15,0.61,3.32,0.66,0.72,2023-05-28,Ebolowa,2023,5,148,21,28.210000000000008,56.57999999999999,103.86,463.79,0.33783126300448024,-1.0949999999999989,24.98,equatorial
18.8,23.69,27.59,20.84,90.48,2.45,0.53,5.04,0.67,0.69,2023-05-29,Ebolowa,2023,5,149,22,29.790000000000006,58.019999999999996,104.03,462.38,0.3312214885881888,-0.13566666666666904,24.98,equatorial
17.44,23.9,27.59,21.27,90.76,3.12,0.59,5.13,0.67,0.68,2023-05-30,Ebolowa,2023,5,150,22,30.430000000000007,56.79999999999999,104.11,464.13,0.3392904326306777,0.0329999999999977,24.98,equatorial
13.87,23.58,26.31,21.33,92.48,7.26,0.46,4.52,0.67,0.7,2023-05-31,Ebolowa,2023,5,151,22,36.980000000000004,59.89999999999999,102.36000000000001,467.63,0.35548867452406935,-0.3123333333333349,24.07,equatorial
19.37,23.86,27.87,20.76,89.22,2.56,0.64,5.62,0.67,0.68,2023-06-01,Ebolowa,2023,6,152,22,37.70000000000001,58.39999999999999,92.11,465.38,0.34496935965637704,-0.07433333333333181,24.07,equatorial
16.01,23.65,27.0,21.38,92.29,3.55,0.53,3.66,0.66,0.68,2023-06-02,Ebolowa,2023,6,153,22,38.00000000000001,57.44,93.64,463.23,0.3349155690107955,-0.304666666666666,23.91,equatorial
15.76,23.26,26.07,21.37,94.98,6.89,0.68,3.31,0.66,0.69,2023-06-03,Ebolowa,2023,6,154,22,38.980000000000004,55.14,99.08000000000001,463.33,0.33531980211781465,-0.7096666666666671,23.9,equatorial
15.71,23.39,26.44,21.17,94.18,8.31,0.64,4.21,0.67,0.7,2023-06-04,Ebolowa,2023,6,155,22,34.14000000000001,62.349999999999994,104.16,462.89,0.33321392816465717,-0.5900000000000034,23.9,equatorial
13.94,22.37,23.9,21.2,98.28,11.69,0.64,2.25,0.68,0.73,2023-06-05,Ebolowa,2023,6,156,23,43.38000000000001,73.16999999999999,112.91,469.44,0.3636047186747696,-1.5833333333333321,23.9,equatorial
13.25,22.18,24.32,20.41,96.21,6.27,0.68,2.5,0.7,0.72,2023-06-06,Ebolowa,2023,6,157,23,46.53,76.95999999999998,116.13000000000001,472.46000000000004,0.37757971676728386,-1.7483333333333348,23.86,equatorial
15.42,23.14,27.18,20.37,90.64,3.52,0.73,5.09,0.69,0.7,2023-06-07,Ebolowa,2023,6,158,23,42.790000000000006,79.77,117.0,471.23,0.3717898814864532,-0.7573333333333316,23.86,equatorial
14.84,22.72,26.74,20.23,91.28,5.53,1.01,5.86,0.68,0.7,2023-06-08,Ebolowa,2023,6,159,23,45.76000000000001,83.46,121.44,472.91999999999996,0.3795812496691978,-1.131333333333334,23.65,equatorial
10.12,21.99,24.93,19.75,91.98,2.55,0.64,3.32,0.68,0.69,2023-06-09,Ebolowa,2023,6,160,23,44.760000000000005,82.75999999999999,122.39,465.02,0.34276335736700325,-1.7956666666666692,23.39,equatorial
15.96,23.16,27.56,19.75,88.68,1.36,0.59,5.62,0.67,0.68,2023-06-10,Ebolowa,2023,6,161,23,39.230000000000004,78.21,123.09,465.67,0.34572522547632484,-0.5850000000000009,23.39,equatorial
14.29,23.23,27.12,20.42,90.97,3.14,0.57,4.92,0.67,0.68,2023-06-11,Ebolowa,2023,6,162,23,34.06000000000001,68.19999999999999,125.57,467.57,0.35450304675468,-0.4783333333333317,23.23,equatorial
14.54,23.02,26.09,20.97,90.71,1.11,0.79,3.69,0.66,0.67,2023-06-12,Ebolowa,2023,6,163,24,23.480000000000008,66.86,126.25999999999999,467.07,0.35211159260120567,-0.6450000000000031,23.23,equatorial
18.36,22.92,26.43,20.84,89.89,1.2,0.85,3.99,0.66,0.67,2023-06-13,Ebolowa,2023,6,164,24,18.41000000000001,64.94,127.09,466.71999999999997,0.35041849644471273,-0.6943333333333328,23.23,equatorial
15.56,23.18,27.07,20.23,89.28,2.19,0.72,4.74,0.65,0.67,2023-06-14,Ebolowa,2023,6,165,24,17.08000000000001,59.86999999999999,128.27,465.25,0.34351205792193884,-0.37266666666666737,23.23,equatorial
15.7,22.13,24.79,20.19,92.44,1.58,0.68,2.87,0.65,0.67,2023-06-15,Ebolowa,2023,6,166,24,13.130000000000006,58.88999999999999,125.50999999999999,466.13,0.34754679972159425,-1.360666666666667,23.23,equatorial
15.26,22.91,27.29,19.39,86.92,0.6,0.62,5.87,0.65,0.66,2023-06-16,Ebolowa,2023,6,167,24,11.180000000000007,55.93999999999999,121.95,463.85,0.33686750865750276,-0.5386666666666642,23.23,equatorial
12.82,23.5,27.74,20.2,89.63,3.86,0.73,5.76,0.64,0.66,2023-06-17,Ebolowa,2023,6,168,24,13.680000000000007,52.91,121.75,460.11,0.31938986458167024,0.07700000000000173,23.5,equatorial
15.41,22.48,24.03,20.78,97.59,13.95,0.51,2.12,0.66,0.72,2023-06-18,Ebolowa,2023,6,169,24,24.490000000000006,58.55,131.19,472.61,0.3775527819492764,-0.8746666666666663,23.5,equatorial
15.45,22.29,24.07,21.01,95.48,3.82,0.56,2.53,0.67,0.69,2023-06-19,Ebolowa,2023,6,170,25,27.200000000000006,50.67999999999999,125.82000000000001,469.69,0.3638811004166744,-1.0196666666666658,23.5,equatorial
15.74,22.75,26.21,20.54,93.18,4.75,0.65,4.14,0.67,0.69,2023-06-20,Ebolowa,2023,6,171,25,30.750000000000007,49.16,129.47,471.23,0.37098914300791236,-0.5186666666666646,23.5,equatorial
13.51,22.3,25.32,20.37,91.31,2.1,0.69,3.53,0.67,0.68,2023-06-21,Ebolowa,2023,6,172,25,30.660000000000007,47.73999999999999,130.7,468.05,0.3561036955009024,-0.8900000000000006,23.5,equatorial
14.62,22.39,26.07,20.05,88.81,2.24,0.9,5.04,0.66,0.68,2023-06-22,Ebolowa,2023,6,173,25,31.320000000000007,44.449999999999996,130.46,461.38000000000005,0.3249552884286446,-0.7250000000000014,23.5,equatorial
13.76,22.62,27.07,18.99,87.7,0.79,0.65,5.31,0.66,0.66,2023-06-23,Ebolowa,2023,6,174,25,31.510000000000005,42.68999999999999,130.54,450.95,0.2762836653862206,-0.4163333333333341,23.5,equatorial
17.43,22.52,26.75,19.27,87.05,0.62,0.73,5.02,0.65,0.66,2023-06-24,Ebolowa,2023,6,175,25,28.270000000000007,41.949999999999996,129.32,418.25,0.12379654939973947,-0.4733333333333327,22.75,equatorial
13.79,22.17,25.99,19.39,87.72,1.66,0.84,4.66,0.64,0.65,2023-06-25,Ebolowa,2023,6,176,25,15.980000000000008,40.46999999999999,127.72999999999999,417.51,0.12032598123911586,-0.759999999999998,22.75,equatorial
12.68,22.35,26.25,19.86,91.02,2.96,0.68,4.33,0.64,0.66,2023-06-26,Ebolowa,2023,6,177,26,15.120000000000008,42.31999999999999,124.78,414.54,0.10645630078620537,-0.5279999999999987,22.75,equatorial
12.26,22.95,27.08,19.63,89.11,2.43,0.6,5.09,0.64,0.66,2023-06-27,Ebolowa,2023,6,178,26,12.800000000000008,43.54999999999999,114.06,408.19,0.07682221681809398,0.06333333333333258,22.95,equatorial
10.28,21.77,23.62,20.54,95.84,4.57,0.69,2.68,0.64,0.67,2023-06-28,Ebolowa,2023,6,179,26,15.270000000000008,45.92999999999999,116.18,407.9,0.0754569664462596,-1.052666666666667,22.95,equatorial
18.14,23.14,27.37,19.82,88.66,1.52,0.82,5.45,0.64,0.66,2023-06-29,Ebolowa,2023,6,180,26,14.550000000000008,45.87,114.58,396.84999999999997,0.023890288821968777,0.3426666666666698,23.14,equatorial
10.48,22.81,26.72,20.4,91.7,5.1,0.62,4.11,0.64,0.67,2023-06-30,Ebolowa,2023,6,181,26,18.860000000000007,50.36999999999999,112.41999999999999,398.22,0.030279293167777728,0.038333333333330444,23.14,equatorial
15.14,23.41,27.62,20.42,88.86,3.62,0.54,5.65,0.65,0.67,2023-07-01,Ebolowa,2023,7,182,26,21.860000000000007,50.129999999999995,113.48,395.02,0.015339788529323507,0.6533333333333324,23.41,equatorial
16.0,23.61,27.62,20.38,88.93,4.49,0.62,5.87,0.64,0.66,2023-07-02,Ebolowa,2023,7,183,26,24.69000000000001,40.66999999999999,114.41999999999999,386.34000000000003,-0.025179386034534405,0.8546666666666631,23.61,equatorial
17.05,23.71,28.11,20.48,88.5,2.79,0.67,6.0,0.64,0.66,2023-07-03,Ebolowa,2023,7,184,27,24.52000000000001,39.64,110.32000000000001,387.62,-0.019199556140290425,0.9396666666666711,23.71,equatorial
13.69,23.51,27.91,20.1,88.74,3.74,0.7,5.81,0.64,0.66,2023-07-04,Ebolowa,2023,7,185,27,25.83000000000001,38.629999999999995,105.75,387.89,-0.017935747878909933,0.7356666666666669,23.71,equatorial
12.78,22.01,24.93,20.16,93.69,3.71,0.6,3.38,0.64,0.66,2023-07-05,Ebolowa,2023,7,186,27,24.970000000000006,40.239999999999995,97.77000000000001,387.96000000000004,-0.01760595674543808,-0.7523333333333326,23.71,equatorial
16.08,23.29,27.73,19.79,86.44,0.63,0.62,5.3,0.64,0.65,2023-07-06,Ebolowa,2023,7,187,27,24.080000000000005,38.629999999999995,92.13,386.8,-0.0230212877523127,0.4906666666666659,23.71,equatorial
13.21,23.81,28.25,20.35,88.8,3.22,0.63,5.28,0.63,0.65,2023-07-07,Ebolowa,2023,7,188,27,22.200000000000006,41.059999999999995,91.83,366.05,-0.11995264155583316,0.9883333333333333,23.81,equatorial
9.12,23.09,26.4,21.05,88.99,3.39,0.51,4.46,0.63,0.66,2023-07-08,Ebolowa,2023,7,189,27,21.970000000000006,43.82999999999999,89.69,363.02,-0.13409011884844507,0.2560000000000002,23.81,equatorial
13.93,22.82,27.08,20.11,87.46,1.07,0.69,4.65,0.63,0.64,2023-07-09,Ebolowa,2023,7,190,27,18.550000000000008,43.239999999999995,88.21000000000001,361.86,-0.13948889470234987,-0.04166666666666785,23.81,equatorial
12.92,23.21,27.62,19.66,86.31,0.48,0.71,5.11,0.62,0.63,2023-07-10,Ebolowa,2023,7,191,28,16.24000000000001,40.75999999999999,87.33,346.09999999999997,-0.21312399809033467,0.34666666666666757,23.81,equatorial
15.13,23.93,28.53,20.05,85.02,1.02,0.56,5.62,0.62,0.63,2023-07-11,Ebolowa,2023,7,192,28,13.520000000000007,39.349999999999994,85.21000000000001,346.04,-0.21336869623374524,1.043333333333333,23.93,equatorial
14.71,23.79,27.6,21.18,87.83,0.62,0.54,3.93,0.61,0.62,2023-07-12,Ebolowa,2023,7,193,28,10.430000000000007,35.39999999999999,84.72,342.29999999999995,-0.23081784975771394,0.8776666666666664,23.93,equatorial
15.28,23.24,26.47,20.96,90.49,0.5,0.62,2.7,0.61,0.63,2023-07-13,Ebolowa,2023,7,194,28,10.300000000000008,34.37999999999999,84.02,321.19,-0.32948424399337317,0.3169999999999966,23.93,equatorial
14.8,23.41,27.52,20.37,85.54,0.2,0.81,4.81,0.61,0.62,2023-07-14,Ebolowa,2023,7,195,28,7.2800000000000065,29.479999999999997,82.03,319.65000000000003,-0.33662726470315396,0.4793333333333365,23.93,equatorial
16.38,23.59,28.59,19.02,83.65,0.26,0.78,5.68,0.6,0.61,2023-07-15,Ebolowa,2023,7,196,28,4.1500000000000075,26.119999999999994,80.71000000000001,314.67,-0.35985866623270524,0.6106666666666669,23.93,equatorial
15.68,23.94,28.31,20.47,86.08,0.45,0.73,4.6,0.6,0.61,2023-07-16,Ebolowa,2023,7,197,28,3.530000000000007,22.07999999999999,80.56,309.67,-0.3831816274664561,0.9263333333333321,23.94,equatorial
10.01,24.42,29.36,19.92,84.88,0.25,0.71,5.32,0.6,0.6,2023-07-17,Ebolowa,2023,7,198,29,3.300000000000007,19.539999999999992,76.95,302.67,-0.4158587094963233,1.3756666666666675,24.42,equatorial
15.48,24.12,28.01,21.13,86.65,0.29,0.51,3.41,0.59,0.6,2023-07-18,Ebolowa,2023,7,199,29,2.5700000000000074,16.089999999999993,63.29,295.82,-0.4478301778137738,1.0210000000000008,24.42,equatorial
14.36,23.75,28.23,20.92,86.5,2.54,0.77,4.6,0.59,0.6,2023-07-19,Ebolowa,2023,7,200,29,4.490000000000007,14.919999999999993,62.01,292.78,-0.4619692434574566,0.6023333333333305,24.42,equatorial
13.28,23.06,27.4,20.19,89.51,12.41,0.9,4.58,0.61,0.68,2023-07-20,Ebolowa,2023,7,201,29,16.400000000000006,26.699999999999996,69.67,298.7,-0.4341743183322868,-0.09800000000000253,24.42,equatorial
12.04,22.77,26.16,20.35,89.17,1.43,0.63,3.2,0.61,0.63,2023-07-21,Ebolowa,2023,7,202,29,17.63000000000001,24.909999999999997,69.00000000000001,297.05,-0.4418146685602527,-0.4036666666666697,24.42,equatorial
12.79,22.92,26.8,20.1,90.57,14.37,0.61,4.83,0.62,0.67,2023-07-22,Ebolowa,2023,7,203,29,31.740000000000006,35.88999999999999,81.13,310.09000000000003,-0.38068716038530087,-0.271333333333331,24.42,equatorial
11.19,22.84,26.43,19.94,91.29,6.78,0.61,4.22,0.64,0.68,2023-07-23,Ebolowa,2023,7,204,29,38.07000000000001,41.599999999999994,87.12,315.44,-0.3555691251855911,-0.358666666666668,24.42,equatorial
10.59,23.05,27.76,20.03,88.45,2.07,0.86,5.3,0.64,0.65,2023-07-24,Ebolowa,2023,7,205,30,39.89000000000001,43.18999999999999,88.57000000000001,310.97999999999996,-0.3763894465461657,-0.1663333333333341,24.12,equatorial
11.52,22.98,27.24,20.12,87.89,1.01,0.75,4.34,0.63,0.64,2023-07-25,Ebolowa,2023,7,206,30,40.61000000000001,43.17999999999999,87.92,308.31,-0.38882493037683835,-0.2633333333333354,23.75,equatorial
11.79,23.65,27.85,20.5,89.14,1.45,0.68,4.44,0.63,0.64,2023-07-26,Ebolowa,2023,7,207,30,39.52000000000001,44.01,86.41,304.32000000000005,-0.40744183700493875,0.36333333333332973,23.65,equatorial
15.72,23.31,26.61,20.98,90.93,2.91,0.77,4.0,0.62,0.64,2023-07-27,Ebolowa,2023,7,208,30,30.020000000000003,46.419999999999995,86.89,304.81,-0.4050705918028721,0.01133333333332942,23.65,equatorial
15.68,23.29,27.65,20.74,89.31,1.52,0.89,4.41,0.62,0.63,2023-07-28,Ebolowa,2023,7,209,30,30.110000000000007,47.739999999999995,83.84,304.04999999999995,-0.4085559426979928,-0.05933333333333479,23.65,equatorial
12.89,22.92,27.03,20.11,89.34,2.74,0.8,4.42,0.62,0.64,2023-07-29,Ebolowa,2023,7,210,30,18.480000000000008,50.22,85.06,303.75,-0.40988554807787453,-0.42199999999999704,23.65,equatorial
16.43,22.95,26.69,20.41,88.61,0.34,0.84,3.58,0.62,0.62,2023-07-30,Ebolowa,2023,7,211,30,12.040000000000006,50.10999999999999,80.30000000000001,295.08000000000004,-0.4504389674521632,-0.3966666666666683,23.65,equatorial
13.02,23.67,28.12,20.47,86.14,0.44,0.83,4.44,0.61,0.62,2023-07-31,Ebolowa,2023,7,212,31,10.410000000000007,50.29999999999999,77.12,282.71000000000004,-0.5083276182395905,0.3146666666666711,23.67,equatorial
13.57,22.85,27.04,20.17,85.75,0.36,1.01,3.98,0.61,0.61,2023-08-01,Ebolowa,2023,8,213,31,9.760000000000009,50.36999999999999,72.99000000000001,281.05,-0.5160064176965653,-0.4799999999999969,23.67,equatorial
11.97,23.0,27.61,19.57,84.51,0.39,0.88,4.88,0.6,0.6,2023-08-02,Ebolowa,2023,8,214,31,8.700000000000006,48.21999999999999,70.59,279.99,-0.5208712900979022,-0.3063333333333347,23.67,equatorial
13.73,22.27,26.3,19.82,85.3,0.4,0.88,3.77,0.6,0.6,2023-08-03,Ebolowa,2023,8,215,31,6.190000000000007,36.209999999999994,67.25,277.15999999999997,-0.5340336245061622,-0.9949999999999974,23.67,equatorial
12.27,23.39,28.34,19.39,85.69,1.45,0.58,5.13,0.59,0.6,2023-08-04,Ebolowa,2023,8,216,31,6.120000000000007,36.22999999999999,64.99,275.66999999999996,-0.5409105975784425,0.07900000000000418,23.67,equatorial
10.65,22.91,26.39,20.85,90.01,2.0,0.73,3.4,0.59,0.61,2023-08-05,Ebolowa,2023,8,217,31,5.380000000000007,23.859999999999992,66.36,274.62,-0.5457230292439187,-0.3883333333333354,23.67,equatorial
9.97,21.94,25.11,20.26,91.35,4.34,0.87,3.24,0.59,0.61,2023-08-06,Ebolowa,2023,8,218,31,9.380000000000006,21.41999999999999,67.48,276.31,-0.5376844310481647,-1.2959999999999994,23.67,equatorial
10.06,21.86,25.32,19.35,91.16,4.65,0.94,3.64,0.6,0.64,2023-08-07,Ebolowa,2023,8,219,32,13.590000000000007,23.999999999999993,68.74000000000001,279.87,-0.5208762655188401,-1.3350000000000009,23.39,equatorial
10.05,22.66,26.68,19.89,88.23,0.9,0.76,3.98,0.6,0.61,2023-08-08,Ebolowa,2023,8,220,32,14.130000000000006,23.889999999999993,68.57,279.17,-0.5240545822920013,-0.5296666666666638,23.39,equatorial
11.79,22.17,25.2,20.25,92.34,3.96,0.68,2.86,0.6,0.62,2023-08-09,Ebolowa,2023,8,221,32,17.700000000000006,26.399999999999995,72.05000000000001,282.47,-0.5084663063485865,-0.985000000000003,23.39,equatorial
14.62,23.13,27.64,19.91,90.78,20.83,0.58,5.83,0.63,0.72,2023-08-10,Ebolowa,2023,8,222,32,38.13,44.31999999999999,91.85999999999999,302.64,-0.41372293549791356,0.0016666666666651508,23.39,equatorial
11.3,23.47,27.37,20.39,90.59,2.99,0.6,4.72,0.64,0.65,2023-08-11,Ebolowa,2023,8,223,32,39.67000000000001,45.78999999999999,94.23,305.21,-0.4015851070180778,0.35233333333333405,23.47,equatorial
17.5,22.92,25.6,20.99,91.9,2.52,0.67,3.08,0.63,0.64,2023-08-12,Ebolowa,2023,8,224,32,40.190000000000005,45.56999999999999,96.25,307.35999999999996,-0.39141983077043285,-0.18700000000000117,23.47,equatorial
12.07,22.35,25.71,20.26,92.9,7.32,0.61,3.95,0.64,0.68,2023-08-13,Ebolowa,2023,8,225,32,43.17,52.54999999999999,103.37,313.67,-0.3617275024834361,-0.7216666666666676,23.47,equatorial
11.54,23.12,27.38,20.06,88.67,1.07,0.58,4.57,0.64,0.64,2023-08-14,Ebolowa,2023,8,226,33,39.59,53.17999999999999,104.17999999999999,310.40000000000003,-0.37701485505783827,0.06400000000000006,23.47,equatorial
14.29,23.67,27.58,20.24,88.54,2.2,0.61,4.6,0.63,0.64,2023-08-15,Ebolowa,2023,8,227,33,40.89000000000001,55.019999999999996,105.92999999999999,308.44,-0.38614970849643465,0.6230000000000011,23.67,equatorial
14.65,24.02,28.18,20.91,88.69,3.13,0.75,5.34,0.62,0.64,2023-08-16,Ebolowa,2023,8,228,33,40.06,57.75999999999999,108.80999999999999,307.51,-0.3904466986973637,0.9863333333333344,24.02,equatorial
14.5,24.34,29.11,20.74,87.64,1.77,0.61,5.9,0.62,0.63,2023-08-17,Ebolowa,2023,8,229,33,21.000000000000007,59.12999999999999,110.29,304.77,-0.4032444256568745,1.2989999999999995,24.34,equatorial
9.64,23.27,27.01,20.93,90.89,2.99,0.69,3.62,0.61,0.63,2023-08-18,Ebolowa,2023,8,230,33,21.000000000000007,60.669999999999995,110.74,298.57,-0.43229360227073194,0.245000000000001,24.34,equatorial
10.44,22.61,25.73,20.38,92.08,2.28,0.66,3.32,0.61,0.63,2023-08-19,Ebolowa,2023,8,231,33,20.760000000000005,60.949999999999996,100.61,299.75,-0.4266686982020857,-0.40000000000000213,24.34,equatorial
14.93,23.87,28.47,20.38,86.55,0.95,0.62,5.45,0.61,0.62,2023-08-20,Ebolowa,2023,8,232,33,14.390000000000008,57.55999999999999,100.13,299.83,-0.42621287658008145,0.8233333333333341,24.34,equatorial
14.36,23.79,27.54,20.84,88.92,1.8,0.65,4.54,0.6,0.62,2023-08-21,Ebolowa,2023,8,233,34,15.120000000000008,54.709999999999994,87.56,299.15000000000003,-0.42932849857849514,0.7143333333333324,24.34,equatorial
18.03,24.13,28.43,21.08,88.1,1.97,0.57,4.65,0.6,0.61,2023-08-22,Ebolowa,2023,8,234,34,14.890000000000008,55.779999999999994,82.75,300.40999999999997,-0.4233262574493862,1.011333333333333,24.34,equatorial
13.62,23.41,27.37,20.96,90.39,2.73,0.62,4.16,0.6,0.62,2023-08-23,Ebolowa,2023,8,235,34,14.490000000000007,54.54999999999999,83.41,301.3,-0.41906386959191655,0.27933333333333366,24.34,equatorial
13.42,23.65,27.99,20.68,86.98,0.73,0.73,4.88,0.6,0.6,2023-08-24,Ebolowa,2023,8,236,34,13.450000000000008,34.449999999999996,83.13,298.78,-0.43083238062065804,0.49699999999999633,24.13,equatorial
16.02,23.94,28.52,20.21,86.72,1.88,0.71,5.25,0.59,0.6,2023-08-25,Ebolowa,2023,8,237,34,12.340000000000007,33.33999999999999,83.56,294.75,-0.44969886770743184,0.7773333333333348,24.13,equatorial
20.01,23.74,27.58,20.93,89.06,3.16,0.58,4.15,0.59,0.61,2023-08-26,Ebolowa,2023,8,238,34,13.220000000000006,33.97999999999999,83.81,284.76,-0.4965872717028865,0.5629999999999988,24.13,equatorial
17.15,23.03,26.42,20.95,91.31,8.64,0.57,4.31,0.59,0.63,2023-08-27,Ebolowa,2023,8,239,34,20.910000000000007,35.29999999999999,90.92999999999999,290.95,-0.4673800399259891,-0.13833333333333186,24.13,equatorial
16.18,23.03,26.66,20.53,90.54,5.71,0.67,4.4,0.61,0.65,2023-08-28,Ebolowa,2023,8,240,35,24.820000000000007,39.93999999999999,93.89999999999999,293.54,-0.4551085523395654,-0.142000000000003,24.13,equatorial
11.95,22.73,26.22,20.55,92.07,4.89,0.51,3.77,0.61,0.63,2023-08-29,Ebolowa,2023,8,241,35,27.74000000000001,42.629999999999995,98.44999999999999,291.17,-0.466169861620934,-0.434666666666665,23.94,equatorial
20.24,23.05,27.12,20.69,90.67,3.79,0.81,4.99,0.61,0.63,2023-08-30,Ebolowa,2023,8,242,35,28.800000000000008,43.28999999999999,101.8,292.40000000000003,-0.46029374820644825,-0.0940000000000012,23.94,equatorial
17.78,23.35,27.88,20.12,87.56,2.61,0.74,5.97,0.6,0.62,2023-08-31,Ebolowa,2023,8,243,35,30.680000000000007,44.12999999999999,104.05,291.46,-0.4646283608355024,0.1893333333333338,23.94,equatorial
16.44,23.31,27.52,20.26,89.49,4.86,0.81,5.6,0.6,0.63,2023-09-01,Ebolowa,2023,9,244,35,33.66000000000001,45.99999999999999,108.52,289.43,-0.47409150583746046,0.13899999999999935,23.74,equatorial
14.12,23.15,27.26,20.5,89.15,4.32,0.86,5.51,0.6,0.63,2023-09-02,Ebolowa,2023,9,245,35,34.82000000000001,48.03999999999999,112.44,285.44,-0.4927773362464533,-0.05033333333333445,23.35,equatorial
9.89,22.2,25.06,20.51,93.12,2.02,0.8,2.41,0.6,0.62,2023-09-03,Ebolowa,2023,9,246,35,28.200000000000006,49.10999999999999,113.01,275.77000000000004,-0.5381937898065536,-0.9606666666666683,23.35,equatorial
13.05,22.15,25.13,20.25,90.59,3.19,1.04,4.29,0.6,0.62,2023-09-04,Ebolowa,2023,9,247,36,25.680000000000007,50.49999999999999,114.2,272.69,-0.5525821225249292,-0.9853333333333332,23.35,equatorial
16.17,22.0,26.31,19.04,88.41,1.49,0.66,4.01,0.6,0.61,2023-09-05,Ebolowa,2023,9,248,36,22.280000000000005,50.019999999999996,111.35,270.65999999999997,-0.5620247440360429,-1.1373333333333342,23.35,equatorial
15.3,23.59,28.65,19.3,85.98,0.9,0.72,5.87,0.59,0.6,2023-09-06,Ebolowa,2023,9,249,36,19.390000000000008,48.18999999999999,107.6,266.03000000000003,-0.5837063904481893,0.3949999999999996,23.59,equatorial
18.57,24.35,29.39,20.5,86.4,1.91,0.59,6.0,0.59,0.6,2023-09-07,Ebolowa,2023,9,250,36,18.690000000000005,49.36999999999999,108.61,265.39,-0.5865964928769675,1.0986666666666665,24.35,equatorial
15.34,22.51,24.9,20.87,95.16,6.88,0.74,2.88,0.59,0.63,2023-09-08,Ebolowa,2023,9,251,36,20.710000000000008,54.36999999999999,111.52999999999999,270.90999999999997,-0.5604784853871133,-0.7526666666666664,24.35,equatorial
13.77,22.93,27.0,20.54,90.42,6.67,0.85,5.5,0.59,0.63,2023-09-09,Ebolowa,2023,9,252,36,23.060000000000006,57.879999999999995,97.36999999999999,274.44,-0.5437376503150727,-0.32599999999999696,24.35,equatorial
16.5,23.1,27.55,20.0,87.58,1.78,0.9,5.86,0.6,0.61,2023-09-10,Ebolowa,2023,9,253,36,22.820000000000007,51.019999999999996,96.16,275.11,-0.540470937278317,-0.14366666666666816,24.35,equatorial
15.35,23.2,27.51,20.23,86.52,2.74,0.99,5.97,0.59,0.6,2023-09-11,Ebolowa,2023,9,254,37,22.370000000000005,48.05,96.38,276.65,-0.5331065843269551,-0.053000000000000824,24.35,equatorial
17.27,23.0,27.12,20.34,90.51,5.63,0.85,4.98,0.59,0.62,2023-09-12,Ebolowa,2023,9,255,37,26.51000000000001,48.78999999999999,94.69,280.09000000000003,-0.5167922319413495,-0.2746666666666684,24.35,equatorial
16.32,23.51,28.29,20.01,88.14,2.74,0.77,5.56,0.59,0.61,2023-09-13,Ebolowa,2023,9,256,37,28.350000000000005,47.739999999999995,96.36,281.25,-0.5112235410954407,0.22233333333333505,24.35,equatorial
14.54,23.75,28.41,20.58,86.87,1.4,0.97,5.41,0.58,0.6,2023-09-14,Ebolowa,2023,9,257,37,27.840000000000007,46.529999999999994,95.56,282.05,-0.5073522524322162,0.4596666666666671,23.75,equatorial
17.74,23.72,27.78,21.06,87.63,3.15,0.86,5.05,0.58,0.59,2023-09-15,Ebolowa,2023,9,258,37,24.110000000000007,44.81999999999999,95.58,281.34,-0.5105981277980634,0.43966666666666754,23.75,equatorial
16.12,23.08,27.14,20.56,90.3,8.13,0.81,4.94,0.59,0.63,2023-09-16,Ebolowa,2023,9,259,37,25.570000000000007,48.629999999999995,101.94,275.52,-0.5379290758377792,-0.158333333333335,23.75,equatorial
17.12,22.79,26.31,20.65,90.81,6.65,0.84,4.86,0.59,0.62,2023-09-17,Ebolowa,2023,9,260,37,30.44000000000001,53.25999999999999,105.6,278.35,-0.5244796787399858,-0.43233333333333235,23.75,equatorial
15.41,21.89,25.44,19.13,89.39,2.53,0.54,4.09,0.59,0.61,2023-09-18,Ebolowa,2023,9,261,38,30.23000000000001,52.599999999999994,105.85,276.13,-0.5348407768592977,-1.30833333333333,23.75,equatorial
19.32,22.89,27.58,19.52,86.89,0.91,0.74,5.48,0.59,0.6,2023-09-19,Ebolowa,2023,9,262,38,25.51000000000001,52.019999999999996,105.81,274.94,-0.5403436115528438,-0.27566666666666606,23.75,equatorial
17.52,22.5,25.98,20.12,91.37,2.78,0.59,2.97,0.58,0.61,2023-09-20,Ebolowa,2023,9,263,38,25.550000000000008,53.89999999999999,106.78999999999999,275.47999999999996,-0.5376876630850174,-0.6226666666666674,23.75,equatorial
16.78,23.3,27.7,20.35,89.2,2.63,0.54,3.45,0.58,0.6,2023-09-21,Ebolowa,2023,9,264,38,26.78000000000001,54.62,107.45,277.32,-0.5289013769663778,0.2049999999999983,23.72,equatorial
16.2,22.75,24.95,21.34,95.25,9.33,0.5,3.09,0.59,0.65,2023-09-22,Ebolowa,2023,9,265,38,32.96000000000001,57.06999999999999,114.05,286.03000000000003,-0.4877132913429509,-0.3230000000000004,23.3,equatorial
17.66,23.23,26.89,20.56,89.6,2.97,0.58,4.42,0.6,0.62,2023-09-23,Ebolowa,2023,9,266,38,27.800000000000004,53.36999999999999,116.29,287.34,-0.48143901692114865,0.17099999999999937,23.3,equatorial
18.61,22.87,26.59,20.94,92.62,3.0,0.54,3.55,0.6,0.62,2023-09-24,Ebolowa,2023,9,267,38,24.150000000000006,54.58999999999999,117.41,287.38,-0.481157339309814,-0.15333333333333243,23.3,equatorial
19.97,22.86,26.36,20.38,91.11,2.33,0.6,3.28,0.6,0.62,2023-09-25,Ebolowa,2023,9,268,39,23.950000000000006,54.18,116.58,287.28,-0.48153631888439574,-0.1340000000000039,23.3,equatorial
18.54,23.87,28.48,20.52,87.48,1.38,0.54,5.3,0.59,0.6,2023-09-26,Ebolowa,2023,9,269,39,24.420000000000005,49.92999999999999,109.32,284.09,-0.4964968440194126,0.847999999999999,23.87,equatorial
16.87,23.33,26.34,21.27,92.05,1.71,0.52,2.57,0.59,0.6,2023-09-27,Ebolowa,2023,9,270,39,23.35000000000001,48.89999999999999,105.32000000000001,284.28000000000003,-0.49550321283974147,0.2980000000000018,23.87,equatorial
18.2,23.53,26.14,21.15,94.0,3.97,0.58,2.64,0.59,0.61,2023-09-28,Ebolowa,2023,9,271,39,24.690000000000005,51.46999999999999,104.4,283.15,-0.5007402410770664,0.4713333333333338,23.87,equatorial
20.54,22.88,24.74,21.07,94.98,1.79,0.63,1.81,0.59,0.61,2023-09-29,Ebolowa,2023,9,272,39,17.150000000000006,50.11,102.4,281.32,-0.5092808900951186,-0.17300000000000182,23.87,equatorial
19.7,24.07,28.47,20.45,88.02,1.34,0.69,5.29,0.59,0.6,2023-09-30,Ebolowa,2023,9,273,39,15.520000000000007,43.31999999999999,101.13,278.16999999999996,-0.5240520291872376,0.9930000000000021,24.07,equatorial
15.51,24.1,28.04,21.46,88.82,2.52,0.59,4.48,0.59,0.6,2023-10-01,Ebolowa,2023,10,274,39,15.040000000000006,39.19,98.79,277.90000000000003,-0.5252223843611298,0.9966666666666661,24.1,equatorial
18.11,24.11,27.69,21.15,90.81,8.68,0.57,4.72,0.58,0.62,2023-10-02,Ebolowa,2023,10,275,40,21.390000000000008,45.33999999999999,103.15,282.84000000000003,-0.501789988233612,0.9746666666666641,24.11,equatorial
16.68,23.29,26.33,21.46,91.92,10.27,0.64,4.41,0.61,0.65,2023-10-03,Ebolowa,2023,10,276,40,30.28000000000001,54.69999999999999,111.39999999999999,289.4,-0.47071021632653737,0.11833333333333229,24.11,equatorial
16.58,24.23,28.95,20.71,86.43,2.67,0.47,6.36,0.6,0.61,2023-10-04,Ebolowa,2023,10,277,40,31.240000000000006,54.589999999999996,110.88,291.44,-0.4609845813531899,0.9890000000000008,24.23,equatorial
17.59,24.58,29.11,21.79,86.89,3.34,0.4,5.76,0.6,0.61,2023-10-05,Ebolowa,2023,10,278,40,30.610000000000007,55.29999999999999,112.73,291.56,-0.4603303795606053,1.2529999999999966,24.58,equatorial
19.05,23.56,26.57,21.57,90.81,5.18,0.54,4.14,0.59,0.63,2023-10-06,Ebolowa,2023,10,279,40,34.00000000000001,51.14999999999999,117.00999999999999,293.35,-0.4517862109404691,0.2339999999999982,24.58,equatorial
18.15,24.27,29.08,20.46,86.57,2.89,0.54,5.64,0.59,0.6,2023-10-07,Ebolowa,2023,10,280,40,35.550000000000004,51.06999999999999,117.99,295.16999999999996,-0.44310139627747774,0.946666666666669,24.58,equatorial
12.68,22.7,25.53,20.76,91.41,7.75,0.59,3.85,0.59,0.64,2023-10-08,Ebolowa,2023,10,281,40,40.78000000000001,55.81999999999999,118.86,302.44,-0.4086617647056721,-0.6296666666666653,24.58,equatorial
17.18,23.15,27.66,19.84,89.37,7.19,0.6,5.31,0.6,0.63,2023-10-09,Ebolowa,2023,10,282,41,39.290000000000006,60.67999999999999,119.38000000000001,308.60999999999996,-0.37942473569798335,-0.18700000000000117,24.58,equatorial
16.63,23.09,26.84,20.81,91.17,5.02,0.48,4.34,0.6,0.64,2023-10-10,Ebolowa,2023,10,283,41,34.040000000000006,64.32,122.62,313.01000000000005,-0.3585573857770666,-0.24666666666666615,24.58,equatorial
17.62,23.03,27.13,20.22,89.02,3.56,0.8,4.71,0.6,0.63,2023-10-11,Ebolowa,2023,10,284,41,34.93000000000001,66.16999999999999,123.44,316.07000000000005,-0.34402702386629164,-0.3009999999999984,24.58,equatorial
19.14,23.59,28.07,20.26,88.54,3.62,0.62,5.04,0.6,0.61,2023-10-12,Ebolowa,2023,10,285,41,35.21000000000001,65.82,121.42999999999999,319.48999999999995,-0.3277954487880198,0.2393333333333345,24.27,equatorial
17.37,24.1,28.26,21.09,90.13,6.73,0.6,4.97,0.6,0.63,2023-10-13,Ebolowa,2023,10,286,41,36.760000000000005,70.75999999999999,125.42,325.96,-0.29714075754774627,0.7296666666666702,24.27,equatorial
14.39,23.34,26.4,21.53,94.08,7.16,0.47,3.58,0.6,0.65,2023-10-14,Ebolowa,2023,10,287,41,41.03000000000001,76.57999999999998,131.18,332.67,-0.26535245550489783,-0.01666666666666572,24.1,equatorial
14.06,23.08,26.35,21.02,90.96,5.49,0.57,4.4,0.61,0.64,2023-10-15,Ebolowa,2023,10,288,41,38.77000000000001,79.54999999999998,133.51999999999998,337.91,-0.24051954510973234,-0.2553333333333363,24.1,equatorial
15.83,23.33,27.1,20.48,91.83,9.73,0.56,5.67,0.61,0.66,2023-10-16,Ebolowa,2023,10,289,42,41.31000000000001,80.6,135.12,347.34999999999997,-0.1958155710408239,-0.013666666666665606,24.1,equatorial
19.73,23.68,27.72,20.85,88.82,4.1,0.69,6.4,0.61,0.63,2023-10-17,Ebolowa,2023,10,290,42,40.39,74.42999999999999,132.57,348.91,-0.18840180831847309,0.30666666666666487,24.1,equatorial
16.39,23.1,26.24,21.0,92.95,2.32,0.47,3.03,0.61,0.63,2023-10-18,Ebolowa,2023,10,291,42,39.150000000000006,74.08,132.35999999999999,338.82,-0.23612561210028252,-0.3136666666666663,24.1,equatorial
14.83,24.24,28.5,20.79,87.9,1.5,0.49,5.04,0.6,0.62,2023-10-19,Ebolowa,2023,10,292,42,37.03,72.24,132.95,338.89,-0.2357554938268248,0.7813333333333325,24.24,equatorial
16.94,24.02,26.82,22.22,88.78,0.68,0.44,2.78,0.6,0.61,2023-10-20,Ebolowa,2023,10,293,42,30.980000000000008,67.74,130.85,325.2,-0.30052735048225093,0.5106666666666655,24.24,equatorial
14.27,23.16,25.92,21.07,93.12,6.29,0.62,3.36,0.6,0.63,2023-10-21,Ebolowa,2023,10,294,42,30.110000000000007,71.13999999999999,134.51,324.71,-0.3027964601425505,-0.3446666666666651,24.24,equatorial
14.55,24.29,28.71,20.57,86.99,2.8,0.59,5.97,0.6,0.62,2023-10-22,Ebolowa,2023,10,295,42,27.420000000000005,66.19,127.98,325.44,-0.2992882138776769,0.7340000000000018,24.29,equatorial
18.21,24.17,28.39,21.22,87.6,5.32,0.51,5.67,0.59,0.62,2023-10-23,Ebolowa,2023,10,296,43,23.010000000000005,64.32,130.33,329.75,-0.278824801446164,0.5826666666666682,24.29,equatorial
15.39,24.04,28.03,21.34,91.55,6.68,0.53,4.5,0.6,0.63,2023-10-24,Ebolowa,2023,10,297,43,25.590000000000003,65.97999999999999,134.01,334.97999999999996,-0.2540044347917996,0.41366666666666774,24.29,equatorial
10.62,22.68,24.11,21.21,97.51,18.97,0.52,2.23,0.62,0.69,2023-10-25,Ebolowa,2023,10,298,43,42.24000000000001,81.38999999999999,150.64999999999998,351.04,-0.17787681202439515,-0.9403333333333315,24.29,equatorial
13.57,23.21,27.17,20.38,91.93,8.13,0.49,5.28,0.63,0.67,2023-10-26,Ebolowa,2023,10,299,43,48.870000000000005,85.89999999999999,157.39999999999998,357.65,-0.14652786798481449,-0.38833333333333186,24.29,equatorial
16.49,23.78,27.89,20.45,85.53,2.54,0.62,6.09,0.63,0.64,2023-10-27,Ebolowa,2023,10,300,43,50.730000000000004,81.71,158.23000000000002,357.45,-0.14745246166339634,0.16666666666666785,24.29,equatorial
16.36,23.96,28.44,19.69,86.17,4.36,0.86,6.36,0.62,0.64,2023-10-28,Ebolowa,2023,10,301,43,48.80000000000001,78.91,158.62,361.46999999999997,-0.12837508934958083,0.33233333333333803,24.29,equatorial
16.64,24.22,28.07,20.74,87.56,7.73,0.84,5.21,0.62,0.66,2023-10-29,Ebolowa,2023,10,302,43,53.730000000000004,81.14999999999999,164.56,368.76,-0.09379631488425569,0.5476666666666681,24.22,equatorial
18.33,23.7,26.01,22.02,91.74,10.75,0.45,2.44,0.63,0.69,2023-10-30,Ebolowa,2023,10,303,44,59.160000000000004,82.16999999999999,173.97,379.15,-0.044519681533612965,0.03999999999999915,24.22,equatorial
14.21,23.58,26.66,21.14,89.18,10.26,0.67,4.18,0.64,0.69,2023-10-31,Ebolowa,2023,10,304,44,62.74,88.33,181.71,389.02,0.002291070363998101,-0.06266666666666865,24.22,equatorial
20.85,22.72,25.45,20.53,90.07,4.41,0.46,3.27,0.64,0.66,2023-11-01,Ebolowa,2023,11,305,44,48.18000000000001,90.41999999999999,177.44,393.03000000000003,0.021309211007802458,-0.876333333333335,24.22,equatorial
12.44,23.24,27.66,19.71,89.93,2.78,0.54,4.46,0.63,0.65,2023-11-02,Ebolowa,2023,11,306,44,42.830000000000005,91.69999999999999,169.95,394.36,0.027614766143175783,-0.35466666666667024,24.22,equatorial
11.11,22.91,26.12,21.13,93.41,19.29,0.91,5.13,0.65,0.72,2023-11-03,Ebolowa,2023,11,307,44,59.58,110.31,186.57,411.65000000000003,0.10963814981802573,-0.6406666666666645,24.22,equatorial
14.24,22.06,25.16,19.96,91.42,3.38,0.51,3.17,0.66,0.67,2023-11-04,Ebolowa,2023,11,308,44,58.6,107.39999999999999,186.60999999999999,410.69,0.1050658370931876,-1.4066666666666627,24.22,equatorial
17.7,23.62,28.1,19.25,85.3,1.59,0.62,5.88,0.65,0.65,2023-11-05,Ebolowa,2023,11,309,44,52.46000000000001,106.19,183.01999999999998,407.63,0.0905276532831218,0.1513333333333371,23.7,equatorial
19.21,24.42,28.87,20.74,86.15,1.08,0.76,6.11,0.63,0.64,2023-11-06,Ebolowa,2023,11,310,45,42.790000000000006,101.95,181.21,407.81,0.09136788911972159,0.9463333333333352,24.42,equatorial
8.16,23.85,27.18,21.41,91.54,3.14,0.61,3.23,0.62,0.64,2023-11-07,Ebolowa,2023,11,311,45,35.67,98.41,176.6,406.99,0.08746099656756871,0.33800000000000097,24.42,equatorial
14.06,23.27,25.75,21.48,95.03,7.56,0.55,2.46,0.63,0.68,2023-11-08,Ebolowa,2023,11,312,45,38.82000000000001,87.0,176.97,393.72,0.024443138302930496,-0.24600000000000222,24.42,equatorial
16.34,23.5,27.01,21.01,91.69,3.23,0.53,3.82,0.63,0.65,2023-11-09,Ebolowa,2023,11,313,45,39.27,82.1,175.18,393.96,0.025579025536884663,-0.029666666666667396,24.42,equatorial
12.57,22.83,24.92,21.32,95.55,4.53,0.55,2.14,0.63,0.65,2023-11-10,Ebolowa,2023,11,314,45,24.510000000000005,84.08999999999999,176.15,395.97,0.035121253006237606,-0.6930000000000014,24.42,equatorial
13.86,22.52,24.77,20.86,95.49,5.57,0.54,2.29,0.64,0.68,2023-11-11,Ebolowa,2023,11,315,45,26.700000000000003,85.3,178.1,394.21999999999997,0.026803187065871915,-0.9673333333333325,24.42,equatorial
15.2,23.39,27.17,20.49,90.33,2.5,0.79,4.16,0.64,0.65,2023-11-12,Ebolowa,2023,11,316,45,27.610000000000007,80.07,173.87,395.65,0.033592706459200206,-0.07366666666666788,24.42,equatorial
16.58,22.7,25.55,20.74,93.66,5.61,0.59,3.27,0.64,0.66,2023-11-13,Ebolowa,2023,11,317,46,32.14,74.92999999999999,172.32,399.06,0.049790277463520806,-0.7423333333333346,23.85,equatorial
16.41,24.2,28.71,19.83,85.35,0.89,0.88,5.49,0.63,0.64,2023-11-14,Ebolowa,2023,11,318,46,29.890000000000004,65.56,167.72,396.82,0.03913748117199745,0.7203333333333326,24.2,equatorial
14.09,23.44,26.07,20.99,90.67,2.14,0.57,2.8,0.62,0.64,2023-11-15,Ebolowa,2023,11,319,46,24.470000000000006,63.28999999999999,160.13,397.19,0.0408900485665605,-0.043333333333333,24.2,equatorial
18.61,24.5,28.41,20.97,84.51,1.85,0.75,5.03,0.62,0.63,2023-11-16,Ebolowa,2023,11,320,46,23.090000000000003,62.35999999999999,157.88000000000002,396.05,0.035464467988818305,0.9893333333333345,24.5,equatorial
17.55,24.16,28.09,20.61,87.13,4.21,0.83,4.68,0.61,0.64,2023-11-17,Ebolowa,2023,11,321,46,22.770000000000003,47.279999999999994,159.76999999999998,397.97999999999996,0.04463512918025649,0.6140000000000008,24.5,equatorial
14.97,24.12,28.05,21.39,87.2,5.06,0.73,4.93,0.61,0.64,2023-11-18,Ebolowa,2023,11,322,46,22.26,48.959999999999994,163.32999999999998,402.09,0.06417212205404361,0.578000000000003,24.5,equatorial
16.35,24.08,27.5,21.76,88.17,4.99,0.59,4.11,0.62,0.65,2023-11-19,Ebolowa,2023,11,323,46,24.750000000000007,52.35999999999999,167.64000000000001,405.28,0.07933360868498728,0.5360000000000014,24.5,equatorial
13.14,24.03,28.44,20.87,87.68,2.07,0.63,4.71,0.61,0.63,2023-11-20,Ebolowa,2023,11,324,47,21.210000000000004,53.349999999999994,163.42,405.38,0.0797969798831019,0.45700000000000074,24.5,equatorial
13.68,23.95,28.37,21.31,88.42,5.17,0.73,5.26,0.61,0.64,2023-11-21,Ebolowa,2023,11,325,47,25.490000000000002,55.379999999999995,165.79000000000002,407.82,0.09139262755225652,0.38833333333333186,24.5,equatorial
7.52,23.28,26.93,21.44,93.09,4.06,0.47,3.06,0.61,0.64,2023-11-22,Ebolowa,2023,11,326,47,27.41,51.879999999999995,164.52999999999997,411.15000000000003,0.1072229271918979,-0.25199999999999534,24.5,equatorial
10.28,21.85,23.59,20.71,94.93,5.42,0.48,2.52,0.62,0.66,2023-11-23,Ebolowa,2023,11,327,47,30.980000000000004,54.06999999999999,163.27,414.69,0.12405246295153009,-1.6089999999999982,24.16,equatorial
16.28,23.12,27.55,20.38,89.66,4.39,0.57,4.38,0.62,0.65,2023-11-24,Ebolowa,2023,11,328,47,31.160000000000004,53.92999999999999,148.69,415.92,0.1298873174674152,-0.35366666666666546,24.12,equatorial
20.11,23.42,27.77,20.89,89.96,2.71,0.52,3.6,0.62,0.64,2023-11-25,Ebolowa,2023,11,329,47,28.810000000000002,51.06999999999999,143.27,409.99,0.10163865488907818,-0.0606666666666662,24.08,equatorial
15.99,22.95,26.4,20.34,91.44,2.87,0.7,3.07,0.62,0.64,2023-11-26,Ebolowa,2023,11,330,47,26.69,51.44,143.6,407.15,0.08810163858921886,-0.5030000000000001,24.03,equatorial
16.17,24.2,29.0,20.14,85.49,2.73,0.53,5.52,0.62,0.63,2023-11-27,Ebolowa,2023,11,331,48,27.35,48.559999999999995,141.97,404.99,0.07780266127368173,0.7389999999999972,24.2,equatorial
14.3,23.75,27.43,21.21,87.33,1.94,0.68,4.05,0.61,0.63,2023-11-28,Ebolowa,2023,11,332,48,24.120000000000005,49.60999999999999,136.17999999999998,403.14,0.06898008582241828,0.304666666666666,24.2,equatorial
15.82,23.89,28.81,20.19,86.2,2.54,0.74,5.01,0.61,0.62,2023-11-29,Ebolowa,2023,11,333,48,22.600000000000005,50.00999999999999,127.97,403.07,0.06863601849754294,0.4383333333333326,24.2,equatorial
15.38,24.62,28.96,21.04,81.83,1.71,0.57,5.01,0.6,0.62,2023-11-30,Ebolowa,2023,11,334,48,18.89,49.86999999999999,119.42,399.92,0.053619079205351056,1.1336666666666666,24.62,equatorial
15.09,24.64,29.39,20.96,81.9,1.76,0.75,5.41,0.6,0.61,2023-12-01,Ebolowa,2023,12,335,48,16.260000000000005,47.419999999999995,116.77,397.36,0.0414133101735887,1.0896666666666661,24.64,equatorial
12.87,23.62,27.56,21.25,87.83,1.21,0.57,3.26,0.59,0.6,2023-12-02,Ebolowa,2023,12,336,48,14.760000000000003,43.569999999999986,115.2,396.54999999999995,0.03754698161599868,0.05700000000000216,24.64,equatorial
15.36,23.37,27.89,20.61,88.0,3.82,0.52,3.38,0.59,0.62,2023-12-03,Ebolowa,2023,12,337,48,15.710000000000004,42.39999999999999,99.72999999999999,397.17999999999995,0.04054386866508128,-0.20833333333333215,24.64,equatorial
13.12,23.31,27.14,20.34,88.91,2.83,0.7,2.98,0.59,0.61,2023-12-04,Ebolowa,2023,12,338,49,15.810000000000002,43.16,99.17999999999999,398.52000000000004,0.04692521754013205,-0.3100000000000023,24.64,equatorial
18.16,23.29,27.19,20.76,88.94,2.87,0.5,3.13,0.6,0.63,2023-12-05,Ebolowa,2023,12,339,49,16.740000000000002,40.85999999999999,100.46,400.49,0.056310133671513114,-0.3190000000000026,24.64,equatorial
16.59,24.32,28.92,21.11,83.75,0.75,0.66,4.36,0.59,0.6,2023-12-06,Ebolowa,2023,12,340,49,14.950000000000005,37.54999999999999,100.13,399.33000000000004,0.05077024311074828,0.7143333333333359,24.64,equatorial
15.53,24.04,27.73,20.95,85.25,0.51,0.69,3.27,0.59,0.59,2023-12-07,Ebolowa,2023,12,341,49,13.750000000000004,32.63999999999999,97.5,392.96000000000004,0.020383672501367796,0.42799999999999727,24.64,equatorial
14.82,24.45,29.59,21.22,82.22,0.56,0.55,4.68,0.58,0.59,2023-12-08,Ebolowa,2023,12,342,49,12.550000000000004,28.809999999999995,90.49999999999999,386.85,-0.008762756864210628,0.7986666666666657,24.45,equatorial
15.29,24.67,29.69,20.61,82.13,0.09,0.58,4.18,0.58,0.58,2023-12-09,Ebolowa,2023,12,343,49,11.430000000000003,26.189999999999994,87.36,385.15999999999997,-0.01682356517959308,0.9796666666666667,24.67,equatorial
14.77,24.27,28.74,21.18,84.49,0.1,0.45,3.1,0.57,0.58,2023-12-10,Ebolowa,2023,12,344,49,7.7100000000000035,23.419999999999995,82.93,382.52,-0.029417044886871937,0.5316666666666627,24.67,equatorial
15.25,24.34,28.24,21.49,82.65,0.32,0.79,3.4,0.57,0.57,2023-12-11,Ebolowa,2023,12,345,50,5.200000000000004,21.00999999999999,77.67999999999999,377.21,-0.054751651362168335,0.5410000000000039,24.67,equatorial
20.16,23.46,28.74,19.53,73.26,0.01,0.75,4.64,0.56,0.56,2023-12-12,Ebolowa,2023,12,346,50,2.3400000000000034,19.079999999999995,75.19,374.48,-0.06777268190495321,-0.34133333333333127,24.67,equatorial
21.75,23.58,29.47,17.88,69.41,0.0,0.92,4.47,0.56,0.55,2023-12-13,Ebolowa,2023,12,347,50,1.5900000000000036,16.539999999999992,69.58,373.08,-0.07444504451700582,-0.25066666666667103,24.67,equatorial
21.68,24.24,30.11,18.27,68.78,0.0,0.99,4.67,0.55,0.55,2023-12-14,Ebolowa,2023,12,348,50,1.0800000000000036,14.829999999999993,68.69,369.93,-0.089472119535483,0.4079999999999977,24.67,equatorial
22.12,24.35,30.62,17.87,69.26,0.0,0.99,4.58,0.54,0.54,2023-12-15,Ebolowa,2023,12,349,50,0.5200000000000036,13.069999999999993,66.55,361.8,-0.12827783573523607,0.48766666666666936,24.67,equatorial
21.24,24.71,31.07,18.39,70.14,0.03,0.82,4.08,0.54,0.54,2023-12-16,Ebolowa,2023,12,350,50,0.4600000000000036,11.889999999999992,64.73,355.18,-0.15987202455584015,0.8406666666666673,24.71,equatorial
19.71,25.48,31.23,20.07,73.38,0.05,0.79,4.02,0.54,0.53,2023-12-17,Ebolowa,2023,12,351,50,0.4100000000000036,8.119999999999994,60.57,352.7,-0.17169206402963294,1.5666666666666664,25.48,equatorial
19.82,25.3,30.58,21.39,71.8,0.03,0.71,3.75,0.53,0.53,2023-12-18,Ebolowa,2023,12,352,51,0.12000000000000355,5.319999999999993,55.54,351.82,-0.17586878821977925,1.347333333333335,25.48,equatorial
18.1,25.64,31.47,21.14,77.36,0.08,0.71,3.62,0.53,0.53,2023-12-19,Ebolowa,2023,12,353,51,0.19000000000000355,2.529999999999993,50.63,349.12,-0.1887407580252924,1.6353333333333353,25.64,equatorial
17.27,25.61,31.21,21.83,78.06,0.2,0.68,3.37,0.53,0.53,2023-12-20,Ebolowa,2023,12,354,51,0.39000000000000357,1.9799999999999929,48.76,346.69,-0.20032229803836413,1.5526666666666706,25.64,equatorial
17.78,26.02,31.97,21.46,75.73,0.06,0.58,3.63,0.53,0.52,2023-12-21,Ebolowa,2023,12,355,51,0.45000000000000356,1.529999999999993,43.65,337.41999999999996,-0.24459198134679075,1.8936666666666682,26.02,equatorial
16.85,26.42,31.89,21.91,76.21,0.14,0.61,3.42,0.52,0.52,2023-12-22,Ebolowa,2023,12,356,51,0.5900000000000036,1.109999999999993,39.73,334.59000000000003,-0.2580789196403915,2.189,26.42,equatorial
19.09,26.76,32.77,22.04,69.6,0.03,0.74,4.08,0.52,0.52,2023-12-23,Ebolowa,2023,12,357,51,0.5900000000000035,1.049999999999993,34.34,331.62,-0.27223455452078277,2.365333333333332,26.76,equatorial
21.99,25.59,31.22,20.68,70.19,0.02,0.78,3.85,0.52,0.51,2023-12-24,Ebolowa,2023,12,358,51,0.5600000000000036,0.969999999999993,29.970000000000002,329.31,-0.28323409313407577,1.1129999999999995,26.76,equatorial
16.21,26.02,31.69,21.54,70.36,0.03,0.66,3.65,0.51,0.51,2023-12-25,Ebolowa,2023,12,359,52,0.5600000000000036,0.6799999999999929,27.290000000000003,327.96000000000004,-0.2896427151635329,1.4563333333333333,26.76,equatorial
16.64,25.85,32.13,20.86,69.66,0.04,0.92,3.88,0.51,0.51,2023-12-26,Ebolowa,2023,12,360,52,0.5200000000000036,0.7099999999999929,24.46,326.28999999999996,-0.2975813660690326,1.1896666666666675,26.76,equatorial
17.57,25.58,32.24,21.04,71.15,0.05,0.72,3.59,0.51,0.5,2023-12-27,Ebolowa,2023,12,361,52,0.37000000000000355,0.7599999999999929,21.78,322.37,-0.3162812596216291,0.8736666666666686,26.76,equatorial
18.21,25.14,32.23,19.75,71.29,0.01,0.76,3.62,0.51,0.5,2023-12-28,Ebolowa,2023,12,362,52,0.32000000000000356,0.7699999999999929,19.85,320.59,-0.32474310880722895,0.38733333333333775,26.76,equatorial
17.64,25.67,32.12,20.53,72.34,0.05,0.67,3.27,0.51,0.5,2023-12-29,Ebolowa,2023,12,363,52,0.23000000000000356,0.819999999999993,17.36,319.3,-0.330860152620519,0.8580000000000005,26.76,equatorial
19.66,25.82,31.59,21.85,75.05,0.15,0.55,2.78,0.5,0.5,2023-12-30,Ebolowa,2023,12,364,52,0.35000000000000353,0.9399999999999928,15.8,316.93,-0.34214447365736467,0.9680000000000035,26.02,equatorial
17.1,25.97,31.87,21.27,73.83,0.1,0.76,2.98,0.5,0.5,2023-12-31,Ebolowa,2023,12,365,52,0.43000000000000355,0.989999999999993,14.14,308.34999999999997,-0.3831457919405429,1.0736666666666643,26.02,equatorial
19.38,26.48,32.66,22.46,71.99,0.0,0.75,3.09,0.5,0.5,2024-01-01,Ebolowa,2024,1,1,1,0.4000000000000036,0.959999999999993,12.93,298.08,-0.43223150291504925,1.4883333333333333,26.48,equatorial
16.68,25.17,29.9,21.63,77.81,0.0,0.7,1.87,0.5,0.5,2024-01-02,Ebolowa,2024,1,2,1,0.36000000000000354,0.879999999999993,9.11,295.40999999999997,-0.4449336594345172,0.11833333333333584,26.48,equatorial
18.1,25.09,30.28,21.63,75.14,0.0,0.83,2.53,0.5,0.5,2024-01-03,Ebolowa,2024,1,3,1,0.31000000000000355,0.6799999999999929,6.28,292.07,-0.4608416520910118,-0.021000000000000796,26.48,equatorial
17.51,25.62,31.93,20.87,71.61,0.0,0.73,3.08,0.5,0.49,2024-01-04,Ebolowa,2024,1,4,1,0.30000000000000354,0.619999999999993,3.41,286.89,-0.4855568265657962,0.4313333333333347,26.48,equatorial
17.17,25.38,32.07,20.38,72.57,0.0,0.69,3.09,0.5,0.49,2024-01-05,Ebolowa,2024,1,5,1,0.25000000000000355,0.4799999999999929,2.66,284.0,-0.49930351641494874,0.1559999999999988,26.48,equatorial
19.02,25.64,32.05,20.88,71.79,0.01,0.74,3.02,0.5,0.49,2024-01-06,Ebolowa,2024,1,6,1,0.11000000000000355,0.45999999999999286,2.16,276.26,-0.5362730468574863,0.36266666666666936,26.48,equatorial
19.01,25.62,32.78,20.51,70.14,0.01,0.8,3.3,0.5,0.49,2024-01-07,Ebolowa,2024,1,7,1,0.020000000000003553,0.4499999999999929,1.61,269.08000000000004,-0.5705539564801212,0.3036666666666683,26.48,equatorial
20.29,25.62,31.99,21.32,72.79,0.03,0.74,2.84,0.49,0.49,2024-01-08,Ebolowa,2024,1,8,2,0.050000000000003555,0.4499999999999929,1.55,264.09,-0.5943388883256501,0.272000000000002,25.64,equatorial
21.5,26.04,32.61,21.08,72.26,0.02,0.9,2.92,0.49,0.48,2024-01-09,Ebolowa,2024,1,9,2,0.07000000000000356,0.4299999999999929,1.4700000000000002,260.54999999999995,-0.6111732595221482,0.6330000000000027,26.04,equatorial
18.55,25.71,31.37,22.02,71.89,0.03,1.25,2.7,0.49,0.48,2024-01-10,Ebolowa,2024,1,10,2,0.10000000000000356,0.4099999999999929,1.18,256.96000000000004,-0.6282433033662161,0.25733333333333164,26.04,equatorial
18.62,25.19,31.18,20.98,70.51,0.01,0.96,2.66,0.49,0.48,2024-01-11,Ebolowa,2024,1,11,2,0.11000000000000355,0.4099999999999929,1.18,250.24,-0.6603040949027383,-0.320333333333334,26.04,equatorial
20.44,25.42,32.58,20.06,71.67,0.01,0.95,2.85,0.49,0.48,2024-01-12,Ebolowa,2024,1,12,2,0.12000000000000355,0.36999999999999295,1.19,243.09,-0.6944162761040268,-0.15166666666666373,26.04,equatorial
18.09,25.52,31.79,20.98,73.51,0.05,0.93,2.53,0.49,0.48,2024-01-13,Ebolowa,2024,1,13,2,0.16000000000000356,0.2699999999999929,1.24,237.65,-0.7203251118944527,-0.09433333333333138,26.04,equatorial
19.14,25.69,32.34,20.83,72.15,0.02,0.94,2.62,0.49,0.48,2024-01-14,Ebolowa,2024,1,14,2,0.17000000000000354,0.1899999999999929,1.26,227.94,-0.7666853897085973,0.030999999999998806,26.04,equatorial
19.03,25.65,31.98,21.22,71.9,0.03,0.92,2.56,0.49,0.48,2024-01-15,Ebolowa,2024,1,15,3,0.17000000000000354,0.2199999999999929,1.26,223.86999999999998,-0.7860034774577763,-0.04033333333333644,26.04,equatorial
20.35,25.59,32.74,20.98,68.7,0.06,0.85,2.86,0.49,0.47,2024-01-16,Ebolowa,2024,1,16,3,0.21000000000000357,0.2799999999999929,1.27,221.60999999999999,-0.7966408662695323,-0.10400000000000276,25.71,equatorial
21.75,25.34,32.63,20.5,66.68,0.02,0.77,2.95,0.48,0.47,2024-01-17,Ebolowa,2024,1,17,3,0.20000000000000356,0.2999999999999929,1.26,220.13,-0.8035362911448579,-0.35533333333333417,25.69,equatorial
19.32,24.99,32.43,19.93,68.83,0.01,0.76,2.71,0.48,0.47,2024-01-18,Ebolowa,2024,1,18,3,0.20000000000000356,0.3099999999999929,1.1900000000000002,219.45999999999998,-0.8065472035916544,-0.6836666666666709,25.69,equatorial
18.11,25.42,33.05,20.2,69.5,0.02,0.87,2.76,0.48,0.47,2024-01-19,Ebolowa,2024,1,19,3,0.21000000000000354,0.3299999999999929,1.01,213.19,-0.8363957630422743,-0.24733333333333363,25.69,equatorial
20.9,25.81,32.45,20.7,72.09,0.15,1.07,2.47,0.48,0.47,2024-01-20,Ebolowa,2024,1,20,3,0.31000000000000355,0.46999999999999287,1.1,210.54,-0.8488817468235238,0.1496666666666684,25.81,equatorial
20.26,25.87,32.82,21.02,70.22,0.15,0.92,2.59,0.48,0.47,2024-01-21,Ebolowa,2024,1,21,3,0.4400000000000035,0.6099999999999929,1.11,205.37,-0.8734403998200594,0.22800000000000153,25.87,equatorial
18.05,25.36,32.17,20.58,73.62,0.51,1.08,2.51,0.48,0.47,2024-01-22,Ebolowa,2024,1,22,4,0.9200000000000035,1.0899999999999928,1.59,199.2,-0.9027805036671216,-0.23533333333333317,25.87,equatorial
17.73,25.16,31.07,21.04,73.2,0.17,0.88,2.14,0.48,0.47,2024-01-23,Ebolowa,2024,1,23,4,1.0300000000000034,1.2399999999999929,1.74,180.4,-0.9926392385342462,-0.4209999999999994,25.87,equatorial
21.32,25.71,32.73,20.66,69.54,0.16,0.87,2.57,0.48,0.46,2024-01-24,Ebolowa,2024,1,24,4,1.1700000000000035,1.3699999999999928,1.87,172.42999999999998,-1.0305388980725747,0.1393333333333331,25.87,equatorial
18.74,25.16,33.03,19.25,62.56,0.03,0.83,2.89,0.48,0.46,2024-01-25,Ebolowa,2024,1,25,4,1.1900000000000035,1.3899999999999928,1.86,169.92,-1.042247247700971,-0.3876666666666644,25.87,equatorial
19.67,25.25,33.39,19.59,64.21,0.0,0.71,2.75,0.47,0.46,2024-01-26,Ebolowa,2024,1,26,4,1.1700000000000035,1.3799999999999928,1.81,165.56,-1.0628137160067597,-0.28666666666666885,25.87,equatorial
21.43,25.85,33.62,19.48,60.4,0.0,0.9,2.83,0.47,0.45,2024-01-27,Ebolowa,2024,1,27,4,1.0200000000000036,1.329999999999993,1.8,157.82999999999998,-1.0995152944679747,0.2896666666666654,25.87,equatorial
22.05,25.83,34.25,19.42,56.73,0.0,0.97,2.83,0.47,0.45,2024-01-28,Ebolowa,2024,1,28,4,0.8700000000000034,1.309999999999993,1.7500000000000002,147.07999999999998,-1.1506603233745993,0.26433333333332953,25.85,equatorial
18.7,26.37,33.69,20.83,68.96,0.0,0.73,2.23,0.47,0.45,2024-01-29,Ebolowa,2024,1,29,5,0.36000000000000343,1.279999999999993,1.6,136.82,-1.1994155628186778,0.7859999999999978,26.37,equatorial
17.59,26.98,34.03,21.69,66.34,0.0,0.69,2.38,0.47,0.45,2024-01-30,Ebolowa,2024,1,30,5,0.19000000000000344,1.2199999999999929,1.5000000000000002,132.41,-1.2201020522423929,1.3623333333333356,26.98,equatorial
16.61,27.07,34.42,21.52,64.34,0.01,0.82,2.46,0.47,0.45,2024-01-31,Ebolowa,2024,1,31,5,0.04000000000000344,1.2099999999999929,1.5100000000000002,129.64000000000001,-1.2329137924198186,1.432666666666666,27.07,equatorial
18.12,26.79,33.41,22.2,67.81,0.02,0.99,2.03,0.46,0.45,2024-02-01,Ebolowa,2024,2,32,5,0.03000000000000344,1.2199999999999929,1.5300000000000002,110.37,-1.3247427514185757,1.0986666666666665,27.07,equatorial
17.62,27.0,34.54,21.56,64.08,0.01,0.87,2.48,0.46,0.44,2024-02-02,Ebolowa,2024,2,33,5,0.04000000000000344,1.2099999999999929,1.54,107.0,-1.3403315797155724,1.245000000000001,27.07,equatorial
17.44,26.4,32.66,21.91,67.28,0.0,0.79,1.93,0.46,0.44,2024-02-03,Ebolowa,2024,2,34,5,0.04000000000000344,1.059999999999993,1.54,105.41,-1.3473806089018865,0.6189999999999998,27.07,equatorial
18.57,26.82,33.47,21.34,68.63,0.01,0.84,1.98,0.46,0.44,2024-02-04,Ebolowa,2024,2,35,5,0.050000000000003444,0.9199999999999929,1.55,104.34,-1.351932481920196,0.9909999999999997,27.07,equatorial
17.01,26.91,33.46,22.17,68.6,0.0,0.89,1.86,0.46,0.44,2024-02-05,Ebolowa,2024,2,36,6,0.050000000000003444,0.4099999999999929,1.54,101.2,-1.3663883105406571,1.0386666666666677,27.07,equatorial
19.81,26.61,33.36,21.9,64.72,0.0,0.84,2.12,0.46,0.44,2024-02-06,Ebolowa,2024,2,37,6,0.050000000000003444,0.23999999999999289,1.53,93.64,-1.4019824023446275,0.7056666666666658,27.07,equatorial
21.27,26.88,34.31,21.8,64.94,0.0,0.89,2.23,0.46,0.44,2024-02-07,Ebolowa,2024,2,38,6,0.040000000000003436,0.0799999999999929,1.5,90.41,-1.4168138545388864,0.9336666666666673,27.0,equatorial
19.52,27.14,34.67,21.48,67.56,0.0,0.94,2.12,0.46,0.44,2024-02-08,Ebolowa,2024,2,39,6,0.020000000000003442,0.0499999999999929,1.48,85.88,-1.4378470878656013,1.157,27.14,equatorial
18.54,26.84,33.32,22.16,69.85,0.0,1.03,1.75,0.46,0.44,2024-02-09,Ebolowa,2024,2,40,6,0.010000000000003442,0.0499999999999929,1.45,80.31,-1.4638287955282139,0.8193333333333328,27.14,equatorial
17.17,27.08,33.72,22.39,70.73,0.05,0.98,1.77,0.46,0.44,2024-02-10,Ebolowa,2024,2,41,6,0.060000000000003446,0.0999999999999929,1.49,77.86,-1.4748552076668535,0.9963333333333324,27.14,equatorial
16.57,27.52,34.01,22.73,69.27,0.04,0.79,1.78,0.46,0.44,2024-02-11,Ebolowa,2024,2,42,6,0.09000000000000344,0.1399999999999929,1.52,72.29,-1.5007858308995388,1.3663333333333334,27.52,equatorial
18.03,28.52,36.2,22.89,63.4,0.04,0.88,2.46,0.46,0.43,2024-02-12,Ebolowa,2024,2,43,7,0.13000000000000345,0.1799999999999929,1.51,71.44,-1.5041167209651627,2.266333333333332,28.52,equatorial
18.51,27.8,34.21,23.34,68.61,0.07,1.08,1.76,0.46,0.43,2024-02-13,Ebolowa,2024,2,44,7,0.20000000000000345,0.2499999999999929,1.56,69.37,-1.5132743855900634,1.4760000000000026,28.52,equatorial
19.29,27.31,33.18,23.21,69.68,0.04,1.05,1.65,0.46,0.43,2024-02-14,Ebolowa,2024,2,45,7,0.24000000000000346,0.2799999999999929,1.5700000000000003,67.55999999999999,-1.5211770215984124,0.9306666666666672,28.52,equatorial
18.02,27.19,33.26,22.92,69.52,0.2,1.05,1.84,0.46,0.44,2024-02-15,Ebolowa,2024,2,46,7,0.4400000000000035,0.45999999999999286,1.7100000000000002,63.55,-1.539579590647949,0.7573333333333387,28.52,equatorial
14.39,26.34,31.87,22.61,69.45,0.54,0.94,1.92,0.46,0.44,2024-02-16,Ebolowa,2024,2,47,7,0.9800000000000035,0.9899999999999929,2.2300000000000004,59.029999999999994,-1.5603918521632754,-0.12600000000000122,28.52,equatorial
17.78,27.38,34.4,22.32,67.09,0.05,0.85,2.05,0.46,0.43,2024-02-17,Ebolowa,2024,2,48,7,0.9800000000000035,1.039999999999993,2.27,54.09,-1.5831791238018438,0.8343333333333334,28.52,equatorial
17.73,27.37,33.63,23.06,68.88,0.28,0.65,1.74,0.45,0.43,2024-02-18,Ebolowa,2024,2,49,7,1.2200000000000035,1.309999999999993,2.53,52.300000000000004,-1.590893261376819,0.7593333333333376,28.52,equatorial
15.82,27.37,34.12,22.67,69.44,1.17,0.71,2.47,0.45,0.44,2024-02-19,Ebolowa,2024,2,50,8,2.350000000000003,2.479999999999993,3.55,48.3,-1.6091440826299537,0.7073333333333345,27.8,equatorial
15.39,27.17,33.58,22.64,71.36,1.09,0.72,2.3,0.46,0.44,2024-02-20,Ebolowa,2024,2,51,8,3.3700000000000037,3.569999999999993,4.49,45.33,-1.6224515063796492,0.4640000000000022,27.38,equatorial
17.69,25.95,30.87,23.09,80.1,2.27,0.79,1.84,0.46,0.46,2024-02-21,Ebolowa,2024,2,52,8,5.600000000000003,5.839999999999993,6.25,42.18,-1.6365965516497238,-0.7756666666666661,27.38,equatorial
14.46,24.46,29.02,21.92,83.44,1.79,0.84,1.52,0.46,0.48,2024-02-22,Ebolowa,2024,2,53,8,7.190000000000003,7.629999999999993,7.870000000000001,39.580000000000005,-1.6480957421665774,-2.2423333333333346,27.38,equatorial
18.22,26.75,33.08,22.35,71.6,0.27,0.97,2.26,0.46,0.46,2024-02-23,Ebolowa,2024,2,54,8,6.9200000000000035,7.899999999999993,7.98,37.14,-1.6588133077114326,0.012999999999998124,27.38,equatorial
18.55,27.43,34.58,22.59,63.06,0.05,0.77,2.62,0.46,0.44,2024-02-24,Ebolowa,2024,2,55,8,6.9200000000000035,7.899999999999993,8.0,34.32,-1.6713244691485205,0.6173333333333346,27.43,equatorial
17.1,27.73,34.63,22.21,63.73,0.01,0.7,2.37,0.46,0.44,2024-02-25,Ebolowa,2024,2,56,8,6.650000000000003,7.869999999999993,8.01,31.6,-1.6833381103587257,0.8346666666666671,27.73,equatorial
17.25,27.68,34.29,22.57,68.36,0.17,0.77,2.07,0.46,0.44,2024-02-26,Ebolowa,2024,2,57,9,5.650000000000004,7.999999999999993,8.18,29.830000000000002,-1.6908056660751194,0.72366666666667,27.73,equatorial
18.55,28.11,34.38,23.37,68.61,0.25,0.76,2.05,0.45,0.44,2024-02-27,Ebolowa,2024,2,58,9,4.810000000000004,8.179999999999993,8.43,27.54,-1.7007369116137978,1.0776666666666692,28.11,equatorial
16.17,27.55,33.6,23.48,72.13,0.44,0.74,1.75,0.45,0.44,2024-02-28,Ebolowa,2024,2,59,9,2.980000000000003,8.579999999999993,8.870000000000001,26.27,-1.7057946559251336,0.4783333333333353,28.11,equatorial
11.99,25.76,29.81,23.42,79.73,0.65,0.7,1.07,0.45,0.45,2024-02-29,Ebolowa,2024,2,60,9,1.8400000000000032,9.029999999999992,9.52,25.16,-1.7100820509581993,-1.2710000000000008,28.11,equatorial
22.36,25.88,30.0,23.11,79.27,0.12,0.58,1.19,0.46,0.45,2024-03-01,Ebolowa,2024,3,61,9,1.690000000000003,8.609999999999994,9.63,24.07,-1.7142667865612278,-1.1113333333333344,28.11,equatorial
18.06,25.39,30.23,22.68,84.01,6.34,0.8,2.14,0.46,0.5,2024-03-02,Ebolowa,2024,3,62,9,7.980000000000003,14.899999999999991,15.950000000000001,26.59,-1.7012716471407188,-1.554666666666666,28.11,equatorial
18.78,25.18,29.91,22.16,85.09,7.46,0.52,2.58,0.47,0.55,2024-03-03,Ebolowa,2024,3,63,9,15.430000000000003,22.07999999999999,23.400000000000002,31.220000000000002,-1.678264158630199,-1.7040000000000006,28.11,equatorial
13.94,25.38,30.53,22.28,83.91,3.4,0.72,2.71,0.48,0.52,2024-03-04,Ebolowa,2024,3,64,10,18.660000000000004,24.30999999999999,26.8,31.75,-1.6747889295621718,-1.4700000000000024,28.11,equatorial
15.96,25.81,31.4,22.39,83.18,5.11,0.61,3.26,0.49,0.53,2024-03-05,Ebolowa,2024,3,65,10,23.520000000000003,28.32999999999999,31.9,36.11,-1.6531141640043825,-1.006333333333334,27.55,equatorial
8.79,23.95,25.82,22.52,95.18,21.4,0.54,1.61,0.51,0.64,2024-03-06,Ebolowa,2024,3,66,10,44.480000000000004,47.459999999999994,53.3,57.0,-1.552913670348047,-2.7676666666666705,25.88,equatorial
22.14,25.62,30.96,21.99,82.34,0.62,0.5,4.06,0.54,0.55,2024-03-07,Ebolowa,2024,3,67,10,44.45,46.28999999999999,53.919999999999995,57.059999999999995,-1.5518390489501934,-1.064666666666664,25.88,equatorial
19.69,25.64,31.12,22.03,83.17,2.66,0.53,4.08,0.53,0.54,2024-03-08,Ebolowa,2024,3,68,10,46.99,48.679999999999986,56.58,59.63,-1.5388411862238,-1.0033333333333339,25.81,equatorial
20.14,25.92,31.72,22.15,80.95,1.37,0.52,4.34,0.53,0.54,2024-03-09,Ebolowa,2024,3,69,10,42.02,49.99999999999999,57.949999999999996,60.9,-1.532036722364635,-0.6826666666666661,25.92,equatorial
20.94,26.87,33.16,21.91,77.64,0.59,0.57,4.54,0.52,0.52,2024-03-10,Ebolowa,2024,3,70,10,35.15,50.57999999999999,58.54,61.17,-1.5299909471683015,0.26633333333333553,26.87,equatorial
19.69,25.45,28.79,23.12,87.54,1.26,0.49,1.9,0.51,0.52,2024-03-11,Ebolowa,2024,3,71,11,33.010000000000005,51.669999999999995,59.75,62.419999999999995,-1.5232948666838533,-1.099333333333334,26.87,equatorial
17.11,25.7,30.04,22.91,86.4,2.23,0.71,2.77,0.51,0.53,2024-03-12,Ebolowa,2024,3,72,11,30.130000000000003,53.64999999999999,61.94,64.64999999999999,-1.511955698106995,-0.7886666666666677,26.87,equatorial
17.83,26.15,30.84,23.07,84.3,2.25,0.62,3.09,0.51,0.53,2024-03-13,Ebolowa,2024,3,73,11,10.980000000000004,55.459999999999994,64.14999999999999,66.89999999999999,-1.5005370243535632,-0.2596666666666678,26.87,equatorial
18.57,25.77,29.98,23.13,82.43,1.12,0.69,2.92,0.51,0.52,2024-03-14,Ebolowa,2024,3,74,11,11.480000000000004,55.929999999999986,65.2,68.02,-1.4944962719772121,-0.5719999999999992,26.87,equatorial
22.73,26.77,33.2,22.42,75.44,0.66,0.76,4.18,0.5,0.5,2024-03-15,Ebolowa,2024,3,75,11,9.480000000000004,56.46999999999999,65.82,68.64999999999999,-1.490788571656076,0.44599999999999795,26.87,equatorial
24.31,26.47,31.86,22.7,79.01,1.29,0.39,3.61,0.49,0.5,2024-03-16,Ebolowa,2024,3,76,11,9.400000000000004,51.419999999999995,66.91,69.89,-1.4841920112102391,0.16999999999999815,26.87,equatorial
17.38,25.59,29.26,22.7,84.67,1.27,0.57,1.98,0.49,0.51,2024-03-17,Ebolowa,2024,3,77,11,10.080000000000004,45.23,67.64,71.13,-1.4776041469840007,-0.6849999999999987,26.77,equatorial
12.44,25.26,29.24,22.4,86.52,1.76,0.66,1.99,0.49,0.51,2024-03-18,Ebolowa,2024,3,78,12,10.580000000000004,43.589999999999996,69.35000000000001,72.81,-1.4689382301320164,-0.9443333333333328,26.77,equatorial
16.7,26.2,31.64,22.26,77.72,0.31,0.72,3.03,0.49,0.5,2024-03-19,Ebolowa,2024,3,79,12,8.660000000000004,38.78999999999999,69.38000000000001,72.92,-1.4677278235628772,0.0346666666666664,26.77,equatorial
6.95,26.47,32.1,22.29,77.86,2.9,0.57,3.06,0.49,0.49,2024-03-20,Ebolowa,2024,3,80,12,9.310000000000004,20.289999999999992,71.11,75.75999999999999,-1.453576551667324,0.33466666666666356,26.77,equatorial
11.63,25.99,31.94,22.49,81.57,6.46,0.59,3.75,0.49,0.53,2024-03-21,Ebolowa,2024,3,81,12,14.650000000000004,26.129999999999992,76.47999999999999,82.07999999999998,-1.422946978156238,-0.10600000000000165,26.77,equatorial
17.31,25.74,30.75,22.67,82.38,2.04,0.55,2.86,0.5,0.54,2024-03-22,Ebolowa,2024,3,82,12,16.030000000000005,25.50999999999999,76.25,84.09,-1.4127817835778036,-0.3490000000000002,26.47,equatorial
16.48,24.78,27.05,23.38,86.69,0.1,0.59,1.1,0.49,0.5,2024-03-23,Ebolowa,2024,3,83,12,14.840000000000003,24.239999999999995,74.55999999999999,84.16999999999999,-1.411774853284383,-1.3196666666666665,26.47,equatorial
18.52,25.61,29.78,22.27,81.03,0.08,0.72,2.22,0.49,0.49,2024-03-24,Ebolowa,2024,3,84,12,13.650000000000004,23.72999999999999,74.37,84.22,-1.4109113541631413,-0.45166666666666444,26.47,equatorial
16.35,26.44,31.92,22.42,76.25,0.06,0.66,2.99,0.49,0.48,2024-03-25,Ebolowa,2024,3,85,13,11.950000000000003,22.529999999999994,74.38,84.24,-1.4101910944756861,0.4113333333333351,26.47,equatorial
19.92,27.23,32.86,23.06,73.55,0.05,0.56,3.09,0.48,0.48,2024-03-26,Ebolowa,2024,3,86,13,11.690000000000003,20.34999999999999,74.42,84.24000000000001,-1.409566514806045,1.218,27.23,equatorial
19.52,26.98,32.74,22.74,77.0,3.57,0.5,3.65,0.48,0.49,2024-03-27,Ebolowa,2024,3,87,13,12.360000000000003,21.66999999999999,77.82,87.8,-1.392081824499461,0.9913333333333298,27.23,equatorial
18.76,27.26,33.16,23.35,76.59,4.62,0.58,4.39,0.48,0.52,2024-03-28,Ebolowa,2024,3,88,13,10.520000000000003,25.16999999999999,82.19,92.37,-1.36983404182631,1.299666666666667,27.26,equatorial
16.99,25.74,30.23,22.95,83.45,5.27,0.61,2.77,0.49,0.53,2024-03-29,Ebolowa,2024,3,89,13,13.750000000000004,29.77999999999999,87.02,97.49,-1.345006401706526,-0.16000000000000014,27.26,equatorial
20.92,25.71,30.95,22.55,86.41,9.42,0.59,4.19,0.49,0.56,2024-03-30,Ebolowa,2024,3,90,13,23.07,37.90999999999999,95.78999999999999,106.81,-1.3003185407894657,-0.18833333333332902,27.26,equatorial
14.3,25.46,29.73,22.9,89.19,10.41,0.7,3.75,0.51,0.59,2024-03-31,Ebolowa,2024,3,91,13,33.400000000000006,47.04999999999999,106.08,117.22,-1.2505135451898872,-0.42433333333333323,27.26,equatorial
18.39,23.69,26.84,21.24,88.04,3.29,0.72,2.59,0.52,0.57,2024-04-01,Ebolowa,2024,4,92,14,36.63,48.57999999999999,103.03,120.51,-1.2344631170968965,-2.137666666666668,27.26,equatorial
20.07,25.72,31.26,20.98,82.22,1.86,0.7,4.37,0.52,0.53,2024-04-02,Ebolowa,2024,4,93,14,38.440000000000005,50.12999999999999,97.43,122.37,-1.2251969212884388,-0.12566666666666748,27.26,equatorial
17.12,24.93,28.73,22.2,88.92,19.1,0.64,4.37,0.54,0.64,2024-04-03,Ebolowa,2024,4,94,14,53.970000000000006,66.32999999999998,113.13,141.47,-1.1343247463574024,-0.9006666666666696,27.26,equatorial
13.5,23.44,27.53,20.68,85.82,1.39,0.48,3.29,0.54,0.56,2024-04-04,Ebolowa,2024,4,95,14,50.74000000000001,61.26,109.41,142.86,-1.1273610426576053,-2.311666666666664,25.74,equatorial
11.97,24.49,29.24,21.22,87.62,4.45,0.41,4.39,0.54,0.56,2024-04-05,Ebolowa,2024,4,96,14,49.92,63.66999999999999,92.46,147.3,-1.1059642016145592,-1.2796666666666638,25.72,equatorial
20.18,23.88,27.41,21.65,91.28,4.81,0.68,3.65,0.54,0.58,2024-04-06,Ebolowa,2024,4,97,14,45.31,68.38,96.65,152.1,-1.0828785029765486,-1.831666666666667,25.72,equatorial
14.89,25.16,30.67,21.19,82.79,0.59,0.6,5.14,0.54,0.54,2024-04-07,Ebolowa,2024,4,98,14,35.49000000000001,68.89,94.58000000000001,152.66,-1.0798801213164706,-0.5356666666666676,25.72,equatorial
16.21,24.95,29.11,22.03,87.82,4.73,0.54,3.63,0.53,0.55,2024-04-08,Ebolowa,2024,4,99,15,36.93000000000001,73.56,97.94,157.37,-1.0572388906632033,-0.7133333333333347,25.72,equatorial
18.35,24.14,27.33,22.33,92.32,4.75,0.59,2.85,0.53,0.57,2024-04-09,Ebolowa,2024,4,100,15,39.82000000000001,78.26,102.1,162.09,-1.0345651240044675,-1.4323333333333323,25.16,equatorial
17.39,24.6,27.95,22.31,89.27,4.27,0.4,3.26,0.53,0.57,2024-04-10,Ebolowa,2024,4,101,15,24.990000000000002,78.96,105.11,166.35,-1.014083111262935,-0.9439999999999955,25.16,equatorial
12.67,24.27,27.13,22.07,92.67,15.95,0.56,3.55,0.55,0.64,2024-04-11,Ebolowa,2024,4,102,15,39.55,90.28999999999999,118.83,182.29,-0.9383201127949592,-1.2263333333333328,25.16,equatorial
19.13,24.83,28.99,21.7,87.18,4.29,0.49,5.07,0.56,0.59,2024-04-12,Ebolowa,2024,4,103,15,39.39,89.30999999999999,120.87,186.52999999999997,-0.917986673920044,-0.6223333333333372,25.16,equatorial
13.48,24.61,29.06,22.03,89.14,6.15,0.48,4.48,0.56,0.6,2024-04-13,Ebolowa,2024,4,104,15,40.730000000000004,86.03999999999999,125.89999999999999,192.66,-0.8887150593329206,-0.8036666666666648,25.16,equatorial
18.17,25.09,29.28,22.27,89.66,7.94,0.58,4.65,0.56,0.6,2024-04-14,Ebolowa,2024,4,105,15,48.08,83.57,133.18,200.57,-0.8510289107624517,-0.2676666666666634,25.09,equatorial
18.05,24.5,28.08,22.24,92.57,14.33,0.46,3.98,0.57,0.65,2024-04-15,Ebolowa,2024,4,106,16,57.68000000000001,94.61,146.22,214.84,-0.783242703483479,-0.791999999999998,25.09,equatorial
18.93,24.82,28.6,22.41,91.4,5.15,0.55,4.19,0.58,0.62,2024-04-16,Ebolowa,2024,4,107,16,58.080000000000005,97.9,150.1,219.97,-0.7587632716733319,-0.4463333333333317,25.09,equatorial
16.96,24.86,28.57,22.43,91.06,5.53,0.54,3.89,0.58,0.62,2024-04-17,Ebolowa,2024,4,108,16,59.34,84.33,153.87,225.49,-0.7324449883402671,-0.3930000000000007,25.09,equatorial
17.95,24.75,28.28,22.26,92.45,7.8,0.61,3.62,0.58,0.63,2024-04-18,Ebolowa,2024,4,109,16,51.190000000000005,90.74,161.36,233.26999999999998,-0.6954306648397043,-0.45466666666666455,25.09,equatorial
10.83,25.16,28.94,22.66,90.67,4.51,0.58,4.19,0.58,0.62,2024-04-19,Ebolowa,2024,4,110,16,51.410000000000004,90.79999999999998,162.97,237.63000000000002,-0.6746264780638812,-0.0009999999999976694,25.16,equatorial
23.65,25.75,30.55,21.54,82.87,0.98,0.66,6.39,0.57,0.58,2024-04-20,Ebolowa,2024,4,111,16,46.24000000000001,86.96999999999998,157.48999999999998,238.46,-0.6705501812209035,0.5969999999999978,25.75,equatorial
21.43,25.36,30.04,21.66,86.62,3.77,0.66,5.29,0.56,0.58,2024-04-21,Ebolowa,2024,4,112,16,42.07,90.14999999999999,159.22,241.72,-0.6549626212496286,0.21966666666666512,25.75,equatorial
16.2,25.34,29.35,22.51,88.83,4.85,0.64,4.61,0.55,0.58,2024-04-22,Ebolowa,2024,4,113,17,32.59,90.27,163.97,246.4,-0.6326509110974841,0.18100000000000094,25.75,equatorial
18.1,24.81,28.12,22.67,93.02,6.1,0.58,3.44,0.56,0.6,2024-04-23,Ebolowa,2024,4,114,17,33.540000000000006,91.61999999999999,169.98999999999998,252.34,-0.6043737697489256,-0.32233333333333647,25.75,equatorial
11.77,24.45,27.09,22.75,93.99,4.16,0.55,2.38,0.56,0.59,2024-04-24,Ebolowa,2024,4,115,17,32.17,91.50999999999999,174.09,256.47,-0.5846802681761586,-0.6159999999999997,25.75,equatorial
20.85,25.14,29.22,22.39,90.64,5.89,0.58,4.69,0.56,0.6,2024-04-25,Ebolowa,2024,4,116,17,30.26,81.44999999999999,179.93,262.36,-0.5566490027322911,0.14366666666666816,25.75,equatorial
20.08,24.45,26.94,22.45,92.51,3.84,0.59,2.97,0.56,0.6,2024-04-26,Ebolowa,2024,4,117,17,29.59,80.99999999999999,180.2,266.2,-0.5383399531664861,-0.46199999999999974,25.75,equatorial
19.19,25.35,29.7,21.79,86.4,1.45,0.62,4.46,0.56,0.57,2024-04-27,Ebolowa,2024,4,118,17,30.060000000000002,76.3,177.03,267.65,-0.5313641096901152,0.5016666666666687,25.36,equatorial
19.91,25.43,29.6,22.29,88.0,2.81,0.57,4.32,0.55,0.57,2024-04-28,Ebolowa,2024,4,119,17,29.1,71.17,174.57,270.46,-0.5179414880142746,0.5919999999999987,25.43,equatorial
17.89,25.32,29.01,22.99,89.91,1.8,0.54,3.18,0.55,0.57,2024-04-29,Ebolowa,2024,4,120,18,26.050000000000004,58.63999999999999,166.95000000000002,272.26,-0.5093100843585806,0.495000000000001,25.43,equatorial
13.19,25.97,30.52,22.42,85.58,1.61,0.45,4.38,0.54,0.55,2024-04-30,Ebolowa,2024,4,121,18,21.560000000000002,55.099999999999994,158.14999999999998,273.86,-0.5016284591781354,1.1280000000000001,25.97,equatorial
20.86,25.28,28.37,23.39,90.44,5.59,0.46,3.26,0.54,0.58,2024-05-01,Ebolowa,2024,5,122,18,22.990000000000006,55.15999999999999,160.45,279.42999999999995,-0.47511918169377115,0.3850000000000051,25.97,equatorial
16.73,24.99,29.16,22.33,88.09,4.63,0.48,4.59,0.54,0.57,2024-05-02,Ebolowa,2024,5,123,18,21.730000000000004,51.98999999999999,163.22,284.04999999999995,-0.4531195127413625,0.11933333333332996,25.97,equatorial
20.05,24.57,28.11,22.27,91.71,8.04,0.48,3.93,0.55,0.6,2024-05-03,Ebolowa,2024,5,124,18,25.930000000000003,55.51999999999999,152.16,292.09,-0.41489800911148894,-0.28866666666666774,25.97,equatorial
19.19,24.63,28.01,22.19,90.92,5.8,0.64,4.02,0.55,0.59,2024-05-04,Ebolowa,2024,5,125,18,30.280000000000005,60.33999999999999,156.57,297.88,-0.3873555428670739,-0.2683333333333344,25.97,equatorial
17.44,25.5,29.61,22.47,84.59,4.09,0.49,5.87,0.55,0.58,2024-05-05,Ebolowa,2024,5,126,18,31.560000000000002,60.65999999999999,156.21,301.96999999999997,-0.367882317997895,0.5679999999999978,25.97,equatorial
17.67,25.5,29.59,21.87,85.1,0.84,0.75,3.98,0.54,0.56,2024-05-06,Ebolowa,2024,5,127,19,30.6,56.649999999999984,152.24,302.81,-0.3638346480349736,0.5139999999999993,25.97,equatorial
18.61,25.65,29.29,23.05,87.39,1.28,0.61,3.59,0.54,0.55,2024-05-07,Ebolowa,2024,5,128,19,30.270000000000003,51.82999999999999,152.93,304.09,-0.357698871704716,0.647666666666666,25.65,equatorial
18.68,25.16,28.42,23.19,91.14,4.55,0.57,3.6,0.53,0.56,2024-05-08,Ebolowa,2024,5,129,19,29.23,52.21999999999999,152.75,308.64,-0.3360405929514396,0.15066666666666606,25.65,equatorial
20.52,25.91,30.26,22.58,84.96,1.11,0.51,4.34,0.53,0.55,2024-05-09,Ebolowa,2024,5,130,19,25.71,47.43999999999999,149.10999999999999,309.75,-0.3307159087037807,0.841666666666665,25.91,equatorial
18.23,25.85,30.03,22.92,83.4,0.85,0.47,4.14,0.53,0.54,2024-05-10,Ebolowa,2024,5,131,19,18.520000000000003,44.449999999999996,145.69,310.54999999999995,-0.326863571815504,0.740000000000002,25.91,equatorial
14.72,25.48,29.61,22.81,88.57,4.4,0.54,3.37,0.52,0.54,2024-05-11,Ebolowa,2024,5,132,19,17.120000000000005,47.39999999999999,134.14,314.91,-0.3061051047600696,0.3296666666666681,25.91,equatorial
17.24,24.96,27.86,23.18,92.22,3.57,0.56,2.56,0.53,0.57,2024-05-12,Ebolowa,2024,5,133,19,16.6,48.16,133.42,318.44,-0.28928994731817315,-0.19466666666666654,25.91,equatorial
13.43,24.73,28.03,22.47,91.51,4.78,0.62,3.18,0.53,0.56,2024-05-13,Ebolowa,2024,5,134,20,20.540000000000003,51.139999999999986,132.05,323.15,-0.26687023217018846,-0.42866666666666475,25.91,equatorial
17.65,24.61,28.34,22.17,88.74,4.66,0.65,3.95,0.53,0.57,2024-05-14,Ebolowa,2024,5,135,20,23.920000000000005,54.18999999999999,128.76999999999998,327.77,-0.24487899685879796,-0.5326666666666711,25.91,equatorial
21.1,25.23,29.58,22.27,81.41,0.81,0.44,4.56,0.53,0.54,2024-05-15,Ebolowa,2024,5,136,20,20.180000000000003,49.41,115.25,328.38,-0.24194259285225556,0.06299999999999528,25.91,equatorial
18.58,25.55,30.61,21.11,80.27,3.39,0.65,5.37,0.52,0.54,2024-05-16,Ebolowa,2024,5,137,20,22.460000000000004,48.169999999999995,113.49000000000001,331.22999999999996,-0.2283611565586617,0.358666666666668,25.85,equatorial
18.39,25.78,30.8,22.86,85.66,5.34,0.6,5.51,0.52,0.56,2024-05-17,Ebolowa,2024,5,138,20,26.950000000000003,45.46999999999999,113.3,336.52000000000004,-0.20318286032610697,0.5580000000000034,25.78,equatorial
16.93,24.61,28.33,22.53,91.78,7.25,0.71,3.66,0.53,0.58,2024-05-18,Ebolowa,2024,5,139,20,29.800000000000004,46.919999999999995,112.75,343.49,-0.1700189569875989,-0.6073333333333331,25.78,equatorial
21.73,24.51,28.6,21.69,88.05,2.67,0.48,3.42,0.53,0.55,2024-05-19,Ebolowa,2024,5,140,20,28.900000000000006,45.49999999999999,110.91,344.98999999999995,-0.16286191078370707,-0.6856666666666662,25.78,equatorial
19.87,24.92,28.95,22.44,90.51,5.25,0.6,3.54,0.53,0.57,2024-05-20,Ebolowa,2024,5,141,21,29.370000000000005,49.91,115.17999999999999,349.15,-0.14305657648315792,-0.2480000000000011,25.78,equatorial
18.94,23.96,26.38,22.52,93.65,3.83,0.6,2.13,0.53,0.57,2024-05-21,Ebolowa,2024,5,142,21,28.540000000000003,52.459999999999994,115.24,350.71000000000004,-0.13561636256756546,-1.1613333333333316,25.78,equatorial
9.43,24.12,27.7,22.09,89.09,3.02,0.67,3.04,0.53,0.56,2024-05-22,Ebolowa,2024,5,143,21,30.750000000000004,50.92999999999999,113.41,351.94,-0.12974584920188553,-0.9606666666666648,25.78,equatorial
17.67,24.58,29.19,21.66,84.79,2.81,0.57,4.92,0.53,0.56,2024-05-23,Ebolowa,2024,5,144,21,30.170000000000005,52.62999999999999,110.11999999999999,354.48,-0.117643599463971,-0.4930000000000021,25.78,equatorial
14.95,23.74,27.53,21.4,90.52,5.11,0.56,3.79,0.53,0.57,2024-05-24,Ebolowa,2024,5,145,21,29.940000000000005,56.889999999999986,111.07,359.54,-0.09355180795605719,-1.3093333333333348,24.92,equatorial
20.13,24.25,29.06,21.15,83.74,1.43,0.64,4.78,0.53,0.54,2024-05-25,Ebolowa,2024,5,146,21,24.120000000000005,53.919999999999995,106.61,360.96000000000004,-0.08678101859817085,-0.7696666666666694,24.92,equatorial
16.83,24.38,29.33,20.27,83.57,1.4,0.57,3.77,0.52,0.53,2024-05-26,Ebolowa,2024,5,147,21,22.85,51.74999999999999,104.17,362.19,-0.0809145054151471,-0.6373333333333342,24.92,equatorial
14.69,24.92,29.65,21.55,86.66,3.95,0.5,4.06,0.52,0.55,2024-05-27,Ebolowa,2024,5,148,22,21.550000000000004,50.919999999999995,106.66999999999999,365.89,-0.06329114242656812,-0.08299999999999841,24.92,equatorial
16.35,25.08,29.29,22.23,89.45,8.81,0.58,4.56,0.52,0.58,2024-05-28,Ebolowa,2024,5,149,22,26.530000000000005,55.06999999999999,112.67,374.26,-0.023435968427784747,0.0886666666666649,25.08,equatorial
17.01,24.65,28.6,22.44,90.06,3.1,0.54,3.84,0.53,0.57,2024-05-29,Ebolowa,2024,5,150,22,26.610000000000007,57.35999999999999,113.97,376.71000000000004,-0.011767467391689133,-0.3190000000000026,25.08,equatorial
15.22,24.63,28.59,22.12,88.37,3.93,0.68,3.58,0.53,0.55,2024-05-30,Ebolowa,2024,5,151,22,27.730000000000004,57.89999999999999,116.28999999999999,380.52000000000004,0.006377292968871631,-0.2943333333333342,25.08,equatorial
14.2,24.26,28.37,21.79,86.6,2.62,0.85,3.96,0.53,0.56,2024-05-31,Ebolowa,2024,5,152,22,25.240000000000002,55.17999999999999,113.32000000000001,376.79999999999995,-0.011340685469777735,-0.6303333333333327,25.08,equatorial
15.55,24.55,28.36,21.85,85.35,0.94,0.67,2.82,0.53,0.54,2024-06-01,Ebolowa,2024,6,153,22,24.750000000000004,48.87,109.63,370.28000000000003,-0.04239601104657458,-0.32566666666666677,25.08,equatorial
14.52,24.6,28.76,22.01,85.43,0.95,0.76,3.12,0.52,0.53,2024-06-02,Ebolowa,2024,6,154,22,24.300000000000004,47.14999999999999,102.54,367.83,-0.05406170950231365,-0.27666666666666373,25.08,equatorial
15.52,25.34,30.24,21.8,81.26,1.23,0.81,4.46,0.52,0.52,2024-06-03,Ebolowa,2024,6,155,23,21.580000000000002,43.129999999999995,97.97000000000001,363.95,-0.07254093018717382,0.43966666666666754,25.34,equatorial
15.5,25.17,30.12,21.55,80.68,0.97,0.76,3.74,0.51,0.52,2024-06-04,Ebolowa,2024,6,156,23,13.740000000000004,40.269999999999996,94.85000000000001,343.52,-0.16988706663246214,0.2806666666666686,25.34,equatorial
10.19,25.25,30.36,21.7,80.44,1.22,0.66,3.64,0.5,0.51,2024-06-05,Ebolowa,2024,6,157,23,11.860000000000005,38.46999999999999,95.23,344.11999999999995,-0.16700208002864841,0.3690000000000033,25.34,equatorial
15.28,24.21,28.38,21.43,82.39,1.08,0.8,3.13,0.5,0.51,2024-06-06,Ebolowa,2024,6,158,23,9.010000000000003,36.739999999999995,95.03,342.54,-0.17450855360485196,-0.6230000000000011,25.34,equatorial
16.65,25.16,30.52,21.07,77.54,0.49,0.72,3.66,0.49,0.5,2024-06-07,Ebolowa,2024,6,159,23,6.8800000000000034,32.11999999999999,90.97,341.66,-0.17867774870074454,0.3269999999999982,25.34,equatorial
10.96,24.74,29.58,21.93,82.03,1.08,0.61,2.66,0.49,0.5,2024-06-08,Ebolowa,2024,6,160,23,7.020000000000003,31.769999999999992,90.94,342.15000000000003,-0.17631467197985898,-0.053999999999998494,25.34,equatorial
16.26,24.15,28.04,21.16,82.55,0.57,0.84,2.32,0.49,0.49,2024-06-09,Ebolowa,2024,6,161,23,6.640000000000004,30.939999999999994,90.66,341.46,-0.17957872133119673,-0.5873333333333335,25.34,equatorial
13.79,23.11,25.71,21.37,85.88,3.55,0.74,1.75,0.49,0.51,2024-06-10,Ebolowa,2024,6,162,24,8.960000000000003,30.539999999999992,89.81,342.78000000000003,-0.17325627783257147,-1.5483333333333356,25.25,equatorial
15.58,23.89,29.19,20.53,86.86,6.76,0.68,4.37,0.5,0.55,2024-06-11,Ebolowa,2024,6,163,24,14.750000000000004,28.489999999999995,93.0,347.29,-0.15171746395406932,-0.7326666666666632,25.25,equatorial
16.92,24.91,30.42,20.98,79.61,0.44,0.71,3.8,0.5,0.52,2024-06-12,Ebolowa,2024,6,164,24,13.970000000000002,25.82999999999999,88.66,346.61,-0.15493908338377443,0.28133333333333255,25.16,equatorial
15.89,25.96,31.14,22.0,78.93,4.15,0.57,4.05,0.49,0.51,2024-06-13,Ebolowa,2024,6,165,24,17.040000000000003,26.049999999999994,88.14999999999999,350.09999999999997,-0.13826385840349947,1.286333333333335,25.96,equatorial
14.27,23.6,25.44,22.14,96.24,30.98,0.53,2.38,0.54,0.69,2024-06-14,Ebolowa,2024,6,166,24,47.53,54.41,118.32,379.79,0.003441028960361646,-1.0193333333333285,25.96,equatorial
13.81,24.35,28.49,21.3,86.09,0.1,0.6,3.27,0.55,0.56,2024-06-15,Ebolowa,2024,6,167,24,46.550000000000004,53.56999999999999,115.03,378.62,-0.0021436833241071118,-0.22933333333333294,25.96,equatorial
11.0,23.3,25.58,21.19,84.94,0.02,0.96,1.9,0.54,0.55,2024-06-16,Ebolowa,2024,6,168,24,46.00000000000001,52.63999999999999,109.71000000000001,376.88,-0.010449305056026047,-1.1966666666666654,25.96,equatorial
19.19,23.5,27.62,20.52,80.64,0.01,0.39,3.06,0.54,0.54,2024-06-17,Ebolowa,2024,6,169,25,42.46,51.419999999999995,102.47000000000001,376.58,-0.011880058016716825,-0.9596666666666671,25.96,equatorial
16.21,24.78,30.05,20.48,79.49,0.01,0.59,4.39,0.53,0.53,2024-06-18,Ebolowa,2024,6,170,25,35.71,50.459999999999994,99.81,373.69,-0.025677817828456424,0.3113333333333337,25.96,equatorial
16.59,25.69,30.96,21.45,78.01,0.01,0.55,4.4,0.52,0.52,2024-06-19,Ebolowa,2024,6,171,25,35.28000000000001,49.25,94.57000000000001,367.23999999999995,-0.056476682565395446,1.1956666666666713,25.96,equatorial
13.98,24.63,28.46,22.47,88.11,9.06,0.46,2.99,0.52,0.57,2024-06-20,Ebolowa,2024,6,172,25,40.190000000000005,57.22999999999999,99.80000000000001,374.26,-0.02293898977996262,0.11333333333333329,25.69,equatorial
12.22,23.22,25.5,21.61,94.86,7.77,0.54,2.02,0.54,0.61,2024-06-21,Ebolowa,2024,6,173,25,16.980000000000004,64.50999999999999,104.55,381.93,0.013703736018889598,-1.2666666666666693,25.69,equatorial
15.44,24.37,29.39,21.03,86.53,3.62,0.62,4.5,0.54,0.57,2024-06-22,Ebolowa,2024,6,174,25,20.500000000000004,67.05,105.36000000000001,385.47,0.03061469561018929,-0.10966666666666569,25.69,equatorial
10.53,23.54,26.86,21.11,89.35,4.56,0.68,3.16,0.54,0.57,2024-06-23,Ebolowa,2024,6,175,25,25.040000000000003,71.03999999999999,104.81,389.97,0.052112863978279134,-0.9329999999999998,25.69,equatorial
14.59,22.81,25.51,20.97,91.91,5.04,0.65,2.61,0.54,0.59,2024-06-24,Ebolowa,2024,6,176,26,30.070000000000004,72.53,108.42,394.96,0.07595271976419155,-1.615000000000002,25.69,equatorial
9.28,22.66,25.59,20.8,92.62,6.38,0.56,3.34,0.55,0.59,2024-06-25,Ebolowa,2024,6,177,26,36.440000000000005,72.14999999999999,113.39999999999999,397.77,0.08937270564808081,-1.7076666666666647,25.69,equatorial
11.99,23.18,27.56,20.35,88.18,2.22,0.6,3.63,0.55,0.57,2024-06-26,Ebolowa,2024,6,178,26,38.650000000000006,73.92999999999999,111.67,395.37,0.07788674062426212,-1.1296666666666653,24.63,equatorial
13.76,23.4,27.0,20.4,86.36,2.93,0.61,3.95,0.54,0.56,2024-06-27,Ebolowa,2024,6,179,26,32.52,72.71,105.79,393.03000000000003,0.06668768074858644,-0.853666666666669,24.37,equatorial
15.44,24.53,29.38,21.14,84.25,3.25,0.59,4.7,0.54,0.56,2024-06-28,Ebolowa,2024,6,180,26,28.000000000000004,44.97999999999999,105.94,386.86,0.037174405437681975,0.2803333333333349,24.53,equatorial
16.18,23.96,27.87,21.42,90.29,6.16,0.64,3.73,0.54,0.58,2024-06-29,Ebolowa,2024,6,181,26,30.540000000000003,51.03999999999999,108.17,382.60999999999996,0.016843503999571643,-0.2673333333333332,24.53,equatorial
14.24,23.9,28.8,20.96,86.79,3.25,0.72,4.47,0.54,0.57,2024-06-30,Ebolowa,2024,6,182,26,29.230000000000004,54.269999999999996,108.8,382.57,0.016649749325487618,-0.315333333333335,24.53,equatorial
12.72,23.42,27.73,20.53,87.05,2.06,0.79,3.64,0.54,0.55,2024-07-01,Ebolowa,2024,7,183,27,26.250000000000004,56.31999999999999,109.92,382.77,0.017604121993235463,-0.7576666666666654,24.53,equatorial
11.86,23.0,26.09,21.19,88.65,0.99,0.67,1.84,0.53,0.55,2024-07-02,Ebolowa,2024,7,184,27,20.860000000000007,57.3,109.96,364.65999999999997,-0.06904656320795143,-1.1243333333333325,24.53,equatorial
15.88,24.42,29.5,20.4,81.16,0.47,0.71,4.38,0.53,0.54,2024-07-03,Ebolowa,2024,7,185,27,19.110000000000003,57.75999999999999,109.2,363.74,-0.07343898233935588,0.32633333333333425,24.53,equatorial
12.37,23.03,26.03,20.96,87.76,0.92,0.67,1.68,0.52,0.53,2024-07-04,Ebolowa,2024,7,186,27,17.100000000000005,49.61999999999999,109.14999999999999,360.21,-0.09032261115447264,-0.9923333333333346,24.53,equatorial
13.12,23.44,28.48,20.22,86.99,4.68,0.88,4.52,0.52,0.56,2024-07-05,Ebolowa,2024,7,187,27,18.530000000000005,46.529999999999994,112.61,360.08,-0.09093176468876914,-0.5219999999999985,24.42,equatorial
14.29,22.97,27.05,20.66,86.81,1.38,0.74,2.61,0.52,0.54,2024-07-06,Ebolowa,2024,7,188,27,13.750000000000004,44.28999999999999,112.91,360.87,-0.0871366294983061,-0.9506666666666668,24.42,equatorial
13.97,23.6,28.3,20.6,85.82,2.55,0.85,3.48,0.52,0.54,2024-07-07,Ebolowa,2024,7,189,27,13.050000000000004,42.279999999999994,114.97,358.69,-0.09756174800066443,-0.26866666666666816,24.42,equatorial
14.24,23.57,28.73,20.37,83.54,1.81,1.01,4.29,0.52,0.53,2024-07-08,Ebolowa,2024,7,190,28,12.800000000000002,39.05,115.7,355.75,-0.11162617224533794,-0.25966666666666427,24.42,equatorial
14.06,23.4,28.81,19.8,82.89,2.33,0.98,3.99,0.51,0.52,2024-07-09,Ebolowa,2024,7,191,28,14.140000000000002,34.99999999999999,117.46,353.81,-0.12090118851121993,-0.40466666666667095,24.42,equatorial
13.35,22.47,26.35,19.95,84.64,0.21,0.67,1.91,0.51,0.52,2024-07-10,Ebolowa,2024,7,192,28,13.880000000000004,32.989999999999995,114.12,338.07,-0.19627758637016102,-1.3133333333333361,23.6,equatorial
14.21,23.77,28.54,20.65,79.4,0.0,0.85,2.66,0.51,0.51,2024-07-11,Ebolowa,2024,7,193,28,12.960000000000004,30.05999999999999,107.36,333.78000000000003,-0.21679993863259736,-0.009333333333337634,23.77,equatorial
13.1,23.78,28.06,20.65,79.32,0.0,0.9,2.42,0.5,0.5,2024-07-12,Ebolowa,2024,7,194,28,8.280000000000005,26.80999999999999,106.92,327.63,-0.2462333710384875,0.038333333333333997,23.78,equatorial
11.69,23.72,28.27,21.14,80.85,0.0,0.82,2.03,0.5,0.5,2024-07-13,Ebolowa,2024,7,195,28,6.900000000000004,20.64999999999999,102.77000000000001,319.69,-0.28424306007936834,0.05299999999999372,23.78,equatorial
14.24,23.57,28.27,20.77,80.02,0.0,0.73,2.03,0.49,0.5,2024-07-14,Ebolowa,2024,7,196,28,4.350000000000004,17.39999999999999,71.79,305.36,-0.3528741298008809,-0.09600000000000009,23.78,equatorial
12.89,23.34,27.87,20.57,85.49,3.0,0.86,3.02,0.49,0.5,2024-07-15,Ebolowa,2024,7,197,29,5.540000000000004,18.339999999999993,74.69,303.21000000000004,-0.36312204187892083,-0.29233333333333533,23.78,equatorial
14.16,23.71,29.37,20.01,84.78,4.32,0.93,4.58,0.49,0.52,2024-07-16,Ebolowa,2024,7,198,29,7.530000000000004,21.669999999999995,78.99,302.0,-0.3688632674384127,0.0639999999999965,23.78,equatorial
13.06,22.39,25.81,20.57,91.85,3.83,0.85,2.55,0.49,0.53,2024-07-17,Ebolowa,2024,7,199,29,11.150000000000004,25.029999999999994,82.81,298.03,-0.38783580942761664,-1.2190000000000012,23.78,equatorial
12.39,23.69,29.29,20.03,83.94,2.85,1.05,4.54,0.5,0.52,2024-07-18,Ebolowa,2024,7,200,29,14.000000000000004,26.959999999999994,85.65,296.37,-0.39573100997399396,0.11733333333333462,23.78,equatorial
10.91,23.05,27.74,20.04,84.08,3.14,1.24,3.91,0.5,0.52,2024-07-19,Ebolowa,2024,7,201,29,17.140000000000004,25.419999999999995,88.78,298.53000000000003,-0.38530764666957223,-0.43466666666666853,23.72,equatorial
11.11,23.4,29.07,19.28,81.57,1.87,1.09,4.01,0.49,0.51,2024-07-20,Ebolowa,2024,7,202,29,19.010000000000005,25.909999999999993,81.59,296.63,-0.3943563532900834,-0.043666666666670295,23.71,equatorial
14.23,22.95,27.57,19.55,81.02,0.83,0.93,2.77,0.49,0.5,2024-07-21,Ebolowa,2024,7,203,29,19.840000000000003,24.189999999999994,74.65,292.61,-0.41357263044912906,-0.4846666666666657,23.71,equatorial
12.6,23.2,28.12,19.35,80.08,0.37,0.61,2.35,0.49,0.49,2024-07-22,Ebolowa,2024,7,204,30,17.210000000000004,22.749999999999993,71.39999999999999,286.88,-0.44098971815996635,-0.19566666666666777,23.71,equatorial
16.59,24.13,30.06,19.84,75.79,0.34,0.88,3.46,0.48,0.48,2024-07-23,Ebolowa,2024,7,205,30,13.230000000000004,20.759999999999994,67.18,283.06,-0.45924056130725116,0.7146666666666661,24.13,equatorial
13.28,24.08,29.73,20.04,80.54,1.63,0.96,3.2,0.48,0.48,2024-07-24,Ebolowa,2024,7,206,30,11.030000000000005,22.179999999999993,63.77,278.8,-0.4796002587580162,0.6223333333333301,24.13,equatorial
13.43,23.63,29.14,20.56,82.64,2.65,1.05,3.26,0.48,0.49,2024-07-25,Ebolowa,2024,7,207,30,10.830000000000004,24.829999999999995,60.04,277.61,-0.48522601909412144,0.13999999999999702,24.13,equatorial
11.9,23.54,28.95,20.19,82.12,3.17,1.21,3.78,0.48,0.5,2024-07-26,Ebolowa,2024,7,208,30,10.860000000000003,27.999999999999993,60.99,279.33000000000004,-0.47688601434490907,0.0379999999999967,24.13,equatorial
12.18,23.44,28.83,19.94,81.36,2.35,0.99,3.3,0.48,0.49,2024-07-27,Ebolowa,2024,7,209,30,11.340000000000003,30.349999999999994,60.410000000000004,278.87,-0.47901009286072566,-0.06333333333332902,24.13,equatorial
10.73,23.77,29.68,19.81,79.99,2.1,1.1,3.73,0.48,0.49,2024-07-28,Ebolowa,2024,7,210,30,12.610000000000005,32.449999999999996,59.26,279.17,-0.47748588676926296,0.29199999999999804,24.13,equatorial
9.69,23.11,28.18,20.05,83.41,2.56,0.97,3.02,0.48,0.49,2024-07-29,Ebolowa,2024,7,211,31,14.800000000000004,32.00999999999999,55.66,280.12,-0.47284152817926406,-0.3396666666666661,24.13,equatorial
9.43,23.47,29.32,19.98,81.25,3.14,1.25,3.96,0.48,0.49,2024-07-30,Ebolowa,2024,7,212,31,17.600000000000005,30.829999999999995,55.55,277.67,-0.4845215994420448,0.0346666666666664,24.08,equatorial
14.75,22.88,27.8,19.42,81.89,1.2,1.05,2.81,0.48,0.49,2024-07-31,Ebolowa,2024,7,213,31,17.170000000000005,28.199999999999992,54.690000000000005,274.24,-0.500905678568935,-0.5373333333333328,23.77,equatorial
17.25,23.38,27.83,19.82,78.89,0.47,0.91,2.3,0.47,0.47,2024-08-01,Ebolowa,2024,8,214,31,14.990000000000004,25.819999999999993,54.17,266.67,-0.5371678938355862,-0.05000000000000071,23.77,equatorial
14.52,24.34,30.67,19.81,77.19,0.97,0.85,3.16,0.47,0.47,2024-08-02,Ebolowa,2024,8,215,31,12.790000000000004,23.64999999999999,54.67,261.84,-0.5602651387133261,0.9126666666666701,24.34,equatorial
10.77,23.72,28.53,20.55,80.28,1.2,0.98,2.29,0.47,0.47,2024-08-03,Ebolowa,2024,8,216,31,11.640000000000004,22.979999999999993,54.95,258.95000000000005,-0.5740405344460379,0.26966666666666583,24.34,equatorial
12.26,22.63,26.5,20.0,80.55,0.67,0.96,1.79,0.47,0.47,2024-08-04,Ebolowa,2024,8,217,31,10.210000000000003,22.819999999999993,50.94,258.78,-0.5747482184758094,-0.7933333333333366,24.34,equatorial
10.47,23.77,30.03,19.64,76.54,0.6,1.04,2.54,0.47,0.46,2024-08-05,Ebolowa,2024,8,218,32,8.250000000000004,23.049999999999994,50.160000000000004,258.1,-0.5779057596730098,0.3200000000000003,24.34,equatorial
12.88,23.82,30.09,19.67,78.77,2.06,1.14,3.3,0.47,0.46,2024-08-06,Ebolowa,2024,8,219,32,7.1700000000000035,24.769999999999992,49.67,255.61,-0.5897584454943223,0.3626666666666658,24.34,equatorial
11.71,23.44,28.78,19.46,80.18,1.62,1.03,2.69,0.47,0.47,2024-08-07,Ebolowa,2024,8,220,32,7.590000000000003,24.759999999999994,49.48,256.12,-0.5871947370916741,-0.012999999999998124,24.34,equatorial
12.68,24.43,30.51,20.22,76.84,1.09,0.96,2.76,0.46,0.46,2024-08-08,Ebolowa,2024,8,221,32,8.210000000000003,23.199999999999992,48.24,256.36,-0.5859289654652895,0.9426666666666712,24.43,equatorial
12.07,23.77,28.95,20.22,82.6,4.26,0.79,3.25,0.46,0.48,2024-08-09,Ebolowa,2024,8,222,32,11.500000000000004,24.289999999999992,52.29,256.21999999999997,-0.5864896133451568,0.23933333333333096,24.43,equatorial
10.61,23.34,27.87,20.43,86.75,4.78,0.7,2.74,0.47,0.51,2024-08-10,Ebolowa,2024,8,223,32,15.080000000000005,26.71999999999999,57.07,257.43,-0.5805620145672991,-0.17633333333332857,24.43,equatorial
12.74,23.44,28.65,20.28,84.64,4.09,0.89,3.37,0.47,0.51,2024-08-11,Ebolowa,2024,8,224,32,18.500000000000004,28.709999999999994,61.16,256.74,-0.5837679828661786,-0.06499999999999773,24.43,equatorial
12.03,22.17,25.42,20.25,90.41,4.31,0.79,2.52,0.48,0.52,2024-08-12,Ebolowa,2024,8,225,33,22.21,30.459999999999994,65.47,256.39,-0.5853390024991,-1.2833333333333279,24.43,equatorial
11.6,22.9,27.88,19.85,85.37,3.6,0.9,3.45,0.48,0.52,2024-08-13,Ebolowa,2024,8,226,33,23.750000000000004,30.91999999999999,69.07,259.18,-0.5718144399930254,-0.5309999999999988,24.43,equatorial
9.98,23.68,28.92,19.78,81.2,1.23,0.92,3.33,0.48,0.5,2024-08-14,Ebolowa,2024,8,227,33,23.360000000000003,30.949999999999992,67.3,257.02000000000004,-0.5820915385300087,0.2376666666666658,24.43,equatorial
12.6,23.33,28.41,20.32,84.24,3.53,0.93,3.53,0.48,0.5,2024-08-15,Ebolowa,2024,8,228,33,25.800000000000004,34.00999999999999,66.51,255.21,-0.5906837626568979,-0.09966666666666768,23.77,equatorial
11.53,22.97,27.44,20.12,82.16,1.24,0.95,2.82,0.48,0.5,2024-08-16,Ebolowa,2024,8,229,33,22.780000000000005,34.279999999999994,63.92,249.20000000000002,-0.6194708980437089,-0.4789999999999992,23.68,equatorial
13.86,23.87,29.25,20.29,80.19,2.14,0.88,3.38,0.48,0.49,2024-08-17,Ebolowa,2024,8,230,33,20.140000000000004,35.21999999999999,63.21,248.67,-0.6218978773423073,0.4150000000000027,23.87,equatorial
11.06,23.15,28.07,20.5,85.78,2.33,1.06,3.09,0.48,0.49,2024-08-18,Ebolowa,2024,8,231,33,18.380000000000003,36.87999999999999,62.4,245.75,-0.6358190760316473,-0.30833333333333,23.87,equatorial
10.72,23.3,28.46,20.17,82.99,2.58,0.8,3.1,0.48,0.5,2024-08-19,Ebolowa,2024,8,232,34,16.650000000000006,38.86,63.11,244.5,-0.6417045894359044,-0.15499999999999758,23.87,equatorial
10.21,23.1,28.32,19.96,83.52,5.27,0.9,3.8,0.48,0.51,2024-08-20,Ebolowa,2024,8,233,34,18.320000000000004,42.06999999999999,67.55,246.75,-0.6307527544468656,-0.35999999999999943,23.87,equatorial
9.18,23.31,28.74,19.89,85.74,5.23,0.87,4.17,0.48,0.53,2024-08-21,Ebolowa,2024,8,234,34,22.320000000000004,45.67999999999999,72.41,249.17,-0.6189855810339562,-0.15366666666666617,23.87,equatorial
12.13,22.95,27.57,20.27,88.33,7.08,1.02,3.84,0.49,0.53,2024-08-22,Ebolowa,2024,8,235,34,25.870000000000005,51.669999999999995,79.14999999999999,251.14000000000001,-0.6093860173750022,-0.47433333333333394,23.87,equatorial
11.06,22.89,27.8,19.89,88.24,7.18,1.07,4.59,0.5,0.56,2024-08-23,Ebolowa,2024,8,236,34,31.810000000000002,54.589999999999996,84.7,256.89,-0.5816003684273294,-0.4946666666666637,23.87,equatorial
17.32,23.04,27.91,19.67,84.35,1.0,0.71,3.01,0.5,0.52,2024-08-24,Ebolowa,2024,8,237,34,30.67,50.809999999999995,83.05,256.49,-0.5834148097522764,-0.3249999999999993,23.31,equatorial
13.12,23.42,28.62,20.08,82.55,2.06,1.03,3.82,0.5,0.51,2024-08-25,Ebolowa,2024,8,238,34,30.400000000000006,48.77999999999999,81.94000000000001,254.60000000000002,-0.5923996896127509,0.05900000000000105,23.42,equatorial
11.45,23.27,28.7,19.89,83.96,2.26,1.14,3.86,0.49,0.51,2024-08-26,Ebolowa,2024,8,239,35,30.080000000000002,46.73,81.85,248.05,-0.623811231673241,-0.08533333333333815,23.42,equatorial
17.63,24.21,30.02,19.83,80.72,1.07,0.9,3.66,0.49,0.49,2024-08-27,Ebolowa,2024,8,240,35,25.880000000000003,44.199999999999996,80.82000000000001,246.02,-0.6334594907660084,0.8400000000000034,24.21,equatorial
12.32,23.41,27.54,20.67,84.51,1.57,0.92,2.52,0.48,0.49,2024-08-28,Ebolowa,2024,8,241,35,22.220000000000002,44.54,79.83,243.66,-0.6446941016099352,0.029999999999997584,24.21,equatorial
12.37,23.15,27.06,20.48,83.77,0.2,0.94,1.83,0.48,0.49,2024-08-29,Ebolowa,2024,8,242,35,15.340000000000003,41.209999999999994,76.89,241.24,-0.6562149233441107,-0.21933333333333493,24.21,equatorial
9.35,23.65,28.39,20.5,77.87,0.12,0.99,2.55,0.48,0.48,2024-08-30,Ebolowa,2024,8,243,35,8.280000000000003,40.089999999999996,75.81,240.42000000000002,-0.6600298280661688,0.254999999999999,24.21,equatorial
10.29,24.04,29.14,20.42,77.26,0.07,0.79,2.38,0.48,0.47,2024-08-31,Ebolowa,2024,8,244,35,7.350000000000003,38.019999999999996,75.41,239.54000000000002,-0.6641327260290871,0.6230000000000011,24.21,equatorial
14.27,25.25,31.56,20.65,74.28,0.1,0.62,2.93,0.47,0.47,2024-09-01,Ebolowa,2024,9,245,35,5.390000000000003,35.78999999999999,74.54,238.41,-0.6694384439517344,1.802666666666667,25.25,equatorial
6.84,23.78,28.13,21.4,78.95,0.55,0.61,1.88,0.47,0.47,2024-09-02,Ebolowa,2024,9,246,36,3.6800000000000037,33.76,73.89,237.99,-0.671323804702612,0.3306666666666658,25.25,equatorial
12.85,24.48,30.33,20.6,76.93,1.41,0.83,3.05,0.47,0.47,2024-09-03,Ebolowa,2024,9,247,36,4.020000000000004,29.89999999999999,74.63,238.18,-0.670271006499483,0.9690000000000012,25.25,equatorial
15.96,22.84,26.3,20.19,79.52,0.69,0.88,1.56,0.46,0.47,2024-09-04,Ebolowa,2024,9,248,36,3.1400000000000032,25.359999999999992,74.72,237.79000000000002,-0.6720119933499651,-0.6400000000000006,25.25,equatorial
15.13,23.16,27.67,19.51,81.78,2.83,0.63,2.73,0.46,0.48,2024-09-05,Ebolowa,2024,9,249,36,5.770000000000003,21.109999999999992,75.49,240.13,-0.6606029716909321,-0.2979999999999947,25.25,equatorial
11.24,22.96,27.63,20.33,83.73,3.65,1.03,3.5,0.47,0.5,2024-09-06,Ebolowa,2024,9,250,36,9.300000000000002,17.57999999999999,77.52,242.7,-0.6480888352317458,-0.4819999999999993,25.25,equatorial
17.01,23.73,30.4,19.42,74.89,0.85,0.75,2.98,0.47,0.47,2024-09-07,Ebolowa,2024,9,251,36,10.080000000000002,17.429999999999993,77.28,242.98,-0.6466098819125927,0.31133333333333724,25.25,equatorial
15.84,24.31,30.53,20.11,80.76,5.94,0.53,3.73,0.46,0.49,2024-09-08,Ebolowa,2024,9,252,36,15.920000000000003,21.30999999999999,78.96,245.37,-0.6349654352653167,0.8733333333333348,24.48,equatorial
18.9,23.92,28.46,21.29,85.96,7.38,0.56,3.37,0.47,0.54,2024-09-09,Ebolowa,2024,9,253,37,22.750000000000004,26.429999999999993,81.56,245.99,-0.6318522123714783,0.46399999999999864,24.48,equatorial
12.61,24.68,30.76,20.8,82.81,5.67,0.51,4.72,0.48,0.54,2024-09-10,Ebolowa,2024,9,254,37,27.010000000000005,31.029999999999994,83.14,251.22,-0.6065249245428066,1.182666666666666,24.68,equatorial
17.35,23.25,26.77,21.12,91.21,14.81,0.73,3.52,0.49,0.58,2024-09-11,Ebolowa,2024,9,255,37,41.13,44.269999999999996,93.64000000000001,261.88,-0.5550335376653671,-0.283333333333335,24.68,equatorial
12.6,23.19,27.37,20.56,90.26,6.91,0.68,3.91,0.51,0.58,2024-09-12,Ebolowa,2024,9,256,37,45.21000000000001,50.97999999999999,96.95,237.81,-0.6709422952518301,-0.35300000000000153,24.68,equatorial
18.19,22.89,26.65,20.65,90.05,5.74,0.47,3.43,0.52,0.57,2024-09-13,Ebolowa,2024,9,257,37,47.300000000000004,56.599999999999994,101.46,243.45000000000002,-0.6436202180657247,-0.6266666666666652,24.68,equatorial
17.97,24.13,29.9,20.55,85.29,2.89,0.69,5.09,0.52,0.55,2024-09-14,Ebolowa,2024,9,258,37,49.34,59.419999999999995,100.82,246.32,-0.6296571380019966,0.586666666666666,24.68,equatorial
17.34,24.18,29.17,20.66,86.52,3.54,0.63,4.52,0.52,0.54,2024-09-15,Ebolowa,2024,9,259,37,46.940000000000005,62.85999999999999,103.12,249.85000000000002,-0.6125153631826455,0.5963333333333338,24.68,equatorial
15.56,24.29,28.59,21.46,86.07,2.73,0.64,3.55,0.51,0.53,2024-09-16,Ebolowa,2024,9,260,38,42.290000000000006,65.03999999999999,103.71,252.57,-0.5992825114208014,0.6923333333333304,24.68,equatorial
13.21,23.34,27.45,20.95,89.24,4.52,0.83,3.55,0.51,0.55,2024-09-17,Ebolowa,2024,9,261,38,41.14,68.14999999999999,105.9,257.08,-0.5774211963227975,-0.26399999999999935,24.29,equatorial
15.43,23.54,29.03,20.03,85.21,4.06,0.72,4.88,0.51,0.54,2024-09-18,Ebolowa,2024,9,262,38,30.390000000000004,71.52,107.38,252.07999999999998,-0.6014242467400044,-0.07200000000000273,24.29,equatorial
17.27,22.31,25.77,20.23,91.33,14.0,0.77,4.26,0.52,0.6,2024-09-19,Ebolowa,2024,9,263,38,37.480000000000004,82.69,116.11000000000001,258.31,-0.5712632253292427,-1.275666666666666,24.29,equatorial
13.58,22.19,25.57,20.02,92.97,14.58,0.68,4.33,0.55,0.65,2024-09-20,Ebolowa,2024,9,264,38,46.32,93.61999999999999,125.46000000000001,269.27000000000004,-0.5182932201663614,-1.3583333333333343,24.29,equatorial
19.16,23.32,28.12,20.17,87.86,6.04,0.71,5.75,0.55,0.59,2024-09-21,Ebolowa,2024,9,265,38,49.47,98.80999999999999,124.42,270.75,-0.5110613652938002,-0.24066666666666592,24.29,equatorial
16.99,23.55,27.64,20.5,90.83,21.61,0.62,5.04,0.56,0.65,2024-09-22,Ebolowa,2024,9,266,38,67.54,114.47999999999999,138.85,287.32,-0.43102956552387756,-0.03266666666666751,24.29,equatorial
12.35,22.21,24.31,20.62,94.63,15.53,0.73,3.62,0.61,0.69,2024-09-23,Ebolowa,2024,9,267,39,80.34,122.62999999999998,153.38,296.46999999999997,-0.3868078793251089,-1.3449999999999989,23.55,equatorial
15.56,20.76,22.68,19.72,91.88,5.54,0.48,3.43,0.61,0.64,2024-09-24,Ebolowa,2024,9,268,39,81.36,122.49999999999999,156.85999999999999,299.79,-0.3707238888405694,-2.7063333333333297,23.55,equatorial
15.4,22.78,27.61,19.36,87.88,3.0,0.44,5.64,0.6,0.62,2024-09-25,Ebolowa,2024,9,269,39,80.3,110.69,157.6,299.86,-0.37032676471135095,-0.6699999999999982,23.55,equatorial
18.17,23.52,27.75,19.88,88.49,3.51,0.75,5.97,0.59,0.6,2024-09-26,Ebolowa,2024,9,270,39,69.81,107.28999999999999,160.04000000000002,300.12,-0.36901257893555633,0.09299999999999642,23.55,equatorial
10.11,21.88,23.47,20.6,97.37,9.23,0.68,2.51,0.59,0.64,2024-09-27,Ebolowa,2024,9,271,39,64.46000000000001,110.77999999999999,167.7,303.19,-0.35413316930742195,-1.4959999999999987,23.55,equatorial
13.32,22.15,26.5,19.55,90.13,3.16,0.84,5.22,0.58,0.61,2024-09-28,Ebolowa,2024,9,272,39,61.58,111.04999999999998,170.66,303.09999999999997,-0.35451171956913935,-1.1926666666666677,23.55,equatorial
17.08,21.62,25.47,19.18,89.73,2.55,0.69,3.86,0.58,0.59,2024-09-29,Ebolowa,2024,9,273,39,42.52,110.05999999999999,173.09,303.59,-0.3520896057142667,-1.6549999999999976,23.52,equatorial
17.07,22.94,27.86,19.34,86.52,1.63,0.62,5.83,0.57,0.58,2024-09-30,Ebolowa,2024,9,274,40,28.62,108.96,174.65,304.22999999999996,-0.34894328316900475,-0.29833333333333556,23.52,equatorial
16.89,23.69,28.07,20.59,87.57,2.69,0.83,5.0,0.55,0.57,2024-10-01,Ebolowa,2024,10,275,40,25.770000000000003,107.13,177.24,306.45,-0.3381659049784821,0.5036666666666676,23.69,equatorial
16.28,22.82,25.86,20.71,93.63,12.4,0.68,3.25,0.55,0.61,2024-10-02,Ebolowa,2024,10,276,40,35.17,115.47,189.09,317.93,-0.2826580474446681,-0.33433333333333337,23.69,equatorial
16.32,22.85,26.45,20.72,94.09,26.87,0.85,4.51,0.58,0.69,2024-10-03,Ebolowa,2024,10,277,40,58.53,128.34,214.55,340.12,-0.17540900221597602,-0.25,23.69,equatorial
9.15,21.41,22.88,20.41,98.02,11.93,0.68,2.09,0.62,0.69,2024-10-04,Ebolowa,2024,10,278,40,61.230000000000004,125.69,225.79,350.67,-0.12440598871707487,-1.6423333333333332,23.69,equatorial
14.74,21.55,24.09,20.02,94.68,11.4,0.61,3.42,0.64,0.7,2024-10-05,Ebolowa,2024,10,279,40,69.47,131.04999999999998,234.35999999999999,359.52,-0.08161890450607946,-1.4486666666666679,23.69,equatorial
15.61,22.86,26.81,19.77,91.48,6.22,0.7,4.7,0.63,0.65,2024-10-06,Ebolowa,2024,10,280,40,73.14,115.66,236.93,363.92999999999995,-0.06029217136152705,-0.1353333333333353,23.69,equatorial
10.13,23.19,27.15,20.29,91.3,6.76,0.55,5.75,0.63,0.66,2024-10-07,Ebolowa,2024,10,281,41,78.27,106.88999999999999,242.84,368.36,-0.038868791258733756,0.21266666666666723,23.69,equatorial
16.63,23.0,26.83,20.51,88.99,4.58,0.47,5.8,0.62,0.65,2024-10-08,Ebolowa,2024,10,282,41,80.16,105.92999999999999,241.48,372.73,-0.017735507651284694,0.06633333333332914,23.19,equatorial
17.63,22.92,27.05,20.36,89.29,1.37,0.63,4.6,0.61,0.62,2024-10-09,Ebolowa,2024,10,283,41,69.13000000000001,104.3,235.47,374.1,-0.011108494072047871,0.019666666666669386,23.19,equatorial
15.95,23.68,27.97,20.33,87.28,0.39,0.6,4.98,0.59,0.6,2024-10-10,Ebolowa,2024,10,284,41,42.650000000000006,101.17999999999999,230.19,374.49,-0.009220859528883619,0.8129999999999988,23.68,equatorial
19.87,24.21,28.57,20.59,86.33,1.58,0.67,5.98,0.58,0.59,2024-10-11,Ebolowa,2024,10,285,41,32.300000000000004,93.52999999999999,216.96,376.07,-0.0015774589216138917,1.311,24.21,equatorial
14.57,22.75,25.24,20.98,96.3,25.32,0.76,3.36,0.59,0.69,2024-10-12,Ebolowa,2024,10,286,41,46.220000000000006,115.69,235.37,401.39,0.12090690389746173,-0.13433333333333408,24.21,equatorial
11.59,21.6,23.36,20.11,96.08,5.82,0.46,2.35,0.62,0.67,2024-10-13,Ebolowa,2024,10,287,41,45.82000000000001,118.96,235.45,404.21000000000004,0.1345331606832944,-1.2413333333333334,24.21,equatorial
18.81,22.04,26.5,19.1,88.53,2.74,0.86,5.93,0.61,0.62,2024-10-14,Ebolowa,2024,10,288,42,41.800000000000004,120.07,235.29999999999998,402.63,0.12686877670761645,-0.7316666666666656,24.21,equatorial
19.42,21.99,27.0,17.5,86.68,1.35,0.69,6.32,0.6,0.61,2024-10-15,Ebolowa,2024,10,289,42,38.57000000000001,118.72999999999999,233.10999999999999,400.15,0.1148489806902794,-0.7086666666666694,24.21,equatorial
18.92,22.98,27.57,19.59,87.27,2.99,0.67,5.73,0.59,0.61,2024-10-16,Ebolowa,2024,10,290,42,40.190000000000005,109.32,233.37,400.29,0.11551033197176952,0.32500000000000284,24.21,equatorial
16.07,23.67,28.3,20.33,85.89,2.37,0.57,6.0,0.57,0.58,2024-10-17,Ebolowa,2024,10,291,42,42.17000000000001,84.82,231.22,399.52000000000004,0.11176658895047985,1.0040000000000013,24.21,equatorial
17.43,23.72,28.42,20.59,87.45,1.77,0.76,5.12,0.56,0.58,2024-10-18,Ebolowa,2024,10,292,42,42.36000000000001,74.65999999999998,228.93,399.42,0.11126663945030427,1.0479999999999983,23.72,equatorial
16.48,23.36,27.08,20.79,89.68,2.58,0.65,3.58,0.56,0.58,2024-10-19,Ebolowa,2024,10,293,42,19.620000000000005,65.84,217.51,401.16999999999996,0.11972458778582183,0.6529999999999987,23.72,equatorial
16.51,23.8,28.1,20.78,88.93,6.09,0.5,4.53,0.55,0.58,2024-10-20,Ebolowa,2024,10,294,42,19.890000000000004,65.71,209.02,406.89,0.14740821814039662,1.0393333333333352,23.8,equatorial
14.4,23.83,27.64,21.55,91.1,6.5,0.47,4.42,0.56,0.61,2024-10-21,Ebolowa,2024,10,295,43,23.650000000000006,65.44999999999999,209.48,413.05,0.17722256774405415,1.0523333333333298,23.83,equatorial
16.01,23.22,26.01,21.51,91.86,3.64,0.55,3.01,0.56,0.6,2024-10-22,Ebolowa,2024,10,296,43,25.940000000000005,64.50999999999999,191.51,415.06,0.1869335968930936,0.45333333333333314,23.83,equatorial
17.39,24.39,29.07,20.7,84.85,2.77,0.59,4.89,0.55,0.57,2024-10-23,Ebolowa,2024,10,297,43,25.720000000000002,65.91,178.75,415.17999999999995,0.18748797539050796,1.5506666666666646,24.39,equatorial
7.8,23.26,25.31,21.89,96.59,25.15,0.55,2.79,0.59,0.7,2024-10-24,Ebolowa,2024,10,298,43,48.5,90.66999999999999,198.36,437.16,0.2939605850529737,0.3373333333333335,24.39,equatorial
15.67,23.24,26.68,21.28,92.28,4.78,0.69,4.26,0.6,0.63,2024-10-25,Ebolowa,2024,10,299,43,51.51,93.86999999999999,200.14000000000001,439.59,0.30569148939162377,0.3019999999999996,24.39,equatorial
17.75,23.07,26.83,21.04,90.1,1.12,0.53,3.55,0.59,0.6,2024-10-26,Ebolowa,2024,10,300,43,50.050000000000004,69.66999999999999,197.75,438.61,0.3008953713259053,0.14700000000000202,24.39,equatorial
13.9,24.09,28.08,21.18,89.05,11.16,0.42,5.96,0.59,0.65,2024-10-27,Ebolowa,2024,10,301,43,55.120000000000005,75.00999999999999,199.68,447.21000000000004,0.3425343181128444,1.0933333333333337,24.39,equatorial
14.71,24.35,28.96,21.06,87.15,1.35,0.8,5.97,0.59,0.6,2024-10-28,Ebolowa,2024,10,302,44,49.970000000000006,73.61999999999999,197.87,445.41999999999996,0.3338037522873297,1.2800000000000011,24.39,equatorial
14.21,24.23,28.33,21.18,90.03,3.92,0.69,4.89,0.58,0.6,2024-10-29,Ebolowa,2024,10,303,44,50.25000000000001,76.19,199.23999999999998,448.14,0.3469392670664848,1.0730000000000004,24.39,equatorial
17.65,22.93,26.12,20.85,92.36,4.57,0.66,3.23,0.57,0.6,2024-10-30,Ebolowa,2024,10,304,44,52.050000000000004,77.77,202.18,452.24,0.3667652265126229,-0.22666666666666302,24.35,equatorial
13.88,22.8,26.08,20.65,88.02,1.82,0.68,3.33,0.57,0.59,2024-10-31,Ebolowa,2024,10,305,44,28.720000000000002,77.22,201.31,453.09,0.3708292763012603,-0.32700000000000173,24.35,equatorial
13.15,23.56,28.51,19.07,81.56,2.61,0.72,5.46,0.57,0.58,2024-11-01,Ebolowa,2024,11,306,44,26.550000000000004,78.06,191.51999999999998,454.5,0.37760900064260583,0.408333333333335,24.35,equatorial
17.77,22.64,25.85,19.98,92.0,20.77,0.77,3.82,0.59,0.68,2024-11-02,Ebolowa,2024,11,307,44,46.2,96.24999999999999,185.42,474.59999999999997,0.4750426884181581,-0.5046666666666688,24.35,equatorial
13.34,22.85,25.61,20.87,93.45,6.5,0.55,2.37,0.6,0.64,2024-11-03,Ebolowa,2024,11,308,44,41.54,96.66,179.99,480.5,0.5035816809466261,-0.3426666666666627,24.35,equatorial
14.81,24.04,28.15,21.01,88.62,3.42,0.63,4.71,0.6,0.61,2024-11-04,Ebolowa,2024,11,309,45,43.61,93.58,172.01,481.86,0.5100916986711538,0.7643333333333331,24.23,equatorial
15.45,23.22,26.12,21.4,92.45,3.66,0.54,2.87,0.59,0.61,2024-11-05,Ebolowa,2024,11,310,45,43.35,93.6,169.45000000000002,483.90000000000003,0.5199000137802997,-0.06766666666666765,24.04,equatorial
15.73,23.98,27.88,21.18,86.27,2.0,0.57,4.51,0.59,0.6,2024-11-06,Ebolowa,2024,11,311,45,40.78,92.82999999999998,164.69,484.81,0.5242238160339892,0.6660000000000004,24.04,equatorial
14.0,23.9,28.21,21.26,86.67,1.66,0.65,4.51,0.58,0.59,2024-11-07,Ebolowa,2024,11,312,45,40.620000000000005,69.33999999999999,161.77,482.21,0.5115137884683963,0.5560000000000009,24.04,equatorial
15.99,24.2,28.62,20.89,85.04,0.75,0.76,4.62,0.57,0.57,2024-11-08,Ebolowa,2024,11,313,45,38.760000000000005,65.30999999999999,161.15,478.18,0.4918653706304834,0.8133333333333326,24.2,equatorial
13.1,23.4,26.22,21.36,93.29,3.07,0.56,2.52,0.56,0.58,2024-11-09,Ebolowa,2024,11,314,45,21.06,67.25999999999999,163.83,477.15999999999997,0.48682965175173315,0.022666666666662394,24.2,equatorial
15.8,23.03,26.17,21.07,88.03,2.97,0.52,3.81,0.56,0.58,2024-11-10,Ebolowa,2024,11,315,45,17.53,59.06999999999999,165.22,475.82,0.4802412247362485,-0.30799999999999983,24.2,equatorial
21.42,24.43,29.29,20.5,80.13,0.43,0.93,5.14,0.55,0.56,2024-11-11,Ebolowa,2024,11,316,46,14.54,58.14999999999999,140.33,472.65000000000003,0.4647691802388882,1.0359999999999978,24.43,equatorial
20.93,24.94,29.84,20.12,77.6,0.86,0.97,5.46,0.54,0.55,2024-11-12,Ebolowa,2024,11,317,46,11.74,55.089999999999996,135.36999999999998,472.28,0.46289426868521966,1.4346666666666685,24.94,equatorial
12.8,24.43,28.49,20.84,83.36,1.77,0.84,3.41,0.54,0.55,2024-11-13,Ebolowa,2024,11,318,46,11.51,52.28999999999999,134.4,470.52,0.4542697842742775,0.8449999999999989,24.94,equatorial
16.06,25.38,30.49,21.35,78.13,2.02,0.79,5.51,0.53,0.54,2024-11-14,Ebolowa,2024,11,319,46,11.87,52.489999999999995,135.07000000000002,471.3,0.4579819010446229,1.6819999999999986,25.38,equatorial
9.85,23.59,27.48,21.19,86.3,4.07,0.65,3.97,0.53,0.56,2024-11-15,Ebolowa,2024,11,320,46,15.19,53.949999999999996,136.15,473.22999999999996,0.46727921426713065,-0.1283333333333303,25.38,equatorial
18.49,24.87,30.23,20.18,78.88,0.76,0.63,4.7,0.53,0.53,2024-11-16,Ebolowa,2024,11,321,46,12.88,33.93999999999999,134.54,471.65999999999997,0.45957394114813704,1.1116666666666681,25.38,equatorial
18.66,25.07,30.33,21.26,80.22,0.34,0.55,3.72,0.52,0.53,2024-11-17,Ebolowa,2024,11,322,46,10.25,27.779999999999994,133.10999999999999,469.42,0.4486146416884353,1.2666666666666657,25.38,equatorial
12.66,25.07,30.13,21.39,80.12,0.41,0.49,3.28,0.52,0.52,2024-11-18,Ebolowa,2024,11,323,47,10.23,24.769999999999992,130.94,464.56,0.4249267743313602,1.2096666666666671,25.38,equatorial
16.49,24.87,28.72,21.59,81.36,1.85,0.68,3.44,0.51,0.53,2024-11-19,Ebolowa,2024,11,324,47,11.219999999999999,22.95999999999999,126.7,461.18,0.40843296472080776,0.9740000000000002,25.38,equatorial
18.3,25.74,30.84,21.49,73.68,0.34,0.65,4.13,0.51,0.51,2024-11-20,Ebolowa,2024,11,325,47,9.79,21.299999999999994,120.53999999999999,454.44,0.37561142059440455,1.7803333333333313,25.74,equatorial
16.2,24.9,29.32,22.08,79.51,0.73,0.58,2.58,0.5,0.51,2024-11-21,Ebolowa,2024,11,326,47,8.5,20.369999999999994,117.63,447.99,0.34420185143575194,0.8843333333333305,25.74,equatorial
16.42,22.47,25.44,20.46,89.02,4.12,0.7,2.38,0.5,0.53,2024-11-22,Ebolowa,2024,11,327,47,8.55,23.739999999999995,118.98,451.11,0.35931526611020037,-1.4816666666666656,25.74,equatorial
16.81,23.7,29.68,19.81,84.76,4.98,0.67,4.39,0.51,0.56,2024-11-23,Ebolowa,2024,11,328,47,12.770000000000001,25.649999999999995,98.81,454.03000000000003,0.37345525702814164,-0.26633333333333553,25.74,equatorial
19.36,24.61,30.27,20.71,80.37,0.44,0.69,3.41,0.51,0.52,2024-11-24,Ebolowa,2024,11,329,47,12.870000000000001,23.119999999999994,94.47,452.21000000000004,0.36454712723920146,0.597999999999999,25.74,equatorial
18.91,24.01,27.55,21.15,83.44,0.92,0.67,2.23,0.51,0.51,2024-11-25,Ebolowa,2024,11,330,48,13.38,23.609999999999992,94.27000000000001,452.06,0.36376061996123055,-0.03333333333333499,25.74,equatorial
17.06,23.69,28.32,20.6,82.65,2.47,0.86,3.42,0.51,0.52,2024-11-26,Ebolowa,2024,11,331,48,14.000000000000002,25.21999999999999,85.58,452.96,0.3680807881043922,-0.3399999999999963,25.74,equatorial
17.21,23.85,28.68,20.43,79.16,0.16,0.81,3.23,0.51,0.51,2024-11-27,Ebolowa,2024,11,332,48,13.820000000000002,23.609999999999992,84.39,452.92,0.36782849399419304,-0.16333333333333044,24.9,equatorial
20.26,24.33,29.75,20.06,75.94,0.05,0.71,3.57,0.5,0.5,2024-11-28,Ebolowa,2024,11,333,48,13.140000000000002,21.639999999999993,80.52,452.84999999999997,0.3674303040099518,0.3133333333333326,24.61,equatorial
16.7,24.88,30.46,20.31,74.55,0.09,0.74,3.23,0.49,0.49,2024-11-29,Ebolowa,2024,11,334,48,9.110000000000001,17.659999999999993,76.04,452.87,0.3674700314509101,0.798333333333332,24.88,equatorial
20.53,26.06,32.18,21.24,70.66,0.06,0.69,3.5,0.49,0.49,2024-11-30,Ebolowa,2024,11,335,48,4.19,16.959999999999994,74.28,452.83,0.36721783382818446,1.8696666666666673,26.06,equatorial
22.31,26.34,32.36,22.06,68.9,0.04,0.7,3.43,0.48,0.48,2024-12-01,Ebolowa,2024,12,336,48,3.79,16.659999999999993,71.71,452.32,0.3646785016737647,2.0569999999999986,26.34,equatorial
19.4,25.71,31.55,21.49,73.01,0.9,0.72,3.1,0.48,0.48,2024-12-02,Ebolowa,2024,12,337,49,3.7700000000000005,17.14999999999999,51.84,451.81,0.36213937729923856,1.3246666666666655,26.34,equatorial
16.99,25.21,31.5,21.56,77.39,3.04,0.65,3.37,0.48,0.49,2024-12-03,Ebolowa,2024,12,338,49,4.34,18.339999999999996,48.38,454.15999999999997,0.37352150097660347,0.7460000000000022,26.34,equatorial
20.63,23.55,28.21,20.86,82.24,1.9,0.72,2.39,0.48,0.51,2024-12-04,Ebolowa,2024,12,339,49,6.08,19.899999999999995,46.86,453.23,0.36893551469651537,-0.8976666666666695,26.34,equatorial
17.67,23.82,29.65,19.89,78.88,1.11,0.48,2.31,0.48,0.49,2024-12-05,Ebolowa,2024,12,340,49,7.14,20.279999999999994,44.31,450.69,0.35651134088484077,-0.647666666666666,26.34,equatorial
16.04,24.19,28.77,20.53,81.38,1.23,0.62,2.09,0.48,0.49,2024-12-06,Ebolowa,2024,12,341,49,8.28,17.389999999999993,43.54,451.07,0.35830628947119086,-0.2846666666666664,26.34,equatorial
13.73,25.31,31.32,20.58,73.72,0.19,0.68,2.71,0.48,0.49,2024-12-07,Ebolowa,2024,12,342,49,8.41,12.599999999999993,42.07,445.32,0.3302488995172162,0.788333333333334,26.34,equatorial
19.74,25.68,31.59,21.36,66.75,0.17,0.82,2.96,0.48,0.47,2024-12-08,Ebolowa,2024,12,343,49,8.540000000000001,12.329999999999993,41.49,438.11,0.29508215364405876,1.1089999999999982,25.71,equatorial
20.24,26.28,32.75,21.79,67.05,0.14,0.61,3.0,0.48,0.47,2024-12-09,Ebolowa,2024,12,344,50,7.78,11.549999999999994,38.559999999999995,432.58,0.2681005292269302,1.613000000000003,26.28,equatorial
18.24,26.79,33.36,21.49,65.83,0.18,0.76,3.0,0.47,0.46,2024-12-10,Ebolowa,2024,12,345,50,4.92,9.259999999999993,35.77,417.95,0.1967861993588121,1.9976666666666674,26.79,equatorial
18.86,26.85,33.35,22.05,66.59,0.15,0.82,2.84,0.47,0.46,2024-12-11,Ebolowa,2024,12,346,50,3.17,9.249999999999993,35.49,411.19,0.163819887707687,1.9770000000000039,26.85,equatorial
18.95,26.34,32.68,21.19,68.5,0.06,0.76,2.54,0.47,0.45,2024-12-12,Ebolowa,2024,12,347,50,2.1199999999999997,9.259999999999993,34.69,405.51000000000005,0.13611705147047384,1.420333333333332,26.85,equatorial
19.09,26.36,33.62,21.05,65.67,0.03,0.76,2.74,0.46,0.45,2024-12-13,Ebolowa,2024,12,348,50,0.92,9.199999999999992,32.95,402.65,0.12215875625450338,1.3760000000000012,26.85,equatorial
15.85,26.48,33.4,20.83,64.41,0.08,0.83,2.4,0.46,0.44,2024-12-14,Ebolowa,2024,12,349,50,0.8099999999999999,9.219999999999994,31.01,399.19,0.10527585492770741,1.4593333333333334,26.85,equatorial
17.08,26.81,33.29,22.41,67.76,0.07,0.68,1.97,0.46,0.44,2024-12-15,Ebolowa,2024,12,350,50,0.7100000000000001,9.249999999999993,27.01,396.53,0.0922932071469812,1.6819999999999986,26.85,equatorial
13.61,25.84,30.89,22.32,73.31,0.28,0.54,1.48,0.46,0.45,2024-12-16,Ebolowa,2024,12,351,51,0.8500000000000001,8.629999999999992,26.53,392.29,0.07160674684179268,0.679666666666666,26.85,equatorial
17.9,26.36,32.29,22.08,69.63,0.07,0.7,1.8,0.46,0.45,2024-12-17,Ebolowa,2024,12,352,51,0.74,5.659999999999993,26.259999999999998,388.3,0.05213947043951682,1.1566666666666663,26.85,equatorial
17.46,26.32,32.39,21.95,70.92,0.08,0.77,1.79,0.46,0.45,2024-12-18,Ebolowa,2024,12,353,51,0.67,3.839999999999993,25.93,374.38,-0.01575852412372873,1.0749999999999993,26.81,equatorial
14.43,25.15,30.38,21.4,74.39,0.11,0.6,1.33,0.46,0.45,2024-12-19,Ebolowa,2024,12,354,51,0.72,2.839999999999993,24.19,359.90999999999997,-0.08633927403196084,-0.10433333333333294,26.81,equatorial
16.3,24.14,28.21,21.34,75.45,0.08,0.51,0.94,0.46,0.45,2024-12-20,Ebolowa,2024,12,355,51,0.77,1.6899999999999928,23.930000000000003,353.95,-0.11540337471435778,-1.0610000000000035,26.81,equatorial
18.93,25.44,32.1,19.85,69.4,0.02,0.75,1.87,0.46,0.45,2024-12-21,Ebolowa,2024,12,356,51,0.7100000000000001,1.519999999999993,23.220000000000002,332.36,-0.22072825177554437,0.22100000000000009,26.81,equatorial
18.8,26.7,33.52,21.33,67.66,0.0,0.74,2.06,0.46,0.44,2024-12-22,Ebolowa,2024,12,357,51,0.64,1.3499999999999928,19.1,316.83000000000004,-0.296478458669698,1.3399999999999963,26.7,equatorial
17.09,26.84,33.35,22.11,68.62,0.0,0.8,1.81,0.46,0.44,2024-12-23,Ebolowa,2024,12,358,52,0.36,1.2099999999999929,14.12,311.29,-0.3234709054048485,1.3753333333333337,26.84,equatorial
18.18,26.87,33.71,21.84,65.92,0.0,0.82,2.0,0.46,0.44,2024-12-24,Ebolowa,2024,12,359,52,0.29,1.029999999999993,13.68,308.29,-0.3380644354475756,1.3300000000000018,26.87,equatorial
17.57,26.89,33.89,21.6,66.85,0.0,0.75,1.87,0.45,0.44,2024-12-25,Ebolowa,2024,12,360,52,0.21,0.8799999999999929,12.76,304.78000000000003,-0.35514655756313696,1.2540000000000013,26.89,equatorial
12.69,26.27,31.7,22.29,70.32,0.0,0.6,1.27,0.45,0.44,2024-12-26,Ebolowa,2024,12,361,52,0.1,0.819999999999993,10.29,295.55,-0.4001521726901219,0.5479999999999983,26.89,equatorial
16.25,26.84,33.23,21.88,67.12,0.0,0.72,1.76,0.45,0.44,2024-12-27,Ebolowa,2024,12,362,52,0.02,0.7899999999999929,10.129999999999999,292.39000000000004,-0.4155171712532585,1.0183333333333344,26.89,equatorial
17.33,27.36,34.84,21.56,62.82,0.0,0.77,2.1,0.45,0.43,2024-12-28,Ebolowa,2024,12,363,52,0.0,0.709999999999993,10.079999999999998,289.84000000000003,-0.4279020809358864,1.437333333333335,27.36,equatorial
17.82,27.16,33.99,23.05,65.3,0.0,0.67,1.54,0.45,0.43,2024-12-29,Ebolowa,2024,12,364,52,0.0,0.6399999999999929,9.989999999999998,288.21000000000004,-0.4357929125505396,1.1613333333333316,27.36,equatorial
18.16,27.93,35.22,22.2,60.71,0.0,0.83,2.02,0.45,0.43,2024-12-30,Ebolowa,2024,12,365,1,0.0,0.3599999999999929,9.93,285.52000000000004,-0.4488600277874107,1.8689999999999998,27.93,equatorial
19.73,27.95,35.2,22.69,54.63,0.0,0.8,2.28,0.45,0.42,2024-12-31,Ebolowa,2024,12,366,1,0.0,0.2899999999999929,9.889999999999999,273.12,-0.5093542479014153,1.835333333333331,27.95,equatorial
20.06,27.15,34.81,21.02,62.47,0.02,0.93,1.97,0.45,0.42,2025-01-01,Ebolowa,2025,1,1,1,0.02,0.22999999999999288,9.01,246.27,-0.6404235981733689,0.9873333333333321,27.95,equatorial
20.03,27.27,34.58,21.58,60.97,0.03,0.82,1.92,0.44,0.42,2025-01-02,Ebolowa,2025,1,2,1,0.05,0.1499999999999929,6.0,234.37,-0.6984312159813897,1.0386666666666642,27.95,equatorial
18.97,27.01,34.13,21.73,66.51,0.03,0.77,1.53,0.44,0.42,2025-01-03,Ebolowa,2025,1,3,1,0.08,0.0999999999999929,4.13,223.0,-0.7538333239122481,0.663333333333334,27.95,equatorial
18.37,26.77,32.45,22.14,67.78,0.04,0.76,1.38,0.44,0.42,2025-01-04,Ebolowa,2025,1,4,1,0.12,0.11999999999999289,3.06,216.82,-0.7838629570098083,0.3249999999999993,27.95,equatorial
16.64,26.57,32.57,21.98,66.92,0.07,0.89,1.41,0.44,0.42,2025-01-05,Ebolowa,2025,1,5,1,0.19,0.1899999999999929,1.9000000000000001,210.13,-0.816373830214203,0.045666666666665634,27.95,equatorial
17.34,27.01,33.57,22.12,63.76,0.0,0.79,1.51,0.44,0.42,2025-01-06,Ebolowa,2025,1,6,2,0.19,0.1899999999999929,1.7100000000000002,205.54999999999998,-0.8385640380133753,0.4289999999999985,27.95,equatorial
17.84,26.62,33.43,21.6,67.2,0.0,0.85,1.38,0.44,0.42,2025-01-07,Ebolowa,2025,1,7,2,0.19,0.1899999999999929,1.54,204.17999999999998,-0.8450624396324078,0.007666666666668931,27.27,equatorial
14.71,26.67,33.94,21.02,63.62,0.0,0.86,1.61,0.44,0.42,2025-01-08,Ebolowa,2025,1,8,2,0.17,0.1899999999999929,1.4000000000000001,203.79,-0.8467701448361983,0.044666666666667965,27.27,equatorial
17.4,25.69,31.46,21.56,69.75,0.0,0.98,1.15,0.44,0.42,2025-01-09,Ebolowa,2025,1,9,2,0.14,0.1899999999999929,1.2200000000000002,202.20999999999998,-0.8542917106659523,-0.8986666666666672,27.01,equatorial
16.16,26.27,33.0,21.19,64.37,0.0,0.83,1.42,0.44,0.42,2025-01-10,Ebolowa,2025,1,10,2,0.11,0.1899999999999929,1.07,176.89,-0.977805004985556,-0.2993333333333368,27.01,equatorial
15.99,26.67,34.73,20.87,58.66,0.0,0.9,1.84,0.44,0.41,2025-01-11,Ebolowa,2025,1,11,2,0.07,0.1899999999999929,1.0100000000000002,171.07,-1.00597938797325,0.08966666666666967,27.01,equatorial
17.32,26.55,33.7,20.62,62.65,0.03,0.84,1.45,0.44,0.41,2025-01-12,Ebolowa,2025,1,12,2,0.03,0.2199999999999929,1.01,168.35999999999999,-1.0189435728587832,-0.03666666666666529,27.01,equatorial
17.24,26.83,33.74,21.89,63.29,0.03,0.76,1.41,0.44,0.41,2025-01-13,Ebolowa,2025,1,13,3,0.06,0.2499999999999929,0.9600000000000001,167.04,-1.0251094066996613,0.23166666666666558,26.83,equatorial
16.47,27.14,34.47,21.71,63.89,0.03,0.78,1.45,0.44,0.41,2025-01-14,Ebolowa,2025,1,14,3,0.09,0.2799999999999929,0.9199999999999999,164.07999999999998,-1.0392840816650286,0.5306666666666686,27.14,equatorial
14.73,27.11,33.91,22.01,64.75,0.05,0.9,1.38,0.44,0.41,2025-01-15,Ebolowa,2025,1,15,3,0.14,0.3099999999999929,0.69,161.76,-1.0503237185282024,0.4583333333333357,27.14,equatorial
16.31,26.89,33.62,21.33,64.64,0.52,0.81,1.59,0.44,0.42,2025-01-16,Ebolowa,2025,1,16,3,0.66,0.7999999999999929,1.1400000000000001,160.51000000000002,-1.0561294273087973,0.2206666666666699,27.14,equatorial
17.51,27.21,34.18,21.83,62.43,0.61,0.84,1.79,0.44,0.42,2025-01-17,Ebolowa,2025,1,17,3,1.27,1.3799999999999928,1.67,158.54,-1.0654490438527715,0.5109999999999992,27.21,equatorial
16.18,25.41,30.99,21.85,76.0,2.26,1.01,1.44,0.44,0.43,2025-01-18,Ebolowa,2025,1,18,3,3.53,3.5999999999999925,3.82,154.70999999999998,-1.0838491949821931,-1.297666666666668,27.21,equatorial
10.63,24.36,30.59,21.21,81.34,4.05,1.1,1.95,0.44,0.47,2025-01-19,Ebolowa,2025,1,19,3,7.55,7.579999999999993,7.789999999999999,152.26,-1.0954963579838672,-2.354999999999997,27.21,equatorial
13.18,23.07,27.65,20.29,83.23,4.32,1.06,2.07,0.45,0.49,2025-01-20,Ebolowa,2025,1,20,4,11.84,11.899999999999991,12.09,152.94,-1.0918466615058586,-3.5660000000000025,27.21,equatorial
17.07,24.47,31.23,20.01,74.89,0.1,0.76,1.45,0.46,0.46,2025-01-21,Ebolowa,2025,1,21,4,11.91,11.999999999999993,12.190000000000001,150.26999999999998,-1.1045629385311093,-2.091666666666665,27.21,equatorial
6.59,25.21,31.48,21.46,74.3,0.13,0.67,1.31,0.46,0.45,2025-01-22,Ebolowa,2025,1,22,4,11.99,12.129999999999992,12.32,125.25,-1.2264314536725005,-1.2973333333333343,27.21,equatorial
16.2,24.99,30.08,21.48,75.27,0.04,0.72,1.12,0.46,0.45,2025-01-23,Ebolowa,2025,1,23,4,11.51,12.169999999999993,12.360000000000001,120.51,-1.249161581404356,-1.454666666666668,27.21,equatorial
17.48,24.95,29.7,21.63,73.92,0.07,0.86,1.19,0.45,0.45,2025-01-24,Ebolowa,2025,1,24,4,10.969999999999999,12.239999999999993,12.430000000000001,119.46,-1.2538539614165003,-1.4300000000000033,25.41,equatorial
15.41,25.38,30.94,20.74,71.18,0.03,0.82,1.5,0.45,0.44,2025-01-25,Ebolowa,2025,1,25,4,8.74,12.269999999999992,12.46,108.33,-1.307758180419502,-0.9703333333333326,25.38,equatorial
18.15,24.84,28.83,21.46,75.36,0.31,0.98,1.3,0.45,0.44,2025-01-26,Ebolowa,2025,1,26,4,5.0,12.549999999999994,12.770000000000001,107.28999999999999,-1.3123537698926464,-1.4436666666666653,25.38,equatorial
16.93,25.92,32.53,21.33,68.53,0.17,1.17,1.88,0.45,0.44,2025-01-27,Ebolowa,2025,1,27,5,0.8500000000000001,12.689999999999992,12.940000000000001,103.54,-1.330173611279613,-0.3156666666666652,25.92,equatorial
19.08,25.79,32.91,20.48,69.45,0.1,1.01,1.68,0.45,0.43,2025-01-28,Ebolowa,2025,1,28,5,0.8500000000000001,12.759999999999993,13.040000000000001,99.07,-1.3514903389558421,-0.40000000000000213,25.92,equatorial
19.03,26.44,33.46,21.12,66.63,0.17,0.92,1.83,0.45,0.43,2025-01-29,Ebolowa,2025,1,29,5,0.8900000000000001,12.879999999999992,13.21,97.42,-1.3590239331917224,0.29966666666666697,26.44,equatorial
17.75,26.17,33.03,21.2,66.47,0.06,0.95,1.64,0.45,0.42,2025-01-30,Ebolowa,2025,1,30,5,0.91,12.419999999999993,13.270000000000001,94.87,-1.3709415690456093,0.08900000000000219,26.44,equatorial
15.03,26.59,34.4,20.92,64.17,0.11,0.79,1.82,0.44,0.42,2025-01-31,Ebolowa,2025,1,31,5,0.9500000000000001,11.919999999999993,13.360000000000001,74.21,-1.471198327607801,0.527666666666665,26.59,equatorial
18.47,26.52,33.67,21.38,66.56,0.22,0.86,1.6,0.44,0.42,2025-02-01,Ebolowa,2025,2,32,5,1.1400000000000001,9.879999999999994,13.55,67.93,-1.5011973973278068,0.4826666666666668,26.59,equatorial
16.68,26.02,32.26,21.36,69.44,0.35,1.11,1.46,0.44,0.42,2025-02-02,Ebolowa,2025,2,33,5,1.18,6.179999999999993,13.870000000000001,64.86,-1.5155059577959238,0.01566666666666805,26.59,equatorial
17.66,25.78,32.5,21.06,69.32,0.93,0.66,1.59,0.44,0.43,2025-02-03,Ebolowa,2025,2,34,6,1.9400000000000002,2.789999999999992,14.76,62.13,-1.5281389436907344,-0.1913333333333327,26.59,equatorial
15.19,27.13,35.31,21.55,68.73,0.71,0.97,1.86,0.44,0.43,2025-02-04,Ebolowa,2025,2,35,6,2.55,3.399999999999992,15.399999999999999,60.84,-1.5337364617523677,1.1400000000000006,27.13,equatorial
15.26,26.46,33.0,22.2,72.12,0.04,1.19,1.14,0.44,0.42,2025-02-05,Ebolowa,2025,2,36,6,2.42,3.309999999999992,15.44,59.22,-1.5409351998922185,0.4883333333333333,27.13,equatorial
15.27,26.67,33.26,22.28,67.53,0.0,1.25,1.33,0.44,0.42,2025-02-06,Ebolowa,2025,2,37,6,2.36,3.269999999999992,15.44,58.47,-1.5438854068119838,0.696666666666669,27.13,equatorial
15.89,26.63,32.74,22.08,69.61,0.0,0.99,1.12,0.44,0.42,2025-02-07,Ebolowa,2025,2,38,6,2.25,3.199999999999992,15.44,55.4,-1.5581344239641142,0.6580000000000013,27.13,equatorial
17.16,27.65,34.61,22.5,66.81,0.0,0.8,1.26,0.44,0.42,2025-02-08,Ebolowa,2025,2,39,6,2.03,3.169999999999992,15.44,52.43,-1.5718775516816303,1.6126666666666658,27.65,equatorial
13.96,27.59,33.99,23.47,65.48,0.0,0.7,1.13,0.44,0.41,2025-02-09,Ebolowa,2025,2,40,6,1.6800000000000002,2.859999999999992,15.44,52.0,-1.573233135229327,1.5086666666666702,27.65,equatorial
20.71,27.83,34.42,22.41,64.61,0.03,0.86,1.31,0.44,0.41,2025-02-10,Ebolowa,2025,2,41,7,0.7799999999999999,2.7199999999999918,15.469999999999999,51.17,-1.5765344611637644,1.7099999999999973,27.83,equatorial
11.26,27.33,33.6,22.72,66.87,0.03,0.97,1.19,0.44,0.41,2025-02-11,Ebolowa,2025,2,42,7,0.1,2.649999999999992,15.47,49.43000000000001,-1.5842610428966204,1.1839999999999975,27.83,equatorial
18.27,27.99,35.17,23.03,62.72,0.01,0.99,1.37,0.43,0.41,2025-02-12,Ebolowa,2025,2,43,7,0.06999999999999999,2.4899999999999918,15.450000000000001,47.42,-1.5932911464940183,1.8053333333333335,27.99,equatorial
17.68,27.09,32.67,22.88,65.72,0.02,1.16,1.14,0.43,0.4,2025-02-13,Ebolowa,2025,2,44,7,0.09,2.4499999999999917,15.44,43.370000000000005,-1.6122346348971115,0.907,27.99,equatorial
17.46,27.77,34.91,22.25,63.35,0.01,0.89,1.26,0.43,0.4,2025-02-14,Ebolowa,2025,2,45,7,0.09999999999999999,2.349999999999992,15.4,42.620000000000005,-1.6150986701643424,1.5650000000000013,27.99,equatorial
15.93,27.07,33.13,23.23,68.71,0.02,0.85,0.87,0.43,0.4,2025-02-15,Ebolowa,2025,2,46,7,0.12,2.149999999999992,14.9,42.3,-1.6158674334624734,0.8589999999999982,27.99,equatorial
11.71,26.88,33.05,22.81,68.72,0.02,0.85,0.93,0.43,0.41,2025-02-16,Ebolowa,2025,2,47,7,0.13999999999999999,1.8199999999999918,14.31,41.910000000000004,-1.6169755174964868,0.6799999999999997,27.99,equatorial
18.67,27.15,33.61,22.43,66.77,0.01,0.96,1.02,0.43,0.41,2025-02-17,Ebolowa,2025,2,48,8,0.12,0.8999999999999919,12.06,40.07,-1.6251309100482616,0.8919999999999995,27.99,equatorial
16.0,26.97,33.43,22.49,68.21,0.01,0.83,0.93,0.43,0.4,2025-02-18,Ebolowa,2025,2,49,8,0.1,0.19999999999999202,8.020000000000001,39.739999999999995,-1.6259358533114245,0.6249999999999964,27.99,equatorial
16.01,27.1,33.35,22.49,66.69,0.02,0.91,0.98,0.43,0.4,2025-02-19,Ebolowa,2025,2,50,8,0.11,0.179999999999992,3.720000000000001,39.03,-1.6285861317453685,0.6206666666666685,27.77,equatorial
16.54,26.83,33.3,22.78,68.38,0.88,0.75,1.34,0.43,0.41,2025-02-20,Ebolowa,2025,2,51,8,0.97,1.059999999999992,4.500000000000001,35.79,-1.6435231950068108,0.27199999999999847,27.77,equatorial
19.16,25.49,31.15,21.85,74.67,0.89,0.67,1.08,0.43,0.42,2025-02-21,Ebolowa,2025,2,52,8,1.85,1.949999999999992,5.260000000000001,31.7,-1.6625665189457746,-1.0773333333333355,27.15,equatorial
16.19,24.54,29.11,21.56,77.91,1.5,0.98,1.32,0.43,0.43,2025-02-22,Ebolowa,2025,2,53,8,3.33,3.449999999999992,6.720000000000001,32.76,-1.6565756632003068,-2.012333333333334,27.15,equatorial
14.18,24.5,29.66,21.15,77.73,1.36,0.69,1.26,0.44,0.44,2025-02-23,Ebolowa,2025,2,54,8,4.67,4.809999999999992,8.010000000000002,33.2,-1.6536034212083297,-2.0373333333333328,27.15,equatorial
19.15,26.03,33.02,21.39,73.74,1.57,1.04,1.94,0.44,0.44,2025-02-24,Ebolowa,2025,2,55,9,6.23,6.349999999999992,9.55,32.300000000000004,-1.6571389674197625,-0.5289999999999999,27.1,equatorial
16.29,26.33,33.39,21.93,75.45,3.3,1.0,2.32,0.44,0.45,2025-02-25,Ebolowa,2025,2,56,9,9.52,9.619999999999992,12.540000000000001,35.44,-1.6410666283435102,-0.2786666666666697,27.1,equatorial
12.67,25.2,30.64,21.34,76.71,1.87,0.98,1.94,0.44,0.46,2025-02-26,Ebolowa,2025,2,57,9,11.370000000000001,11.479999999999993,14.240000000000002,37.26,-1.631421054103604,-1.3846666666666678,26.83,equatorial
19.15,27.13,34.88,21.22,67.39,1.0,0.8,2.32,0.44,0.44,2025-02-27,Ebolowa,2025,2,58,9,11.49,12.45999999999999,15.14,38.169999999999995,-1.626202907848498,0.5006666666666675,27.13,equatorial
18.03,27.49,34.43,22.12,68.07,2.19,0.65,2.68,0.44,0.44,2025-02-28,Ebolowa,2025,2,59,9,12.79,14.639999999999992,17.16,40.300000000000004,-1.6150763292140964,0.8256666666666668,27.49,equatorial
13.03,26.04,31.54,22.98,76.55,2.51,0.6,1.83,0.44,0.46,2025-03-01,Ebolowa,2025,3,60,9,13.799999999999999,17.129999999999992,19.610000000000003,42.77,-1.6023169822530172,-0.620000000000001,27.49,equatorial
17.42,27.18,34.27,22.33,72.4,1.31,0.78,2.23,0.45,0.45,2025-03-02,Ebolowa,2025,3,61,9,13.75,18.41999999999999,20.81,43.18,-1.599560377141324,0.5003333333333337,27.49,equatorial
15.88,26.42,33.55,22.36,77.18,4.34,0.86,2.63,0.45,0.47,2025-03-03,Ebolowa,2025,3,62,10,16.52,22.74999999999999,24.93,44.48,-1.5924945395050203,-0.2563333333333304,27.49,equatorial
13.88,26.1,33.25,21.76,78.18,4.87,0.69,2.95,0.45,0.49,2025-03-04,Ebolowa,2025,3,63,10,18.09,27.609999999999992,29.45,47.45,-1.5773468324759488,-0.5789999999999971,27.49,equatorial
16.44,25.72,31.46,22.43,80.21,5.18,0.79,2.7,0.46,0.51,2025-03-05,Ebolowa,2025,3,64,10,21.4,32.769999999999996,33.7,51.519999999999996,-1.5568904816019282,-0.9570000000000043,27.49,equatorial
15.18,25.55,32.51,21.64,80.68,4.07,0.73,3.08,0.46,0.5,2025-03-06,Ebolowa,2025,3,65,10,24.47,35.959999999999994,37.06,54.36,-1.542418214863488,-1.0743333333333318,27.49,equatorial
16.03,26.17,32.97,21.57,77.62,3.68,0.78,3.54,0.47,0.5,2025-03-07,Ebolowa,2025,3,66,10,25.96,38.74999999999999,40.7,57.85,-1.5248165975955927,-0.444666666666663,27.18,equatorial
15.73,24.69,29.05,22.17,86.22,3.59,0.63,1.96,0.47,0.51,2025-03-08,Ebolowa,2025,3,67,10,27.04,40.83999999999999,44.29,61.269999999999996,-1.507575801033031,-1.858666666666668,27.18,equatorial
18.4,26.18,32.41,22.29,78.78,2.99,0.87,3.61,0.47,0.5,2025-03-09,Ebolowa,2025,3,68,10,28.72,42.46999999999999,47.28,64.12,-1.493115485888105,-0.35366666666666546,26.42,equatorial
18.9,25.84,31.96,21.95,79.17,7.96,0.79,3.9,0.47,0.53,2025-03-10,Ebolowa,2025,3,69,11,32.34,48.85999999999999,55.24,71.89999999999999,-1.4548081490123124,-0.6333333333333329,26.18,equatorial
17.74,25.57,31.72,21.83,82.22,6.39,0.83,3.74,0.49,0.55,2025-03-11,Ebolowa,2025,3,70,11,33.86,51.949999999999996,61.63,78.14,-1.4239974482011648,-0.8360000000000021,26.18,equatorial
17.61,25.23,30.44,22.01,81.65,2.68,1.13,3.42,0.49,0.52,2025-03-12,Ebolowa,2025,3,71,11,31.36,52.76,64.28,80.76,-1.4107391831884897,-1.089333333333336,26.18,equatorial
16.5,25.63,31.09,21.91,78.4,1.81,1.18,3.68,0.48,0.49,2025-03-13,Ebolowa,2025,3,72,11,29.099999999999998,53.569999999999986,66.06,82.54,-1.40155979816724,-0.6326666666666689,26.18,equatorial
16.23,25.99,32.49,21.65,75.59,1.35,0.64,3.72,0.48,0.49,2025-03-14,Ebolowa,2025,3,73,11,26.77,52.72999999999999,67.4,83.81,-1.3948576946752693,-0.20600000000000307,26.18,equatorial
20.62,26.22,32.63,21.75,76.24,2.44,0.66,3.56,0.47,0.48,2025-03-15,Ebolowa,2025,3,74,11,25.619999999999997,52.66,69.82,86.17999999999999,-1.382841059201832,0.053000000000000824,26.22,equatorial
17.8,25.58,31.62,21.98,81.18,8.51,0.83,4.23,0.48,0.54,2025-03-16,Ebolowa,2025,3,75,11,31.14,59.85999999999999,78.32000000000001,94.41,-1.3424897885900005,-0.5140000000000029,26.22,equatorial
9.68,23.94,27.36,21.5,85.74,2.87,0.99,2.5,0.48,0.53,2025-03-17,Ebolowa,2025,3,76,12,26.05,58.38999999999999,81.17,97.21000000000001,-1.3284419860805743,-2.0496666666666634,26.22,equatorial
16.72,24.81,30.45,20.82,78.87,2.17,0.63,3.15,0.48,0.5,2025-03-18,Ebolowa,2025,3,77,12,21.83,55.68999999999999,83.32,99.3,-1.3178414149987785,-1.110666666666667,26.22,equatorial
21.64,25.95,32.5,21.44,77.69,1.92,0.63,3.93,0.48,0.5,2025-03-19,Ebolowa,2025,3,78,12,21.07,52.42999999999999,85.22999999999999,101.11,-1.30860485302694,0.0693333333333328,26.22,equatorial
17.61,24.73,30.26,21.89,84.65,13.01,0.74,3.84,0.48,0.55,2025-03-20,Ebolowa,2025,3,79,12,32.269999999999996,61.36999999999999,98.23,114.04,-1.2456022379427083,-1.075999999999997,26.22,equatorial
19.44,24.77,30.69,21.08,84.84,9.11,0.6,3.81,0.5,0.57,2025-03-21,Ebolowa,2025,3,80,12,40.03,66.79999999999998,107.32000000000001,123.13,-1.201219887862877,-0.9583333333333321,26.22,equatorial
13.55,24.02,27.62,21.8,89.98,7.64,0.65,2.95,0.52,0.59,2025-03-22,Ebolowa,2025,3,81,12,45.23,70.85,114.08,130.76999999999998,-1.1638828009822033,-1.6146666666666682,25.95,equatorial
19.81,24.64,29.77,21.57,86.74,5.81,0.71,3.87,0.52,0.56,2025-03-23,Ebolowa,2025,3,82,12,42.53,73.67,119.0,136.57999999999998,-1.1354214476831883,-0.9663333333333348,25.95,equatorial
19.67,25.49,31.02,21.73,83.94,4.28,0.58,4.53,0.52,0.57,2025-03-24,Ebolowa,2025,3,83,13,43.94,69.99,121.78,140.85999999999999,-1.1143778224983585,-0.1479999999999997,25.95,equatorial
18.13,25.7,30.91,22.33,82.63,2.15,0.69,3.98,0.52,0.54,2025-03-25,Ebolowa,2025,3,84,13,43.919999999999995,65.74999999999999,122.57,143.01,-1.103647535126751,0.022000000000002018,25.95,equatorial
16.0,24.14,27.94,22.04,91.19,15.7,0.72,3.28,0.52,0.59,2025-03-26,Ebolowa,2025,3,85,13,57.7,78.76999999999998,136.7,158.70999999999998,-1.0274039283646583,-1.4749999999999979,25.7,equatorial
18.05,24.36,29.68,20.88,85.98,11.68,0.86,5.17,0.55,0.64,2025-03-27,Ebolowa,2025,3,86,13,56.36999999999999,88.63999999999999,145.07999999999998,170.39,-0.9706410524248908,-1.1893333333333338,25.7,equatorial
20.83,25.38,30.66,21.38,81.11,0.4,0.83,4.99,0.54,0.55,2025-03-28,Ebolowa,2025,3,87,13,47.66,87.69,143.60999999999999,170.79,-0.9684547390275909,-0.17533333333333445,25.7,equatorial
17.11,25.07,29.71,22.02,84.33,1.17,0.8,3.81,0.53,0.54,2025-03-29,Ebolowa,2025,3,88,13,41.19,86.41999999999999,143.77999999999997,171.95999999999998,-0.9625459696984621,-0.41666666666666785,25.7,equatorial
19.56,23.9,26.45,22.05,89.35,1.39,0.88,2.18,0.53,0.54,2025-03-30,Ebolowa,2025,3,89,13,36.769999999999996,79.29999999999998,142.98,173.35,-0.9555762735772997,-1.4670000000000023,25.7,equatorial
13.38,23.34,26.41,21.4,85.99,0.68,0.89,2.21,0.52,0.53,2025-03-31,Ebolowa,2025,3,90,14,33.169999999999995,77.10999999999999,141.15,174.03,-0.9520436075393,-1.9370000000000012,25.7,equatorial
21.14,24.99,30.75,20.63,81.85,1.89,0.68,4.6,0.51,0.52,2025-04-01,Ebolowa,2025,4,91,14,32.91,76.83,141.73,175.9,-0.9427577504040335,-0.2140000000000022,25.38,equatorial
17.28,23.14,25.72,21.64,91.93,5.17,0.69,2.39,0.51,0.55,2025-04-02,Ebolowa,2025,4,92,14,22.38,80.08,142.56,181.04000000000002,-0.91766179852649,-1.954666666666668,25.38,equatorial
11.33,23.81,28.38,20.78,88.59,7.4,0.43,3.22,0.52,0.59,2025-04-03,Ebolowa,2025,4,93,14,18.1,74.46999999999998,145.08999999999997,188.41,-0.8817916011995486,-1.2083333333333321,25.38,equatorial
24.74,25.79,31.77,21.32,81.04,1.74,0.62,5.69,0.52,0.53,2025-04-04,Ebolowa,2025,4,94,14,19.44,67.1,141.65,190.10999999999999,-0.8733601379489415,0.7693333333333321,25.79,equatorial
12.26,24.84,29.09,22.02,86.61,2.49,0.76,3.25,0.51,0.53,2025-04-05,Ebolowa,2025,4,95,14,20.759999999999998,61.94999999999999,140.07,192.53,-0.8614495998563252,-0.15700000000000003,25.79,equatorial
20.34,25.45,30.76,21.57,79.57,0.67,0.95,4.44,0.51,0.51,2025-04-06,Ebolowa,2025,4,96,14,20.04,56.80999999999999,137.06,193.2,-0.8580086533015787,0.47699999999999676,25.79,equatorial
18.84,25.32,30.09,21.79,81.15,0.75,0.54,2.99,0.5,0.51,2025-04-07,Ebolowa,2025,4,97,15,20.11,53.279999999999994,134.22,193.95,-0.8541821353023923,0.32600000000000406,25.79,equatorial
7.65,25.54,29.62,22.8,79.91,0.36,0.38,2.54,0.49,0.5,2025-04-08,Ebolowa,2025,4,98,15,18.58,51.48999999999999,131.59,194.31,-0.852243754189077,0.5673333333333304,25.79,equatorial
19.15,26.35,32.3,22.54,73.54,0.37,0.58,4.37,0.49,0.49,2025-04-09,Ebolowa,2025,4,99,15,13.780000000000001,36.15999999999999,124.0,194.68,-0.8502578058794716,1.3603333333333332,26.35,equatorial
12.71,24.73,29.32,22.49,84.97,1.7,0.66,2.22,0.48,0.49,2025-04-10,Ebolowa,2025,4,100,15,8.08,26.179999999999993,119.31,196.38,-0.8418384130271871,-0.23166666666666202,26.35,equatorial
14.31,24.69,29.17,21.93,83.07,0.74,0.57,2.25,0.48,0.49,2025-04-11,Ebolowa,2025,4,101,15,7.08,26.519999999999996,117.36999999999999,197.12,-0.8380667277622309,-0.25366666666666404,26.35,equatorial
17.62,26.3,32.34,21.31,72.97,0.15,0.58,3.66,0.47,0.47,2025-04-12,Ebolowa,2025,4,102,15,4.74,25.499999999999993,115.71,197.23999999999998,-0.8372961948498785,1.3340000000000032,26.35,equatorial
18.25,26.66,32.77,22.14,74.37,0.98,0.63,3.57,0.47,0.47,2025-04-13,Ebolowa,2025,4,103,15,5.05,25.089999999999993,115.34,198.19,-0.8325101328526092,1.6716666666666633,26.66,equatorial
16.35,26.58,32.55,22.26,75.92,1.31,0.64,3.05,0.46,0.47,2025-04-14,Ebolowa,2025,4,104,16,5.61,25.71999999999999,114.21000000000001,199.47,-0.826129140574015,1.5796666666666646,26.66,equatorial
17.99,25.97,30.48,22.84,78.57,1.19,0.66,2.09,0.46,0.47,2025-04-15,Ebolowa,2025,4,105,16,6.4399999999999995,25.019999999999992,106.89,200.61,-0.8204279495020246,0.956666666666667,26.66,equatorial
8.18,24.16,28.1,21.66,84.65,5.02,0.96,3.18,0.46,0.49,2025-04-16,Ebolowa,2025,4,106,16,11.09,24.869999999999994,109.04,205.11,-0.7984694509264157,-0.8606666666666669,26.66,equatorial
20.08,25.43,31.87,19.94,72.04,0.53,0.58,3.15,0.46,0.47,2025-04-17,Ebolowa,2025,4,107,16,9.92,17.999999999999993,107.4,205.02999999999997,-0.7986827463801291,0.3886666666666656,26.66,equatorial
18.95,26.08,31.91,21.5,76.13,2.07,0.46,3.5,0.46,0.46,2025-04-18,Ebolowa,2025,4,108,16,11.25,18.32999999999999,107.55,204.84,-0.7994283796800085,1.0343333333333327,26.66,equatorial
18.37,26.48,31.89,22.33,76.86,1.03,0.54,2.35,0.46,0.46,2025-04-19,Ebolowa,2025,4,109,16,12.129999999999999,16.869999999999994,95.57,201.82000000000002,-0.8138704611182445,1.3760000000000012,26.66,equatorial
19.43,25.87,30.88,22.87,79.79,1.61,0.57,1.98,0.46,0.47,2025-04-20,Ebolowa,2025,4,110,16,12.759999999999998,17.80999999999999,88.07,199.10999999999999,-0.8268070581042869,0.729333333333333,26.58,equatorial
17.74,26.71,32.9,22.26,73.9,1.53,0.54,2.87,0.46,0.46,2025-04-21,Ebolowa,2025,4,111,17,12.98,18.589999999999993,81.96,200.54,-0.8197007169070447,1.4796666666666702,26.71,equatorial
16.42,27.08,33.67,22.66,74.49,2.31,0.64,3.25,0.45,0.46,2025-04-22,Ebolowa,2025,4,112,17,14.099999999999998,20.539999999999992,78.46000000000001,202.72,-0.8089666330347833,1.7683333333333344,27.08,equatorial
12.32,26.67,33.3,22.33,75.97,1.63,0.58,2.6,0.45,0.46,2025-04-23,Ebolowa,2025,4,113,17,10.709999999999999,21.799999999999994,75.81,204.31,-0.8010923019793592,1.3190000000000026,27.08,equatorial
20.34,26.6,32.8,22.84,77.19,1.7,0.59,2.36,0.45,0.46,2025-04-24,Ebolowa,2025,4,114,17,11.879999999999999,21.79999999999999,75.36,205.94,-0.7930270520092895,1.2189999999999976,27.08,equatorial
12.35,25.89,31.76,22.8,81.44,3.27,0.44,2.57,0.45,0.47,2025-04-25,Ebolowa,2025,4,115,17,13.079999999999998,24.32999999999999,62.93,209.17999999999998,-0.7771701808832394,0.45066666666666677,27.08,equatorial
16.88,24.76,28.89,22.41,85.26,2.28,0.64,1.8,0.46,0.48,2025-04-26,Ebolowa,2025,4,116,17,14.33,26.459999999999994,53.53,211.15,-0.7674670912702736,-0.6926666666666677,27.08,equatorial
9.35,24.12,28.49,21.87,90.81,13.15,0.74,3.17,0.46,0.54,2025-04-27,Ebolowa,2025,4,117,17,25.869999999999997,38.629999999999995,66.28,224.13,-0.704458022931631,-1.2906666666666666,27.08,equatorial
22.06,24.08,29.27,21.0,87.06,8.72,0.64,4.02,0.49,0.57,2025-04-28,Ebolowa,2025,4,118,18,33.06,46.03999999999999,73.83,232.75,-0.6625774124508641,-1.2976666666666645,27.08,equatorial
17.44,23.71,27.76,21.35,88.82,14.12,0.69,3.45,0.52,0.61,2025-04-29,Ebolowa,2025,4,119,18,44.87,58.96999999999999,86.56,246.7,-0.5948936054607717,-1.6613333333333316,26.67,equatorial
7.22,24.43,29.68,20.93,84.58,3.02,0.53,4.32,0.51,0.54,2025-04-30,Ebolowa,2025,4,120,18,46.26,56.96999999999999,88.9,249.66000000000003,-0.5804505999503112,-0.9776666666666678,26.6,equatorial
15.24,25.2,30.74,20.79,79.46,0.45,0.58,4.42,0.51,0.52,2025-05-01,Ebolowa,2025,5,121,18,45.01,56.889999999999986,87.46000000000001,250.0,-0.5787009161077242,-0.21466666666666612,25.89,equatorial
17.05,25.08,30.45,21.87,81.17,1.18,0.63,3.5,0.5,0.51,2025-05-02,Ebolowa,2025,5,122,18,42.919999999999995,55.99999999999999,83.47,250.96,-0.573948161790824,-0.39933333333333465,25.2,equatorial
11.78,24.1,27.96,21.71,87.62,3.94,0.64,3.2,0.5,0.53,2025-05-03,Ebolowa,2025,5,123,18,44.58,58.91,80.00999999999999,254.55,-0.5564547633931859,-1.3889999999999993,25.2,equatorial
21.51,25.52,30.51,21.8,78.83,0.23,0.47,3.64,0.49,0.5,2025-05-04,Ebolowa,2025,5,124,18,31.659999999999997,57.529999999999994,78.5,253.85,-0.5597498958654114,0.03999999999999915,25.52,equatorial
15.7,24.28,27.97,22.15,84.65,0.93,0.6,2.23,0.49,0.5,2025-05-05,Ebolowa,2025,5,125,19,23.869999999999997,56.92999999999999,76.94000000000001,254.07,-0.5585865924262203,-1.1813333333333347,25.52,equatorial
19.77,25.67,31.59,20.64,75.66,0.43,0.62,4.07,0.48,0.49,2025-05-06,Ebolowa,2025,5,126,19,10.18,55.04999999999999,76.7,254.46,-0.5565996924107269,0.2013333333333378,25.67,equatorial
22.26,26.83,33.18,21.89,72.79,0.5,0.73,4.63,0.47,0.47,2025-05-07,Ebolowa,2025,5,127,19,7.66,53.91999999999999,76.45,254.96,-0.5540800403008909,1.3109999999999964,26.83,equatorial
18.93,26.42,32.15,22.3,75.09,2.08,0.63,3.73,0.47,0.47,2025-05-08,Ebolowa,2025,5,128,19,9.29,54.3,78.17,257.04,-0.5439026896405239,0.8716666666666697,26.83,equatorial
18.44,23.6,27.05,21.99,90.26,13.45,0.7,3.59,0.48,0.57,2025-05-09,Ebolowa,2025,5,129,19,21.56,64.47999999999999,91.25,270.49,-0.4786113226518694,-1.856666666666662,26.83,equatorial
16.64,24.35,29.2,21.02,81.15,1.03,0.49,2.85,0.49,0.5,2025-05-10,Ebolowa,2025,5,130,19,18.65,63.22999999999999,90.58,271.52,-0.4735401330438355,-1.0940000000000012,26.83,equatorial
18.65,24.93,29.32,21.21,80.25,0.75,0.44,2.6,0.48,0.49,2025-05-11,Ebolowa,2025,5,131,19,19.169999999999998,50.82999999999999,90.59,272.24,-0.46997260935042384,-0.5219999999999985,26.83,equatorial
19.82,26.41,32.91,20.81,71.94,0.18,0.8,4.6,0.48,0.48,2025-05-12,Ebolowa,2025,5,132,20,18.419999999999998,42.28999999999999,90.62,272.39,-0.4691694710769178,0.9543333333333308,26.83,equatorial
17.38,26.78,32.77,22.17,73.82,0.7,0.67,3.69,0.47,0.46,2025-05-13,Ebolowa,2025,5,133,20,18.689999999999998,28.869999999999994,90.34,273.08,-0.4657477100781967,1.320333333333334,26.83,equatorial
18.58,25.94,30.42,23.02,79.88,1.87,0.46,2.56,0.46,0.47,2025-05-14,Ebolowa,2025,5,134,20,20.06,27.71999999999999,90.9,274.93,-0.4567003188922268,0.5016666666666652,26.78,equatorial
13.21,25.34,29.77,22.49,81.95,1.13,0.53,1.89,0.46,0.47,2025-05-15,Ebolowa,2025,5,135,20,19.11,28.39999999999999,90.84,276.04999999999995,-0.451194848812598,-0.07733333333333192,26.78,equatorial
16.36,24.61,28.15,22.38,86.23,1.57,0.49,1.39,0.46,0.48,2025-05-16,Ebolowa,2025,5,136,20,7.23,28.789999999999992,87.39,277.59999999999997,-0.44360402487456835,-0.8223333333333365,26.78,equatorial
14.32,23.72,26.5,22.38,93.92,7.44,0.47,1.93,0.47,0.51,2025-05-17,Ebolowa,2025,5,137,20,13.64,32.28999999999999,94.3,285.02,-0.4075348956644371,-1.6553333333333349,26.78,equatorial
16.04,23.88,27.45,21.64,89.97,1.89,0.57,1.92,0.48,0.51,2025-05-18,Ebolowa,2025,5,138,20,14.78,33.94999999999999,94.12,286.90000000000003,-0.3983500897206492,-1.4220000000000041,26.78,equatorial
14.53,24.01,27.94,21.48,87.85,4.26,0.57,3.18,0.48,0.51,2025-05-19,Ebolowa,2025,5,139,21,18.86,37.27999999999999,97.35000000000001,291.15,-0.37766499777377993,-1.2096666666666671,26.78,equatorial
9.74,24.28,29.08,21.25,81.72,2.27,0.66,3.64,0.48,0.5,2025-05-20,Ebolowa,2025,5,140,21,20.43,39.11999999999999,98.01,293.4,-0.36668811792898937,-0.8866666666666667,25.94,equatorial
16.28,25.73,31.66,20.92,74.4,0.09,0.57,3.47,0.47,0.48,2025-05-21,Ebolowa,2025,5,141,21,18.65,38.70999999999999,96.57000000000001,292.61,-0.37046788083238497,0.5960000000000001,25.73,equatorial
15.87,26.42,32.3,21.72,73.92,1.14,0.57,3.63,0.47,0.47,2025-05-22,Ebolowa,2025,5,142,21,18.66,37.76999999999999,95.4,292.86,-0.36919876955642666,1.3079999999999998,26.42,equatorial
15.13,25.31,29.74,22.25,83.55,2.91,0.6,2.29,0.46,0.48,2025-05-23,Ebolowa,2025,5,143,21,20.0,27.229999999999993,96.68,294.27,-0.3622979648467596,0.2433333333333323,26.42,equatorial
6.06,24.7,29.53,21.82,83.39,2.54,0.78,3.3,0.47,0.49,2025-05-24,Ebolowa,2025,5,144,21,15.099999999999998,28.73999999999999,97.52,295.45,-0.3565144322408997,-0.303333333333331,26.42,equatorial
15.97,25.27,30.55,21.25,77.16,0.57,0.8,2.54,0.46,0.47,2025-05-25,Ebolowa,2025,5,145,21,13.779999999999998,28.55999999999999,94.82000000000001,294.45,-0.3613176685708926,0.2873333333333328,26.42,equatorial
16.3,23.42,25.79,21.01,81.82,3.39,0.75,2.07,0.46,0.48,2025-05-26,Ebolowa,2025,5,146,22,12.91,31.769999999999992,95.93,294.53999999999996,-0.3608268134637823,-1.5179999999999971,26.42,equatorial
15.15,24.69,31.78,19.33,76.53,2.59,0.59,4.31,0.46,0.49,2025-05-27,Ebolowa,2025,5,147,22,13.229999999999999,33.65999999999999,85.37,295.26,-0.3572759506362146,-0.26699999999999946,26.42,equatorial
17.58,25.59,32.14,20.68,75.09,2.74,0.56,3.88,0.46,0.48,2025-05-28,Ebolowa,2025,5,148,22,15.879999999999999,34.529999999999994,79.39,297.0,-0.34877037928579524,0.5826666666666647,26.42,equatorial
13.56,25.47,31.75,21.42,80.55,5.74,0.49,3.47,0.46,0.5,2025-05-29,Ebolowa,2025,5,149,22,20.479999999999997,39.13999999999999,71.01,300.55,-0.3314716737246171,0.4039999999999999,25.59,equatorial
13.07,24.92,29.87,21.99,85.18,11.44,0.48,4.83,0.48,0.58,2025-05-30,Ebolowa,2025,5,150,22,29.009999999999998,49.00999999999999,79.43,309.48,-0.28803251327579926,-0.16233333333332922,25.59,equatorial
16.77,25.52,30.91,21.69,79.77,2.79,0.61,3.88,0.48,0.51,2025-05-31,Ebolowa,2025,5,151,22,29.259999999999998,44.35999999999999,81.77,310.96,-0.2807993010515804,0.42699999999999605,25.59,equatorial
16.43,23.42,25.8,21.84,92.64,7.48,0.62,2.48,0.49,0.55,2025-06-01,Ebolowa,2025,6,152,22,36.17,49.94999999999999,88.07000000000001,314.1,-0.2654984452368144,-1.6176666666666648,25.59,equatorial
14.66,23.74,28.17,21.54,87.22,4.33,0.56,3.05,0.49,0.53,2025-06-02,Ebolowa,2025,6,153,23,37.11,50.01999999999999,88.46000000000001,313.56,-0.26808595126486884,-1.2856666666666676,25.59,equatorial
12.69,23.45,28.11,20.58,87.18,9.14,0.7,3.71,0.5,0.55,2025-06-03,Ebolowa,2025,6,154,23,43.660000000000004,56.89,97.37,317.52,-0.24879703142334475,-1.5066666666666642,25.59,equatorial
10.89,22.67,25.54,20.87,94.06,12.21,0.73,2.59,0.52,0.62,2025-06-04,Ebolowa,2025,6,155,23,53.13,69.00999999999999,108.65,325.66,-0.20918536305356047,-2.2330000000000005,25.52,equatorial
17.26,23.38,28.2,20.25,86.38,3.64,0.6,4.72,0.53,0.56,2025-06-05,Ebolowa,2025,6,156,23,51.03,71.50999999999999,111.86,325.62,-0.20935121398742504,-1.446666666666669,25.52,equatorial
16.41,24.25,29.21,20.37,82.11,1.63,0.58,4.75,0.52,0.53,2025-06-06,Ebolowa,2025,6,157,23,41.220000000000006,70.23,112.99000000000001,323.65999999999997,-0.2188545544207852,-0.4906666666666659,25.52,equatorial
16.31,23.93,27.71,21.0,87.13,3.41,0.6,3.44,0.51,0.54,2025-06-07,Ebolowa,2025,6,158,23,41.84,71.1,114.32000000000001,324.08000000000004,-0.21678164268768546,-0.7276666666666678,24.25,equatorial
16.8,23.13,25.7,21.78,93.64,3.44,0.5,1.71,0.51,0.55,2025-06-08,Ebolowa,2025,6,159,23,37.8,73.97,104.31,319.56,-0.23873931452087602,-1.5120000000000005,24.25,equatorial
16.58,24.45,29.49,20.92,84.66,1.7,0.64,3.53,0.51,0.53,2025-06-09,Ebolowa,2025,6,160,24,35.17,72.28,104.98,314.87,-0.2615233560612202,-0.19533333333333402,24.45,equatorial
14.59,25.13,29.52,21.61,81.98,0.91,0.57,3.48,0.51,0.52,2025-06-10,Ebolowa,2025,6,161,24,26.94,70.6,105.14,313.1,-0.2700989126026109,0.477999999999998,25.13,equatorial
13.36,24.25,28.06,21.9,87.22,1.19,0.7,2.18,0.5,0.51,2025-06-11,Ebolowa,2025,6,162,24,15.92,69.05,106.15,312.48,-0.27307799606428984,-0.3299999999999983,25.13,equatorial
16.84,23.43,27.36,21.12,86.04,1.43,0.63,2.55,0.5,0.51,2025-06-12,Ebolowa,2025,6,163,24,13.709999999999999,64.74,106.88000000000001,312.55999999999995,-0.27265020883545793,-1.0383333333333304,25.13,equatorial
14.02,24.88,30.14,20.67,78.83,0.47,0.53,3.62,0.49,0.5,2025-06-13,Ebolowa,2025,6,164,24,12.55,53.769999999999996,105.48,310.59,-0.2822006219978022,0.44700000000000273,25.13,equatorial
13.76,24.74,29.02,21.93,81.09,0.99,0.66,2.53,0.49,0.5,2025-06-14,Ebolowa,2025,6,165,24,10.13,51.96999999999999,105.34,303.07,-0.31876779538514965,0.3269999999999982,25.13,equatorial
14.23,24.32,29.13,21.57,83.45,1.76,0.53,2.64,0.48,0.5,2025-06-15,Ebolowa,2025,6,166,24,8.45,46.24999999999999,105.53,301.96,-0.3241258733122973,-0.08333333333333215,25.13,equatorial
7.99,24.07,28.5,21.23,82.25,1.02,0.56,2.37,0.48,0.49,2025-06-16,Ebolowa,2025,6,167,25,7.77,42.94,99.11,300.81,-0.32967843380526296,-0.34499999999999886,25.13,equatorial
15.72,24.79,30.21,20.91,75.48,0.21,0.6,3.14,0.48,0.48,2025-06-17,Ebolowa,2025,6,168,25,7.069999999999999,34.01,97.43,299.1,-0.3379576855304757,0.3446666666666651,24.88,equatorial
15.03,24.95,30.13,21.05,76.55,0.68,0.91,2.91,0.47,0.47,2025-06-18,Ebolowa,2025,6,169,25,6.56,22.479999999999993,93.85000000000001,286.77000000000004,-0.3979574037620622,0.4733333333333327,24.95,equatorial
15.8,24.49,28.99,21.2,77.96,0.74,0.85,2.22,0.47,0.47,2025-06-19,Ebolowa,2025,6,170,25,5.87,19.57999999999999,92.32000000000001,278.4,-0.4386641543696838,0.006333333333330415,24.95,equatorial
17.32,24.38,29.71,20.82,80.54,4.55,0.71,3.38,0.47,0.49,2025-06-20,Ebolowa,2025,6,171,25,9.95,22.499999999999993,96.78000000000002,275.31,-0.4536474150662211,-0.05866666666666731,24.95,equatorial
14.56,22.63,24.44,21.04,95.19,6.9,0.65,2.44,0.48,0.54,2025-06-21,Ebolowa,2025,6,172,25,15.86,25.989999999999995,102.54,276.40000000000003,-0.44826589893355495,-1.682333333333336,24.95,equatorial
14.94,22.43,26.35,20.09,90.5,5.09,0.51,2.39,0.48,0.53,2025-06-22,Ebolowa,2025,6,173,25,19.19,27.639999999999993,104.72,277.21,-0.44424915714458785,-1.786333333333335,24.95,equatorial
16.14,23.39,27.81,20.5,88.78,5.45,0.71,3.23,0.49,0.54,2025-06-23,Ebolowa,2025,6,174,26,23.62,31.389999999999993,107.63000000000001,280.51,-0.42810000463169845,-0.782666666666664,24.95,equatorial
15.58,24.36,29.73,20.71,84.47,5.0,0.52,3.74,0.49,0.53,2025-06-24,Ebolowa,2025,6,175,26,28.41,35.47999999999999,112.06,269.81,-0.48017618756904645,0.21766666666666623,24.95,equatorial
14.33,23.62,27.24,21.37,90.0,3.01,0.61,2.33,0.5,0.54,2025-06-25,Ebolowa,2025,6,176,26,30.740000000000002,37.3,111.68,261.14,-0.522352457566214,-0.5289999999999999,24.49,equatorial
15.0,23.99,28.74,21.23,84.2,1.3,0.71,2.99,0.5,0.51,2025-06-26,Ebolowa,2025,6,177,26,31.299999999999997,37.169999999999995,110.39000000000001,262.03999999999996,-0.5178791187674194,-0.13566666666666904,24.38,equatorial
13.75,24.37,29.75,20.6,81.54,3.06,0.88,4.11,0.49,0.52,2025-06-27,Ebolowa,2025,6,178,26,29.810000000000002,39.76,110.71000000000001,263.93,-0.5085807462565897,0.28500000000000014,24.37,equatorial
14.55,24.55,29.51,20.74,79.52,0.97,0.71,3.12,0.49,0.5,2025-06-28,Ebolowa,2025,6,179,26,23.88,39.739999999999995,105.94000000000001,263.51000000000005,-0.5105446943652392,0.4956666666666685,24.55,equatorial
14.72,23.06,26.99,20.94,87.27,2.56,1.03,2.03,0.48,0.5,2025-06-29,Ebolowa,2025,6,180,26,21.35,40.54,97.06000000000002,265.39000000000004,-0.5012950270510467,-0.9323333333333323,24.55,equatorial
9.52,21.98,24.94,20.16,93.32,6.5,0.56,2.46,0.49,0.55,2025-06-30,Ebolowa,2025,6,181,27,22.4,46.019999999999996,100.77000000000001,270.0,-0.478735380547716,-1.8943333333333285,24.55,equatorial
10.49,22.63,27.58,19.63,87.02,3.78,0.56,3.3,0.5,0.53,2025-07-01,Ebolowa,2025,7,182,27,21.18,49.58999999999999,97.07,268.61,-0.4854368599046694,-1.218,24.55,equatorial
11.91,23.27,27.61,20.15,85.72,2.66,0.71,3.38,0.49,0.52,2025-07-02,Ebolowa,2025,7,183,27,20.830000000000002,51.56999999999999,95.4,263.87,-0.5084749762570522,-0.5623333333333349,24.55,equatorial
10.08,22.22,25.62,20.09,90.89,14.22,0.74,3.05,0.5,0.56,2025-07-03,Ebolowa,2025,7,184,27,33.75,65.05,100.48,276.34999999999997,-0.4475221336077816,-1.5713333333333352,24.55,equatorial
12.02,21.47,24.11,20.13,94.78,12.11,0.64,2.58,0.54,0.63,2025-07-04,Ebolowa,2025,7,185,27,42.8,72.61,100.38000000000001,285.97,-0.4005261646883198,-2.2813333333333325,24.55,equatorial
13.24,22.96,28.02,19.57,86.89,2.24,0.91,4.47,0.54,0.56,2025-07-05,Ebolowa,2025,7,186,27,44.07,67.94999999999999,98.98,287.54,-0.39280633255971986,-0.7773333333333312,23.27,equatorial
11.64,22.23,25.25,20.26,91.42,5.42,0.75,2.8,0.53,0.56,2025-07-06,Ebolowa,2025,7,187,27,46.93,68.27999999999999,102.77,292.21000000000004,-0.36996190489672276,-1.4400000000000013,23.27,equatorial
11.59,21.51,24.15,20.1,95.33,6.13,0.75,2.33,0.53,0.58,2025-07-07,Ebolowa,2025,7,188,28,46.559999999999995,68.96,105.49,297.98,-0.3417513801438996,-2.0793333333333344,23.27,equatorial
11.82,21.51,24.56,19.77,92.6,9.23,0.77,3.14,0.55,0.61,2025-07-08,Ebolowa,2025,7,189,28,52.01,73.19,111.28,306.84,-0.29846232793019856,-2.0253333333333323,23.27,equatorial
11.58,22.32,27.18,19.25,88.37,4.69,0.82,4.81,0.55,0.59,2025-07-09,Ebolowa,2025,7,190,28,54.04,74.86999999999999,114.27,309.83,-0.2838261370182835,-1.144333333333332,22.96,equatorial
11.81,22.66,26.97,19.78,85.02,1.22,0.88,4.14,0.54,0.56,2025-07-10,Ebolowa,2025,7,191,28,41.040000000000006,74.78999999999999,114.58000000000001,310.31,-0.2814431322546066,-0.7220000000000013,22.96,equatorial
11.35,22.63,27.09,19.92,86.22,2.08,0.87,3.77,0.53,0.55,2025-07-11,Ebolowa,2025,7,192,28,31.010000000000005,73.80999999999999,115.47000000000001,312.24,-0.27198120691830957,-0.6980000000000004,22.96,equatorial
14.03,22.92,28.03,19.19,82.94,1.41,0.89,4.57,0.53,0.54,2025-07-12,Ebolowa,2025,7,193,28,30.18,74.25,115.45,312.67,-0.2698436844086854,-0.39099999999999824,22.92,equatorial
13.84,22.81,27.59,19.58,82.87,0.89,0.81,3.26,0.52,0.53,2025-07-13,Ebolowa,2025,7,194,28,25.65,72.58,115.87,312.25,-0.27185704026498686,-0.43200000000000216,22.92,equatorial
11.61,22.74,26.52,20.04,86.02,0.89,0.61,2.33,0.51,0.52,2025-07-14,Ebolowa,2025,7,195,29,20.41,66.97,115.77000000000001,311.95,-0.273284269817401,-0.435333333333336,22.92,equatorial
11.59,22.7,27.4,20.11,84.12,2.34,0.94,3.72,0.51,0.52,2025-07-15,Ebolowa,2025,7,196,29,13.52,65.53,116.35000000000001,309.27000000000004,-0.2863364247634543,-0.4213333333333331,22.92,equatorial
12.32,22.67,27.56,19.52,82.17,1.06,0.96,3.51,0.5,0.51,2025-07-16,Ebolowa,2025,7,197,29,9.889999999999999,63.92999999999999,116.39,309.8,-0.28370713681050924,-0.40466666666666384,22.92,equatorial
12.72,22.92,28.39,19.1,82.19,1.92,0.92,3.74,0.5,0.51,2025-07-17,Ebolowa,2025,7,198,29,10.59,51.629999999999995,118.10000000000001,309.65,-0.2844001836521891,-0.09233333333333249,22.92,equatorial
12.55,23.3,28.97,19.52,81.66,1.69,0.79,3.6,0.49,0.5,2025-07-18,Ebolowa,2025,7,199,29,10.2,41.209999999999994,119.11,310.31,-0.2811354049344898,0.34266666666666623,23.3,equatorial
13.52,23.9,29.88,19.96,84.0,10.78,0.7,4.53,0.49,0.54,2025-07-19,Ebolowa,2025,7,200,29,19.57,49.74999999999999,129.15,319.48,-0.2362841209391759,0.9623333333333335,23.9,equatorial
12.34,21.93,25.43,19.76,90.84,11.03,0.96,2.93,0.52,0.62,2025-07-20,Ebolowa,2025,7,201,29,29.709999999999997,55.35999999999999,135.63,328.97999999999996,-0.18982111168730176,-0.9260000000000019,23.9,equatorial
14.2,23.63,28.92,19.86,81.34,0.84,1.12,3.96,0.52,0.53,2025-07-21,Ebolowa,2025,7,202,30,29.659999999999997,50.06999999999999,129.57,327.51,-0.1969810631770305,0.7406666666666624,23.9,equatorial
10.65,22.62,26.48,20.24,84.74,0.89,0.91,2.49,0.51,0.52,2025-07-22,Ebolowa,2025,7,203,30,28.209999999999997,41.72999999999999,125.37,326.77,-0.20057215046221655,-0.27566666666666606,23.9,equatorial
12.27,23.07,28.04,19.99,82.42,1.94,0.95,3.5,0.51,0.51,2025-07-23,Ebolowa,2025,7,204,30,29.089999999999996,38.97999999999999,121.86,327.01,-0.19937168167136166,0.18500000000000227,23.9,equatorial
10.69,22.48,27.53,19.07,84.72,4.81,0.97,3.53,0.51,0.56,2025-07-24,Ebolowa,2025,7,205,30,31.979999999999997,42.569999999999986,121.67,328.55,-0.19181438996797437,-0.3423333333333325,23.9,equatorial
11.64,22.73,27.59,19.73,83.11,1.4,0.95,3.38,0.51,0.51,2025-07-25,Ebolowa,2025,7,206,30,31.689999999999998,41.889999999999986,120.06,327.66999999999996,-0.19609226937840432,-0.0626666666666651,23.9,equatorial
10.22,22.07,25.81,19.28,85.03,1.46,0.85,2.81,0.5,0.51,2025-07-26,Ebolowa,2025,7,207,30,22.369999999999997,41.93999999999999,120.22,315.98,-0.25324270394274123,-0.6586666666666652,23.63,equatorial
9.65,23.04,28.29,19.75,82.9,1.19,0.95,3.34,0.5,0.5,2025-07-27,Ebolowa,2025,7,208,30,12.53,42.239999999999995,118.35000000000001,308.45,-0.2900418336712768,0.3556666666666679,23.63,equatorial
8.99,23.13,28.45,19.94,82.16,1.73,0.79,3.32,0.49,0.5,2025-07-28,Ebolowa,2025,7,209,31,13.42,43.07999999999999,119.11000000000001,296.06,-0.35061501607641576,0.49299999999999855,23.13,equatorial
14.99,23.7,29.05,19.76,81.46,1.8,0.55,3.54,0.49,0.5,2025-07-29,Ebolowa,2025,7,210,31,14.329999999999998,42.539999999999985,118.35000000000001,294.84,-0.35653312883822763,1.0416666666666643,23.7,equatorial
11.08,24.39,30.38,20.33,78.81,0.65,0.75,3.23,0.48,0.49,2025-07-30,Ebolowa,2025,7,211,31,13.04,42.129999999999995,112.50000000000001,295.04,-0.355502492274284,1.65133333333333,24.39,equatorial
13.05,21.93,24.74,20.27,91.03,2.44,0.71,2.22,0.48,0.5,2025-07-31,Ebolowa,2025,7,212,31,10.670000000000002,42.64999999999999,111.16000000000001,296.3,-0.3492845301831636,-0.7853333333333339,24.39,equatorial
14.1,23.47,29.19,19.68,78.67,0.39,0.79,2.96,0.48,0.48,2025-08-01,Ebolowa,2025,8,213,31,9.66,41.349999999999994,108.89000000000001,292.75,-0.3666087354538397,0.7479999999999976,24.39,equatorial
11.15,23.17,28.21,20.26,82.06,0.91,0.86,2.41,0.48,0.48,2025-08-02,Ebolowa,2025,8,214,31,9.11,31.479999999999993,95.58,293.42999999999995,-0.3632264579605214,0.4163333333333341,24.39,equatorial
12.88,23.65,29.49,20.07,78.59,0.35,1.06,2.66,0.47,0.47,2025-08-03,Ebolowa,2025,8,215,31,8.27,20.799999999999994,83.82,292.85,-0.3660126638795791,0.8236666666666679,24.39,equatorial
14.19,23.9,29.76,19.8,75.79,0.56,0.77,2.63,0.47,0.47,2025-08-04,Ebolowa,2025,8,216,32,7.1,20.519999999999992,82.14,292.98,-0.3653225590757197,1.0423333333333318,24.39,equatorial
11.92,23.98,29.46,20.23,75.56,0.77,1.02,2.64,0.46,0.46,2025-08-05,Ebolowa,2025,8,217,32,6.07,20.399999999999995,77.49,293.25,-0.36394700880921743,1.0640000000000036,24.39,equatorial
10.66,23.9,30.02,19.79,76.04,1.19,1.1,2.92,0.46,0.46,2025-08-06,Ebolowa,2025,8,218,32,6.61,19.64999999999999,72.55000000000001,292.35999999999996,-0.36825217037450314,0.9043333333333301,23.98,equatorial
10.69,23.22,29.44,19.3,80.35,2.28,0.89,2.81,0.46,0.46,2025-08-07,Ebolowa,2025,8,219,32,6.449999999999999,17.119999999999994,65.6,281.19,-0.42290404202974685,0.16733333333333533,23.98,equatorial
10.53,23.03,28.59,19.43,81.64,1.89,1.01,2.56,0.46,0.47,2025-08-08,Ebolowa,2025,8,220,32,7.95,17.609999999999992,62.800000000000004,282.05,-0.41862736610413703,-0.046333333333333115,23.98,equatorial
12.63,22.52,27.12,19.5,81.35,0.69,0.72,1.57,0.46,0.46,2025-08-09,Ebolowa,2025,8,221,32,7.7299999999999995,16.839999999999993,62.269999999999996,281.99,-0.41885779115668714,-0.5516666666666659,23.98,equatorial
14.6,24.42,30.77,19.6,73.98,0.6,0.83,2.62,0.46,0.45,2025-08-10,Ebolowa,2025,8,222,32,7.9799999999999995,16.249999999999993,60.79,282.41,-0.41673665040880836,1.2886666666666713,24.42,equatorial
15.57,23.47,28.67,20.53,77.41,0.99,0.93,1.92,0.45,0.45,2025-08-11,Ebolowa,2025,8,223,33,8.41,15.509999999999993,60.370000000000005,282.70000000000005,-0.4152526735287304,0.32033333333333047,24.42,equatorial
16.44,23.91,29.65,19.63,74.88,0.6,0.99,2.18,0.45,0.45,2025-08-12,Ebolowa,2025,8,224,33,8.239999999999998,14.309999999999993,60.08,281.43,-0.4214130805265275,0.7236666666666665,24.42,equatorial
9.68,23.65,29.57,19.63,74.52,0.74,1.07,1.99,0.45,0.44,2025-08-13,Ebolowa,2025,8,225,33,7.789999999999999,14.399999999999993,59.93,281.04,-0.4232603645180599,0.43333333333333357,24.42,equatorial
10.82,22.33,26.73,18.83,78.81,1.14,0.84,1.71,0.45,0.45,2025-08-14,Ebolowa,2025,8,226,33,6.65,13.099999999999993,58.73,280.61,-0.425303547774686,-0.8743333333333361,24.42,equatorial
10.04,22.88,28.79,18.8,76.97,1.52,1.07,2.46,0.45,0.45,2025-08-15,Ebolowa,2025,8,227,33,6.279999999999999,14.229999999999993,59.190000000000005,274.69,-0.45425671206010493,-0.3313333333333368,24.42,equatorial
16.37,23.2,29.22,19.05,74.07,0.63,1.04,2.09,0.45,0.44,2025-08-16,Ebolowa,2025,8,228,33,6.22,13.949999999999992,57.9,273.43,-0.46036281965565196,-0.020666666666667055,24.42,equatorial
13.26,23.94,30.26,19.5,72.51,0.59,1.14,2.11,0.45,0.43,2025-08-17,Ebolowa,2025,8,229,33,6.209999999999999,14.189999999999992,56.800000000000004,269.76,-0.4782835743447894,0.6980000000000004,23.94,equatorial
14.38,24.36,31.33,18.96,70.31,0.42,0.88,2.03,0.44,0.43,2025-08-18,Ebolowa,2025,8,230,34,5.640000000000001,14.049999999999992,46.440000000000005,267.91,-0.48727860880471835,1.1026666666666642,24.36,equatorial
17.07,24.73,31.68,19.74,72.46,1.58,0.83,2.26,0.44,0.43,2025-08-19,Ebolowa,2025,8,231,34,6.619999999999999,14.859999999999992,36.99,269.4,-0.47989469052882855,1.379333333333335,24.73,equatorial
12.47,22.93,27.92,20.17,84.56,4.43,0.88,2.52,0.44,0.47,2025-08-20,Ebolowa,2025,8,232,34,10.309999999999999,18.09999999999999,40.580000000000005,272.69,-0.463684329229894,-0.3973333333333322,24.73,equatorial
10.97,23.58,30.02,19.25,77.79,3.13,1.18,3.46,0.45,0.46,2025-08-21,Ebolowa,2025,8,233,34,12.3,18.949999999999992,42.82,272.91,-0.46253284389370564,0.22066666666666634,24.73,equatorial
9.44,23.15,29.15,19.17,79.46,3.18,1.18,3.18,0.45,0.46,2025-08-22,Ebolowa,2025,8,234,34,13.959999999999999,20.23999999999999,44.059999999999995,273.55,-0.4593213768200134,-0.2120000000000033,24.73,equatorial
12.9,22.21,26.5,19.15,82.86,2.54,1.0,2.04,0.45,0.47,2025-08-23,Ebolowa,2025,8,235,34,15.87,22.089999999999993,41.790000000000006,275.52000000000004,-0.44958584400306467,-1.1430000000000007,24.73,equatorial
10.57,22.88,27.94,19.48,80.2,0.67,1.21,1.85,0.45,0.46,2025-08-24,Ebolowa,2025,8,236,34,15.95,22.159999999999993,41.06,272.8,-0.4628609346391546,-0.47800000000000153,24.73,equatorial
10.85,23.6,29.31,19.19,75.94,0.72,1.11,2.23,0.45,0.44,2025-08-25,Ebolowa,2025,8,237,35,16.25,21.889999999999993,40.32,270.93,-0.4719639857581688,0.1910000000000025,24.73,equatorial
12.09,23.7,29.29,19.42,75.93,0.46,0.76,1.64,0.45,0.44,2025-08-26,Ebolowa,2025,8,238,35,15.129999999999999,21.749999999999993,39.589999999999996,268.65,-0.48307788908212923,0.2690000000000019,23.7,equatorial
13.42,24.61,31.37,19.76,71.9,0.62,1.07,2.42,0.45,0.43,2025-08-27,Ebolowa,2025,8,239,35,11.32,21.629999999999992,38.480000000000004,263.53,-0.5081277061783044,1.1296666666666688,24.61,equatorial
12.6,24.6,31.12,19.73,73.34,0.56,1.05,2.0,0.44,0.43,2025-08-28,Ebolowa,2025,8,240,35,8.750000000000002,21.049999999999994,37.24,252.65,-0.5614433564540934,1.0896666666666661,24.61,equatorial
11.96,23.57,28.74,20.39,76.58,0.75,0.94,1.29,0.44,0.43,2025-08-29,Ebolowa,2025,8,241,35,6.319999999999999,20.279999999999994,37.339999999999996,250.60999999999999,-0.5713613799466734,0.0870000000000033,24.61,equatorial
14.42,24.62,30.75,20.39,74.19,0.69,0.96,1.76,0.44,0.43,2025-08-30,Ebolowa,2025,8,242,35,4.47,20.33999999999999,35.59,243.82,-0.6045936729508423,1.0473333333333343,24.62,equatorial
13.72,24.88,30.25,20.78,72.87,0.4,0.75,1.36,0.44,0.43,2025-08-31,Ebolowa,2025,8,243,35,4.2,20.14999999999999,35.6,239.89000000000001,-0.6237799714330514,1.2603333333333353,24.88,equatorial
11.55,24.08,29.19,21.14,77.69,1.44,0.56,1.46,0.44,0.44,2025-09-01,Ebolowa,2025,9,244,36,4.92,21.169999999999995,36.13,232.19,-0.6614702997467381,0.4299999999999997,24.88,equatorial
13.59,24.26,30.98,20.18,79.17,2.94,0.69,2.57,0.44,0.45,2025-09-02,Ebolowa,2025,9,245,36,7.4,22.52999999999999,38.720000000000006,222.92,-0.7068597298757666,0.5896666666666661,24.88,equatorial
14.11,22.88,26.98,20.55,87.36,5.85,0.91,3.03,0.45,0.49,2025-09-03,Ebolowa,2025,9,246,36,12.629999999999999,23.949999999999996,44.01,225.13,-0.6958731377284794,-0.7563333333333304,24.88,equatorial
12.84,22.64,26.4,20.04,85.28,2.89,0.67,1.75,0.45,0.47,2025-09-04,Ebolowa,2025,9,247,36,14.959999999999999,23.70999999999999,46.13,226.39000000000001,-0.689553944138371,-0.9516666666666644,24.88,equatorial
16.73,23.2,28.46,19.94,81.12,2.07,0.81,2.63,0.46,0.48,2025-09-05,Ebolowa,2025,9,248,36,16.28,22.59999999999999,47.01,225.04999999999998,-0.6960036024552977,-0.3683333333333323,24.88,equatorial
14.77,24.32,30.68,19.98,78.49,1.1,0.73,2.33,0.45,0.46,2025-09-06,Ebolowa,2025,9,249,36,16.69,21.159999999999993,45.830000000000005,222.70999999999998,-0.7073624675792858,0.7149999999999999,24.88,equatorial
14.59,23.37,27.02,21.04,83.61,1.91,0.8,1.63,0.45,0.46,2025-09-07,Ebolowa,2025,9,250,36,18.200000000000003,22.39999999999999,45.85,222.92,-0.7061951958298831,-0.24633333333332885,24.32,equatorial
14.59,22.54,26.54,20.46,89.59,6.79,0.8,2.71,0.46,0.5,2025-09-08,Ebolowa,2025,9,251,37,23.55,28.46999999999999,51.95,228.8,-0.6771803786274501,-1.0770000000000017,24.32,equatorial
11.58,23.55,29.31,19.84,82.92,3.93,0.92,3.95,0.46,0.5,2025-09-09,Ebolowa,2025,9,252,37,24.54,31.93999999999999,55.28000000000001,231.54,-0.6635954881159619,-0.038000000000000256,24.32,equatorial
12.88,23.08,27.47,20.27,85.32,4.68,0.75,3.05,0.47,0.5,2025-09-10,Ebolowa,2025,9,253,37,23.37,35.99999999999999,58.97,234.79,-0.6475084096020843,-0.495000000000001,24.32,equatorial
14.8,21.55,23.35,20.28,95.02,7.09,0.71,2.25,0.47,0.54,2025-09-11,Ebolowa,2025,9,254,37,27.57,42.52999999999999,65.46000000000001,241.41,-0.6148690554685675,-1.9463333333333317,24.32,equatorial
17.5,22.35,26.67,19.96,88.57,7.68,0.55,3.67,0.48,0.55,2025-09-12,Ebolowa,2025,9,255,37,33.18,49.459999999999994,72.4,248.1,-0.581891884976132,-1.102999999999998,24.32,equatorial
15.2,22.64,27.72,19.81,86.81,11.09,0.92,5.29,0.5,0.58,2025-09-13,Ebolowa,2025,9,256,37,43.17,59.85999999999999,82.35000000000001,257.43,-0.5359481686613796,-0.8233333333333306,23.55,equatorial
15.8,21.91,25.27,19.25,93.45,5.32,0.86,3.24,0.51,0.55,2025-09-14,Ebolowa,2025,9,257,37,46.58,64.78,86.14999999999999,261.73,-0.5147291573909983,-1.5209999999999972,23.55,equatorial
15.11,22.77,28.26,19.53,86.88,4.62,0.56,3.74,0.51,0.55,2025-09-15,Ebolowa,2025,9,258,38,44.410000000000004,67.96,90.14,266.14,-0.49297234891208125,-0.6466666666666683,23.55,equatorial
13.03,22.69,27.16,20.0,88.47,5.04,0.71,3.94,0.51,0.56,2025-09-16,Ebolowa,2025,9,259,38,45.52,70.05999999999999,94.59,270.5,-0.47146394133621117,-0.6849999999999987,23.08,equatorial
16.73,23.98,29.24,20.44,82.06,2.87,0.78,4.99,0.51,0.53,2025-09-17,Ebolowa,2025,9,260,38,43.71,67.08,97.03999999999999,272.63,-0.4609199236731542,0.6176666666666684,23.98,equatorial
13.73,24.33,29.84,20.27,83.51,5.6,0.63,5.0,0.5,0.53,2025-09-18,Ebolowa,2025,9,261,38,42.22,69.78999999999999,101.06,273.68,-0.4556865476724358,0.9809999999999981,24.33,equatorial
14.14,22.75,26.29,20.73,89.76,9.07,0.53,3.37,0.52,0.6,2025-09-19,Ebolowa,2025,9,262,38,43.61,76.78999999999999,105.7,275.84999999999997,-0.44494703961293697,-0.5930000000000035,24.33,equatorial
16.41,23.64,28.83,20.2,86.12,4.63,0.52,4.63,0.51,0.54,2025-09-20,Ebolowa,2025,9,263,38,37.150000000000006,80.32,107.2,275.39,-0.4471409072087117,0.29499999999999815,24.33,equatorial
15.01,22.36,25.4,20.61,94.3,6.95,0.67,3.01,0.52,0.57,2025-09-21,Ebolowa,2025,9,264,38,38.78,85.36,110.97,276.89,-0.43969585292510366,-0.9586666666666694,24.33,equatorial
11.18,21.8,25.35,19.8,91.2,5.55,0.78,3.96,0.52,0.57,2025-09-22,Ebolowa,2025,9,265,39,39.71,84.11999999999999,113.97999999999999,277.44,-0.4369238742798978,-1.504999999999999,24.33,equatorial
14.92,23.04,28.19,19.46,84.16,0.83,0.72,4.18,0.52,0.54,2025-09-23,Ebolowa,2025,9,266,39,35.5,81.01999999999998,114.14,275.26,-0.4475803382617111,-0.2703333333333333,24.33,equatorial
17.19,23.25,27.06,20.59,83.75,0.71,0.79,2.46,0.51,0.52,2025-09-24,Ebolowa,2025,9,267,39,33.34,77.05,114.13000000000001,274.67,-0.4504141650308199,-0.04866666666666575,24.33,equatorial
11.04,23.33,27.94,20.04,84.06,1.73,0.68,3.72,0.51,0.52,2025-09-25,Ebolowa,2025,9,268,39,29.47,71.68999999999998,115.4,273.34000000000003,-0.4568883112499017,0.04366666666666319,23.64,equatorial
18.18,24.22,29.46,20.35,76.49,0.3,0.66,4.2,0.5,0.5,2025-09-26,Ebolowa,2025,9,269,39,20.7,64.31,115.08,272.66999999999996,-0.46011445384211164,0.9466666666666654,24.22,equatorial
18.36,24.52,29.79,20.63,78.82,0.16,0.57,3.24,0.49,0.49,2025-09-27,Ebolowa,2025,9,270,39,16.23,53.379999999999995,114.68,270.27,-0.4718530573319132,1.2493333333333325,24.52,equatorial
13.52,23.81,28.56,21.03,87.42,7.85,0.64,3.61,0.49,0.53,2025-09-28,Ebolowa,2025,9,271,39,17.13,55.90999999999999,121.78,271.61999999999995,-0.46513597551354985,0.5313333333333325,24.52,equatorial
15.37,23.37,27.78,20.87,89.62,7.99,0.96,4.39,0.5,0.56,2025-09-29,Ebolowa,2025,9,272,40,19.57,59.279999999999994,129.07999999999998,275.83,-0.444343609154457,0.13299999999999912,24.52,equatorial
13.85,22.18,25.28,20.26,94.34,13.6,0.92,3.8,0.51,0.61,2025-09-30,Ebolowa,2025,9,273,40,32.34,67.84,142.28,286.77,-0.3904264192665685,-0.9670000000000023,24.52,equatorial
12.19,21.34,25.26,19.44,90.45,5.78,0.7,3.74,0.52,0.57,2025-10-01,Ebolowa,2025,10,274,40,37.41,70.74999999999999,146.62,278.33,-0.4319175181695364,-1.7156666666666638,24.52,equatorial
14.11,21.59,25.89,18.95,90.44,8.11,0.73,4.38,0.53,0.6,2025-10-02,Ebolowa,2025,10,275,40,43.790000000000006,73.25999999999999,151.79,274.33,-0.4515453123370838,-1.3766666666666652,24.52,equatorial
15.82,22.37,26.81,19.4,86.59,2.11,0.7,4.02,0.53,0.55,2025-10-03,Ebolowa,2025,10,276,40,45.6,66.3,148.05,274.2,-0.45211622868347995,-0.5796666666666646,24.52,equatorial
17.17,22.23,25.71,19.94,91.24,5.06,0.57,2.82,0.53,0.55,2025-10-04,Ebolowa,2025,10,277,40,50.5,66.72999999999999,150.22000000000003,273.84,-0.45381968408743406,-0.7059999999999995,23.81,equatorial
12.69,21.39,23.17,20.04,98.29,35.44,0.64,2.13,0.57,0.71,2025-10-05,Ebolowa,2025,10,278,40,78.09,95.22,183.58999999999997,303.15,-0.30940298669877575,-1.485666666666667,23.37,equatorial
15.4,22.04,25.69,19.43,92.82,9.31,0.74,4.76,0.6,0.64,2025-10-06,Ebolowa,2025,10,279,41,79.41,98.97999999999999,191.79999999999998,303.23,-0.30896584270600047,-0.7596666666666678,22.37,equatorial
15.7,22.8,26.93,19.9,89.4,3.1,0.67,5.19,0.59,0.61,2025-10-07,Ebolowa,2025,10,280,41,68.91,101.25,192.99,301.64,-0.3167552699055326,0.019333333333332092,22.8,equatorial
15.93,21.59,23.87,20.08,95.9,5.97,0.7,2.68,0.59,0.62,2025-10-08,Ebolowa,2025,10,281,41,69.1,106.50999999999999,192.17000000000002,306.39,-0.2933094344797914,-1.1590000000000025,22.8,equatorial
16.34,23.7,28.49,19.51,84.45,1.08,0.59,5.68,0.58,0.59,2025-10-09,Ebolowa,2025,10,282,41,62.07,105.86,189.32,305.39,-0.29819618991339547,0.945999999999998,23.7,equatorial
9.21,23.13,27.5,20.69,86.56,4.61,0.76,5.75,0.57,0.6,2025-10-10,Ebolowa,2025,10,283,41,64.57,110.16999999999999,189.25,308.59,-0.2823859842173978,0.3743333333333325,23.7,equatorial
16.83,22.55,26.02,20.35,90.52,4.86,0.52,3.61,0.56,0.59,2025-10-11,Ebolowa,2025,10,284,41,64.37,114.86999999999999,187.01999999999998,312.56,-0.2627815344197566,-0.23900000000000077,23.7,equatorial
14.93,23.1,27.84,19.68,87.84,4.02,0.64,4.93,0.56,0.59,2025-10-12,Ebolowa,2025,10,285,41,32.95,111.03999999999999,183.36,315.69,-0.2473181115149402,0.28600000000000136,23.7,equatorial
16.01,23.87,28.86,20.33,84.12,1.4,0.52,5.41,0.55,0.57,2025-10-13,Ebolowa,2025,10,286,42,25.04,104.44999999999999,173.67000000000002,314.74999999999994,-0.25191861816323513,1.0150000000000006,23.87,equatorial
17.25,22.42,24.92,20.71,92.08,6.02,0.57,3.2,0.54,0.57,2025-10-14,Ebolowa,2025,10,287,42,27.96,96.86999999999999,174.37,319.71,-0.22743090546307054,-0.45200000000000173,23.87,equatorial
15.46,22.86,27.8,19.89,90.68,5.45,0.46,4.15,0.54,0.57,2025-10-15,Ebolowa,2025,10,288,42,27.44,96.53999999999999,175.20000000000002,323.24,-0.20999484909792931,-0.015000000000000568,23.87,equatorial
13.54,21.85,24.77,19.91,93.9,9.02,0.54,3.6,0.55,0.61,2025-10-16,Ebolowa,2025,10,289,42,35.379999999999995,97.44999999999999,179.17999999999998,330.57,-0.1738197623307021,-0.9969999999999963,23.87,equatorial
16.87,23.7,28.85,19.39,81.71,0.48,0.51,5.74,0.55,0.56,2025-10-17,Ebolowa,2025,10,290,42,31.25,95.82,176.79000000000002,320.27,-0.22459684216503553,0.8623333333333321,23.87,equatorial
14.97,23.73,28.11,20.94,84.86,3.91,0.57,4.5,0.54,0.56,2025-10-18,Ebolowa,2025,10,291,42,30.3,94.66999999999999,175.1,313.15000000000003,-0.2596868842794504,0.9123333333333363,23.87,equatorial
16.44,22.97,26.38,20.62,91.52,5.99,0.65,3.49,0.54,0.59,2025-10-19,Ebolowa,2025,10,292,42,32.27,65.22,172.02,318.29999999999995,-0.23424600387453098,0.14499999999999957,23.87,equatorial
15.18,23.13,27.27,20.54,87.99,4.87,0.61,4.19,0.54,0.57,2025-10-20,Ebolowa,2025,10,293,43,35.74,60.779999999999994,172.26,322.28,-0.21457830511258003,0.3219999999999992,23.73,equatorial
18.67,23.7,28.73,19.91,86.8,4.19,0.64,5.35,0.54,0.57,2025-10-21,Ebolowa,2025,10,294,43,33.91,61.86999999999999,169.5,324.53,-0.2034475284199699,0.847333333333335,23.73,equatorial
15.77,23.37,27.36,20.82,89.02,5.02,0.55,3.66,0.53,0.58,2025-10-22,Ebolowa,2025,10,295,43,33.480000000000004,60.91999999999999,168.97,324.74,-0.202384354783762,0.4650000000000034,23.73,equatorial
15.42,23.74,28.32,20.57,86.57,1.54,0.66,3.84,0.53,0.55,2025-10-23,Ebolowa,2025,10,296,43,26.0,61.379999999999995,169.67999999999998,324.88,-0.20166670376378978,0.8116666666666639,23.74,equatorial
16.41,23.41,27.54,20.75,87.72,4.46,0.62,3.41,0.53,0.55,2025-10-24,Ebolowa,2025,10,297,43,29.98,61.22999999999999,173.43,327.88,-0.18683158092339563,0.47633333333333283,23.74,equatorial
17.35,23.64,28.62,20.43,87.08,3.49,0.67,4.43,0.53,0.56,2025-10-25,Ebolowa,2025,10,298,43,29.560000000000002,59.85999999999999,175.19,330.18,-0.1754524763877324,0.6960000000000015,23.74,equatorial
15.91,22.91,25.78,20.82,93.04,5.77,0.54,2.7,0.53,0.58,2025-10-26,Ebolowa,2025,10,299,43,29.339999999999996,61.60999999999999,180.66,334.22,-0.15548243812496618,0.009666666666667822,23.74,equatorial
7.36,23.53,27.67,20.93,90.53,4.83,0.59,3.42,0.53,0.56,2025-10-27,Ebolowa,2025,10,300,44,29.3,65.03999999999999,185.33,337.25,-0.1405000496123906,0.6626666666666701,23.74,equatorial
12.56,22.56,24.67,20.85,94.54,6.5,0.82,2.45,0.53,0.58,2025-10-28,Ebolowa,2025,10,301,44,31.61,65.52,183.98,343.09999999999997,-0.11159077261648208,-0.26566666666666805,23.74,equatorial
13.44,23.68,28.88,20.6,89.1,4.59,0.49,4.85,0.54,0.58,2025-10-29,Ebolowa,2025,10,302,44,31.18,64.66,180.58,345.25,-0.1009570267123122,0.8439999999999976,23.74,equatorial
14.19,22.26,24.45,20.83,94.9,4.91,0.81,2.46,0.54,0.58,2025-10-30,Ebolowa,2025,10,303,44,34.55,60.55,171.89000000000001,349.77,-0.0786157426977011,-0.5786666666666633,23.68,equatorial
9.41,21.77,23.95,20.46,96.2,7.2,0.71,2.76,0.54,0.59,2025-10-31,Ebolowa,2025,10,304,44,37.29,67.27,173.31,356.06,-0.047529757768644605,-1.083000000000002,23.68,equatorial
14.86,22.82,27.49,19.86,89.63,3.79,0.51,4.22,0.55,0.58,2025-11-01,Ebolowa,2025,11,305,44,37.589999999999996,67.14999999999999,168.99,359.5,-0.030526125835475683,-0.07400000000000162,23.68,equatorial
15.54,23.62,28.26,20.44,85.92,4.86,0.52,5.54,0.54,0.57,2025-11-02,Ebolowa,2025,11,306,44,36.68,66.02,171.73999999999998,363.8,-0.009272556244402647,0.6843333333333312,23.68,equatorial
17.43,23.67,28.15,20.73,88.43,5.4,0.72,4.32,0.54,0.58,2025-11-03,Ebolowa,2025,11,307,45,37.25,66.55,172.08,368.43,0.013612012449326968,0.6863333333333337,23.68,equatorial
17.04,23.53,27.84,20.51,89.96,6.44,0.62,3.84,0.54,0.59,2025-11-04,Ebolowa,2025,11,308,45,37.19,68.8,143.07999999999998,373.68,0.03956126262732245,0.4750000000000014,23.68,equatorial
14.39,23.22,27.14,20.98,89.52,3.72,0.66,3.79,0.55,0.58,2025-11-05,Ebolowa,2025,11,309,45,36.32,67.5,137.49,375.12,0.046675137839886076,0.12566666666666393,23.67,equatorial
14.02,23.6,28.72,20.49,88.11,3.44,0.44,3.89,0.54,0.57,2025-11-06,Ebolowa,2025,11,310,45,34.85,69.39999999999999,137.82999999999998,376.67,0.054332878432699606,0.47900000000000276,23.67,equatorial
15.12,22.79,25.71,20.68,88.77,6.51,0.49,3.55,0.54,0.58,2025-11-07,Ebolowa,2025,11,311,45,34.160000000000004,71.45,138.37,382.49,0.08310534073322885,-0.37099999999999866,23.67,equatorial
16.34,23.42,28.69,19.34,85.43,7.22,0.82,5.23,0.55,0.61,2025-11-08,Ebolowa,2025,11,312,45,37.59,75.17999999999999,144.51000000000002,389.10999999999996,0.11583408633914204,0.2683333333333344,23.67,equatorial
14.82,24.08,28.78,20.7,84.35,2.68,0.71,4.36,0.54,0.56,2025-11-09,Ebolowa,2025,11,313,45,35.410000000000004,72.08999999999999,142.57999999999998,390.79999999999995,0.12417823323000075,0.8966666666666647,24.08,equatorial
18.49,23.79,28.23,20.7,85.76,2.98,0.75,3.86,0.54,0.57,2025-11-10,Ebolowa,2025,11,314,46,32.99,70.24,140.70000000000002,393.18,0.13593556098457277,0.5653333333333315,24.08,equatorial
16.31,24.38,29.56,20.54,82.07,2.07,0.81,5.16,0.54,0.55,2025-11-11,Ebolowa,2025,11,315,46,28.62,65.80999999999999,138.75,394.51,0.14249807805880532,1.1126666666666623,24.38,equatorial
15.59,24.66,29.85,20.45,80.84,1.87,0.67,4.9,0.53,0.54,2025-11-12,Ebolowa,2025,11,316,46,26.77,63.08999999999999,139.22,395.24,0.14609176635347468,1.3663333333333298,24.66,equatorial
14.91,23.59,28.74,20.83,87.24,6.02,0.47,4.11,0.52,0.55,2025-11-13,Ebolowa,2025,11,317,46,29.35,64.19999999999999,139.22,399.73999999999995,0.16834145015640437,0.25733333333333164,24.66,equatorial
15.07,22.32,26.2,19.68,90.24,8.82,0.56,3.43,0.54,0.61,2025-11-14,Ebolowa,2025,11,318,46,31.660000000000004,65.82,142.59,407.92999999999995,0.20885307263381123,-0.9946666666666637,24.66,equatorial
13.36,22.86,26.97,20.19,87.36,4.21,0.52,4.03,0.54,0.57,2025-11-15,Ebolowa,2025,11,319,46,28.65,66.24,137.78,411.55,0.22674358809411257,-0.48833333333333684,24.66,equatorial
17.43,24.08,28.92,19.81,82.35,2.75,0.77,4.67,0.54,0.55,2025-11-16,Ebolowa,2025,11,320,46,28.72,64.13,140.04999999999998,413.88,0.23824776297353975,0.7189999999999976,24.66,equatorial
18.1,24.47,29.62,20.02,81.03,1.41,0.88,4.71,0.53,0.54,2025-11-17,Ebolowa,2025,11,321,47,27.15,60.13999999999999,137.55,413.71,0.23737444290439955,1.0843333333333334,24.66,equatorial
15.9,24.91,29.9,20.52,79.59,1.45,0.77,4.56,0.52,0.53,2025-11-18,Ebolowa,2025,11,322,47,26.529999999999998,55.14999999999999,133.01,410.73,0.22258753579916435,1.4596666666666671,24.91,equatorial
14.78,24.48,29.26,20.46,83.65,4.96,0.67,4.8,0.52,0.55,2025-11-19,Ebolowa,2025,11,323,47,29.62,56.389999999999986,133.10000000000002,412.56,0.2316204359633582,0.9846666666666692,24.91,equatorial
15.82,25.2,30.38,20.96,76.61,0.84,0.68,4.27,0.51,0.52,2025-11-20,Ebolowa,2025,11,324,47,24.44,53.78999999999999,129.75000000000003,410.21999999999997,0.2200005516072521,1.6546666666666638,25.2,equatorial
18.06,24.86,30.64,20.62,77.91,1.01,0.87,4.33,0.51,0.51,2025-11-21,Ebolowa,2025,11,325,47,16.63,48.28999999999999,125.74000000000001,408.69,0.21239308803100318,1.264999999999997,25.2,equatorial
18.81,24.59,29.87,20.64,80.06,3.11,0.71,4.06,0.5,0.52,2025-11-22,Ebolowa,2025,11,326,47,15.529999999999998,44.17999999999999,127.31,411.13,0.22445258582419117,0.966666666666665,25.2,equatorial
16.59,24.55,30.31,20.76,80.95,1.8,0.63,4.24,0.5,0.51,2025-11-23,Ebolowa,2025,11,327,47,14.579999999999998,43.3,124.65,412.21,0.2297737584724559,0.8886666666666656,25.2,equatorial
15.97,25.02,30.68,20.59,77.55,2.18,0.78,4.07,0.49,0.51,2025-11-24,Ebolowa,2025,11,328,48,15.350000000000001,42.49999999999999,123.33999999999999,413.93,0.23826600739117904,1.312666666666665,25.2,equatorial
16.32,25.35,30.88,20.44,78.45,2.98,0.66,3.95,0.49,0.51,2025-11-25,Ebolowa,2025,11,329,48,16.88,43.40999999999999,120.55,416.29,0.24992959737163972,1.5613333333333372,25.35,equatorial
15.57,25.36,30.79,22.09,80.11,5.19,0.59,4.67,0.49,0.53,2025-11-26,Ebolowa,2025,11,330,48,17.11,46.73,120.91,420.92,0.2728432942704142,1.5103333333333318,25.36,equatorial
5.88,25.17,29.83,21.45,80.47,0.88,0.54,2.85,0.49,0.51,2025-11-27,Ebolowa,2025,11,331,48,17.150000000000002,41.58999999999999,115.29,421.05,0.27345088326743916,1.2333333333333343,25.36,equatorial
14.27,25.78,31.14,21.38,75.67,0.44,0.65,3.19,0.49,0.49,2025-11-28,Ebolowa,2025,11,332,48,16.58,33.209999999999994,111.14,420.8,0.27217468837526826,1.7733333333333334,25.78,equatorial
19.37,25.98,32.39,20.78,70.72,0.13,0.83,3.75,0.48,0.48,2025-11-29,Ebolowa,2025,11,333,48,13.6,29.129999999999995,106.36,420.53000000000003,0.2707993965143673,1.849333333333334,25.98,equatorial
17.44,25.99,32.3,21.08,72.62,0.61,0.65,3.16,0.48,0.47,2025-11-30,Ebolowa,2025,11,334,48,12.410000000000002,26.989999999999995,99.77,419.7,0.26664743079457415,1.718666666666664,25.99,equatorial
14.02,26.32,32.28,21.15,72.92,0.56,0.59,3.09,0.47,0.47,2025-12-01,Ebolowa,2025,12,335,49,10.79,26.139999999999993,96.54,417.32,0.254809101155769,1.9320000000000022,26.32,equatorial
13.88,25.59,31.13,21.79,78.18,2.79,0.55,2.68,0.47,0.48,2025-12-02,Ebolowa,2025,12,336,49,10.600000000000001,27.479999999999997,94.47000000000001,414.26,0.2395985965626585,1.136333333333333,26.32,equatorial
10.69,24.06,27.57,21.92,86.5,1.78,0.54,1.66,0.47,0.49,2025-12-03,Ebolowa,2025,12,337,49,7.19,24.299999999999994,90.85000000000001,413.15000000000003,0.234060991987031,-0.4066666666666663,26.32,equatorial
12.85,24.86,29.94,21.09,78.23,0.82,0.54,2.08,0.47,0.48,2025-12-04,Ebolowa,2025,12,338,49,7.13,24.279999999999994,85.23,411.9,0.22782903139768454,0.34899999999999665,26.32,equatorial
15.01,25.23,30.39,21.18,76.42,1.35,0.59,2.56,0.47,0.48,2025-12-05,Ebolowa,2025,12,339,49,8.04,24.619999999999994,82.86,412.15,0.22903937483872291,0.652000000000001,26.32,equatorial
14.61,25.23,31.09,21.04,76.1,1.76,0.73,2.82,0.47,0.48,2025-12-06,Ebolowa,2025,12,340,49,9.67,23.269999999999992,81.17999999999999,412.0,0.22826489397620137,0.5976666666666652,26.32,equatorial
13.11,25.4,31.25,21.45,76.72,1.83,0.58,2.67,0.47,0.48,2025-12-07,Ebolowa,2025,12,341,49,10.89,23.299999999999994,76.5,407.04,0.20362029159890999,0.6806666666666636,26.32,equatorial
16.32,25.0,30.41,21.42,80.47,3.68,0.62,2.74,0.47,0.5,2025-12-08,Ebolowa,2025,12,342,50,14.010000000000002,24.799999999999994,72.96000000000001,406.79,0.20235295136767753,0.22800000000000153,25.59,equatorial
13.82,23.6,27.81,21.08,84.88,1.83,0.61,1.79,0.48,0.5,2025-12-09,Ebolowa,2025,12,343,50,13.05,23.64999999999999,72.11,403.94,0.1881797201525639,-1.1560000000000024,25.4,equatorial
15.52,24.58,30.51,20.42,78.1,1.39,0.71,2.67,0.48,0.48,2025-12-10,Ebolowa,2025,12,344,50,12.66,19.849999999999994,70.52000000000001,398.24,0.15985809125842992,-0.20233333333333547,25.4,equatorial
13.01,24.41,29.77,21.25,80.99,2.48,0.59,2.31,0.48,0.49,2025-12-11,Ebolowa,2025,12,345,50,14.32,21.449999999999992,70.93,393.04,0.1340193146873445,-0.37333333333333485,25.4,equatorial
14.91,25.16,30.79,21.25,75.58,0.93,0.54,2.66,0.48,0.49,2025-12-12,Ebolowa,2025,12,346,50,13.9,21.939999999999994,69.99,382.88,0.08355093721856557,0.35999999999999943,25.4,equatorial
17.21,25.97,32.46,20.7,69.97,0.4,0.75,2.79,0.47,0.47,2025-12-13,Ebolowa,2025,12,347,50,12.540000000000001,22.209999999999994,64.37,377.96,0.059106171141921876,1.0906666666666673,25.97,equatorial
11.12,25.16,31.23,20.98,76.04,1.31,0.73,2.36,0.47,0.47,2025-12-14,Ebolowa,2025,12,348,50,12.020000000000001,22.909999999999993,56.86,374.65,0.04265820549793264,0.18599999999999994,25.97,equatorial
15.97,25.55,32.32,21.26,73.97,1.31,0.82,2.7,0.47,0.47,2025-12-15,Ebolowa,2025,12,349,51,9.649999999999999,23.659999999999997,53.96,370.92,0.02412387686355532,0.4863333333333344,25.97,equatorial
18.35,25.59,32.3,20.78,70.53,0.47,0.76,2.58,0.47,0.46,2025-12-16,Ebolowa,2025,12,350,51,8.290000000000001,21.339999999999996,51.68,368.52000000000004,0.012197230639811268,0.47600000000000264,25.97,equatorial
16.68,25.84,32.51,20.97,69.27,0.09,0.57,2.21,0.46,0.45,2025-12-17,Ebolowa,2025,12,351,51,6.99,19.649999999999995,50.36,363.01,-0.01518238774820868,0.6803333333333299,25.97,equatorial
13.54,25.99,32.7,20.72,69.01,0.08,0.73,2.0,0.46,0.45,2025-12-18,Ebolowa,2025,12,352,51,4.59,18.909999999999993,48.99,354.02,-0.05985557156631535,0.7943333333333307,25.99,equatorial
16.8,26.19,32.45,21.01,68.66,0.04,0.62,1.84,0.46,0.44,2025-12-19,Ebolowa,2025,12,353,51,3.7,17.599999999999994,44.07,349.43,-0.08266051903805875,0.9373333333333349,26.19,equatorial
17.48,26.29,32.5,21.56,69.99,0.06,0.81,1.67,0.46,0.44,2025-12-20,Ebolowa,2025,12,354,51,3.36,15.899999999999993,43.29,342.54,-0.11689783599301302,1.0010000000000012,26.29,equatorial
17.74,26.22,32.7,21.7,69.2,0.08,0.76,1.64,0.45,0.44,2025-12-21,Ebolowa,2025,12,355,51,2.13,14.149999999999993,42.36000000000001,337.07,-0.14407572663405457,0.8856666666666655,26.29,equatorial
17.19,26.16,33.05,20.68,66.12,0.0,0.69,1.68,0.45,0.43,2025-12-22,Ebolowa,2025,12,356,52,0.82,10.469999999999994,39.25000000000001,336.24,-0.14818401303302,0.773333333333337,26.29,equatorial
16.9,26.71,33.57,21.22,67.53,0.0,0.71,1.72,0.45,0.43,2025-12-23,Ebolowa,2025,12,357,52,0.35,8.639999999999993,37.45,335.53,-0.1516955679304826,1.251333333333335,26.71,equatorial
13.75,26.43,33.33,22.41,67.99,0.0,0.79,1.32,0.45,0.43,2025-12-24,Ebolowa,2025,12,358,52,0.26,7.249999999999994,35.27,333.79999999999995,-0.1602795941697911,0.9243333333333297,26.71,equatorial
18.9,26.49,34.06,20.07,64.54,0.0,0.69,1.74,0.45,0.42,2025-12-25,Ebolowa,2025,12,359,52,0.18000000000000002,4.769999999999993,32.290000000000006,333.5,-0.1617512036115347,0.9463333333333352,26.71,equatorial
17.58,26.94,33.95,21.91,66.17,0.0,0.86,1.54,0.45,0.42,2025-12-26,Ebolowa,2025,12,360,52,0.14,3.8399999999999928,27.099999999999998,333.34,-0.1625264066082784,1.3436666666666675,26.94,equatorial
19.51,26.95,33.84,21.89,65.94,0.0,0.98,1.54,0.44,0.42,2025-12-27,Ebolowa,2025,12,361,52,0.08000000000000002,3.439999999999993,26.22,325.49,-0.20155813008408874,1.2943333333333307,26.95,equatorial
15.63,27.08,34.28,21.72,64.83,0.0,0.79,1.53,0.44,0.42,2025-12-28,Ebolowa,2025,12,362,52,0.0,2.129999999999993,25.78,317.5,-0.2412855088531044,1.3810000000000002,27.08,equatorial
17.01,25.98,31.69,21.95,69.27,0.0,0.71,1.01,0.44,0.42,2025-12-29,Ebolowa,2025,12,363,1,0.0,0.8199999999999928,25.65,303.9,-0.30892650891685147,0.2809999999999988,27.08,equatorial
18.74,27.28,35.1,21.62,62.87,0.0,0.76,1.66,0.44,0.41,2025-12-30,Ebolowa,2025,12,364,1,0.0,0.3499999999999929,25.04,298.12,-0.3376482619082277,1.5380000000000003,27.28,equatorial
16.14,27.19,34.55,21.69,62.81,0.0,0.8,1.49,0.44,0.41,2025-12-31,Ebolowa,2025,12,365,1,0.0,0.2599999999999929,24.48,290.01,-0.37796455267550805,1.4190000000000005,27.28,equatorial
