nasa_allsky_sfc_sw_dwn,nasa_t2m,nasa_t2m_max,nasa_t2m_min,nasa_rh2m,nasa_prectotcorr,nasa_ws10m,nasa_evland,nasa_gwetroot,nasa_gwettop,date,zone,year,month,day_of_year,week,rain_7d,rain_14d,rain_30d,rain_90d,spi3_approx,temp_anom_30d,temp_max_7d,climate_zone
17.9,26.26,29.55,24.4,85.24,0.48,2.38,4.28,0.76,0.76,2015-01-01,Kribi,2015,1,1,1,0.48,0.48,0.48,0.48,,,26.26,equatorial
18.92,26.13,29.28,24.35,85.27,0.41,2.17,3.7,0.75,0.76,2015-01-02,Kribi,2015,1,2,1,0.8899999999999999,0.8899999999999999,0.8899999999999999,0.8899999999999999,,,26.26,equatorial
18.9,25.94,29.36,24.1,85.6,0.42,2.3,3.89,0.75,0.75,2015-01-03,Kribi,2015,1,3,1,1.31,1.31,1.31,1.31,,,26.26,equatorial
19.42,26.07,29.73,23.65,81.73,0.1,1.8,4.04,0.75,0.75,2015-01-04,Kribi,2015,1,4,1,1.41,1.41,1.41,1.41,,,26.26,equatorial
17.11,26.37,29.78,24.12,83.18,0.11,2.09,3.94,0.74,0.74,2015-01-05,Kribi,2015,1,5,2,1.52,1.52,1.52,1.52,,,26.37,equatorial
17.74,26.09,29.53,24.25,82.94,0.49,2.08,3.58,0.74,0.74,2015-01-06,Kribi,2015,1,6,2,2.01,2.01,2.01,2.01,,,26.37,equatorial
18.02,25.82,27.87,24.33,80.54,0.27,1.23,2.32,0.74,0.75,2015-01-07,Kribi,2015,1,7,2,2.28,2.28,2.28,2.28,,-0.27714285714285936,26.37,equatorial
17.87,26.06,29.71,24.0,80.28,0.61,1.6,3.98,0.73,0.74,2015-01-08,Kribi,2015,1,8,2,2.41,2.8899999999999997,2.8899999999999997,2.8899999999999997,,-0.032500000000002416,26.37,equatorial
19.16,26.3,29.63,23.79,75.24,0.29,1.45,4.25,0.73,0.74,2015-01-09,Kribi,2015,1,9,2,2.2899999999999996,3.1799999999999997,3.1799999999999997,3.1799999999999997,,0.18444444444444485,26.37,equatorial
19.84,25.06,29.94,20.78,68.2,0.05,1.81,5.2,0.72,0.73,2015-01-10,Kribi,2015,1,10,2,1.92,3.23,3.23,3.23,,-0.9500000000000028,26.37,equatorial
18.53,25.7,29.42,22.5,67.96,0.61,1.99,5.08,0.72,0.73,2015-01-11,Kribi,2015,1,11,2,2.4299999999999997,3.84,3.84,3.84,,-0.28181818181818485,26.37,equatorial
20.14,25.2,29.53,20.71,62.02,0.0,2.24,5.38,0.71,0.72,2015-01-12,Kribi,2015,1,12,3,2.3200000000000003,3.84,3.84,3.84,,-0.7166666666666686,26.3,equatorial
19.99,24.98,30.08,20.63,70.11,0.01,2.16,4.59,0.71,0.72,2015-01-13,Kribi,2015,1,13,3,1.8399999999999999,3.8499999999999996,3.8499999999999996,3.8499999999999996,,-0.8646153846153872,26.3,equatorial
17.35,25.85,29.52,22.61,77.42,0.42,1.63,3.82,0.71,0.72,2015-01-14,Kribi,2015,1,14,3,1.9899999999999998,4.27,4.27,4.27,,0.005000000000002558,26.3,equatorial
19.42,26.26,30.08,23.75,83.25,1.08,1.74,3.99,0.71,0.72,2015-01-15,Kribi,2015,1,15,3,2.46,4.87,5.35,5.35,,0.3873333333333342,26.3,equatorial
18.16,26.36,29.68,24.26,85.1,1.11,2.14,4.19,0.7,0.72,2015-01-16,Kribi,2015,1,16,3,3.2800000000000002,5.57,6.46,6.46,,0.45687500000000014,26.36,equatorial
18.55,26.4,29.76,24.3,85.11,0.93,2.24,3.89,0.7,0.71,2015-01-17,Kribi,2015,1,17,3,4.16,6.08,7.39,7.39,,0.46764705882352686,26.4,equatorial
17.07,26.38,29.69,24.49,83.68,0.81,2.28,4.05,0.7,0.71,2015-01-18,Kribi,2015,1,18,3,4.36,6.79,8.2,8.2,,0.4227777777777746,26.4,equatorial
19.35,26.27,29.92,23.94,83.71,1.37,2.2,4.29,0.7,0.71,2015-01-19,Kribi,2015,1,19,4,5.73,8.05,9.57,9.57,,0.29631578947368453,26.4,equatorial
21.25,26.77,30.86,24.43,82.41,0.79,1.95,4.64,0.69,0.71,2015-01-20,Kribi,2015,1,20,4,6.51,8.35,10.36,10.36,,0.7564999999999991,26.77,equatorial
20.7,26.84,30.68,24.49,83.69,0.32,2.06,3.98,0.69,0.7,2015-01-21,Kribi,2015,1,21,4,6.41,8.4,10.68,10.68,,0.7871428571428574,26.84,equatorial
18.55,26.84,30.08,25.02,84.92,0.45,2.11,3.42,0.69,0.7,2015-01-22,Kribi,2015,1,22,4,5.78,8.24,11.13,11.13,,0.7513636363636351,26.84,equatorial
18.39,26.55,29.64,24.59,86.69,0.69,2.83,4.06,0.69,0.7,2015-01-23,Kribi,2015,1,23,4,5.359999999999999,8.64,11.82,11.82,,0.44130434782608674,26.84,equatorial
19.02,26.67,29.88,24.73,86.03,0.74,2.75,4.1,0.68,0.7,2015-01-24,Kribi,2015,1,24,4,5.17,9.330000000000002,12.56,12.56,,0.5379166666666713,26.84,equatorial
15.37,26.42,29.05,25.06,87.5,0.8,2.72,3.32,0.68,0.7,2015-01-25,Kribi,2015,1,25,4,5.16,9.52,13.36,13.36,,0.27639999999999887,26.84,equatorial
17.55,26.54,29.77,24.66,85.13,0.3,2.2,3.44,0.68,0.69,2015-01-26,Kribi,2015,1,26,5,4.09,9.82,13.66,13.66,,0.38115384615384684,26.84,equatorial
13.85,26.38,28.87,24.86,88.36,0.27,2.58,2.64,0.68,0.69,2015-01-27,Kribi,2015,1,27,5,3.57,10.08,13.93,13.93,,0.2129629629629619,26.84,equatorial
17.23,26.1,27.64,25.25,90.43,0.24,2.54,1.78,0.68,0.7,2015-01-28,Kribi,2015,1,28,5,3.49,9.9,14.17,14.17,,-0.06464285714285722,26.84,equatorial
18.54,26.51,29.11,24.77,86.92,0.2,2.61,3.32,0.68,0.69,2015-01-29,Kribi,2015,1,29,5,3.24,9.02,14.370000000000001,14.370000000000001,,0.3334482758620716,26.67,equatorial
20.58,26.68,29.44,24.99,85.81,0.16,2.28,3.06,0.67,0.69,2015-01-30,Kribi,2015,1,30,5,2.71,8.07,14.530000000000001,14.530000000000001,1.5089628056879631,0.48666666666666814,26.68,equatorial
16.93,26.5,29.01,25.05,88.32,1.91,2.13,2.65,0.67,0.69,2015-01-31,Kribi,2015,1,31,5,3.88,9.05,15.959999999999999,16.44,1.76348533395043,0.2986666666666693,26.68,equatorial
16.88,26.79,29.82,24.98,87.42,1.44,2.26,3.44,0.67,0.69,2015-02-01,Kribi,2015,2,32,5,4.52,9.68,16.99,17.88,1.8894125260561485,0.5666666666666629,26.79,equatorial
14.84,26.55,29.17,25.08,89.17,1.41,2.42,3.1,0.67,0.69,2015-02-02,Kribi,2015,2,33,6,5.63,9.72,17.98,19.29,1.9810880746172066,0.3063333333333347,26.79,equatorial
14.96,26.21,28.46,24.98,90.41,2.07,2.46,2.52,0.67,0.69,2015-02-03,Kribi,2015,2,34,6,7.43,11.0,19.95,21.36,2.1408663473621448,-0.038333333333333997,26.79,equatorial
16.1,26.83,30.43,24.59,85.57,0.47,2.37,4.01,0.67,0.68,2015-02-04,Kribi,2015,2,35,6,7.659999999999999,11.149999999999999,20.31,21.83,2.044707182411656,0.5663333333333327,26.83,equatorial
18.52,26.67,29.56,24.86,87.59,2.5,2.32,3.51,0.67,0.69,2015-02-05,Kribi,2015,2,36,6,9.959999999999999,13.2,22.32,24.33,2.2234828684732073,0.38700000000000045,26.83,equatorial
17.71,26.08,27.66,25.23,90.35,3.75,2.24,2.15,0.67,0.7,2015-02-06,Kribi,2015,2,37,6,13.549999999999999,16.259999999999998,25.799999999999997,28.08,2.4867256964088176,-0.21166666666666956,26.83,equatorial
16.39,26.64,29.08,25.1,90.25,3.62,2.36,2.57,0.68,0.7,2015-02-07,Kribi,2015,2,38,6,15.260000000000002,19.14,28.81,31.7,2.6404061729553665,0.3290000000000006,26.83,equatorial
13.09,26.18,27.37,25.37,92.62,7.41,2.6,1.87,0.68,0.72,2015-02-08,Kribi,2015,2,39,6,21.23,25.75,35.93,39.11,3.0419184245603144,-0.12700000000000244,26.83,equatorial
16.57,26.53,29.45,24.74,88.11,6.46,2.64,3.71,0.69,0.72,2015-02-09,Kribi,2015,2,40,7,26.28,31.909999999999997,42.34,45.57,3.1710485637900856,0.17400000000000304,26.83,equatorial
14.09,26.66,30.23,24.26,81.97,0.98,2.22,3.87,0.69,0.7,2015-02-10,Kribi,2015,2,41,7,25.189999999999998,32.62,42.71,46.55,2.865275615247915,0.27199999999999847,26.83,equatorial
19.07,26.62,29.74,24.57,86.88,0.24,1.96,2.76,0.68,0.69,2015-02-11,Kribi,2015,2,42,7,24.96,32.62,42.949999999999996,46.79,2.5999674467806373,0.18466666666666498,26.67,equatorial
10.2,26.06,27.35,25.33,91.66,0.79,2.6,1.85,0.68,0.69,2015-02-12,Kribi,2015,2,43,7,23.25,33.21,43.73,47.58,2.434051094679053,-0.4113333333333351,26.66,equatorial
12.7,25.64,26.84,24.61,91.33,0.42,2.56,1.61,0.68,0.69,2015-02-13,Kribi,2015,2,44,7,19.92,33.47,43.73,48.0,2.281416445889457,-0.8243333333333318,26.66,equatorial
15.5,26.22,29.54,23.62,84.34,0.12,2.31,3.68,0.67,0.68,2015-02-14,Kribi,2015,2,45,7,16.419999999999998,31.68,42.769999999999996,48.12,2.1407363480596,-0.2430000000000021,26.66,equatorial
21.97,26.9,30.38,24.77,84.63,1.48,2.39,4.13,0.67,0.68,2015-02-15,Kribi,2015,2,46,7,10.489999999999998,31.72,43.14,49.6,2.1011178838541684,0.4190000000000005,26.9,equatorial
21.49,26.79,29.61,25.25,85.79,2.04,2.34,3.43,0.67,0.69,2015-02-16,Kribi,2015,2,47,8,6.07,32.35,44.25,51.64,2.09715690938736,0.2960000000000029,26.9,equatorial
20.28,26.84,29.73,25.06,87.73,3.77,2.41,3.31,0.67,0.69,2015-02-17,Kribi,2015,2,48,8,8.86,34.05,47.21,55.410000000000004,2.181619823260359,0.3306666666666658,26.9,equatorial
10.21,26.1,27.42,24.74,92.41,11.13,2.67,2.34,0.68,0.73,2015-02-18,Kribi,2015,2,49,8,19.75,44.71,56.97,66.54,2.596238640710413,-0.4036666666666662,26.9,equatorial
20.39,26.25,28.97,24.49,85.63,2.67,2.13,3.47,0.68,0.7,2015-02-19,Kribi,2015,2,50,8,21.630000000000003,44.88,58.85,69.21000000000001,2.5283194982928743,-0.2363333333333344,26.9,equatorial
20.7,26.23,28.57,24.72,87.23,1.58,2.45,3.3,0.68,0.7,2015-02-20,Kribi,2015,2,51,8,22.79,42.71,60.11,70.79,2.4246244770175935,-0.23600000000000065,26.9,equatorial
20.85,26.7,29.83,24.67,85.1,0.62,2.51,4.19,0.68,0.68,2015-02-21,Kribi,2015,2,52,8,23.290000000000003,39.71,60.28,71.41,2.299530598815388,0.23866666666666703,26.9,equatorial
9.62,26.26,28.67,24.93,87.68,2.18,2.9,3.74,0.67,0.69,2015-02-22,Kribi,2015,2,53,8,23.990000000000002,34.48,61.77,73.59,2.257009294163246,-0.19166666666666288,26.84,equatorial
19.2,26.57,29.32,24.56,86.73,1.28,2.43,3.67,0.67,0.68,2015-02-23,Kribi,2015,2,54,9,23.230000000000004,29.3,62.31,74.87,2.1852969919942837,0.12166666666666615,26.84,equatorial
17.75,26.2,27.98,25.12,87.65,1.04,2.26,2.62,0.67,0.68,2015-02-24,Kribi,2015,2,55,9,20.5,29.360000000000003,62.550000000000004,75.91,2.114759740351464,-0.24099999999999966,26.7,equatorial
11.25,26.23,28.05,25.11,89.12,1.58,2.69,2.6,0.67,0.69,2015-02-25,Kribi,2015,2,56,9,10.950000000000001,30.7,63.83,77.49,2.0733933025849782,-0.20066666666666322,26.7,equatorial
13.97,25.51,26.73,24.74,91.49,2.63,2.67,2.01,0.67,0.69,2015-02-26,Kribi,2015,2,57,9,10.91,32.54,66.19,80.12,2.074105325548723,-0.8916666666666657,26.7,equatorial
15.42,25.31,27.02,23.99,86.22,0.99,1.99,2.33,0.67,0.69,2015-02-27,Kribi,2015,2,58,9,10.32,33.11,66.94000000000001,81.11,2.017186111297629,-1.065333333333335,26.7,equatorial
19.07,26.96,30.61,24.69,81.1,0.38,1.37,3.54,0.67,0.68,2015-02-28,Kribi,2015,2,59,9,10.08,33.370000000000005,67.12,81.49,1.9464905095262137,0.5696666666666665,26.96,equatorial
12.87,26.37,28.51,25.12,89.19,1.07,2.08,2.44,0.66,0.68,2015-03-01,Kribi,2015,3,60,9,8.969999999999999,32.96,68.03,82.56,1.9068981375099776,-0.010000000000001563,26.96,equatorial
14.6,26.15,28.12,24.94,90.45,0.5,2.15,2.01,0.66,0.68,2015-03-02,Kribi,2015,3,61,10,8.19,31.42,66.61999999999999,83.06,1.8529560717227604,-0.21833333333333727,26.96,equatorial
18.15,26.65,29.98,24.58,85.65,0.29,2.12,3.77,0.66,0.67,2015-03-03,Kribi,2015,3,62,10,7.4399999999999995,27.939999999999998,65.47,83.35,1.7978767532254614,0.28633333333333155,26.96,equatorial
15.75,26.91,30.12,25.15,84.51,0.35,1.81,3.57,0.66,0.67,2015-03-04,Kribi,2015,3,63,10,6.21,17.16,64.41,83.7,1.7501334997327578,0.5343333333333327,26.96,equatorial
18.31,26.6,29.11,25.27,87.57,0.16,2.12,2.86,0.65,0.66,2015-03-05,Kribi,2015,3,64,10,3.7399999999999998,14.65,62.5,83.86,1.700899957003139,0.21133333333333582,26.96,equatorial
15.08,26.53,29.17,24.75,88.56,0.29,1.81,2.79,0.65,0.66,2015-03-06,Kribi,2015,3,65,10,3.04,13.36,62.32,84.15,1.660058259845167,0.15133333333333354,26.96,equatorial
17.49,26.69,29.43,24.91,88.21,3.1,2.01,3.49,0.65,0.67,2015-03-07,Kribi,2015,3,66,10,5.76,15.84,62.92,87.25,1.7086621222117644,0.31066666666666976,26.91,equatorial
13.51,25.48,26.78,24.68,93.6,6.96,1.67,1.4,0.66,0.7,2015-03-08,Kribi,2015,3,67,10,11.649999999999999,20.619999999999997,66.13,94.21000000000001,1.8679441550962066,-0.8793333333333351,26.91,equatorial
15.53,26.58,29.47,24.74,86.88,2.53,1.85,3.67,0.66,0.68,2015-03-09,Kribi,2015,3,68,11,13.68,21.869999999999997,65.03999999999999,96.74,1.8816498362929215,0.2226666666666688,26.91,equatorial
19.86,26.8,29.6,24.87,86.49,1.25,1.9,3.45,0.66,0.67,2015-03-10,Kribi,2015,3,69,11,14.64,22.08,58.88,97.99,1.857132519704244,0.4220000000000006,26.91,equatorial
18.74,26.99,29.97,24.44,81.64,0.92,1.46,3.49,0.66,0.67,2015-03-11,Kribi,2015,3,70,11,15.21,21.42,53.34,98.91,1.8255140994869865,0.596666666666664,26.99,equatorial
22.49,27.22,30.01,25.54,83.45,0.51,1.73,3.08,0.65,0.66,2015-03-12,Kribi,2015,3,71,11,15.56,19.299999999999997,52.870000000000005,99.42,1.785301651218697,0.8080000000000034,27.22,equatorial
21.87,26.67,29.16,24.77,84.86,1.22,1.66,2.84,0.65,0.67,2015-03-13,Kribi,2015,3,72,11,16.49,19.53,53.85,100.64,1.768002253025987,0.2563333333333375,27.22,equatorial
19.46,27.33,30.43,25.67,85.36,1.24,1.65,3.52,0.65,0.67,2015-03-14,Kribi,2015,3,73,11,14.629999999999999,20.39,54.300000000000004,101.88,1.7526645161384233,0.8739999999999988,27.33,equatorial
13.77,26.98,28.52,26.04,89.86,2.14,2.13,2.3,0.65,0.67,2015-03-15,Kribi,2015,3,74,11,9.809999999999999,21.46,56.02,104.02,1.7625606642508658,0.47933333333333294,27.33,equatorial
15.64,26.64,27.99,25.94,91.69,3.53,2.33,2.35,0.65,0.68,2015-03-16,Kribi,2015,3,75,12,10.81,24.49,59.43,107.55,1.8080149072484748,0.1253333333333373,27.33,equatorial
18.7,26.2,27.48,25.47,89.71,3.22,2.04,2.29,0.66,0.68,2015-03-17,Kribi,2015,3,76,12,12.780000000000001,27.42,61.17,110.77,1.8413979774192013,-0.2913333333333341,27.33,equatorial
19.3,26.48,28.42,25.21,87.34,2.68,1.81,2.42,0.66,0.68,2015-03-18,Kribi,2015,3,77,12,14.540000000000001,29.75,61.81,113.45,1.857996210361875,-0.0010000000000012221,27.33,equatorial
15.45,26.35,27.96,25.34,91.16,5.01,2.19,2.26,0.66,0.69,2015-03-19,Kribi,2015,3,78,12,19.04,34.6,63.05,118.46000000000001,1.930724241364249,-0.11466666666666825,27.33,equatorial
19.24,26.59,28.05,25.63,90.82,3.94,1.94,2.18,0.66,0.69,2015-03-20,Kribi,2015,3,79,12,21.76,38.25,55.86,122.4,1.9702093672520182,0.10900000000000176,27.33,equatorial
15.25,27.03,29.21,25.77,88.57,7.35,1.83,3.35,0.67,0.7,2015-03-21,Kribi,2015,3,80,12,27.869999999999997,42.5,60.54,129.75,2.0861046211240635,0.5229999999999997,27.03,equatorial
15.32,26.43,28.48,25.37,91.6,6.21,2.4,2.92,0.67,0.71,2015-03-22,Kribi,2015,3,81,12,31.939999999999998,41.75,65.17,135.96,2.162405882985469,-0.08366666666666589,27.03,equatorial
21.96,27.31,30.29,25.62,87.56,4.14,2.13,3.95,0.67,0.7,2015-03-23,Kribi,2015,3,82,13,32.55,43.36,68.69,140.1,2.1828341155608824,0.7759999999999962,27.31,equatorial
11.18,26.63,27.75,25.89,93.33,7.21,2.32,2.03,0.68,0.71,2015-03-24,Kribi,2015,3,83,13,36.54,49.31999999999999,73.72,147.31,2.2668696309552034,0.08366666666666234,27.31,equatorial
12.95,26.59,28.58,25.37,90.19,6.14,2.24,3.16,0.68,0.71,2015-03-25,Kribi,2015,3,84,13,40.0,54.54,78.58,153.45,2.316850013840255,0.04299999999999926,27.31,equatorial
18.59,26.75,29.41,25.19,86.88,9.96,2.23,4.57,0.68,0.72,2015-03-26,Kribi,2015,3,85,13,44.95,63.989999999999995,87.5,163.41,2.436991553537139,0.18466666666666853,27.31,equatorial
8.51,25.81,26.54,24.65,93.4,6.11,3.34,2.7,0.69,0.72,2015-03-27,Kribi,2015,3,86,13,47.12,68.88,92.03,169.52,2.4631600462666663,-0.741333333333337,27.31,equatorial
13.2,26.23,29.35,24.4,86.7,3.44,2.29,4.66,0.68,0.7,2015-03-28,Kribi,2015,3,87,13,43.21,71.08,92.84,172.96,2.4329837015687663,-0.3453333333333326,27.31,equatorial
20.12,25.89,27.9,24.7,88.13,3.84,2.57,3.93,0.68,0.7,2015-03-29,Kribi,2015,3,88,13,40.84,72.78,95.69,176.8,2.412599588898259,-0.7046666666666681,27.31,equatorial
11.85,26.18,28.58,24.61,86.26,5.9,1.84,3.88,0.68,0.71,2015-03-30,Kribi,2015,3,89,14,42.6,75.15,101.21,182.7,2.4305952616612507,-0.3886666666666656,26.75,equatorial
12.79,26.56,29.91,24.68,82.18,5.02,1.53,4.67,0.68,0.71,2015-03-31,Kribi,2015,3,90,14,40.41,76.95,105.16000000000001,187.72,2.429251583819704,-0.015000000000000568,26.75,equatorial
19.81,26.79,29.61,25.22,85.82,6.38,2.22,4.67,0.68,0.7,2015-04-01,Kribi,2015,4,91,14,40.65,80.64999999999999,111.04,193.62,2.441593866198685,0.19366666666666532,26.79,equatorial
16.98,26.12,27.68,24.94,90.66,11.3,1.84,2.77,0.69,0.74,2015-04-02,Kribi,2015,4,92,14,41.989999999999995,86.94,122.05,204.51000000000002,2.5332512167040404,-0.4586666666666659,26.79,equatorial
17.68,26.14,28.85,24.01,86.25,6.75,1.79,3.83,0.69,0.72,2015-04-03,Kribi,2015,4,93,14,42.629999999999995,89.75,128.45000000000002,210.84,2.5376994482502995,-0.41300000000000026,26.79,equatorial
20.44,26.34,28.84,24.57,89.18,4.45,2.09,3.45,0.69,0.71,2015-04-04,Kribi,2015,4,94,14,43.64,86.85,132.74,215.19,2.508955722638471,-0.20433333333333437,26.79,equatorial
12.67,26.05,28.29,24.8,88.54,8.1,1.99,3.68,0.7,0.73,2015-04-05,Kribi,2015,4,95,14,47.9,88.74000000000001,140.54999999999998,223.18,2.53716277838593,-0.4783333333333317,26.79,equatorial
23.32,26.51,29.51,24.55,84.85,2.98,1.83,4.07,0.69,0.71,2015-04-06,Kribi,2015,4,96,15,44.98,87.58,140.43,225.67000000000002,2.4792843640932336,-0.012333333333330643,26.79,equatorial
6.15,26.37,28.03,25.28,88.86,7.89,1.73,2.94,0.69,0.73,2015-04-07,Kribi,2015,4,97,15,47.849999999999994,88.25999999999999,141.36,233.29,2.5004633060792694,-0.1819999999999986,26.79,equatorial
24.02,26.7,29.6,24.46,86.82,3.53,1.82,3.89,0.69,0.71,2015-04-08,Kribi,2015,4,98,15,45.0,85.64999999999999,142.36,236.21,2.4520609790094055,0.14399999999999835,26.7,equatorial
18.84,26.26,27.67,25.42,93.58,9.52,2.14,2.39,0.7,0.74,2015-04-09,Kribi,2015,4,99,15,43.22,85.21000000000001,150.63000000000002,245.44,2.4937329743431382,-0.2779999999999987,26.7,equatorial
14.87,26.33,28.19,25.18,90.99,4.6,2.04,2.69,0.7,0.73,2015-04-10,Kribi,2015,4,100,15,41.07,83.7,154.31,249.99,2.467118112838416,-0.1860000000000035,26.7,equatorial
16.4,26.88,29.51,25.32,85.67,11.85,1.92,4.85,0.71,0.75,2015-04-11,Kribi,2015,4,101,15,48.47,92.11,165.65,261.23,2.5282304271915517,0.3753333333333302,26.88,equatorial
18.91,26.16,28.0,24.91,91.61,15.35,2.0,3.01,0.72,0.76,2015-04-12,Kribi,2015,4,102,15,55.72,103.62,179.78,276.58,2.630972206493981,-0.32766666666666566,26.88,equatorial
17.66,26.09,28.07,25.03,89.65,14.26,1.72,2.55,0.74,0.78,2015-04-13,Kribi,2015,4,103,16,67.0,111.97999999999999,192.8,290.83,2.70471744815711,-0.3563333333333354,26.88,equatorial
16.0,26.48,28.84,24.86,89.26,7.21,1.91,3.25,0.73,0.75,2015-04-14,Kribi,2015,4,104,16,66.32,114.17,197.87,297.62,2.6798283019400375,0.05033333333333445,26.88,equatorial
8.23,25.96,26.94,25.04,94.0,11.4,2.14,2.1,0.74,0.77,2015-04-15,Kribi,2015,4,105,16,74.19,119.19,205.74,307.94,2.6957836491936216,-0.4469999999999992,26.88,equatorial
15.81,26.06,28.48,24.45,89.93,4.12,1.98,3.71,0.74,0.75,2015-04-16,Kribi,2015,4,106,16,68.79,112.00999999999999,206.64000000000001,310.95,2.6277977745915377,-0.34233333333333604,26.88,equatorial
19.56,26.67,29.07,25.11,88.46,3.57,1.82,3.65,0.73,0.74,2015-04-17,Kribi,2015,4,107,16,67.75999999999999,108.82999999999998,207.53,313.59,2.5625708336453186,0.2613333333333365,26.88,equatorial
18.59,27.1,30.43,25.25,84.95,4.43,1.68,5.13,0.72,0.74,2015-04-18,Kribi,2015,4,108,16,60.339999999999996,108.81,206.95,317.21,2.5137729558677875,0.6663333333333341,27.1,equatorial
19.83,26.89,29.43,25.48,88.72,5.55,1.88,3.97,0.72,0.74,2015-04-19,Kribi,2015,4,109,16,50.54,106.25999999999999,208.55999999999997,321.39,2.4749073163879935,0.4463333333333317,27.1,equatorial
14.54,26.56,28.54,25.3,90.91,5.5,1.99,3.16,0.72,0.75,2015-04-20,Kribi,2015,4,110,17,41.78,108.78,206.70999999999998,326.1,2.444414865872107,0.13200000000000145,27.1,equatorial
20.37,26.72,28.51,25.62,90.85,4.54,1.77,2.4,0.72,0.74,2015-04-21,Kribi,2015,4,111,17,39.11,105.43,205.04000000000002,330.32,2.411303454561133,0.28233333333333377,27.1,equatorial
19.81,27.16,29.62,25.58,88.78,4.94,1.71,3.25,0.73,0.74,2015-04-22,Kribi,2015,4,112,17,32.65,106.84,205.84,334.81,2.3832168768690885,0.7273333333333376,27.16,equatorial
14.42,26.49,28.12,25.35,91.56,6.48,1.99,2.88,0.73,0.75,2015-04-23,Kribi,2015,4,113,17,35.01,103.8,205.10999999999999,340.59999999999997,2.36927558950449,0.062000000000001165,27.16,equatorial
4.79,26.42,28.67,25.0,89.71,4.15,1.76,3.16,0.73,0.75,2015-04-24,Kribi,2015,4,114,17,35.589999999999996,103.35,203.12,344.01000000000005,2.333944220571364,-0.0023333333333326323,27.16,equatorial
24.07,26.83,30.03,24.75,86.67,2.24,2.17,4.96,0.72,0.73,2015-04-25,Kribi,2015,4,115,17,33.4,93.74000000000001,195.4,345.45,2.2833251253156623,0.4049999999999976,27.16,equatorial
15.57,26.72,29.11,25.34,86.54,1.86,1.82,3.52,0.72,0.73,2015-04-26,Kribi,2015,4,116,17,29.71,80.25,191.15,347.01,2.2376382657618263,0.2646666666666668,27.16,equatorial
22.5,27.18,30.6,24.64,81.33,1.46,1.64,5.44,0.71,0.72,2015-04-27,Kribi,2015,4,117,18,25.67,67.45,189.17000000000002,348.20000000000005,2.1920282078962123,0.6930000000000014,27.18,equatorial
10.43,26.31,28.24,25.08,88.69,3.58,1.77,2.74,0.71,0.73,2015-04-28,Kribi,2015,4,118,18,24.710000000000004,63.82,188.91,351.54,2.168297159567339,-0.19099999999999895,27.18,equatorial
22.9,26.66,29.36,24.63,84.54,1.62,1.77,4.26,0.71,0.72,2015-04-29,Kribi,2015,4,119,18,21.39,54.040000000000006,184.63,352.96000000000004,2.1296219114241106,0.14300000000000068,27.18,equatorial
23.16,26.92,28.9,25.48,85.99,3.85,1.61,3.03,0.71,0.73,2015-04-30,Kribi,2015,4,120,18,18.76,53.77,183.46,356.65,2.112661461126769,0.3910000000000018,27.18,equatorial
15.05,26.57,28.1,25.66,91.18,9.58,2.06,2.78,0.72,0.76,2015-05-01,Kribi,2015,5,121,18,24.189999999999998,59.78,186.66,364.32,2.1297320337076675,0.04833333333333556,27.18,equatorial
20.26,26.86,29.03,25.56,90.15,9.0,1.86,3.01,0.73,0.76,2015-05-02,Kribi,2015,5,122,18,30.950000000000003,64.35,184.35999999999999,371.88,2.1443149529664156,0.3136666666666663,27.18,equatorial
4.54,27.39,30.19,25.47,84.35,11.7,1.29,4.02,0.74,0.77,2015-05-03,Kribi,2015,5,123,18,40.79,70.5,189.30999999999997,382.17,2.179444305186249,0.8019999999999996,27.39,equatorial
22.45,27.76,31.26,25.12,81.83,4.14,1.59,5.76,0.74,0.75,2015-05-04,Kribi,2015,5,124,19,43.47,69.14,189.0,384.24,2.1463990861532456,1.1246666666666698,27.76,equatorial
13.21,26.25,27.75,25.43,92.25,11.01,2.28,2.98,0.74,0.77,2015-05-05,Kribi,2015,5,125,19,50.900000000000006,75.61,191.91,394.78,2.1816486668368698,-0.39199999999999946,27.76,equatorial
17.78,26.58,28.09,25.23,87.61,6.42,1.71,3.03,0.74,0.76,2015-05-06,Kribi,2015,5,126,19,55.699999999999996,77.09,195.35,398.7,2.1629970008606074,-0.06433333333333735,27.76,equatorial
10.96,26.39,27.81,25.47,90.45,5.35,2.29,2.73,0.75,0.76,2015-05-07,Kribi,2015,5,127,19,57.199999999999996,75.96,192.81,400.3,2.1277661736582543,-0.254999999999999,27.76,equatorial
23.81,27.0,29.75,25.27,85.38,3.04,1.71,4.04,0.74,0.75,2015-05-08,Kribi,2015,5,128,19,50.66,74.85000000000001,192.32,399.71999999999997,2.078349264484176,0.3450000000000024,27.76,equatorial
18.4,26.65,28.61,25.49,88.52,5.4,1.78,3.09,0.74,0.76,2015-05-09,Kribi,2015,5,129,19,47.059999999999995,78.00999999999999,188.2,397.71000000000004,2.0213314485687213,-0.018000000000000682,27.76,equatorial
9.05,26.44,28.36,25.18,88.53,9.14,1.69,2.93,0.75,0.77,2015-05-10,Kribi,2015,5,130,19,44.5,85.28999999999999,192.74,400.39,2.0021605622081684,-0.23166666666666558,27.76,equatorial
24.49,27.27,30.39,25.4,84.25,4.35,1.46,5.71,0.75,0.76,2015-05-11,Kribi,2015,5,131,20,44.71,88.18,185.24,403.76,1.9890192026957414,0.5853333333333346,27.27,equatorial
22.04,26.86,28.95,25.41,88.29,5.19,1.81,3.61,0.75,0.76,2015-05-12,Kribi,2015,5,132,20,38.89000000000001,89.79,175.08,408.71000000000004,1.9878831931936058,0.15199999999999747,27.27,equatorial
17.39,26.7,27.69,25.86,87.81,6.32,1.27,2.58,0.75,0.77,2015-05-13,Kribi,2015,5,133,20,38.790000000000006,94.49,167.14,414.24,1.9907997537359967,-0.028333333333332433,27.27,equatorial
7.35,27.64,31.59,25.38,81.79,10.97,1.22,5.38,0.75,0.78,2015-05-14,Kribi,2015,5,134,20,44.410000000000004,101.61000000000001,170.9,424.78999999999996,2.0286579126984345,0.8730000000000011,27.64,equatorial
20.4,27.8,30.48,25.81,83.81,9.37,1.01,3.93,0.76,0.78,2015-05-15,Kribi,2015,5,135,20,50.74,101.4,168.87,434.04,2.055011317215317,0.9716666666666676,27.8,equatorial
12.59,27.87,30.83,26.05,82.63,2.02,1.28,4.51,0.76,0.76,2015-05-16,Kribi,2015,5,136,20,47.36000000000001,94.42,166.77,434.58,2.0199061530861107,0.9813333333333354,27.87,equatorial
19.65,27.09,28.98,26.04,89.46,2.73,1.86,2.97,0.75,0.76,2015-05-17,Kribi,2015,5,137,20,40.949999999999996,85.45,165.93,435.27,1.9877315168336627,0.18733333333333135,27.87,equatorial
9.01,26.38,27.73,25.64,93.79,3.83,2.17,2.46,0.75,0.76,2015-05-18,Kribi,2015,5,138,21,40.43000000000001,85.14,165.32999999999998,435.33,1.9530147997361023,-0.4986666666666686,27.87,equatorial
18.67,26.23,27.79,25.34,90.97,0.8,2.0,2.32,0.75,0.75,2015-05-19,Kribi,2015,5,139,21,36.04,74.92999999999999,160.58,425.0,1.8507112538567074,-0.6266666666666652,27.87,equatorial
20.02,26.38,28.37,25.05,89.01,1.11,1.99,2.97,0.75,0.75,2015-05-20,Kribi,2015,5,140,21,30.830000000000002,69.62,156.19000000000003,423.44,1.811472774582737,-0.47066666666666634,27.87,equatorial
6.75,27.12,29.96,25.28,88.32,12.32,1.66,4.3,0.76,0.78,2015-05-21,Kribi,2015,5,141,21,32.18,76.59,163.97,434.18,1.8549906228423585,0.2560000000000038,27.87,equatorial
21.89,26.91,29.25,25.45,87.75,5.03,1.35,3.44,0.76,0.77,2015-05-22,Kribi,2015,5,142,21,27.840000000000003,78.58,164.06,438.59000000000003,1.8550968227148474,0.054333333333332234,27.87,equatorial
15.43,26.53,29.03,25.03,90.02,11.89,2.35,4.51,0.76,0.79,2015-05-23,Kribi,2015,5,143,21,37.71,85.07000000000001,169.47,448.3,1.8893689445223518,-0.32700000000000173,27.12,equatorial
10.74,25.48,27.21,24.44,89.54,19.85,2.25,4.52,0.79,0.81,2015-05-24,Kribi,2015,5,144,21,54.830000000000005,95.78,185.17000000000002,466.87,1.978362853537322,-1.3456666666666663,27.12,equatorial
16.45,25.96,28.66,24.35,89.61,6.38,2.22,4.92,0.79,0.78,2015-05-25,Kribi,2015,5,145,22,57.38,97.81,189.31,472.21000000000004,1.979012595289069,-0.8366666666666696,27.12,equatorial
18.39,26.13,28.58,24.53,91.0,4.76,2.2,3.71,0.78,0.78,2015-05-26,Kribi,2015,5,146,22,61.34,97.38,192.21,475.39000000000004,1.966031404366852,-0.647000000000002,27.12,equatorial
16.83,26.77,29.6,25.12,89.02,6.34,2.0,4.49,0.78,0.78,2015-05-27,Kribi,2015,5,147,22,66.57000000000001,97.4,197.09,479.1,1.956909887556082,0.006666666666664156,27.12,equatorial
17.53,26.57,28.91,25.11,89.05,4.02,1.89,3.77,0.78,0.78,2015-05-28,Kribi,2015,5,148,22,58.27,90.45,197.53000000000003,482.13,1.9439972780221186,-0.20199999999999818,26.91,equatorial
15.57,26.11,28.41,24.98,91.68,5.98,2.69,4.16,0.78,0.78,2015-05-29,Kribi,2015,5,149,22,59.22,87.06,201.89000000000001,487.73,1.9472642519515615,-0.6436666666666682,26.77,equatorial
17.71,25.7,28.05,24.49,90.9,4.11,2.73,3.97,0.78,0.77,2015-05-30,Kribi,2015,5,150,22,51.44,89.15,202.14999999999998,490.77000000000004,1.9348760847874655,-1.0130000000000017,26.77,equatorial
10.95,25.49,27.74,24.06,91.27,14.7,2.18,4.25,0.79,0.8,2015-05-31,Kribi,2015,5,151,22,46.29,101.12,207.27,504.97,1.9895249260981034,-1.1870000000000047,26.77,equatorial
13.15,25.49,27.56,24.35,92.3,12.37,2.43,3.94,0.79,0.81,2015-06-01,Kribi,2015,6,152,23,52.279999999999994,109.66000000000001,210.64000000000001,517.05,2.028696061060639,-1.1413333333333355,26.77,equatorial
11.77,24.82,26.02,23.99,94.02,17.34,2.28,2.81,0.81,0.82,2015-06-02,Kribi,2015,6,153,23,64.86,126.20000000000002,216.28000000000003,534.04,2.0941339518075166,-1.7256666666666653,26.77,equatorial
15.11,25.21,26.58,24.13,92.7,9.26,2.18,2.97,0.81,0.81,2015-06-03,Kribi,2015,6,154,23,67.78,134.35,221.4,543.14,2.1103622235695236,-1.2506666666666675,26.57,equatorial
13.69,25.44,27.75,24.32,91.51,12.65,2.74,4.67,0.82,0.82,2015-06-04,Kribi,2015,6,155,23,76.41,134.68,223.04000000000002,555.5,2.1439548792531142,-0.993666666666666,26.11,equatorial
11.51,24.55,26.47,23.55,92.52,16.8,2.66,4.28,0.83,0.83,2015-06-05,Kribi,2015,6,156,23,87.22999999999999,146.45,233.42,569.2,2.1828411542843567,-1.815999999999999,25.7,equatorial
14.93,25.14,27.81,23.55,90.51,7.34,2.31,4.85,0.83,0.82,2015-06-06,Kribi,2015,6,157,23,90.46,141.9,235.41,569.58,2.1455363249810184,-1.1843333333333348,25.49,equatorial
13.37,25.2,27.97,23.73,90.48,10.37,2.18,4.54,0.83,0.82,2015-06-07,Kribi,2015,6,158,23,86.13,132.42,242.74,577.4200000000001,2.151002303346311,-1.0643333333333338,25.49,equatorial
9.87,24.89,27.06,23.69,90.91,7.79,2.26,4.55,0.83,0.82,2015-06-08,Kribi,2015,6,159,24,81.55,133.82999999999998,245.13,583.96,2.1489244787655633,-1.3156666666666688,25.44,equatorial
16.83,25.11,27.63,23.59,90.02,4.97,2.4,4.73,0.83,0.81,2015-06-09,Kribi,2015,6,160,24,69.18,134.04000000000002,240.96,588.01,2.133459391092449,-1.0513333333333321,25.44,equatorial
16.75,24.9,26.74,23.72,91.65,2.78,2.2,2.97,0.82,0.81,2015-06-10,Kribi,2015,6,161,24,62.7,130.48,239.39,590.28,2.109260882141255,-1.182333333333336,25.44,equatorial
12.85,25.17,27.58,23.73,90.69,1.97,2.12,3.43,0.82,0.8,2015-06-11,Kribi,2015,6,162,24,52.019999999999996,128.43,236.17,591.0300000000001,2.078248025937806,-0.8559999999999981,25.2,equatorial
15.01,25.36,27.69,23.83,90.19,1.54,2.16,3.52,0.82,0.8,2015-06-12,Kribi,2015,6,163,24,36.76,123.99000000000001,231.39000000000001,591.33,2.0463811396605225,-0.621333333333336,25.36,equatorial
13.9,25.41,28.09,24.01,89.87,2.57,2.21,3.98,0.81,0.8,2015-06-13,Kribi,2015,6,164,24,31.99,122.45,222.99,591.76,2.016672318001831,-0.4969999999999999,25.41,equatorial
15.11,25.1,27.98,23.46,89.01,2.21,2.42,4.33,0.81,0.79,2015-06-14,Kribi,2015,6,165,24,23.83,109.96,215.82999999999998,590.4399999999999,1.9793680195162138,-0.7169999999999987,25.41,equatorial
10.88,24.93,27.49,23.6,90.45,19.62,2.76,5.3,0.82,0.83,2015-06-15,Kribi,2015,6,166,25,35.66,117.21,233.42999999999998,606.84,2.033442678487376,-0.7889999999999979,25.41,equatorial
12.84,24.61,27.08,23.16,91.01,58.24,2.61,5.18,0.86,0.89,2015-06-16,Kribi,2015,6,167,25,88.93,158.11,288.94,662.4,2.2796131990832174,-1.02633333333333,25.41,equatorial
11.37,24.67,26.67,23.37,90.99,8.1,2.34,4.19,0.88,0.85,2015-06-17,Kribi,2015,6,168,25,94.25,156.95,293.21000000000004,665.49,2.253447818069128,-0.9093333333333327,25.41,equatorial
11.76,24.71,26.93,23.48,91.51,10.12,2.9,4.58,0.87,0.85,2015-06-18,Kribi,2015,6,169,25,102.4,154.42000000000002,302.53,671.6700000000001,2.2435536223081893,-0.8186666666666653,25.41,equatorial
14.97,24.68,27.63,22.78,89.42,5.02,2.71,5.3,0.86,0.84,2015-06-19,Kribi,2015,6,170,25,105.88,142.64000000000001,306.44,669.34,2.1932257533663186,-0.7920000000000016,25.41,equatorial
12.39,24.59,26.68,23.37,91.5,14.71,2.71,4.46,0.86,0.85,2015-06-20,Kribi,2015,6,171,25,118.02000000000001,150.01,308.83,677.84,2.196871168272957,-0.7976666666666716,25.1,equatorial
12.15,24.52,26.86,23.27,89.66,5.58,2.46,4.24,0.87,0.85,2015-06-21,Kribi,2015,6,172,25,121.39000000000001,145.22,309.38,679.28,2.166998305020957,-0.7880000000000003,24.93,equatorial
14.14,24.76,27.34,23.05,88.4,1.58,2.22,4.3,0.86,0.83,2015-06-22,Kribi,2015,6,173,26,103.35000000000001,139.01,299.07,673.65,2.105668868348714,-0.48900000000000077,24.76,equatorial
9.85,24.66,27.18,23.31,91.42,3.33,2.26,3.5,0.85,0.83,2015-06-23,Kribi,2015,6,174,26,48.44,137.37,282.55,670.84,2.0602779429422533,-0.5616666666666674,24.76,equatorial
14.69,25.11,27.98,23.35,89.42,2.15,2.61,4.98,0.85,0.83,2015-06-24,Kribi,2015,6,175,26,42.489999999999995,136.74,278.32,663.03,1.994034204357427,-0.0833333333333357,25.11,equatorial
8.1,24.87,27.49,23.34,89.9,3.11,2.99,5.19,0.85,0.82,2015-06-25,Kribi,2015,6,176,26,35.480000000000004,137.88,276.66999999999996,660.0300000000001,1.9525321263062247,-0.28133333333333255,25.11,equatorial
13.05,24.57,27.16,23.07,89.67,2.51,2.56,4.68,0.84,0.82,2015-06-26,Kribi,2015,6,177,26,32.97,138.85000000000002,272.84,659.1,1.9220856434155202,-0.5079999999999956,25.11,equatorial
8.46,24.79,27.8,22.89,87.91,1.15,2.35,4.83,0.84,0.81,2015-06-27,Kribi,2015,6,178,26,19.41,137.43,269.97,656.41,1.8849363980267708,-0.22866666666666902,25.11,equatorial
16.09,24.28,26.0,23.17,91.03,1.62,2.51,3.33,0.83,0.81,2015-06-28,Kribi,2015,6,179,26,15.45,136.84,265.61,652.13,1.842106679628815,-0.6776666666666671,25.11,equatorial
14.07,24.3,26.05,23.31,90.09,1.22,2.48,3.34,0.83,0.81,2015-06-29,Kribi,2015,6,180,27,15.09,118.44000000000001,262.71999999999997,648.33,1.802973370931164,-0.6109999999999971,25.11,equatorial
6.62,23.78,25.12,22.96,92.2,2.56,2.38,2.84,0.83,0.81,2015-06-30,Kribi,2015,6,181,27,14.32,62.76,250.57999999999998,644.51,1.7651226780869567,-1.073999999999998,25.11,equatorial
10.0,24.25,26.69,22.8,90.96,1.79,2.53,3.93,0.83,0.81,2015-07-01,Kribi,2015,7,182,27,13.959999999999999,56.449999999999996,240.0,635.0000000000001,1.7035167941831526,-0.5626666666666651,24.87,equatorial
11.98,24.2,26.14,22.89,90.53,1.11,2.48,3.24,0.82,0.8,2015-07-02,Kribi,2015,7,183,27,11.959999999999999,47.44,223.77,629.36,1.6607882755844554,-0.5919999999999987,24.79,equatorial
11.36,24.64,27.47,22.76,89.37,1.8,2.16,4.0,0.82,0.8,2015-07-03,Kribi,2015,7,184,27,11.25,44.220000000000006,216.31,626.71,1.6323854230011894,-0.13299999999999912,24.79,equatorial
16.5,25.12,28.06,23.28,88.56,0.56,2.31,4.0,0.82,0.8,2015-07-04,Kribi,2015,7,185,27,10.66,30.07,204.22,619.17,1.5835366870801426,0.3576666666666668,25.12,equatorial
12.66,25.57,28.92,23.57,87.4,0.38,1.66,3.74,0.81,0.79,2015-07-05,Kribi,2015,7,186,27,9.42,24.87,187.8,616.5699999999999,1.5574280571893273,0.7736666666666672,25.57,equatorial
13.04,25.55,28.42,23.6,89.27,0.62,1.66,3.39,0.8,0.79,2015-07-06,Kribi,2015,7,187,28,8.82,23.91,181.08,609.3,1.5118203159782282,0.740000000000002,25.57,equatorial
13.95,25.54,28.14,23.8,89.58,0.53,1.83,3.01,0.8,0.79,2015-07-07,Kribi,2015,7,188,28,6.79,21.11,171.24,606.3000000000001,1.4857474832427122,0.7186666666666639,25.57,equatorial
7.83,25.94,29.45,24.02,88.73,0.52,1.85,3.96,0.8,0.79,2015-07-08,Kribi,2015,7,189,28,5.5200000000000005,19.48,163.97,597.3000000000001,1.4344853749635786,1.0836666666666694,25.94,equatorial
9.09,25.67,28.62,23.96,89.53,0.97,2.39,4.23,0.79,0.78,2015-07-09,Kribi,2015,7,190,28,5.38,17.34,159.97,593.67,1.4074104307653663,0.7949999999999982,25.94,equatorial
10.12,25.13,27.75,23.91,91.88,16.49,2.38,4.04,0.8,0.82,2015-07-10,Kribi,2015,7,191,28,20.07,31.32,173.68,598.31,1.4163601612376218,0.24733333333333007,25.94,equatorial
9.12,24.48,25.62,23.48,95.21,14.97,2.38,2.17,0.82,0.83,2015-07-11,Kribi,2015,7,192,28,34.48,45.14,186.68,597.93,1.4037013129154234,-0.37966666666666526,25.94,equatorial
9.82,24.53,27.06,23.27,92.12,6.49,2.33,3.75,0.83,0.82,2015-07-12,Kribi,2015,7,193,28,40.589999999999996,50.00999999999999,191.63,590.16,1.3598060719493459,-0.3019999999999996,25.94,equatorial
15.84,24.72,27.34,23.2,90.3,3.88,2.32,4.31,0.82,0.81,2015-07-13,Kribi,2015,7,194,29,43.85,52.669999999999995,192.94,586.83,1.335680091158742,-0.08900000000000219,25.94,equatorial
14.57,24.84,28.03,23.06,89.46,2.36,2.35,4.6,0.82,0.8,2015-07-14,Kribi,2015,7,195,29,45.68,52.47,193.09,577.79,1.2877268842149436,0.03966666666666541,25.94,equatorial
14.5,24.76,27.73,23.11,88.2,1.06,2.68,4.59,0.81,0.79,2015-07-15,Kribi,2015,7,196,29,46.21999999999999,51.739999999999995,174.53,574.7299999999999,1.2660223190544955,-0.0346666666666664,25.67,equatorial
14.52,24.44,27.11,22.85,88.99,1.12,2.53,4.11,0.81,0.79,2015-07-16,Kribi,2015,7,197,29,46.37,51.74999999999999,117.41,572.28,1.2472880750315753,-0.3490000000000002,25.13,equatorial
16.25,24.7,27.77,22.93,88.26,0.7,2.3,4.25,0.8,0.79,2015-07-17,Kribi,2015,7,198,29,30.580000000000002,50.65,110.01,568.55,1.2234465776493393,-0.08999999999999986,24.84,equatorial
13.54,24.3,26.63,23.06,89.96,1.73,2.81,3.94,0.8,0.79,2015-07-18,Kribi,2015,7,199,29,17.34,51.81999999999999,101.62,564.73,1.1996080855861515,-0.4763333333333364,24.84,equatorial
12.73,24.35,26.98,22.7,88.45,1.52,2.71,4.35,0.79,0.78,2015-07-19,Kribi,2015,7,200,29,12.37,52.96,98.12,560.75,1.175460329464454,-0.4153333333333329,24.84,equatorial
11.47,23.83,25.41,22.89,91.52,8.11,2.71,3.5,0.8,0.8,2015-07-20,Kribi,2015,7,201,30,16.599999999999998,60.449999999999996,91.52,564.32,1.1836262125862882,-0.9100000000000037,24.84,equatorial
7.88,23.84,26.37,22.43,91.07,9.67,2.59,4.11,0.8,0.81,2015-07-21,Kribi,2015,7,202,30,23.909999999999997,69.58999999999999,95.61,569.05,1.196608551144871,-0.8773333333333326,24.76,equatorial
13.0,24.25,26.86,22.78,89.89,9.17,2.33,3.84,0.81,0.81,2015-07-22,Kribi,2015,7,203,30,32.019999999999996,78.24,103.2,571.74,1.2008214894752975,-0.45033333333333303,24.7,equatorial
14.79,24.4,27.11,22.85,89.39,2.76,2.99,5.05,0.81,0.79,2015-07-23,Kribi,2015,7,204,30,33.66,80.03,102.63,570.35,1.1877940447347175,-0.29166666666666785,24.7,equatorial
13.95,24.01,26.43,22.59,90.11,1.58,2.31,3.6,0.8,0.79,2015-07-24,Kribi,2015,7,205,30,34.53999999999999,65.11999999999999,102.05999999999999,569.6899999999999,1.178049554974736,-0.644999999999996,24.4,equatorial
16.76,24.24,27.32,22.39,89.14,2.83,2.56,4.94,0.8,0.79,2015-07-25,Kribi,2015,7,206,30,35.64,52.98,101.78,570.66,1.1753278771898186,-0.3940000000000019,24.4,equatorial
13.82,24.03,26.79,22.68,90.83,7.52,2.76,4.42,0.8,0.8,2015-07-26,Kribi,2015,7,207,30,41.63999999999999,54.00999999999999,106.79,576.72,1.1940825521342375,-0.5859999999999985,24.4,equatorial
9.43,23.52,25.1,22.72,93.12,7.29,2.54,2.86,0.8,0.8,2015-07-27,Kribi,2015,7,208,31,40.82,57.419999999999995,112.92999999999999,580.43,1.2027300465061042,-1.0536666666666683,24.4,equatorial
19.44,23.89,26.63,22.4,89.03,4.55,2.65,4.71,0.8,0.8,2015-07-28,Kribi,2015,7,209,31,35.7,59.60999999999999,115.85999999999999,583.36,1.208009676623512,-0.6706666666666692,24.4,equatorial
12.59,23.83,26.41,22.37,87.72,5.87,2.71,4.79,0.8,0.8,2015-07-29,Kribi,2015,7,210,31,32.4,64.42,120.50999999999999,585.38,1.2094268214818948,-0.7150000000000034,24.4,equatorial
8.98,23.95,26.78,22.18,87.62,2.32,2.88,4.92,0.8,0.79,2015-07-30,Kribi,2015,7,211,31,31.96,65.61999999999999,120.27,578.12,1.1719776405829818,-0.6006666666666653,24.24,equatorial
20.09,24.44,27.71,22.21,86.94,1.22,2.31,4.98,0.79,0.78,2015-07-31,Kribi,2015,7,212,31,31.599999999999998,66.13999999999999,119.7,570.34,1.1328515556252146,-0.11699999999999733,24.44,equatorial
16.54,24.3,27.29,22.52,89.05,2.73,2.62,4.66,0.79,0.78,2015-08-01,Kribi,2015,8,213,31,31.499999999999996,67.14,121.32,561.37,1.0892264348223117,-0.2603333333333353,24.44,equatorial
17.7,24.28,26.8,22.52,89.1,2.86,2.16,4.12,0.79,0.78,2015-08-02,Kribi,2015,8,214,31,26.839999999999996,68.47999999999999,122.38,560.09,1.0783153524538134,-0.2683333333333344,24.44,equatorial
14.24,24.68,27.68,22.86,89.75,2.91,2.09,4.49,0.78,0.78,2015-08-03,Kribi,2015,8,215,32,22.459999999999997,63.279999999999994,124.73,551.99,1.0389779408065958,0.14633333333333454,24.68,equatorial
15.34,23.97,25.86,22.94,92.18,4.17,2.49,3.17,0.78,0.78,2015-08-04,Kribi,2015,8,216,32,22.08,57.779999999999994,128.51999999999998,549.74,1.0245621709334083,-0.5103333333333318,24.68,equatorial
13.92,24.39,26.9,22.63,90.18,3.47,2.04,3.99,0.78,0.78,2015-08-05,Kribi,2015,8,217,32,19.68,52.07999999999999,131.37,547.86,1.0118573966429532,-0.05166666666666586,24.68,equatorial
15.58,24.39,26.75,23.04,91.46,3.48,2.44,3.72,0.78,0.78,2015-08-06,Kribi,2015,8,218,32,20.84,52.8,134.32,548.3,1.0090151786582644,-0.013333333333328312,24.68,equatorial
15.22,24.34,26.8,23.06,90.78,2.44,2.5,3.66,0.78,0.78,2015-08-07,Kribi,2015,8,219,32,22.060000000000002,53.66,136.23999999999998,545.34,0.9919715196710523,-0.010000000000001563,24.68,equatorial
19.78,24.81,27.84,22.9,87.79,1.73,2.09,4.56,0.78,0.77,2015-08-08,Kribi,2015,8,220,32,21.060000000000002,52.56,137.0,537.93,0.9564404176880854,0.488666666666667,24.81,equatorial
15.08,24.82,27.81,23.11,88.15,0.41,2.18,3.93,0.77,0.77,2015-08-09,Kribi,2015,8,221,32,18.610000000000003,45.449999999999996,120.92,533.99,0.9357767996247345,0.5090000000000039,24.82,equatorial
12.67,24.78,27.74,23.01,88.41,0.52,2.46,4.24,0.77,0.76,2015-08-10,Kribi,2015,8,222,33,16.22,38.68,106.47,529.32,0.912228616987678,0.45899999999999963,24.82,equatorial
11.59,24.34,26.91,22.84,89.66,1.53,2.86,4.22,0.77,0.76,2015-08-11,Kribi,2015,8,223,33,13.58,35.66,101.51,524.53,0.8883677626068546,0.025333333333335872,24.82,equatorial
19.4,24.33,27.09,22.66,87.93,0.45,2.49,4.04,0.76,0.76,2015-08-12,Kribi,2015,8,224,33,10.559999999999999,30.239999999999995,98.08,514.01,0.8405948883004566,0.02833333333332888,24.82,equatorial
12.01,24.59,27.65,22.56,87.76,0.33,2.37,4.24,0.76,0.75,2015-08-13,Kribi,2015,8,225,33,7.41,28.249999999999996,96.05,504.97,0.7993587164923456,0.2966666666666633,24.82,equatorial
19.42,24.25,26.49,23.08,90.28,2.16,2.6,3.63,0.75,0.76,2015-08-14,Kribi,2015,8,226,33,7.130000000000001,29.189999999999998,97.15,505.11,0.7970559558402596,-0.026333333333337094,24.82,equatorial
19.38,24.25,27.05,22.87,91.41,4.39,2.3,3.59,0.75,0.76,2015-08-15,Kribi,2015,8,227,33,9.79,30.849999999999994,100.42,506.77,0.8011918406154588,-0.019999999999999574,24.82,equatorial
9.83,24.5,27.05,23.1,91.47,5.94,2.0,3.29,0.76,0.77,2015-08-16,Kribi,2015,8,228,33,15.32,33.93,105.66,508.88000000000005,0.8072185733040569,0.23666666666666458,24.78,equatorial
13.24,24.22,26.54,22.9,91.1,4.15,2.16,3.44,0.76,0.77,2015-08-17,Kribi,2015,8,229,34,18.950000000000003,35.169999999999995,108.08,512.23,0.8184629181657668,-0.04066666666666663,24.59,equatorial
14.83,24.69,27.88,22.72,89.27,3.05,2.17,4.53,0.76,0.76,2015-08-18,Kribi,2015,8,230,34,20.47,34.05,109.61,514.17,0.8236970567926334,0.4180000000000028,24.69,equatorial
13.98,24.88,27.59,23.24,89.43,1.82,2.3,4.28,0.76,0.76,2015-08-19,Kribi,2015,8,231,34,21.84,32.4,103.32,503.67,0.7762895780635297,0.5729999999999968,24.88,equatorial
16.32,24.85,27.93,23.27,89.32,1.48,2.2,4.24,0.75,0.75,2015-08-20,Kribi,2015,8,232,34,22.990000000000002,30.399999999999995,95.13,500.12,0.7585767348930949,0.5093333333333341,24.88,equatorial
13.54,24.64,27.44,22.97,89.32,1.54,2.34,4.29,0.75,0.75,2015-08-21,Kribi,2015,8,233,34,22.369999999999997,29.5,87.5,489.77,0.7121224177586286,0.2863333333333351,24.88,equatorial
10.16,24.68,27.58,23.12,89.73,2.19,2.74,4.62,0.75,0.75,2015-08-22,Kribi,2015,8,234,34,20.17,29.959999999999997,86.93,472.11,0.6348135702598847,0.31700000000000017,24.88,equatorial
10.5,24.11,25.41,23.31,92.61,2.25,2.66,2.89,0.74,0.75,2015-08-23,Kribi,2015,8,235,34,16.48,31.799999999999997,87.60000000000001,467.97999999999996,0.6153481355210425,-0.25633333333333397,24.88,equatorial
14.12,24.33,26.51,23.03,90.23,3.61,2.62,3.98,0.74,0.75,2015-08-24,Kribi,2015,8,236,35,15.94,34.89,88.38000000000001,466.83,0.6086538024706328,-0.03933333333333522,24.88,equatorial
16.74,24.66,27.66,22.81,89.21,3.12,2.52,4.69,0.74,0.75,2015-08-25,Kribi,2015,8,237,35,16.01,36.48,83.98,463.61,0.5931558944432724,0.26966666666666583,24.88,equatorial
12.65,24.89,28.16,23.1,89.07,3.05,2.44,4.68,0.74,0.75,2015-08-26,Kribi,2015,8,238,35,17.240000000000002,39.07999999999999,79.74000000000001,462.64000000000004,0.5873291468696055,0.4540000000000006,24.89,equatorial
11.14,24.11,25.74,22.98,92.46,17.22,2.68,3.51,0.75,0.79,2015-08-27,Kribi,2015,8,239,35,32.980000000000004,55.97,92.41,473.88,0.633778733509914,-0.33333333333333215,24.89,equatorial
14.92,24.2,26.81,22.75,90.35,3.37,2.45,3.95,0.76,0.76,2015-08-28,Kribi,2015,8,240,35,34.81,57.18,89.91,473.14,0.6287615284673292,-0.25566666666667004,24.89,equatorial
11.08,24.59,27.43,23.02,90.46,8.24,2.44,4.39,0.76,0.78,2015-08-29,Kribi,2015,8,241,35,40.86,61.03,95.83,466.68,0.5992308956328711,0.1130000000000031,24.89,equatorial
11.83,24.49,26.55,23.23,91.71,10.67,2.68,3.99,0.77,0.78,2015-08-30,Kribi,2015,8,242,35,49.28,65.75999999999999,105.28,464.98,0.5902475562069606,0.011333333333332973,24.89,equatorial
13.71,24.33,26.3,23.24,91.64,10.59,3.16,4.3,0.77,0.79,2015-08-31,Kribi,2015,8,243,36,56.26,72.19999999999999,113.14,458.23,0.5595676742208998,-0.1496666666666684,24.89,equatorial
18.76,24.36,26.88,22.71,89.53,4.25,2.6,4.79,0.77,0.77,2015-09-01,Kribi,2015,9,244,36,57.39,73.39999999999999,114.53,453.21999999999997,0.5364717970219505,-0.12233333333333363,24.89,equatorial
19.04,24.44,27.59,22.54,88.49,3.51,2.67,5.44,0.77,0.77,2015-09-02,Kribi,2015,9,245,36,57.85,75.08999999999999,115.13,444.08,0.495604318129519,-0.03433333333333266,24.59,equatorial
17.93,24.74,27.68,22.87,86.78,1.33,2.17,4.72,0.76,0.76,2015-09-03,Kribi,2015,9,246,36,41.959999999999994,74.94,112.28999999999999,428.61,0.42743675846120577,0.23999999999999844,24.74,equatorial
12.75,25.22,28.26,23.22,86.45,1.34,1.75,4.22,0.75,0.75,2015-09-04,Kribi,2015,9,247,36,39.93,74.74,110.16,422.61,0.4004123848910162,0.6923333333333304,25.22,equatorial
16.68,24.93,27.55,23.49,90.54,2.33,2.29,3.84,0.75,0.76,2015-09-05,Kribi,2015,9,248,36,34.019999999999996,74.88,109.01,414.57,0.3645679606926792,0.3843333333333341,25.22,equatorial
8.5,24.71,27.05,23.55,91.43,5.71,2.69,4.07,0.75,0.76,2015-09-06,Kribi,2015,9,249,36,29.06,78.33999999999999,112.27999999999999,412.49,0.354692292779164,0.15200000000000102,25.22,equatorial
12.49,24.59,27.16,23.23,90.47,9.95,2.56,4.79,0.76,0.78,2015-09-07,Kribi,2015,9,250,37,28.419999999999998,84.67999999999999,120.5,417.47,0.3755975321432808,0.03933333333333522,25.22,equatorial
16.05,24.3,26.35,22.9,91.25,1.44,2.32,3.03,0.76,0.76,2015-09-08,Kribi,2015,9,251,37,25.610000000000003,82.99999999999999,121.52999999999999,416.13,0.36889642234545056,-0.23333333333333428,25.22,equatorial
15.25,24.72,27.76,23.05,89.76,1.33,2.22,3.86,0.76,0.75,2015-09-09,Kribi,2015,9,252,37,23.43,81.28,122.34,415.49,0.3652682171842369,0.18866666666666276,25.22,equatorial
11.43,24.55,26.88,23.21,90.88,1.76,2.07,3.06,0.75,0.75,2015-09-10,Kribi,2015,9,253,37,23.860000000000003,65.82,122.57,415.71,0.36541576574099155,0.011666666666666714,25.22,equatorial
11.26,24.72,26.65,23.54,92.36,2.3,2.34,2.9,0.75,0.75,2015-09-11,Kribi,2015,9,254,37,24.82,64.75,124.41999999999999,415.44,0.36341755711808704,0.16866666666666674,24.93,equatorial
16.58,25.23,28.11,23.63,89.8,0.83,2.37,3.89,0.75,0.75,2015-09-12,Kribi,2015,9,255,37,23.32,57.339999999999996,124.91999999999999,414.06,0.35654647221087826,0.6573333333333338,25.23,equatorial
22.69,25.18,28.42,23.43,89.85,8.36,2.5,5.3,0.75,0.77,2015-09-13,Kribi,2015,9,256,37,25.97,55.029999999999994,131.12,402.8,0.3061740621260239,0.5763333333333378,25.23,equatorial
11.73,24.41,26.66,23.33,91.7,17.43,2.42,4.17,0.77,0.8,2015-09-14,Kribi,2015,9,257,38,33.45,61.87,144.16,361.99,0.1254093450565108,-0.19899999999999807,25.23,equatorial
10.62,24.5,26.83,23.22,91.87,10.23,2.49,4.21,0.77,0.79,2015-09-15,Kribi,2015,9,258,38,42.24,67.85,148.45,364.12,0.13458392313184514,-0.10899999999999821,25.23,equatorial
11.35,24.58,26.75,23.39,91.93,12.86,2.52,4.2,0.78,0.8,2015-09-16,Kribi,2015,9,259,38,53.769999999999996,77.19999999999999,157.16,366.85999999999996,0.1464619568266818,-0.04100000000000037,25.23,equatorial
10.08,24.7,27.32,23.17,91.57,11.44,2.25,4.25,0.79,0.8,2015-09-17,Kribi,2015,9,260,38,63.449999999999996,87.30999999999999,165.55,373.28,0.1746774324895317,0.07866666666666688,25.23,equatorial
18.26,25.28,28.27,23.32,89.41,3.26,2.19,5.26,0.78,0.78,2015-09-18,Kribi,2015,9,261,38,64.41,89.22999999999999,166.98999999999998,361.83000000000004,0.12340305560643296,0.6453333333333369,25.28,equatorial
11.99,25.08,27.75,23.8,91.54,7.33,2.37,4.24,0.78,0.78,2015-09-19,Kribi,2015,9,262,38,70.91,94.22999999999999,172.84,363.58,0.13096389909949263,0.4376666666666651,25.28,equatorial
13.71,24.6,26.53,23.56,93.28,8.18,1.95,2.84,0.78,0.79,2015-09-20,Kribi,2015,9,263,38,70.73,96.7,179.48000000000002,370.18,0.16018060912787913,-0.04100000000000037,25.28,equatorial
12.9,25.3,28.52,23.37,87.1,3.9,1.53,4.66,0.79,0.78,2015-09-21,Kribi,2015,9,264,39,57.199999999999996,90.64999999999999,181.19,370.75,0.16242007421720292,0.6383333333333319,25.3,equatorial
18.56,25.2,27.94,23.64,90.14,3.37,2.04,4.33,0.78,0.78,2015-09-22,Kribi,2015,9,265,39,50.339999999999996,92.58,182.31,371.96999999999997,0.16757392732751206,0.5019999999999989,25.3,equatorial
18.89,25.39,28.45,23.61,90.2,5.46,2.22,4.7,0.78,0.78,2015-09-23,Kribi,2015,9,266,39,42.94,96.71,184.16,374.32,0.17780205778783958,0.6566666666666663,25.39,equatorial
14.56,25.36,27.87,23.81,90.35,5.56,2.22,4.28,0.78,0.78,2015-09-24,Kribi,2015,9,267,39,37.06,100.50999999999999,186.6,377.36999999999995,0.1911783217361014,0.6033333333333317,25.39,equatorial
16.01,24.77,26.36,23.63,93.43,10.61,1.87,2.56,0.79,0.8,2015-09-25,Kribi,2015,9,268,39,44.41,108.82,194.16,386.83,0.23343536837843942,0.0173333333333332,25.39,equatorial
9.29,25.05,27.34,23.46,90.4,6.0,1.97,3.85,0.79,0.79,2015-09-26,Kribi,2015,9,269,39,43.08,113.99,182.94,391.21,0.2527484839428324,0.2660000000000018,25.39,equatorial
17.23,25.22,27.87,23.6,90.63,5.08,2.43,4.41,0.79,0.79,2015-09-27,Kribi,2015,9,270,39,39.98,110.71,184.65,395.07,0.2697039630168112,0.402000000000001,25.39,equatorial
15.92,24.96,27.35,23.72,91.66,2.24,2.04,2.81,0.79,0.78,2015-09-28,Kribi,2015,9,271,40,38.32,95.52,178.65,394.75,0.26772219166599054,0.12966666666666526,25.39,equatorial
14.55,25.16,27.56,23.88,90.93,5.3,2.56,4.09,0.78,0.78,2015-09-29,Kribi,2015,9,272,40,40.25,90.58999999999999,173.28,398.26,0.28312022165679634,0.30733333333333235,25.39,equatorial
11.96,24.83,26.72,23.88,91.94,4.67,2.28,3.16,0.79,0.79,2015-09-30,Kribi,2015,9,273,40,39.46,82.39999999999999,167.36,401.82,0.2987392887431792,-0.039333333333331666,25.36,equatorial
17.81,24.8,26.6,23.68,91.71,2.38,2.0,2.72,0.79,0.78,2015-10-01,Kribi,2015,10,274,40,36.28,73.33999999999999,165.49,402.4,0.3007869960436121,-0.08399999999999963,25.22,equatorial
15.56,25.43,28.31,23.71,89.8,1.82,2.3,4.24,0.78,0.77,2015-10-02,Kribi,2015,10,275,40,27.49,71.9,163.8,403.65999999999997,0.3059369571370336,0.5130000000000017,25.43,equatorial
15.56,25.12,27.18,24.1,92.23,5.04,2.21,3.12,0.78,0.78,2015-10-03,Kribi,2015,10,276,40,26.53,69.61,167.51,408.32,0.3266137748395789,0.19033333333333502,25.43,equatorial
9.61,25.42,28.01,24.03,91.12,4.89,2.37,4.38,0.78,0.78,2015-10-04,Kribi,2015,10,277,40,26.340000000000003,66.32,171.06,412.59,0.3454938042122576,0.483666666666668,25.43,equatorial
13.91,25.36,27.95,23.88,91.33,5.79,2.21,4.12,0.78,0.79,2015-10-05,Kribi,2015,10,278,41,29.89,68.21,174.52,417.85,0.36889580313836434,0.40933333333333266,25.43,equatorial
9.02,25.02,26.33,24.14,93.46,6.93,2.13,2.89,0.79,0.79,2015-10-06,Kribi,2015,10,279,41,31.52,71.77,175.74,424.26,0.39755360279742447,0.0589999999999975,25.43,equatorial
2.44,24.58,26.15,23.28,91.98,4.94,2.13,2.69,0.79,0.79,2015-10-07,Kribi,2015,10,280,41,31.79,71.25,170.73,428.22999999999996,0.41497247135036003,-0.3806666666666665,25.43,equatorial
15.13,25.29,28.14,22.99,85.51,5.04,1.86,5.12,0.79,0.79,2015-10-08,Kribi,2015,10,281,41,34.449999999999996,70.72999999999999,174.32999999999998,416.78,0.36142170862738826,0.29633333333332956,25.43,equatorial
7.46,25.51,28.39,23.69,86.14,4.5,1.55,4.85,0.79,0.79,2015-10-09,Kribi,2015,10,282,41,37.129999999999995,64.61999999999999,177.5,406.31,0.31243618894968705,0.490000000000002,25.51,equatorial
19.78,25.4,28.48,23.59,86.44,2.35,1.69,5.0,0.78,0.78,2015-10-10,Kribi,2015,10,283,41,34.44,60.97,178.08999999999997,402.17,0.29271478371597065,0.351666666666663,25.51,equatorial
19.64,25.43,28.43,23.4,87.82,5.99,1.91,4.71,0.78,0.79,2015-10-11,Kribi,2015,10,284,41,35.54,61.879999999999995,181.78,404.28000000000003,0.30191581660642625,0.35800000000000054,25.51,equatorial
20.37,26.13,29.65,23.94,86.24,2.52,1.71,5.05,0.78,0.77,2015-10-12,Kribi,2015,10,285,42,32.27,62.16,183.47,404.44,0.30208040912521933,1.0280000000000022,26.13,equatorial
14.79,25.91,28.41,24.26,90.27,6.41,1.78,3.93,0.78,0.78,2015-10-13,Kribi,2015,10,286,42,31.75,63.269999999999996,181.52,409.78999999999996,0.3263289973202826,0.7836666666666652,26.13,equatorial
17.69,25.88,28.32,24.51,91.55,9.25,2.2,3.98,0.79,0.79,2015-10-14,Kribi,2015,10,287,42,36.06,67.85,173.34,417.91999999999996,0.3634794298865362,0.7046666666666646,26.13,equatorial
14.28,25.21,26.24,24.49,95.06,8.49,2.29,2.14,0.79,0.8,2015-10-15,Kribi,2015,10,288,42,39.51,73.96000000000001,171.60000000000002,425.71,0.3990150795010786,0.011000000000002785,26.13,equatorial
15.2,25.53,27.35,24.44,93.1,11.23,1.98,2.88,0.8,0.81,2015-10-16,Kribi,2015,10,289,42,46.24,83.36999999999999,169.97,435.21,0.4424799453693573,0.29933333333333323,26.13,equatorial
21.09,25.58,27.79,24.29,91.94,9.65,2.2,4.12,0.81,0.81,2015-10-17,Kribi,2015,10,290,42,53.54,87.98,168.18,443.34,0.47949603383834516,0.3200000000000003,26.13,equatorial
20.21,25.48,27.37,24.32,92.09,9.13,2.1,3.28,0.81,0.81,2015-10-18,Kribi,2015,10,291,42,56.68,92.22,174.05,444.35999999999996,0.48324889369337387,0.2133333333333347,26.13,equatorial
12.5,25.22,26.18,24.46,95.5,11.59,2.38,2.13,0.82,0.82,2015-10-19,Kribi,2015,10,292,43,65.75,98.02,178.31,446.28000000000003,0.49120976908063824,-0.05133333333333567,25.91,equatorial
16.91,25.44,27.49,24.21,92.21,21.2,2.25,3.99,0.83,0.84,2015-10-20,Kribi,2015,10,293,43,80.54,112.29,191.32999999999998,458.31,0.5464992239702301,0.1406666666666716,25.88,equatorial
18.15,25.4,27.49,24.23,92.89,24.72,2.3,3.58,0.85,0.86,2015-10-21,Kribi,2015,10,294,43,96.01,132.07,212.15,480.27000000000004,0.6481956880859208,0.0973333333333315,25.58,equatorial
2.98,24.88,25.85,24.14,94.78,25.73,2.26,2.44,0.87,0.87,2015-10-22,Kribi,2015,10,295,43,113.25,152.76,234.51000000000002,504.41999999999996,0.7598342363683264,-0.41199999999999903,25.58,equatorial
18.02,25.82,29.12,23.86,87.2,2.62,1.65,4.49,0.87,0.84,2015-10-23,Kribi,2015,10,296,43,104.64,150.88,231.67,504.21,0.7568281529326805,0.5136666666666692,25.82,equatorial
10.9,25.64,27.92,24.0,89.49,3.52,2.0,3.94,0.86,0.84,2015-10-24,Kribi,2015,10,297,43,98.51,152.05,229.63,500.21000000000004,0.7360566062781454,0.32433333333333536,25.82,equatorial
16.86,25.71,28.48,24.41,91.43,9.11,2.11,3.88,0.86,0.84,2015-10-25,Kribi,2015,10,298,43,98.49000000000001,155.17,228.13000000000002,502.03,0.7427032673883943,0.3630000000000031,25.82,equatorial
15.55,25.22,26.61,24.45,93.2,6.53,1.98,2.71,0.86,0.84,2015-10-26,Kribi,2015,10,299,44,93.43,159.17999999999998,228.66000000000003,504.01,0.750085092313642,-0.13266666666666893,25.82,equatorial
9.67,25.29,26.67,24.41,94.13,28.71,2.39,3.06,0.88,0.87,2015-10-27,Kribi,2015,10,300,44,100.94,181.48,252.29,526.85,0.8555146095026465,-0.06500000000000128,25.82,equatorial
12.71,25.36,27.03,24.56,92.89,12.29,2.31,3.32,0.89,0.87,2015-10-28,Kribi,2015,10,301,44,88.51,184.51999999999998,262.34,536.82,0.8999223795396425,-0.00833333333333286,25.82,equatorial
4.18,25.18,26.87,24.1,92.19,16.2,2.14,3.32,0.9,0.88,2015-10-29,Kribi,2015,10,302,44,78.97999999999999,192.23000000000002,273.24,551.8,0.9676329515002192,-0.1889999999999965,25.82,equatorial
18.93,25.61,28.64,23.4,85.55,3.3,1.7,4.5,0.89,0.86,2015-10-30,Kribi,2015,10,303,44,79.66000000000001,184.29999999999998,271.87,552.37,0.9672244525930676,0.21499999999999986,25.71,equatorial
8.47,25.29,26.53,24.3,94.36,10.73,1.99,2.16,0.89,0.87,2015-10-31,Kribi,2015,10,304,44,86.87,185.38,280.22,560.24,1.0011290250120586,-0.1213333333333324,25.71,equatorial
4.3,25.12,26.01,24.11,96.21,151.22,2.78,2.13,0.92,0.95,2015-11-01,Kribi,2015,11,305,44,228.98000000000002,327.47,429.62,708.55,1.6916633369345901,-0.2809999999999988,25.61,equatorial
12.77,25.57,28.72,23.41,87.5,11.16,1.92,5.36,0.95,0.92,2015-11-02,Kribi,2015,11,306,45,233.60999999999999,327.04,435.74,715.5400000000001,1.7134714978091203,0.15399999999999991,25.61,equatorial
19.75,25.59,28.21,23.95,89.02,4.4,2.05,4.12,0.94,0.91,2015-11-03,Kribi,2015,11,307,45,209.29999999999998,310.24,435.25,716.47,1.706840447137147,0.168333333333333,25.61,equatorial
11.92,25.41,27.53,24.28,91.56,6.76,1.99,3.24,0.93,0.9,2015-11-04,Kribi,2015,11,308,45,203.76999999999998,292.28000000000003,436.22,719.75,1.7111703573236576,-0.013333333333331865,25.61,equatorial
9.28,25.29,26.55,24.32,91.98,79.84,1.67,2.78,0.95,0.96,2015-11-05,Kribi,2015,11,309,45,267.40999999999997,346.39,509.13,797.15,2.054972082247439,-0.14233333333332965,25.61,equatorial
21.38,26.23,30.55,23.07,82.47,2.63,1.46,5.42,0.96,0.93,2015-11-06,Kribi,2015,11,310,45,266.74,346.4,506.82,798.0500000000001,2.041877618842118,0.7426666666666684,26.23,equatorial
17.1,26.16,29.36,24.52,87.19,5.94,1.89,4.63,0.96,0.92,2015-11-07,Kribi,2015,11,311,45,261.95,348.82,507.71999999999997,803.5799999999999,2.050030611605193,0.6436666666666717,26.23,equatorial
11.34,25.79,27.87,24.6,90.93,24.2,1.71,2.87,0.96,0.94,2015-11-08,Kribi,2015,11,312,45,134.93,363.90999999999997,527.42,827.26,2.139458580487068,0.2643333333333331,26.23,equatorial
20.76,26.01,29.26,23.99,88.53,11.41,1.91,4.57,0.96,0.93,2015-11-09,Kribi,2015,11,313,46,135.18,368.79,536.4799999999999,837.14,2.1646362352230293,0.4640000000000022,26.23,equatorial
6.24,25.55,27.69,24.28,91.32,15.37,1.96,3.84,0.97,0.93,2015-11-10,Kribi,2015,11,314,46,146.15,355.45,545.8599999999999,852.06,2.211332864753421,0.0,26.23,equatorial
18.79,26.06,29.13,24.48,88.17,9.08,1.47,3.7,0.97,0.93,2015-11-11,Kribi,2015,11,315,46,148.47,352.24,552.42,860.8100000000001,2.229355386118614,0.5123333333333306,26.23,equatorial
19.35,26.84,30.27,24.62,85.21,2.0,1.41,5.0,0.96,0.92,2015-11-12,Kribi,2015,11,316,46,70.63,338.04,548.01,860.65,2.207781890839979,1.2613333333333365,26.84,equatorial
6.86,26.33,28.67,24.87,90.56,4.99,1.9,3.54,0.96,0.92,2015-11-13,Kribi,2015,11,317,46,72.99000000000001,339.73,543.75,861.25,2.1901107969840545,0.7363333333333344,26.84,equatorial
11.6,26.13,28.73,24.9,91.15,4.88,2.15,3.54,0.96,0.92,2015-11-14,Kribi,2015,11,318,46,71.93,333.88,540.14,860.19,2.1657324095578425,0.5056666666666665,26.84,equatorial
14.32,25.56,28.06,24.26,90.02,2.76,2.2,4.08,0.96,0.91,2015-11-15,Kribi,2015,11,319,46,50.49,185.42,531.67,858.8000000000001,2.140592844156254,-0.06533333333333502,26.84,equatorial
21.47,26.02,29.45,23.83,87.51,1.46,1.98,4.77,0.95,0.9,2015-11-16,Kribi,2015,11,320,47,40.54,175.72,523.48,857.21,2.1152637710164477,0.379999999999999,26.84,equatorial
18.25,26.0,28.9,24.41,88.07,0.34,1.77,3.31,0.94,0.9,2015-11-17,Kribi,2015,11,321,47,25.51,171.66,514.6899999999999,855.73,2.091060890784653,0.34266666666666623,26.84,equatorial
16.24,26.45,29.6,24.66,87.23,0.88,1.86,3.99,0.94,0.89,2015-11-18,Kribi,2015,11,322,47,17.31,165.78,503.98,855.13,2.071202098123588,0.7516666666666687,26.84,equatorial
18.07,26.16,29.06,24.35,88.57,0.45,1.99,3.68,0.93,0.88,2015-11-19,Kribi,2015,11,323,47,15.76,86.39,483.22999999999996,854.04,2.0497654592023875,0.4376666666666651,26.45,equatorial
12.85,25.53,27.22,24.76,91.4,0.7,1.71,1.8,0.93,0.88,2015-11-20,Kribi,2015,11,324,47,11.469999999999999,84.46000000000001,459.21,852.55,2.0271696507944323,-0.19666666666666544,26.45,equatorial
9.72,26.09,28.99,24.18,86.58,0.5,1.81,4.08,0.92,0.88,2015-11-21,Kribi,2015,11,325,47,7.09,79.02000000000001,433.97999999999996,850.8,2.0040258466747107,0.3230000000000004,26.45,equatorial
18.7,25.54,27.38,24.29,90.71,1.68,1.89,2.48,0.92,0.88,2015-11-22,Kribi,2015,11,326,47,6.01,56.5,433.03999999999996,848.87,1.9806736523952704,-0.21766666666666978,26.45,equatorial
15.9,26.55,29.3,24.67,88.19,3.33,1.69,3.53,0.92,0.87,2015-11-23,Kribi,2015,11,327,48,7.88,48.42,432.85,849.08,1.9667295564751817,0.7620000000000005,26.55,equatorial
6.29,25.97,27.81,24.76,90.66,3.78,2.07,3.16,0.91,0.87,2015-11-24,Kribi,2015,11,328,48,11.32,36.83,427.52,849.8100000000001,1.95524022305355,0.173333333333332,26.55,equatorial
19.47,26.32,29.68,24.27,87.86,1.0,1.94,4.21,0.91,0.87,2015-11-25,Kribi,2015,11,329,48,11.44,28.75,421.99,833.59,1.8742550440497783,0.48666666666666814,26.55,equatorial
21.18,26.57,29.54,24.9,87.86,1.72,2.07,4.38,0.91,0.86,2015-11-26,Kribi,2015,11,330,48,12.709999999999999,28.47,395.0,831.94,1.8547407460450944,0.6940000000000026,26.57,equatorial
19.9,26.42,29.55,24.71,86.69,0.59,2.25,4.63,0.9,0.86,2015-11-27,Kribi,2015,11,331,48,12.6,24.069999999999997,383.3,824.29,1.8110813613042267,0.5086666666666666,26.57,equatorial
21.47,26.88,30.58,24.67,84.37,0.59,1.8,4.77,0.89,0.85,2015-11-28,Kribi,2015,11,332,48,12.690000000000001,19.779999999999998,367.69,814.21,1.7583512457511963,0.9119999999999955,26.88,equatorial
19.45,26.44,29.1,25.07,87.23,0.81,1.78,3.35,0.89,0.85,2015-11-29,Kribi,2015,11,333,48,11.82,17.830000000000002,365.2,804.43,1.7077998584285323,0.4443333333333328,26.88,equatorial
18.8,26.32,28.96,24.95,88.79,0.68,2.03,3.39,0.88,0.84,2015-11-30,Kribi,2015,11,334,49,9.169999999999998,17.05,355.15,800.86,1.6833355219049315,0.2900000000000027,26.88,equatorial
16.57,26.3,29.39,24.62,87.93,0.55,2.22,4.07,0.88,0.84,2015-12-01,Kribi,2015,12,335,49,5.9399999999999995,17.26,204.48,797.9,1.6617546284752498,0.23066666666666436,26.88,equatorial
17.77,25.89,28.27,24.64,88.26,2.92,1.9,3.2,0.87,0.84,2015-12-02,Kribi,2015,12,336,49,7.859999999999999,19.3,196.24,799.49,1.6589148483897465,-0.18999999999999773,26.88,equatorial
16.54,26.72,30.2,24.63,83.68,1.51,1.56,3.9,0.87,0.84,2015-12-03,Kribi,2015,12,337,49,7.6499999999999995,20.36,193.35,799.6600000000001,1.6504019555467093,0.602333333333334,26.88,equatorial
14.17,26.29,28.7,24.54,85.88,2.36,1.48,2.72,0.87,0.84,2015-12-04,Kribi,2015,12,338,49,9.42,22.02,188.95,799.69,1.6414667397394005,0.14300000000000068,26.88,equatorial
8.31,25.96,27.93,24.95,88.85,1.61,1.67,2.38,0.86,0.84,2015-12-05,Kribi,2015,12,339,49,10.44,23.13,110.72,795.5899999999999,1.6161094627052142,-0.20933333333333337,26.72,equatorial
16.71,26.37,29.09,24.58,86.19,1.6,1.62,3.31,0.86,0.83,2015-12-06,Kribi,2015,12,340,49,11.23,23.05,109.69,787.24,1.5741238952759369,0.1960000000000015,26.72,equatorial
18.48,26.98,30.29,24.45,78.22,0.63,1.72,4.78,0.86,0.83,2015-12-07,Kribi,2015,12,341,50,11.18,20.35,104.38000000000001,786.43,1.5628869522940894,0.7786666666666662,26.98,equatorial
19.47,27.13,31.06,24.49,78.66,1.2,1.35,5.34,0.85,0.82,2015-12-08,Kribi,2015,12,342,50,11.829999999999998,17.77,81.38,786.3,1.5545289179005546,0.8840000000000003,27.13,equatorial
17.73,26.76,30.18,24.84,85.33,3.16,1.82,4.61,0.84,0.82,2015-12-09,Kribi,2015,12,343,50,12.07,19.93,73.13000000000001,787.6999999999999,1.552385953120976,0.48900000000000077,27.13,equatorial
17.47,27.41,31.33,25.1,81.27,1.37,1.43,5.3,0.84,0.82,2015-12-10,Kribi,2015,12,344,50,11.93,19.580000000000002,59.13,786.77,1.5410223067356825,1.0769999999999982,27.41,equatorial
16.87,26.93,30.27,24.62,80.4,2.49,1.42,5.19,0.84,0.82,2015-12-11,Kribi,2015,12,345,50,12.06,21.48,52.54,788.43,1.5400927227890664,0.5679999999999978,27.41,equatorial
18.37,26.87,30.43,24.99,82.9,6.12,1.6,4.72,0.83,0.82,2015-12-12,Kribi,2015,12,346,50,16.57,27.01,56.660000000000004,786.1899999999999,1.523746042740373,0.5069999999999979,27.41,equatorial
19.29,26.54,30.51,24.67,83.46,7.41,1.39,6.41,0.83,0.83,2015-12-13,Kribi,2015,12,347,50,22.38,33.61,59.08,776.17,1.4768723835422084,0.16999999999999815,27.41,equatorial
18.14,26.47,29.19,24.22,79.04,8.07,1.07,4.23,0.84,0.83,2015-12-14,Kribi,2015,12,348,51,29.82,41.0,62.269999999999996,774.01,1.4616155842587413,0.0886666666666649,27.41,equatorial
19.82,26.09,29.54,23.44,77.66,5.06,1.7,4.99,0.84,0.82,2015-12-15,Kribi,2015,12,349,51,33.68,45.510000000000005,64.57000000000001,766.2099999999999,1.4243174211201604,-0.3089999999999975,27.41,equatorial
15.92,26.31,29.28,24.28,80.08,10.15,1.18,4.79,0.84,0.83,2015-12-16,Kribi,2015,12,350,51,40.67,52.74,73.26,764.9200000000001,1.413091669780023,-0.09866666666666646,27.41,equatorial
14.54,26.19,29.65,24.01,83.17,1.27,1.61,4.11,0.84,0.82,2015-12-17,Kribi,2015,12,351,51,40.57,52.50000000000001,74.19,762.9300000000001,1.3992488885245147,-0.22499999999999787,26.93,equatorial
12.73,26.23,29.28,24.49,84.07,0.54,1.84,3.72,0.83,0.81,2015-12-18,Kribi,2015,12,352,51,38.620000000000005,50.68000000000001,73.85000000000001,756.14,1.3667107452127736,-0.17766666666666708,26.87,equatorial
15.56,26.33,29.6,24.45,83.66,0.19,1.78,3.99,0.83,0.81,2015-12-19,Kribi,2015,12,353,51,32.69,49.260000000000005,73.59,748.1500000000001,1.3298097376220168,-0.0833333333333357,26.54,equatorial
18.28,26.27,29.77,24.41,85.14,0.24,2.04,4.14,0.82,0.8,2015-12-20,Kribi,2015,12,354,51,25.52,47.900000000000006,73.13,744.49,1.3102662414264146,-0.16799999999999926,26.47,equatorial
18.38,26.67,30.26,24.16,83.76,0.32,1.83,4.35,0.81,0.8,2015-12-21,Kribi,2015,12,355,52,17.77,47.59,72.95,741.4399999999999,1.2933101294172198,0.21266666666667078,26.67,equatorial
19.38,26.94,30.54,24.72,81.11,0.93,1.5,4.83,0.81,0.8,2015-12-22,Kribi,2015,12,356,52,13.640000000000002,47.32,72.2,736.9100000000001,1.270724811919832,0.43599999999999994,26.94,equatorial
19.25,26.76,30.53,24.63,80.36,1.06,1.6,4.87,0.8,0.79,2015-12-23,Kribi,2015,12,357,52,4.550000000000001,45.22,69.93,732.41,1.2484681613023791,0.24899999999999878,26.94,equatorial
17.28,26.82,30.19,24.86,82.14,1.86,1.62,4.55,0.8,0.79,2015-12-24,Kribi,2015,12,358,52,5.140000000000001,45.71000000000001,68.01,723.66,1.209784204583975,0.28066666666666507,26.94,equatorial
18.47,26.9,30.65,24.62,80.69,0.62,1.63,4.72,0.79,0.79,2015-12-25,Kribi,2015,12,359,52,5.220000000000001,43.84,67.63000000000001,718.28,1.1846000905817318,0.34133333333333127,26.94,equatorial
19.01,26.85,30.68,24.62,80.14,0.4,1.47,4.27,0.79,0.78,2015-12-26,Kribi,2015,12,360,52,5.43,38.12,66.31,713.6,1.1623556421328043,0.28200000000000003,26.94,equatorial
18.7,26.97,30.71,24.68,81.26,0.34,1.86,4.52,0.78,0.78,2015-12-27,Kribi,2015,12,361,52,5.53,31.05,66.06,711.7,1.1511509741066532,0.3836666666666666,26.97,equatorial
18.94,26.82,30.32,24.78,82.97,0.45,2.05,4.26,0.78,0.78,2015-12-28,Kribi,2015,12,362,53,5.66,23.43,65.92,706.8499999999999,1.1285093754458124,0.2356666666666669,26.97,equatorial
18.32,26.84,30.18,24.9,81.87,0.7,1.95,4.32,0.77,0.77,2015-12-29,Kribi,2015,12,363,53,5.430000000000001,19.070000000000004,65.81,702.88,1.1094713805898149,0.24233333333333107,26.97,equatorial
16.17,26.55,29.64,24.85,84.94,0.81,2.03,4.15,0.77,0.77,2015-12-30,Kribi,2015,12,364,53,5.18,9.73,65.94,701.31,1.099944299841051,-0.055333333333329904,26.97,equatorial
16.84,26.12,29.43,24.51,87.72,0.49,2.3,3.54,0.77,0.77,2015-12-31,Kribi,2015,12,365,53,3.8099999999999996,8.950000000000001,65.88000000000001,699.9799999999999,1.0914256363601273,-0.47933333333333294,26.97,equatorial
17.54,26.61,30.06,24.7,85.58,1.41,2.05,4.09,0.76,0.77,2016-01-01,Kribi,2016,1,1,53,4.6,9.82,64.37,696.35,1.0739892416816568,-0.013333333333335418,26.97,equatorial
19.23,27.07,31.09,24.77,84.42,0.47,1.84,4.24,0.76,0.76,2016-01-02,Kribi,2016,1,2,53,4.67,10.1,63.33,691.93,1.0535845511956814,0.4350000000000023,27.07,equatorial
17.17,27.17,30.47,24.97,85.52,1.42,1.87,4.54,0.76,0.76,2016-01-03,Kribi,2016,1,3,53,5.75,11.28,62.39,687.5600000000001,1.033504571334731,0.5056666666666665,27.17,equatorial
17.55,27.41,31.19,25.23,82.62,1.63,1.79,4.66,0.75,0.76,2016-01-04,Kribi,2016,1,4,1,6.93,12.59,62.410000000000004,682.26,1.0099150371939185,0.6973333333333329,27.41,equatorial
19.52,27.18,31.08,24.97,83.4,2.19,1.8,4.85,0.75,0.76,2016-01-05,Kribi,2016,1,5,1,8.42,13.85,63.0,679.51,0.9964214329274741,0.44033333333333147,27.41,equatorial
18.01,27.22,30.58,25.2,84.59,1.09,2.27,4.63,0.75,0.75,2016-01-06,Kribi,2016,1,6,1,8.7,13.879999999999999,63.46000000000001,675.56,0.9783190513938224,0.47233333333333505,27.41,equatorial
19.13,27.53,31.32,25.49,84.11,0.43,1.97,4.25,0.74,0.75,2016-01-07,Kribi,2016,1,7,1,8.639999999999999,12.45,62.690000000000005,671.4899999999999,0.9598470010323605,0.7690000000000019,27.53,equatorial
19.25,27.17,30.39,25.22,86.75,0.71,2.55,4.33,0.74,0.74,2016-01-08,Kribi,2016,1,8,1,7.9399999999999995,12.54,60.239999999999995,669.85,0.9509690372568214,0.3953333333333333,27.53,equatorial
18.18,27.08,30.21,25.51,86.79,1.09,2.75,4.24,0.74,0.74,2016-01-09,Kribi,2016,1,9,1,8.559999999999999,13.23,59.96,664.95,0.9293970391306475,0.31633333333332914,27.53,equatorial
20.02,27.09,30.39,25.3,85.52,0.47,2.21,3.99,0.73,0.74,2016-01-10,Kribi,2016,1,10,1,7.609999999999999,13.36,57.94,662.9000000000001,0.919074435936291,0.3210000000000015,27.53,equatorial
19.88,27.18,30.39,25.29,85.72,2.71,1.61,3.48,0.73,0.75,2016-01-11,Kribi,2016,1,11,2,8.69,15.62,54.53,659.1999999999999,0.9023503574632086,0.40066666666666606,27.53,equatorial
20.53,27.52,31.1,25.38,84.88,3.84,1.85,4.3,0.73,0.75,2016-01-12,Kribi,2016,1,12,2,10.34,18.759999999999998,50.96000000000001,653.79,0.8790124179455662,0.7079999999999984,27.53,equatorial
19.91,27.64,30.75,25.94,85.85,8.07,1.94,4.15,0.74,0.76,2016-01-13,Kribi,2016,1,13,2,17.32,26.019999999999996,50.959999999999994,653.37,0.8753096783620727,0.7890000000000015,27.64,equatorial
16.21,27.38,30.48,25.7,86.62,10.52,2.09,4.17,0.75,0.78,2016-01-14,Kribi,2016,1,14,2,27.41,36.05,56.42,652.6600000000001,0.8704922924159845,0.4859999999999971,27.64,equatorial
17.24,27.46,30.97,25.44,85.18,8.15,2.08,4.23,0.75,0.77,2016-01-15,Kribi,2016,1,15,2,34.85,42.790000000000006,54.419999999999995,651.16,0.8626052395841057,0.527666666666665,27.64,equatorial
14.75,26.93,29.65,25.44,87.47,0.84,2.37,3.41,0.75,0.75,2016-01-16,Kribi,2016,1,16,2,34.6,43.16,53.99,642.87,0.828141716698235,-0.027000000000001023,27.64,equatorial
14.48,26.36,28.79,24.91,87.08,0.16,2.24,2.95,0.74,0.75,2016-01-17,Kribi,2016,1,17,2,34.29,41.9,53.61,631.44,0.7814874363685577,-0.6013333333333364,27.64,equatorial
19.39,27.11,30.95,24.88,81.27,0.01,1.77,4.28,0.74,0.74,2016-01-18,Kribi,2016,1,18,3,31.59,40.28,53.43,610.25,0.6966614467768895,0.12266666666666737,27.64,equatorial
19.72,27.1,30.63,24.95,84.08,0.07,2.07,4.09,0.73,0.73,2016-01-19,Kribi,2016,1,19,3,27.82,38.160000000000004,53.26,585.6,0.5984341307989453,0.08500000000000085,27.64,equatorial
18.33,27.43,31.23,25.25,83.07,0.07,2.0,4.35,0.73,0.73,2016-01-20,Kribi,2016,1,20,3,19.82,37.14,53.01,559.9399999999999,0.49639624660911447,0.3896666666666668,27.46,equatorial
19.36,27.22,30.49,25.24,84.9,0.67,2.34,4.2,0.72,0.73,2016-01-21,Kribi,2016,1,21,3,9.97,37.379999999999995,52.75,557.99,0.48791246212363143,0.1703333333333319,27.46,equatorial
14.92,26.88,30.17,25.13,86.08,0.88,2.75,4.35,0.72,0.73,2016-01-22,Kribi,2016,1,22,3,2.7,37.55,52.57,555.35,0.4767201308617938,-0.1736666666666693,27.43,equatorial
16.69,26.46,29.11,24.76,86.93,0.38,2.53,3.4,0.72,0.73,2016-01-23,Kribi,2016,1,23,3,2.24,36.84,51.09,546.62,0.4414957825495488,-0.581666666666667,27.43,equatorial
17.36,26.93,29.98,25.19,84.71,0.52,2.1,3.75,0.71,0.72,2016-01-24,Kribi,2016,1,24,3,2.6,36.89,50.99,540.61,0.4170601802932206,-0.1126666666666658,27.43,equatorial
16.05,26.89,30.41,24.95,83.76,0.69,1.86,3.93,0.71,0.72,2016-01-25,Kribi,2016,1,25,4,3.2800000000000002,34.870000000000005,51.279999999999994,512.59,0.30552452097105565,-0.15399999999999636,27.43,equatorial
17.33,26.9,30.46,24.62,84.2,3.26,1.75,4.08,0.71,0.73,2016-01-26,Kribi,2016,1,26,4,6.47,34.29,54.2,503.56,0.26930685856669584,-0.14166666666666927,27.43,equatorial
18.63,26.98,30.63,25.07,83.81,2.73,1.76,3.93,0.71,0.73,2016-01-27,Kribi,2016,1,27,4,9.129999999999999,28.95,56.48,490.09,0.21548084437956094,-0.06700000000000017,27.22,equatorial
19.88,27.37,31.17,24.86,80.37,1.68,1.56,4.28,0.71,0.72,2016-01-28,Kribi,2016,1,28,4,10.139999999999999,20.11,57.46,488.46999999999997,0.20875697839599633,0.305333333333337,27.37,equatorial
19.14,26.84,30.45,23.84,77.49,0.93,1.63,4.21,0.71,0.72,2016-01-29,Kribi,2016,1,29,4,10.190000000000001,12.89,57.58,478.67,0.16948901998319862,-0.2343333333333355,27.37,equatorial
17.84,26.49,30.34,23.4,79.59,0.8,1.7,4.3,0.7,0.71,2016-01-30,Kribi,2016,1,30,4,10.61,12.85,57.89,328.25,-0.42993621615801325,-0.5966666666666676,27.37,equatorial
17.63,26.82,30.97,24.43,82.19,0.28,1.48,4.25,0.7,0.71,2016-01-31,Kribi,2016,1,31,4,10.370000000000001,12.97,56.76,317.36999999999995,-0.4726541286955388,-0.2736666666666636,27.37,equatorial
17.87,26.69,30.57,24.48,83.09,0.61,1.61,3.45,0.69,0.71,2016-02-01,Kribi,2016,2,32,5,10.29,13.57,56.9,313.58,-0.4870446273501045,-0.3910000000000018,27.37,equatorial
18.8,27.19,31.36,24.78,81.55,0.26,1.59,4.07,0.69,0.7,2016-02-02,Kribi,2016,2,33,5,7.29,13.76,55.74,307.08,-0.5122394352112051,0.10833333333333783,27.37,equatorial
16.3,26.95,30.15,25.08,85.42,1.06,2.22,4.09,0.69,0.7,2016-02-03,Kribi,2016,2,34,5,5.620000000000001,14.75,55.169999999999995,228.3,-0.8260025112651888,-0.1163333333333334,27.37,equatorial
17.78,27.29,30.7,25.17,85.84,1.81,2.06,4.0,0.69,0.7,2016-02-04,Kribi,2016,2,35,5,5.75,15.89,54.79,227.48000000000002,-0.8275403369623766,0.22000000000000242,27.29,equatorial
17.23,27.31,30.49,25.61,87.0,3.01,2.18,3.39,0.69,0.71,2016-02-05,Kribi,2016,2,36,5,7.83,18.02,56.709999999999994,224.55,-0.8375024776665048,0.23699999999999832,27.31,equatorial
14.57,26.73,28.68,25.79,90.42,3.8,2.34,2.48,0.69,0.72,2016-02-06,Kribi,2016,2,37,5,10.83,21.44,60.08,204.14999999999998,-0.917191077606029,-0.31633333333333624,27.31,equatorial
16.17,27.15,30.19,25.42,87.22,2.14,1.92,3.13,0.69,0.71,2016-02-07,Kribi,2016,2,38,5,12.69,23.06,61.510000000000005,194.88,-0.9521074903165443,0.10433333333333294,27.31,equatorial
17.4,27.23,30.23,25.5,86.67,2.74,2.5,4.13,0.69,0.71,2016-02-08,Kribi,2016,2,39,6,14.82,25.11,63.16,182.25,-1.0002785515733659,0.1793333333333358,27.31,equatorial
17.37,27.56,30.68,25.58,85.03,2.33,2.0,3.98,0.69,0.71,2016-02-09,Kribi,2016,2,40,6,16.89,24.18,65.02,175.5,-1.0247479424952854,0.49366666666666603,27.56,equatorial
17.17,27.33,30.55,25.68,85.69,0.29,1.93,3.26,0.69,0.7,2016-02-10,Kribi,2016,2,41,6,16.12,21.74,62.6,173.79,-1.028986868423086,0.2586666666666666,27.56,equatorial
15.11,26.97,29.46,25.6,86.38,0.22,2.24,3.15,0.68,0.69,2016-02-11,Kribi,2016,2,42,6,14.530000000000001,20.279999999999998,58.980000000000004,169.01999999999998,-1.0454171907317782,-0.08299999999999841,27.56,equatorial
9.8,26.75,30.0,25.09,85.76,0.27,2.33,3.75,0.68,0.69,2016-02-12,Kribi,2016,2,43,6,11.79,19.62,51.18,164.41,-1.0611264028714285,-0.2733333333333299,27.56,equatorial
13.46,26.64,29.47,24.79,86.55,0.16,2.41,3.4,0.68,0.69,2016-02-13,Kribi,2016,2,44,6,8.15,18.98,40.82,161.81,-1.0687398327041746,-0.358666666666668,27.56,equatorial
14.47,26.88,29.96,25.03,86.27,0.23,2.36,3.65,0.67,0.68,2016-02-14,Kribi,2016,2,45,6,6.24,18.93,32.9,160.58,-1.0708552097316564,-0.09933333333333394,27.56,equatorial
18.21,27.15,30.46,25.13,85.18,0.07,2.2,3.95,0.67,0.68,2016-02-15,Kribi,2016,2,46,7,3.5700000000000003,18.39,32.129999999999995,160.31,-1.0691384964914494,0.16333333333333044,27.56,equatorial
18.53,27.38,30.62,25.38,84.21,0.36,1.97,4.1,0.67,0.68,2016-02-16,Kribi,2016,2,47,7,1.6,18.49,32.33,159.79,-1.0684339706652886,0.35933333333333195,27.38,equatorial
18.7,27.36,30.52,25.62,86.68,0.49,2.39,3.77,0.66,0.68,2016-02-17,Kribi,2016,2,48,7,1.8,17.92,32.809999999999995,159.83,-1.0655080924185298,0.3309999999999995,27.38,equatorial
18.81,27.26,30.04,25.52,86.26,0.6,2.39,3.72,0.66,0.67,2016-02-18,Kribi,2016,2,49,7,2.1799999999999997,16.71,33.34,159.73,-1.0631622848084237,0.2256666666666689,27.38,equatorial
20.66,27.39,30.69,25.24,86.59,0.32,2.31,3.76,0.66,0.67,2016-02-19,Kribi,2016,2,50,7,2.23,14.020000000000001,33.59,159.54999999999998,-1.061154138285955,0.3569999999999993,27.39,equatorial
16.99,27.45,30.17,25.95,87.64,0.59,2.43,3.36,0.66,0.67,2016-02-20,Kribi,2016,2,51,7,2.6599999999999997,10.81,33.51,158.45999999999998,-1.0627877445789693,0.40933333333333266,27.45,equatorial
17.26,27.64,30.83,25.95,87.15,0.83,2.01,3.37,0.66,0.67,2016-02-21,Kribi,2016,2,52,7,3.26,9.5,33.46,155.96,-1.0700338372445242,0.5740000000000016,27.64,equatorial
19.47,27.74,30.69,26.14,87.19,1.27,2.49,3.96,0.66,0.67,2016-02-22,Kribi,2016,2,53,8,4.46,8.03,34.349999999999994,153.45000000000002,-1.0772858617106846,0.6313333333333304,27.74,equatorial
15.25,27.8,30.92,26.07,87.68,0.89,2.32,3.88,0.65,0.67,2016-02-23,Kribi,2016,2,54,8,4.989999999999999,6.589999999999999,34.72,153.34,-1.0749498962272805,0.6623333333333328,27.8,equatorial
15.52,27.32,29.61,26.02,88.49,0.57,2.04,2.64,0.65,0.67,2016-02-24,Kribi,2016,2,55,8,5.07,6.87,34.6,152.19,-1.0767722085921865,0.16799999999999926,27.8,equatorial
14.84,27.35,30.28,25.36,86.74,1.02,1.96,3.35,0.65,0.67,2016-02-25,Kribi,2016,2,56,8,5.49,7.67,32.36,152.62,-1.0723030722991345,0.18300000000000338,27.8,equatorial
14.67,27.11,29.59,26.07,88.29,1.27,2.27,2.71,0.65,0.67,2016-02-26,Kribi,2016,2,57,8,6.44,8.67,30.9,153.3,-1.066869541777403,-0.061333333333333684,27.8,equatorial
16.74,27.73,30.84,25.83,87.59,0.44,2.14,3.48,0.65,0.66,2016-02-27,Kribi,2016,2,58,8,6.29,8.95,29.66,152.93,-1.0656485458753948,0.5466666666666669,27.8,equatorial
17.89,27.6,30.23,26.22,87.59,1.0,2.29,3.45,0.65,0.66,2016-02-28,Kribi,2016,2,59,8,6.460000000000001,9.719999999999999,29.73,153.25,-1.0616952925368652,0.39133333333333553,27.8,equatorial
18.61,27.81,30.71,26.04,86.62,1.86,2.42,3.94,0.65,0.66,2016-02-29,Kribi,2016,2,60,9,7.05,11.51,30.79,154.56,-1.0538311288096565,0.5573333333333359,27.81,equatorial
6.36,26.47,26.98,25.53,92.65,6.32,2.46,2.11,0.66,0.69,2016-03-01,Kribi,2016,3,61,9,12.48,17.47,36.83,157.95999999999998,-1.0377007765272095,-0.7710000000000008,27.81,equatorial
17.33,27.05,29.06,25.62,88.18,4.13,2.38,2.9,0.66,0.68,2016-03-02,Kribi,2016,3,62,9,16.04,21.11,40.35,160.58,-1.0247593168586135,-0.20299999999999585,27.81,equatorial
18.42,28.19,31.07,26.35,85.05,6.91,2.0,4.04,0.67,0.7,2016-03-03,Kribi,2016,3,63,9,21.93,27.42,47.0,165.13000000000002,-1.0042091823682406,0.9036666666666662,28.19,equatorial
17.2,27.69,29.51,26.52,88.18,5.71,2.24,2.82,0.67,0.7,2016-03-04,Kribi,2016,3,64,9,26.37,32.81,51.65,169.23,-0.9855502397181399,0.37900000000000134,28.19,equatorial
4.75,26.93,27.82,25.98,92.81,21.98,2.04,1.89,0.69,0.77,2016-03-05,Kribi,2016,3,65,9,47.91,54.2,71.82,189.61,-0.9021847493913812,-0.3689999999999998,28.19,equatorial
10.63,26.71,28.37,25.6,91.2,9.74,2.32,2.92,0.71,0.74,2016-03-06,Kribi,2016,3,66,9,56.65,63.11,78.55000000000001,198.72,-0.8640097507558422,-0.5689999999999991,28.19,equatorial
19.1,27.62,30.51,25.77,85.88,1.66,2.27,4.36,0.7,0.71,2016-03-07,Kribi,2016,3,67,10,56.45,63.5,76.41,199.18,-0.8604324255199131,0.3113333333333337,28.19,equatorial
17.93,26.14,26.93,25.26,87.66,1.92,1.98,2.32,0.69,0.7,2016-03-08,Kribi,2016,3,68,10,52.05,64.53,76.19,197.94,-0.863646760715837,-1.134999999999998,28.19,equatorial
12.2,27.2,30.06,25.16,87.18,3.29,2.42,3.89,0.69,0.7,2016-03-09,Kribi,2016,3,69,10,51.21,67.25,76.74,199.85999999999999,-0.8542573826212831,-0.07399999999999807,28.19,equatorial
17.23,27.23,29.61,26.08,88.61,5.1,2.37,3.52,0.68,0.71,2016-03-10,Kribi,2016,3,70,10,49.4,71.33,79.51,202.47,-0.8421519630813296,-0.0329999999999977,27.69,equatorial
16.12,27.25,29.63,25.87,84.4,1.6,2.34,4.02,0.68,0.7,2016-03-11,Kribi,2016,3,71,10,45.29,71.66,80.82,197.95000000000002,-0.8585347583248505,-0.010333333333331751,27.62,equatorial
20.19,28.14,31.24,26.33,80.81,0.65,2.14,4.76,0.67,0.68,2016-03-12,Kribi,2016,3,72,10,23.96,71.86999999999999,81.25,191.19,-0.8838031008988573,0.8406666666666673,28.14,equatorial
16.1,26.94,28.31,25.75,90.7,9.24,2.23,2.64,0.68,0.72,2016-03-13,Kribi,2016,3,73,10,23.46,80.11,90.22,192.35999999999999,-0.8773386800197195,-0.36566666666666947,28.14,equatorial
15.99,27.28,29.53,25.7,88.63,2.66,1.9,2.74,0.68,0.71,2016-03-14,Kribi,2016,3,74,11,24.46,80.91,92.72,189.95999999999998,-0.8851528019172709,-0.046999999999997044,28.14,equatorial
14.22,27.26,29.28,26.15,88.15,2.11,2.1,2.73,0.68,0.7,2016-03-15,Kribi,2016,3,75,11,24.650000000000002,76.7,94.6,181.92000000000002,-0.9154603933759511,-0.07966666666666455,28.14,equatorial
16.89,27.47,30.38,25.67,86.03,3.04,2.01,3.62,0.68,0.7,2016-03-16,Kribi,2016,3,76,11,24.4,75.61,97.57000000000001,183.69,-0.906487008226923,0.11966666666666725,28.14,equatorial
18.77,27.75,30.62,26.2,88.94,2.17,2.2,3.36,0.68,0.7,2016-03-17,Kribi,2016,3,77,11,21.470000000000002,70.87,99.38000000000001,185.32000000000002,-0.8981106102308567,0.3873333333333342,28.14,equatorial
7.99,27.18,28.59,26.4,91.69,3.05,2.35,2.37,0.68,0.7,2016-03-18,Kribi,2016,3,78,11,22.92,68.21000000000001,101.94,188.18,-0.8848549006275005,-0.17666666666666586,28.14,equatorial
8.78,26.71,28.19,25.83,89.58,1.8,2.27,2.75,0.68,0.69,2016-03-19,Kribi,2016,3,79,11,24.07,48.03,103.14,189.74,-0.8768455719657848,-0.6283333333333303,27.75,equatorial
8.93,26.82,29.11,25.61,88.5,3.56,2.04,3.4,0.68,0.7,2016-03-20,Kribi,2016,3,80,11,18.39,41.85,106.38,192.98000000000002,-0.8621517061182012,-0.49933333333333607,27.75,equatorial
14.65,27.18,29.29,25.75,85.61,0.55,1.62,3.04,0.67,0.69,2016-03-21,Kribi,2016,3,81,12,16.28,40.74,106.34,192.6,-0.8619881432154631,-0.13033333333333275,27.75,equatorial
19.37,27.35,30.11,25.63,87.41,3.74,2.04,3.81,0.67,0.69,2016-03-22,Kribi,2016,3,82,12,17.91,42.56,109.25,195.28,-0.8495878852297708,0.04933333333333678,27.75,equatorial
16.87,26.97,28.57,26.01,91.05,12.57,2.64,3.56,0.68,0.73,2016-03-23,Kribi,2016,3,83,12,27.439999999999998,51.84,120.55,205.98999999999998,-0.8050909586219199,-0.3049999999999997,27.75,equatorial
12.77,26.63,27.67,25.96,93.37,53.01,2.4,2.68,0.73,0.85,2016-03-24,Kribi,2016,3,84,12,78.28,99.75,172.67,258.38,-0.5937088132596035,-0.6060000000000016,27.35,equatorial
17.95,26.6,27.97,25.86,88.36,7.42,2.01,3.15,0.77,0.78,2016-03-25,Kribi,2016,3,85,12,82.64999999999999,105.57000000000001,179.52,265.4,-0.5646559193898286,-0.6119999999999948,27.35,equatorial
22.31,27.67,30.58,25.98,82.97,2.81,1.48,4.54,0.75,0.74,2016-03-26,Kribi,2016,3,86,12,83.66,107.73,181.31,267.87,-0.5539141927860256,0.4473333333333329,27.67,equatorial
17.06,27.46,29.85,25.9,87.65,11.08,2.04,4.33,0.74,0.76,2016-03-27,Kribi,2016,3,87,12,91.17999999999999,109.57000000000001,191.12,278.5,-0.5103975831726846,0.22566666666666535,27.67,equatorial
14.93,27.1,28.53,26.08,90.99,9.15,1.94,2.77,0.74,0.77,2016-03-28,Kribi,2016,3,88,13,99.77999999999999,116.06,199.82999999999998,286.95000000000005,-0.4756993329430201,-0.11333333333332973,27.67,equatorial
2.86,27.22,29.21,26.13,91.35,19.3,2.01,3.5,0.75,0.8,2016-03-29,Kribi,2016,3,89,13,115.33999999999999,133.25,218.13,305.44,-0.40060758205322033,0.019333333333332092,27.67,equatorial
13.14,27.17,29.49,25.87,89.98,3.81,2.02,3.66,0.75,0.76,2016-03-30,Kribi,2016,3,90,13,106.58,134.02,220.08,308.76,-0.38671526363378345,-0.009333333333334082,27.67,equatorial
13.73,27.17,29.73,25.69,89.8,10.62,2.38,4.49,0.75,0.77,2016-03-31,Kribi,2016,3,91,13,64.19,142.47,224.38,317.96999999999997,-0.34906786311324606,-0.03266666666666751,27.67,equatorial
11.02,26.7,27.82,26.01,93.14,11.68,2.39,2.82,0.75,0.78,2016-04-01,Kribi,2016,4,92,13,68.44999999999999,151.1,231.93,329.18,-0.30336161213900587,-0.4909999999999961,27.67,equatorial
8.3,26.86,28.58,25.79,90.86,7.29,2.52,3.59,0.76,0.77,2016-04-02,Kribi,2016,4,93,13,72.92999999999999,156.59,232.30999999999997,335.05,-0.2792655057368462,-0.2866666666666653,27.46,equatorial
20.87,27.82,31.26,25.73,83.64,0.71,1.58,5.11,0.75,0.75,2016-04-03,Kribi,2016,4,94,13,62.55999999999999,153.73999999999998,227.31,334.13,-0.28266184810057776,0.6690000000000005,27.82,equatorial
21.01,27.26,29.41,26.0,89.72,5.97,2.04,3.79,0.75,0.76,2016-04-04,Kribi,2016,4,95,14,59.379999999999995,159.16,211.29999999999998,337.91,-0.2670149620163732,0.09800000000000253,27.82,equatorial
17.52,26.29,27.28,25.29,91.49,5.69,2.21,2.59,0.75,0.76,2016-04-05,Kribi,2016,4,96,14,45.769999999999996,161.11,207.25,342.51,-0.24804766168014877,-0.8580000000000005,27.82,equatorial
7.5,26.35,28.63,25.18,89.75,7.13,1.7,3.25,0.75,0.77,2016-04-06,Kribi,2016,4,97,14,49.089999999999996,155.67000000000002,212.72,349.21000000000004,-0.22055921083003485,-0.7556666666666629,27.82,equatorial
13.39,27.64,30.31,24.92,75.9,4.96,1.39,5.04,0.75,0.77,2016-04-07,Kribi,2016,4,98,14,43.42999999999999,107.62,215.76,353.46,-0.20303516054775692,0.4843333333333355,27.82,equatorial
23.59,27.68,31.58,24.92,80.27,1.05,1.7,5.05,0.75,0.75,2016-04-08,Kribi,2016,4,99,14,32.79999999999999,101.25,213.52,353.42,-0.20297045567217767,0.5083333333333293,27.82,equatorial
20.46,27.75,30.86,25.94,85.96,4.21,2.0,5.41,0.74,0.75,2016-04-09,Kribi,2016,4,100,14,29.71999999999999,102.64999999999999,212.63,357.15999999999997,-0.18750987316917053,0.5609999999999964,27.82,equatorial
11.26,27.07,28.49,26.28,91.04,5.75,2.44,3.44,0.74,0.76,2016-04-10,Kribi,2016,4,101,14,34.75999999999999,97.32,216.77999999999997,360.2,-0.17490632585151786,-0.11299999999999955,27.75,equatorial
15.25,27.22,29.6,25.92,90.92,12.23,2.29,4.09,0.75,0.78,2016-04-11,Kribi,2016,4,102,15,41.019999999999996,100.39999999999999,228.36,368.59,-0.14046672848778985,0.0676666666666641,27.75,equatorial
11.91,26.29,27.1,25.66,90.54,8.1,1.86,2.47,0.76,0.78,2016-04-12,Kribi,2016,4,103,15,43.42999999999999,89.19999999999999,227.22,368.62,-0.14019134699205404,-0.8406666666666673,27.75,equatorial
22.76,27.98,31.13,25.91,82.71,4.39,1.3,4.68,0.76,0.77,2016-04-13,Kribi,2016,4,104,15,40.68999999999999,89.77999999999999,228.95,362.49,-0.16511400241551716,0.8260000000000005,27.98,equatorial
9.53,27.09,28.71,25.93,92.04,11.9,2.03,2.81,0.76,0.79,2016-04-14,Kribi,2016,4,105,15,47.629999999999995,91.06,238.73999999999998,366.24,-0.14957849835563072,-0.05833333333333357,27.98,equatorial
6.52,26.93,29.19,25.56,88.21,22.59,1.56,3.38,0.79,0.82,2016-04-15,Kribi,2016,4,106,15,69.16999999999999,101.97,258.29,387.99,-0.0602585249064438,-0.20033333333333303,27.98,equatorial
22.55,27.25,29.78,25.62,87.17,14.16,1.79,4.42,0.8,0.81,2016-04-16,Kribi,2016,4,107,15,79.11999999999999,108.84,270.28,401.99,-0.0027426140304975797,0.13633333333333297,27.98,equatorial
9.35,27.4,29.62,25.85,84.37,12.02,1.63,5.1,0.8,0.81,2016-04-17,Kribi,2016,4,108,15,85.38999999999999,120.14999999999999,279.24999999999994,414.0,0.046598449331342315,0.27899999999999636,27.98,equatorial
18.77,27.59,30.62,25.48,83.02,6.53,1.37,4.96,0.79,0.79,2016-04-18,Kribi,2016,4,109,16,79.69,120.71,283.98,420.46,0.07311543756499893,0.43966666666666754,27.98,equatorial
20.52,28.0,31.01,25.99,83.45,6.84,1.49,5.12,0.79,0.8,2016-04-19,Kribi,2016,4,110,16,78.42999999999999,121.86,287.26,427.22999999999996,0.10090823172228588,0.810333333333336,28.0,equatorial
18.77,27.31,29.1,26.15,92.1,23.4,2.08,3.55,0.8,0.83,2016-04-20,Kribi,2016,4,111,16,97.43999999999998,138.13,310.11,449.96,0.19446752451505778,0.1159999999999961,28.0,equatorial
20.89,26.78,28.2,25.92,91.6,4.86,1.97,2.43,0.82,0.81,2016-04-21,Kribi,2016,4,112,16,90.39999999999999,138.03,311.23,453.94,0.21067285887476214,-0.3949999999999996,28.0,equatorial
20.09,27.08,28.83,25.98,92.63,6.17,2.15,2.96,0.81,0.81,2016-04-22,Kribi,2016,4,113,16,73.97999999999999,143.15,304.83,459.72999999999996,0.23434887697197265,-0.09866666666667001,28.0,equatorial
15.48,27.33,29.49,25.98,90.3,4.13,1.83,2.96,0.81,0.8,2016-04-23,Kribi,2016,4,114,16,63.949999999999996,143.07,255.95000000000002,463.34,0.24901061707515398,0.1280000000000001,28.0,equatorial
14.73,26.96,28.87,25.95,91.04,4.54,1.95,3.02,0.81,0.8,2016-04-24,Kribi,2016,4,115,16,56.46999999999999,141.86,253.07,467.19,0.2646621361381292,-0.25400000000000134,28.0,equatorial
13.14,26.37,27.79,25.5,91.06,2.2,1.8,2.49,0.81,0.8,2016-04-25,Kribi,2016,4,116,17,52.13999999999999,131.82999999999998,252.45999999999998,466.13,0.2599789407166485,-0.8006666666666646,28.0,equatorial
2.84,27.02,29.61,25.55,88.08,4.77,1.88,4.34,0.81,0.8,2016-04-26,Kribi,2016,4,117,17,50.06999999999999,128.5,246.15,468.17,0.2681468223118044,-0.13599999999999923,27.33,equatorial
20.84,27.13,29.83,25.52,87.73,1.85,1.88,3.9,0.8,0.79,2016-04-27,Kribi,2016,4,118,17,28.519999999999992,125.96000000000001,238.85,468.34,0.268554986287158,-0.027000000000001023,27.33,equatorial
21.52,27.28,29.46,25.96,87.92,5.97,1.82,3.33,0.8,0.8,2016-04-28,Kribi,2016,4,119,17,29.629999999999995,120.03,225.51999999999998,473.38,0.2891876732810683,0.12100000000000222,27.33,equatorial
13.05,27.01,28.63,26.05,90.4,4.19,1.82,3.03,0.8,0.8,2016-04-29,Kribi,2016,4,120,17,27.64999999999999,101.63,225.89999999999998,476.77000000000004,0.30295575359029814,-0.14366666666666106,27.33,equatorial
22.75,27.36,29.84,25.59,88.17,2.62,1.94,3.84,0.8,0.79,2016-04-30,Kribi,2016,4,121,17,26.139999999999993,90.09,217.9,479.11,0.31235120189001503,0.1999999999999993,27.36,equatorial
20.17,27.24,29.0,26.23,90.23,5.5,1.88,2.89,0.8,0.8,2016-05-01,Kribi,2016,5,122,17,27.099999999999994,83.57000000000001,211.72,484.0,0.3323623580759302,0.06199999999999761,27.36,equatorial
4.4,27.48,29.48,26.05,86.89,5.66,1.56,3.52,0.8,0.8,2016-05-02,Kribi,2016,5,123,18,30.55999999999999,82.7,210.09,489.4,0.35449077125978373,0.28133333333333255,27.48,equatorial
23.22,26.98,28.74,25.93,89.24,7.73,1.93,3.19,0.81,0.81,2016-05-03,Kribi,2016,5,124,18,33.519999999999996,83.59,217.11,496.07,0.3819059999974385,-0.1906666666666652,27.48,equatorial
11.5,27.1,29.35,25.53,86.4,6.47,1.61,4.05,0.81,0.81,2016-05-04,Kribi,2016,5,125,18,38.13999999999999,66.66,217.61,500.72999999999996,0.4009144171912389,-0.06533333333333147,27.48,equatorial
18.91,27.14,29.82,25.44,86.08,4.09,1.69,4.23,0.81,0.8,2016-05-05,Kribi,2016,5,126,18,36.26,65.89,216.01000000000002,501.81,0.40495361492241083,-0.053666666666668306,27.48,equatorial
17.39,27.91,30.71,26.15,81.68,4.7,1.2,4.55,0.81,0.8,2016-05-06,Kribi,2016,5,127,18,36.76999999999999,64.42,213.58,502.71,0.40823877907487405,0.6643333333333317,27.91,equatorial
13.74,27.09,29.22,25.89,87.68,3.14,2.22,4.36,0.8,0.79,2016-05-07,Kribi,2016,5,128,18,37.28999999999999,63.43000000000001,211.76,503.71,0.4119416409528129,-0.1373333333333342,27.91,equatorial
16.92,26.39,27.88,25.32,90.93,5.25,2.09,2.88,0.8,0.8,2016-05-08,Kribi,2016,5,129,18,37.03999999999999,64.14,215.95999999999998,506.21999999999997,0.4219684035172029,-0.7943333333333307,27.91,equatorial
19.01,27.02,29.52,25.41,86.97,1.86,1.95,4.16,0.8,0.79,2016-05-09,Kribi,2016,5,130,19,33.239999999999995,63.800000000000004,213.61,505.75,0.41949650595760174,-0.14000000000000057,27.91,equatorial
21.1,27.52,30.23,25.91,88.32,2.9,2.31,4.95,0.8,0.79,2016-05-10,Kribi,2016,5,131,19,28.409999999999993,61.93,210.76000000000002,508.36,0.429950666706313,0.34499999999999886,27.91,equatorial
10.9,27.36,29.44,26.14,91.52,13.37,2.18,3.74,0.8,0.81,2016-05-11,Kribi,2016,5,132,19,35.309999999999995,73.45,211.9,521.51,0.4846534956293313,0.18033333333333346,27.91,equatorial
19.31,27.01,28.81,25.76,91.45,16.09,1.99,3.42,0.82,0.83,2016-05-12,Kribi,2016,5,133,19,47.30999999999999,83.57,219.89,537.33,0.5505185745693583,-0.19366666666666532,27.91,equatorial
16.94,26.95,28.68,25.92,92.16,16.44,2.12,3.12,0.84,0.84,2016-05-13,Kribi,2016,5,134,19,59.04999999999999,95.82000000000001,231.94000000000003,553.6099999999999,0.6182314967363255,-0.21933333333333493,27.52,equatorial
17.6,26.52,29.12,25.27,89.13,12.49,2.14,4.02,0.84,0.83,2016-05-14,Kribi,2016,5,135,19,68.39999999999999,105.69,232.53,565.87,0.6689321429351541,-0.6303333333333327,27.52,equatorial
6.77,26.12,28.2,25.14,90.13,27.17,1.69,3.51,0.85,0.87,2016-05-15,Kribi,2016,5,136,19,90.32,127.36,237.11,592.97,0.7819494506735575,-1.0033333333333339,27.52,equatorial
18.97,27.28,30.68,25.09,83.74,6.21,1.4,7.31,0.85,0.84,2016-05-16,Kribi,2016,5,137,20,94.66999999999999,127.91,229.16,598.8199999999999,0.8053027732072037,0.15566666666666862,27.52,equatorial
3.3,25.77,27.08,24.63,94.25,30.13,2.45,3.13,0.86,0.88,2016-05-17,Kribi,2016,5,138,20,121.89999999999999,150.31,247.27,628.4599999999999,0.928659442921082,-1.2999999999999972,27.36,equatorial
13.67,26.0,28.69,24.43,88.6,3.65,2.05,4.48,0.87,0.85,2016-05-18,Kribi,2016,5,139,20,112.17999999999999,147.49,244.39,631.51,0.939771724522929,-1.0169999999999995,27.28,equatorial
20.03,26.72,29.3,25.18,89.4,6.11,2.28,4.92,0.86,0.85,2016-05-19,Kribi,2016,5,140,20,102.19999999999999,149.51,243.66,637.3000000000001,0.9623711112683762,-0.2543333333333351,27.28,equatorial
14.64,26.29,27.88,25.36,92.65,11.8,2.22,3.26,0.87,0.86,2016-05-20,Kribi,2016,5,141,20,97.56,156.61,232.06,648.51,1.0076795335297712,-0.6503333333333323,27.28,equatorial
19.02,26.28,27.53,25.49,93.91,8.94,2.12,2.33,0.87,0.86,2016-05-21,Kribi,2016,5,142,20,94.00999999999999,162.41,236.14000000000001,656.62,1.039773267827247,-0.6436666666666682,27.28,equatorial
7.52,25.89,27.14,24.82,92.84,13.82,2.04,2.57,0.88,0.87,2016-05-22,Kribi,2016,5,143,20,80.66,170.98,243.79000000000002,669.17,1.0903886301089758,-0.9939999999999998,27.28,equatorial
7.06,26.35,29.89,24.48,85.56,9.66,2.01,5.24,0.88,0.87,2016-05-23,Kribi,2016,5,144,21,84.10999999999999,178.78,249.32,677.9399999999999,1.124886940800508,-0.501333333333335,26.72,equatorial
19.01,26.99,31.15,24.1,80.92,1.25,1.45,7.27,0.87,0.85,2016-05-24,Kribi,2016,5,145,21,55.23,177.13,246.03,678.62,1.125246907610801,0.13766666666666794,26.99,equatorial
16.08,26.84,29.8,24.78,86.79,6.25,1.48,4.28,0.87,0.85,2016-05-25,Kribi,2016,5,146,21,57.82999999999999,170.01,250.08,683.85,1.1447092447876108,-0.027999999999998693,26.99,equatorial
18.75,26.69,28.76,25.53,90.0,13.13,2.39,4.51,0.87,0.86,2016-05-26,Kribi,2016,5,147,21,64.85,167.04999999999998,258.44,695.7099999999999,1.1918896410617177,-0.1670000000000016,26.99,equatorial
19.29,26.23,28.38,24.94,91.52,7.38,2.48,4.26,0.87,0.86,2016-05-27,Kribi,2016,5,148,21,60.42999999999999,157.99,263.96999999999997,702.65,1.218179568838736,-0.5970000000000013,26.99,equatorial
16.33,25.95,27.23,25.22,93.97,11.12,2.35,2.87,0.88,0.86,2016-05-28,Kribi,2016,5,149,21,62.61,156.61999999999998,269.12,712.77,1.2576417874750847,-0.8326666666666682,26.99,equatorial
2.9,25.54,26.64,24.58,95.11,15.13,2.24,2.44,0.89,0.88,2016-05-29,Kribi,2016,5,150,21,63.91999999999999,144.58,280.06,726.04,1.310044004991132,-1.1936666666666689,26.99,equatorial
18.77,25.76,27.51,24.44,89.82,9.5,1.99,3.56,0.89,0.88,2016-05-30,Kribi,2016,5,151,22,63.75999999999999,147.87,286.94,729.2199999999999,1.3199007625918522,-0.9203333333333354,26.99,equatorial
17.7,27.12,31.16,24.67,83.74,1.9,1.52,8.5,0.89,0.86,2016-05-31,Kribi,2016,5,152,22,64.41,119.64,283.34000000000003,726.99,1.3070858220157822,0.4436666666666653,27.12,equatorial
14.11,26.57,29.01,25.16,88.47,8.64,1.91,3.8,0.88,0.86,2016-06-01,Kribi,2016,6,153,22,66.8,124.63000000000001,286.32,728.72,1.3108992837422724,-0.07600000000000051,27.12,equatorial
13.81,26.87,30.2,25.04,88.16,13.23,1.55,4.55,0.89,0.87,2016-06-02,Kribi,2016,6,154,22,66.89999999999999,131.75,291.82000000000005,736.24,1.3388541001365604,0.2276666666666678,27.12,equatorial
14.0,26.91,29.58,25.25,87.34,6.42,1.87,5.5,0.89,0.86,2016-06-03,Kribi,2016,6,155,22,65.94,126.36999999999999,291.77,720.6800000000001,1.270368112375866,0.2740000000000009,27.12,equatorial
19.26,26.45,28.89,24.9,89.48,5.96,2.24,4.56,0.89,0.86,2016-06-04,Kribi,2016,6,156,22,60.779999999999994,123.39,293.64000000000004,716.9000000000001,1.2514245885311053,-0.16300000000000026,27.12,equatorial
12.23,26.05,27.29,25.26,94.2,10.13,2.13,2.24,0.89,0.87,2016-06-05,Kribi,2016,6,157,22,55.78,119.7,299.07000000000005,725.37,1.283649015411962,-0.5009999999999977,27.12,equatorial
18.36,26.12,28.13,24.88,91.11,4.47,1.94,3.25,0.89,0.86,2016-06-06,Kribi,2016,6,158,23,50.75,114.50999999999999,300.4,727.92,1.2910225745256265,-0.3986666666666636,27.12,equatorial
16.76,26.23,28.3,25.1,91.76,4.67,1.93,2.88,0.89,0.86,2016-06-07,Kribi,2016,6,159,23,53.519999999999996,117.92999999999999,299.82,729.3000000000001,1.2934846574744292,-0.28333333333333144,26.91,equatorial
18.8,26.08,28.19,24.89,91.23,3.89,2.34,3.33,0.89,0.86,2016-06-08,Kribi,2016,6,160,23,48.769999999999996,115.57000000000001,301.85,728.09,1.2851643934456138,-0.4020000000000046,26.91,equatorial
11.25,25.82,27.79,24.59,91.54,4.69,2.05,3.0,0.89,0.86,2016-06-09,Kribi,2016,6,161,23,40.23,107.13,303.64,731.18,1.2947719790819774,-0.6053333333333342,26.91,equatorial
15.49,25.51,26.48,24.77,94.79,3.98,2.24,1.86,0.89,0.86,2016-06-10,Kribi,2016,6,162,23,37.78999999999999,103.73,294.25,734.51,1.3053188305907961,-0.8536666666666655,26.45,equatorial
12.5,25.38,26.47,23.99,95.38,37.47,2.73,2.57,0.9,0.89,2016-06-11,Kribi,2016,6,163,23,69.3,130.07999999999998,315.63,762.74,1.4190913457048908,-0.9293333333333322,26.23,equatorial
8.76,24.32,24.97,23.66,91.79,60.42,1.94,2.67,0.95,0.95,2016-06-12,Kribi,2016,6,164,23,119.59,175.37,359.61,820.5,1.6540926703411458,-1.9016666666666673,26.23,equatorial
12.18,24.98,26.83,24.01,90.09,4.63,2.34,4.22,0.95,0.91,2016-06-13,Kribi,2016,6,165,24,119.75,170.5,351.75,823.02,1.6586780833326926,-1.190333333333335,26.23,equatorial
12.06,25.08,27.06,23.91,90.1,3.66,2.09,3.77,0.94,0.91,2016-06-14,Kribi,2016,6,166,24,118.74,172.26,328.24,823.64,1.6553887509891672,-1.0556666666666672,26.08,equatorial
12.67,24.94,26.84,23.82,92.31,16.96,2.54,3.9,0.95,0.92,2016-06-15,Kribi,2016,6,167,24,131.81,180.58,338.99,838.43,1.7104106223214117,-1.1176666666666648,25.82,equatorial
6.17,24.3,25.27,23.63,92.2,12.14,2.29,2.83,0.95,0.92,2016-06-16,Kribi,2016,6,168,24,139.26,179.49,321.0,847.52,1.7414305164837371,-1.708666666666666,25.51,equatorial
17.89,25.83,28.97,23.65,79.93,0.6,1.43,4.91,0.95,0.91,2016-06-17,Kribi,2016,6,169,24,135.88,173.67000000000002,317.95,846.3199999999999,1.7299594098099513,-0.17300000000000182,25.83,equatorial
13.47,25.48,27.63,24.42,91.71,14.02,2.51,3.77,0.95,0.91,2016-06-18,Kribi,2016,6,170,24,112.42999999999999,181.73,325.86,856.78,1.766274342235302,-0.4816666666666656,25.83,equatorial
13.52,24.9,26.81,23.91,91.61,13.53,3.25,4.82,0.95,0.91,2016-06-19,Kribi,2016,6,171,24,65.53999999999999,185.13,327.59000000000003,869.76,1.8124319232517738,-1.0153333333333343,25.83,equatorial
19.82,24.85,27.23,23.63,90.92,10.91,2.41,4.53,0.95,0.91,2016-06-20,Kribi,2016,6,172,25,71.82,191.57,329.56,876.9300000000001,1.8343866384840393,-1.0176666666666634,25.83,equatorial
17.99,25.27,27.71,23.72,88.01,3.83,2.03,4.54,0.95,0.91,2016-06-21,Kribi,2016,6,173,25,71.99,190.73,319.57000000000005,868.19,1.7914943756841057,-0.5769999999999982,25.83,equatorial
18.33,25.5,28.02,23.96,88.13,6.7,1.91,4.0,0.94,0.91,2016-06-22,Kribi,2016,6,174,25,61.72999999999999,193.54,316.61,821.88,1.5967210704018882,-0.3186666666666653,25.83,equatorial
6.96,25.32,27.79,23.99,90.76,18.15,2.41,4.87,0.95,0.91,2016-06-23,Kribi,2016,6,175,25,67.74,207.0,333.51,832.61,1.634967265635725,-0.4430000000000014,25.83,equatorial
10.13,24.82,26.05,24.25,94.52,39.53,2.44,2.72,0.96,0.94,2016-06-24,Kribi,2016,6,176,25,106.67,242.54999999999998,366.79,869.33,1.7778785148623661,-0.8756666666666675,25.5,equatorial
5.69,25.37,27.2,24.31,91.87,10.87,2.55,3.82,0.97,0.93,2016-06-25,Kribi,2016,6,177,25,103.52,215.95,364.53000000000003,869.12,1.770227623314104,-0.28166666666666273,25.5,equatorial
14.41,24.94,26.25,24.24,92.67,4.62,2.14,2.47,0.97,0.93,2016-06-26,Kribi,2016,6,178,25,94.61,160.15,361.77000000000004,864.59,1.74527692360333,-0.6686666666666667,25.5,equatorial
8.94,25.28,27.7,23.69,89.6,4.51,2.05,4.26,0.96,0.93,2016-06-27,Kribi,2016,6,179,26,88.21,160.03,355.16,849.8000000000001,1.6793646854515885,-0.3063333333333347,25.5,equatorial
7.74,25.25,27.29,23.94,86.08,2.81,1.5,3.86,0.96,0.92,2016-06-28,Kribi,2016,6,180,26,87.19,159.18,342.84000000000003,848.8,1.6694800907006948,-0.326666666666668,25.5,equatorial
10.58,25.46,27.91,24.02,88.98,5.69,1.91,3.98,0.96,0.92,2016-06-29,Kribi,2016,6,181,26,86.17999999999999,147.91,339.03000000000003,843.87,1.6439464623428537,-0.10666666666666558,25.46,equatorial
14.44,25.08,26.12,24.23,94.81,8.57,2.13,2.11,0.96,0.92,2016-06-30,Kribi,2016,6,182,26,76.6,144.33999999999997,345.7,840.76,1.6259488591715026,-0.41866666666666674,25.46,equatorial
15.99,26.08,29.45,24.15,88.26,7.25,1.7,5.17,0.96,0.92,2016-07-01,Kribi,2016,7,183,26,44.32,150.98999999999998,344.31,840.72,1.6203960445737828,0.5976666666666652,26.08,equatorial
19.46,25.77,28.47,24.07,90.09,3.8,2.18,4.5,0.95,0.91,2016-07-02,Kribi,2016,7,184,26,37.25,140.77,334.88000000000005,843.8100000000001,1.6273892359431572,0.3243333333333318,26.08,equatorial
19.87,25.77,28.24,24.38,90.42,4.43,2.53,4.63,0.95,0.9,2016-07-03,Kribi,2016,7,185,26,37.059999999999995,131.67000000000002,332.89000000000004,842.27,1.6158674796845862,0.36233333333333206,26.08,equatorial
18.17,24.96,26.16,24.19,93.49,8.64,2.47,2.96,0.95,0.91,2016-07-04,Kribi,2016,7,186,27,41.19,129.4,335.57,845.22,1.622323214733846,-0.3979999999999997,26.08,equatorial
14.37,24.89,26.64,23.98,93.52,10.34,2.8,3.66,0.95,0.91,2016-07-05,Kribi,2016,7,187,27,48.72,135.91,335.78,848.4300000000001,1.6297518304874308,-0.4293333333333358,26.08,equatorial
13.35,24.86,26.68,23.97,92.47,5.98,2.31,3.35,0.95,0.91,2016-07-06,Kribi,2016,7,188,27,49.010000000000005,135.19,337.29,849.45,1.6284232234771132,-0.41733333333333533,26.08,equatorial
11.32,25.39,28.12,23.65,89.74,2.59,2.12,4.18,0.95,0.9,2016-07-07,Kribi,2016,7,189,27,43.03,119.63,335.21,850.99,1.629168737133408,0.14066666666666805,26.08,equatorial
17.95,25.51,28.16,23.86,89.82,3.24,2.46,5.01,0.94,0.9,2016-07-08,Kribi,2016,7,190,27,39.02,83.34,334.56,850.02,1.6199811503693382,0.27966666666667095,25.77,equatorial
15.98,25.37,27.84,23.89,90.54,4.21,2.53,4.42,0.94,0.89,2016-07-09,Kribi,2016,7,191,27,39.43000000000001,76.67999999999999,334.08000000000004,848.48,1.6086303110575544,0.1546666666666674,25.77,equatorial
9.72,25.11,27.62,23.85,91.32,13.12,2.69,4.62,0.94,0.9,2016-07-10,Kribi,2016,7,192,27,48.120000000000005,85.18,343.22,849.37,1.6069718322276325,-0.0920000000000023,25.51,equatorial
9.64,24.94,27.37,23.59,90.63,16.95,2.64,4.93,0.94,0.91,2016-07-11,Kribi,2016,7,193,28,56.43000000000001,97.62,322.70000000000005,858.22,1.6366801243957618,-0.24733333333333363,25.51,equatorial
8.38,24.64,26.59,23.48,91.67,15.3,2.43,3.8,0.95,0.91,2016-07-12,Kribi,2016,7,194,28,61.39,110.11,277.58000000000004,869.13,1.674198387321272,-0.5579999999999998,25.51,equatorial
7.02,24.3,25.48,23.53,92.98,11.52,2.23,2.8,0.95,0.91,2016-07-13,Kribi,2016,7,195,28,66.92999999999999,115.94,284.47,868.75,1.6670363112375024,-0.8753333333333337,25.51,equatorial
14.3,25.32,28.16,23.53,86.29,10.23,1.85,5.08,0.95,0.91,2016-07-14,Kribi,2016,7,196,28,74.57000000000001,117.60000000000001,291.03999999999996,856.39,1.612991965100847,0.13666666666666316,25.51,equatorial
14.55,24.99,27.75,23.76,91.19,6.87,2.48,4.41,0.95,0.91,2016-07-15,Kribi,2016,7,197,28,78.2,117.22,280.95,849.1,1.5792925682504486,-0.19500000000000028,25.37,equatorial
17.56,24.72,26.56,23.55,91.34,4.33,2.26,3.49,0.95,0.91,2016-07-16,Kribi,2016,7,198,28,78.32000000000001,117.75,273.14000000000004,841.4100000000001,1.5443249516676598,-0.47900000000000276,25.32,equatorial
12.39,25.01,27.41,23.61,89.44,2.15,2.0,3.91,0.95,0.9,2016-07-17,Kribi,2016,7,199,28,67.35,115.47,274.69,837.03,1.5225858660722662,-0.1616666666666653,25.32,equatorial
8.38,24.67,26.16,23.83,93.02,4.54,2.21,2.62,0.94,0.9,2016-07-18,Kribi,2016,7,200,29,54.94,111.37,265.21000000000004,834.73,1.5091457159538777,-0.4746666666666677,25.32,equatorial
3.77,24.71,26.47,23.79,94.05,10.45,2.45,2.84,0.94,0.9,2016-07-19,Kribi,2016,7,201,29,50.09,111.48,262.13,821.7800000000001,1.454279514868454,-0.428333333333331,25.32,equatorial
15.4,24.95,27.07,23.93,92.08,6.32,2.34,3.37,0.95,0.9,2016-07-20,Kribi,2016,7,202,29,44.89,111.82,257.54,823.24,1.4559812929946119,-0.19166666666666643,25.32,equatorial
14.75,25.17,27.89,23.57,90.04,3.62,2.39,4.36,0.94,0.9,2016-07-21,Kribi,2016,7,203,29,38.28,112.85,257.33,820.6899999999999,1.442061523812177,0.03166666666666984,25.17,equatorial
12.07,24.95,27.06,23.95,91.52,6.46,2.69,4.21,0.94,0.9,2016-07-22,Kribi,2016,7,204,29,37.87,116.07,257.09,823.02,1.4472289046056677,-0.1700000000000017,25.17,equatorial
10.65,24.38,26.03,23.51,93.14,13.19,2.39,3.03,0.94,0.91,2016-07-23,Kribi,2016,7,205,29,46.730000000000004,125.05000000000001,252.13000000000002,831.67,1.4769169588899485,-0.7086666666666659,25.17,equatorial
12.96,24.27,25.87,23.11,92.56,2.78,1.97,2.54,0.94,0.9,2016-07-24,Kribi,2016,7,206,29,47.36,114.71,215.38000000000002,832.25,1.4750610280605958,-0.8003333333333345,25.17,equatorial
6.88,24.15,25.68,23.23,93.72,19.98,2.72,3.1,0.95,0.91,2016-07-25,Kribi,2016,7,207,30,62.8,117.74,224.49,847.46,1.5299321104577293,-0.8796666666666688,25.17,equatorial
8.81,23.87,25.21,22.76,92.09,3.04,2.11,2.66,0.95,0.91,2016-07-26,Kribi,2016,7,208,30,55.39,105.48,222.91,848.65,1.530087215863392,-1.1239999999999952,25.17,equatorial
9.97,24.61,27.59,22.98,89.71,2.35,2.11,4.32,0.95,0.9,2016-07-27,Kribi,2016,7,209,30,51.42,96.31,220.75000000000003,845.0300000000001,1.511645076144355,-0.36166666666666814,25.17,equatorial
13.69,24.64,27.89,22.73,89.01,3.15,2.22,5.14,0.94,0.9,2016-07-28,Kribi,2016,7,210,30,50.95,89.23,221.09,843.99,1.5033176559977794,-0.31133333333333013,24.95,equatorial
17.61,24.24,26.75,22.8,90.23,2.16,2.41,4.11,0.94,0.89,2016-07-29,Kribi,2016,7,211,30,46.650000000000006,84.52,217.56,843.53,1.4972962727985664,-0.6706666666666656,24.64,equatorial
13.78,24.42,27.07,22.77,89.91,7.81,2.63,5.06,0.93,0.89,2016-07-30,Kribi,2016,7,212,30,41.27,88.0,216.79999999999998,845.84,1.5020019024211444,-0.46866666666666745,24.64,equatorial
14.19,24.7,27.78,22.76,88.4,7.54,2.49,5.51,0.93,0.89,2016-07-31,Kribi,2016,7,213,30,46.03,93.39,217.09,847.72,1.5050177732498657,-0.14266666666666694,24.7,equatorial
12.03,24.59,27.37,22.94,89.72,11.41,2.73,5.4,0.93,0.89,2016-08-01,Kribi,2016,8,214,31,37.46,100.26,224.70000000000002,851.4,1.5149352523189676,-0.2133333333333347,24.7,equatorial
16.56,24.24,26.55,23.12,91.82,9.33,2.9,4.33,0.93,0.89,2016-08-02,Kribi,2016,8,215,31,43.75,99.14,229.6,854.26,1.5216265518143102,-0.5123333333333377,24.7,equatorial
12.64,24.42,27.17,22.85,90.4,10.08,2.43,4.79,0.93,0.9,2016-08-03,Kribi,2016,8,216,31,51.480000000000004,102.9,231.04,860.25,1.540275256375193,-0.31433333333333024,24.7,equatorial
10.03,24.69,27.42,23.05,90.61,12.1,2.55,4.91,0.94,0.9,2016-08-04,Kribi,2016,8,217,31,60.43,111.38,232.79999999999998,867.65,1.5641747494545655,-0.037666666666666515,24.7,equatorial
9.44,24.42,26.94,23.07,91.3,15.19,3.0,5.11,0.94,0.9,2016-08-05,Kribi,2016,8,218,31,73.46,120.11000000000001,242.01,879.7,1.605661175173487,-0.29299999999999926,24.7,equatorial
10.7,24.45,27.11,22.8,90.61,16.78,2.92,5.5,0.95,0.91,2016-08-06,Kribi,2016,8,219,31,82.42999999999999,123.70000000000002,256.2,891.23,1.644789882714397,-0.23166666666666913,24.7,equatorial
13.4,24.19,26.61,22.86,90.74,28.02,3.19,5.64,0.96,0.92,2016-08-07,Kribi,2016,8,220,31,102.91,148.94,280.98,917.39,1.7393043029903887,-0.44766666666666666,24.69,equatorial
14.66,24.23,26.88,22.68,89.91,9.93,2.2,4.53,0.96,0.91,2016-08-08,Kribi,2016,8,221,32,101.43,138.89,286.7,924.4200000000001,1.7600819010282123,-0.36966666666666725,24.69,equatorial
15.7,24.65,27.81,22.55,88.82,1.34,2.04,4.77,0.95,0.9,2016-08-09,Kribi,2016,8,222,32,93.44,137.19,274.92,912.39,1.7082787388740441,0.06566666666666521,24.69,equatorial
11.84,24.6,27.39,23.07,89.9,3.41,2.7,5.19,0.95,0.9,2016-08-10,Kribi,2016,8,223,32,86.77,138.25,261.38,899.71,1.6545136282339459,0.027000000000001023,24.69,equatorial
13.04,24.2,25.88,23.23,92.8,2.59,2.28,2.96,0.94,0.9,2016-08-11,Kribi,2016,8,224,32,77.26,137.69,248.67000000000002,885.86,1.59680449612655,-0.3583333333333343,24.65,equatorial
8.11,24.32,25.9,23.28,93.48,3.58,2.16,2.49,0.94,0.89,2016-08-12,Kribi,2016,8,225,32,65.65,139.11,240.73,876.95,1.5582856144221848,-0.23900000000000077,24.65,equatorial
9.87,24.24,25.96,23.34,93.13,12.39,2.54,3.28,0.94,0.9,2016-08-13,Kribi,2016,8,226,32,61.260000000000005,143.69,242.89000000000001,862.17,1.497876780580214,-0.28300000000000125,24.65,equatorial
8.27,24.15,25.69,23.31,94.36,12.11,2.19,2.48,0.95,0.9,2016-08-14,Kribi,2016,8,227,32,45.35,148.26000000000002,248.13,868.07,1.5160745745590969,-0.3450000000000024,24.65,equatorial
11.04,24.46,26.63,23.06,90.69,2.07,2.31,3.75,0.95,0.9,2016-08-15,Kribi,2016,8,228,33,37.49,138.92000000000002,245.87,840.0100000000001,1.4059160779868356,-0.026333333333333542,24.65,equatorial
9.17,24.67,27.56,23.18,91.13,12.56,2.34,4.35,0.95,0.91,2016-08-16,Kribi,2016,8,229,33,48.709999999999994,142.15,256.28000000000003,848.92,1.4360237300743737,0.19500000000000028,24.67,equatorial
10.68,24.68,27.15,23.26,91.56,9.63,2.44,4.35,0.95,0.9,2016-08-17,Kribi,2016,8,230,33,54.93,141.7,261.37,852.4399999999999,1.4456045568212774,0.2046666666666681,24.68,equatorial
15.1,24.36,25.71,23.5,92.99,4.07,2.28,2.84,0.95,0.9,2016-08-18,Kribi,2016,8,231,33,56.410000000000004,133.67,254.99,844.71,1.4127459625575443,-0.10366666666666902,24.68,equatorial
5.12,24.68,27.38,23.24,91.13,25.88,2.44,4.88,0.95,0.92,2016-08-19,Kribi,2016,8,232,33,78.71000000000001,144.35999999999999,274.55,861.6500000000001,1.4729571217088386,0.22533333333333516,24.68,equatorial
15.48,24.42,26.62,23.16,91.77,6.37,2.35,3.99,0.96,0.91,2016-08-20,Kribi,2016,8,233,33,72.69,133.95,277.3,854.2,1.441053669738425,-0.00966666666666427,24.68,equatorial
18.18,24.71,27.32,23.15,91.13,5.82,2.2,4.3,0.95,0.91,2016-08-21,Kribi,2016,8,234,33,66.4,111.75,276.66,850.36,1.4229335328745438,0.288333333333334,24.71,equatorial
19.81,24.97,27.63,23.43,90.66,7.32,2.46,5.17,0.95,0.91,2016-08-22,Kribi,2016,8,235,34,71.65,109.14,270.79,856.4300000000001,1.4421352462667816,0.5286666666666662,24.97,equatorial
19.22,24.88,27.62,23.35,91.23,10.22,2.6,5.04,0.95,0.91,2016-08-23,Kribi,2016,8,236,34,69.31,118.02,278.23,860.4000000000001,1.4533319241074396,0.418333333333333,24.97,equatorial
12.89,24.18,25.54,23.41,94.12,13.4,2.37,2.82,0.95,0.91,2016-08-24,Kribi,2016,8,237,34,73.08,128.01,271.65,860.6700000000001,1.450592767463358,-0.2826666666666675,24.97,equatorial
3.47,24.07,25.31,23.22,94.87,9.65,2.09,2.12,0.96,0.91,2016-08-25,Kribi,2016,8,238,34,78.66,135.07,278.26,862.94,1.4553605860520373,-0.39933333333333465,24.97,equatorial
8.91,24.24,26.1,23.04,91.94,11.46,1.93,3.12,0.96,0.92,2016-08-26,Kribi,2016,8,239,34,64.24000000000001,142.95,287.37,863.2800000000001,1.4528813949696675,-0.2170000000000023,24.97,equatorial
15.46,24.62,27.23,23.13,89.85,4.83,1.95,3.88,0.96,0.91,2016-08-27,Kribi,2016,8,240,34,62.7,135.39000000000001,289.05,852.98,1.4106687826508058,0.16366666666666418,24.97,equatorial
8.15,24.7,27.52,22.85,87.81,8.26,1.98,5.25,0.96,0.92,2016-08-28,Kribi,2016,8,241,34,65.14,131.54,295.15,851.74,1.4025639162372752,0.22833333333333172,24.97,equatorial
11.68,23.68,25.23,22.82,92.18,5.14,1.93,2.81,0.96,0.91,2016-08-29,Kribi,2016,8,242,35,62.96,134.61,292.47999999999996,854.9799999999999,1.4112290120209792,-0.7669999999999995,24.88,equatorial
13.63,24.85,28.01,22.74,87.88,2.27,1.61,3.84,0.96,0.91,2016-08-30,Kribi,2016,8,243,35,55.01,124.32000000000001,287.21000000000004,848.61,1.3840143625927577,0.3979999999999997,24.85,equatorial
12.57,24.58,26.32,23.44,93.08,10.87,2.14,2.98,0.96,0.91,2016-08-31,Kribi,2016,8,244,35,52.48,125.56,286.67,846.25,1.371913315466153,0.12833333333333385,24.85,equatorial
16.64,25.1,27.65,23.77,90.71,6.95,2.03,4.35,0.96,0.91,2016-09-01,Kribi,2016,9,245,35,49.78,128.44,284.29,846.78,1.370650170313814,0.6196666666666708,25.1,equatorial
10.69,24.99,27.07,23.48,91.5,5.79,2.37,3.89,0.95,0.91,2016-09-02,Kribi,2016,9,246,35,44.11,108.35000000000001,280.0,846.6099999999999,1.3667932989963134,0.4906666666666659,25.1,equatorial
14.81,24.7,26.01,23.8,93.14,5.83,2.03,2.68,0.95,0.91,2016-09-03,Kribi,2016,9,247,35,45.11,107.81,273.73,842.31,1.3476061186552966,0.20033333333333303,25.1,equatorial
15.42,25.03,27.51,23.56,91.19,9.26,2.54,4.84,0.95,0.91,2016-09-04,Kribi,2016,9,248,35,46.11,111.25,267.8,847.1,1.362314235863455,0.5100000000000016,25.1,equatorial
18.78,24.66,26.89,23.57,92.37,14.66,2.71,4.36,0.96,0.91,2016-09-05,Kribi,2016,9,249,36,55.63,118.59,265.68,857.0899999999999,1.3962406757227597,0.13300000000000267,25.1,equatorial
15.8,25.15,27.75,23.49,89.13,9.79,1.49,3.81,0.96,0.92,2016-09-06,Kribi,2016,9,250,36,63.15,118.16,247.45,862.99,1.4147818474732723,0.5909999999999975,25.15,equatorial
14.38,25.12,27.86,23.74,91.57,5.17,2.13,4.13,0.96,0.91,2016-09-07,Kribi,2016,9,251,36,57.45,109.92999999999999,242.69,863.47,1.4131189252478136,0.5313333333333361,25.15,equatorial
19.67,25.07,27.54,23.76,91.42,4.86,2.51,4.56,0.96,0.9,2016-09-08,Kribi,2016,9,252,36,55.36,105.14,246.20999999999998,864.35,1.4129507722749783,0.4673333333333325,25.15,equatorial
9.72,24.72,26.59,23.69,92.88,7.09,2.26,3.48,0.95,0.91,2016-09-09,Kribi,2016,9,253,36,56.66,100.77,249.89,833.97,1.2970785413288304,0.11333333333332973,25.15,equatorial
15.37,25.03,27.59,23.56,91.53,6.0,2.34,4.43,0.95,0.9,2016-09-10,Kribi,2016,9,254,36,56.83,101.94,253.3,779.5500000000001,1.0927470384663316,0.39566666666666706,25.15,equatorial
11.0,24.84,27.2,23.72,92.32,8.61,2.63,4.35,0.95,0.91,2016-09-11,Kribi,2016,9,255,36,56.17999999999999,102.28999999999999,258.33,783.5300000000001,1.1055594188714906,0.18833333333333258,25.15,equatorial
8.01,24.18,25.07,23.51,95.19,18.88,2.48,2.32,0.96,0.92,2016-09-12,Kribi,2016,9,256,37,60.4,116.03,264.82,798.75,1.159946461136186,-0.4696666666666687,25.15,equatorial
12.4,24.27,25.95,23.25,92.59,18.65,1.95,3.19,0.97,0.92,2016-09-13,Kribi,2016,9,257,37,69.25999999999999,132.41,271.36,800.44,1.1640173672383254,-0.3836666666666666,25.12,equatorial
17.24,25.4,28.68,23.54,85.49,0.96,1.62,5.13,0.97,0.92,2016-09-14,Kribi,2016,9,258,37,65.05,122.49999999999999,270.25,789.26,1.1204424315046804,0.7149999999999999,25.4,equatorial
12.91,24.57,26.11,23.69,93.35,9.19,2.29,2.85,0.96,0.92,2016-09-15,Kribi,2016,9,259,37,69.38,124.74000000000001,266.88,797.85,1.150205789486144,-0.11166666666666814,25.4,equatorial
9.39,24.51,26.01,23.52,93.73,4.76,2.21,2.61,0.96,0.92,2016-09-16,Kribi,2016,9,260,37,67.05,123.71,262.01,788.59,1.113812831765335,-0.16599999999999682,25.4,equatorial
21.07,24.95,27.65,23.33,90.21,6.19,2.42,5.27,0.96,0.92,2016-09-17,Kribi,2016,9,261,37,67.24,124.07,264.13,781.25,1.0846672908715596,0.2543333333333315,25.4,equatorial
19.33,24.69,26.51,23.5,91.93,7.48,2.22,3.57,0.96,0.91,2016-09-18,Kribi,2016,9,262,37,66.11,122.28999999999999,245.73,777.82,1.0700974644636443,-0.006000000000000227,25.4,equatorial
16.9,24.68,26.23,23.5,92.6,6.65,2.16,3.24,0.96,0.91,2016-09-19,Kribi,2016,9,263,38,53.879999999999995,114.28,246.01,780.64,1.078702680659569,-0.024666666666671944,25.4,equatorial
14.93,24.87,26.83,23.71,92.91,11.87,2.25,3.54,0.96,0.92,2016-09-20,Kribi,2016,9,264,38,47.099999999999994,116.36,252.06,785.8100000000001,1.0959693210136032,0.16000000000000014,25.4,equatorial
15.0,25.05,27.29,23.68,90.87,10.49,2.23,4.46,0.96,0.92,2016-09-21,Kribi,2016,9,265,38,56.629999999999995,121.68,255.23,778.1500000000001,1.0657308462960753,0.3373333333333335,25.05,equatorial
18.48,24.93,27.12,23.66,91.25,7.16,1.94,3.49,0.96,0.92,2016-09-22,Kribi,2016,9,266,38,54.6,123.98,252.17,745.78,0.9441967271287603,0.21566666666666734,25.05,equatorial
9.96,25.33,27.91,23.76,89.76,5.4,2.0,4.58,0.96,0.91,2016-09-23,Kribi,2016,9,267,38,55.24,122.28999999999999,244.17,740.31,0.9225435442311631,0.5773333333333319,25.33,equatorial
4.41,24.59,25.8,23.73,94.39,7.58,2.06,2.52,0.96,0.91,2016-09-24,Kribi,2016,9,268,38,56.629999999999995,123.87,242.1,743.27,0.9321505155820885,-0.17999999999999972,25.33,equatorial
6.12,24.61,26.35,23.5,93.49,15.09,2.27,3.22,0.97,0.92,2016-09-25,Kribi,2016,9,269,38,64.24,130.35,245.73,753.8499999999999,0.9699339612794636,-0.17233333333333434,25.33,equatorial
17.51,24.52,26.06,23.63,91.25,6.91,1.77,3.16,0.97,0.92,2016-09-26,Kribi,2016,9,270,39,64.5,118.38000000000001,247.81,757.95,0.9836258598093279,-0.25900000000000034,25.33,equatorial
9.89,25.24,28.26,23.43,89.22,4.26,2.04,4.75,0.97,0.92,2016-09-27,Kribi,2016,9,271,39,56.89,103.99,243.81,756.52,0.9768134601812183,0.4429999999999943,25.33,equatorial
22.04,25.53,28.27,23.77,89.59,2.81,1.83,4.01,0.96,0.91,2016-09-28,Kribi,2016,9,272,39,49.21,105.84,241.48,750.76,0.9539975179501825,0.6713333333333331,25.53,equatorial
20.51,26.28,29.59,24.26,88.51,3.45,1.63,5.22,0.96,0.91,2016-09-29,Kribi,2016,9,273,39,45.5,100.10000000000001,242.66,746.96,0.9385037723582175,1.3736666666666686,26.28,equatorial
4.8,25.27,26.67,24.39,93.95,6.53,1.93,2.56,0.96,0.91,2016-09-30,Kribi,2016,9,274,39,46.63,101.87,238.32,749.6899999999999,0.9472306016181231,0.34066666666666734,26.28,equatorial
19.51,25.15,27.11,24.04,91.9,5.26,2.14,3.76,0.96,0.91,2016-10-01,Kribi,2016,10,275,39,44.31,100.94,236.63,750.52,0.9489006433320167,0.21899999999999764,26.28,equatorial
10.33,25.07,27.12,23.96,92.06,4.17,2.02,2.96,0.95,0.9,2016-10-02,Kribi,2016,10,276,39,33.39,97.63,235.01,746.0500000000001,0.9309433321678855,0.13633333333333297,26.28,equatorial
17.02,25.79,28.39,24.07,87.92,3.65,1.78,4.23,0.95,0.9,2016-10-03,Kribi,2016,10,277,40,30.130000000000003,94.63,232.82999999999998,739.36,0.9048138460469596,0.8200000000000038,26.28,equatorial
6.82,25.55,27.54,24.29,91.45,3.36,2.53,3.9,0.95,0.9,2016-10-04,Kribi,2016,10,278,40,29.23,86.12,226.93,736.74,0.8938295553777997,0.5626666666666686,26.28,equatorial
20.61,24.93,25.74,24.21,94.86,4.98,2.41,2.06,0.95,0.9,2016-10-05,Kribi,2016,10,279,40,31.400000000000002,80.61,217.25,739.13,0.9014371176210957,-0.06633333333333269,26.28,equatorial
22.42,25.77,28.58,24.08,87.07,2.91,1.93,5.39,0.95,0.9,2016-10-06,Kribi,2016,10,280,40,30.86,76.36,210.37,738.8000000000001,0.8989485753473808,0.7530000000000001,25.79,equatorial
15.31,25.53,27.95,24.05,90.09,2.55,2.36,4.03,0.94,0.89,2016-10-07,Kribi,2016,10,281,40,26.88,73.51,207.75,737.14,0.891539131900551,0.4993333333333325,25.79,equatorial
14.63,25.37,27.36,24.15,92.17,3.78,2.26,3.44,0.93,0.89,2016-10-08,Kribi,2016,10,282,40,25.4,69.71,206.67000000000002,727.8,0.8556787714222635,0.32933333333333437,25.79,equatorial
5.24,25.49,27.2,24.47,92.75,4.61,1.81,2.6,0.93,0.89,2016-10-09,Kribi,2016,10,283,40,25.839999999999996,59.23,204.19,715.4599999999999,0.8087727459319718,0.42366666666666575,25.79,equatorial
16.59,25.16,26.47,24.35,93.93,3.43,2.11,2.38,0.93,0.89,2016-10-10,Kribi,2016,10,284,41,25.62,55.75,201.62,703.59,0.7637031402619167,0.08933333333333238,25.77,equatorial
8.31,26.46,30.39,24.18,87.73,6.7,1.81,6.5,0.93,0.89,2016-10-11,Kribi,2016,10,285,41,28.96,58.19,199.70999999999998,698.77,0.7448828456342038,1.3353333333333381,26.46,equatorial
20.92,25.95,28.71,24.43,88.51,1.9,1.84,3.92,0.93,0.88,2016-10-12,Kribi,2016,10,286,41,25.88,57.28,182.73,690.44,0.713061311710789,0.766333333333332,26.46,equatorial
15.46,25.59,27.59,24.47,91.06,18.53,2.12,4.22,0.94,0.9,2016-10-13,Kribi,2016,10,287,41,41.5,72.36,182.60999999999999,702.1,0.7555509659472238,0.36233333333333206,26.46,equatorial
10.66,25.8,28.19,24.38,88.9,6.55,1.62,3.56,0.94,0.89,2016-10-14,Kribi,2016,10,288,41,45.5,72.38,188.20000000000002,704.3199999999999,0.7628915923361899,0.559000000000001,26.46,equatorial
6.73,25.76,27.9,24.47,89.85,12.0,1.41,5.1,0.94,0.9,2016-10-15,Kribi,2016,10,289,41,53.72,79.12,191.01000000000002,714.17,0.7985778578651885,0.4793333333333365,26.46,equatorial
8.71,24.76,26.43,23.87,92.43,12.68,1.96,3.23,0.95,0.9,2016-10-16,Kribi,2016,10,290,41,61.790000000000006,87.63000000000001,198.92999999999998,722.3100000000001,0.8278380498370892,-0.5289999999999964,26.46,equatorial
23.79,25.61,28.28,23.68,88.83,5.8,1.86,4.32,0.95,0.9,2016-10-17,Kribi,2016,10,291,42,64.16,89.78,198.54,717.66,0.8094866293573466,0.29900000000000304,26.46,equatorial
4.86,25.26,27.41,23.94,93.31,17.61,2.39,3.41,0.96,0.91,2016-10-18,Kribi,2016,10,292,42,75.07,104.03,208.67000000000002,728.95,0.850453340046698,-0.06999999999999673,25.95,equatorial
20.66,25.28,27.56,23.69,87.78,10.46,1.52,3.62,0.96,0.91,2016-10-19,Kribi,2016,10,293,42,83.63,109.50999999999999,212.48,735.7900000000001,0.8747795804152563,-0.07000000000000028,25.8,equatorial
21.47,26.0,29.07,24.06,87.11,15.67,1.82,5.37,0.96,0.92,2016-10-20,Kribi,2016,10,294,42,80.77,122.27,216.28,745.0,0.9078646141006907,0.6123333333333321,26.0,equatorial
7.5,26.38,29.84,24.36,86.67,19.85,1.77,4.92,0.97,0.93,2016-10-21,Kribi,2016,10,295,42,94.07,139.57,225.64000000000001,751.6600000000001,0.9313826659119101,0.9479999999999968,26.38,equatorial
17.63,26.31,29.47,24.72,87.82,11.73,1.67,4.73,0.97,0.92,2016-10-22,Kribi,2016,10,296,42,93.8,147.52,230.21,760.61,0.9633569106684305,0.8319999999999972,26.38,equatorial
10.93,25.76,27.95,24.34,90.19,18.84,1.71,3.66,0.98,0.93,2016-10-23,Kribi,2016,10,297,42,99.96000000000001,161.75,243.65,759.4699999999999,0.9577148940764028,0.2676666666666705,26.38,equatorial
14.9,26.38,29.44,24.49,88.44,14.79,1.39,4.07,0.98,0.93,2016-10-24,Kribi,2016,10,298,43,108.95000000000002,173.11,250.86,771.22,1.0000339731824037,0.8279999999999994,26.38,equatorial
8.62,25.77,27.65,24.75,93.94,19.89,2.0,2.84,0.98,0.94,2016-10-25,Kribi,2016,10,299,43,111.22999999999999,186.3,255.66,788.76,1.0637514644020474,0.1793333333333358,26.38,equatorial
4.73,25.69,27.27,24.4,91.51,14.62,1.54,2.11,0.99,0.95,2016-10-26,Kribi,2016,10,300,43,115.39,199.01999999999998,263.37,800.23,1.1046844337953605,0.060333333333336014,26.38,equatorial
19.96,26.11,29.71,23.92,85.58,10.66,1.36,4.91,0.99,0.95,2016-10-27,Kribi,2016,10,301,43,110.38,191.15,269.77,808.73,1.134430227976893,0.45133333333333425,26.38,equatorial
17.53,25.73,27.87,24.47,89.67,16.66,1.47,3.21,0.99,0.95,2016-10-28,Kribi,2016,10,302,43,107.19,201.26,283.62,817.5799999999999,1.1653612925110293,0.06466666666666754,26.38,equatorial
18.53,25.75,28.28,24.1,88.24,12.06,1.58,3.57,0.99,0.95,2016-10-29,Kribi,2016,10,303,43,107.52,201.32,292.23,822.1,1.1800898118995633,0.1023333333333305,26.38,equatorial
12.65,26.54,28.83,24.52,85.4,8.16,1.21,3.61,0.99,0.95,2016-10-30,Kribi,2016,10,304,43,96.84,196.8,293.86,818.85,1.1659172967631612,0.8499999999999979,26.54,equatorial
21.18,26.6,29.76,24.76,86.5,11.88,1.44,4.76,0.98,0.95,2016-10-31,Kribi,2016,10,305,44,93.93,202.88000000000002,300.48,821.4,1.1733297988975788,0.8616666666666681,26.6,equatorial
2.61,25.7,27.94,24.43,90.44,20.11,1.52,2.48,0.99,0.95,2016-11-01,Kribi,2016,11,306,44,94.14999999999999,205.38,316.41999999999996,831.43,1.2084621630255694,-0.05933333333333479,26.6,equatorial
22.65,25.93,29.06,24.13,87.29,6.36,1.58,4.35,0.99,0.95,2016-11-02,Kribi,2016,11,307,44,85.89,201.28,319.13,825.69,1.1849662069167042,0.16599999999999682,26.6,equatorial
5.44,25.11,27.15,23.9,91.55,9.37,1.89,3.51,0.99,0.95,2016-11-03,Kribi,2016,11,308,44,84.60000000000001,194.98000000000002,325.14,819.87,1.1612728804439902,-0.6393333333333331,26.6,equatorial
22.6,26.06,28.92,23.74,85.4,0.69,1.31,3.45,0.98,0.94,2016-11-04,Kribi,2016,11,309,44,68.63,175.82,320.85,803.78,1.0995968096713347,0.2729999999999997,26.6,equatorial
16.25,26.24,29.55,24.47,88.65,3.88,1.8,4.81,0.98,0.93,2016-11-05,Kribi,2016,11,310,44,60.449999999999996,167.97,321.82,779.64,1.0082787187017812,0.43733333333333135,26.6,equatorial
7.69,25.5,27.02,24.54,92.72,4.85,1.69,2.21,0.98,0.93,2016-11-06,Kribi,2016,11,311,44,57.14,153.98,324.12,774.56,0.9879326895548595,-0.30166666666666586,26.6,equatorial
11.81,25.41,27.39,24.37,91.72,6.8,1.85,3.05,0.98,0.93,2016-11-07,Kribi,2016,11,312,45,52.06,145.99,327.14000000000004,780.0200000000001,1.0067452053864168,-0.39299999999999713,26.24,equatorial
21.56,26.19,29.32,24.35,86.85,1.75,1.31,3.28,0.97,0.93,2016-11-08,Kribi,2016,11,313,45,33.7,127.85,324.28000000000003,778.36,0.9990940055499479,0.3636666666666706,26.24,equatorial
19.46,27.06,30.05,25.32,86.96,2.24,1.51,4.56,0.97,0.92,2016-11-09,Kribi,2016,11,314,45,29.580000000000002,115.47,323.09,778.01,0.9963267200256944,1.1703333333333354,27.06,equatorial
11.59,26.21,27.78,25.13,91.69,4.62,1.6,3.15,0.97,0.92,2016-11-10,Kribi,2016,11,315,45,24.83,109.42999999999999,321.01,779.05,0.9987257576301968,0.3286666666666669,27.06,equatorial
15.88,25.72,28.17,24.42,91.02,4.49,2.4,3.96,0.96,0.92,2016-11-11,Kribi,2016,11,316,45,28.63,97.26,323.59999999999997,771.15,0.9679558677049114,-0.15366666666666973,27.06,equatorial
14.57,25.02,26.73,23.85,90.71,1.2,2.25,2.86,0.96,0.91,2016-11-12,Kribi,2016,11,317,45,25.95,86.4,306.27,760.24,0.92610171374517,-0.8346666666666671,27.06,equatorial
17.8,26.57,29.74,24.53,83.77,0.31,1.21,4.1,0.96,0.9,2016-11-13,Kribi,2016,11,318,45,21.410000000000004,78.55,300.03,758.4799999999999,0.9183114504965029,0.6896666666666675,27.06,equatorial
20.49,26.39,29.33,24.67,88.37,1.38,1.74,3.56,0.95,0.9,2016-11-14,Kribi,2016,11,319,46,15.990000000000002,68.05,289.40999999999997,747.3,0.8755747347016539,0.4886666666666635,27.06,equatorial
11.78,26.23,28.59,24.79,90.29,2.02,1.8,2.82,0.95,0.9,2016-11-15,Kribi,2016,11,320,46,16.26,49.96,278.75,739.69,0.8461892348053102,0.2796666666666674,27.06,equatorial
15.99,26.26,28.89,24.62,89.02,0.75,1.77,3.19,0.94,0.89,2016-11-16,Kribi,2016,11,321,46,14.77,44.35,273.70000000000005,736.37,0.8328002691498821,0.28800000000000026,26.57,equatorial
17.43,25.83,28.3,24.38,89.69,6.66,2.36,4.21,0.94,0.89,2016-11-17,Kribi,2016,11,322,46,16.810000000000002,41.64,262.75,717.15,0.7603596071416152,-0.16100000000000136,26.57,equatorial
20.22,26.72,29.89,24.85,86.83,6.03,1.59,4.32,0.94,0.89,2016-11-18,Kribi,2016,11,323,46,18.35,46.98,258.32,716.81,0.7582242408256604,0.6810000000000009,26.72,equatorial
10.59,26.22,28.2,24.91,90.94,6.98,1.62,3.27,0.94,0.89,2016-11-19,Kribi,2016,11,324,46,24.130000000000003,50.080000000000005,249.63,717.97,0.7616716222683025,0.17366666666666575,26.72,equatorial
14.69,26.61,29.28,25.07,89.66,11.3,1.74,3.57,0.94,0.9,2016-11-20,Kribi,2016,11,325,46,35.120000000000005,56.53,241.08,721.9499999999999,0.7756035402628503,0.5560000000000009,26.72,equatorial
12.78,25.85,27.54,24.95,93.11,9.49,1.74,2.37,0.95,0.9,2016-11-21,Kribi,2016,11,326,47,43.230000000000004,59.22,238.84,721.2199999999999,0.7719893434038476,-0.18866666666666276,26.72,equatorial
19.26,26.9,30.18,24.88,85.16,0.82,1.31,4.91,0.95,0.89,2016-11-22,Kribi,2016,11,327,47,42.03,58.29,220.82000000000002,708.64,0.7242781496446096,0.8233333333333306,26.9,equatorial
21.38,27.12,30.23,25.16,85.74,2.07,1.44,3.58,0.94,0.89,2016-11-23,Kribi,2016,11,328,47,43.35,58.120000000000005,208.10000000000002,701.06,0.6952567364772362,1.0186666666666682,27.12,equatorial
16.69,27.24,30.58,25.41,86.47,2.58,1.73,4.23,0.93,0.88,2016-11-24,Kribi,2016,11,329,47,39.269999999999996,56.08,190.79,692.18,0.6614326614590916,1.0896666666666661,27.24,equatorial
18.73,26.64,28.96,25.33,90.47,2.78,2.05,3.51,0.93,0.88,2016-11-25,Kribi,2016,11,330,47,36.02,54.370000000000005,178.95,690.13,0.6531084407061375,0.4579999999999984,27.24,equatorial
18.05,26.5,28.65,25.18,91.33,3.18,2.04,2.83,0.93,0.88,2016-11-26,Kribi,2016,11,331,47,32.22,56.35,171.47,685.0500000000001,0.6334970585480559,0.3049999999999997,27.24,equatorial
18.89,26.54,28.64,25.31,91.34,3.83,2.22,2.72,0.93,0.88,2016-11-27,Kribi,2016,11,332,47,24.75,59.870000000000005,158.64000000000001,683.74,0.6279736054654357,0.3180000000000014,27.24,equatorial
10.49,25.44,26.69,24.85,94.28,39.06,2.25,2.28,0.94,0.92,2016-11-28,Kribi,2016,11,333,48,54.32,97.55000000000001,185.64,720.53,0.7646288943440493,-0.7716666666666612,27.24,equatorial
18.33,26.53,29.55,24.74,86.6,1.33,1.95,4.09,0.96,0.9,2016-11-29,Kribi,2016,11,334,48,54.83,96.86,178.81,710.99,0.7281588950377779,0.3186666666666653,27.24,equatorial
18.21,26.37,28.9,24.73,89.22,1.41,2.14,3.56,0.95,0.9,2016-11-30,Kribi,2016,11,335,48,54.17,97.52000000000001,168.34,705.45,0.7066790242455416,0.1663333333333341,27.24,equatorial
13.93,25.91,26.97,25.25,92.97,2.19,1.96,1.59,0.95,0.9,2016-12-01,Kribi,2016,12,336,48,53.78,93.05000000000001,150.42,701.85,0.6924769782969674,-0.3006666666666682,26.64,equatorial
20.44,26.42,28.81,24.79,88.94,0.36,1.8,2.73,0.94,0.89,2016-12-02,Kribi,2016,12,337,48,51.36,87.38000000000001,144.42000000000002,696.38,0.6713073969438236,0.19300000000000495,26.54,equatorial
17.44,26.22,27.79,25.24,91.0,0.53,1.97,1.92,0.94,0.89,2016-12-03,Kribi,2016,12,338,48,48.71,80.93,135.58,687.65,0.6379775030927007,-0.04400000000000048,26.54,equatorial
5.52,25.58,26.69,24.67,94.28,1.48,2.06,1.51,0.94,0.89,2016-12-04,Kribi,2016,12,339,48,46.36,71.11,136.37,674.47,0.5880395613932439,-0.6680000000000028,26.53,equatorial
19.74,26.06,28.06,24.58,88.55,0.32,1.74,2.49,0.93,0.88,2016-12-05,Kribi,2016,12,340,49,7.62,61.940000000000005,132.81,665.0,0.5520349899055057,-0.18200000000000216,26.53,equatorial
15.23,25.83,27.15,25.11,91.1,0.54,2.28,1.94,0.93,0.88,2016-12-06,Kribi,2016,12,341,49,6.83,61.660000000000004,128.5,660.37,0.5341866877417947,-0.4230000000000018,26.42,equatorial
18.06,25.47,27.16,24.51,90.55,4.97,2.29,2.99,0.93,0.88,2016-12-07,Kribi,2016,12,342,49,10.39,64.56,126.67,660.48,0.534113608426598,-0.7850000000000001,26.42,equatorial
9.71,25.28,26.58,24.58,92.64,5.21,2.13,2.26,0.93,0.88,2016-12-08,Kribi,2016,12,343,49,13.41,67.19000000000001,130.13,658.6,0.5265815066007118,-0.9446666666666665,26.42,equatorial
20.76,26.02,28.43,24.35,89.4,1.06,1.78,2.65,0.93,0.88,2016-12-09,Kribi,2016,12,344,49,14.110000000000001,65.47000000000001,128.95,653.66,0.507578646031199,-0.1700000000000017,26.22,equatorial
19.59,25.98,27.68,24.86,91.34,3.31,1.8,2.12,0.93,0.88,2016-12-10,Kribi,2016,12,345,49,16.89,65.60000000000001,127.64,648.36,0.48723897076119693,-0.20233333333333547,26.06,equatorial
17.32,26.73,29.62,25.11,86.92,3.12,1.73,3.5,0.93,0.88,2016-12-11,Kribi,2016,12,346,49,18.53,64.89000000000001,126.27,632.6,0.4276326235414628,0.5139999999999993,26.73,equatorial
17.2,26.04,27.76,25.11,90.99,1.72,2.12,2.16,0.92,0.88,2016-12-12,Kribi,2016,12,347,50,19.93,27.550000000000008,126.78999999999999,615.67,0.36365757925373937,-0.21000000000000085,26.73,equatorial
18.71,26.47,29.18,24.64,87.32,0.7,1.84,3.08,0.92,0.87,2016-12-13,Kribi,2016,12,348,50,20.09,26.920000000000005,127.18,615.41,0.3623913978523994,0.22333333333332916,26.73,equatorial
18.55,26.21,28.13,25.07,90.38,0.56,2.0,2.27,0.91,0.87,2016-12-14,Kribi,2016,12,349,50,15.680000000000001,26.070000000000007,126.36,606.78,0.32963219690163637,-0.030666666666661513,26.73,equatorial
19.19,26.41,29.03,24.79,86.16,0.59,2.01,3.53,0.91,0.86,2016-12-15,Kribi,2016,12,350,50,11.06,24.470000000000006,124.93,602.61,0.3136759117686451,0.16333333333333044,26.73,equatorial
11.77,26.45,29.03,25.04,85.15,1.26,1.65,2.89,0.9,0.86,2016-12-16,Kribi,2016,12,351,50,11.26,25.370000000000008,125.44,597.68,0.2948608314456418,0.19700000000000273,26.73,equatorial
18.97,26.94,30.66,24.49,84.07,0.11,1.58,3.77,0.9,0.86,2016-12-17,Kribi,2016,12,352,50,8.06,24.950000000000006,118.89,590.31,0.2668511065812805,0.6499999999999986,26.94,equatorial
17.8,27.17,30.48,25.41,85.46,0.13,1.74,3.52,0.89,0.85,2016-12-18,Kribi,2016,12,353,50,5.07,23.600000000000005,112.99000000000001,583.79,0.24205375901692247,0.865000000000002,27.17,equatorial
19.29,27.17,30.83,24.87,84.58,0.14,1.81,4.43,0.89,0.85,2016-12-19,Kribi,2016,12,354,51,3.49,23.420000000000005,106.15,572.06,0.19759048482321348,0.8333333333333393,27.17,equatorial
19.26,27.15,30.23,25.49,84.4,0.04,1.35,3.4,0.88,0.84,2016-12-20,Kribi,2016,12,355,51,2.83,22.92000000000001,94.89,561.61,0.15796743640208194,0.7953333333333319,27.17,equatorial
19.48,27.46,30.84,25.52,84.28,0.06,1.5,3.74,0.87,0.84,2016-12-21,Kribi,2016,12,356,51,2.33,18.01000000000001,85.46,554.51,0.13101227825478967,1.0516666666666659,27.46,equatorial
17.69,27.63,31.2,25.6,85.13,1.65,1.85,4.68,0.87,0.84,2016-12-22,Kribi,2016,12,357,51,3.39,14.450000000000006,86.29,550.76,0.11673258473389041,1.1973333333333365,27.63,equatorial
16.11,27.09,29.94,25.85,88.96,1.78,2.14,3.09,0.86,0.84,2016-12-23,Kribi,2016,12,358,51,3.91,15.170000000000007,85.99999999999999,544.9599999999999,0.09469226858756828,0.658333333333335,27.63,equatorial
17.67,26.71,29.05,25.47,89.29,1.56,2.1,2.89,0.86,0.83,2016-12-24,Kribi,2016,12,359,51,5.36,13.420000000000007,84.97999999999999,531.4300000000001,0.0433664022293257,0.2959999999999994,27.63,equatorial
19.31,26.69,29.17,25.43,88.58,1.45,2.06,3.21,0.86,0.83,2016-12-25,Kribi,2016,12,360,51,6.68,11.750000000000007,83.64999999999999,525.97,0.022636155666657908,0.2743333333333382,27.63,equatorial
15.89,26.05,27.65,24.54,92.17,2.64,2.33,2.0,0.86,0.83,2016-12-26,Kribi,2016,12,361,52,9.18,12.670000000000007,83.11,524.35,0.01647446385633681,-0.35066666666666535,27.63,equatorial
11.48,26.21,29.3,24.04,84.06,4.36,1.57,3.04,0.86,0.84,2016-12-27,Kribi,2016,12,362,52,13.5,16.330000000000005,83.64,525.9000000000001,0.022347743994384037,-0.17966666666666242,27.63,equatorial
15.7,26.97,30.09,25.35,84.24,6.14,1.27,3.96,0.86,0.84,2016-12-28,Kribi,2016,12,363,52,19.58,21.910000000000007,50.72,528.59,0.03255207403129375,0.5293333333333301,27.63,equatorial
13.49,26.5,28.95,25.19,88.89,6.25,1.52,2.85,0.86,0.84,2016-12-29,Kribi,2016,12,364,52,24.18,27.570000000000007,55.64,528.3100000000001,0.031465257312171716,0.060333333333336014,27.09,equatorial
15.83,26.69,29.81,24.65,87.99,5.54,1.69,4.05,0.86,0.84,2016-12-30,Kribi,2016,12,365,52,27.94,31.85000000000001,59.769999999999996,528.59,0.032508928298475966,0.23966666666666825,26.97,equatorial
17.69,26.7,29.95,24.88,86.38,5.99,1.9,4.05,0.86,0.84,2016-12-31,Kribi,2016,12,366,52,32.370000000000005,37.730000000000004,63.57,530.41,0.03941538407962644,0.22333333333333272,26.97,equatorial
18.3,27.19,30.87,25.01,83.96,0.38,1.7,4.56,0.86,0.83,2017-01-01,Kribi,2017,1,1,52,31.3,37.98000000000001,63.59,527.14,0.026931103952532152,0.6876666666666651,27.19,equatorial
17.57,27.24,30.85,25.27,83.88,0.24,1.45,3.86,0.85,0.82,2017-01-02,Kribi,2017,1,2,1,28.900000000000002,38.08000000000001,63.3,524.02,0.015018674314578184,0.7036666666666633,27.24,equatorial
17.76,27.21,30.48,25.12,83.78,0.21,1.44,4.05,0.84,0.82,2017-01-03,Kribi,2017,1,3,1,24.75,38.25,62.03,519.2500000000001,-0.003188205503009532,0.6193333333333371,27.24,equatorial
15.13,26.79,29.77,25.19,87.28,0.4,2.14,3.88,0.84,0.82,2017-01-04,Kribi,2017,1,4,1,19.009999999999998,38.59000000000001,62.11,516.74,-0.012767765923143654,0.17499999999999716,27.24,equatorial
17.18,26.74,29.62,25.12,85.61,0.28,2.17,4.11,0.83,0.81,2017-01-05,Kribi,2017,1,5,1,13.040000000000001,37.22000000000001,61.85,514.47,-0.021430557625197792,0.09466666666666512,27.24,equatorial
18.86,26.53,29.06,25.21,88.46,1.24,2.31,3.24,0.83,0.81,2017-01-06,Kribi,2017,1,6,1,8.74,36.68000000000001,58.12,511.93,-0.03112549696027066,-0.1506666666666696,27.24,equatorial
14.09,26.58,29.39,24.94,87.54,1.4,2.28,3.76,0.82,0.81,2017-01-07,Kribi,2017,1,7,1,4.15,36.52,54.309999999999995,508.71999999999997,-0.04338337014409568,-0.1440000000000019,27.24,equatorial
19.52,26.92,29.61,25.2,84.95,1.3,1.67,3.11,0.82,0.81,2017-01-08,Kribi,2017,1,8,1,5.07,36.37000000000001,54.550000000000004,506.59000000000003,-0.051507229144401895,0.16600000000000037,27.24,equatorial
19.54,27.03,30.79,24.7,82.83,1.19,1.93,4.35,0.82,0.8,2017-01-09,Kribi,2017,1,9,2,6.02,34.92000000000001,52.43,501.08,-0.0725778234042893,0.2410000000000032,27.21,equatorial
19.9,26.38,28.6,24.85,86.61,1.57,2.18,3.31,0.81,0.8,2017-01-10,Kribi,2017,1,10,2,7.38,32.13000000000001,50.88,500.75,-0.07379352001771433,-0.3973333333333322,27.03,equatorial
19.11,26.78,30.1,24.79,84.85,0.27,2.4,4.34,0.81,0.8,2017-01-11,Kribi,2017,1,11,2,7.25,26.260000000000005,49.43,482.49,-0.14377965434665058,-0.021999999999998465,27.03,equatorial
6.3,25.42,26.74,24.12,89.3,0.21,1.87,1.71,0.8,0.8,2017-01-12,Kribi,2017,1,12,2,7.180000000000001,20.220000000000006,48.94,476.15000000000003,-0.1680135246710834,-1.3469999999999978,27.03,equatorial
19.74,26.01,29.09,24.01,85.39,0.12,1.84,3.3,0.8,0.79,2017-01-13,Kribi,2017,1,13,2,6.06,14.800000000000008,48.5,464.27000000000004,-0.21352105107783745,-0.7503333333333337,27.03,equatorial
20.57,26.63,29.9,24.66,85.62,0.11,2.1,3.63,0.8,0.79,2017-01-14,Kribi,2017,1,14,2,4.7700000000000005,8.920000000000007,48.02,451.7,-0.2616738455494655,-0.13766666666666794,27.03,equatorial
19.44,26.7,29.46,25.09,87.07,0.2,2.05,3.0,0.79,0.79,2017-01-15,Kribi,2017,1,15,2,3.67,8.740000000000006,46.96,446.1,-0.28301837517782374,-0.07600000000000051,27.03,equatorial
14.65,26.32,27.92,25.48,91.57,1.07,2.25,1.81,0.79,0.79,2017-01-16,Kribi,2017,1,16,3,3.5500000000000003,9.570000000000007,47.919999999999995,429.56,-0.3464456630777691,-0.43533333333333246,26.78,equatorial
13.61,26.51,29.14,24.76,87.04,0.59,2.03,2.87,0.79,0.79,2017-01-17,Kribi,2017,1,17,3,2.57,9.950000000000006,48.38,419.69,-0.3841776377892219,-0.22333333333333272,26.78,equatorial
18.01,26.49,28.62,25.28,89.64,0.6,2.24,2.31,0.79,0.79,2017-01-18,Kribi,2017,1,18,3,2.9,10.150000000000006,48.84,404.62,-0.4419191389264656,-0.2206666666666699,26.7,equatorial
17.94,26.92,29.92,25.08,86.77,0.22,1.93,3.37,0.78,0.78,2017-01-19,Kribi,2017,1,19,3,2.91,10.090000000000007,49.02,384.98999999999995,-0.5171954651516614,0.21700000000000585,26.92,equatorial
18.37,26.75,29.19,25.51,88.44,0.7,2.06,2.56,0.78,0.78,2017-01-20,Kribi,2017,1,20,3,3.4899999999999998,9.550000000000008,49.66,373.96000000000004,-0.5592702466202236,0.07066666666666777,26.92,equatorial
19.27,26.58,28.31,25.44,90.83,0.61,2.22,1.86,0.78,0.78,2017-01-21,Kribi,2017,1,21,3,3.9899999999999998,8.760000000000007,48.62,355.72999999999996,-0.6290663634086306,-0.06433333333333735,26.92,equatorial
15.25,26.5,28.32,25.58,90.64,0.7,2.34,2.23,0.78,0.78,2017-01-22,Kribi,2017,1,22,3,4.489999999999999,8.160000000000007,47.54,341.64000000000004,-0.6828199267400601,-0.12466666666666626,26.92,equatorial
9.97,25.97,27.44,24.82,92.86,2.76,2.32,1.97,0.78,0.78,2017-01-23,Kribi,2017,1,23,4,6.18,9.730000000000008,48.739999999999995,324.51,-0.7482287673096019,-0.6300000000000026,26.92,equatorial
17.06,25.85,28.0,24.52,89.09,0.62,2.49,2.82,0.78,0.78,2017-01-24,Kribi,2017,1,24,4,6.21,8.780000000000006,47.910000000000004,310.51000000000005,-0.8014622850683711,-0.7220000000000013,26.92,equatorial
19.54,26.35,29.39,24.48,86.5,0.45,2.52,4.19,0.77,0.77,2017-01-25,Kribi,2017,1,25,4,6.06,8.960000000000008,45.72,300.3,-0.8399817467453671,-0.23199999999999577,26.92,equatorial
19.45,26.64,29.12,25.14,86.11,3.82,1.97,3.26,0.77,0.78,2017-01-26,Kribi,2017,1,26,4,9.66,12.570000000000006,45.18,287.46,-0.8885744485786871,0.04366666666666319,26.75,equatorial
17.35,26.41,28.53,25.19,88.54,4.04,2.18,2.64,0.77,0.78,2017-01-27,Kribi,2017,1,27,4,13.0,16.49000000000001,43.08,279.44000000000005,-0.9184685071699669,-0.16766666666666907,26.64,equatorial
16.11,26.11,28.06,24.94,90.98,3.94,2.5,2.62,0.78,0.78,2017-01-28,Kribi,2017,1,28,4,16.33,20.320000000000007,40.77,275.22,-0.9336355065020275,-0.4546666666666681,26.64,equatorial
17.48,26.28,28.19,25.12,90.78,4.56,2.18,2.4,0.78,0.79,2017-01-29,Kribi,2017,1,29,4,20.189999999999998,24.680000000000007,39.79,267.90000000000003,-0.9607291427625545,-0.27099999999999724,26.64,equatorial
18.81,26.59,29.05,25.17,88.93,3.02,2.21,3.06,0.78,0.78,2017-01-30,Kribi,2017,1,30,5,20.450000000000003,26.63000000000001,36.82,250.81,-1.0254458312082444,0.04266666666666552,26.64,equatorial
10.08,26.41,28.74,25.03,88.89,2.52,2.21,2.91,0.78,0.78,2017-01-31,Kribi,2017,1,31,5,22.35,28.56000000000001,38.959999999999994,246.97,-1.0388775323329231,-0.1113333333333344,26.64,equatorial
14.45,26.16,28.31,25.02,89.96,2.4,2.32,2.43,0.78,0.78,2017-02-01,Kribi,2017,2,32,5,24.3,30.360000000000007,41.120000000000005,240.0,-1.0643433205861346,-0.32533333333333303,26.64,equatorial
16.29,26.52,29.62,24.8,87.21,2.4,2.55,4.4,0.77,0.78,2017-02-02,Kribi,2017,2,33,5,22.880000000000003,32.540000000000006,43.31,241.71,-1.056264768517044,0.05766666666666609,26.59,equatorial
20.41,26.79,30.23,24.82,84.83,1.25,2.12,4.31,0.77,0.77,2017-02-03,Kribi,2017,2,34,5,20.090000000000003,33.09,44.160000000000004,239.08,-1.0649459991418881,0.32766666666666566,26.79,equatorial
19.99,27.3,31.03,25.22,82.3,1.56,1.74,4.42,0.77,0.77,2017-02-04,Kribi,2017,2,35,5,17.71,34.040000000000006,45.44,235.79,-1.0761476112375603,0.8190000000000026,27.3,equatorial
15.97,26.98,30.11,25.28,87.4,2.66,2.21,3.43,0.76,0.77,2017-02-05,Kribi,2017,2,36,5,15.81,36.00000000000001,46.86,231.65,-1.0905933501865868,0.48400000000000176,27.3,equatorial
11.18,26.38,28.46,25.32,90.4,2.17,2.2,2.54,0.76,0.77,2017-02-06,Kribi,2017,2,37,6,14.96,35.410000000000004,47.63,232.07,-1.0874212000131604,-0.10933333333333195,27.3,equatorial
19.43,26.53,29.3,25.0,87.75,1.22,2.49,3.73,0.76,0.77,2017-02-07,Kribi,2017,2,38,6,13.66,36.010000000000005,47.55,231.04999999999998,-1.089810031346078,0.053666666666668306,27.3,equatorial
19.61,26.64,29.55,24.83,85.55,0.85,1.77,3.35,0.76,0.76,2017-02-08,Kribi,2017,2,39,6,12.110000000000001,36.410000000000004,47.21,227.28,-1.1027893829917994,0.17666666666666941,27.3,equatorial
19.26,26.66,29.25,25.13,88.6,1.22,2.13,2.86,0.76,0.76,2017-02-09,Kribi,2017,2,40,6,10.93,33.81,46.86,224.01000000000002,-1.1138030566545465,0.18733333333333135,27.3,equatorial
17.97,26.78,29.35,25.24,88.38,1.47,2.17,3.11,0.75,0.76,2017-02-10,Kribi,2017,2,41,6,11.15,31.240000000000006,48.06,224.28,-1.111147997519857,0.30733333333333235,27.3,equatorial
18.93,26.69,29.28,25.16,88.48,1.12,2.17,3.37,0.75,0.76,2017-02-11,Kribi,2017,2,42,6,10.709999999999999,28.42000000000001,48.97,225.09,-1.1064235734960663,0.17500000000000426,26.98,equatorial
19.29,26.75,29.1,25.29,88.9,0.88,2.0,2.81,0.75,0.76,2017-02-12,Kribi,2017,2,43,6,8.93,24.740000000000006,49.73,224.59,-1.1067603928022054,0.2103333333333346,26.78,equatorial
19.39,27.56,31.21,25.53,84.68,1.69,1.73,4.04,0.75,0.76,2017-02-13,Kribi,2017,2,44,7,8.45,23.410000000000007,51.309999999999995,224.26,-1.1064434391492664,0.989333333333331,27.56,equatorial
18.15,26.92,29.82,25.41,88.54,2.54,2.57,3.75,0.75,0.76,2017-02-14,Kribi,2017,2,45,7,9.77,23.430000000000007,53.65,226.04999999999998,-1.0979679359631698,0.3420000000000023,27.56,equatorial
16.99,26.87,29.92,24.85,85.15,1.97,1.91,3.81,0.75,0.75,2017-02-15,Kribi,2017,2,46,7,10.89,23.000000000000007,54.550000000000004,221.35999999999999,-1.1144632501357536,0.27366666666666717,27.56,equatorial
17.57,26.64,29.4,24.93,85.9,0.39,1.94,3.26,0.74,0.75,2017-02-16,Kribi,2017,2,47,7,10.06,20.99000000000001,54.35,215.72,-1.1345627540211096,0.03933333333333522,27.56,equatorial
4.42,26.03,27.54,25.12,87.31,1.49,1.88,2.23,0.74,0.75,2017-02-17,Kribi,2017,2,48,7,10.080000000000002,21.23000000000001,55.239999999999995,210.23,-1.1540196383755754,-0.5553333333333335,27.56,equatorial
19.38,27.04,30.53,24.89,79.45,0.42,1.7,4.46,0.74,0.74,2017-02-18,Kribi,2017,2,49,7,9.38,20.090000000000007,55.44,199.35,-1.1941393818046766,0.4506666666666632,27.56,equatorial
17.77,26.68,29.76,24.94,85.47,2.64,1.95,3.59,0.73,0.75,2017-02-19,Kribi,2017,2,50,7,11.14,20.070000000000007,57.38,192.5,-1.2186196290032403,0.09299999999999997,27.56,equatorial
17.23,26.96,30.05,25.17,84.89,0.04,1.94,3.62,0.73,0.74,2017-02-20,Kribi,2017,2,51,8,9.49,17.94000000000001,56.81,191.72,-1.219682463953901,0.3603333333333332,27.04,equatorial
18.5,27.19,30.5,25.25,84.85,0.01,1.8,3.7,0.73,0.73,2017-02-21,Kribi,2017,2,52,8,6.960000000000001,16.730000000000008,56.12,189.66,-1.2256603659402736,0.5673333333333339,27.19,equatorial
18.82,27.13,30.17,25.42,86.81,0.04,2.01,3.39,0.72,0.73,2017-02-22,Kribi,2017,2,53,8,5.03,15.920000000000007,53.4,187.12,-1.2334604136212488,0.4686666666666639,27.19,equatorial
17.91,27.01,29.72,25.47,87.27,0.05,2.31,3.14,0.72,0.73,2017-02-23,Kribi,2017,2,54,8,4.69,14.750000000000007,52.83,184.39000000000001,-1.2419612787398828,0.3100000000000023,27.19,equatorial
16.78,26.81,29.26,25.47,87.41,0.04,2.17,2.88,0.72,0.73,2017-02-24,Kribi,2017,2,55,8,3.24,13.320000000000007,52.42,181.25,-1.252003713285276,0.09466666666666512,27.19,equatorial
20.83,27.0,30.54,24.71,84.5,0.49,1.96,3.91,0.72,0.72,2017-02-25,Kribi,2017,2,56,8,3.31,12.690000000000008,49.09,177.91,-1.2627748521865312,0.2726666666666695,27.19,equatorial
17.8,26.66,29.21,25.02,87.34,0.7,2.07,2.98,0.71,0.73,2017-02-26,Kribi,2017,2,57,8,1.3699999999999999,12.510000000000007,45.75,139.55,-1.407726769132586,-0.07566666666666322,27.19,equatorial
14.42,26.63,29.26,25.23,86.43,0.68,2.35,3.52,0.71,0.72,2017-02-27,Kribi,2017,2,58,9,2.01,11.500000000000007,42.489999999999995,138.9,-1.407558754483001,-0.12299999999999756,27.19,equatorial
16.97,26.71,29.34,25.17,86.28,0.58,2.25,3.3,0.71,0.72,2017-02-28,Kribi,2017,2,59,9,2.58,9.540000000000006,38.510000000000005,138.07,-1.408082094231887,-0.05733333333333235,27.13,equatorial
15.46,26.6,28.94,25.24,89.28,0.83,2.18,2.75,0.71,0.72,2017-03-01,Kribi,2017,3,60,9,3.3699999999999997,8.400000000000007,36.32,136.71,-1.4106313647162274,-0.16766666666666552,27.01,equatorial
18.79,27.34,30.8,25.22,85.27,1.41,1.91,4.21,0.71,0.72,2017-03-02,Kribi,2017,3,61,9,4.73,9.420000000000005,35.21,137.76,-1.4039587520391346,0.5413333333333306,27.34,equatorial
17.0,26.75,28.66,25.62,90.89,1.92,2.15,2.4,0.71,0.72,2017-03-03,Kribi,2017,3,62,9,6.609999999999999,9.850000000000007,34.73,139.14999999999998,-1.3960222074630415,-0.06833333333333513,27.34,equatorial
15.26,26.87,29.43,25.31,88.7,1.75,2.1,2.95,0.71,0.72,2017-03-04,Kribi,2017,3,63,9,7.869999999999999,11.180000000000007,34.08,139.42000000000002,-1.39240197993496,0.03999999999999915,27.34,equatorial
17.55,26.7,28.63,25.51,89.78,1.7,2.01,2.43,0.71,0.73,2017-03-05,Kribi,2017,3,64,9,8.870000000000001,10.240000000000006,34.53,140.8,-1.3845659445933403,-0.1269999999999989,27.34,equatorial
14.45,26.47,28.42,25.36,89.94,2.99,2.07,2.47,0.71,0.73,2017-03-06,Kribi,2017,3,65,10,11.18,13.190000000000008,35.96,143.25,-1.3726888026521953,-0.32933333333333437,27.34,equatorial
15.18,26.11,27.72,25.1,89.82,10.41,2.11,2.55,0.72,0.76,2017-03-07,Kribi,2017,3,66,10,21.009999999999998,23.59000000000001,43.71,148.69,-1.3494720133099285,-0.6603333333333339,27.34,equatorial
20.69,26.99,30.19,24.9,86.47,7.98,1.97,4.0,0.73,0.75,2017-03-08,Kribi,2017,3,67,10,28.159999999999997,31.53000000000001,49.519999999999996,151.46,-1.3365352025961021,0.1993333333333318,27.34,equatorial
17.39,26.6,28.5,25.54,91.1,13.33,2.36,2.83,0.74,0.78,2017-03-09,Kribi,2017,3,68,10,40.08,44.81000000000001,61.63,163.73000000000002,-1.287472980180551,-0.1930000000000014,26.99,equatorial
9.93,26.44,28.11,25.51,91.01,10.8,2.38,2.61,0.75,0.78,2017-03-10,Kribi,2017,3,69,10,48.959999999999994,55.57000000000001,71.58,171.22,-1.2568146220399894,-0.3463333333333338,26.99,equatorial
5.77,26.15,27.61,25.11,92.21,14.34,2.46,2.41,0.75,0.79,2017-03-11,Kribi,2017,3,70,10,61.55,69.42000000000002,84.7,182.44,-1.2120747838986945,-0.6193333333333335,26.99,equatorial
18.64,26.72,29.06,25.07,81.17,6.59,1.36,3.13,0.76,0.77,2017-03-12,Kribi,2017,3,71,10,66.44,75.31,89.82000000000001,187.31,-1.1916715979816752,-0.04733333333333434,26.99,equatorial
21.89,27.03,29.58,25.17,83.12,16.25,1.45,3.94,0.76,0.8,2017-03-13,Kribi,2017,3,72,11,79.7,90.88000000000001,104.94999999999999,202.86,-1.130686949115153,0.25133333333333496,27.03,equatorial
15.77,26.56,28.65,25.53,89.88,14.95,2.18,3.02,0.78,0.81,2017-03-14,Kribi,2017,3,73,11,84.24000000000001,105.25000000000001,119.02,217.25,-1.074306885593304,-0.21233333333333704,27.03,equatorial
10.43,26.31,28.24,25.25,90.29,6.03,2.24,2.95,0.78,0.78,2017-03-15,Kribi,2017,3,74,11,82.28999999999999,110.45,123.36,222.69,-1.0521603943584983,-0.42066666666666563,27.03,equatorial
20.35,26.54,28.84,25.11,89.26,6.98,2.21,3.49,0.78,0.79,2017-03-16,Kribi,2017,3,75,11,75.94,116.02000000000001,127.8,228.41,-1.0290094539086325,-0.17800000000000438,27.03,equatorial
20.51,27.1,30.33,25.22,87.02,5.44,2.22,4.53,0.77,0.78,2017-03-17,Kribi,2017,3,76,11,70.58,119.54,131.27,233.74,-1.0074048117531427,0.37433333333333607,27.1,equatorial
20.01,27.35,30.28,25.51,85.63,5.2,1.92,4.19,0.77,0.78,2017-03-18,Kribi,2017,3,77,11,61.44,122.99000000000001,136.08,238.81,-0.9868451929161163,0.6006666666666689,27.35,equatorial
11.39,27.03,29.55,25.68,87.75,5.65,2.2,4.09,0.77,0.78,2017-03-19,Kribi,2017,3,78,11,60.5,126.94000000000001,140.24,244.32,-0.9646603282855316,0.24733333333333718,27.35,equatorial
19.06,26.69,28.34,25.68,90.1,18.84,1.81,2.7,0.77,0.81,2017-03-20,Kribi,2017,3,79,12,63.089999999999996,142.79000000000002,158.66,263.12,-0.8919070925486323,-0.08099999999999952,27.35,equatorial
11.56,26.65,28.28,25.48,92.12,13.6,2.57,2.92,0.8,0.82,2017-03-21,Kribi,2017,3,80,12,61.74,145.98000000000002,169.62,276.66,-0.8393325950550767,-0.120000000000001,27.35,equatorial
14.21,25.69,26.97,24.97,92.44,11.39,2.86,3.21,0.81,0.82,2017-03-22,Kribi,2017,3,81,12,67.1,149.39000000000001,180.97,286.40000000000003,-0.8013304079206159,-1.0376666666666665,27.35,equatorial
17.03,26.06,28.12,24.56,87.3,3.81,1.76,2.77,0.8,0.8,2017-03-23,Kribi,2017,3,82,12,63.92999999999999,139.87,184.76999999999998,288.43,-0.792782439101872,-0.629999999999999,27.35,equatorial
21.95,27.18,30.54,25.1,83.23,2.05,1.44,4.11,0.8,0.79,2017-03-24,Kribi,2017,3,83,12,60.54,131.12,186.78,288.92,-0.790121320271724,0.4883333333333333,27.35,equatorial
20.41,26.9,29.08,25.55,87.28,4.29,1.86,3.19,0.79,0.79,2017-03-25,Kribi,2017,3,84,12,59.629999999999995,121.07000000000001,191.02,291.76,-0.7785018094154861,0.21199999999999974,27.18,equatorial
19.45,27.23,29.79,25.72,88.98,7.21,2.03,4.01,0.8,0.8,2017-03-26,Kribi,2017,3,85,12,61.19,121.69,198.19,296.33000000000004,-0.7602997888138313,0.5279999999999987,27.23,equatorial
13.39,26.94,29.0,25.83,90.64,27.11,2.21,4.01,0.82,0.84,2017-03-27,Kribi,2017,3,86,13,69.46,132.55,224.81,319.08,-0.6727308016072558,0.240000000000002,27.23,equatorial
15.17,27.46,30.86,25.48,84.53,2.84,1.68,4.78,0.82,0.8,2017-03-28,Kribi,2017,3,87,13,58.7,120.44000000000001,226.95,315.78000000000003,-0.6847351870845534,0.7333333333333307,27.46,equatorial
22.25,27.65,31.52,24.68,84.54,1.84,1.52,4.7,0.81,0.8,2017-03-29,Kribi,2017,3,88,13,49.15,116.25000000000001,228.10999999999999,311.37,-0.7009663909325702,0.8893333333333295,27.65,equatorial
18.28,27.2,29.54,25.94,89.26,9.06,1.75,3.42,0.81,0.81,2017-03-30,Kribi,2017,3,89,13,54.4,118.33000000000001,236.59,314.89,-0.6868797965598816,0.42299999999999827,27.65,equatorial
18.24,26.6,28.38,25.46,90.06,8.17,1.82,2.57,0.82,0.82,2017-03-31,Kribi,2017,3,90,13,60.519999999999996,121.06000000000002,243.93,317.07,-0.6779319854489642,-0.17699999999999605,27.65,equatorial
10.96,26.68,28.63,25.39,87.18,4.1,1.85,3.08,0.82,0.81,2017-04-01,Kribi,2017,4,91,13,60.32999999999999,119.96000000000001,246.62,320.78999999999996,-0.6631065907629078,-0.07499999999999929,27.65,equatorial
21.74,27.34,30.15,25.36,85.49,5.47,1.45,3.4,0.82,0.81,2017-04-02,Kribi,2017,4,92,13,58.589999999999996,119.78,250.17000000000002,326.02,-0.6425217004431433,0.5653333333333315,27.65,equatorial
6.91,27.68,30.16,25.68,84.1,6.03,1.39,3.44,0.82,0.82,2017-04-03,Kribi,2017,4,93,14,37.51,106.97000000000001,254.45000000000002,331.84,-0.6197000384093985,0.8783333333333339,27.68,equatorial
22.37,27.22,29.88,25.41,88.21,8.15,1.95,4.1,0.82,0.82,2017-04-04,Kribi,2017,4,94,14,42.82,101.52000000000001,260.9,339.59000000000003,-0.5895110250026081,0.40099999999999625,27.68,equatorial
15.87,26.81,29.05,25.46,90.01,12.32,1.82,3.81,0.83,0.83,2017-04-05,Kribi,2017,4,95,14,53.3,102.45,270.22999999999996,351.63,-0.5429153438645539,-0.020333333333333314,27.68,equatorial
13.45,27.59,30.16,25.37,84.12,10.13,1.17,4.5,0.83,0.83,2017-04-06,Kribi,2017,4,96,14,54.37,108.77000000000002,269.95,360.52,-0.5084231480595491,0.7103333333333346,27.68,equatorial
20.48,26.83,29.52,24.91,87.8,6.52,1.85,4.29,0.83,0.82,2017-04-07,Kribi,2017,4,97,14,52.72,113.24000000000001,268.49,365.64,-0.4884067740831872,-0.044333333333334224,27.68,equatorial
21.7,27.19,29.81,25.5,87.3,5.62,1.82,4.1,0.83,0.82,2017-04-08,Kribi,2017,4,98,14,54.24,114.57000000000002,260.78000000000003,369.96,-0.4714709588758146,0.2960000000000029,27.68,equatorial
18.64,26.84,28.77,25.87,90.51,10.67,2.04,3.28,0.84,0.83,2017-04-09,Kribi,2017,4,99,14,59.44,118.03,260.65,379.44,-0.4347406606598736,-0.06733333333333391,27.68,equatorial
19.69,26.99,29.15,25.75,88.09,7.57,1.83,3.92,0.84,0.83,2017-04-10,Kribi,2017,4,100,15,60.980000000000004,98.49000000000001,253.88,385.44,-0.41139000895977484,0.05466666666666242,27.59,equatorial
18.89,27.02,29.3,25.64,87.09,7.87,2.0,4.65,0.84,0.83,2017-04-11,Kribi,2017,4,101,15,60.699999999999996,103.52000000000001,255.16,393.04,-0.38190154074525384,0.07466666666666555,27.59,equatorial
16.44,27.03,29.52,25.78,88.26,10.25,2.12,4.42,0.84,0.84,2017-04-12,Kribi,2017,4,102,15,58.629999999999995,111.93000000000002,249.16,403.08,-0.3430431727593971,0.08466666666666711,27.59,equatorial
7.49,26.23,27.77,25.32,91.72,32.91,2.01,3.68,0.85,0.87,2017-04-13,Kribi,2017,4,103,15,81.41,135.78000000000003,267.12,435.87,-0.216682952653967,-0.7043333333333308,27.19,equatorial
21.82,27.25,30.71,24.91,84.1,23.15,1.58,6.92,0.89,0.88,2017-04-14,Kribi,2017,4,104,15,98.03999999999999,150.76000000000002,284.23999999999995,458.91,-0.12786250638836708,0.28433333333333266,27.25,equatorial
22.44,26.76,28.58,25.49,86.6,15.79,1.37,3.46,0.89,0.87,2017-04-15,Kribi,2017,4,105,15,108.21,162.45000000000002,293.05,474.5,-0.0677387238205467,-0.2129999999999974,27.25,equatorial
20.27,27.52,30.66,25.08,84.4,7.42,1.69,5.21,0.89,0.87,2017-04-16,Kribi,2017,4,106,15,104.96,164.4,295.03000000000003,480.84999999999997,-0.04322567306301035,0.5329999999999977,27.52,equatorial
18.15,27.28,29.35,25.97,87.53,5.41,1.65,3.76,0.88,0.86,2017-04-17,Kribi,2017,4,107,16,102.79999999999998,163.78000000000003,295.24,485.67,-0.024612751618480963,0.2953333333333319,27.52,equatorial
8.69,27.22,29.75,25.68,86.52,25.86,1.5,3.42,0.9,0.89,2017-04-18,Kribi,2017,4,108,16,120.78999999999999,181.49,315.45,510.93,0.07286892564227572,0.2289999999999992,27.52,equatorial
13.62,27.43,29.96,25.85,84.75,0.88,1.3,3.21,0.9,0.87,2017-04-19,Kribi,2017,4,109,16,111.41999999999999,170.05,297.49,511.59000000000003,0.07537349949559291,0.41433333333333167,27.52,equatorial
12.39,27.23,29.29,25.86,90.41,4.48,1.83,3.05,0.9,0.87,2017-04-20,Kribi,2017,4,110,16,82.99,164.40000000000003,288.37,515.37,0.0899309954745219,0.19499999999999673,27.52,equatorial
10.05,26.71,28.55,25.54,90.49,9.55,1.75,3.17,0.9,0.87,2017-04-21,Kribi,2017,4,111,16,69.39,167.43,286.53000000000003,524.31,0.12443347404911623,-0.3589999999999982,27.52,equatorial
18.83,27.64,30.88,25.53,84.63,9.33,1.4,7.36,0.9,0.88,2017-04-22,Kribi,2017,4,112,16,62.93,171.14000000000001,292.05,532.94,0.15773566528020658,0.5183333333333344,27.64,equatorial
3.59,26.82,29.27,25.43,87.25,10.04,1.45,3.84,0.9,0.88,2017-04-23,Kribi,2017,4,113,16,65.55,170.51000000000002,300.03999999999996,540.22,0.18581169753378404,-0.2896666666666654,27.64,equatorial
19.0,27.39,30.55,25.26,84.09,3.77,1.31,4.84,0.9,0.87,2017-04-24,Kribi,2017,4,114,17,63.91,166.71,299.52,543.37,0.1978945746403412,0.2640000000000029,27.64,equatorial
8.33,26.35,27.83,25.53,91.64,7.08,1.89,3.0,0.9,0.87,2017-04-25,Kribi,2017,4,115,17,45.129999999999995,165.92000000000002,299.39,550.0,0.2234582153337949,-0.7466666666666661,27.64,equatorial
20.18,27.13,30.37,25.08,85.93,3.55,1.81,4.98,0.9,0.87,2017-04-26,Kribi,2017,4,116,17,47.8,159.22000000000003,275.83,549.73,0.22227325205910756,0.02699999999999747,27.64,equatorial
17.07,27.64,31.08,25.52,85.86,4.74,1.8,5.31,0.9,0.86,2017-04-27,Kribi,2017,4,117,17,48.06,131.05,277.73,550.43,0.2248507099560759,0.5310000000000024,27.64,equatorial
10.23,26.62,28.9,25.39,90.2,6.14,2.09,4.31,0.89,0.86,2017-04-28,Kribi,2017,4,118,17,44.650000000000006,114.04,282.03,552.63,0.233248935482908,-0.45466666666666455,27.64,equatorial
23.71,27.04,29.87,25.11,87.45,3.47,1.84,4.31,0.89,0.86,2017-04-29,Kribi,2017,4,119,17,38.79,101.72000000000001,276.43999999999994,551.54,0.2288722177461368,-0.029333333333330103,27.64,equatorial
17.25,26.58,28.35,25.42,92.35,12.33,2.08,3.08,0.89,0.87,2017-04-30,Kribi,2017,4,120,17,41.08,106.63000000000001,280.6,560.85,0.26489867107278814,-0.4886666666666706,27.64,equatorial
11.58,26.47,28.37,25.19,89.48,2.05,1.75,2.97,0.9,0.86,2017-05-01,Kribi,2017,5,121,18,39.36,103.27000000000001,278.55,560.38,0.2629055890144167,-0.5916666666666686,27.64,equatorial
22.15,26.67,29.01,25.23,87.53,3.36,1.84,3.71,0.89,0.86,2017-05-02,Kribi,2017,5,122,18,35.64,80.77000000000001,276.44,561.34,0.2664744377942328,-0.36933333333332996,27.64,equatorial
4.99,26.41,27.92,25.18,87.99,14.96,1.58,3.71,0.9,0.88,2017-05-03,Kribi,2017,5,123,18,47.05,94.85000000000002,285.37,573.9000000000001,0.31517922307937735,-0.5869999999999997,27.64,equatorial
14.73,26.35,28.43,25.03,87.8,4.47,1.5,3.6,0.9,0.87,2017-05-04,Kribi,2017,5,124,18,46.78,94.84000000000002,281.69,577.12,0.32751219621073624,-0.6179999999999986,27.04,equatorial
18.9,26.57,29.49,24.95,87.81,5.24,1.7,4.65,0.9,0.87,2017-05-05,Kribi,2017,5,125,18,45.879999999999995,90.53000000000002,274.61,580.8,0.34163404132855363,-0.39000000000000057,27.04,equatorial
18.03,27.1,29.7,25.16,85.58,9.73,1.27,4.11,0.9,0.88,2017-05-06,Kribi,2017,5,126,18,52.14,90.93000000000002,274.21000000000004,587.87,0.36896266820088996,0.15633333333333255,27.1,equatorial
23.83,27.34,30.86,24.86,84.02,0.88,1.44,5.05,0.9,0.86,2017-05-07,Kribi,2017,5,127,18,40.690000000000005,81.77000000000001,268.57,586.5799999999999,0.36368909122377047,0.3793333333333351,27.34,equatorial
20.16,27.43,30.75,25.14,86.43,6.03,1.75,5.11,0.89,0.86,2017-05-08,Kribi,2017,5,128,19,44.67,84.03000000000002,268.97999999999996,591.39,0.382212214138929,0.46133333333333226,27.43,equatorial
4.6,27.1,30.26,25.65,90.02,13.58,1.71,4.35,0.9,0.87,2017-05-09,Kribi,2017,5,129,19,54.89000000000001,90.53000000000002,271.89000000000004,604.12,0.43163682022804156,0.12266666666667092,27.43,equatorial
16.27,26.66,28.23,25.56,92.32,13.05,1.65,2.98,0.91,0.88,2017-05-10,Kribi,2017,5,130,19,52.980000000000004,100.03000000000003,277.36999999999995,615.95,0.4775251144154677,-0.3063333333333347,27.43,equatorial
22.3,26.77,28.87,25.58,88.59,5.07,1.56,3.36,0.91,0.88,2017-05-11,Kribi,2017,5,131,19,53.58,100.36000000000001,274.57000000000005,619.55,0.49124557459028034,-0.1880000000000024,27.43,equatorial
19.75,26.58,28.99,25.09,89.2,2.75,1.94,4.38,0.91,0.87,2017-05-12,Kribi,2017,5,132,19,51.09,96.97000000000001,267.07000000000005,621.18,0.49726143733251593,-0.3630000000000031,27.43,equatorial
16.81,26.9,29.74,25.47,88.93,2.0,1.94,3.79,0.9,0.87,2017-05-13,Kribi,2017,5,133,19,43.36,95.50000000000001,236.16,622.3,0.5012808214268075,-0.06533333333333502,27.43,equatorial
11.46,26.59,28.83,25.29,89.78,2.37,1.98,3.6,0.9,0.86,2017-05-14,Kribi,2017,5,134,19,44.85,85.54000000000002,215.38,622.98,0.5035777419339121,-0.3533333333333317,27.43,equatorial
6.87,26.91,29.57,25.31,85.57,6.84,1.49,3.95,0.9,0.86,2017-05-15,Kribi,2017,5,135,20,45.660000000000004,90.33000000000003,206.43,627.28,0.520036429323957,-0.038333333333333997,27.1,equatorial
11.39,26.34,29.28,25.17,86.22,20.81,2.1,4.85,0.91,0.89,2017-05-16,Kribi,2017,5,136,20,52.89,107.78000000000002,219.82000000000002,646.12,0.5933886085461789,-0.5689999999999991,26.91,equatorial
21.23,27.06,30.64,24.92,81.2,4.7,1.6,7.1,0.91,0.87,2017-05-17,Kribi,2017,5,137,20,44.54,97.52000000000001,219.10999999999999,650.4300000000001,0.6097993139926275,0.158333333333335,27.06,equatorial
19.19,26.66,28.77,25.25,87.94,6.43,1.93,4.51,0.91,0.87,2017-05-18,Kribi,2017,5,138,20,45.9,99.48000000000002,199.68,655.37,0.6286634755150682,-0.22299999999999898,27.06,equatorial
18.61,26.99,29.84,25.33,89.56,14.96,2.05,5.42,0.91,0.88,2017-05-19,Kribi,2017,5,139,20,58.11,109.20000000000002,213.76,669.91,0.6851140124239711,0.12166666666666615,27.06,equatorial
15.22,26.93,29.36,25.62,90.81,15.35,2.02,3.75,0.92,0.89,2017-05-20,Kribi,2017,5,140,20,71.46,114.82000000000001,224.63,682.62,0.7343315967560512,0.07166666666666544,27.06,equatorial
12.42,27.48,30.42,25.55,87.7,13.38,1.43,4.83,0.92,0.89,2017-05-21,Kribi,2017,5,141,20,82.47,127.32000000000002,228.46,695.96,0.785954444393913,0.5960000000000001,27.48,equatorial
13.51,26.73,28.6,25.53,91.23,16.22,2.04,3.95,0.93,0.9,2017-05-22,Kribi,2017,5,142,21,91.85,137.51000000000002,235.35,712.1700000000001,0.8487470245016433,-0.12366666666666504,27.48,equatorial
10.51,26.47,27.87,25.5,91.8,24.33,1.77,2.82,0.94,0.91,2017-05-23,Kribi,2017,5,143,21,95.37,148.26000000000002,249.64,736.4599999999999,0.9430881032380072,-0.3719999999999999,27.48,equatorial
19.39,26.34,28.43,25.14,91.84,29.22,1.88,3.52,0.96,0.93,2017-05-24,Kribi,2017,5,144,21,119.89,164.43,275.09,765.63,1.056336559641203,-0.4670000000000023,27.48,equatorial
8.81,25.39,25.83,24.93,93.07,69.75,1.83,2.39,0.97,0.96,2017-05-25,Kribi,2017,5,145,21,183.20999999999998,229.11,337.76,835.34,1.3279153486479884,-1.384999999999998,27.48,equatorial
18.86,26.88,30.0,24.44,80.82,1.62,1.18,5.19,0.98,0.94,2017-05-26,Kribi,2017,5,146,21,169.87,227.98000000000002,335.83,836.47,1.3302436437563414,0.11333333333333329,27.48,equatorial
14.41,26.55,29.17,24.89,85.73,0.62,1.69,4.57,0.97,0.93,2017-05-27,Kribi,2017,5,147,21,155.14,226.60000000000002,331.71,836.39,1.3278348271149791,-0.1803333333333299,27.48,equatorial
17.68,26.68,29.76,24.64,87.1,1.17,1.95,5.32,0.96,0.92,2017-05-28,Kribi,2017,5,148,21,142.93,225.4,326.74,836.88,1.3276640069936299,-0.05233333333333334,26.88,equatorial
20.99,26.91,29.98,24.95,87.57,1.88,2.05,5.01,0.96,0.91,2017-05-29,Kribi,2017,5,149,22,128.59,220.44,325.15000000000003,838.18,1.3306584289823933,0.1819999999999986,26.91,equatorial
14.58,26.14,27.53,25.37,92.75,3.18,1.96,2.4,0.95,0.91,2017-05-30,Kribi,2017,5,150,22,107.44,202.81,316.0,840.5300000000001,1.3377406339151112,-0.5733333333333306,26.91,equatorial
17.63,26.48,28.58,25.26,90.41,5.34,1.85,2.95,0.95,0.91,2017-05-31,Kribi,2017,5,151,22,83.56,203.45000000000002,319.28999999999996,844.4599999999999,1.350959415056868,-0.23366666666666447,26.91,equatorial
17.2,26.14,27.75,25.16,91.3,14.84,2.28,3.81,0.95,0.91,2017-06-01,Kribi,2017,6,152,22,28.65,211.86,330.77000000000004,857.38,1.399175092744976,-0.5560000000000009,26.91,equatorial
16.72,26.51,29.66,24.44,84.61,9.26,1.92,5.9,0.96,0.91,2017-06-02,Kribi,2017,6,153,22,36.29,206.16000000000003,325.07,864.89,1.4260970733713096,-0.1893333333333338,26.91,equatorial
19.81,26.56,29.56,24.72,87.74,3.6,2.08,5.37,0.95,0.9,2017-06-03,Kribi,2017,6,154,22,39.27,194.41,324.2,866.79,1.4310531981721222,-0.1463333333333381,26.91,equatorial
16.75,25.99,27.39,25.03,92.74,5.55,2.03,2.64,0.95,0.9,2017-06-04,Kribi,2017,6,155,22,43.65,186.58,324.51,869.3499999999999,1.4385557926226926,-0.6970000000000027,26.91,equatorial
12.53,26.24,28.06,25.25,92.01,2.15,2.01,2.8,0.95,0.9,2017-06-05,Kribi,2017,6,156,23,43.919999999999995,172.51000000000002,316.93,861.09,1.4039454115688774,-0.41833333333332945,26.56,equatorial
12.49,26.15,28.43,24.96,91.13,8.21,1.84,3.54,0.95,0.9,2017-06-06,Kribi,2017,6,157,23,48.95,156.39000000000004,324.26,861.3199999999999,1.4024932221304365,-0.468666666666671,26.56,equatorial
17.72,26.45,29.27,24.6,88.94,2.35,1.94,4.19,0.95,0.9,2017-06-07,Kribi,2017,6,158,23,45.96,129.52,320.58000000000004,850.34,1.3574909649093798,-0.13599999999999923,26.56,equatorial
17.91,26.97,30.04,25.01,87.25,1.56,1.84,4.85,0.94,0.89,2017-06-08,Kribi,2017,6,159,23,32.68,61.33000000000001,308.56,841.1,1.31943185122661,0.38833333333333186,26.97,equatorial
18.79,27.28,30.58,25.32,87.18,1.28,1.97,4.8,0.93,0.89,2017-06-09,Kribi,2017,6,160,23,24.700000000000003,60.990000000000016,296.79,828.04,1.2666829436293312,0.6776666666666706,27.28,equatorial
18.39,26.88,29.57,25.29,88.88,1.41,2.28,4.27,0.92,0.88,2017-06-10,Kribi,2017,6,161,23,22.51,61.780000000000015,293.13,822.86,1.2447211202698298,0.2740000000000009,27.28,equatorial
11.46,26.14,28.18,25.13,92.08,8.28,2.5,3.77,0.92,0.88,2017-06-11,Kribi,2017,6,162,23,25.24,68.89000000000001,298.65999999999997,814.89,1.2120040211913161,-0.4513333333333307,27.28,equatorial
4.15,25.76,27.0,24.91,94.23,10.18,2.38,2.77,0.93,0.89,2017-06-12,Kribi,2017,6,163,24,33.269999999999996,77.19000000000001,306.84,810.12,1.1918160168628646,-0.7933333333333294,27.28,equatorial
4.91,25.51,27.54,24.44,90.69,8.41,1.64,3.59,0.93,0.89,2017-06-13,Kribi,2017,6,164,24,33.47,82.42000000000002,312.88,812.5,1.1994421014728898,-1.0073333333333352,27.28,equatorial
13.48,26.1,28.47,24.56,85.47,0.75,1.69,3.91,0.93,0.88,2017-06-14,Kribi,2017,6,165,24,31.869999999999997,77.83000000000001,306.78999999999996,806.27,1.1736381285040167,-0.39033333333333076,27.28,equatorial
11.98,26.16,28.62,24.71,89.63,7.9,1.89,4.29,0.93,0.88,2017-06-15,Kribi,2017,6,166,24,38.21,70.89000000000001,293.88,808.73,1.1816272280776108,-0.32433333333333536,27.28,equatorial
4.27,25.48,27.03,24.47,92.81,6.37,2.2,2.63,0.93,0.89,2017-06-16,Kribi,2017,6,167,24,43.3,68.00000000000001,295.55,809.9,1.1845896073688742,-0.951666666666668,26.88,equatorial
9.63,25.22,27.16,24.16,92.23,10.27,2.52,3.84,0.93,0.89,2017-06-17,Kribi,2017,6,168,24,52.16,74.67000000000002,299.39,814.52,1.2009212282362263,-1.1636666666666677,26.16,equatorial
11.56,25.82,27.97,24.26,88.53,6.36,1.62,3.42,0.93,0.89,2017-06-18,Kribi,2017,6,169,24,50.24,75.48000000000002,290.79,802.04,1.1509109352794253,-0.5246666666666684,26.16,equatorial
9.71,25.37,26.8,24.52,93.72,22.56,1.97,2.17,0.94,0.91,2017-06-19,Kribi,2017,6,170,25,62.62,95.89000000000001,298.0,811.0,1.184158034627596,-0.9226666666666645,26.16,equatorial
17.5,25.18,27.11,23.97,90.6,13.62,1.76,3.0,0.96,0.92,2017-06-20,Kribi,2017,6,171,25,67.83,101.3,298.24,813.23,1.1912236420508242,-1.0360000000000014,26.16,equatorial
15.14,26.2,29.38,23.92,85.04,3.15,1.73,5.19,0.95,0.9,2017-06-21,Kribi,2017,6,172,25,70.22999999999999,102.10000000000001,285.17,812.57,1.187072288794731,0.0016666666666651508,26.2,equatorial
13.8,26.1,28.73,24.6,90.05,9.18,1.91,3.62,0.95,0.91,2017-06-22,Kribi,2017,6,173,25,71.50999999999999,109.72,270.02,819.6999999999999,1.2131067405025318,-0.08599999999999852,26.2,equatorial
8.48,25.35,26.84,24.58,92.15,8.01,1.89,2.81,0.95,0.91,2017-06-23,Kribi,2017,6,174,25,73.14999999999999,116.45,248.81,823.42,1.2258544310445032,-0.8029999999999973,26.2,equatorial
12.54,25.49,27.95,24.14,89.93,4.02,1.69,3.32,0.95,0.91,2017-06-24,Kribi,2017,6,175,25,66.89999999999999,119.06,183.08,820.2299999999999,1.2118149490400947,-0.6663333333333341,26.2,equatorial
15.1,26.38,29.97,24.21,86.74,8.6,1.63,5.96,0.95,0.91,2017-06-25,Kribi,2017,6,176,25,69.13999999999999,119.38000000000001,190.06,801.7199999999999,1.1385260628206073,0.24033333333333573,26.38,equatorial
9.47,26.04,28.44,24.59,89.46,12.39,1.82,4.09,0.95,0.91,2017-06-26,Kribi,2017,6,177,26,58.97,121.59000000000002,201.83,811.27,1.1740464214810589,-0.08266666666666822,26.38,equatorial
5.31,25.17,26.66,24.15,92.87,12.06,2.22,3.14,0.95,0.91,2017-06-27,Kribi,2017,6,178,26,57.410000000000004,125.24000000000001,212.72,821.49,1.2120496848443225,-0.9023333333333312,26.38,equatorial
9.51,25.0,26.83,23.81,90.37,14.24,1.93,3.45,0.96,0.92,2017-06-28,Kribi,2017,6,179,26,68.5,138.73000000000002,225.07999999999998,826.67,1.2304390766868993,-1.0086666666666666,26.38,equatorial
17.62,25.3,27.91,23.65,89.4,8.81,1.99,4.33,0.96,0.92,2017-06-29,Kribi,2017,6,180,26,68.13,139.64,230.70999999999998,827.31,1.231216862874112,-0.6806666666666672,26.38,equatorial
10.18,24.9,27.12,23.72,91.54,8.01,2.67,4.64,0.96,0.92,2017-06-30,Kribi,2017,6,181,26,68.13,141.28000000000003,233.38,831.2199999999999,1.2446314159726013,-1.0280000000000022,26.38,equatorial
14.19,24.59,27.08,23.04,90.71,8.72,2.55,5.01,0.96,0.91,2017-07-01,Kribi,2017,7,182,26,72.83,139.73000000000002,227.26000000000002,834.47,1.2554515848953294,-1.2863333333333316,26.38,equatorial
17.06,24.83,27.11,23.46,91.3,7.77,2.5,4.43,0.96,0.91,2017-07-02,Kribi,2017,7,183,26,72.0,141.14,225.76999999999998,836.2099999999999,1.26040382896581,-0.9903333333333357,26.04,equatorial
12.7,24.96,27.56,23.68,91.12,6.41,2.38,4.37,0.96,0.91,2017-07-03,Kribi,2017,7,184,27,66.02,124.99000000000001,228.57999999999998,834.47,1.2519042709151482,-0.8069999999999986,25.3,equatorial
16.78,24.72,27.13,23.22,89.98,8.22,2.6,4.93,0.95,0.91,2017-07-04,Kribi,2017,7,185,27,62.18,119.59000000000002,231.25,830.37,1.2343254140976987,-1.0046666666666653,25.3,equatorial
14.72,24.75,26.91,23.3,89.42,0.15,2.41,3.51,0.95,0.9,2017-07-05,Kribi,2017,7,186,27,48.089999999999996,116.59000000000002,229.25,820.39,1.1941122835913265,-0.9250000000000007,25.3,equatorial
16.98,24.62,26.93,23.31,88.37,0.08,2.26,3.56,0.94,0.89,2017-07-06,Kribi,2017,7,187,27,39.36,107.49000000000002,221.12,813.9499999999999,1.1676840876164623,-1.0039999999999978,24.96,equatorial
17.36,25.22,28.6,23.0,85.35,0.02,2.01,4.64,0.93,0.89,2017-07-07,Kribi,2017,7,188,27,31.37,99.50000000000001,218.79,808.3499999999999,1.144575746039959,-0.3630000000000031,25.22,equatorial
17.15,24.79,27.19,23.13,87.8,0.05,2.39,3.94,0.93,0.88,2017-07-08,Kribi,2017,7,189,27,22.7,95.53000000000002,217.28,797.73,1.102163854703859,-0.7203333333333326,25.22,equatorial
15.92,24.52,26.87,23.25,88.47,0.08,2.49,3.45,0.92,0.87,2017-07-09,Kribi,2017,7,190,27,15.010000000000002,87.01000000000002,216.08,790.2399999999999,1.0719398256715675,-0.898333333333337,25.22,equatorial
15.56,24.04,26.22,22.9,89.72,2.1,2.51,3.83,0.92,0.87,2017-07-10,Kribi,2017,7,191,28,10.700000000000001,76.72000000000001,216.77,784.4699999999999,1.0484278214833886,-1.2836666666666687,25.22,equatorial
13.91,24.54,27.07,22.95,87.7,1.57,2.22,3.87,0.91,0.87,2017-07-11,Kribi,2017,7,192,28,4.05,66.23,210.06,775.79,1.0137430334410042,-0.7303333333333342,25.22,equatorial
15.83,25.04,27.46,23.5,87.67,3.48,1.85,3.69,0.91,0.87,2017-07-12,Kribi,2017,7,193,28,7.380000000000001,55.47000000000001,203.35999999999999,746.36,0.8990449939919708,-0.20633333333333326,25.22,equatorial
18.99,24.94,27.86,23.31,88.66,4.48,2.55,5.47,0.91,0.87,2017-07-13,Kribi,2017,7,194,28,11.780000000000001,51.140000000000015,199.43,727.6899999999999,0.8260813335433302,-0.2873333333333292,25.22,equatorial
14.88,24.37,26.72,22.92,90.69,3.61,2.31,3.95,0.9,0.86,2017-07-14,Kribi,2017,7,195,28,15.370000000000001,46.740000000000016,202.29,715.51,0.7782881349716145,-0.799666666666667,25.04,equatorial
14.32,24.29,26.51,23.14,91.8,7.19,2.54,3.78,0.9,0.86,2017-07-15,Kribi,2017,7,196,28,22.51,45.210000000000015,201.57999999999998,715.28,0.7767258120971955,-0.8173333333333304,25.04,equatorial
15.18,24.5,27.28,22.97,90.32,9.72,2.92,5.3,0.9,0.87,2017-07-16,Kribi,2017,7,197,28,32.150000000000006,47.16000000000001,204.92999999999998,719.59,0.7927097050402014,-0.574666666666662,25.04,equatorial
14.78,24.28,26.44,22.87,90.46,4.75,2.48,4.06,0.9,0.87,2017-07-17,Kribi,2017,7,198,29,34.800000000000004,45.500000000000014,199.41,698.48,0.710419692659776,-0.7633333333333354,25.04,equatorial
15.41,24.94,28.12,23.13,89.03,3.05,2.26,4.64,0.9,0.86,2017-07-18,Kribi,2017,7,199,29,36.28,40.33000000000002,196.1,700.65,0.7182358712479997,-0.07399999999999807,25.04,equatorial
15.13,24.84,27.82,23.11,89.64,4.3,2.38,4.83,0.9,0.86,2017-07-19,Kribi,2017,7,200,29,37.10000000000001,44.48000000000001,177.84,700.4699999999999,0.7169552667193713,-0.15633333333333255,24.94,equatorial
11.37,24.89,27.89,23.18,90.29,3.53,2.47,4.65,0.89,0.86,2017-07-20,Kribi,2017,7,201,29,36.15,47.930000000000014,167.75000000000003,694.45,0.6930833280634342,-0.09666666666666757,24.94,equatorial
11.35,24.24,26.46,23.05,91.45,6.34,2.83,4.32,0.89,0.86,2017-07-21,Kribi,2017,7,202,29,38.88,54.250000000000014,170.94,691.4599999999999,0.6809624751272645,-0.6813333333333347,24.94,equatorial
12.15,24.38,26.92,23.11,90.85,14.07,2.81,4.73,0.9,0.87,2017-07-22,Kribi,2017,7,203,29,45.760000000000005,68.27000000000001,175.83,695.49,0.6960296852239988,-0.4839999999999982,24.94,equatorial
14.49,24.27,27.07,22.66,90.32,20.06,2.58,4.96,0.91,0.88,2017-07-23,Kribi,2017,7,204,29,56.1,88.25000000000001,187.88,711.78,0.7585495322679632,-0.5579999999999998,24.94,equatorial
13.9,24.11,25.93,23.05,91.55,11.92,2.63,3.98,0.92,0.88,2017-07-24,Kribi,2017,7,205,30,63.269999999999996,98.07000000000002,195.78,716.62,0.7766536130096202,-0.6720000000000006,24.94,equatorial
9.68,23.56,25.17,22.63,92.78,3.13,2.53,2.95,0.91,0.87,2017-07-25,Kribi,2017,7,206,30,63.349999999999994,99.63000000000001,190.31,716.2,0.7743628123173072,-1.1280000000000001,24.89,equatorial
12.88,24.59,27.93,22.52,88.14,2.21,2.13,5.14,0.91,0.87,2017-07-26,Kribi,2017,7,207,30,61.26,98.36000000000001,180.13,713.67,0.7639016490183266,-0.04966666666666342,24.89,equatorial
13.2,24.62,27.29,23.01,90.41,1.6,2.1,3.8,0.9,0.86,2017-07-27,Kribi,2017,7,208,30,59.33,95.48000000000002,169.67,709.13,0.7456653701076169,-0.0013333333333314101,24.62,equatorial
13.53,24.67,27.62,23.19,90.66,6.45,2.34,4.14,0.9,0.86,2017-07-28,Kribi,2017,7,209,30,59.44,98.32000000000002,161.88,712.11,0.756598828310957,0.05966666666666498,24.67,equatorial
16.14,24.66,27.59,23.15,89.65,7.27,2.58,4.93,0.9,0.87,2017-07-29,Kribi,2017,7,210,30,52.64,98.4,160.34,707.05,0.7363499734775455,0.0710000000000015,24.67,equatorial
12.63,24.49,26.95,23.12,91.14,3.37,2.69,4.25,0.9,0.86,2017-07-30,Kribi,2017,7,211,30,35.95,92.05000000000001,155.7,708.37,0.7408663291862304,-0.0853333333333346,24.67,equatorial
10.37,24.38,26.79,23.2,91.67,13.01,2.8,4.44,0.9,0.87,2017-07-31,Kribi,2017,7,212,31,37.04,100.31,159.98999999999998,718.02,0.7776870952030248,-0.18833333333333613,24.67,equatorial
10.83,24.0,26.27,22.76,90.66,4.65,2.43,4.03,0.91,0.87,2017-08-01,Kribi,2017,8,213,31,38.56,101.91000000000001,156.87,707.7099999999999,0.7370289294884608,-0.5406666666666666,24.67,equatorial
11.3,24.24,27.22,22.55,89.59,1.22,2.14,3.99,0.9,0.86,2017-08-02,Kribi,2017,8,214,31,37.57,98.83000000000001,151.68,704.46,0.7238152334180927,-0.2766666666666673,24.67,equatorial
16.15,24.32,26.89,22.92,90.28,1.82,2.63,4.45,0.89,0.85,2017-08-03,Kribi,2017,8,215,31,37.79,97.12000000000002,145.28,701.0400000000001,0.709956834982752,-0.18333333333333357,24.67,equatorial
9.26,23.87,25.65,22.89,92.22,2.4,2.56,3.1,0.89,0.85,2017-08-04,Kribi,2017,8,216,31,33.74,93.18,147.53,693.71,0.6809310163843268,-0.6039999999999992,24.66,equatorial
13.73,24.61,27.79,22.59,88.79,1.65,2.21,4.54,0.89,0.85,2017-08-05,Kribi,2017,8,217,31,28.120000000000005,80.76000000000002,149.1,694.48,0.683396451621071,0.13633333333333297,24.61,equatorial
15.19,24.14,26.34,22.97,92.01,5.26,1.97,3.08,0.88,0.85,2017-08-06,Kribi,2017,8,218,31,30.01,65.96000000000001,154.34,693.71,0.679876799662746,-0.2976666666666645,24.61,equatorial
11.24,24.37,27.05,23.03,91.54,6.04,2.24,4.02,0.89,0.85,2017-08-07,Kribi,2017,8,219,32,23.04,60.08000000000001,160.33,686.17,0.6500491971888982,-0.05366666666666475,24.61,equatorial
12.26,24.26,26.7,22.92,91.59,4.64,2.26,3.88,0.89,0.85,2017-08-08,Kribi,2017,8,220,32,23.03,61.59000000000002,164.89,677.76,0.6168652164559578,-0.15499999999999758,24.61,equatorial
11.5,24.15,26.4,22.88,91.05,5.77,2.68,4.44,0.88,0.85,2017-08-09,Kribi,2017,8,221,32,27.58,65.15000000000002,168.56,678.46,0.6191407473861599,-0.2686666666666646,24.61,equatorial
14.82,24.27,26.97,22.78,90.11,2.33,2.24,4.0,0.88,0.85,2017-08-10,Kribi,2017,8,222,32,28.089999999999996,65.88000000000001,169.32,678.04,0.6170575425101419,-0.13966666666667038,24.61,equatorial
12.69,24.48,27.1,22.89,91.24,7.09,2.35,4.13,0.88,0.85,2017-08-11,Kribi,2017,8,223,32,32.78,66.52000000000001,172.93,683.13,0.6364207678088818,0.08900000000000219,24.61,equatorial
14.63,24.57,27.48,22.92,90.1,10.37,2.67,5.11,0.89,0.86,2017-08-12,Kribi,2017,8,224,32,41.5,69.62000000000002,178.82,691.13,0.6670958700715496,0.1913333333333327,24.57,equatorial
16.38,24.39,26.41,22.93,90.65,2.65,2.35,3.91,0.88,0.85,2017-08-13,Kribi,2017,8,225,32,38.88999999999999,68.9,177.86,686.9399999999999,0.6502762545995908,0.010666666666669045,24.57,equatorial
10.15,24.61,27.21,23.16,90.41,4.47,2.46,4.09,0.88,0.85,2017-08-14,Kribi,2017,8,226,33,37.31999999999999,60.360000000000014,175.14000000000001,670.6,0.5861413145373274,0.21999999999999886,24.61,equatorial
7.91,24.48,27.03,23.26,90.69,15.38,2.58,4.49,0.89,0.87,2017-08-15,Kribi,2017,8,227,33,48.059999999999995,71.09000000000002,180.8,681.28,0.6273492503883672,0.09066666666666379,24.61,equatorial
7.66,24.43,26.98,23.23,90.41,5.54,2.96,4.91,0.89,0.85,2017-08-16,Kribi,2017,8,228,33,47.83,75.41000000000001,181.59,680.39,0.6234244561386063,0.035666666666667624,24.61,equatorial
10.13,24.24,26.69,22.95,91.06,5.91,2.97,4.65,0.89,0.86,2017-08-17,Kribi,2017,8,229,33,51.410000000000004,79.50000000000001,184.45,671.34,0.5876843662003831,-0.13100000000000023,24.61,equatorial
19.26,24.26,27.21,22.46,89.47,2.22,2.37,4.53,0.88,0.85,2017-08-18,Kribi,2017,8,230,33,46.54,79.32000000000002,182.36999999999998,658.2099999999999,0.5360526919391917,-0.09166666666666501,24.61,equatorial
11.06,24.88,28.17,22.77,87.58,0.89,2.06,4.44,0.88,0.84,2017-08-19,Kribi,2017,8,231,33,37.06,78.56000000000002,179.73,645.7199999999999,0.48694809367860276,0.5286666666666662,24.88,equatorial
10.93,23.91,25.55,23.16,93.29,7.81,2.56,2.98,0.87,0.85,2017-08-20,Kribi,2017,8,232,33,42.22,81.11,181.20000000000002,637.31,0.4537977050013193,-0.43033333333333346,24.88,equatorial
13.33,24.12,26.05,23.08,92.14,11.57,2.53,3.39,0.89,0.86,2017-08-21,Kribi,2017,8,233,34,49.32000000000001,86.64000000000001,178.7,624.55,0.4036676607985972,-0.211666666666666,24.88,equatorial
14.71,24.22,26.47,22.92,91.57,2.91,2.51,3.88,0.88,0.85,2017-08-22,Kribi,2017,8,234,34,36.85,84.91000000000001,161.54999999999998,598.24,0.30059149062684415,-0.10999999999999943,24.88,equatorial
8.38,24.3,26.17,23.13,91.17,5.72,1.82,2.82,0.88,0.86,2017-08-23,Kribi,2017,8,235,34,37.03,84.86000000000001,155.35,534.21,0.05000664390592456,-0.036333333333335105,24.88,equatorial
11.48,24.76,27.27,23.28,91.12,3.17,2.24,4.15,0.88,0.85,2017-08-24,Kribi,2017,8,236,34,34.29,85.70000000000002,155.39000000000001,535.76,0.0560460984194693,0.3836666666666666,24.88,equatorial
12.3,24.28,26.06,23.04,92.74,19.72,2.65,3.53,0.89,0.88,2017-08-25,Kribi,2017,8,237,34,51.790000000000006,98.33000000000001,172.9,554.86,0.1307958090822214,-0.08599999999999852,24.88,equatorial
19.4,24.49,27.31,22.74,89.31,2.23,2.63,4.95,0.89,0.85,2017-08-26,Kribi,2017,8,238,34,53.13,90.19000000000001,173.53,555.92,0.1348792984170907,0.1283333333333303,24.76,equatorial
18.33,24.13,26.01,23.1,92.03,4.28,2.28,3.24,0.89,0.86,2017-08-27,Kribi,2017,8,239,34,49.6,91.82000000000002,171.36,558.32,0.1442142520769542,-0.2136666666666649,24.76,equatorial
8.67,24.9,27.62,23.01,87.27,0.76,1.69,3.85,0.89,0.85,2017-08-28,Kribi,2017,8,240,35,38.79,88.11000000000003,164.85,555.9,0.13464963078663808,0.548333333333332,24.9,equatorial
15.13,24.79,27.18,23.36,90.61,5.32,2.52,4.81,0.88,0.85,2017-08-29,Kribi,2017,8,241,35,41.199999999999996,78.05000000000001,166.8,555.88,0.13450070332848407,0.42833333333333456,24.9,equatorial
12.86,24.49,26.9,23.18,90.84,4.06,2.7,4.4,0.88,0.85,2017-08-30,Kribi,2017,8,242,35,39.54,76.57000000000002,157.85,545.1,0.09211849638942646,0.12466666666666626,24.9,equatorial
14.96,24.58,27.55,22.89,88.29,1.84,2.52,5.29,0.88,0.84,2017-08-31,Kribi,2017,8,243,35,38.21,72.50000000000001,155.04,537.6800000000001,0.06293188024775252,0.19533333333333402,24.9,equatorial
14.75,25.06,28.19,22.89,85.31,0.99,1.55,4.63,0.87,0.84,2017-09-01,Kribi,2017,9,244,35,19.48,71.27000000000001,154.81,535.0699999999999,0.052644516666109024,0.6480000000000032,25.06,equatorial
13.88,24.5,26.61,23.36,92.25,10.19,2.33,3.43,0.87,0.85,2017-09-02,Kribi,2017,9,245,35,27.439999999999998,80.57000000000001,163.18,539.71,0.0708579185046313,0.08200000000000074,25.06,equatorial
9.54,24.35,26.84,23.17,91.93,10.11,2.71,4.37,0.88,0.86,2017-09-03,Kribi,2017,9,246,35,33.269999999999996,82.87000000000002,170.89,547.67,0.10212908157268598,-0.08399999999999963,25.06,equatorial
9.83,24.07,25.7,23.05,92.63,4.6,2.3,3.1,0.88,0.85,2017-09-04,Kribi,2017,9,247,36,37.11,75.9,173.84,544.0600000000001,0.08787064645904104,-0.3460000000000001,25.06,equatorial
9.55,24.79,27.6,23.16,90.34,4.11,2.16,4.3,0.88,0.85,2017-09-05,Kribi,2017,9,248,36,35.9,77.10000000000001,172.69,545.82,0.09475476631718294,0.35233333333333405,25.06,equatorial
14.91,24.77,27.43,23.16,90.58,4.71,2.6,4.65,0.87,0.84,2017-09-06,Kribi,2017,9,249,36,36.55,76.09000000000002,171.35999999999999,548.9699999999999,0.10711417419363017,0.31899999999999906,25.06,equatorial
14.63,24.27,26.12,23.17,91.18,9.36,2.62,3.9,0.88,0.85,2017-09-07,Kribi,2017,9,250,36,44.06999999999999,82.28000000000002,176.07999999999998,557.05,0.13890273623296553,-0.18133333333333113,25.06,equatorial
14.14,24.73,27.23,23.19,90.2,7.27,2.01,4.21,0.88,0.85,2017-09-08,Kribi,2017,9,251,36,50.35,69.83000000000001,177.57999999999998,562.91,0.1619366085739988,0.2593333333333341,24.79,equatorial
14.05,25.23,27.86,23.59,89.85,2.11,1.85,3.89,0.88,0.84,2017-09-09,Kribi,2017,9,252,36,42.269999999999996,69.71000000000001,177.36,556.74,0.13751180322325524,0.7273333333333376,25.23,equatorial
11.33,24.86,27.0,23.68,92.72,12.13,2.45,3.68,0.87,0.85,2017-09-10,Kribi,2017,9,253,36,44.28999999999999,77.56,182.4,558.6899999999999,0.14513719149595922,0.3446666666666651,25.23,equatorial
6.16,24.53,26.41,23.68,93.12,7.44,2.45,3.2,0.88,0.85,2017-09-11,Kribi,2017,9,254,37,47.13,84.24000000000001,179.47,557.72,0.14123158383555168,0.01600000000000179,25.23,equatorial
15.15,24.93,27.27,23.61,91.2,4.32,2.44,3.85,0.88,0.85,2017-09-12,Kribi,2017,9,255,37,47.34,83.24000000000001,181.14,561.29,0.15526318160995847,0.3979999999999997,25.23,equatorial
14.07,24.52,25.77,23.62,94.56,20.69,2.24,2.42,0.89,0.88,2017-09-13,Kribi,2017,9,256,37,63.32000000000001,99.87,197.35999999999999,574.08,0.20573851113302208,-0.009000000000000341,25.23,equatorial
12.69,24.72,27.22,23.2,91.07,8.57,2.4,4.62,0.9,0.87,2017-09-14,Kribi,2017,9,257,37,62.53,106.60000000000001,190.55,576.28,0.21433021913681155,0.18299999999999983,25.23,equatorial
15.13,24.85,27.42,23.5,91.44,8.72,2.52,4.68,0.9,0.87,2017-09-15,Kribi,2017,9,258,37,63.980000000000004,114.33000000000001,193.73000000000002,574.73,0.2080843448422414,0.29900000000000304,25.23,equatorial
15.03,24.69,27.18,23.31,90.36,6.66,2.77,5.12,0.9,0.87,2017-09-16,Kribi,2017,9,259,37,68.53,110.80000000000001,194.48000000000002,575.03,0.20916231527969914,0.12400000000000233,24.93,equatorial
13.12,24.95,27.55,23.26,89.32,3.85,2.0,4.37,0.9,0.86,2017-09-17,Kribi,2017,9,260,37,60.25000000000001,104.54000000000002,196.11,556.3199999999999,0.13495217401192128,0.3609999999999971,24.95,equatorial
16.85,25.06,27.65,23.77,91.47,5.39,2.48,4.63,0.89,0.86,2017-09-18,Kribi,2017,9,261,38,58.2,105.33000000000003,200.60999999999999,548.0899999999999,0.10227146211280147,0.4649999999999963,25.06,equatorial
18.44,25.02,27.41,23.48,91.35,4.47,2.47,4.39,0.89,0.86,2017-09-19,Kribi,2017,9,262,38,58.35,105.69000000000003,197.26999999999998,549.41,0.1074526277722069,0.3880000000000017,25.06,equatorial
16.89,25.34,28.03,23.83,90.31,2.91,2.21,4.42,0.89,0.86,2017-09-20,Kribi,2017,9,263,38,40.57,103.89000000000001,188.61,543.14,0.08252799621521222,0.6673333333333353,25.34,equatorial
18.29,25.02,26.67,24.05,92.62,5.62,2.22,3.04,0.89,0.86,2017-09-21,Kribi,2017,9,264,38,37.62,100.15000000000002,191.32,540.75,0.07300152981527287,0.3206666666666642,25.34,equatorial
6.83,24.64,26.15,23.51,94.01,14.62,2.76,3.21,0.9,0.87,2017-09-22,Kribi,2017,9,265,38,43.519999999999996,107.50000000000001,200.22,551.35,0.11505184068649274,-0.07066666666666421,25.34,equatorial
16.37,25.27,28.03,23.35,87.63,9.4,1.66,4.93,0.9,0.87,2017-09-23,Kribi,2017,9,266,38,46.260000000000005,114.79000000000002,206.45,552.1500000000001,0.11817136367285686,0.5423333333333353,25.34,equatorial
16.33,25.01,26.65,23.91,92.06,2.11,2.09,2.85,0.9,0.86,2017-09-24,Kribi,2017,9,267,38,44.52,104.77000000000002,188.84,541.87,0.07725432285192588,0.25800000000000267,25.34,equatorial
20.09,25.74,28.57,23.94,88.89,2.45,2.1,4.78,0.9,0.86,2017-09-25,Kribi,2017,9,268,39,41.58,99.78000000000002,189.06,532.26,0.03900183390154628,0.9463333333333352,25.74,equatorial
16.28,25.51,27.67,24.24,90.48,2.79,2.36,3.78,0.89,0.86,2017-09-26,Kribi,2017,9,269,39,39.9,98.25000000000001,187.57,520.81,-0.0065709851486250035,0.6703333333333354,25.74,equatorial
10.76,25.42,27.59,24.12,90.95,3.15,2.4,4.11,0.89,0.85,2017-09-27,Kribi,2017,9,270,39,40.14,80.71000000000001,189.96,515.15,-0.029097049356384356,0.5629999999999988,25.74,equatorial
13.6,24.69,25.75,23.93,94.15,8.76,2.1,2.35,0.89,0.86,2017-09-28,Kribi,2017,9,271,39,43.28,80.90000000000002,193.39999999999998,515.9,-0.02609569913125833,-0.16366666666666418,25.74,equatorial
8.43,25.41,27.79,23.67,88.36,14.91,1.48,3.74,0.9,0.88,2017-09-29,Kribi,2017,9,272,39,43.57,87.09000000000002,204.25,522.09,-0.0014190473792232714,0.5256666666666625,25.74,equatorial
14.69,26.37,30.19,24.22,83.54,2.06,1.3,7.31,0.9,0.86,2017-09-30,Kribi,2017,9,273,39,36.230000000000004,82.49000000000002,204.47,516.38,-0.024180830655614587,1.4259999999999984,26.37,equatorial
19.64,26.53,30.17,24.14,85.4,3.89,1.53,6.06,0.89,0.86,2017-10-01,Kribi,2017,10,274,39,38.01,82.53000000000002,207.37,513.86,-0.034219598378118846,1.5370000000000026,26.53,equatorial
7.48,25.7,27.87,24.51,90.95,4.5,2.02,3.54,0.89,0.86,2017-10-02,Kribi,2017,10,275,40,40.06,81.64000000000001,201.68,510.14,-0.0490468461374112,0.6670000000000016,26.53,equatorial
18.51,25.58,28.04,24.3,90.31,3.53,1.99,3.74,0.89,0.85,2017-10-03,Kribi,2017,10,276,40,40.800000000000004,80.70000000000002,195.1,513.52,-0.03552821898692407,0.5059999999999967,26.53,equatorial
6.47,25.45,27.64,24.13,91.0,5.37,2.15,4.3,0.88,0.86,2017-10-04,Kribi,2017,10,277,40,43.02,83.16000000000001,195.87,518.81,-0.01438037531965005,0.3299999999999983,26.53,equatorial
16.36,25.64,28.3,24.19,89.69,3.95,2.18,4.78,0.88,0.85,2017-10-05,Kribi,2017,10,278,40,38.21,81.49000000000001,195.71,522.74,0.001332436886993209,0.49166666666666714,26.53,equatorial
21.89,25.6,28.09,24.06,90.29,4.47,2.2,4.3,0.88,0.85,2017-10-06,Kribi,2017,10,279,40,27.770000000000003,71.34000000000002,195.47,527.1600000000001,0.019004458825747046,0.4239999999999995,26.53,equatorial
5.48,25.55,27.43,24.54,92.1,5.67,1.87,3.26,0.88,0.85,2017-10-07,Kribi,2017,10,280,40,31.38,67.61000000000001,191.78000000000003,532.75,0.041356870793361665,0.3313333333333368,26.53,equatorial
12.52,25.73,28.47,24.22,90.27,11.54,2.19,4.98,0.88,0.86,2017-10-08,Kribi,2017,10,281,40,39.03,77.04000000000002,196.05,542.1899999999999,0.07911800784271227,0.477999999999998,25.73,equatorial
11.53,25.48,27.8,24.11,91.37,7.77,2.28,4.46,0.89,0.86,2017-10-09,Kribi,2017,10,282,41,42.3,82.36000000000001,201.70999999999998,548.39,0.10390496510526098,0.21966666666666512,25.73,equatorial
13.61,25.09,27.61,24.03,91.79,10.09,2.37,4.08,0.89,0.87,2017-10-10,Kribi,2017,10,283,41,48.86,89.66000000000003,199.67,555.0,0.13033392153002687,-0.17799999999999727,25.73,equatorial
6.25,24.77,26.66,23.67,92.51,16.39,1.98,3.58,0.9,0.88,2017-10-11,Kribi,2017,10,284,41,59.879999999999995,102.9,208.62,566.91,0.178004492580306,-0.5060000000000038,25.73,equatorial
18.92,25.43,28.52,23.8,89.63,10.05,2.1,4.16,0.91,0.88,2017-10-12,Kribi,2017,10,285,41,65.97999999999999,104.19000000000001,214.35,573.35,0.20373785925560617,0.1373333333333342,25.73,equatorial
8.47,24.95,27.24,23.8,91.92,5.49,2.4,4.13,0.91,0.87,2017-10-13,Kribi,2017,10,286,41,67.0,94.77000000000001,199.15,571.6500000000001,0.19681360955044988,-0.35700000000000287,25.73,equatorial
16.32,24.9,26.57,23.67,91.27,4.77,1.91,3.23,0.9,0.87,2017-10-14,Kribi,2017,10,287,41,66.1,97.48,195.35,566.7,0.17684547544761334,-0.41300000000000026,25.73,equatorial
18.13,25.8,28.33,24.16,89.37,4.69,1.76,3.52,0.9,0.87,2017-10-15,Kribi,2017,10,288,41,59.25000000000001,98.28000000000002,191.32,566.64,0.1765151123717259,0.45533333333333204,25.8,equatorial
13.93,25.35,26.7,24.41,93.92,4.5,2.2,2.65,0.9,0.87,2017-10-16,Kribi,2017,10,289,42,55.980000000000004,98.28000000000002,189.16,568.09,0.18225138658217904,-0.01666666666666572,25.8,equatorial
6.28,25.28,26.35,24.55,94.76,22.43,2.08,2.28,0.91,0.89,2017-10-17,Kribi,2017,10,290,42,68.32,117.18,207.74,586.22,0.25503014952238107,-0.09766666666666168,25.8,equatorial
15.16,25.22,26.78,24.29,92.62,5.28,2.43,3.44,0.93,0.89,2017-10-18,Kribi,2017,10,291,42,57.209999999999994,117.09000000000002,207.63,587.97,0.2619342622268491,-0.16300000000000026,25.8,equatorial
17.82,25.59,28.01,23.97,90.91,3.61,2.11,3.99,0.92,0.88,2017-10-19,Kribi,2017,10,292,42,50.769999999999996,116.75000000000001,206.77,585.24,0.2508149327193892,0.18799999999999883,25.8,equatorial
19.0,25.81,27.77,24.6,91.52,2.44,2.08,3.35,0.92,0.88,2017-10-20,Kribi,2017,10,293,42,47.72,114.72000000000001,206.29999999999998,573.61,0.20387566487415693,0.3923333333333332,25.81,equatorial
10.48,25.63,27.3,24.64,92.81,3.36,2.04,3.14,0.92,0.88,2017-10-21,Kribi,2017,10,294,42,46.31,112.41000000000001,204.04000000000002,556.91,0.13652313697678337,0.19200000000000017,25.81,equatorial
12.83,25.37,26.64,24.58,94.7,12.76,2.07,2.05,0.92,0.89,2017-10-22,Kribi,2017,10,295,42,54.379999999999995,113.63000000000001,202.18,557.75,0.13983967298067548,-0.09233333333333249,25.81,equatorial
9.32,25.29,27.03,24.2,92.93,8.85,2.23,3.59,0.93,0.89,2017-10-23,Kribi,2017,10,296,43,58.73,114.71000000000001,201.63,563.47,0.1628264172902893,-0.17300000000000537,25.81,equatorial
18.52,24.86,25.97,24.13,92.6,2.89,1.61,1.94,0.93,0.88,2017-10-24,Kribi,2017,10,297,43,39.19,107.51,202.41,564.15,0.1654874013205328,-0.5980000000000025,25.81,equatorial
16.57,26.07,28.99,23.86,87.19,2.04,1.32,3.63,0.92,0.88,2017-10-25,Kribi,2017,10,298,43,35.95,93.16000000000001,202.0,564.5899999999999,0.16718006421473158,0.6009999999999991,26.07,equatorial
14.54,26.16,29.0,24.49,88.86,14.51,1.39,3.76,0.93,0.9,2017-10-26,Kribi,2017,10,299,43,46.85,97.62,213.72,572.6500000000001,0.19963060003953828,0.6693333333333342,26.16,equatorial
13.14,25.66,27.18,24.58,91.59,3.16,1.43,2.04,0.93,0.89,2017-10-27,Kribi,2017,10,300,43,47.56999999999999,95.29000000000002,213.73,568.54,0.1829324445328396,0.16133333333333155,26.16,equatorial
6.02,24.85,25.9,24.27,92.4,17.77,1.95,2.13,0.94,0.91,2017-10-28,Kribi,2017,10,301,43,61.98,108.29000000000002,222.74,582.94,0.24101952349371852,-0.6539999999999999,26.16,equatorial
20.02,26.25,28.75,24.14,84.3,2.74,1.34,3.63,0.94,0.9,2017-10-29,Kribi,2017,10,302,43,51.96,106.34,210.57000000000002,572.67,0.19938472305492352,0.7180000000000035,26.25,equatorial
6.49,25.85,28.01,24.65,91.1,17.32,1.69,3.43,0.94,0.91,2017-10-30,Kribi,2017,10,303,44,60.43,119.16,225.83,585.3399999999999,0.2505205207276054,0.33533333333333815,26.25,equatorial
17.62,26.64,30.52,24.4,84.5,2.04,1.09,5.35,0.94,0.9,2017-10-31,Kribi,2017,10,304,44,59.58,98.77000000000001,223.98,586.16,0.25370941374640354,1.1216666666666697,26.64,equatorial
18.14,26.63,29.82,24.5,85.85,38.46,1.38,5.26,0.94,0.92,2017-11-01,Kribi,2017,11,305,44,96.0,131.95000000000002,257.94,622.8,0.40186894343193275,1.0806666666666658,26.64,equatorial
12.39,25.78,27.74,24.66,90.63,12.81,1.73,2.4,0.97,0.93,2017-11-02,Kribi,2017,11,306,44,94.30000000000001,141.15000000000003,267.21999999999997,633.21,0.4437883202909428,0.2240000000000002,26.64,equatorial
20.79,26.61,29.89,24.65,84.99,3.16,1.1,4.29,0.96,0.92,2017-11-03,Kribi,2017,11,307,44,94.3,141.87,265.01,634.72,0.44964793146278165,1.0153333333333343,26.64,equatorial
20.03,26.21,29.7,24.09,86.11,4.62,1.69,5.32,0.96,0.91,2017-11-04,Kribi,2017,11,308,44,81.15,143.13000000000002,265.68,634.0799999999999,0.44679501072145494,0.5963333333333338,26.64,equatorial
8.26,25.99,28.76,24.49,88.07,5.31,2.08,4.94,0.96,0.91,2017-11-05,Kribi,2017,11,309,44,83.72000000000001,135.68000000000004,266.52,633.35,0.443578752166561,0.3633333333333333,26.64,equatorial
17.05,24.68,25.71,23.99,94.26,6.44,2.18,2.21,0.95,0.91,2017-11-06,Kribi,2017,11,310,45,72.84,133.27,267.29,635.15,0.4506221827433952,-0.9176666666666655,26.64,equatorial
19.75,26.0,28.74,23.76,82.78,6.26,1.47,4.65,0.95,0.91,2017-11-07,Kribi,2017,11,311,45,77.05999999999999,136.64,262.01,635.64,0.4523496888968823,0.3933333333333344,26.63,equatorial
17.58,26.14,29.53,24.22,86.41,5.85,1.44,3.83,0.95,0.9,2017-11-08,Kribi,2017,11,312,45,44.45,140.45000000000002,260.09000000000003,639.16,0.4663714936995616,0.511333333333333,26.61,equatorial
20.51,26.55,29.8,24.57,87.41,7.08,1.83,4.05,0.95,0.91,2017-11-09,Kribi,2017,11,313,45,38.72,133.02,257.08,639.15,0.4660591085177985,0.8726666666666674,26.61,equatorial
7.8,25.53,26.86,24.8,94.15,15.21,2.12,2.39,0.95,0.91,2017-11-10,Kribi,2017,11,314,45,50.77,145.07000000000002,255.89999999999998,643.99,0.4854411391219149,-0.17266666666666453,26.55,equatorial
19.65,26.35,29.53,24.59,86.68,4.25,1.85,5.0,0.96,0.91,2017-11-11,Kribi,2017,11,315,45,50.4,131.55,250.10000000000002,645.5899999999999,0.4916537940178643,0.6166666666666671,26.55,equatorial
14.02,25.8,28.55,24.42,89.6,3.71,2.17,3.59,0.95,0.9,2017-11-12,Kribi,2017,11,316,45,48.800000000000004,132.52,248.32,644.83,0.488274145721183,0.03833333333333755,26.55,equatorial
21.01,27.02,30.78,24.46,81.15,10.02,1.14,5.83,0.95,0.9,2017-11-13,Kribi,2017,11,317,46,52.379999999999995,125.22000000000001,253.57,639.47,0.466197156700815,1.187666666666665,27.02,equatorial
17.06,26.69,29.49,25.09,88.24,11.05,1.78,4.22,0.95,0.91,2017-11-14,Kribi,2017,11,318,46,57.17,134.23000000000002,259.93,644.98,0.48833358798265775,0.8279999999999994,27.02,equatorial
10.97,26.54,28.79,25.3,90.9,9.59,1.71,3.1,0.95,0.91,2017-11-15,Kribi,2017,11,319,46,60.91,105.36000000000001,265.02,648.66,0.5030157844807402,0.6383333333333354,27.02,equatorial
13.83,25.71,26.89,24.82,93.99,4.46,2.12,2.12,0.95,0.91,2017-11-16,Kribi,2017,11,320,46,58.29,97.01000000000002,247.04999999999998,650.9,0.5118313827020037,-0.20599999999999952,27.02,equatorial
18.67,25.61,27.17,24.53,92.87,8.91,2.18,2.95,0.96,0.91,2017-11-17,Kribi,2017,11,321,46,51.99,102.76000000000002,250.68,658.92,0.5441710701890048,-0.31899999999999906,27.02,equatorial
7.74,26.01,28.42,24.63,90.84,10.0,1.9,3.5,0.96,0.91,2017-11-18,Kribi,2017,11,322,46,57.74,108.14000000000001,257.07,661.11,0.5527537427872378,0.06700000000000372,27.02,equatorial
9.66,25.84,28.07,24.58,90.67,11.29,1.53,3.08,0.96,0.92,2017-11-19,Kribi,2017,11,323,46,65.32,114.12000000000002,265.92,660.83,0.5512710777204435,-0.10400000000000276,27.02,equatorial
20.87,26.47,30.07,24.2,85.92,3.24,1.64,4.33,0.96,0.91,2017-11-20,Kribi,2017,11,324,47,58.540000000000006,110.92000000000002,265.8,661.1600000000001,0.552275182107581,0.49799999999999756,26.69,equatorial
18.0,26.12,28.44,24.72,90.42,7.46,1.95,4.03,0.96,0.91,2017-11-21,Kribi,2017,11,325,47,54.95,112.12000000000002,260.5,662.9,0.5590261244275709,0.12299999999999756,26.54,equatorial
12.03,26.35,28.75,24.91,90.36,27.16,1.67,3.48,0.96,0.93,2017-11-22,Kribi,2017,11,326,47,72.52,133.43,278.81,686.8900000000001,0.6564829505759596,0.3176666666666712,26.47,equatorial
12.54,25.88,28.17,24.51,90.43,5.52,1.83,3.68,0.97,0.92,2017-11-23,Kribi,2017,11,327,47,73.58,131.87000000000003,281.44,672.69,0.5981341455101643,-0.18633333333333368,26.47,equatorial
20.73,25.81,28.37,24.27,87.13,2.65,1.97,4.02,0.97,0.92,2017-11-24,Kribi,2017,11,328,47,67.32,119.31000000000002,282.05,673.11,0.5994641761562005,-0.24766666666666737,26.47,equatorial
20.2,26.16,28.95,24.65,86.33,2.43,1.53,3.33,0.96,0.91,2017-11-25,Kribi,2017,11,329,47,59.75,117.49000000000001,269.97,671.26,0.5915309951837314,0.10233333333333405,26.47,equatorial
16.51,26.63,29.47,24.93,85.62,2.0,1.6,3.91,0.96,0.91,2017-11-26,Kribi,2017,11,330,47,50.46,115.78000000000002,268.81,672.5,0.5962162966877809,0.5400000000000027,26.63,equatorial
19.18,26.75,30.2,24.91,85.65,2.8,1.54,4.77,0.95,0.9,2017-11-27,Kribi,2017,11,331,48,50.019999999999996,108.56000000000002,253.84,669.98,0.5855466684387992,0.5966666666666676,26.75,equatorial
16.74,26.33,29.63,24.37,87.13,1.92,2.05,4.71,0.95,0.9,2017-11-28,Kribi,2017,11,332,48,44.48,99.43,253.01999999999998,667.84,0.5764363759012622,0.17399999999999594,26.75,equatorial
16.36,26.15,29.36,24.47,88.59,1.92,2.14,4.1,0.94,0.89,2017-11-29,Kribi,2017,11,333,48,19.24,91.76,237.62,667.92,0.576402513096633,-0.01600000000000179,26.75,equatorial
18.84,26.45,29.75,24.36,87.11,1.51,1.85,4.06,0.93,0.89,2017-11-30,Kribi,2017,11,334,48,15.23,88.81000000000002,237.09,668.4399999999999,0.578167402185419,0.29033333333332934,26.75,equatorial
19.67,26.18,28.35,25.04,90.41,3.56,1.96,2.96,0.93,0.89,2017-12-01,Kribi,2017,12,335,48,16.14,83.46000000000001,202.19,661.8100000000001,0.550699877151985,0.03533333333333033,26.75,equatorial
20.9,26.45,29.33,24.8,88.08,0.3,1.88,3.44,0.93,0.88,2017-12-02,Kribi,2017,12,336,48,14.01,73.76,189.68,652.0,0.5102416041320964,0.28300000000000125,26.75,equatorial
14.81,26.38,29.23,24.75,88.35,0.69,2.04,3.46,0.92,0.87,2017-12-03,Kribi,2017,12,337,48,12.7,63.16000000000001,187.21,648.09,0.4939428750814837,0.2206666666666628,26.75,equatorial
15.47,27.14,30.23,25.29,84.98,0.65,1.51,3.54,0.92,0.87,2017-12-04,Kribi,2017,12,338,49,10.549999999999999,60.570000000000014,183.23999999999998,644.63,0.47949366156646567,0.9496666666666655,27.14,equatorial
16.59,26.94,29.81,25.51,87.84,0.69,2.08,3.77,0.91,0.87,2017-12-05,Kribi,2017,12,339,49,9.319999999999999,53.80000000000001,178.61999999999998,640.61,0.4627578616572538,0.7180000000000035,27.14,equatorial
19.81,26.37,28.5,25.3,90.57,0.68,2.08,2.45,0.91,0.86,2017-12-06,Kribi,2017,12,340,49,8.08,27.320000000000014,172.85999999999999,631.93,0.42694011915373525,0.09166666666666856,27.14,equatorial
8.46,26.75,29.88,25.41,87.05,0.42,2.06,3.67,0.9,0.86,2017-12-07,Kribi,2017,12,341,49,6.99,22.220000000000013,167.02,625.0799999999999,0.39863357478398953,0.44666666666666544,27.14,equatorial
16.48,26.73,29.3,25.27,86.93,0.33,2.17,3.51,0.9,0.85,2017-12-08,Kribi,2017,12,342,49,3.76,19.900000000000016,161.5,623.3,0.39112097556120634,0.4070000000000036,27.14,equatorial
12.21,25.57,27.36,24.58,90.37,0.65,2.53,2.83,0.89,0.85,2017-12-09,Kribi,2017,12,343,49,4.11,18.12000000000001,155.07,611.8199999999999,0.3438267405117538,-0.7203333333333326,27.14,equatorial
11.63,25.4,26.81,24.55,91.93,0.87,2.34,2.25,0.89,0.85,2017-12-10,Kribi,2017,12,344,49,4.29,16.990000000000013,140.73000000000002,605.25,0.3166895501766501,-0.8860000000000028,27.14,equatorial
13.5,26.19,28.95,24.48,86.87,0.26,1.92,3.54,0.88,0.85,2017-12-11,Kribi,2017,12,345,50,3.9,14.450000000000015,136.74,601.1899999999999,0.299861140492764,-0.09066666666666379,26.94,equatorial
15.93,26.02,27.63,24.8,90.46,0.5,1.71,1.82,0.88,0.84,2017-12-12,Kribi,2017,12,346,50,3.71,13.030000000000015,133.53,581.0,0.2167897658075746,-0.26800000000000423,26.75,equatorial
18.38,26.63,29.16,25.17,87.79,0.8,1.7,2.71,0.88,0.84,2017-12-13,Kribi,2017,12,347,50,3.83,11.910000000000014,124.31,573.23,0.18475803959534576,0.3550000000000004,26.75,equatorial
17.79,26.75,29.58,25.2,87.5,0.6,2.09,3.49,0.87,0.84,2017-12-14,Kribi,2017,12,348,50,4.01,11.000000000000014,113.86,565.1099999999999,0.15128936402952206,0.472999999999999,26.75,equatorial
17.59,26.61,29.0,25.37,87.99,0.9,2.02,2.93,0.87,0.84,2017-12-15,Kribi,2017,12,349,50,4.58,8.340000000000014,105.17,559.35,0.12752816394811806,0.3306666666666658,26.75,equatorial
17.48,25.78,26.44,24.79,94.7,1.98,2.29,1.35,0.87,0.84,2017-12-16,Kribi,2017,12,350,50,5.91,10.020000000000014,102.69,557.48,0.11977380680293293,-0.5016666666666687,26.75,equatorial
16.93,26.24,29.54,24.11,87.75,0.58,2.21,3.76,0.86,0.83,2017-12-17,Kribi,2017,12,351,50,5.62,9.910000000000014,94.36,552.67,0.09991695598664528,-0.06266666666666865,26.75,equatorial
17.03,26.53,29.51,24.82,88.33,0.41,2.39,3.93,0.86,0.83,2017-12-18,Kribi,2017,12,352,51,5.77,9.670000000000014,84.77,548.6099999999999,0.08314933379647317,0.21000000000000085,26.75,equatorial
16.91,26.67,29.34,24.98,88.97,0.28,2.35,3.37,0.85,0.83,2017-12-19,Kribi,2017,12,353,51,5.55,9.260000000000014,73.76,545.98,0.07227410280102285,0.32233333333333647,26.75,equatorial
18.57,27.07,30.44,25.0,86.39,0.24,1.9,3.78,0.85,0.82,2017-12-20,Kribi,2017,12,354,51,4.99,8.820000000000014,70.76,540.6,0.050062652654402726,0.7023333333333355,27.07,equatorial
18.42,26.72,29.48,25.16,88.97,0.36,2.19,2.95,0.84,0.82,2017-12-21,Kribi,2017,12,355,51,4.75,8.760000000000014,63.66,526.3399999999999,-0.00877182687380901,0.3323333333333309,27.07,equatorial
14.73,26.1,28.13,25.12,90.76,2.6,2.06,2.42,0.84,0.82,2017-12-22,Kribi,2017,12,356,51,6.45,11.030000000000015,39.1,519.54,-0.03682544455837045,-0.2793333333333301,27.07,equatorial
12.24,25.57,26.8,24.85,92.69,3.16,2.2,1.99,0.84,0.82,2017-12-23,Kribi,2017,12,357,51,7.63,13.540000000000013,36.739999999999995,520.59,-0.032474087074231654,-0.799000000000003,27.07,equatorial
18.46,26.42,29.1,24.92,85.93,1.53,2.14,3.87,0.84,0.82,2017-12-24,Kribi,2017,12,358,51,8.58,14.200000000000015,35.62,519.6700000000001,-0.03625869949662755,0.03066666666666862,27.07,equatorial
18.17,26.93,30.83,24.97,85.15,1.16,1.99,3.95,0.83,0.81,2017-12-25,Kribi,2017,12,359,52,9.33,15.100000000000016,34.35,518.04,-0.04297691986056143,0.514999999999997,27.07,equatorial
18.11,26.94,30.47,24.59,85.39,0.66,1.73,4.0,0.83,0.81,2017-12-26,Kribi,2017,12,360,52,9.71,15.260000000000016,33.01,515.55,-0.05325013946436349,0.5146666666666668,27.07,equatorial
16.99,26.85,29.98,24.79,85.33,0.41,1.6,3.38,0.82,0.81,2017-12-27,Kribi,2017,12,361,52,9.88,14.870000000000015,30.62,507.2,-0.08775786911336479,0.4213333333333331,26.94,equatorial
17.75,26.8,29.93,25.07,86.83,0.22,1.72,3.5,0.82,0.8,2017-12-28,Kribi,2017,12,362,52,9.74,14.490000000000014,28.919999999999998,492.51,-0.1484961417111077,0.35566666666667146,26.94,equatorial
16.21,26.47,29.24,24.88,87.18,0.16,1.83,3.29,0.81,0.8,2017-12-29,Kribi,2017,12,363,52,7.3,13.750000000000014,27.16,490.60999999999996,-0.1562913496460309,0.015000000000000568,26.94,equatorial
17.13,26.61,29.78,24.76,86.23,0.17,1.61,3.45,0.81,0.8,2017-12-30,Kribi,2017,12,364,52,4.31,11.940000000000014,25.82,486.89,-0.17162301037478503,0.1496666666666684,26.94,equatorial
16.37,26.58,29.82,24.85,86.3,0.21,1.66,3.36,0.81,0.8,2017-12-31,Kribi,2017,12,365,52,2.9899999999999998,11.570000000000014,22.470000000000002,482.59999999999997,-0.18931533907183917,0.10633333333333184,26.94,equatorial
18.39,26.51,29.84,24.75,84.5,0.31,1.9,3.89,0.8,0.79,2018-01-01,Kribi,2018,1,1,1,2.14,11.470000000000013,22.48,479.38,-0.20257180840851113,0.03433333333333621,26.94,equatorial
19.22,26.69,30.1,24.6,83.93,0.53,1.64,3.71,0.8,0.79,2018-01-02,Kribi,2018,1,2,1,2.01,11.720000000000015,22.32,474.54,-0.22254457734624358,0.20400000000000418,26.85,equatorial
16.34,26.61,29.42,24.81,82.9,0.55,1.45,3.63,0.79,0.79,2018-01-03,Kribi,2018,1,3,1,2.15,12.030000000000014,22.22,471.14,-0.23654222912459494,0.14166666666666927,26.8,equatorial
16.51,26.23,29.44,23.7,75.65,0.33,1.69,4.42,0.79,0.78,2018-01-04,Kribi,2018,1,4,1,2.2600000000000002,12.000000000000014,21.86,467.0,-0.2536094963250158,-0.21466666666666612,26.69,equatorial
17.16,25.99,29.21,23.85,84.01,0.55,1.46,3.83,0.78,0.78,2018-01-05,Kribi,2018,1,5,1,2.65,9.950000000000014,21.73,461.88,-0.2747434384286285,-0.4420000000000037,26.69,equatorial
10.41,25.95,29.06,24.1,86.35,5.6,2.17,4.31,0.78,0.79,2018-01-06,Kribi,2018,1,6,1,8.08,12.390000000000015,26.91,455.94,-0.29928021098746943,-0.4553333333333356,26.69,equatorial
18.57,26.19,29.51,24.13,82.33,2.08,2.09,5.05,0.78,0.78,2018-01-07,Kribi,2018,1,7,1,9.95,12.940000000000015,28.66,450.25,-0.32277423365664126,-0.19733333333333292,26.69,equatorial
18.08,26.54,30.07,24.58,82.74,3.92,1.63,4.16,0.78,0.79,2018-01-08,Kribi,2018,1,8,2,13.559999999999999,15.700000000000014,31.93,444.08,-0.3482589366157386,0.12033333333333474,26.69,equatorial
18.23,26.63,30.51,24.23,83.26,1.25,1.89,4.57,0.78,0.78,2018-01-09,Kribi,2018,1,9,2,14.280000000000001,16.290000000000013,32.31,428.94,-0.41103516869985357,0.16933333333333422,26.63,equatorial
18.93,26.28,29.49,24.38,86.81,3.54,2.12,4.0,0.77,0.78,2018-01-10,Kribi,2018,1,10,2,17.27,19.420000000000016,35.59,422.43,-0.43789584784657243,-0.1836666666666673,26.63,equatorial
18.95,26.59,29.94,24.6,84.79,0.91,2.21,4.52,0.77,0.77,2018-01-11,Kribi,2018,1,11,2,17.85,20.110000000000014,36.0,417.85,-0.4567168390906178,0.10733333333333661,26.63,equatorial
16.91,26.39,29.27,24.69,85.44,1.15,2.18,3.83,0.77,0.77,2018-01-12,Kribi,2018,1,12,2,18.45,21.100000000000016,36.349999999999994,414.23,-0.47153515163172977,-0.08466666666666711,26.63,equatorial
17.92,26.39,29.36,24.62,86.69,1.17,2.38,3.86,0.77,0.77,2018-01-13,Kribi,2018,1,13,2,14.020000000000001,22.100000000000012,36.92,410.71000000000004,-0.4859313552626379,-0.07266666666666666,26.63,equatorial
17.15,26.29,29.3,24.57,86.43,1.28,2.32,3.87,0.76,0.76,2018-01-14,Kribi,2018,1,14,2,13.22,23.170000000000012,37.3,407.49,-0.4990721569940682,-0.1620000000000026,26.63,equatorial
17.51,26.46,29.69,24.67,85.08,1.08,2.25,4.12,0.76,0.76,2018-01-15,Kribi,2018,1,15,3,10.38,23.940000000000015,36.4,386.14,-0.5877378742686158,-0.014666666666666828,26.63,equatorial
19.91,26.77,30.51,24.62,84.02,0.7,1.86,4.12,0.76,0.76,2018-01-16,Kribi,2018,1,16,3,9.830000000000002,24.110000000000014,36.52,381.56,-0.6064672689423372,0.2776666666666685,26.77,equatorial
19.7,26.79,30.31,24.69,85.38,1.02,2.02,4.11,0.75,0.76,2018-01-17,Kribi,2018,1,17,3,7.3100000000000005,24.580000000000016,37.129999999999995,378.97,-0.616890096077579,0.2890000000000015,26.79,equatorial
19.99,26.57,29.84,24.85,86.91,0.72,2.31,3.69,0.75,0.75,2018-01-18,Kribi,2018,1,18,3,7.120000000000001,24.970000000000013,37.57,377.25,-0.6236790058399234,0.07233333333333292,26.79,equatorial
19.07,26.55,29.67,24.64,86.03,1.2,2.18,3.81,0.74,0.75,2018-01-19,Kribi,2018,1,19,3,7.17,25.62000000000001,38.53,375.09000000000003,-0.6322985050604708,0.0696666666666701,26.79,equatorial
15.07,25.53,27.65,24.41,88.04,1.32,2.3,2.64,0.74,0.75,2018-01-20,Kribi,2018,1,20,3,7.32,21.340000000000014,39.49,363.65000000000003,-0.6796206583328868,-0.9106666666666641,26.79,equatorial
19.45,26.37,30.22,23.82,82.89,0.25,1.96,4.03,0.74,0.74,2018-01-21,Kribi,2018,1,21,3,6.290000000000001,19.510000000000012,37.14,355.05,-0.7150544265748126,-0.07966666666666455,26.79,equatorial
18.46,26.5,29.76,24.47,86.46,0.59,2.06,3.59,0.74,0.74,2018-01-22,Kribi,2018,1,22,4,5.800000000000001,16.180000000000014,34.57,352.75,-0.7241683893239168,0.019333333333335645,26.79,equatorial
16.08,25.67,27.63,24.45,89.6,1.75,2.31,2.54,0.74,0.75,2018-01-23,Kribi,2018,1,23,4,6.850000000000001,16.680000000000014,34.79,352.46,-0.7248856331729019,-0.7856666666666676,26.79,equatorial
19.28,26.58,30.31,24.03,81.97,0.3,1.82,4.37,0.73,0.74,2018-01-24,Kribi,2018,1,24,4,6.130000000000002,13.440000000000014,33.93,338.25,-0.7837065998212681,0.13599999999999923,26.58,equatorial
18.28,26.47,29.65,24.54,85.28,0.41,1.93,3.41,0.73,0.74,2018-01-25,Kribi,2018,1,25,4,5.82,12.940000000000014,33.68,335.5,-0.794622603396144,0.0416666666666643,26.58,equatorial
14.55,26.25,29.14,24.82,85.36,0.16,2.03,3.09,0.73,0.74,2018-01-26,Kribi,2018,1,26,4,4.780000000000001,11.950000000000014,33.43,317.89,-0.8675645099238516,-0.158333333333335,26.58,equatorial
19.56,26.72,30.12,24.58,84.67,0.3,2.02,3.79,0.72,0.73,2018-01-27,Kribi,2018,1,27,4,3.760000000000001,11.080000000000014,33.51,315.45,-0.8770746351319412,0.31433333333333024,26.72,equatorial
18.66,26.95,30.52,24.84,84.52,0.15,2.07,3.94,0.72,0.73,2018-01-28,Kribi,2018,1,28,4,3.6600000000000006,9.950000000000015,33.5,298.28,-0.9480688781750286,0.5283333333333324,26.95,equatorial
12.49,26.85,30.17,25.16,85.51,0.19,1.98,3.41,0.72,0.73,2018-01-29,Kribi,2018,1,29,5,3.2600000000000007,9.060000000000015,33.52,296.42999999999995,-0.9549924258071832,0.42033333333333545,26.95,equatorial
19.84,27.12,30.56,24.85,84.66,0.14,1.76,3.84,0.71,0.72,2018-01-30,Kribi,2018,1,30,5,1.6500000000000008,8.500000000000014,33.45,258.11,-1.1141295811886631,0.6723333333333343,27.12,equatorial
19.72,27.37,30.86,25.18,84.5,1.25,1.77,4.35,0.71,0.72,2018-01-31,Kribi,2018,1,31,5,2.6000000000000005,8.730000000000015,34.39,246.54999999999998,-1.1612543290245814,0.8936666666666682,27.37,equatorial
14.15,27.17,30.9,25.13,86.08,1.32,2.03,4.23,0.71,0.72,2018-02-01,Kribi,2018,2,32,5,3.5100000000000007,9.330000000000014,35.18,244.71,-1.1677213756758655,0.6776666666666635,27.37,equatorial
18.31,27.5,31.23,25.21,83.82,1.09,1.93,4.34,0.71,0.72,2018-02-02,Kribi,2018,2,33,5,4.440000000000001,9.220000000000013,35.72,241.17999999999998,-1.1812217398844744,0.977999999999998,27.5,equatorial
19.5,27.49,31.08,25.41,85.21,1.56,2.12,4.13,0.71,0.72,2018-02-03,Kribi,2018,2,34,5,5.700000000000001,9.460000000000015,36.95,237.42999999999998,-1.1956066361513538,0.9259999999999984,27.5,equatorial
20.12,27.87,31.33,25.66,84.32,1.48,1.63,4.74,0.7,0.72,2018-02-04,Kribi,2018,2,35,5,7.030000000000001,10.690000000000015,37.879999999999995,232.47,-1.214999607851165,1.2433333333333358,27.87,equatorial
20.69,27.36,30.46,25.61,88.31,10.23,2.34,4.05,0.71,0.75,2018-02-05,Kribi,2018,2,36,6,17.07,20.330000000000016,42.51,236.44,-1.1971255695902934,0.6863333333333337,27.87,equatorial
20.0,27.61,31.03,25.7,86.86,7.71,2.25,4.52,0.72,0.75,2018-02-06,Kribi,2018,2,37,6,24.64,26.290000000000017,48.14,238.3,-1.188090040082925,0.8889999999999993,27.87,equatorial
15.32,27.42,30.46,25.79,87.96,7.75,2.47,4.42,0.72,0.75,2018-02-07,Kribi,2018,2,38,6,31.14,33.740000000000016,51.97,238.97,-1.1840359299037675,0.6696666666666644,27.87,equatorial
20.89,27.31,30.33,25.53,87.68,5.72,2.43,4.29,0.72,0.75,2018-02-08,Kribi,2018,2,39,6,35.54,39.05000000000002,56.44,229.48,-1.2223143629970135,0.5369999999999955,27.87,equatorial
13.76,26.83,28.6,26.03,90.31,8.34,3.19,3.3,0.73,0.76,2018-02-09,Kribi,2018,2,40,6,42.790000000000006,47.23000000000002,61.239999999999995,233.57000000000002,-1.2039407143523102,0.038666666666664185,27.87,equatorial
16.96,26.81,28.67,25.87,89.8,5.03,2.59,2.97,0.73,0.75,2018-02-10,Kribi,2018,2,41,6,46.260000000000005,51.960000000000015,65.36,234.89000000000001,-1.1971483820490054,0.01133333333332942,27.87,equatorial
16.7,26.89,29.57,25.22,88.27,9.56,2.35,3.55,0.74,0.76,2018-02-11,Kribi,2018,2,42,6,54.34,61.37000000000001,73.77,234.43,-1.197784304776619,0.0746666666666691,27.61,equatorial
10.52,26.67,28.65,25.72,88.64,8.18,2.01,2.68,0.74,0.77,2018-02-12,Kribi,2018,2,43,7,52.290000000000006,69.36000000000001,80.78,231.55999999999997,-1.2084503786552643,-0.15466666666666384,27.61,equatorial
20.61,26.9,29.72,25.37,87.77,16.59,2.09,3.57,0.76,0.79,2018-02-13,Kribi,2018,2,44,7,61.17,85.81000000000002,96.08999999999999,238.56,-1.17801662712456,0.05499999999999616,27.42,equatorial
11.95,26.61,28.39,25.65,92.19,65.87,2.69,2.73,0.8,0.89,2018-02-14,Kribi,2018,2,45,7,119.29,150.43,160.88,299.97,-0.9211638354611754,-0.240000000000002,27.31,equatorial
21.17,27.33,30.86,25.29,85.89,2.17,1.83,3.75,0.82,0.8,2018-02-15,Kribi,2018,2,46,7,115.74000000000001,151.28000000000003,162.35,293.22999999999996,-0.9484845414786621,0.46133333333333226,27.33,equatorial
9.39,27.04,29.32,25.95,89.14,2.43,2.44,3.13,0.8,0.79,2018-02-16,Kribi,2018,2,47,7,109.83,152.62000000000003,163.76,285.65999999999997,-0.9792179652742818,0.1629999999999967,27.33,equatorial
10.3,26.71,28.8,25.54,90.56,2.63,2.49,2.78,0.79,0.79,2018-02-17,Kribi,2018,2,48,7,107.43,153.69000000000003,165.67,277.0,-1.0144375915763966,-0.1716666666666633,27.33,equatorial
14.81,26.38,28.61,25.0,86.77,1.95,2.37,3.56,0.79,0.78,2018-02-18,Kribi,2018,2,49,7,99.82000000000001,154.16000000000003,166.42000000000002,275.71,-1.0189099618642306,-0.49599999999999866,27.33,equatorial
14.61,26.6,29.61,25.06,84.61,1.28,2.08,3.69,0.78,0.78,2018-02-19,Kribi,2018,2,50,8,92.92,145.21,166.38,269.53000000000003,-1.043732887925212,-0.3116666666666674,27.33,equatorial
17.4,26.09,28.0,24.92,88.43,4.61,2.21,2.82,0.78,0.78,2018-02-20,Kribi,2018,2,51,8,80.94,142.11000000000004,170.73999999999998,246.98,-1.1366439212129018,-0.8123333333333349,27.33,equatorial
16.88,25.67,26.96,24.95,92.11,8.19,2.55,2.48,0.79,0.8,2018-02-21,Kribi,2018,2,52,8,23.259999999999998,142.55000000000004,178.34,249.64999999999998,-1.1243990522520746,-1.2046666666666646,27.33,equatorial
18.2,26.04,27.92,24.74,88.32,3.56,2.16,2.95,0.79,0.79,2018-02-22,Kribi,2018,2,53,8,24.65,140.39000000000004,180.15,250.56,-1.1195052217050263,-0.8470000000000013,27.04,equatorial
10.9,26.85,29.56,24.99,82.14,5.04,1.36,3.64,0.79,0.79,2018-02-23,Kribi,2018,2,54,8,27.259999999999998,137.09000000000003,184.89,253.17000000000002,-1.107549754409532,-0.045999999999999375,26.85,equatorial
20.11,26.36,27.73,25.35,90.23,12.78,2.28,2.56,0.8,0.81,2018-02-24,Kribi,2018,2,55,8,37.41,144.84000000000003,197.26,263.95,-1.0616280269217226,-0.5323333333333338,26.85,equatorial
18.49,26.09,27.49,25.25,92.23,8.45,2.65,2.6,0.8,0.81,2018-02-25,Kribi,2018,2,56,8,43.91,143.73000000000002,205.55,269.59999999999997,-1.0371401269852665,-0.7970000000000006,26.85,equatorial
12.98,25.9,27.36,24.81,91.54,22.28,2.63,3.15,0.81,0.83,2018-02-26,Kribi,2018,2,57,9,64.91,157.83,227.53,289.96,-0.9514843731792509,-0.9596666666666671,26.85,equatorial
11.8,25.3,26.63,24.56,90.3,6.57,2.35,2.19,0.83,0.82,2018-02-27,Kribi,2018,2,58,9,66.87,147.81,233.95,294.61,-0.9313460934620675,-1.5046666666666688,26.85,equatorial
20.04,26.18,28.49,24.43,86.13,3.58,1.94,3.21,0.82,0.81,2018-02-28,Kribi,2018,2,59,9,62.26,85.52000000000001,237.34,296.68,-0.9219774233226325,-0.602333333333334,26.85,equatorial
8.65,25.68,27.4,24.76,89.37,5.03,2.71,3.65,0.82,0.81,2018-03-01,Kribi,2018,3,60,9,63.730000000000004,88.38000000000001,242.23000000000002,298.15000000000003,-0.915120777713685,-1.0543333333333322,26.85,equatorial
19.23,26.11,28.84,24.57,86.48,0.21,2.03,3.43,0.82,0.8,2018-03-02,Kribi,2018,3,61,9,58.9,86.16000000000003,241.19,298.06,-0.9147690875169898,-0.5823333333333345,26.36,equatorial
16.75,26.3,28.88,24.55,87.99,0.8,2.45,3.89,0.81,0.8,2018-03-03,Kribi,2018,3,62,9,46.92,84.33000000000001,240.67000000000002,298.17,-0.9135859146353267,-0.3633333333333333,26.3,equatorial
20.68,26.12,28.56,24.65,87.01,0.52,2.2,3.45,0.8,0.79,2018-03-04,Kribi,2018,3,63,9,38.99,82.9,240.1,298.03999999999996,-0.9134044007416176,-0.4973333333333301,26.3,equatorial
21.02,26.3,29.4,24.25,85.75,0.39,2.09,4.19,0.8,0.79,2018-03-05,Kribi,2018,3,64,10,17.1,82.01000000000002,238.93,297.73999999999995,-0.913931695914275,-0.2776666666666685,26.3,equatorial
22.69,26.7,30.1,24.43,84.85,0.54,2.11,4.79,0.79,0.78,2018-03-06,Kribi,2018,3,65,10,11.07,77.94000000000001,237.98999999999998,297.59999999999997,-0.9137926254234392,0.16133333333333155,26.7,equatorial
16.06,26.58,29.21,25.05,88.76,8.98,2.44,4.16,0.8,0.8,2018-03-07,Kribi,2018,3,66,10,16.47,78.73,236.74,306.16,-0.8774212477808733,0.06733333333333036,26.7,equatorial
17.68,25.88,27.69,24.69,90.74,9.09,2.25,2.92,0.8,0.81,2018-03-08,Kribi,2018,3,67,10,20.53,84.26000000000002,238.12,314.91999999999996,-0.8402640925787048,-0.5749999999999993,26.7,equatorial
4.97,26.08,27.49,25.21,91.68,8.48,2.0,2.1,0.81,0.82,2018-03-09,Kribi,2018,3,68,10,28.799999999999997,87.70000000000002,238.85,322.75,-0.8070260356691947,-0.33033333333333204,26.7,equatorial
21.97,26.72,29.47,25.4,87.63,5.02,1.99,3.78,0.81,0.81,2018-03-10,Kribi,2018,3,69,10,33.02,79.94000000000001,238.14999999999998,326.9,-0.7891604236898635,0.3293333333333308,26.72,equatorial
12.07,25.77,26.74,25.17,93.28,10.5,2.53,2.23,0.82,0.82,2018-03-11,Kribi,2018,3,70,10,43.0,81.99000000000001,240.31,337.14,-0.745929757575671,-0.585333333333331,26.72,equatorial
21.91,26.57,29.61,24.7,85.1,1.24,2.12,4.46,0.82,0.8,2018-03-12,Kribi,2018,3,71,11,43.849999999999994,60.95000000000002,236.51999999999998,337.88,-0.7423473799941883,0.2226666666666688,26.72,equatorial
20.3,26.88,29.84,25.09,85.88,1.17,2.02,4.3,0.81,0.8,2018-03-13,Kribi,2018,3,72,11,44.48,55.55000000000001,228.13,338.25,-0.7403117773260296,0.5330000000000013,26.88,equatorial
18.49,26.74,29.21,25.34,88.03,1.95,2.09,3.67,0.8,0.8,2018-03-14,Kribi,2018,3,73,11,37.45,53.920000000000016,221.9,339.6,-0.734191207668479,0.39066666666666805,26.88,equatorial
8.75,26.08,27.32,25.34,93.28,15.24,2.12,2.14,0.81,0.83,2018-03-15,Kribi,2018,3,74,11,43.599999999999994,64.13000000000001,220.55,353.94,-0.6738837638660454,-0.24200000000000088,26.88,equatorial
15.12,26.87,30.07,24.67,84.58,1.69,1.82,4.69,0.82,0.8,2018-03-16,Kribi,2018,3,75,11,36.81,65.61000000000001,156.37,353.65,-0.6746757169226731,0.5393333333333352,26.88,equatorial
16.45,26.25,28.62,25.02,89.89,1.85,2.58,3.57,0.81,0.8,2018-03-17,Kribi,2018,3,76,11,33.64,66.66000000000001,156.05,354.91999999999996,-0.6689559653686665,-0.044666666666667965,26.88,equatorial
15.51,25.91,27.11,25.32,90.96,1.67,2.45,2.35,0.81,0.8,2018-03-18,Kribi,2018,3,77,11,24.81,67.81000000000002,155.29,356.18,-0.6632827522544741,-0.34699999999999775,26.88,equatorial
20.05,26.63,29.28,24.98,85.29,2.37,2.03,4.57,0.81,0.79,2018-03-19,Kribi,2018,3,78,12,25.939999999999998,69.79000000000002,155.03,358.27,-0.6541479862272049,0.3756666666666675,26.88,equatorial
17.47,26.75,29.05,25.01,87.73,1.72,2.18,3.85,0.8,0.79,2018-03-20,Kribi,2018,3,79,12,26.490000000000002,70.97000000000001,154.79999999999998,359.75,-0.6475683705035332,0.4833333333333343,26.87,equatorial
19.42,25.73,26.48,25.11,90.79,4.63,2.23,2.34,0.8,0.8,2018-03-21,Kribi,2018,3,80,12,29.169999999999998,66.62,158.14999999999998,364.02000000000004,-0.6293361797248174,-0.5076666666666654,26.87,equatorial
13.8,26.51,29.61,24.45,83.68,6.33,1.51,4.55,0.8,0.8,2018-03-22,Kribi,2018,3,81,12,20.259999999999998,63.860000000000014,159.87,367.75,-0.6133733960461969,0.2583333333333364,26.87,equatorial
14.51,26.38,28.51,24.7,85.72,7.04,1.58,3.82,0.81,0.81,2018-03-23,Kribi,2018,3,82,12,25.61,62.42000000000001,158.72,371.63,-0.5967938894012759,0.10466666666666669,26.75,equatorial
18.89,27.08,29.99,25.13,82.95,6.22,1.84,4.73,0.81,0.81,2018-03-24,Kribi,2018,3,83,12,29.98,63.62000000000001,161.38,376.32,-0.5768370959551726,0.7699999999999996,27.08,equatorial
16.59,27.2,30.51,25.4,84.9,3.42,1.86,4.81,0.8,0.8,2018-03-25,Kribi,2018,3,84,12,31.729999999999997,56.54000000000001,159.76,378.58,-0.567057211898802,0.8783333333333339,27.2,equatorial
9.7,26.81,29.48,25.54,88.97,5.05,1.74,2.99,0.8,0.8,2018-03-26,Kribi,2018,3,85,13,34.410000000000004,60.35000000000001,152.03,382.97,-0.5483696906269904,0.4733333333333327,27.2,equatorial
15.51,27.09,30.15,25.34,86.24,0.45,1.97,4.45,0.8,0.79,2018-03-27,Kribi,2018,3,86,13,33.14,59.63000000000002,144.03,383.01,-0.5479006643853345,0.7199999999999989,27.2,equatorial
18.07,26.28,27.72,25.43,89.76,0.59,2.34,2.52,0.8,0.79,2018-03-28,Kribi,2018,3,87,13,29.1,58.27000000000001,122.33999999999999,383.38,-0.5460504609850588,-0.1026666666666678,27.2,equatorial
18.34,27.0,29.89,25.06,85.65,1.38,1.82,4.15,0.79,0.79,2018-03-29,Kribi,2018,3,88,13,24.150000000000002,44.41000000000001,117.15,384.59999999999997,-0.5406413720115791,0.5606666666666698,27.2,equatorial
16.85,27.26,29.61,25.8,87.09,1.3,1.69,3.17,0.79,0.78,2018-03-30,Kribi,2018,3,89,13,18.41,44.02000000000002,114.87,385.72999999999996,-0.5356123420754016,0.78466666666667,27.26,equatorial
18.5,26.99,28.65,25.86,89.47,0.91,1.58,2.14,0.79,0.78,2018-03-31,Kribi,2018,3,90,13,13.1,43.08000000000001,110.75,386.43,-0.5323881910403956,0.47099999999999653,27.26,equatorial
7.6,26.64,27.58,25.93,94.87,13.21,1.95,1.53,0.79,0.81,2018-04-01,Kribi,2018,4,91,13,22.89,54.62000000000001,123.75,399.33,-0.4780183101876389,0.10333333333333172,27.26,equatorial
5.12,25.72,26.6,25.0,92.11,50.91,2.01,2.94,0.85,0.9,2018-04-02,Kribi,2018,4,92,14,68.75,103.16000000000001,173.85999999999999,449.71000000000004,-0.2664581713581879,-0.7973333333333343,27.26,equatorial
13.61,26.27,28.29,24.88,88.91,1.2,1.9,2.88,0.86,0.83,2018-04-03,Kribi,2018,4,93,14,69.5,102.64000000000001,174.54000000000002,450.36,-0.26361056513954134,-0.25233333333333263,27.26,equatorial
16.28,26.89,29.69,25.22,86.75,1.75,1.85,4.0,0.84,0.82,2018-04-04,Kribi,2018,4,94,14,70.66,99.76000000000002,175.9,451.78000000000003,-0.2575309160896738,0.34800000000000253,27.26,equatorial
13.59,26.42,28.57,25.42,90.82,4.92,1.94,2.71,0.84,0.83,2018-04-05,Kribi,2018,4,95,14,74.2,98.35000000000001,180.28,456.15000000000003,-0.23906277354253264,-0.11266666666666225,27.26,equatorial
6.55,25.98,27.03,25.01,87.42,7.36,1.9,3.7,0.84,0.83,2018-04-06,Kribi,2018,4,96,14,80.26,98.67000000000002,178.66,457.90999999999997,-0.23156226788873988,-0.5326666666666675,26.99,equatorial
21.51,27.37,30.47,25.27,79.26,3.39,1.47,6.35,0.84,0.82,2018-04-07,Kribi,2018,4,97,14,82.74000000000001,95.84000000000002,172.95999999999998,459.22,-0.22595395755234338,0.8076666666666661,27.37,equatorial
20.25,26.91,29.19,25.47,84.21,1.48,1.04,4.45,0.83,0.82,2018-04-08,Kribi,2018,4,98,14,71.00999999999999,93.9,165.95999999999998,456.78,-0.23611430370787057,0.3200000000000003,27.37,equatorial
8.87,26.36,28.52,25.4,91.22,9.95,2.12,3.45,0.84,0.83,2018-04-09,Kribi,2018,4,99,15,30.05,98.80000000000001,170.89000000000001,465.47999999999996,-0.1994134338431267,-0.21799999999999642,27.37,equatorial
11.37,24.96,26.31,23.94,91.87,4.39,2.16,3.21,0.84,0.82,2018-04-10,Kribi,2018,4,100,15,33.24,102.74000000000001,164.77999999999997,466.33,-0.19574979197102135,-1.5909999999999975,27.37,equatorial
21.95,25.6,27.21,24.25,87.87,8.95,2.14,4.09,0.84,0.83,2018-04-11,Kribi,2018,4,101,15,40.44,111.10000000000001,172.49,474.37,-0.1618166945409835,-0.9186666666666667,27.37,equatorial
18.49,26.45,29.13,24.7,85.26,2.5,2.12,4.82,0.84,0.82,2018-04-12,Kribi,2018,4,102,15,38.019999999999996,112.22000000000001,173.82,475.72,-0.1560615913544816,-0.05433333333333934,27.37,equatorial
18.27,26.41,29.36,24.96,87.3,8.53,2.09,3.72,0.84,0.83,2018-04-13,Kribi,2018,4,103,15,39.19,119.45000000000002,180.4,483.08,-0.12498374441482459,-0.0833333333333357,27.37,equatorial
15.57,25.92,27.34,25.19,91.36,2.99,2.23,2.36,0.84,0.82,2018-04-14,Kribi,2018,4,104,15,38.79,121.53,168.14999999999998,484.78999999999996,-0.11772282308083983,-0.5679999999999978,26.91,equatorial
15.94,25.85,27.59,24.94,89.73,4.5,1.64,2.42,0.84,0.83,2018-04-15,Kribi,2018,4,105,15,41.81,112.82000000000001,170.95999999999998,488.21,-0.10325105429657797,-0.6039999999999992,26.45,equatorial
21.58,26.97,30.57,24.49,83.44,1.92,1.81,5.61,0.84,0.82,2018-04-16,Kribi,2018,4,106,16,33.78,63.83000000000001,171.03,489.43,-0.09806080683546754,0.49199999999999733,26.97,equatorial
21.92,26.56,28.49,25.14,90.08,1.93,1.96,2.93,0.83,0.82,2018-04-17,Kribi,2018,4,107,16,31.32,64.56000000000002,171.29000000000002,490.34000000000003,-0.09417903769984887,0.06033333333333246,26.97,equatorial
21.02,26.86,28.88,25.6,90.18,2.2,1.95,3.2,0.83,0.82,2018-04-18,Kribi,2018,4,108,16,24.57,65.01,171.12,491.82,-0.08789069276387368,0.35266666666666424,26.97,equatorial
13.49,26.54,28.15,25.65,92.68,6.35,2.26,3.07,0.83,0.82,2018-04-19,Kribi,2018,4,109,16,28.419999999999998,66.44000000000001,175.75,496.97,-0.06610039771091826,0.03966666666666541,26.97,equatorial
8.58,26.32,28.81,25.0,85.83,1.71,2.27,4.93,0.83,0.81,2018-04-20,Kribi,2018,4,110,16,21.6,60.79000000000002,172.83,497.36,-0.06442484706386302,-0.1999999999999993,26.97,equatorial
24.51,26.92,30.41,24.74,82.83,0.82,1.8,5.44,0.82,0.81,2018-04-21,Kribi,2018,4,111,16,19.43,58.22000000000001,167.32,497.93,-0.06198838889572445,0.3863333333333365,26.97,equatorial
21.66,26.92,29.93,25.01,85.99,4.98,2.09,5.7,0.82,0.81,2018-04-22,Kribi,2018,4,112,16,19.91,61.72000000000001,165.26,502.32,-0.043396212984155795,0.3683333333333323,26.97,equatorial
9.99,26.76,28.65,25.45,86.72,3.7,1.65,3.6,0.82,0.81,2018-04-23,Kribi,2018,4,113,17,21.69,55.47000000000001,162.74,504.27,-0.03512776534144551,0.2190000000000012,26.92,equatorial
22.33,27.28,30.5,25.34,84.41,3.6,2.03,5.01,0.82,0.81,2018-04-24,Kribi,2018,4,114,17,23.36,54.680000000000014,162.92,507.57,-0.021145100556075557,0.7363333333333308,27.28,equatorial
6.86,25.98,27.37,25.12,90.59,7.25,2.09,2.94,0.82,0.82,2018-04-25,Kribi,2018,4,115,17,28.41,52.98000000000002,165.12,514.41,0.007827784132562904,-0.5360000000000014,27.28,equatorial
22.1,27.05,30.04,25.1,83.98,1.82,1.35,5.01,0.82,0.8,2018-04-26,Kribi,2018,4,116,17,23.880000000000003,52.30000000000001,166.48999999999998,516.07,0.0148567778403851,0.5353333333333374,27.28,equatorial
6.17,26.55,29.24,25.21,88.38,5.72,2.08,4.85,0.81,0.81,2018-04-27,Kribi,2018,4,117,17,27.89,49.490000000000016,171.61999999999998,521.49,0.03782075651525145,0.026333333333333542,27.28,equatorial
20.92,26.62,28.87,25.41,86.44,14.24,1.62,3.39,0.83,0.83,2018-04-28,Kribi,2018,4,118,17,41.31,60.74000000000001,184.48,535.58,0.09754328007965424,0.10899999999999821,27.28,equatorial
11.91,26.86,29.62,25.01,86.35,6.83,2.03,4.55,0.83,0.82,2018-04-29,Kribi,2018,4,119,17,43.16,63.070000000000014,190.01000000000002,542.22,0.12566598283592642,0.36233333333333206,27.28,equatorial
21.21,27.02,29.77,25.25,86.43,2.67,1.82,4.82,0.82,0.81,2018-04-30,Kribi,2018,4,120,18,42.13,63.82000000000002,191.76999999999998,544.75,0.13634867947085774,0.521333333333331,27.28,equatorial
16.17,26.95,28.85,25.77,88.34,1.32,1.9,2.9,0.82,0.81,2018-05-01,Kribi,2018,5,121,18,39.85,63.210000000000015,179.88,544.8199999999999,0.1365887934818451,0.44099999999999895,27.05,equatorial
17.04,27.16,29.4,25.66,88.61,1.47,2.07,3.7,0.82,0.8,2018-05-02,Kribi,2018,5,122,18,34.07,62.48000000000002,130.44,544.97,0.13716869565451859,0.602999999999998,27.16,equatorial
11.08,26.28,28.04,25.48,92.69,18.12,2.13,3.33,0.83,0.84,2018-05-03,Kribi,2018,5,123,18,50.370000000000005,74.25000000000001,147.35999999999999,562.0,0.20945859243229756,-0.27733333333333476,27.16,equatorial
20.07,26.71,29.16,25.03,89.03,1.23,2.09,3.78,0.83,0.81,2018-05-04,Kribi,2018,5,124,18,45.88,73.77000000000002,146.84,561.6700000000001,0.20796659289533825,0.15866666666666873,27.16,equatorial
8.73,26.17,27.7,25.2,91.05,2.84,2.14,3.2,0.82,0.81,2018-05-05,Kribi,2018,5,125,18,34.48,75.79,144.76,563.03,0.21365982061891073,-0.3730000000000011,27.16,equatorial
21.66,26.64,29.4,24.85,87.42,1.62,2.03,4.17,0.82,0.81,2018-05-06,Kribi,2018,5,126,18,29.270000000000003,72.43,139.01999999999998,554.42,0.1769485377199113,0.07499999999999929,27.16,equatorial
15.9,26.48,28.21,25.45,89.97,7.71,2.17,4.2,0.82,0.82,2018-05-07,Kribi,2018,5,127,19,34.31,76.44000000000003,143.34,554.42,0.17687397417741108,-0.055333333333333456,27.16,equatorial
11.48,26.21,28.2,25.06,86.85,1.47,1.93,3.55,0.82,0.81,2018-05-08,Kribi,2018,5,128,19,34.46,74.31000000000002,143.33,548.14,0.1500679084081915,-0.3019999999999996,27.16,equatorial
19.92,26.36,28.52,24.8,85.96,1.9,1.97,3.99,0.82,0.8,2018-05-09,Kribi,2018,5,129,19,34.89,68.96000000000001,135.28,544.32,0.13373837167151234,-0.15200000000000102,26.71,equatorial
14.52,26.07,28.05,24.82,87.91,25.03,1.9,3.93,0.83,0.85,2018-05-10,Kribi,2018,5,130,19,41.8,92.17000000000002,155.92000000000002,561.01,0.2047827244030371,-0.4789999999999992,26.71,equatorial
21.15,26.82,29.51,25.06,84.98,3.43,1.72,4.64,0.84,0.82,2018-05-11,Kribi,2018,5,131,19,44.00000000000001,89.88000000000002,150.4,559.4100000000001,0.19787721040278214,0.23033333333333061,26.82,equatorial
11.22,25.84,27.29,24.97,90.68,6.52,2.02,3.43,0.84,0.83,2018-05-12,Kribi,2018,5,132,19,47.68,82.16000000000001,154.42,556.37,0.18483301858431916,-0.7293333333333294,26.82,equatorial
11.09,26.0,28.21,24.69,87.87,5.27,2.09,4.6,0.84,0.82,2018-05-13,Kribi,2018,5,133,19,51.33,80.60000000000001,151.16,553.46,0.1723440524929873,-0.5556666666666636,26.82,equatorial
18.12,26.52,29.77,24.4,85.63,16.68,1.64,5.03,0.84,0.85,2018-05-14,Kribi,2018,5,134,20,60.3,94.61000000000001,164.85000000000002,553.55,0.17265596083729637,-0.0556666666666672,26.82,equatorial
22.42,27.13,30.04,25.03,81.07,0.86,1.23,5.68,0.84,0.82,2018-05-15,Kribi,2018,5,135,20,59.690000000000005,94.15000000000002,161.21,488.54,-0.10491359781507871,0.5116666666666667,27.13,equatorial
20.56,26.64,29.79,24.44,84.71,1.26,1.49,4.55,0.83,0.82,2018-05-16,Kribi,2018,5,136,20,59.05,93.94000000000001,160.54999999999998,487.63,-0.10875648775373077,0.03266666666666751,27.13,equatorial
18.75,26.36,28.41,25.03,89.55,1.73,1.93,3.13,0.83,0.81,2018-05-17,Kribi,2018,5,137,20,35.74999999999999,77.55000000000001,160.35,486.92999999999995,-0.1117022518104135,-0.24066666666666592,27.13,equatorial
14.99,26.27,28.02,25.08,91.39,2.04,2.18,2.6,0.83,0.81,2018-05-18,Kribi,2018,5,138,20,34.35999999999999,78.36000000000001,160.19,486.34,-0.1141779114182474,-0.3110000000000035,27.13,equatorial
16.74,26.67,28.94,25.41,89.17,2.2,2.34,3.76,0.83,0.81,2018-05-19,Kribi,2018,5,139,20,30.04,77.72000000000003,156.04000000000002,486.59,-0.11306226867151692,0.08466666666666711,27.13,equatorial
11.92,25.74,26.52,25.03,94.67,4.31,2.31,2.08,0.83,0.81,2018-05-20,Kribi,2018,5,140,20,29.08,80.41000000000001,158.64,489.62,-0.1000563943220102,-0.8260000000000005,27.13,equatorial
18.35,26.27,29.14,24.56,87.74,1.06,1.91,4.2,0.83,0.81,2018-05-21,Kribi,2018,5,141,21,13.46,73.76,158.88,486.07,-0.11520532724515617,-0.27433333333333465,27.13,equatorial
17.54,26.5,28.92,24.92,88.13,0.96,1.93,3.47,0.82,0.8,2018-05-22,Kribi,2018,5,142,21,13.56,73.25000000000001,154.85999999999999,478.84000000000003,-0.146106124590573,-0.030333333333331325,26.67,equatorial
20.42,26.61,28.67,25.29,88.89,1.03,1.88,3.05,0.82,0.8,2018-05-23,Kribi,2018,5,143,21,13.330000000000002,72.38000000000002,152.19,476.31,-0.15687978404754768,0.08466666666666711,26.67,equatorial
5.45,26.11,27.52,25.05,91.95,2.14,1.82,2.2,0.81,0.8,2018-05-24,Kribi,2018,5,144,21,13.740000000000002,49.490000000000016,150.73000000000002,473.40999999999997,-0.1692380916969419,-0.37633333333333496,26.67,equatorial
17.56,25.73,27.17,24.78,88.58,2.2,1.83,2.73,0.82,0.8,2018-05-25,Kribi,2018,5,145,21,13.9,48.26000000000001,145.68,462.83,-0.21450805603377723,-0.7480000000000011,26.67,equatorial
19.8,26.27,28.85,24.66,83.98,2.53,1.73,4.47,0.81,0.8,2018-05-26,Kribi,2018,5,146,21,14.23,44.27000000000002,146.39000000000001,456.91,-0.23979696619960997,-0.18200000000000216,26.61,equatorial
18.16,26.43,29.4,24.63,86.32,4.18,1.96,4.92,0.81,0.81,2018-05-27,Kribi,2018,5,147,21,14.1,43.18000000000001,144.85000000000002,438.81,-0.3173172027586724,-0.01799999999999713,26.61,equatorial
11.14,26.07,28.05,25.06,91.8,5.0,2.4,3.22,0.81,0.8,2018-05-28,Kribi,2018,5,148,22,18.04,31.500000000000014,135.61,437.24,-0.32391210929414344,-0.3596666666666657,26.61,equatorial
10.11,26.15,27.95,24.95,89.7,6.88,1.76,3.26,0.82,0.81,2018-05-29,Kribi,2018,5,149,22,23.959999999999997,37.52000000000002,135.66,440.54,-0.3096064807329877,-0.2560000000000002,26.61,equatorial
12.27,25.36,26.22,24.85,93.04,5.5,1.99,2.53,0.82,0.81,2018-05-30,Kribi,2018,5,150,22,28.43,41.76000000000002,138.49,441.01,-0.3074526477186441,-0.9906666666666659,26.43,equatorial
16.08,26.0,28.03,24.7,89.18,4.28,1.82,3.42,0.82,0.81,2018-05-31,Kribi,2018,5,151,22,30.57,44.31000000000002,141.45000000000002,445.08,-0.2898384026602361,-0.3190000000000026,26.43,equatorial
18.89,26.33,28.59,25.04,87.18,2.72,1.22,3.51,0.82,0.81,2018-06-01,Kribi,2018,6,152,22,31.089999999999996,44.990000000000016,142.70000000000002,447.0,-0.2814636781377506,0.03866666666666774,26.43,equatorial
19.49,27.06,30.84,24.68,86.75,4.24,2.14,5.1,0.82,0.81,2018-06-02,Kribi,2018,6,153,22,32.8,47.030000000000015,128.82,450.72,-0.2653538265883619,0.7426666666666648,27.06,equatorial
17.06,26.1,27.78,25.14,91.61,8.02,2.41,3.91,0.81,0.81,2018-06-03,Kribi,2018,6,154,22,36.64,50.740000000000016,135.61,458.35,-0.23243430181010488,-0.19699999999999918,27.06,equatorial
10.4,25.76,27.51,24.76,91.66,6.16,2.04,3.21,0.82,0.82,2018-06-04,Kribi,2018,6,155,23,37.8,55.84000000000002,138.93,463.97,-0.20816311320701678,-0.5233333333333334,27.06,equatorial
20.64,26.61,29.29,24.92,87.17,1.72,1.74,3.63,0.82,0.8,2018-06-05,Kribi,2018,6,156,23,32.64,56.600000000000016,139.03,456.71,-0.2393157981110128,0.32766666666666566,27.06,equatorial
19.4,26.16,27.85,25.21,91.93,2.8,2.06,2.45,0.82,0.8,2018-06-06,Kribi,2018,6,157,23,29.94,58.37000000000001,134.11999999999998,450.42,-0.2662901673358658,-0.11166666666666458,27.06,equatorial
13.98,25.76,27.13,24.85,93.66,11.42,2.08,2.54,0.82,0.82,2018-06-07,Kribi,2018,6,158,23,37.08,67.65,144.07,453.36,-0.2535166558338962,-0.4966666666666626,27.06,equatorial
9.86,25.52,26.79,24.52,94.71,6.97,2.21,2.12,0.83,0.82,2018-06-08,Kribi,2018,6,159,23,41.33,72.42,149.14000000000001,455.31,-0.24500917431923983,-0.7086666666666659,27.06,equatorial
16.23,25.36,27.12,23.9,90.64,1.67,2.12,2.89,0.83,0.81,2018-06-09,Kribi,2018,6,160,23,38.76,71.56,125.78,446.48,-0.28295689801594054,-0.8449999999999989,26.61,equatorial
18.5,25.77,26.51,25.12,86.28,0.67,1.8,2.14,0.83,0.81,2018-06-10,Kribi,2018,6,161,23,31.41,68.05000000000001,123.02,445.91,-0.2852925648674147,-0.3999999999999986,26.61,equatorial
17.99,26.85,30.02,24.81,81.09,1.05,1.61,4.87,0.82,0.8,2018-06-11,Kribi,2018,6,162,24,26.3,64.10000000000001,117.55000000000001,445.78999999999996,-0.2856874961343316,0.6463333333333345,26.85,equatorial
18.52,26.74,29.69,24.82,87.06,0.82,2.16,4.47,0.81,0.8,2018-06-12,Kribi,2018,6,163,24,25.400000000000002,58.04000000000001,113.1,444.66,-0.2904396216774696,0.5116666666666632,26.85,equatorial
18.62,26.73,29.73,24.83,87.0,0.81,2.21,4.52,0.81,0.79,2018-06-13,Kribi,2018,6,164,24,23.41,53.35000000000001,97.23,430.22999999999996,-0.352586365637214,0.4946666666666637,26.85,equatorial
18.05,25.71,26.94,24.86,91.21,1.29,2.09,2.17,0.8,0.79,2018-06-14,Kribi,2018,6,165,24,13.28,50.360000000000014,97.66000000000001,429.83,-0.3541559887284274,-0.47800000000000153,26.85,equatorial
16.83,26.02,28.51,24.61,89.55,4.31,2.52,4.09,0.8,0.8,2018-06-15,Kribi,2018,6,166,24,10.620000000000001,51.95000000000001,100.71,432.29,-0.34337503105135436,-0.1473333333333322,26.85,equatorial
17.43,25.7,28.18,24.2,89.58,6.29,2.7,4.86,0.81,0.8,2018-06-16,Kribi,2018,6,167,24,15.24,54.00000000000001,105.27,436.91,-0.32326516386002946,-0.445333333333334,26.85,equatorial
11.95,25.25,27.43,23.9,90.88,6.93,2.63,4.19,0.81,0.81,2018-06-17,Kribi,2018,6,168,24,21.5,52.91000000000001,110.16,441.47,-0.30341791101226373,-0.8613333333333308,26.85,equatorial
9.27,24.86,26.21,23.38,93.08,23.55,2.9,3.04,0.83,0.85,2018-06-18,Kribi,2018,6,169,25,44.0,70.30000000000001,131.51,463.29999999999995,-0.2089109024021628,-1.190999999999999,26.74,equatorial
8.38,24.0,25.94,22.81,89.81,6.64,2.78,4.17,0.83,0.82,2018-06-19,Kribi,2018,6,170,25,49.82,75.22000000000001,133.84,465.31,-0.20013160348942755,-1.9929999999999986,26.73,equatorial
13.88,23.97,26.05,22.53,90.66,6.97,2.3,3.63,0.83,0.82,2018-06-20,Kribi,2018,6,171,25,55.98,79.39000000000001,139.75,465.95,-0.19728045180974083,-1.9463333333333352,26.02,equatorial
19.15,24.89,27.66,23.02,86.55,3.89,2.16,4.98,0.83,0.82,2018-06-21,Kribi,2018,6,172,25,58.58,71.86000000000001,142.67999999999998,462.79999999999995,-0.2108337679541766,-0.9726666666666652,26.02,equatorial
17.57,25.26,28.33,23.37,87.22,3.83,2.24,5.24,0.83,0.81,2018-06-22,Kribi,2018,6,173,25,58.1,68.72000000000003,145.48,460.41,-0.2210954937387635,-0.5576666666666625,25.7,equatorial
15.29,24.87,27.11,23.53,91.14,14.49,2.58,4.29,0.83,0.83,2018-06-23,Kribi,2018,6,174,25,66.30000000000001,81.54000000000002,157.83,471.48,-0.17305390511092453,-0.9063333333333325,25.26,equatorial
14.41,25.65,28.51,23.9,86.33,11.31,1.9,4.52,0.84,0.84,2018-06-24,Kribi,2018,6,175,25,70.68,92.18000000000002,166.94000000000003,477.74,-0.14585746676663805,-0.12366666666666504,25.65,equatorial
14.87,25.06,26.59,24.06,90.78,4.51,1.88,2.52,0.84,0.82,2018-06-25,Kribi,2018,6,176,26,51.64,95.64000000000001,168.92000000000002,481.8,-0.12819888354624706,-0.6733333333333356,25.65,equatorial
14.09,24.85,26.85,23.92,91.88,5.84,2.13,3.05,0.84,0.83,2018-06-26,Kribi,2018,6,177,26,50.84,100.66000000000001,170.58,487.05,-0.10538007426504602,-0.8306666666666693,25.65,equatorial
9.44,24.79,26.14,23.83,93.27,9.85,2.31,2.86,0.84,0.84,2018-06-27,Kribi,2018,6,178,26,53.72,109.70000000000002,175.43,495.52000000000004,-0.06859190110570204,-0.847999999999999,25.65,equatorial
14.1,24.9,27.13,23.6,88.86,4.81,1.96,3.61,0.85,0.83,2018-06-28,Kribi,2018,6,179,26,54.64,113.22000000000001,173.36,499.03000000000003,-0.05333102082685338,-0.6963333333333352,25.65,equatorial
10.11,24.67,26.19,23.65,93.12,7.26,2.44,2.84,0.85,0.83,2018-06-29,Kribi,2018,6,180,26,58.07,116.17000000000002,175.12,505.38,-0.025739355470574796,-0.9033333333333289,25.65,equatorial
7.48,24.49,25.84,23.6,92.53,19.29,2.36,3.23,0.85,0.86,2018-06-30,Kribi,2018,6,181,26,62.87,129.17000000000002,190.13,511.46,0.0006795489594574277,-1.0330000000000013,25.65,equatorial
11.08,24.93,27.0,23.42,87.83,4.65,1.85,3.09,0.87,0.85,2018-07-01,Kribi,2018,7,182,26,56.209999999999994,126.89000000000001,192.06,465.2,-0.200329400175916,-0.5463333333333367,25.06,equatorial
9.4,25.09,27.58,23.61,87.83,2.55,1.93,3.81,0.86,0.84,2018-07-02,Kribi,2018,7,183,27,54.25,105.89,190.37,466.55,-0.19437994382680385,-0.3206666666666642,25.09,equatorial
12.11,25.01,27.52,23.52,88.62,1.57,1.96,3.61,0.86,0.83,2018-07-03,Kribi,2018,7,184,27,49.98,100.82000000000002,183.92,466.37,-0.1950838904679907,-0.36433333333333096,25.09,equatorial
15.99,25.16,27.77,23.61,88.72,2.39,1.71,3.27,0.85,0.83,2018-07-04,Kribi,2018,7,185,27,42.519999999999996,96.24000000000002,180.14999999999998,463.84,-0.20601031163843167,-0.1943333333333328,25.16,equatorial
13.4,25.34,27.38,24.03,90.13,10.2,1.66,3.24,0.86,0.85,2018-07-05,Kribi,2018,7,186,27,47.91,102.55000000000001,188.63,466.68,-0.19356805721587708,0.027999999999998693,25.34,equatorial
17.75,25.49,28.36,23.97,90.03,3.84,1.95,4.12,0.86,0.84,2018-07-06,Kribi,2018,7,187,27,44.489999999999995,102.56,189.67000000000002,467.13,-0.19153087497826765,0.20033333333332948,25.49,equatorial
12.62,26.05,28.94,24.23,87.9,7.14,1.77,4.55,0.86,0.84,2018-07-07,Kribi,2018,7,188,27,32.339999999999996,95.21000000000001,185.39,472.79,-0.16680478180258201,0.7506666666666675,26.05,equatorial
15.19,25.59,27.88,24.18,89.88,2.14,2.09,3.4,0.86,0.83,2018-07-08,Kribi,2018,7,189,27,29.830000000000002,86.04,180.56,464.98,-0.20076282696276848,0.28833333333333044,26.05,equatorial
14.13,25.75,28.48,23.95,89.39,3.02,2.12,3.84,0.85,0.83,2018-07-09,Kribi,2018,7,190,28,30.3,84.55,181.91,463.60999999999996,-0.2066523332616873,0.43533333333333246,26.05,equatorial
17.64,25.51,27.76,24.15,89.68,1.23,2.17,3.34,0.85,0.83,2018-07-10,Kribi,2018,7,191,28,29.96,79.94000000000001,182.47,455.89,-0.2402257976140367,0.20400000000000063,26.05,equatorial
16.69,26.14,29.55,24.13,86.25,0.78,1.93,4.31,0.84,0.82,2018-07-11,Kribi,2018,7,192,28,28.349999999999998,70.87,182.20000000000002,454.17,-0.24762862074629574,0.8576666666666668,26.14,equatorial
13.03,25.42,27.28,24.2,91.96,3.64,2.38,2.9,0.84,0.82,2018-07-12,Kribi,2018,7,193,28,21.79,69.70000000000002,185.01999999999998,449.28000000000003,-0.2688610160165251,0.18166666666666842,26.14,equatorial
10.42,24.63,26.24,23.46,90.86,5.06,1.82,2.73,0.84,0.83,2018-07-13,Kribi,2018,7,194,28,23.009999999999998,67.50000000000001,189.27,451.35,-0.2597150287695552,-0.538333333333334,26.14,equatorial
10.77,25.45,28.18,23.67,87.8,1.2,2.51,4.44,0.84,0.82,2018-07-14,Kribi,2018,7,195,28,17.07,49.41000000000001,189.17999999999998,448.05,-0.2740154196754802,0.2903333333333329,26.14,equatorial
16.67,25.29,28.12,23.59,88.75,4.53,2.52,4.98,0.84,0.82,2018-07-15,Kribi,2018,7,196,28,19.46,49.29000000000001,189.39999999999998,450.65999999999997,-0.2625022057231667,0.1546666666666674,26.14,equatorial
15.61,24.27,25.01,23.69,94.2,31.94,2.4,2.14,0.86,0.87,2018-07-16,Kribi,2018,7,197,29,48.38,78.68,215.05,480.66999999999996,-0.13127184162766412,-0.8176666666666677,26.14,equatorial
14.12,24.77,26.79,23.65,90.64,3.94,2.4,3.64,0.87,0.84,2018-07-17,Kribi,2018,7,198,29,51.089999999999996,81.05000000000003,212.06,482.41,-0.12361462936651481,-0.30166666666666586,26.14,equatorial
11.64,24.33,25.67,23.56,93.29,6.59,2.52,2.64,0.87,0.85,2018-07-18,Kribi,2018,7,199,29,56.900000000000006,85.25000000000001,195.1,482.65,-0.12251674409743954,-0.7240000000000002,25.45,equatorial
7.53,24.49,26.59,23.4,92.2,18.26,2.36,3.42,0.88,0.87,2018-07-19,Kribi,2018,7,200,29,71.52000000000001,93.31000000000002,206.72,499.2,-0.05007188670072508,-0.5803333333333356,25.45,equatorial
9.83,24.67,27.07,23.37,90.76,2.74,2.48,3.57,0.88,0.85,2018-07-20,Kribi,2018,7,201,29,69.2,92.21000000000001,202.48999999999998,501.12,-0.04165033502603809,-0.4236666666666622,25.45,equatorial
16.93,25.33,28.4,23.58,88.34,1.18,2.24,4.17,0.87,0.84,2018-07-21,Kribi,2018,7,202,29,69.17999999999999,86.25000000000001,199.78,497.32,-0.058270054600657685,0.22166666666666401,25.33,equatorial
14.55,24.81,26.96,23.77,90.49,1.33,2.26,3.12,0.87,0.84,2018-07-22,Kribi,2018,7,203,29,65.98,85.44000000000001,197.28,494.95,-0.06862701067395692,-0.28333333333333144,25.33,equatorial
16.33,24.92,27.57,23.58,91.38,11.91,2.55,3.87,0.87,0.85,2018-07-23,Kribi,2018,7,204,30,45.95,94.33000000000001,194.7,503.26,-0.03219271523252417,-0.1750000000000007,25.33,equatorial
15.1,24.63,26.88,23.54,91.7,6.97,2.84,4.24,0.87,0.85,2018-07-24,Kribi,2018,7,205,30,48.980000000000004,100.07000000000001,190.35999999999999,502.97999999999996,-0.033407548467395,-0.43100000000000094,25.33,equatorial
11.9,24.63,26.94,23.42,91.26,18.41,2.84,4.46,0.88,0.87,2018-07-25,Kribi,2018,7,206,30,60.8,117.70000000000002,204.26,519.5699999999999,0.039345577525741776,-0.41666666666666785,25.33,equatorial
6.68,24.05,25.92,23.12,92.42,23.16,2.76,3.69,0.9,0.88,2018-07-26,Kribi,2018,7,207,30,65.7,137.22,221.57999999999998,537.01,0.11582650070085514,-0.9699999999999953,25.33,equatorial
10.0,24.56,27.2,22.83,89.01,5.16,2.19,4.48,0.9,0.86,2018-07-27,Kribi,2018,7,208,30,68.12,137.32,216.89,527.93,0.07593947298197765,-0.4523333333333355,25.33,equatorial
16.24,24.55,27.33,22.91,90.32,6.85,2.46,4.59,0.89,0.87,2018-07-28,Kribi,2018,7,209,30,73.79,142.97000000000003,218.92999999999998,527.95,0.0759980179858736,-0.45066666666666677,24.92,equatorial
18.74,24.21,26.8,22.66,89.58,3.8,2.82,4.63,0.89,0.86,2018-07-29,Kribi,2018,7,210,30,76.25999999999999,142.24,215.47,529.0799999999999,0.08093089293334388,-0.7753333333333359,24.92,equatorial
13.19,24.63,27.52,22.66,87.55,1.69,2.36,4.51,0.89,0.85,2018-07-30,Kribi,2018,7,211,31,66.03999999999999,111.99000000000002,197.87,529.45,0.08252513123486563,-0.360000000000003,24.63,equatorial
15.63,24.43,27.02,23.04,88.99,4.96,2.85,4.92,0.88,0.85,2018-07-31,Kribi,2018,7,212,31,64.03,113.01,198.18,532.9399999999999,0.09783052378149094,-0.543333333333333,24.63,equatorial
19.14,24.33,27.12,22.69,87.99,1.67,2.65,4.83,0.88,0.85,2018-08-01,Kribi,2018,8,213,31,47.29,108.09000000000002,197.29999999999998,516.49,0.025473982722851292,-0.6179999999999986,24.63,equatorial
20.33,24.4,27.34,22.46,87.97,2.47,2.61,5.22,0.87,0.84,2018-08-02,Kribi,2018,8,214,31,26.599999999999998,92.30000000000001,198.2,517.7299999999999,0.030917755387451264,-0.527666666666665,24.63,equatorial
15.14,24.71,27.83,23.08,87.15,2.04,2.37,4.92,0.87,0.84,2018-08-03,Kribi,2018,8,215,31,23.48,91.60000000000002,197.85000000000002,516.9300000000001,0.027386230274135094,-0.20266666666666566,24.71,equatorial
11.42,23.82,25.45,22.9,91.74,3.06,2.4,3.0,0.86,0.84,2018-08-04,Kribi,2018,8,216,31,19.69,93.48000000000002,190.70999999999998,518.37,0.033713722582266556,-1.041999999999998,24.71,equatorial
9.32,23.73,25.2,22.79,92.88,9.99,2.43,2.88,0.87,0.85,2018-08-05,Kribi,2018,8,217,31,25.880000000000003,102.14000000000001,196.85999999999999,520.65,0.0437397557427581,-1.0733333333333306,24.71,equatorial
11.65,24.24,26.74,22.8,90.03,3.62,2.62,4.21,0.87,0.84,2018-08-06,Kribi,2018,8,218,32,27.81,93.85000000000002,193.34,522.8,0.05319317267275609,-0.5030000000000001,24.71,equatorial
19.21,24.44,26.95,22.94,88.49,2.79,2.6,4.87,0.87,0.84,2018-08-07,Kribi,2018,8,219,32,25.64,89.67000000000002,193.98999999999998,523.6899999999999,0.05709456285882837,-0.2646666666666633,24.71,equatorial
15.04,24.16,26.34,22.72,91.72,4.54,2.2,3.15,0.86,0.84,2018-08-08,Kribi,2018,8,220,32,28.51,75.80000000000003,195.51000000000002,503.20000000000005,-0.03324804614683709,-0.4916666666666636,24.71,equatorial
13.52,24.48,26.56,23.19,92.19,7.42,2.26,3.38,0.87,0.85,2018-08-09,Kribi,2018,8,221,32,33.46,60.06000000000001,201.7,507.19,-0.015640621070288307,-0.13733333333333064,24.71,equatorial
17.04,24.67,27.82,22.88,89.17,1.4,2.76,5.04,0.86,0.83,2018-08-10,Kribi,2018,8,222,32,32.82,56.30000000000001,202.32,502.07,-0.038221056214660605,0.10166666666667012,24.67,equatorial
15.95,24.68,27.33,23.05,90.07,16.39,2.48,4.31,0.86,0.85,2018-08-11,Kribi,2018,8,223,32,46.150000000000006,65.84000000000002,215.07,513.1899999999999,0.010866852929383414,0.13633333333332942,24.68,equatorial
8.87,24.45,26.8,23.13,91.67,11.01,2.53,3.77,0.88,0.86,2018-08-12,Kribi,2018,8,224,32,47.17,73.05000000000001,221.02,507.52,-0.014168917032978994,-0.08766666666666723,24.68,equatorial
17.33,24.79,28.01,22.87,87.78,0.69,2.41,5.01,0.87,0.84,2018-08-13,Kribi,2018,8,225,33,44.24,72.05000000000003,220.51000000000002,507.34999999999997,-0.014914348931133917,0.2743333333333311,24.79,equatorial
16.49,24.92,27.46,23.15,89.67,6.12,2.33,4.42,0.87,0.85,2018-08-14,Kribi,2018,8,226,33,47.57000000000001,73.21000000000001,222.10000000000002,512.21,0.0065632763811421515,0.41666666666666785,24.92,equatorial
18.05,25.09,27.75,23.65,90.4,8.85,2.49,4.6,0.87,0.85,2018-08-15,Kribi,2018,8,227,33,51.88,80.39000000000003,199.01000000000002,519.33,0.0380296021650737,0.5593333333333312,25.09,equatorial
16.17,24.38,25.77,23.56,93.33,6.86,2.71,2.91,0.87,0.85,2018-08-16,Kribi,2018,8,228,33,51.32,84.78000000000002,201.92999999999998,524.15,0.059326560143582,-0.1376666666666715,25.09,equatorial
16.09,24.21,25.71,23.27,93.68,19.58,2.33,2.6,0.88,0.87,2018-08-17,Kribi,2018,8,229,33,69.5,102.32000000000002,214.92000000000002,541.53,0.1361770151605679,-0.30366666666666475,25.09,equatorial
15.91,24.65,26.76,23.4,91.8,17.61,2.37,3.63,0.9,0.88,2018-08-18,Kribi,2018,8,230,33,70.72,116.87000000000002,214.26999999999998,554.8299999999999,0.19497219334065716,0.13099999999999667,25.09,equatorial
6.7,24.76,27.26,23.4,90.77,10.22,2.55,4.6,0.9,0.87,2018-08-19,Kribi,2018,8,231,33,69.92999999999999,117.10000000000002,221.75,563.99,0.23543937312969507,0.23799999999999955,25.09,equatorial
9.53,24.74,27.4,23.01,89.84,10.13,2.75,5.58,0.9,0.87,2018-08-20,Kribi,2018,8,232,34,79.37,123.61000000000001,230.70000000000002,573.16,0.27594712186800074,0.23766666666666225,25.09,equatorial
11.02,24.52,26.82,23.21,90.77,8.51,2.93,4.9,0.9,0.87,2018-08-21,Kribi,2018,8,233,34,81.75999999999999,129.33,237.88,580.64,0.3089648317153194,0.02733333333333121,25.09,equatorial
16.92,24.4,27.12,22.79,89.57,3.02,2.64,4.81,0.9,0.86,2018-08-22,Kribi,2018,8,234,34,75.93,127.81000000000002,228.99,581.52,0.3127365084492156,-0.07533333333333303,24.76,equatorial
21.48,24.4,26.99,22.69,89.45,1.43,2.18,3.72,0.89,0.86,2018-08-23,Kribi,2018,8,235,34,70.5,121.82000000000002,223.45,580.75,0.3091949416716883,-0.06766666666666765,24.76,equatorial
16.26,24.42,26.84,23.07,89.1,0.51,2.45,3.54,0.89,0.85,2018-08-24,Kribi,2018,8,236,34,51.43000000000001,120.93,205.55,578.73,0.3001120699671239,-0.040666666666663076,24.76,equatorial
21.87,24.7,27.68,22.81,86.95,0.2,2.24,4.43,0.88,0.85,2018-08-25,Kribi,2018,8,237,34,34.02,104.74000000000001,182.59,574.75,0.28233768732598236,0.21766666666666623,24.76,equatorial
16.29,24.74,27.65,22.85,88.39,0.21,2.47,4.36,0.87,0.84,2018-08-26,Kribi,2018,8,238,34,24.009999999999998,93.94000000000003,177.64000000000001,569.96,0.2609716993537865,0.25166666666666515,24.74,equatorial
11.95,24.94,27.33,23.47,87.6,0.36,1.54,2.76,0.87,0.84,2018-08-27,Kribi,2018,8,239,35,14.24,93.61000000000001,171.15,563.44,0.23192952878490183,0.43866666666666987,24.94,equatorial
17.49,24.96,27.01,23.65,90.95,0.71,2.2,2.85,0.86,0.83,2018-08-28,Kribi,2018,8,240,35,6.4399999999999995,88.20000000000002,168.06,558.6500000000001,0.2105707371253735,0.4336666666666673,24.96,equatorial
15.62,25.15,27.93,23.68,90.81,17.11,2.75,5.16,0.87,0.86,2018-08-29,Kribi,2018,8,241,35,20.529999999999998,96.46000000000001,183.48000000000002,571.48,0.26747300392625495,0.6063333333333354,25.15,equatorial
17.36,24.78,26.94,23.59,91.34,11.58,2.28,3.82,0.88,0.86,2018-08-30,Kribi,2018,8,242,35,30.68,101.18,190.1,580.34,0.3067302391462366,0.22466666666666413,25.15,equatorial
13.48,24.77,27.31,23.25,90.38,6.66,2.46,4.52,0.88,0.85,2018-08-31,Kribi,2018,8,243,35,36.83,88.26,195.09,582.76,0.3173603263096133,0.1999999999999993,25.15,equatorial
10.83,24.89,27.59,23.33,88.83,25.01,2.27,5.07,0.89,0.88,2018-09-01,Kribi,2018,9,244,35,61.64,95.66000000000001,217.63,599.75,0.3927625843311422,0.30366666666666475,25.15,equatorial
15.17,25.01,27.22,23.39,89.17,25.53,1.87,4.24,0.92,0.9,2018-09-02,Kribi,2018,9,245,35,86.96000000000001,110.97000000000001,241.12,619.12,0.47872801704536017,0.41366666666666774,25.15,equatorial
14.58,25.2,27.58,23.71,90.04,2.76,2.24,4.56,0.91,0.87,2018-09-03,Kribi,2018,9,246,36,89.36,103.60000000000002,240.82,620.16,0.48313465256292537,0.5576666666666625,25.2,equatorial
13.47,25.17,27.35,23.95,91.87,3.19,2.27,3.62,0.91,0.87,2018-09-04,Kribi,2018,9,247,36,91.83999999999999,98.28000000000002,234.02,620.55,0.4846480474440512,0.4796666666666667,25.2,equatorial
18.54,25.02,27.37,23.89,91.98,4.87,2.34,3.75,0.9,0.87,2018-09-05,Kribi,2018,9,248,36,79.6,100.13000000000002,235.27,614.0,0.45527492055662905,0.30366666666666475,25.2,equatorial
13.09,25.09,27.66,23.71,90.46,11.11,2.74,5.07,0.9,0.88,2018-09-06,Kribi,2018,9,249,36,79.13,109.81,243.59,618.14,0.4735011730550729,0.3520000000000003,25.2,equatorial
18.37,24.92,27.28,23.56,89.44,3.86,2.61,4.74,0.9,0.87,2018-09-07,Kribi,2018,9,250,36,76.33,113.16000000000003,242.91,620.33,0.48303807584418373,0.15666666666666984,25.2,equatorial
17.79,25.02,27.32,23.46,88.67,4.43,2.12,4.2,0.9,0.87,2018-09-08,Kribi,2018,9,251,36,55.75,117.39000000000001,239.92000000000002,624.0899999999999,0.4995649774861167,0.23866666666666703,25.2,equatorial
12.48,24.57,26.01,23.72,93.6,9.31,2.19,2.76,0.9,0.87,2018-09-09,Kribi,2018,9,252,36,39.53,126.49000000000001,247.82999999999998,632.35,0.5361347392314746,-0.20800000000000196,25.2,equatorial
11.53,25.39,28.61,23.58,85.86,8.05,1.55,4.62,0.9,0.87,2018-09-10,Kribi,2018,9,253,37,44.82,134.18,239.49,639.5799999999999,0.5680984267288993,0.5883333333333347,25.39,equatorial
19.11,25.68,28.77,23.82,83.55,3.63,1.37,5.33,0.9,0.87,2018-09-11,Kribi,2018,9,254,37,45.26,137.1,232.10999999999999,642.4,0.5803899471467132,0.8373333333333335,25.68,equatorial
4.53,25.46,28.56,23.68,89.03,2.21,2.04,4.6,0.9,0.86,2018-09-12,Kribi,2018,9,255,37,42.6,122.20000000000002,233.63,643.3199999999999,0.5842046278406936,0.5950000000000024,25.68,equatorial
17.27,24.92,26.5,23.91,91.53,3.14,1.96,2.86,0.89,0.86,2018-09-13,Kribi,2018,9,256,37,34.63,113.76000000000002,230.64999999999998,642.15,0.5786973320837541,0.054999999999999716,25.68,equatorial
21.7,25.33,28.27,23.59,89.61,3.62,2.23,4.77,0.89,0.86,2018-09-14,Kribi,2018,9,257,37,34.39,110.72000000000003,225.42,639.48,0.5665020283590416,0.45700000000000074,25.68,equatorial
13.85,25.17,27.59,23.82,90.53,9.72,1.76,3.94,0.89,0.86,2018-09-15,Kribi,2018,9,258,37,39.68,95.43000000000002,228.28,642.27,0.5786741440933031,0.27066666666666706,25.68,equatorial
21.11,25.45,28.55,23.52,88.3,4.77,1.99,4.89,0.89,0.86,2018-09-16,Kribi,2018,9,259,37,35.14,74.67000000000002,213.47,623.49,0.4945728299201823,0.5093333333333305,25.68,equatorial
16.44,25.23,27.21,23.96,91.78,5.12,2.06,3.21,0.89,0.86,2018-09-17,Kribi,2018,9,260,38,32.21,77.03000000000002,200.98000000000002,621.97,0.4875598359400609,0.2700000000000031,25.68,equatorial
7.18,25.19,27.4,24.06,91.98,6.62,2.26,3.99,0.89,0.86,2018-09-18,Kribi,2018,9,261,38,35.2,80.46000000000001,197.38000000000002,621.62,0.48577453474517496,0.21566666666666734,25.46,equatorial
18.25,25.99,29.27,24.04,85.35,2.54,1.57,5.33,0.89,0.85,2018-09-19,Kribi,2018,9,262,38,35.53,78.13000000000001,189.79,620.27,0.4795229656634294,0.9740000000000002,25.99,equatorial
19.56,26.31,29.38,23.99,86.89,1.84,1.42,5.21,0.88,0.85,2018-09-20,Kribi,2018,9,263,38,34.23,68.86000000000001,183.12,618.28,0.4704139171457334,1.234333333333332,26.31,equatorial
10.61,25.67,27.82,24.53,92.75,7.09,2.17,3.49,0.88,0.85,2018-09-21,Kribi,2018,9,264,38,37.7,72.09,187.19,610.88,0.4371263074919601,0.5520000000000032,26.31,equatorial
12.65,25.21,27.15,24.1,91.98,6.4,1.89,3.1,0.89,0.85,2018-09-22,Kribi,2018,9,265,38,34.38,74.06000000000002,192.16,605.97,0.4149812862829049,0.06500000000000128,26.31,equatorial
9.23,25.47,27.96,24.2,91.0,5.42,2.53,4.56,0.88,0.85,2018-09-23,Kribi,2018,9,266,38,35.03,70.17000000000002,197.07,606.88,0.4188728962628099,0.2899999999999956,26.31,equatorial
12.22,25.92,28.7,24.3,87.36,5.93,1.44,4.69,0.88,0.86,2018-09-24,Kribi,2018,9,267,39,35.84,68.05000000000001,202.8,606.97,0.4190950149189935,0.6993333333333354,26.31,equatorial
10.45,25.86,28.07,24.23,90.57,4.67,2.06,3.73,0.88,0.85,2018-09-25,Kribi,2018,9,268,39,33.89,69.09000000000002,207.26,601.79,0.395731904176426,0.6020000000000003,26.31,equatorial
9.19,25.34,27.26,24.22,91.82,6.94,2.04,3.13,0.88,0.86,2018-09-26,Kribi,2018,9,269,39,38.29,73.82000000000001,213.84,603.9200000000001,0.4050999384396789,0.06866666666666177,26.31,equatorial
15.15,24.94,25.9,24.13,94.39,19.7,1.95,1.87,0.91,0.89,2018-09-27,Kribi,2018,9,270,39,56.15,90.38000000000001,232.82999999999998,616.36,0.4606344154049682,-0.3306666666666658,25.92,equatorial
12.71,25.09,26.69,24.24,91.94,1.73,1.73,2.19,0.9,0.87,2018-09-28,Kribi,2018,9,271,39,50.79,88.49000000000001,217.45,598.8,0.3817720302749607,-0.1786666666666683,25.92,equatorial
19.02,26.04,29.03,24.24,87.13,2.82,1.86,4.51,0.9,0.86,2018-09-29,Kribi,2018,9,272,39,47.21,81.59,208.69,596.97,0.37341204226303276,0.729333333333333,26.04,equatorial
16.6,25.68,27.73,24.47,91.41,3.28,2.19,3.65,0.9,0.86,2018-09-30,Kribi,2018,9,273,39,45.07,80.10000000000001,205.31,597.7,0.3765288641153982,0.33899999999999864,26.04,equatorial
10.31,25.79,28.3,24.58,90.36,16.14,1.74,3.55,0.89,0.87,2018-10-01,Kribi,2018,10,274,40,55.28,91.12,196.44,612.27,0.4416991452625703,0.4190000000000005,26.04,equatorial
10.85,25.09,26.55,24.24,90.25,7.82,1.62,3.03,0.91,0.88,2018-10-02,Kribi,2018,10,275,40,58.43,92.32000000000002,178.73,617.7,0.4658592048082102,-0.28366666666666873,26.04,equatorial
19.78,25.73,28.67,24.05,88.03,2.44,2.43,5.17,0.91,0.87,2018-10-03,Kribi,2018,10,276,40,53.93,92.22000000000001,178.41,609.9399999999999,0.4308404307555011,0.33866666666666845,26.04,equatorial
18.21,25.26,26.93,24.3,92.6,8.98,2.17,3.23,0.9,0.87,2018-10-04,Kribi,2018,10,277,40,43.21,99.36,184.2,615.08,0.45372010851792866,-0.13433333333333408,26.04,equatorial
10.23,25.54,27.8,24.29,91.22,18.64,2.12,4.07,0.91,0.89,2018-10-05,Kribi,2018,10,278,40,60.120000000000005,110.91000000000003,197.97,626.58,0.5051400733323155,0.1283333333333303,26.04,equatorial
11.55,26.25,28.98,24.47,86.41,34.62,1.37,4.22,0.94,0.92,2018-10-06,Kribi,2018,10,279,40,91.92,139.13,221.48000000000002,659.06,0.650722351181932,0.799666666666667,26.25,equatorial
22.23,26.3,29.53,24.32,84.93,1.03,1.39,4.98,0.94,0.89,2018-10-07,Kribi,2018,10,280,40,89.67,134.74,218.64999999999998,657.0699999999999,0.6414510807363574,0.8036666666666683,26.3,equatorial
21.45,25.73,28.19,24.28,89.35,2.59,2.12,4.32,0.93,0.89,2018-10-08,Kribi,2018,10,281,41,76.12,131.4,216.80999999999997,658.43,0.6472299684777925,0.21000000000000085,26.3,equatorial
5.32,25.17,26.9,24.25,92.67,5.95,2.08,3.1,0.93,0.89,2018-10-09,Kribi,2018,10,282,41,74.25,132.68,213.45000000000002,663.6,0.6701188841107223,-0.370000000000001,26.3,equatorial
17.33,25.4,27.29,24.31,89.94,17.19,1.69,3.62,0.94,0.9,2018-10-10,Kribi,2018,10,283,41,89.0,142.93,222.59,677.15,0.7306377201947906,-0.1403333333333343,26.3,equatorial
20.2,24.86,26.05,24.22,93.95,3.88,2.51,2.51,0.94,0.89,2018-10-11,Kribi,2018,10,284,41,83.9,127.11000000000001,222.84,675.97,0.7249302105833965,-0.6530000000000022,26.3,equatorial
7.12,25.07,27.04,24.08,91.51,10.44,1.8,3.1,0.94,0.9,2018-10-12,Kribi,2018,10,285,41,75.69999999999999,135.82000000000002,231.07,685.21,0.7660501657781459,-0.4299999999999997,26.3,equatorial
17.63,25.39,27.89,23.94,89.45,2.64,2.03,3.81,0.94,0.89,2018-10-13,Kribi,2018,10,286,41,43.72,135.64000000000001,230.57000000000002,683.32,0.7571166873037369,-0.12566666666666393,26.3,equatorial
14.01,25.26,27.06,24.02,92.86,7.34,2.48,3.49,0.94,0.9,2018-10-14,Kribi,2018,10,287,41,50.03,139.70000000000002,234.29000000000002,658.72,0.6461040548126613,-0.2533333333333303,25.73,equatorial
12.36,25.24,28.12,23.37,89.28,13.8,1.82,3.83,0.94,0.91,2018-10-15,Kribi,2018,10,288,42,61.24000000000001,137.36,238.37,668.58,0.6901076883048451,-0.27566666666666606,25.4,equatorial
8.63,25.97,29.09,24.19,87.59,4.03,1.8,4.8,0.94,0.9,2018-10-16,Kribi,2018,10,289,42,59.32,133.57000000000002,237.63,666.02,0.6782273544876761,0.4369999999999976,25.97,equatorial
18.33,25.17,26.01,24.36,95.27,5.68,2.35,1.96,0.94,0.9,2018-10-17,Kribi,2018,10,290,42,47.809999999999995,136.81000000000003,238.19,653.44,0.6212824082205874,-0.3609999999999971,25.97,equatorial
16.28,25.67,28.2,24.2,87.75,0.55,1.82,3.86,0.94,0.89,2018-10-18,Kribi,2018,10,291,42,44.480000000000004,128.38000000000002,232.11999999999998,651.25,0.6111183115308781,0.12299999999999756,25.97,equatorial
21.86,26.89,30.61,24.32,83.2,0.33,1.32,5.01,0.93,0.89,2018-10-19,Kribi,2018,10,292,42,34.370000000000005,110.07000000000001,229.91,650.4000000000001,0.6069906249646361,1.3129999999999988,26.89,equatorial
20.55,26.83,30.24,24.74,86.26,1.37,1.71,4.73,0.92,0.88,2018-10-20,Kribi,2018,10,293,42,33.1,76.82000000000002,229.44,650.44,0.6068717895979645,1.2356666666666634,26.89,equatorial
13.43,26.44,28.64,25.0,91.32,3.6,1.85,3.25,0.92,0.88,2018-10-21,Kribi,2018,10,294,42,29.36,79.39000000000001,225.95,642.13,0.5691558779527641,0.8200000000000003,26.89,equatorial
6.07,26.19,28.26,25.03,90.67,2.52,1.86,3.06,0.92,0.88,2018-10-22,Kribi,2018,10,295,43,18.080000000000002,79.32000000000001,222.07000000000002,637.6800000000001,0.5488425562258075,0.5373333333333328,26.89,equatorial
13.74,25.61,27.53,24.51,92.68,27.81,2.08,3.17,0.94,0.91,2018-10-23,Kribi,2018,10,296,43,41.86,101.18,244.46,647.08,0.5909333197393614,-0.04733333333333434,26.89,equatorial
22.97,26.13,29.45,23.9,86.95,3.91,1.92,5.16,0.94,0.89,2018-10-24,Kribi,2018,10,297,43,40.09,87.9,242.44,627.8299999999999,0.5039029540207616,0.4656666666666638,26.89,equatorial
20.52,25.53,27.22,24.27,91.5,5.24,1.79,2.68,0.93,0.89,2018-10-25,Kribi,2018,10,298,43,44.78,89.26000000000002,243.01,627.91,0.5040370186152433,-0.1233333333333313,26.89,equatorial
12.61,26.67,29.3,24.67,83.1,2.71,0.72,4.45,0.93,0.89,2018-10-26,Kribi,2018,10,299,43,47.16,81.53000000000002,238.78,623.77,0.485143759786497,0.972333333333335,26.83,equatorial
21.4,26.84,31.15,23.58,82.41,0.9,1.63,6.08,0.92,0.88,2018-10-27,Kribi,2018,10,300,43,46.69,79.79000000000002,219.98,620.87,0.47184959927808184,1.078999999999997,26.84,equatorial
9.41,26.82,29.71,25.07,87.83,9.77,1.48,4.79,0.92,0.88,2018-10-28,Kribi,2018,10,301,43,52.86,82.22000000000001,228.02,628.9499999999999,0.5080953652996095,1.001333333333335,26.84,equatorial
19.75,26.13,28.36,24.75,90.41,12.01,1.73,3.33,0.93,0.89,2018-10-29,Kribi,2018,10,302,44,62.35,80.43000000000002,237.21,636.0,0.5396795252792363,0.30833333333333357,26.84,equatorial
22.46,26.48,29.43,24.86,87.67,5.93,1.36,3.65,0.93,0.89,2018-10-30,Kribi,2018,10,303,44,40.47,82.33000000000001,239.86,640.26,0.5586578860514128,0.6316666666666677,26.84,equatorial
13.74,25.7,26.78,24.98,93.67,17.72,2.05,2.46,0.94,0.9,2018-10-31,Kribi,2018,10,304,44,54.28,94.37,241.44000000000003,655.5100000000001,0.6272396599786608,-0.14533333333333331,26.84,equatorial
17.0,25.53,27.17,24.59,92.51,9.09,2.23,3.34,0.94,0.9,2018-11-01,Kribi,2018,11,305,44,58.129999999999995,102.91000000000001,242.70999999999998,662.56,0.6587586567436934,-0.3299999999999983,26.84,equatorial
9.07,25.09,26.61,24.15,93.92,6.5,2.3,2.38,0.94,0.9,2018-11-02,Kribi,2018,11,306,44,61.92,109.08000000000001,246.76999999999998,666.0,0.6739561540752383,-0.748666666666665,26.84,equatorial
21.33,26.32,30.3,23.86,84.21,3.16,1.61,5.19,0.94,0.89,2018-11-03,Kribi,2018,11,307,44,64.18,110.87,240.95000000000002,659.1700000000001,0.6427578593463281,0.4460000000000015,26.82,equatorial
13.0,25.66,27.48,24.6,90.46,3.8,1.67,2.6,0.94,0.89,2018-11-04,Kribi,2018,11,308,44,58.209999999999994,111.07000000000001,226.10999999999999,659.35,0.6432476942828177,-0.21799999999999997,26.48,equatorial
22.73,26.85,31.41,24.45,85.41,5.86,1.45,7.74,0.93,0.89,2018-11-05,Kribi,2018,11,309,45,52.06,114.41000000000003,197.35000000000002,662.4200000000001,0.6567964524642892,0.9519999999999982,26.85,equatorial
9.11,25.61,26.75,24.97,95.15,32.91,2.23,2.16,0.95,0.92,2018-11-06,Kribi,2018,11,310,45,79.03999999999999,119.51000000000002,229.23000000000002,690.79,0.7846691323083465,-0.26500000000000057,26.85,equatorial
17.05,25.91,27.89,24.68,91.0,2.95,1.71,2.91,0.95,0.91,2018-11-07,Kribi,2018,11,311,45,64.27,118.55000000000001,229.59,686.32,0.7640172878934537,0.028999999999996362,26.85,equatorial
17.68,26.56,29.32,24.71,87.79,1.64,1.58,4.43,0.95,0.9,2018-11-08,Kribi,2018,11,312,45,56.82,114.95,225.28,686.5600000000001,0.7646725621911254,0.6326666666666689,26.85,equatorial
15.16,25.98,27.51,25.13,92.51,2.23,2.14,2.55,0.94,0.9,2018-11-09,Kribi,2018,11,313,45,52.550000000000004,114.47000000000001,210.32,672.4000000000001,0.7002255128619124,0.03333333333333499,26.85,equatorial
17.15,26.53,29.53,24.83,86.52,1.15,1.66,3.64,0.94,0.89,2018-11-10,Kribi,2018,11,314,45,50.54,114.72000000000001,207.59,662.54,0.6552668840853911,0.5276666666666685,26.85,equatorial
21.41,26.81,29.62,25.4,87.57,1.71,1.7,3.52,0.93,0.89,2018-11-11,Kribi,2018,11,315,45,48.45,106.66000000000001,198.86,663.5600000000001,0.6595487893964349,0.7496666666666627,26.85,equatorial
17.9,27.02,29.74,25.47,87.56,3.65,1.68,3.43,0.93,0.89,2018-11-12,Kribi,2018,11,316,46,46.24,98.30000000000001,199.86999999999998,661.09,0.6480390749697594,0.9053333333333313,27.02,equatorial
6.87,27.17,29.61,25.57,88.83,5.78,1.36,2.84,0.93,0.89,2018-11-13,Kribi,2018,11,317,46,19.110000000000007,98.15000000000002,198.30999999999997,658.02,0.633821285154081,0.9916666666666671,27.17,equatorial
3.7,26.12,27.92,24.99,90.39,6.7,1.76,2.76,0.93,0.89,2018-11-14,Kribi,2018,11,318,46,22.860000000000007,87.13000000000001,191.21,657.86,0.6327830417851437,-0.08766666666666723,27.17,equatorial
16.26,26.31,29.51,24.19,86.99,4.2,1.87,4.67,0.93,0.89,2018-11-15,Kribi,2018,11,319,46,25.42000000000001,82.24000000000001,191.38,642.48,0.5628393247701231,0.09099999999999753,27.17,equatorial
19.55,25.67,27.35,24.74,91.65,16.63,2.11,3.27,0.93,0.9,2018-11-16,Kribi,2018,11,320,46,39.82000000000001,92.37,202.32999999999998,641.5,0.558139630528367,-0.5656666666666652,27.17,equatorial
23.42,26.72,29.67,24.98,86.1,2.06,1.73,3.99,0.94,0.89,2018-11-17,Kribi,2018,11,321,46,40.73000000000001,91.27000000000001,203.84,633.34,0.520917659683729,0.4493333333333318,27.17,equatorial
16.72,26.38,28.74,25.08,89.89,5.43,1.59,2.95,0.93,0.89,2018-11-18,Kribi,2018,11,322,46,44.45000000000001,92.90000000000002,208.94,628.64,0.49938763163683625,0.1263333333333314,27.17,equatorial
8.13,26.39,29.86,24.49,88.71,4.2,1.54,3.63,0.93,0.89,2018-11-19,Kribi,2018,11,323,47,45.00000000000001,91.24000000000002,211.76999999999998,624.33,0.47963282949299885,0.15100000000000335,27.17,equatorial
16.17,26.23,28.8,24.85,91.44,4.62,2.12,3.33,0.93,0.89,2018-11-20,Kribi,2018,11,324,47,43.84000000000001,62.95000000000002,212.79,625.9300000000001,0.48667917977788616,-0.0020000000000024443,26.72,equatorial
9.75,26.13,28.25,25.14,92.83,5.68,2.16,2.68,0.93,0.89,2018-11-21,Kribi,2018,11,325,47,42.82000000000001,65.68,215.95,630.18,0.5057408397196431,-0.10000000000000142,26.72,equatorial
21.26,26.59,29.72,24.89,89.07,1.22,2.34,4.35,0.93,0.88,2018-11-22,Kribi,2018,11,326,47,39.84000000000001,65.26,189.35999999999999,630.89,0.5087382097153237,0.3273333333333319,26.72,equatorial
17.98,26.88,30.35,25.13,87.0,1.16,1.79,4.11,0.92,0.88,2018-11-23,Kribi,2018,11,327,47,24.370000000000008,64.19000000000001,186.60999999999999,631.85,0.5128690050978969,0.5923333333333325,26.88,equatorial
19.89,26.48,28.65,25.29,91.08,2.06,2.06,3.03,0.92,0.87,2018-11-24,Kribi,2018,11,328,47,24.370000000000008,65.10000000000002,183.43,633.7,0.5210376224348665,0.16066666666667118,26.88,equatorial
9.51,26.01,27.15,25.16,93.68,3.37,2.18,2.16,0.92,0.88,2018-11-25,Kribi,2018,11,329,47,22.310000000000006,66.76000000000002,184.09,636.71,0.5344690843143669,-0.2873333333333328,26.88,equatorial
12.72,26.31,28.91,24.8,89.44,0.6,1.83,2.93,0.92,0.87,2018-11-26,Kribi,2018,11,330,48,18.710000000000004,63.710000000000015,183.79,636.5999999999999,0.5337287736105659,0.030333333333331325,26.88,equatorial
18.25,26.14,28.29,24.97,90.91,0.41,2.0,2.45,0.91,0.87,2018-11-27,Kribi,2018,11,331,48,14.500000000000007,58.34000000000002,174.42999999999998,619.9000000000001,0.4576385928915868,-0.11700000000000088,26.88,equatorial
20.13,27.23,30.58,24.9,84.58,0.26,1.49,4.03,0.91,0.86,2018-11-28,Kribi,2018,11,332,48,9.080000000000007,51.90000000000001,162.67999999999998,608.58,0.4060128957610187,0.9363333333333301,27.23,equatorial
15.98,27.44,30.67,25.52,86.37,0.67,1.71,3.85,0.9,0.86,2018-11-29,Kribi,2018,11,333,48,8.530000000000008,48.37000000000002,157.42,602.59,0.3786232400301159,1.1143333333333345,27.44,equatorial
15.31,26.21,27.4,25.4,92.2,0.67,2.2,1.98,0.9,0.86,2018-11-30,Kribi,2018,11,334,48,8.040000000000008,32.41000000000002,140.36999999999998,578.2499999999999,0.26780901437959476,-0.13266666666666538,27.44,equatorial
11.42,25.6,26.81,24.51,93.13,0.75,2.21,1.61,0.89,0.85,2018-12-01,Kribi,2018,12,335,48,6.730000000000007,31.100000000000016,132.02999999999997,553.4699999999999,0.15500165849152142,-0.745000000000001,27.44,equatorial
16.78,26.32,29.01,24.44,85.84,0.18,1.88,3.52,0.89,0.85,2018-12-02,Kribi,2018,12,336,48,3.540000000000007,25.850000000000016,125.71,550.89,0.14320732705877676,-0.0660000000000025,27.44,equatorial
14.51,26.11,28.06,24.95,89.56,0.27,2.34,2.92,0.88,0.85,2018-12-03,Kribi,2018,12,337,49,3.210000000000007,21.920000000000012,122.82000000000001,547.97,0.12986582747058778,-0.2690000000000019,27.44,equatorial
14.94,26.45,28.72,25.09,88.75,0.13,1.64,2.32,0.88,0.84,2018-12-04,Kribi,2018,12,338,49,2.9300000000000073,17.430000000000014,119.15,543.23,0.10823793219813503,0.044666666666667965,27.44,equatorial
18.62,26.8,29.31,25.39,87.92,0.19,1.44,2.45,0.88,0.84,2018-12-05,Kribi,2018,12,339,49,2.860000000000007,11.940000000000014,113.47999999999999,532.3100000000001,0.058461995589387576,0.3963333333333381,27.44,equatorial
14.07,26.87,29.29,25.64,89.17,0.28,1.69,2.35,0.87,0.84,2018-12-06,Kribi,2018,12,340,49,2.4700000000000073,11.000000000000014,80.85,528.73,0.04212984694853909,0.42433333333333323,26.87,equatorial
4.0,25.96,27.7,24.92,90.3,0.78,2.25,2.33,0.87,0.84,2018-12-07,Kribi,2018,12,341,49,2.580000000000007,10.620000000000013,78.68,525.0799999999999,0.025478675715492418,-0.48733333333333206,26.87,equatorial
9.83,26.03,28.72,24.4,86.8,0.29,2.03,3.48,0.86,0.83,2018-12-08,Kribi,2018,12,342,49,2.120000000000007,8.850000000000016,77.33,516.06,-0.01565720129415328,-0.39966666666666484,26.87,equatorial
18.95,26.78,30.13,24.52,82.79,0.29,1.73,4.45,0.86,0.83,2018-12-09,Kribi,2018,12,343,49,2.230000000000007,5.770000000000014,75.39,508.29999999999995,-0.05104604783054665,0.3236666666666643,26.87,equatorial
15.71,26.08,27.94,24.97,90.5,0.76,1.75,2.1,0.85,0.83,2018-12-10,Kribi,2018,12,344,50,2.720000000000007,5.930000000000014,75.0,505.43,-0.06412321520007036,-0.3613333333333344,26.87,equatorial
15.52,25.97,28.27,24.75,90.26,0.37,2.05,2.5,0.85,0.83,2018-12-11,Kribi,2018,12,345,50,2.960000000000007,5.890000000000014,73.66,503.59000000000003,-0.07249913756875209,-0.44333333333333513,26.87,equatorial
12.87,26.44,29.13,24.91,86.68,0.65,1.72,3.06,0.85,0.82,2018-12-12,Kribi,2018,12,346,50,3.420000000000007,6.2800000000000145,70.66,501.1,-0.08384281877925323,0.04600000000000293,26.87,equatorial
18.05,26.79,30.09,25.02,86.54,1.02,1.98,4.0,0.84,0.82,2018-12-13,Kribi,2018,12,347,50,4.160000000000007,6.630000000000014,65.89999999999999,498.5,-0.09568883007097762,0.4086666666666652,26.79,equatorial
16.7,27.12,30.98,25.14,84.97,0.89,1.88,4.45,0.84,0.82,2018-12-14,Kribi,2018,12,348,50,4.270000000000008,6.850000000000015,60.089999999999996,489.67,-0.13599923637574718,0.705333333333332,27.12,equatorial
16.55,26.51,29.69,24.56,87.81,1.05,2.28,4.27,0.83,0.81,2018-12-15,Kribi,2018,12,349,50,5.030000000000007,7.150000000000015,56.940000000000005,485.95,-0.15295348230049102,0.08866666666666845,27.12,equatorial
17.51,26.86,30.12,24.94,85.87,1.1,1.87,4.12,0.83,0.81,2018-12-16,Kribi,2018,12,350,50,5.840000000000007,8.070000000000014,41.410000000000004,481.93,-0.17127879308373412,0.39899999999999736,27.12,equatorial
18.77,26.85,29.86,25.2,86.85,0.57,2.06,3.73,0.82,0.81,2018-12-17,Kribi,2018,12,351,51,5.6500000000000075,8.370000000000015,39.92,475.88,-0.19888752915884358,0.3846666666666678,27.12,equatorial
18.35,26.56,29.11,25.12,87.71,0.45,1.78,2.68,0.82,0.8,2018-12-18,Kribi,2018,12,352,51,5.7300000000000075,8.690000000000014,34.94,473.78999999999996,-0.20837787644776168,0.0886666666666649,27.12,equatorial
17.16,26.51,29.66,24.63,87.29,0.71,2.25,3.8,0.82,0.8,2018-12-19,Kribi,2018,12,353,51,5.790000000000007,9.210000000000015,31.45,472.66,-0.213474307446853,0.034666666666669954,27.12,equatorial
14.14,26.81,30.44,24.64,85.36,0.49,1.85,4.04,0.81,0.8,2018-12-20,Kribi,2018,12,354,51,5.260000000000008,9.420000000000014,27.319999999999997,466.05999999999995,-0.24361186054913184,0.31533333333333147,27.12,equatorial
17.58,26.69,29.9,25.0,85.5,0.51,1.84,3.87,0.81,0.8,2018-12-21,Kribi,2018,12,355,51,4.880000000000007,9.150000000000013,22.150000000000002,460.17,-0.27049548878693547,0.17666666666666941,26.86,equatorial
18.1,26.6,29.5,25.03,85.89,0.17,1.97,3.58,0.8,0.79,2018-12-22,Kribi,2018,12,356,51,4.000000000000007,9.030000000000015,21.1,454.91999999999996,-0.2944446421460376,0.08633333333333582,26.86,equatorial
14.47,26.68,29.49,25.12,85.76,0.24,1.88,3.39,0.8,0.79,2018-12-23,Kribi,2018,12,357,51,3.1400000000000072,8.980000000000015,20.18,449.22999999999996,-0.3204070112841124,0.17300000000000182,26.85,equatorial
15.81,26.86,29.92,25.04,84.85,0.09,1.86,4.13,0.79,0.79,2018-12-24,Kribi,2018,12,358,52,2.6600000000000072,8.310000000000013,18.21,444.65000000000003,-0.3412779845759271,0.34033333333333005,26.86,equatorial
17.48,26.81,29.74,25.12,85.76,0.15,1.84,3.65,0.79,0.78,2018-12-25,Kribi,2018,12,359,52,2.360000000000007,8.090000000000014,14.99,437.86,-0.37227794454769453,0.2636666666666656,26.86,equatorial
15.03,26.39,28.59,25.05,88.64,0.2,2.27,3.03,0.78,0.78,2018-12-26,Kribi,2018,12,360,52,1.8500000000000072,7.640000000000014,14.59,418.35999999999996,-0.4615583618807921,-0.15899999999999892,26.86,equatorial
17.36,25.76,28.52,23.66,85.26,0.84,2.42,4.04,0.78,0.78,2018-12-27,Kribi,2018,12,361,52,2.2000000000000073,7.460000000000015,15.02,417.47,-0.465448725179651,-0.7763333333333335,26.86,equatorial
19.29,26.03,30.37,22.79,80.86,0.35,1.7,4.17,0.78,0.77,2018-12-28,Kribi,2018,12,362,52,2.040000000000007,6.920000000000014,15.11,415.0,-0.476587451711927,-0.46633333333333127,26.86,equatorial
19.14,26.35,28.52,24.94,88.67,1.01,2.06,2.55,0.77,0.78,2018-12-29,Kribi,2018,12,363,52,2.880000000000007,6.880000000000014,15.45,412.72999999999996,-0.48680497336636996,-0.10999999999999943,26.86,equatorial
10.35,26.59,29.47,24.84,86.54,1.01,1.89,3.33,0.77,0.77,2018-12-30,Kribi,2018,12,364,52,3.6500000000000066,6.790000000000013,15.790000000000001,397.6,-0.5560513254017938,0.11733333333333107,26.86,equatorial
18.88,27.32,30.85,25.08,84.31,0.55,1.75,4.01,0.77,0.77,2018-12-31,Kribi,2018,12,365,1,4.1100000000000065,6.770000000000014,15.59,390.33,-0.5891803670820057,0.7900000000000027,27.32,equatorial
14.89,26.71,28.92,25.48,88.68,2.15,1.87,2.5,0.77,0.77,2019-01-01,Kribi,2019,1,1,1,6.1100000000000065,8.470000000000013,17.560000000000002,390.04,-0.5902407362921892,0.1670000000000016,27.32,equatorial
19.01,26.81,29.79,25.15,87.32,1.39,2.23,3.77,0.77,0.77,2019-01-02,Kribi,2019,1,2,1,7.300000000000007,9.150000000000015,18.68,382.45,-0.6248302322029649,0.24366666666666603,27.32,equatorial
10.63,26.59,28.8,25.34,88.95,2.91,2.16,2.79,0.76,0.77,2019-01-03,Kribi,2019,1,3,1,9.370000000000008,11.570000000000014,21.459999999999997,366.72,-0.6967926802953471,0.01899999999999835,27.32,equatorial
18.73,27.17,30.36,25.53,85.3,2.17,2.03,3.98,0.77,0.77,2019-01-04,Kribi,2019,1,4,1,11.190000000000008,13.230000000000015,23.44,334.27,-0.845507337807189,0.586666666666666,27.32,equatorial
15.08,26.5,29.12,25.25,88.92,2.81,2.72,3.67,0.76,0.77,2019-01-05,Kribi,2019,1,5,1,12.990000000000007,15.870000000000013,25.97,336.05,-0.8368361850283826,-0.07100000000000506,27.32,equatorial
18.38,26.64,29.67,25.02,86.82,0.35,2.79,4.12,0.76,0.76,2019-01-06,Kribi,2019,1,6,1,12.330000000000007,15.980000000000013,25.54,333.81,-0.8466423062854762,0.046333333333333115,27.32,equatorial
15.89,26.34,29.14,24.39,86.26,0.2,2.29,3.65,0.75,0.76,2019-01-07,Kribi,2019,1,7,2,11.980000000000008,16.090000000000014,25.45,328.06,-0.8725655874284373,-0.26399999999999935,27.17,equatorial
19.32,26.58,29.58,24.95,84.94,0.2,2.36,3.89,0.75,0.75,2019-01-08,Kribi,2019,1,8,2,10.030000000000006,16.140000000000015,25.36,311.07,-0.9501017105724869,-0.0173333333333332,27.17,equatorial
18.78,26.54,29.66,24.64,85.73,0.17,2.43,3.88,0.75,0.75,2019-01-09,Kribi,2019,1,9,2,8.810000000000008,16.110000000000014,24.77,307.36,-0.9665313559703836,-0.07266666666666666,27.17,equatorial
16.53,26.15,29.09,24.36,83.6,0.21,2.44,4.15,0.74,0.75,2019-01-10,Kribi,2019,1,10,2,6.110000000000007,15.480000000000015,24.61,297.13,-1.0128925111030058,-0.46866666666666745,27.17,equatorial
17.6,26.93,30.19,24.91,82.95,0.27,1.7,3.69,0.74,0.74,2019-01-11,Kribi,2019,1,11,2,4.210000000000007,15.400000000000015,24.23,294.76,-1.0230827234399447,0.2950000000000017,26.93,equatorial
19.63,26.9,29.99,25.05,86.6,0.22,2.51,3.79,0.73,0.74,2019-01-12,Kribi,2019,1,12,2,1.6200000000000072,14.610000000000015,23.43,287.64,-1.0550772087857583,0.261333333333333,26.93,equatorial
18.69,26.67,29.09,25.42,87.3,0.32,2.71,3.43,0.73,0.74,2019-01-13,Kribi,2019,1,13,2,1.590000000000007,13.920000000000014,22.86,274.15999999999997,-1.116231625679746,0.046333333333333115,26.93,equatorial
17.16,26.76,29.48,24.92,86.49,0.24,2.63,3.77,0.73,0.74,2019-01-14,Kribi,2019,1,14,3,1.630000000000007,13.610000000000014,22.05,270.37,-1.1327857325803479,0.1280000000000001,26.93,equatorial
18.9,26.95,29.85,25.21,86.4,0.3,2.18,3.36,0.73,0.74,2019-01-15,Kribi,2019,1,15,3,1.730000000000007,11.760000000000014,21.25,264.99,-1.1566112972406861,0.3150000000000013,26.95,equatorial
19.54,27.36,30.77,25.34,85.48,0.24,2.0,3.62,0.72,0.73,2019-01-16,Kribi,2019,1,16,3,1.8000000000000071,10.610000000000014,20.919999999999998,264.68,-1.157119460520368,0.708000000000002,27.36,equatorial
14.64,27.03,29.86,25.26,87.32,0.29,2.09,3.08,0.72,0.73,2019-01-17,Kribi,2019,1,17,3,1.880000000000007,7.990000000000014,20.76,264.64,-1.1563878770470082,0.3623333333333356,27.36,equatorial
18.34,26.61,28.97,25.45,88.33,0.33,2.58,2.85,0.72,0.73,2019-01-18,Kribi,2019,1,18,3,1.940000000000007,6.150000000000015,20.38,263.6,-1.1602477483760227,-0.06099999999999994,27.36,equatorial
19.94,26.78,29.55,25.12,85.74,0.57,2.4,3.68,0.72,0.73,2019-01-19,Kribi,2019,1,19,3,2.290000000000007,3.9100000000000144,20.46,260.57,-1.173233134823612,0.11000000000000298,27.36,equatorial
19.62,26.76,29.85,24.87,85.69,0.13,2.33,3.59,0.71,0.72,2019-01-20,Kribi,2019,1,20,3,2.100000000000007,3.690000000000014,20.08,258.18,-1.1832582275237702,0.08766666666666723,27.36,equatorial
18.9,26.51,29.17,25.05,86.48,0.58,2.43,3.5,0.71,0.72,2019-01-21,Kribi,2019,1,21,4,2.4400000000000066,4.0700000000000145,20.49,230.95,-1.3072020336151349,-0.15933333333333266,27.36,equatorial
17.53,26.77,30.08,24.64,85.15,0.71,2.33,3.98,0.71,0.72,2019-01-22,Kribi,2019,1,22,4,2.8500000000000068,4.580000000000014,20.96,227.75,-1.3206808330200657,0.09766666666666524,27.36,equatorial
19.68,26.33,28.28,25.39,90.66,0.64,2.87,2.39,0.71,0.72,2019-01-23,Kribi,2019,1,23,4,3.2500000000000067,5.050000000000014,21.509999999999998,223.15,-1.3405451892522973,-0.3246666666666691,27.03,equatorial
19.67,26.54,29.0,25.25,85.0,0.73,2.9,4.16,0.71,0.72,2019-01-24,Kribi,2019,1,24,4,3.690000000000007,5.5700000000000145,22.09,221.17,-1.3483562548412267,-0.10566666666666791,26.78,equatorial
9.32,25.98,28.1,24.74,86.93,6.25,2.5,3.56,0.71,0.74,2019-01-25,Kribi,2019,1,25,4,9.610000000000007,11.550000000000015,28.139999999999997,226.52,-1.3225695281593712,-0.652000000000001,26.78,equatorial
16.05,26.93,30.29,24.83,83.28,0.45,2.28,4.47,0.71,0.72,2019-01-26,Kribi,2019,1,26,4,9.490000000000006,11.780000000000015,27.749999999999996,217.2,-1.3640318420927018,0.25900000000000034,26.93,equatorial
14.97,26.37,28.5,25.38,88.25,3.17,2.71,3.41,0.71,0.73,2019-01-27,Kribi,2019,1,27,4,12.530000000000008,14.630000000000015,30.57,208.36,-1.403191203408567,-0.3123333333333349,26.93,equatorial
19.49,26.24,27.77,25.41,89.88,1.81,2.29,2.13,0.71,0.72,2019-01-28,Kribi,2019,1,28,5,13.760000000000007,16.200000000000014,31.369999999999997,204.24,-1.4206469584983654,-0.43866666666666987,26.93,equatorial
10.28,26.51,28.52,25.36,88.65,5.18,2.13,2.63,0.71,0.74,2019-01-29,Kribi,2019,1,29,5,18.230000000000004,21.080000000000013,35.54,191.7,-1.4765685200626268,-0.16599999999999682,26.93,equatorial
18.58,26.96,29.99,25.13,84.39,1.88,2.01,3.95,0.71,0.72,2019-01-30,Kribi,2019,1,30,5,19.470000000000006,22.720000000000017,36.87,184.49,-1.5079570059139749,0.2959999999999994,26.96,equatorial
15.61,27.21,30.16,25.45,83.37,2.93,1.73,3.74,0.71,0.72,2019-01-31,Kribi,2019,1,31,5,21.670000000000005,25.360000000000014,37.65,180.92,-1.5226166796184872,0.5293333333333372,27.21,equatorial
19.76,27.46,30.77,25.5,85.52,3.16,2.24,4.28,0.71,0.72,2019-02-01,Kribi,2019,2,32,5,18.580000000000005,28.190000000000015,39.419999999999995,180.92,-1.5209258215815147,0.7576666666666654,27.46,equatorial
17.95,26.92,29.24,25.62,88.74,3.73,2.46,3.27,0.71,0.73,2019-02-02,Kribi,2019,2,33,5,21.860000000000007,31.350000000000016,40.24,180.85,-1.5195601608958618,0.20666666666667055,27.46,equatorial
16.64,27.27,29.52,25.91,85.01,3.81,1.92,3.31,0.71,0.73,2019-02-03,Kribi,2019,2,34,5,22.500000000000004,35.030000000000015,41.88,178.8,-1.5272344868463323,0.5533333333333346,27.46,equatorial
16.18,26.52,28.87,25.23,89.81,9.24,2.67,3.56,0.72,0.75,2019-02-04,Kribi,2019,2,35,6,29.930000000000007,43.69000000000002,48.309999999999995,155.13,-1.633481285148397,-0.19733333333333292,27.46,equatorial
9.72,26.4,28.04,25.56,90.69,0.26,2.24,1.86,0.72,0.73,2019-02-05,Kribi,2019,2,36,6,25.010000000000005,43.240000000000016,48.220000000000006,152.44,-1.6437402329757598,-0.3093333333333348,27.46,equatorial
16.25,27.08,29.75,25.41,85.59,0.01,2.0,3.08,0.71,0.72,2019-02-06,Kribi,2019,2,37,6,23.140000000000008,42.610000000000014,48.03,150.81,-1.6491346396874154,0.34599999999999653,27.46,equatorial
19.65,27.19,30.0,25.64,87.61,0.01,1.99,2.61,0.71,0.72,2019-02-07,Kribi,2019,2,38,6,20.220000000000006,41.890000000000015,47.839999999999996,148.58999999999997,-1.6571950580499126,0.43566666666666976,27.46,equatorial
12.18,27.52,30.34,25.91,87.53,0.02,2.26,3.04,0.7,0.71,2019-02-08,Kribi,2019,2,39,6,17.080000000000005,35.66000000000001,47.690000000000005,147.46,-1.6602677595565316,0.7330000000000005,27.52,equatorial
15.88,27.7,31.01,25.74,85.02,0.01,2.13,3.94,0.7,0.71,2019-02-09,Kribi,2019,2,40,6,13.360000000000007,35.22000000000001,47.49,145.76,-1.665920639467842,0.8613333333333308,27.7,equatorial
15.6,27.87,31.03,25.9,83.08,0.0,1.68,3.02,0.69,0.71,2019-02-10,Kribi,2019,2,41,6,9.550000000000006,32.05000000000001,47.22,142.10999999999999,-1.6804121794904407,1.0,27.87,equatorial
17.38,27.62,30.34,26.22,86.02,0.0,1.67,2.9,0.69,0.7,2019-02-11,Kribi,2019,2,42,7,0.3100000000000053,30.240000000000016,47.0,136.32999999999998,-1.7045196251698311,0.7259999999999991,27.87,equatorial
15.44,27.24,29.69,25.69,86.32,0.0,2.22,2.92,0.69,0.7,2019-02-12,Kribi,2019,2,43,7,0.05000000000000533,25.060000000000016,46.68,129.63,-1.7327068639753085,0.32699999999999463,27.87,equatorial
15.04,27.31,29.92,25.93,85.82,0.0,2.29,3.17,0.69,0.7,2019-02-13,Kribi,2019,2,44,7,0.04000000000000533,23.180000000000014,46.44,125.43,-1.7494466593253086,0.3786666666666676,27.87,equatorial
17.37,27.03,28.73,26.09,88.07,0.0,2.21,2.37,0.68,0.7,2019-02-14,Kribi,2019,2,45,7,0.030000000000005328,20.250000000000014,46.14,108.80000000000001,-1.8224219833835187,0.09600000000000009,27.87,equatorial
15.44,27.28,30.17,25.83,85.3,2.2,2.09,3.33,0.68,0.7,2019-02-15,Kribi,2019,2,46,7,2.2100000000000053,19.290000000000013,48.1,108.94000000000001,-1.8191784851505606,0.34866666666666646,27.87,equatorial
15.17,26.9,29.22,25.65,83.89,0.47,2.25,3.01,0.68,0.7,2019-02-16,Kribi,2019,2,47,7,2.6700000000000053,16.030000000000012,48.28,103.98,-1.8390121494092222,-0.027000000000004576,27.87,equatorial
19.31,26.64,30.04,23.99,78.75,0.28,1.88,4.3,0.68,0.69,2019-02-17,Kribi,2019,2,48,7,2.9500000000000055,12.500000000000014,48.230000000000004,100.06,-1.8540569597003067,-0.28800000000000026,27.62,equatorial
19.8,27.46,30.9,25.37,79.84,0.64,1.71,4.16,0.68,0.69,2019-02-18,Kribi,2019,2,49,8,3.5900000000000056,3.9000000000000146,48.3,96.08,-1.86930330095192,0.5093333333333305,27.46,equatorial
18.38,26.67,28.92,25.41,86.86,0.79,2.08,2.86,0.67,0.69,2019-02-19,Kribi,2019,2,50,8,4.380000000000005,4.430000000000015,48.96,91.19,-1.888582567306393,-0.27766666666666495,27.46,equatorial
16.37,26.89,29.72,25.13,86.19,0.2,2.61,3.76,0.67,0.68,2019-02-20,Kribi,2019,2,51,8,4.580000000000005,4.620000000000015,48.58,90.17,-1.8903305413136753,-0.07033333333333047,27.46,equatorial
14.13,26.33,28.07,25.16,90.25,0.75,2.71,2.31,0.67,0.69,2019-02-21,Kribi,2019,2,52,8,5.330000000000005,5.3600000000000145,48.62,89.76,-1.8893231625560114,-0.6156666666666695,27.46,equatorial
9.18,26.62,28.38,25.42,88.78,0.2,2.98,2.63,0.67,0.69,2019-02-22,Kribi,2019,2,53,8,3.3300000000000054,5.540000000000015,48.18,87.9,-1.894843102699469,-0.3353333333333346,27.46,equatorial
20.17,27.38,30.86,25.08,83.38,0.2,2.13,4.19,0.67,0.68,2019-02-23,Kribi,2019,2,54,8,3.060000000000006,5.730000000000015,47.65,84.72999999999999,-1.9062242476081463,0.3966666666666647,27.46,equatorial
22.73,27.33,30.15,25.7,85.87,0.17,2.11,3.24,0.66,0.68,2019-02-24,Kribi,2019,2,55,8,2.9500000000000055,5.900000000000015,41.57,84.3,-1.905245708839211,0.3016666666666694,27.46,equatorial
11.61,26.8,28.85,25.53,88.55,3.79,1.95,2.71,0.67,0.69,2019-02-25,Kribi,2019,2,56,9,6.100000000000005,9.690000000000015,44.91,87.68,-1.8871758580627562,-0.2240000000000002,27.38,equatorial
6.09,26.01,27.3,25.09,90.57,4.87,1.29,2.06,0.67,0.7,2019-02-26,Kribi,2019,2,57,9,10.180000000000007,14.560000000000015,46.61,92.29,-1.8636747511118723,-1.001999999999999,27.38,equatorial
15.43,26.71,29.87,24.87,82.27,1.38,1.75,3.9,0.67,0.69,2019-02-27,Kribi,2019,2,58,9,11.360000000000007,15.940000000000015,46.18,93.0,-1.8577529410458886,-0.31766666666666765,27.38,equatorial
16.86,26.04,27.62,24.87,89.3,6.61,2.28,2.79,0.67,0.71,2019-02-28,Kribi,2019,2,59,9,17.220000000000006,22.550000000000015,47.61,98.94,-1.8284436372943977,-0.9720000000000013,27.38,equatorial
19.75,26.53,29.34,24.77,85.21,7.09,2.08,3.84,0.69,0.72,2019-03-01,Kribi,2019,3,60,9,24.110000000000007,27.440000000000015,52.82,105.28,-1.797471750136345,-0.4676666666666627,27.38,equatorial
18.13,26.58,28.93,25.35,88.58,1.92,2.5,2.93,0.68,0.7,2019-03-02,Kribi,2019,3,61,9,25.830000000000005,28.890000000000015,51.81,107.02000000000001,-1.7871967308230652,-0.39666666666667183,27.33,equatorial
18.01,26.24,27.81,25.28,90.54,1.95,2.31,2.26,0.68,0.7,2019-03-03,Kribi,2019,3,62,9,27.610000000000007,30.560000000000016,50.6,108.69999999999999,-1.777232552658654,-0.6960000000000015,26.8,equatorial
18.02,26.6,29.07,25.16,87.89,1.3,2.68,3.5,0.68,0.69,2019-03-04,Kribi,2019,3,63,10,25.120000000000008,31.220000000000013,48.17,109.87,-1.7695864768915899,-0.32533333333333303,26.71,equatorial
21.77,27.48,30.51,25.38,84.51,1.72,2.04,4.16,0.67,0.69,2019-03-05,Kribi,2019,3,64,10,21.970000000000006,32.15000000000001,46.08,111.4,-1.7603653308883076,0.5476666666666716,27.48,equatorial
18.79,27.04,29.53,25.74,87.12,1.56,2.63,3.74,0.67,0.69,2019-03-06,Kribi,2019,3,65,10,22.150000000000006,33.51000000000001,38.400000000000006,112.68,-1.7522961602918476,0.0903333333333336,27.48,equatorial
15.68,26.32,28.19,24.99,88.05,0.29,1.92,2.15,0.67,0.68,2019-03-07,Kribi,2019,3,66,10,15.830000000000005,33.05000000000001,38.43,112.19,-1.752146370182675,-0.6269999999999989,27.48,equatorial
19.46,27.01,29.32,25.65,84.49,1.41,1.59,2.73,0.67,0.69,2019-03-08,Kribi,2019,3,67,10,10.150000000000006,34.26000000000002,39.83,113.31,-1.7448278629630312,0.06533333333333857,27.48,equatorial
14.46,26.5,28.38,25.27,90.29,9.38,2.15,2.78,0.67,0.71,2019-03-09,Kribi,2019,3,68,10,17.610000000000007,43.44000000000001,49.2,122.4,-1.702068565877235,-0.42166666666666686,27.48,equatorial
17.15,26.69,28.57,25.68,89.93,5.03,2.42,3.08,0.69,0.72,2019-03-10,Kribi,2019,3,69,10,20.69000000000001,48.30000000000001,54.21,126.67,-1.6809095710847086,-0.20400000000000063,27.48,equatorial
18.96,26.73,28.73,25.55,89.25,1.76,2.28,2.61,0.68,0.7,2019-03-11,Kribi,2019,3,70,11,21.150000000000006,46.27000000000002,55.96,128.06,-1.6726319937626835,-0.1316666666666677,27.48,equatorial
18.89,27.4,30.08,25.68,86.12,0.51,2.06,3.42,0.68,0.69,2019-03-12,Kribi,2019,3,71,11,19.94000000000001,41.91000000000002,56.47,127.92,-1.671182733400466,0.5539999999999985,27.4,equatorial
23.5,27.39,29.53,26.1,88.14,0.3,1.79,2.46,0.67,0.69,2019-03-13,Kribi,2019,3,72,11,18.680000000000007,40.83000000000001,56.77,127.2,-1.6723143947918382,0.5516666666666694,27.4,equatorial
14.36,26.94,28.75,26.05,89.48,0.59,2.35,2.63,0.67,0.68,2019-03-14,Kribi,2019,3,73,11,18.980000000000008,34.81000000000002,57.36,126.9,-1.671578143338247,0.11166666666667169,27.4,equatorial
22.16,27.06,29.4,25.73,88.38,0.68,1.99,2.68,0.67,0.68,2019-03-15,Kribi,2019,3,74,11,18.250000000000007,28.400000000000016,58.04,126.53,-1.671155183058931,0.23999999999999844,27.4,equatorial
6.05,26.88,29.09,25.69,88.63,0.84,1.76,2.54,0.67,0.68,2019-03-16,Kribi,2019,3,75,11,9.710000000000006,27.320000000000018,58.88,126.27,-1.6702462966901337,0.06499999999999773,27.4,equatorial
19.22,27.15,29.57,25.64,86.89,0.4,2.08,3.07,0.66,0.68,2019-03-17,Kribi,2019,3,76,11,5.080000000000005,25.770000000000014,57.08,126.10000000000001,-1.6689421323010267,0.3393333333333324,27.4,equatorial
22.06,27.52,30.03,26.11,85.31,0.76,1.73,3.28,0.66,0.67,2019-03-18,Kribi,2019,3,77,12,4.080000000000005,25.230000000000015,57.37,126.41,-1.6655175582108177,0.6886666666666699,27.52,equatorial
21.8,27.22,29.22,25.86,88.07,0.75,2.48,3.31,0.66,0.67,2019-03-19,Kribi,2019,3,78,12,4.320000000000006,24.260000000000016,57.839999999999996,126.44999999999999,-1.6633002573019764,0.3693333333333335,27.52,equatorial
20.21,27.35,29.43,26.22,88.44,1.0,2.32,2.98,0.66,0.67,2019-03-20,Kribi,2019,3,79,12,5.020000000000006,23.700000000000017,58.2,126.96,-1.6590124208209378,0.5030000000000037,27.52,equatorial
21.52,27.44,30.35,25.65,86.33,0.91,1.95,3.91,0.65,0.67,2019-03-21,Kribi,2019,3,80,12,5.340000000000005,24.320000000000018,58.32,127.36,-1.6552262628929606,0.5673333333333375,27.52,equatorial
10.31,26.7,27.97,25.99,92.04,4.41,2.24,2.12,0.66,0.69,2019-03-22,Kribi,2019,3,81,12,9.070000000000004,27.320000000000018,62.53,131.6,-1.634488986796341,-0.1663333333333341,27.52,equatorial
20.68,26.94,29.0,25.83,89.53,4.61,2.28,3.12,0.66,0.69,2019-03-23,Kribi,2019,3,82,12,12.840000000000005,22.550000000000015,66.39,135.97,-1.6132490084201192,0.053333333333334565,27.52,equatorial
9.85,26.53,28.09,25.34,89.58,5.02,1.7,2.86,0.67,0.7,2019-03-24,Kribi,2019,3,83,12,17.460000000000004,22.540000000000013,71.21000000000001,140.9,-1.5896083994312296,-0.35366666666666546,27.52,equatorial
20.91,26.32,28.37,24.99,87.38,0.82,2.31,3.26,0.67,0.68,2019-03-25,Kribi,2019,3,84,13,17.520000000000007,21.600000000000016,71.83,141.57,-1.584839559494972,-0.5283333333333324,27.44,equatorial
23.32,27.25,30.22,25.28,83.73,0.84,2.06,4.13,0.66,0.67,2019-03-26,Kribi,2019,3,85,13,17.610000000000007,21.930000000000014,72.5,142.21,-1.5802187632491365,0.40433333333333366,27.44,equatorial
21.79,27.72,30.31,25.58,83.98,0.57,1.71,3.69,0.65,0.67,2019-03-27,Kribi,2019,3,86,13,17.180000000000007,22.200000000000014,69.28,141.94,-1.5796241093276029,0.8436666666666675,27.72,equatorial
12.42,27.43,29.25,26.23,88.09,4.08,1.8,2.46,0.66,0.68,2019-03-28,Kribi,2019,3,87,13,20.350000000000005,25.690000000000012,68.49,145.67000000000002,-1.5614091776987016,0.5063333333333304,27.72,equatorial
20.41,27.76,31.02,25.93,85.28,2.67,1.87,4.2,0.66,0.68,2019-03-29,Kribi,2019,3,88,13,18.610000000000007,27.680000000000014,69.78,147.33,-1.5523674502933542,0.8013333333333357,27.76,equatorial
6.92,27.47,29.79,26.06,89.75,4.52,1.96,3.16,0.66,0.69,2019-03-30,Kribi,2019,3,89,13,18.520000000000003,31.360000000000014,67.69,150.84,-1.5352103778589958,0.46366666666666845,27.76,equatorial
10.89,26.98,28.54,25.95,90.3,4.03,2.13,2.61,0.66,0.69,2019-03-31,Kribi,2019,3,90,13,17.530000000000005,34.990000000000016,64.63,154.32000000000002,-1.5182373940819378,-0.04133333333333411,27.76,equatorial
22.55,27.68,30.33,26.09,85.35,2.28,1.66,3.62,0.66,0.68,2019-04-01,Kribi,2019,4,91,14,18.990000000000006,36.51000000000002,64.99,154.45000000000002,-1.516050142492978,0.6219999999999999,27.76,equatorial
17.14,28.17,31.32,26.18,83.33,1.47,1.2,4.16,0.66,0.68,2019-04-02,Kribi,2019,4,92,14,19.620000000000005,37.23000000000002,64.51,154.53,-1.5140895599648685,1.047666666666668,28.17,equatorial
22.51,28.24,31.55,25.99,84.25,2.41,1.48,4.01,0.66,0.68,2019-04-03,Kribi,2019,4,93,14,21.460000000000004,38.640000000000015,65.62,154.03,-1.5146841578862023,1.0629999999999953,28.24,equatorial
6.94,28.02,30.62,26.42,87.08,5.79,1.68,3.73,0.66,0.69,2019-04-04,Kribi,2019,4,94,14,23.170000000000005,43.52000000000001,69.69,157.65,-1.4971775852567342,0.8249999999999993,28.24,equatorial
6.2,26.87,28.68,25.75,91.72,9.44,2.13,3.49,0.67,0.71,2019-04-05,Kribi,2019,4,95,14,29.940000000000005,48.55000000000001,77.57,164.28,-1.466502047019436,-0.31933333333332925,28.24,equatorial
22.68,27.42,30.04,25.75,86.68,6.01,2.21,5.17,0.67,0.7,2019-04-06,Kribi,2019,4,96,14,31.430000000000007,49.95000000000002,83.29,169.94,-1.4401692943747952,0.19400000000000261,28.24,equatorial
18.66,27.07,29.52,25.52,88.07,5.08,2.33,4.75,0.67,0.7,2019-04-07,Kribi,2019,4,97,14,32.480000000000004,50.01000000000001,86.96,174.82,-1.4173298831040715,-0.15800000000000125,28.24,equatorial
23.81,27.4,30.05,25.41,85.18,0.9,2.1,4.3,0.66,0.68,2019-04-08,Kribi,2019,4,98,15,31.100000000000005,50.09000000000001,78.48,175.52,-1.4128913995276906,0.14199999999999946,28.24,equatorial
21.18,27.66,30.39,26.05,84.36,1.16,2.17,4.66,0.66,0.67,2019-04-09,Kribi,2019,4,99,15,30.790000000000006,50.41000000000002,74.61,176.51000000000002,-1.4071925592807897,0.36966666666666725,28.24,equatorial
16.57,27.31,29.68,26.0,86.71,18.49,1.93,3.83,0.66,0.72,2019-04-10,Kribi,2019,4,100,15,46.870000000000005,68.33000000000001,91.33999999999999,194.79,-1.3256780364973315,0.0003333333333337407,28.02,equatorial
5.91,27.46,30.59,25.33,79.72,1.87,1.84,5.91,0.68,0.7,2019-04-11,Kribi,2019,4,101,15,42.95,66.12000000000002,92.7,196.39,-1.3174921473789762,0.14833333333333343,27.66,equatorial
23.43,27.66,30.54,25.82,83.04,0.46,1.91,4.91,0.67,0.68,2019-04-12,Kribi,2019,4,102,15,33.970000000000006,63.91000000000001,92.86,196.63,-1.315287472172112,0.3393333333333324,27.66,equatorial
15.1,26.53,27.95,25.75,87.6,7.67,2.22,3.41,0.66,0.69,2019-04-13,Kribi,2019,4,103,15,35.63000000000001,67.06,99.94,203.98,-1.2819219171753191,-0.777000000000001,27.66,equatorial
11.85,26.67,30.21,24.74,83.45,6.71,1.93,4.88,0.68,0.71,2019-04-14,Kribi,2019,4,104,15,37.260000000000005,69.74000000000001,105.96999999999998,210.45,-1.2524826676480514,-0.6239999999999988,27.66,equatorial
23.85,27.15,30.51,24.86,81.57,0.37,1.8,5.38,0.67,0.68,2019-04-15,Kribi,2019,4,105,16,36.730000000000004,67.83000000000001,105.5,210.52,-1.2511491484392854,-0.15300000000000225,27.66,equatorial
12.62,26.74,29.71,24.81,85.14,1.24,1.66,4.14,0.66,0.67,2019-04-16,Kribi,2019,4,106,16,36.81,67.60000000000001,106.33999999999999,211.52,-1.2457439794758105,-0.5493333333333368,27.66,equatorial
20.18,27.53,30.67,25.23,85.65,1.03,1.7,3.61,0.65,0.67,2019-04-17,Kribi,2019,4,107,16,19.35000000000001,66.22000000000001,106.60999999999999,212.26000000000002,-1.2414889554449386,0.24033333333333218,27.66,equatorial
10.75,26.78,28.32,25.8,92.25,2.21,2.04,2.44,0.65,0.68,2019-04-18,Kribi,2019,4,108,16,19.690000000000005,62.640000000000015,108.07,214.14,-1.232249428549137,-0.49499999999999744,27.66,equatorial
19.57,26.92,29.25,25.4,88.58,1.1,1.88,2.97,0.65,0.67,2019-04-19,Kribi,2019,4,109,16,20.330000000000005,54.30000000000001,108.16999999999999,214.67,-1.2289404356185194,-0.34066666666666734,27.53,equatorial
16.62,26.52,28.06,25.45,91.16,2.74,2.1,2.77,0.65,0.68,2019-04-20,Kribi,2019,4,110,16,15.400000000000007,51.03000000000001,110.0,217.28,-1.2165303358779165,-0.7100000000000044,27.53,equatorial
20.63,27.07,29.63,25.46,87.82,0.26,1.81,3.36,0.65,0.67,2019-04-21,Kribi,2019,4,111,16,8.950000000000008,46.21000000000001,105.85,216.95999999999998,-1.2169721812587957,-0.17233333333333078,27.53,equatorial
20.3,26.97,29.16,25.43,87.37,0.14,1.94,2.92,0.65,0.66,2019-04-22,Kribi,2019,4,112,17,8.720000000000008,45.45000000000001,101.38,216.39,-1.218508034847629,-0.27333333333333343,27.53,equatorial
19.97,27.62,30.39,26.06,84.15,0.03,1.67,4.06,0.64,0.66,2019-04-23,Kribi,2019,4,113,17,7.510000000000007,44.32000000000001,96.38999999999999,215.78,-1.2202165221545336,0.3403333333333336,27.62,equatorial
15.88,27.51,29.77,26.05,86.86,0.27,1.84,3.17,0.64,0.65,2019-04-24,Kribi,2019,4,114,17,6.750000000000007,26.100000000000016,95.83999999999999,215.32000000000002,-1.221265818141606,0.1906666666666652,27.62,equatorial
19.78,27.38,29.6,25.93,86.69,0.26,2.15,3.74,0.64,0.65,2019-04-25,Kribi,2019,4,115,17,4.800000000000008,24.490000000000013,95.25999999999999,209.33,-1.2465090587086236,0.056333333333331126,27.62,equatorial
17.79,26.36,27.93,25.14,85.68,0.33,2.08,3.01,0.63,0.65,2019-04-26,Kribi,2019,4,116,17,4.030000000000007,24.360000000000014,95.02,209.20999999999998,-1.246025142055273,-0.918333333333333,27.62,equatorial
21.73,28.02,31.52,25.6,80.56,0.35,1.26,5.43,0.63,0.64,2019-04-27,Kribi,2019,4,117,17,1.6400000000000072,17.040000000000013,91.29,206.39000000000001,-1.2573513732887094,0.7220000000000013,28.02,equatorial
17.31,27.26,29.16,26.24,90.62,1.31,1.81,2.78,0.63,0.64,2019-04-28,Kribi,2019,4,118,17,2.6900000000000075,11.640000000000013,89.92999999999999,205.89000000000001,-1.258510612406112,-0.021333333333330984,28.02,equatorial
9.53,26.8,28.79,25.39,89.31,0.21,2.01,2.75,0.63,0.64,2019-04-29,Kribi,2019,4,119,18,2.7600000000000073,11.480000000000015,85.62,200.92,-1.279209965457661,-0.4590000000000032,28.02,equatorial
18.01,26.91,29.24,25.35,88.76,0.5,1.99,2.99,0.63,0.64,2019-04-30,Kribi,2019,4,120,18,3.2300000000000075,10.740000000000014,82.09,199.54,-1.284175607367266,-0.34666666666666757,28.02,equatorial
17.87,27.51,30.13,25.85,85.15,0.11,1.57,3.53,0.62,0.64,2019-05-01,Kribi,2019,5,121,18,3.0700000000000074,9.820000000000014,79.92,196.72,-1.2954238199823662,0.2590000000000039,28.02,equatorial
16.52,27.84,30.83,26.0,83.81,0.24,1.64,4.49,0.62,0.63,2019-05-02,Kribi,2019,5,122,18,3.050000000000007,7.850000000000015,78.69,193.79999999999998,-1.3070853421551918,0.5999999999999979,28.02,equatorial
21.0,27.29,29.51,26.09,86.51,0.23,2.07,3.04,0.62,0.63,2019-05-03,Kribi,2019,5,123,18,2.950000000000007,6.980000000000014,76.50999999999999,190.3,-1.3212551784765147,0.081666666666667,28.02,equatorial
19.44,26.96,28.52,26.01,88.65,0.87,2.34,2.77,0.62,0.63,2019-05-04,Kribi,2019,5,124,18,3.4700000000000073,5.1100000000000145,71.59,187.36,-1.332948799868802,-0.21300000000000097,27.84,equatorial
19.34,26.91,28.53,25.85,91.63,1.01,2.33,2.0,0.62,0.63,2019-05-05,Kribi,2019,5,125,18,3.170000000000007,5.860000000000014,63.160000000000004,179.13,-1.3677078017047166,-0.2643333333333331,27.84,equatorial
10.25,27.0,29.69,25.36,89.49,3.07,2.46,3.89,0.62,0.65,2019-05-06,Kribi,2019,5,126,19,6.0300000000000065,8.790000000000013,60.22,181.94,-1.3542090758855072,-0.16033333333333388,27.84,equatorial
20.32,26.79,28.78,25.67,89.43,1.35,1.98,2.87,0.62,0.64,2019-05-07,Kribi,2019,5,127,19,6.880000000000007,10.110000000000015,56.489999999999995,183.27999999999997,-1.3471551991320097,-0.36100000000000065,27.84,equatorial
21.82,28.18,32.43,25.61,83.53,1.58,1.52,4.45,0.62,0.64,2019-05-08,Kribi,2019,5,128,19,8.350000000000009,11.420000000000014,57.17,184.85,-1.339114608889755,1.0029999999999966,28.18,equatorial
10.59,27.48,29.43,26.18,87.31,1.85,1.68,3.01,0.62,0.64,2019-05-09,Kribi,2019,5,129,19,9.960000000000008,13.010000000000014,57.85999999999999,186.67999999999998,-1.329958715288671,0.3089999999999975,28.18,equatorial
19.24,27.27,30.16,25.72,88.97,10.41,1.71,3.23,0.62,0.67,2019-05-10,Kribi,2019,5,130,19,20.140000000000008,23.090000000000014,49.78,197.07999999999998,-1.2834576000201274,0.10033333333333161,28.18,equatorial
14.33,26.09,27.17,25.39,93.47,2.1,2.46,2.3,0.63,0.66,2019-05-11,Kribi,2019,5,131,19,21.370000000000008,24.840000000000018,50.010000000000005,199.18,-1.2732361284900542,-1.033999999999999,28.18,equatorial
19.51,26.99,29.42,25.22,84.29,0.22,1.4,3.31,0.63,0.64,2019-05-12,Kribi,2019,5,132,19,20.58000000000001,23.750000000000014,49.77,199.4,-1.2712302041552421,-0.11166666666666814,28.18,equatorial
7.09,26.47,27.48,25.74,92.0,1.96,2.0,1.7,0.63,0.65,2019-05-13,Kribi,2019,5,133,20,19.47000000000001,25.500000000000014,44.06,201.35999999999999,-1.2616460491201344,-0.6296666666666688,28.18,equatorial
17.9,26.18,27.4,25.29,90.73,0.37,2.19,2.02,0.63,0.64,2019-05-14,Kribi,2019,5,134,20,18.490000000000006,25.37000000000001,37.72,201.73,-1.2590093236500317,-0.9033333333333324,28.18,equatorial
18.02,27.3,30.41,25.0,83.19,0.58,1.53,4.56,0.62,0.63,2019-05-15,Kribi,2019,5,135,20,17.49000000000001,25.840000000000014,37.93,202.31,-1.2554634395005595,0.21166666666666956,27.48,equatorial
3.95,25.9,26.75,24.59,93.56,4.72,2.38,2.35,0.62,0.65,2019-05-16,Kribi,2019,5,136,20,20.360000000000007,30.320000000000014,41.41,204.83,-1.2434749426199165,-1.1603333333333339,27.3,equatorial
18.4,27.13,30.18,24.58,85.33,1.06,1.66,4.19,0.62,0.64,2019-05-17,Kribi,2019,5,137,20,11.010000000000007,31.150000000000013,41.44,205.42000000000002,-1.2399152432740919,0.08299999999999841,27.3,equatorial
22.15,26.86,28.91,25.85,85.97,1.2,1.87,3.33,0.62,0.64,2019-05-18,Kribi,2019,5,138,20,10.110000000000007,31.480000000000015,40.43,206.34,-1.2349258939236312,-0.18966666666666754,27.3,equatorial
15.74,27.83,31.19,25.64,81.1,2.48,1.25,6.75,0.62,0.64,2019-05-19,Kribi,2019,5,139,20,12.370000000000006,32.95000000000002,41.81,208.17999999999998,-1.225941066179928,0.75,27.83,equatorial
14.52,26.91,29.4,25.48,88.98,1.93,2.29,3.31,0.61,0.63,2019-05-20,Kribi,2019,5,140,21,12.340000000000007,31.810000000000016,41.0,209.32,-1.2200206621073098,-0.18299999999999983,27.83,equatorial
10.9,26.45,27.73,25.54,91.73,3.01,2.49,2.46,0.62,0.64,2019-05-21,Kribi,2019,5,141,21,14.980000000000006,33.47000000000001,43.75,212.13,-1.2068429253834372,-0.6223333333333372,27.83,equatorial
19.71,26.76,29.54,24.84,87.5,0.81,2.53,4.04,0.62,0.63,2019-05-22,Kribi,2019,5,142,21,15.210000000000006,32.70000000000002,44.42,212.19,-1.2056574902723591,-0.30533333333333346,27.83,equatorial
15.04,26.81,29.46,24.89,86.17,2.56,1.79,3.92,0.61,0.63,2019-05-23,Kribi,2019,5,143,21,13.050000000000008,33.41000000000001,46.95,214.54999999999998,-1.194466379170601,-0.22833333333333528,27.83,equatorial
16.15,26.79,28.54,25.78,88.61,1.08,1.84,2.5,0.61,0.63,2019-05-24,Kribi,2019,5,144,21,13.070000000000007,24.080000000000013,47.76,215.43,-1.189734917931808,-0.22433333333333394,27.83,equatorial
14.93,26.68,28.7,25.74,92.84,7.08,2.21,2.71,0.61,0.65,2019-05-25,Kribi,2019,5,145,21,18.950000000000006,29.060000000000013,54.58,222.33999999999997,-1.1587783992993193,-0.31099999999999994,27.83,equatorial
8.04,26.4,27.74,25.36,92.53,12.32,2.57,3.03,0.64,0.69,2019-05-26,Kribi,2019,5,146,21,28.790000000000006,41.16000000000001,66.57000000000001,230.87,-1.120825192303831,-0.5923333333333325,26.91,equatorial
16.68,25.73,27.4,24.56,89.46,1.64,1.76,2.46,0.64,0.65,2019-05-27,Kribi,2019,5,147,22,28.500000000000007,40.84000000000001,67.86,227.64,-1.1340901679097344,-1.186,26.81,equatorial
12.23,26.64,29.48,25.11,87.84,1.01,2.37,3.88,0.63,0.64,2019-05-28,Kribi,2019,5,148,22,26.500000000000007,41.48000000000002,67.56,227.27,-1.1348941670181145,-0.25533333333333275,26.81,equatorial
4.64,25.43,26.73,24.5,94.28,5.43,2.63,2.19,0.63,0.66,2019-05-29,Kribi,2019,5,149,22,31.120000000000005,46.33000000000002,72.78,226.09,-1.1392202380459455,-1.4196666666666644,26.81,equatorial
8.85,25.8,28.33,24.38,89.67,0.74,2.44,3.24,0.63,0.65,2019-05-30,Kribi,2019,5,150,22,29.300000000000008,42.35000000000001,73.02,219.74,-1.1660227098753917,-1.0126666666666644,26.79,equatorial
15.45,25.83,27.4,24.91,89.6,0.44,1.84,2.04,0.63,0.64,2019-05-31,Kribi,2019,5,151,22,28.660000000000007,41.73000000000002,73.35,218.26,-1.1716048630701958,-0.9266666666666694,26.68,equatorial
11.38,26.51,29.24,24.87,86.88,0.88,2.8,4.25,0.62,0.63,2019-06-01,Kribi,2019,6,152,22,22.460000000000008,41.41000000000001,73.99000000000001,217.19,-1.1753954150093575,-0.20233333333333192,26.64,equatorial
10.76,25.62,27.39,24.63,90.6,3.44,2.55,3.55,0.62,0.64,2019-06-02,Kribi,2019,6,153,22,13.580000000000007,42.37000000000002,77.2,219.32999999999998,-1.1652257756203062,-1.0366666666666688,26.64,equatorial
16.55,26.14,28.19,24.71,88.63,0.31,1.92,2.65,0.62,0.63,2019-06-03,Kribi,2019,6,154,23,12.250000000000007,40.750000000000014,76.64,217.92,-1.1705043057040767,-0.48933333333333096,26.64,equatorial
17.8,26.47,29.02,25.01,87.89,0.45,2.6,3.38,0.62,0.63,2019-06-04,Kribi,2019,6,155,23,11.690000000000007,38.19000000000001,76.08000000000001,216.81,-1.1744704601612526,-0.14466666666666583,26.51,equatorial
7.03,25.94,28.59,24.56,88.63,2.84,2.96,4.2,0.61,0.63,2019-06-05,Kribi,2019,6,156,23,9.100000000000007,40.22000000000001,75.85,219.36,-1.1625253240770468,-0.6393333333333331,26.51,equatorial
9.65,25.1,26.53,24.31,91.17,1.89,2.53,2.74,0.61,0.63,2019-06-06,Kribi,2019,6,157,23,10.250000000000007,39.55000000000001,76.39,219.84,-1.1595951741308275,-1.4230000000000018,26.51,equatorial
16.83,25.75,28.28,24.01,86.81,0.37,2.39,3.45,0.61,0.62,2019-06-07,Kribi,2019,6,158,23,10.180000000000007,38.84000000000002,75.18,210.83,-1.1979007198914446,-0.6920000000000002,26.51,equatorial
22.25,26.27,29.85,23.81,83.48,0.09,2.18,4.76,0.61,0.61,2019-06-08,Kribi,2019,6,159,23,9.390000000000006,31.850000000000016,73.42,205.89000000000001,-1.2184589053389845,-0.13166666666666416,26.47,equatorial
20.98,26.31,29.72,24.11,83.99,0.22,2.15,4.26,0.6,0.61,2019-06-09,Kribi,2019,6,160,23,6.170000000000007,19.750000000000014,63.23,204.35,-1.2242136419942025,-0.05966666666666498,26.47,equatorial
18.61,26.07,28.57,24.44,86.47,0.08,2.49,3.34,0.6,0.6,2019-06-10,Kribi,2019,6,161,24,5.940000000000007,18.190000000000012,61.21,203.92,-1.2251382556619492,-0.29900000000000304,26.47,equatorial
6.95,25.41,26.61,24.52,89.35,0.06,2.35,1.72,0.59,0.61,2019-06-11,Kribi,2019,6,162,24,5.550000000000007,17.240000000000016,61.05,203.67999999999998,-1.2252366920263813,-0.9063333333333325,26.31,equatorial
9.93,26.18,29.21,24.18,85.84,0.15,2.46,3.65,0.59,0.6,2019-06-12,Kribi,2019,6,163,24,2.860000000000007,11.960000000000013,59.24,203.24,-1.226203565288954,-0.1266666666666687,26.31,equatorial
5.69,25.89,28.55,24.23,85.73,0.12,2.74,3.54,0.59,0.6,2019-06-13,Kribi,2019,6,164,24,1.090000000000007,11.340000000000014,58.99,202.68,-1.2276899099102028,-0.40700000000000003,26.31,equatorial
10.11,25.61,27.82,24.14,86.67,0.06,2.04,2.61,0.59,0.6,2019-06-14,Kribi,2019,6,165,24,0.7800000000000071,10.960000000000013,58.470000000000006,201.9,-1.2301286267937903,-0.6306666666666665,26.31,equatorial
17.3,26.07,28.97,24.47,87.23,3.41,2.2,3.66,0.59,0.61,2019-06-15,Kribi,2019,6,166,24,4.100000000000008,13.490000000000013,57.16,204.91,-1.216118791421457,-0.17633333333333212,26.31,equatorial
7.35,25.63,27.46,24.6,89.89,3.75,2.26,2.93,0.59,0.62,2019-06-16,Kribi,2019,6,167,24,7.630000000000007,13.800000000000015,59.85,207.9,-1.2022214097295882,-0.5663333333333327,26.18,equatorial
17.66,26.46,29.47,24.56,84.66,5.96,1.98,4.52,0.6,0.64,2019-06-17,Kribi,2019,6,168,25,13.510000000000007,19.450000000000014,64.61,213.11,-1.1787184093955705,0.277000000000001,26.46,equatorial
16.97,25.52,27.72,24.35,89.31,3.13,1.83,2.92,0.6,0.62,2019-06-18,Kribi,2019,6,169,25,16.580000000000005,22.130000000000013,65.26,215.24,-1.1686156208578495,-0.5859999999999985,26.46,equatorial
12.43,25.55,27.83,24.46,87.97,3.1,2.57,3.94,0.6,0.62,2019-06-19,Kribi,2019,6,170,25,19.53000000000001,22.390000000000015,66.43,217.43,-1.1582698387878951,-0.510666666666669,26.46,equatorial
17.08,24.61,25.52,24.09,87.04,0.18,2.19,1.96,0.6,0.61,2019-06-20,Kribi,2019,6,171,25,19.590000000000007,20.680000000000014,63.599999999999994,213.20000000000002,-1.1757837713176655,-1.3893333333333295,26.46,equatorial
9.98,25.71,28.12,24.08,84.84,0.09,2.48,3.4,0.6,0.6,2019-06-21,Kribi,2019,6,172,25,19.620000000000008,20.400000000000013,62.88,208.68,-1.1945255679197702,-0.2543333333333315,26.46,equatorial
13.55,25.94,28.73,24.32,85.42,0.2,2.49,3.52,0.59,0.6,2019-06-22,Kribi,2019,6,173,25,16.410000000000007,20.510000000000012,60.52,203.85999999999999,-1.2145352294696588,0.0046666666666652645,26.46,equatorial
13.75,25.85,28.26,24.43,85.83,0.11,3.32,3.5,0.59,0.59,2019-06-23,Kribi,2019,6,174,25,12.770000000000008,20.400000000000013,59.550000000000004,203.15,-1.2166938869916342,-0.053999999999998494,26.46,equatorial
13.94,25.04,27.38,23.7,84.27,0.08,2.57,3.22,0.58,0.59,2019-06-24,Kribi,2019,6,175,26,6.890000000000007,20.400000000000016,52.550000000000004,202.39,-1.219065756304263,-0.8093333333333348,25.94,equatorial
20.68,25.47,28.66,23.34,83.65,0.47,2.57,4.17,0.58,0.59,2019-06-25,Kribi,2019,6,176,26,4.2300000000000075,20.810000000000013,40.7,202.29,-1.218573764424917,-0.3483333333333327,25.94,equatorial
12.99,25.41,28.4,23.51,84.33,0.75,2.68,3.91,0.58,0.58,2019-06-26,Kribi,2019,6,177,26,1.880000000000007,21.410000000000014,39.81,198.95999999999998,-1.2320774074235161,-0.39766666666666595,25.94,equatorial
19.26,25.56,28.68,23.42,83.33,0.37,2.43,3.9,0.57,0.58,2019-06-27,Kribi,2019,6,178,26,2.0700000000000074,21.660000000000014,39.169999999999995,196.66,-1.241094547706897,-0.211666666666666,25.94,equatorial
19.58,25.78,29.04,23.51,83.38,0.29,2.21,3.77,0.57,0.57,2019-06-28,Kribi,2019,6,179,26,2.270000000000007,21.890000000000015,34.03,192.42999999999998,-1.2584537573802965,-0.0033333333333338544,25.94,equatorial
14.29,25.94,29.45,23.87,86.02,1.35,2.18,3.51,0.57,0.58,2019-06-29,Kribi,2019,6,180,26,3.420000000000007,19.830000000000016,34.64,189.74999999999997,-1.2690680625217952,0.15200000000000102,25.94,equatorial
17.38,25.52,27.78,24.35,86.89,0.87,2.75,3.06,0.57,0.58,2019-06-30,Kribi,2019,6,181,26,4.180000000000007,16.950000000000014,35.07,188.33999999999997,-1.274163841501365,-0.2576666666666654,25.94,equatorial
15.84,25.39,27.57,23.8,86.97,0.16,2.32,2.33,0.57,0.58,2019-07-01,Kribi,2019,7,182,27,4.260000000000007,11.150000000000015,34.35,187.02999999999997,-1.2788171117390046,-0.3503333333333316,25.94,equatorial
11.95,26.03,29.41,24.03,85.34,0.13,2.46,3.57,0.56,0.57,2019-07-02,Kribi,2019,7,183,27,3.9200000000000075,8.150000000000013,31.04,184.75,-1.287659080429867,0.2759999999999998,26.03,equatorial
16.56,25.53,28.33,23.82,86.11,0.15,2.38,2.99,0.56,0.57,2019-07-03,Kribi,2019,7,184,27,3.3200000000000074,5.2000000000000135,30.88,179.10999999999999,-1.311020024689304,-0.20366666666666688,26.03,equatorial
15.01,24.75,26.34,23.79,90.09,0.44,2.41,1.6,0.56,0.57,2019-07-04,Kribi,2019,7,185,27,3.3900000000000072,5.460000000000014,30.87,170.10999999999999,-1.3488639006396046,-0.9263333333333357,26.03,equatorial
13.93,25.29,28.04,23.67,87.87,0.61,2.21,2.75,0.56,0.57,2019-07-05,Kribi,2019,7,186,27,3.710000000000007,5.980000000000015,28.64,164.71,-1.371058087500342,-0.36466666666666825,26.03,equatorial
12.06,26.04,29.07,24.33,86.47,0.28,2.87,3.31,0.56,0.56,2019-07-06,Kribi,2019,7,187,27,2.6400000000000072,6.060000000000014,27.03,159.91,-1.390608070184801,0.35400000000000276,26.04,equatorial
4.43,24.95,26.59,23.86,88.3,0.7,3.08,2.25,0.56,0.57,2019-07-07,Kribi,2019,7,188,27,2.470000000000007,6.650000000000015,27.36,159.70999999999998,-1.3902358980334173,-0.7093333333333334,26.04,equatorial
12.24,25.05,27.45,23.5,85.85,0.77,1.62,2.44,0.56,0.57,2019-07-08,Kribi,2019,7,189,28,3.080000000000007,7.340000000000015,28.04,159.32,-1.390685759803194,-0.5686666666666653,26.04,equatorial
15.25,25.42,28.18,23.75,86.33,0.44,2.34,2.73,0.56,0.56,2019-07-09,Kribi,2019,7,190,28,3.390000000000007,7.310000000000014,28.26,141.27,-1.467393420808321,-0.16900000000000048,26.04,equatorial
4.06,25.42,28.39,23.62,85.05,1.91,2.42,3.6,0.56,0.57,2019-07-10,Kribi,2019,7,191,28,5.1500000000000075,8.470000000000013,30.090000000000003,141.31,-1.4658211798021357,-0.1473333333333322,26.04,equatorial
11.41,24.09,25.34,23.16,94.43,22.49,2.67,2.19,0.58,0.69,2019-07-11,Kribi,2019,7,192,28,27.200000000000006,30.59000000000001,52.519999999999996,163.34,-1.369360402483031,-1.4333333333333336,26.04,equatorial
10.4,24.12,26.07,23.07,90.49,3.18,1.99,2.3,0.6,0.63,2019-07-12,Kribi,2019,7,193,28,29.770000000000007,33.48000000000002,55.55,158.85000000000002,-1.3875432497330256,-1.3346666666666636,26.04,equatorial
13.62,25.34,28.58,23.2,86.08,2.4,1.9,3.92,0.6,0.61,2019-07-13,Kribi,2019,7,194,28,31.890000000000008,34.530000000000015,57.83,154.54,-1.4049073993494725,-0.09633333333333383,25.42,equatorial
8.2,25.03,26.95,23.73,91.16,11.18,2.08,2.96,0.6,0.65,2019-07-14,Kribi,2019,7,195,28,42.370000000000005,44.84000000000002,68.95,165.35,-1.3570331797486999,-0.3869999999999969,25.42,equatorial
12.86,24.82,26.53,23.93,92.67,7.54,2.28,2.47,0.62,0.67,2019-07-15,Kribi,2019,7,196,29,49.14,52.22000000000001,73.08,171.64999999999998,-1.3287084900634003,-0.5553333333333335,25.42,equatorial
16.54,25.56,28.26,23.87,89.3,3.64,1.88,3.15,0.62,0.64,2019-07-16,Kribi,2019,7,197,29,52.34,55.73000000000002,72.97,174.26,-1.316350243679506,0.1869999999999976,25.56,equatorial
13.87,25.07,26.34,24.29,92.2,3.74,2.22,2.26,0.61,0.64,2019-07-17,Kribi,2019,7,198,29,54.17000000000001,59.320000000000014,70.75,175.79000000000002,-1.3086726566892828,-0.25666666666666416,25.56,equatorial
14.24,25.0,27.09,23.99,92.52,10.41,3.03,3.16,0.62,0.67,2019-07-18,Kribi,2019,7,199,29,42.09,69.29000000000002,78.03,185.10000000000002,-1.2674863880293001,-0.30933333333333124,25.56,equatorial
6.84,24.4,25.56,23.75,92.83,20.65,2.06,2.06,0.64,0.73,2019-07-19,Kribi,2019,7,200,29,59.56,89.33000000000001,95.58,203.01,-1.189320354098659,-0.8710000000000022,25.56,equatorial
9.87,25.2,28.03,23.58,86.28,5.47,2.02,3.97,0.65,0.68,2019-07-20,Kribi,2019,7,201,29,62.63000000000001,94.52000000000001,100.86999999999999,208.22,-1.1660078504770444,-0.09066666666666734,25.56,equatorial
10.98,25.13,28.06,23.2,87.95,11.04,2.22,4.46,0.65,0.7,2019-07-21,Kribi,2019,7,202,29,62.49000000000001,104.86000000000001,111.82,219.12,-1.118216406249474,-0.14133333333333553,25.56,equatorial
9.72,25.19,27.86,23.81,88.45,13.23,2.45,4.22,0.66,0.71,2019-07-22,Kribi,2019,7,203,30,68.18,117.32000000000001,124.85,232.32,-1.0605842464485484,-0.056333333333331126,25.56,equatorial
18.78,25.36,28.4,23.25,87.58,4.39,2.11,4.54,0.66,0.67,2019-07-23,Kribi,2019,7,204,30,68.93,121.27000000000001,129.13,236.43999999999997,-1.0421547717799793,0.12999999999999545,25.36,equatorial
13.66,25.25,27.92,23.75,89.22,2.94,2.17,3.61,0.65,0.66,2019-07-24,Kribi,2019,7,205,30,68.13,122.30000000000001,131.99,239.12,-1.0299544359816606,0.012999999999998124,25.36,equatorial
14.4,25.35,28.27,23.85,89.66,14.11,2.88,4.85,0.65,0.7,2019-07-25,Kribi,2019,7,206,30,71.83,113.92,145.63,252.9,-0.9699373583195071,0.11700000000000088,25.36,equatorial
16.09,25.06,27.45,23.66,89.43,21.08,2.64,4.41,0.68,0.75,2019-07-26,Kribi,2019,7,207,30,72.26,131.82000000000002,165.96,273.63,-0.8800305192910206,-0.1613333333333351,25.36,equatorial
11.39,24.69,27.34,23.27,89.46,12.85,2.88,4.6,0.68,0.72,2019-07-27,Kribi,2019,7,208,30,79.64,142.27,178.44,285.16999999999996,-0.8298184301424281,-0.5023333333333326,25.36,equatorial
10.07,24.2,26.5,23.06,91.29,20.66,2.47,3.47,0.7,0.76,2019-07-28,Kribi,2019,7,209,30,89.25999999999999,151.75,198.80999999999997,305.62,-0.7412298457559546,-0.9396666666666675,25.36,equatorial
12.49,24.78,28.13,23.0,88.85,9.75,2.57,5.04,0.7,0.73,2019-07-29,Kribi,2019,7,210,31,85.78,153.96,207.20999999999998,314.87,-0.7009964714328167,-0.32099999999999795,25.36,equatorial
13.7,24.82,28.25,22.63,87.54,2.44,2.64,5.06,0.69,0.7,2019-07-30,Kribi,2019,7,211,31,83.83000000000001,152.76000000000002,208.77999999999997,317.2,-0.6906341380995045,-0.25766666666666893,25.35,equatorial
14.1,24.87,28.12,23.03,86.83,2.15,2.58,4.81,0.67,0.68,2019-07-31,Kribi,2019,7,212,31,83.03999999999999,151.17000000000002,210.76999999999998,319.10999999999996,-0.682089744063291,-0.19033333333333502,25.35,equatorial
5.94,24.43,26.66,23.26,90.47,11.78,2.74,3.64,0.67,0.71,2019-08-01,Kribi,2019,8,213,31,80.71,152.54000000000002,222.42,330.66,-0.6319555839204651,-0.5769999999999982,25.06,equatorial
11.1,24.35,26.5,23.12,90.75,24.67,2.49,3.62,0.71,0.77,2019-08-02,Kribi,2019,8,214,31,84.30000000000001,156.56,246.93999999999997,354.46000000000004,-0.5289727366068956,-0.6176666666666648,24.87,equatorial
12.78,24.94,27.99,23.21,88.27,6.86,2.35,4.75,0.71,0.73,2019-08-03,Kribi,2019,8,215,31,78.31000000000002,157.95000000000002,253.35999999999999,360.30999999999995,-0.5035156385127225,-0.03399999999999892,24.94,equatorial
10.98,24.91,27.69,23.21,89.23,8.25,2.27,4.4,0.7,0.73,2019-08-04,Kribi,2019,8,216,31,65.9,155.16000000000003,261.0,365.48999999999995,-0.48095931658282026,-0.05133333333333567,24.94,equatorial
15.69,24.77,27.86,23.28,89.26,7.82,2.53,4.52,0.7,0.72,2019-08-05,Kribi,2019,8,217,32,63.970000000000006,149.75,268.53999999999996,371.96,-0.4528372289837752,-0.1490000000000009,24.94,equatorial
14.44,24.54,27.25,22.82,88.57,4.67,2.32,4.32,0.7,0.71,2019-08-06,Kribi,2019,8,218,32,66.2,150.03,272.51,375.04999999999995,-0.4393248353856926,-0.3653333333333322,24.94,equatorial
14.64,24.33,26.77,22.96,90.92,7.21,2.53,3.7,0.69,0.72,2019-08-07,Kribi,2019,8,219,32,71.26,154.3,278.95,380.40999999999997,-0.4160058114035273,-0.5513333333333357,24.94,equatorial
13.33,24.28,26.68,23.12,91.02,20.51,2.57,3.71,0.71,0.77,2019-08-08,Kribi,2019,8,220,32,79.99000000000001,160.7,299.02,390.51,-0.3722020081199024,-0.563333333333329,24.94,equatorial
18.69,24.3,26.86,22.81,89.52,17.06,2.77,4.54,0.73,0.77,2019-08-09,Kribi,2019,8,221,32,72.38000000000001,156.68,314.16999999999996,405.47,-0.3073904395620341,-0.5060000000000002,24.94,equatorial
21.69,24.64,27.88,22.59,87.65,5.0,2.53,5.16,0.73,0.73,2019-08-10,Kribi,2019,8,222,32,70.52000000000001,148.83,296.67999999999995,410.25,-0.2866161709410062,-0.1843333333333348,24.91,equatorial
14.54,24.68,27.46,23.07,88.73,6.34,2.63,4.71,0.72,0.73,2019-08-11,Kribi,2019,8,223,32,68.61000000000001,134.51000000000002,299.84000000000003,414.63,-0.2675744636239789,-0.16300000000000026,24.77,equatorial
15.01,24.91,27.9,23.07,89.15,7.61,2.59,4.71,0.72,0.73,2019-08-12,Kribi,2019,8,224,33,68.4,132.37,305.04999999999995,421.87,-0.23615722258997107,0.08133333333333681,24.91,equatorial
15.71,24.96,27.75,23.4,90.36,7.15,2.61,4.27,0.72,0.74,2019-08-13,Kribi,2019,8,225,33,70.88000000000001,137.08,301.02,428.44,-0.20764230639666614,0.13366666666667015,24.96,equatorial
22.45,25.1,28.29,23.23,87.79,3.87,2.66,5.19,0.71,0.72,2019-08-14,Kribi,2019,8,226,33,67.54,138.8,297.35,427.59,-0.21125878371543538,0.2643333333333331,25.1,equatorial
18.75,24.81,27.33,23.24,89.08,2.14,2.13,3.56,0.71,0.71,2019-08-15,Kribi,2019,8,227,33,49.17000000000001,129.16,295.84999999999997,428.66999999999996,-0.20651552841138665,-0.0006666666666674814,25.1,equatorial
13.88,24.82,27.38,23.56,91.12,16.15,2.39,3.51,0.72,0.76,2019-08-16,Kribi,2019,8,228,33,48.260000000000005,120.64000000000001,308.26,443.62,-0.1416782281291748,0.01766666666666694,25.1,equatorial
8.84,25.01,27.54,23.68,90.94,9.94,2.85,4.29,0.73,0.75,2019-08-17,Kribi,2019,8,229,33,53.20000000000001,123.72,307.78999999999996,451.08,-0.10930386890401796,0.20733333333333448,25.1,equatorial
8.24,24.69,27.3,23.33,90.64,14.08,2.52,4.11,0.74,0.77,2019-08-18,Kribi,2019,8,230,33,60.940000000000005,129.55,301.22,463.22999999999996,-0.05659728431454873,-0.12233333333333363,25.1,equatorial
11.2,24.64,27.32,23.41,90.94,11.01,2.61,3.96,0.74,0.76,2019-08-19,Kribi,2019,8,231,34,64.34,132.74,306.76,471.22999999999996,-0.021887706898239392,-0.15366666666666973,25.1,equatorial
13.12,24.59,26.74,23.33,91.73,8.64,2.11,3.08,0.75,0.76,2019-08-20,Kribi,2019,8,232,34,65.83000000000001,136.71000000000004,304.36,479.05999999999995,0.012084433125372407,-0.1856666666666662,25.1,equatorial
12.57,24.86,27.43,23.41,90.66,7.21,2.1,3.67,0.74,0.75,2019-08-21,Kribi,2019,8,233,34,69.17,136.71,298.34,483.71,0.03225801281130461,0.09533333333333616,25.01,equatorial
16.09,25.52,29.09,23.37,88.32,6.13,1.95,5.3,0.74,0.75,2019-08-22,Kribi,2019,8,234,34,73.16,122.33000000000001,300.08,488.76,0.054167750081294874,0.75,25.52,equatorial
5.36,24.33,25.25,23.26,94.84,26.45,2.76,2.37,0.76,0.81,2019-08-23,Kribi,2019,8,235,34,83.46000000000001,131.72,323.59000000000003,508.13,0.13825038131862705,-0.40933333333333266,25.52,equatorial
11.15,24.41,26.83,22.83,88.56,38.15,1.67,4.02,0.8,0.83,2019-08-24,Kribi,2019,8,236,34,111.67000000000002,164.87,347.63,533.96,0.2503844882480498,-0.2980000000000018,25.52,equatorial
9.47,24.5,26.79,23.21,88.66,2.53,1.81,3.22,0.8,0.78,2019-08-25,Kribi,2019,8,237,34,100.11999999999999,161.06,329.08,534.85,0.25417228158307276,-0.18933333333333024,25.52,equatorial
16.35,24.61,27.11,23.18,87.9,4.28,1.91,3.81,0.79,0.78,2019-08-26,Kribi,2019,8,238,35,93.39,157.73000000000002,320.51,538.12,0.26830125089443535,-0.07666666666666799,25.52,equatorial
17.17,25.14,28.26,23.2,87.51,3.32,2.12,4.83,0.78,0.76,2019-08-27,Kribi,2019,8,239,35,88.07000000000001,153.9,303.17,536.01,0.2590459722358986,0.4220000000000006,25.52,equatorial
16.71,25.15,27.97,23.45,88.77,5.43,2.07,4.53,0.77,0.77,2019-08-28,Kribi,2019,8,240,35,86.28999999999999,155.46,298.84999999999997,540.6999999999999,0.2793545045079283,0.41966666666666086,25.52,equatorial
16.01,25.22,28.0,23.62,90.21,9.22,2.02,3.85,0.77,0.78,2019-08-29,Kribi,2019,8,241,35,89.38,162.54000000000002,305.63,549.48,0.3174468822099125,0.47633333333333283,25.22,equatorial
14.63,25.53,28.11,23.97,90.63,9.56,2.42,4.28,0.78,0.78,2019-08-30,Kribi,2019,8,242,35,72.49000000000001,155.95000000000002,313.03999999999996,558.16,0.3550994686636253,0.7643333333333331,25.53,equatorial
14.7,25.3,27.62,23.96,90.64,7.36,2.45,4.34,0.78,0.78,2019-08-31,Kribi,2019,8,243,35,41.70000000000001,153.37,308.62,562.0799999999999,0.3720369837059966,0.5053333333333327,25.53,equatorial
18.12,25.33,28.3,23.49,88.8,6.49,2.33,5.32,0.78,0.77,2019-09-01,Kribi,2019,9,244,35,45.66000000000001,145.78,290.44,568.26,0.3988066724431896,0.5026666666666628,25.53,equatorial
20.82,25.14,27.7,23.77,89.27,7.6,2.23,4.48,0.77,0.78,2019-09-02,Kribi,2019,9,245,36,48.980000000000004,142.37,291.18,575.41,0.4297933508850773,0.30600000000000094,25.53,equatorial
13.79,25.08,27.59,23.66,88.06,2.73,1.89,3.9,0.77,0.76,2019-09-03,Kribi,2019,9,246,36,48.39000000000001,136.46,285.65999999999997,575.3,0.42916534404130247,0.24033333333333218,25.53,equatorial
16.76,25.25,27.91,23.66,89.69,6.87,2.46,4.71,0.77,0.77,2019-09-04,Kribi,2019,9,247,36,49.830000000000005,136.12000000000003,284.71,580.28,0.45070324042373655,0.39433333333333564,25.53,equatorial
14.44,24.67,25.99,23.98,93.81,7.4,2.17,2.44,0.77,0.77,2019-09-05,Kribi,2019,9,248,36,48.010000000000005,137.39000000000001,287.44,587.31,0.4811650097399532,-0.19000000000000128,25.53,equatorial
14.48,25.31,27.97,23.91,89.89,6.33,2.21,4.34,0.78,0.77,2019-09-06,Kribi,2019,9,249,36,44.78000000000001,117.27000000000001,286.56,593.5500000000001,0.5081766506395535,0.4173333333333318,25.33,equatorial
16.15,25.55,28.41,24.1,89.99,11.69,2.51,5.07,0.78,0.79,2019-09-07,Kribi,2019,9,250,36,49.11000000000001,90.81000000000002,277.74,605.02,0.5579685683206324,0.6149999999999984,25.55,equatorial
15.73,25.17,26.62,24.2,90.32,22.67,1.67,2.7,0.79,0.82,2019-09-08,Kribi,2019,9,251,36,65.29,110.95000000000002,283.35,627.61,0.656199813193879,0.20600000000000307,25.55,equatorial
10.96,25.85,29.82,23.56,83.2,29.36,1.43,6.26,0.83,0.85,2019-09-09,Kribi,2019,9,252,37,87.05000000000001,136.03000000000003,307.71000000000004,656.91,0.7836167083258379,0.8456666666666699,25.85,equatorial
16.51,25.13,27.91,23.59,87.28,3.42,2.2,4.7,0.82,0.8,2019-09-10,Kribi,2019,9,253,37,87.74000000000001,136.13000000000002,304.78999999999996,660.18,0.7974989599431237,0.11066666666666336,25.85,equatorial
11.55,25.23,28.25,23.24,86.61,1.54,1.91,4.62,0.81,0.79,2019-09-11,Kribi,2019,9,254,37,82.41,132.24,298.72,661.6,0.8033078108265871,0.19999999999999574,25.85,equatorial
13.14,25.45,27.96,23.61,88.41,6.88,1.74,4.12,0.8,0.79,2019-09-12,Kribi,2019,9,255,37,81.89000000000001,129.9,298.45,668.42,0.8326504280187598,0.4036666666666662,25.85,equatorial
10.98,25.59,28.61,23.73,89.24,4.04,2.28,5.01,0.8,0.78,2019-09-13,Kribi,2019,9,256,37,79.60000000000001,124.38000000000001,298.62,669.05,0.8349862398381515,0.5273333333333348,25.85,equatorial
13.53,25.36,27.51,24.11,91.94,5.57,2.64,3.84,0.79,0.79,2019-09-14,Kribi,2019,9,257,37,73.48,122.59000000000002,302.05,670.87,0.8425082654088382,0.27899999999999636,25.85,equatorial
17.75,25.68,28.57,23.91,89.69,5.62,2.07,4.44,0.79,0.79,2019-09-15,Kribi,2019,9,258,37,56.43000000000001,121.72000000000003,291.52000000000004,670.53,0.8406070089058834,0.570333333333334,25.85,equatorial
10.58,25.48,27.49,24.22,91.33,8.78,2.01,3.59,0.8,0.8,2019-09-16,Kribi,2019,9,259,38,35.85000000000001,122.9,290.36,676.18,0.8648251627707835,0.3546666666666667,25.68,equatorial
11.13,25.53,28.37,23.96,88.76,3.25,2.17,4.69,0.8,0.78,2019-09-17,Kribi,2019,9,260,38,35.68000000000001,123.42000000000002,279.53,676.3299999999999,0.8650401668340673,0.37666666666667226,25.68,equatorial
9.57,25.32,28.01,23.74,90.45,9.11,2.33,4.66,0.8,0.8,2019-09-18,Kribi,2019,9,261,38,43.25000000000001,125.66000000000001,277.63,685.26,0.9035415369161649,0.1440000000000019,25.68,equatorial
16.73,25.47,28.27,23.99,89.25,11.51,1.66,3.77,0.8,0.81,2019-09-19,Kribi,2019,9,262,38,47.88,129.77,280.5,696.68,0.9528629639932507,0.2646666666666633,25.68,equatorial
21.45,25.88,29.0,23.88,87.38,3.39,2.32,5.46,0.8,0.79,2019-09-20,Kribi,2019,9,263,38,47.230000000000004,126.83000000000001,276.68,699.8699999999999,0.9662456839505169,0.6406666666666645,25.88,equatorial
18.24,25.22,26.84,24.26,91.96,4.65,1.91,2.7,0.8,0.79,2019-09-21,Kribi,2019,9,264,38,46.31,119.79000000000002,275.20000000000005,704.4100000000001,0.9855005765643361,-0.009333333333334082,25.88,equatorial
16.33,25.77,28.32,24.27,90.22,5.17,2.21,4.25,0.8,0.79,2019-09-22,Kribi,2019,9,265,38,45.86000000000001,102.29000000000002,253.92000000000002,709.5,1.0071319243784755,0.4926666666666648,25.88,equatorial
12.84,26.0,28.62,24.5,89.95,3.74,1.98,4.28,0.8,0.79,2019-09-23,Kribi,2019,9,266,39,40.82000000000001,76.67000000000002,219.51,712.77,1.020802452327176,0.6696666666666644,26.0,equatorial
13.7,26.12,28.85,24.58,90.41,8.17,2.35,4.87,0.79,0.79,2019-09-24,Kribi,2019,9,267,39,45.74000000000001,81.42000000000002,225.15,720.1899999999999,1.0525501153282373,0.7356666666666634,26.12,equatorial
19.96,25.35,26.84,24.3,93.48,23.1,2.5,3.28,0.81,0.84,2019-09-25,Kribi,2019,9,268,39,59.730000000000004,102.98000000000002,243.97,742.92,1.1509947239011522,-0.0589999999999975,26.12,equatorial
11.97,25.67,28.57,23.75,85.95,5.17,1.88,4.58,0.82,0.81,2019-09-26,Kribi,2019,9,269,39,53.39000000000001,101.27000000000001,245.82000000000002,747.8,1.1714903724589876,0.2433333333333323,26.12,equatorial
3.13,25.09,27.31,23.93,91.12,9.59,2.45,4.41,0.81,0.81,2019-09-27,Kribi,2019,9,270,39,59.59000000000001,106.82000000000002,249.98,756.04,1.2065947789737448,-0.3346666666666671,26.12,equatorial
18.55,24.98,27.09,23.62,88.17,3.53,1.99,3.79,0.81,0.8,2019-09-28,Kribi,2019,9,271,39,58.47000000000001,104.78000000000002,244.29,758.6999999999999,1.2173288965262787,-0.4366666666666674,26.12,equatorial
18.02,24.46,26.51,23.32,89.39,8.74,2.21,4.4,0.81,0.81,2019-09-29,Kribi,2019,9,272,39,62.040000000000006,107.90000000000002,243.47,767.28,1.2538322947636042,-0.9209999999999958,26.12,equatorial
18.42,25.19,28.29,23.32,87.74,3.91,2.11,4.82,0.81,0.8,2019-09-30,Kribi,2019,9,273,40,62.21000000000001,103.03000000000002,240.02,771.06,1.2693649149234474,-0.1873333333333349,26.12,equatorial
19.76,25.84,29.14,23.85,84.66,3.1,1.6,5.84,0.8,0.79,2019-10-01,Kribi,2019,10,274,40,57.14000000000001,102.88000000000002,236.63,774.01,1.2812548874910548,0.44566666666666777,25.84,equatorial
8.35,25.37,27.71,24.02,90.75,13.07,2.35,4.41,0.8,0.81,2019-10-02,Kribi,2019,10,275,40,47.11,106.84000000000002,242.10000000000002,786.64,1.3352594892038752,-0.031999999999996476,25.84,equatorial
14.47,24.83,26.42,24.06,92.19,6.87,2.2,3.33,0.81,0.81,2019-10-03,Kribi,2019,10,276,40,48.81000000000001,102.20000000000002,246.23999999999998,792.9,1.361431800104322,-0.5636666666666699,25.84,equatorial
11.39,25.24,27.82,23.79,89.11,14.27,1.99,4.16,0.82,0.82,2019-10-04,Kribi,2019,10,277,40,53.49000000000001,113.08000000000001,253.64,806.89,1.4211734472624555,-0.15333333333333599,25.84,equatorial
18.4,25.82,28.48,24.03,82.14,1.07,1.45,4.48,0.82,0.8,2019-10-05,Kribi,2019,10,278,40,51.03,109.50000000000001,247.31,807.26,1.4215491574240324,0.3883333333333354,25.84,equatorial
5.86,25.58,27.54,24.32,88.45,5.94,2.07,4.06,0.81,0.81,2019-10-06,Kribi,2019,10,279,40,48.23000000000001,110.27000000000001,246.92,812.43,1.442790756326729,0.13933333333332953,25.84,equatorial
17.09,24.73,26.08,23.62,91.1,7.72,1.9,2.69,0.81,0.81,2019-10-07,Kribi,2019,10,280,41,52.040000000000006,114.25000000000001,242.95,819.71,1.4731501590976486,-0.6833333333333336,25.84,equatorial
16.04,25.81,29.42,23.29,83.41,0.63,1.55,5.12,0.81,0.79,2019-10-08,Kribi,2019,10,281,41,49.57000000000001,106.71000000000001,220.91,818.43,1.4662502091281104,0.37533333333333374,25.82,equatorial
20.45,26.13,29.47,24.38,83.75,0.92,1.68,5.03,0.8,0.79,2019-10-09,Kribi,2019,10,282,41,37.42000000000001,84.53000000000002,192.47,796.86,1.3712458681486488,0.6859999999999999,26.13,equatorial
16.07,26.31,29.64,24.33,82.48,0.61,1.71,6.35,0.79,0.78,2019-10-10,Kribi,2019,10,283,41,31.160000000000007,79.97000000000001,189.66000000000003,794.29,1.358953735944315,0.8266666666666644,26.31,equatorial
10.31,25.31,27.77,23.96,90.91,3.39,2.27,3.9,0.79,0.78,2019-10-11,Kribi,2019,10,284,41,20.28000000000001,73.77000000000001,191.51,795.28,1.362143907951169,-0.17599999999999838,26.31,equatorial
21.21,25.16,27.38,23.64,87.44,4.02,1.65,3.49,0.79,0.79,2019-10-12,Kribi,2019,10,285,41,23.230000000000008,74.26000000000002,188.65,788.1199999999999,1.329951743599667,-0.31633333333333624,26.31,equatorial
18.6,25.93,28.66,24.41,87.46,4.04,2.19,4.54,0.79,0.78,2019-10-13,Kribi,2019,10,286,41,21.330000000000005,69.56000000000002,188.65,784.62,1.313708634092711,0.4423333333333339,26.31,equatorial
5.37,25.23,26.7,24.31,94.17,18.96,2.92,3.18,0.8,0.82,2019-10-14,Kribi,2019,10,287,42,32.57000000000001,84.61000000000001,202.04000000000002,799.9399999999999,1.3791546792039164,-0.25333333333333385,26.31,equatorial
13.59,25.05,27.33,23.59,91.53,10.85,2.06,3.87,0.81,0.81,2019-10-15,Kribi,2019,10,288,42,42.790000000000006,92.36000000000001,207.27,807.05,1.4088482821600685,-0.4123333333333328,26.31,equatorial
12.53,25.04,26.72,23.96,89.94,13.21,1.81,3.09,0.82,0.83,2019-10-16,Kribi,2019,10,289,42,55.080000000000005,92.50000000000001,211.70000000000002,809.85,1.4197874694030974,-0.40766666666667106,26.31,equatorial
17.1,25.75,28.72,24.11,86.14,6.49,1.79,5.01,0.82,0.81,2019-10-17,Kribi,2019,10,290,42,60.96000000000001,92.12000000000002,214.94,795.69,1.3571854642440673,0.29499999999999815,25.93,equatorial
9.53,25.27,27.73,23.99,87.92,7.66,2.4,5.16,0.82,0.81,2019-10-18,Kribi,2019,10,291,42,65.23,85.51000000000002,213.49,797.88,1.3655766511997691,-0.18333333333333357,25.93,equatorial
6.4,24.95,27.18,23.67,86.93,1.01,1.85,3.19,0.81,0.8,2019-10-19,Kribi,2019,10,292,42,62.22000000000001,85.45000000000002,202.99,787.85,1.3210004100100539,-0.4859999999999971,25.93,equatorial
16.91,25.27,27.03,23.62,76.94,0.34,0.84,4.06,0.81,0.79,2019-10-20,Kribi,2019,10,293,42,58.52,79.85000000000001,199.94000000000003,774.96,1.264119031322442,-0.14566666666666706,25.75,equatorial
16.58,25.71,29.28,23.25,80.8,0.15,1.51,4.84,0.8,0.78,2019-10-21,Kribi,2019,10,294,43,39.71000000000001,72.28000000000002,195.44000000000003,770.72,1.2448148147319877,0.27800000000000225,25.75,equatorial
18.86,25.51,27.57,24.24,89.94,5.49,2.13,3.27,0.8,0.79,2019-10-22,Kribi,2019,10,295,43,34.35000000000001,77.14000000000001,195.76,773.27,1.254957229512468,0.08666666666666956,25.75,equatorial
9.87,25.19,26.96,24.19,92.1,4.96,2.31,3.21,0.8,0.8,2019-10-23,Kribi,2019,10,296,43,26.10000000000001,81.18000000000002,196.98000000000002,764.12,1.2144084985993702,-0.20633333333333326,25.75,equatorial
22.39,25.89,27.98,24.16,86.66,5.52,1.79,3.89,0.8,0.79,2019-10-24,Kribi,2019,10,297,43,25.130000000000006,86.09000000000002,194.33,748.5600000000001,1.146163729489541,0.501333333333335,25.89,equatorial
18.11,26.41,29.06,24.72,85.66,2.13,1.76,4.12,0.8,0.79,2019-10-25,Kribi,2019,10,298,43,19.60000000000001,84.83000000000001,173.36,737.84,1.0989807435121077,0.9860000000000007,26.41,equatorial
6.97,25.21,27.25,23.59,90.65,7.87,2.29,4.14,0.8,0.8,2019-10-26,Kribi,2019,10,299,43,26.460000000000004,88.68,176.06,725.0500000000001,1.0428947436503069,-0.19866666666666433,26.41,equatorial
10.81,24.65,26.68,23.42,88.4,10.9,1.56,3.35,0.81,0.81,2019-10-27,Kribi,2019,10,300,43,37.02000000000001,95.54000000000002,177.37,726.2,1.0472578338486647,-0.7439999999999998,26.41,equatorial
16.59,25.73,27.94,23.54,80.58,13.02,1.07,3.98,0.82,0.83,2019-10-28,Kribi,2019,10,301,44,49.89000000000001,89.60000000000001,186.86,736.78,1.0924574780996494,0.31099999999999994,26.41,equatorial
21.1,26.34,29.94,23.88,81.12,0.5,1.52,4.79,0.81,0.79,2019-10-29,Kribi,2019,10,302,44,44.900000000000006,79.25000000000001,178.62,735.13,1.0846324855525356,0.8583333333333307,26.41,equatorial
17.86,26.45,29.42,24.83,85.68,7.31,1.75,4.15,0.81,0.81,2019-10-30,Kribi,2019,10,303,44,47.25000000000001,73.35000000000002,182.02,730.6600000000001,1.0646059440570752,0.9263333333333357,26.45,equatorial
16.66,26.19,28.75,24.23,86.31,9.41,1.69,4.79,0.81,0.81,2019-10-31,Kribi,2019,10,304,44,51.14000000000001,76.27000000000001,188.33,715.4,0.9978756154191131,0.6546666666666674,26.45,equatorial
21.8,26.72,30.34,24.35,83.51,4.01,1.36,5.07,0.81,0.8,2019-11-01,Kribi,2019,11,305,44,53.02,72.62000000000002,179.26999999999998,712.55,0.9849684414242532,1.1396666666666633,26.72,equatorial
8.4,26.24,28.55,24.66,87.84,11.01,1.59,3.75,0.82,0.82,2019-11-02,Kribi,2019,11,306,44,56.16000000000001,82.62,183.41000000000003,715.31,0.9963732978974373,0.6126666666666658,26.72,equatorial
16.4,26.65,29.58,24.7,84.86,4.14,1.3,4.42,0.81,0.8,2019-11-03,Kribi,2019,11,307,44,49.4,86.42000000000002,173.28,711.63,0.9798734128725793,0.9756666666666653,26.72,equatorial
12.1,25.99,29.03,24.77,90.39,72.93,1.66,3.3,0.86,0.9,2019-11-04,Kribi,2019,11,308,45,109.31,159.20000000000002,245.14000000000001,779.89,1.27490066219609,0.30999999999999517,26.72,equatorial
18.82,26.96,30.69,24.69,83.57,1.7,1.61,5.85,0.87,0.84,2019-11-05,Kribi,2019,11,309,45,110.51,155.41,240.9,774.38,1.2501075012839251,1.2340000000000018,26.96,equatorial
18.37,26.71,29.59,25.08,87.16,2.97,1.79,4.63,0.85,0.83,2019-11-06,Kribi,2019,11,310,45,106.17,153.42000000000002,236.15,756.84,1.1732917707981123,0.9180000000000028,26.96,equatorial
21.8,26.04,28.07,24.94,90.61,2.64,1.8,2.84,0.85,0.83,2019-11-07,Kribi,2019,11,311,45,99.4,150.54000000000002,238.16,742.42,1.1100946195588155,0.24033333333333218,26.96,equatorial
20.51,26.72,29.39,24.7,86.57,1.9,1.56,3.35,0.84,0.82,2019-11-08,Kribi,2019,11,312,45,97.28999999999999,150.31000000000003,239.14000000000001,739.3199999999999,1.0959789071181485,0.9006666666666625,26.96,equatorial
11.33,27.11,29.8,25.62,87.1,4.58,1.5,3.46,0.84,0.83,2019-11-09,Kribi,2019,11,313,45,90.86000000000001,147.02,243.10999999999999,737.5600000000001,1.087681998512021,1.2639999999999993,27.11,equatorial
12.91,26.62,29.09,25.09,83.92,10.52,1.17,4.02,0.84,0.84,2019-11-10,Kribi,2019,11,314,45,97.24000000000001,146.64000000000001,250.24,740.47,1.0996069726942732,0.7303333333333342,27.11,equatorial
19.47,26.2,28.77,24.59,87.27,12.82,1.95,4.08,0.84,0.84,2019-11-11,Kribi,2019,11,315,46,37.129999999999995,146.44,259.04,746.14,1.1234591477146538,0.2756666666666696,27.11,equatorial
8.68,25.38,26.13,24.56,94.46,4.76,2.24,1.68,0.86,0.84,2019-11-12,Kribi,2019,11,316,46,40.19,150.7,259.76,747.03,1.1265952128769017,-0.5259999999999998,27.11,equatorial
22.28,26.67,30.48,24.25,82.8,0.13,1.57,4.71,0.85,0.82,2019-11-13,Kribi,2019,11,317,46,37.349999999999994,143.52000000000004,240.93,745.02,1.117180094437987,0.7160000000000011,27.11,equatorial
13.98,26.24,28.04,24.96,90.15,1.82,1.58,2.48,0.84,0.82,2019-11-14,Kribi,2019,11,318,46,36.529999999999994,135.93,231.9,730.6899999999999,1.0544746546572585,0.24633333333332885,27.11,equatorial
6.31,26.3,28.97,24.5,88.57,1.59,1.45,2.83,0.84,0.82,2019-11-15,Kribi,2019,11,319,46,36.22,133.51000000000002,220.28,722.34,1.0177203043489187,0.26433333333333664,27.11,equatorial
13.26,26.61,28.87,25.14,90.04,2.38,1.48,3.06,0.84,0.82,2019-11-16,Kribi,2019,11,320,46,34.019999999999996,124.88000000000002,216.17000000000002,710.64,0.9665116561567177,0.5456666666666692,26.67,equatorial
20.4,26.57,28.37,25.4,91.09,1.65,2.22,2.68,0.83,0.82,2019-11-17,Kribi,2019,11,321,46,25.15,122.39000000000001,210.16,701.28,0.9254817284075483,0.4623333333333335,26.67,equatorial
20.81,26.99,29.92,25.35,86.76,1.14,1.73,3.61,0.83,0.81,2019-11-18,Kribi,2019,11,322,47,13.469999999999999,50.600000000000016,210.29,693.7800000000001,0.8925404619207301,0.8143333333333338,26.99,equatorial
19.9,27.2,30.18,25.24,84.21,1.06,1.46,4.03,0.83,0.81,2019-11-19,Kribi,2019,11,323,47,9.77,49.96000000000001,211.01,687.63,0.8654715657630361,0.9599999999999973,27.2,equatorial
9.65,26.3,28.38,25.13,90.49,30.24,1.79,2.72,0.83,0.86,2019-11-20,Kribi,2019,11,324,47,39.879999999999995,77.23000000000002,241.1,711.74,0.9694063281353824,0.04033333333333644,27.2,equatorial
10.61,25.64,27.53,24.59,92.27,10.35,2.31,3.19,0.87,0.85,2019-11-21,Kribi,2019,11,325,47,48.41,84.94000000000001,245.96,695.64,0.8991927578675529,-0.6240000000000023,27.2,equatorial
19.72,26.03,28.73,24.44,86.36,0.45,2.13,4.04,0.86,0.83,2019-11-22,Kribi,2019,11,326,47,47.27,83.49000000000002,241.45,657.9399999999999,0.7355204065763558,-0.2619999999999969,27.2,equatorial
21.1,26.65,29.84,24.63,83.43,0.38,1.62,3.58,0.85,0.82,2019-11-23,Kribi,2019,11,327,47,45.269999999999996,79.29,236.30999999999997,655.79,0.7258931095890415,0.33266666666666467,27.2,equatorial
19.27,26.93,30.56,24.7,85.8,0.34,1.95,4.21,0.84,0.82,2019-11-24,Kribi,2019,11,328,47,43.96,69.11000000000001,234.51999999999998,651.85,0.7085189757820682,0.5953333333333326,27.2,equatorial
13.97,26.98,30.23,25.25,87.21,0.95,1.92,3.8,0.83,0.81,2019-11-25,Kribi,2019,11,329,48,43.77,57.240000000000016,227.6,649.48,0.6979555383714932,0.5863333333333358,27.2,equatorial
12.76,26.46,28.47,25.24,90.21,2.52,1.69,3.21,0.83,0.81,2019-11-26,Kribi,2019,11,330,48,45.23,55.000000000000014,219.22,646.57,0.6850584591249146,0.006000000000000227,26.98,equatorial
14.11,26.78,29.81,25.09,87.38,2.43,1.84,3.97,0.83,0.81,2019-11-27,Kribi,2019,11,331,48,17.42,57.30000000000002,208.63,639.78,0.6553553712095128,0.2910000000000039,26.98,equatorial
19.61,26.73,29.56,25.09,87.56,0.67,2.02,3.8,0.83,0.81,2019-11-28,Kribi,2019,11,332,48,7.74,56.15000000000002,208.8,630.8900000000001,0.6165646070533601,0.22800000000000153,26.98,equatorial
20.67,27.0,30.33,25.05,85.7,1.18,2.07,4.31,0.82,0.8,2019-11-29,Kribi,2019,11,333,48,8.47,55.740000000000016,202.67,624.71,0.5895375992321659,0.4796666666666667,27.0,equatorial
11.16,27.19,30.02,25.53,87.49,3.08,1.73,3.46,0.82,0.8,2019-11-30,Kribi,2019,11,334,48,11.170000000000002,56.44000000000001,196.34,621.3000000000001,0.5745312338762494,0.636333333333333,27.19,equatorial
17.17,26.58,28.3,25.6,92.45,3.33,2.15,2.1,0.82,0.8,2019-12-01,Kribi,2019,12,335,48,14.16,58.12000000000001,195.66000000000003,617.03,0.5558008487623125,0.03100000000000236,27.19,equatorial
13.72,26.55,29.0,25.1,89.71,2.97,2.01,3.44,0.82,0.8,2019-12-02,Kribi,2019,12,336,49,16.18,59.95000000000001,187.62,617.27,0.5566395036667349,-0.009333333333334082,27.19,equatorial
14.3,25.6,26.62,24.95,90.94,4.07,2.25,2.3,0.82,0.81,2019-12-03,Kribi,2019,12,337,49,17.73,62.960000000000015,187.55,614.47,0.5442892040832552,-0.9243333333333297,27.19,equatorial
13.18,26.79,29.87,25.2,83.51,1.46,1.63,4.1,0.82,0.8,2019-12-04,Kribi,2019,12,338,49,16.76,34.180000000000014,116.08,608.53,0.518317402882596,0.23900000000000077,27.19,equatorial
18.47,26.77,29.28,25.25,85.12,1.61,2.1,4.01,0.81,0.8,2019-12-05,Kribi,2019,12,339,49,17.7,25.440000000000012,115.99,603.81,0.497648458929433,0.2253333333333316,27.19,equatorial
20.29,26.04,27.73,25.12,90.15,1.57,2.43,2.92,0.81,0.8,2019-12-06,Kribi,2019,12,340,49,18.09,26.560000000000013,114.59,593.69,0.453541671556251,-0.48233333333333306,27.19,equatorial
17.66,26.34,29.02,24.84,86.54,0.84,2.3,4.15,0.81,0.79,2019-12-07,Kribi,2019,12,341,49,15.85,27.020000000000014,112.78999999999999,571.86,0.3585925771070687,-0.1923333333333339,26.79,equatorial
20.18,26.84,30.36,24.69,84.79,0.57,2.06,4.45,0.8,0.79,2019-12-08,Kribi,2019,12,342,49,13.09,27.250000000000014,111.46000000000001,543.07,0.2334206970122773,0.30366666666666475,26.84,equatorial
19.23,26.81,30.1,24.8,84.31,0.74,2.25,4.84,0.8,0.78,2019-12-09,Kribi,2019,12,343,50,10.860000000000001,27.040000000000017,107.61999999999999,540.39,0.2217075444721004,0.2836666666666652,26.84,equatorial
18.72,26.54,29.81,24.46,85.88,0.73,2.0,3.74,0.79,0.78,2019-12-10,Kribi,2019,12,344,50,7.52,25.250000000000018,97.83,539.58,0.21812263821938505,0.01633333333333553,26.84,equatorial
21.03,26.32,29.21,24.93,86.39,0.72,2.13,3.54,0.79,0.78,2019-12-11,Kribi,2019,12,345,50,6.78,23.540000000000013,85.73,533.4200000000001,0.1912790183316523,-0.20766666666666822,26.84,equatorial
13.19,26.07,28.57,24.91,88.31,0.06,2.15,2.58,0.78,0.77,2019-12-12,Kribi,2019,12,346,50,5.2299999999999995,22.930000000000014,81.03,529.44,0.17391652033148336,-0.4806666666666679,26.84,equatorial
16.03,26.61,29.85,24.87,83.85,0.08,1.66,3.53,0.78,0.77,2019-12-13,Kribi,2019,12,347,50,3.7399999999999998,21.830000000000016,80.98,523.95,0.14998630362914675,0.061333333333333684,26.84,equatorial
18.32,26.57,29.39,24.99,85.24,0.12,1.92,3.12,0.78,0.77,2019-12-14,Kribi,2019,12,348,50,3.02,18.87000000000001,79.28,518.45,0.1260131285821712,0.010333333333335304,26.84,equatorial
18.58,27.04,30.2,25.27,83.4,0.04,1.75,3.71,0.77,0.77,2019-12-15,Kribi,2019,12,349,50,2.49,15.580000000000014,77.73,509.71000000000004,0.08793895952027428,0.4556666666666658,27.04,equatorial
19.5,27.66,31.27,25.61,81.29,0.02,1.41,3.74,0.77,0.76,2019-12-16,Kribi,2019,12,350,51,1.77,12.630000000000015,75.36999999999999,506.48,0.07385276015161445,1.0406666666666666,27.66,equatorial
9.57,27.4,30.69,25.66,85.49,0.16,1.74,3.27,0.77,0.76,2019-12-17,Kribi,2019,12,351,51,1.2,8.720000000000015,73.88000000000001,497.53000000000003,0.03485779921473037,0.7530000000000001,27.66,equatorial
11.38,26.77,29.61,25.31,86.29,0.11,1.8,2.84,0.76,0.76,2019-12-18,Kribi,2019,12,352,51,0.59,7.370000000000014,72.85000000000001,486.13000000000005,-0.014809109577494567,0.13033333333333275,27.66,equatorial
14.72,27.37,31.01,25.39,82.45,0.08,1.63,4.06,0.76,0.75,2019-12-19,Kribi,2019,12,353,51,0.6100000000000001,5.840000000000014,71.87,482.82,-0.029227044661426407,0.7246666666666677,27.66,equatorial
20.06,27.03,30.52,24.89,84.91,0.12,2.03,4.03,0.76,0.75,2019-12-20,Kribi,2019,12,354,51,0.65,4.390000000000014,41.75,478.29,-0.04896210005108997,0.3603333333333332,27.66,equatorial
19.27,26.72,29.66,25.08,86.22,0.15,2.16,3.33,0.75,0.75,2019-12-21,Kribi,2019,12,355,51,0.6799999999999999,3.7000000000000144,31.55,473.27,-0.0708332557238784,0.014333333333333087,27.66,equatorial
19.58,27.32,30.99,25.32,82.87,0.18,1.65,4.07,0.75,0.74,2019-12-22,Kribi,2019,12,356,51,0.82,3.310000000000014,31.28,469.71,-0.08633770028229633,0.5713333333333317,27.66,equatorial
19.34,27.23,30.58,25.41,84.26,0.19,1.68,3.56,0.74,0.74,2019-12-23,Kribi,2019,12,357,52,0.99,2.760000000000014,31.09,461.73,-0.12112141093481171,0.4620000000000033,27.4,equatorial
18.05,27.14,30.38,25.27,85.36,0.35,1.73,3.26,0.74,0.74,2019-12-24,Kribi,2019,12,358,52,1.18,2.380000000000014,31.1,438.98,-0.22034526845321778,0.365000000000002,27.37,equatorial
18.61,27.51,31.17,25.29,84.46,0.49,1.91,4.05,0.74,0.74,2019-12-25,Kribi,2019,12,359,52,1.5599999999999998,2.150000000000014,30.64,434.3,-0.24070548836773822,0.7173333333333325,27.51,equatorial
18.62,27.49,31.09,25.41,83.05,0.37,1.84,4.14,0.73,0.73,2019-12-26,Kribi,2019,12,360,52,1.85,2.460000000000014,28.490000000000002,425.08000000000004,-0.2808819011932653,0.6630000000000003,27.51,equatorial
16.11,27.43,30.99,25.32,84.62,0.07,1.87,3.77,0.73,0.73,2019-12-27,Kribi,2019,12,361,52,1.7999999999999998,2.450000000000014,26.130000000000003,421.62,-0.29590568648218135,0.5813333333333333,27.51,equatorial
19.52,27.62,31.18,25.53,83.65,0.04,1.66,3.63,0.73,0.73,2019-12-28,Kribi,2019,12,362,52,1.69,2.3700000000000143,25.5,412.92,-0.3338120778058142,0.7416666666666671,27.62,equatorial
19.07,27.3,29.84,25.82,86.15,0.04,1.97,2.88,0.72,0.73,2019-12-29,Kribi,2019,12,363,52,1.5499999999999998,2.3700000000000143,24.36,409.05,-0.35061534568286695,0.41166666666666885,27.62,equatorial
19.08,27.27,30.11,25.47,86.87,0.08,2.23,3.42,0.72,0.72,2019-12-30,Kribi,2019,12,364,1,1.44,2.4300000000000144,21.36,406.03,-0.3637025432062021,0.37900000000000134,27.62,equatorial
17.56,27.22,30.57,25.48,85.05,0.04,2.0,3.56,0.72,0.72,2019-12-31,Kribi,2019,12,365,1,1.1300000000000001,2.3100000000000143,18.07,393.0,-0.4205330044295071,0.3076666666666661,27.62,equatorial
15.8,27.44,30.96,25.21,82.42,0.21,1.78,4.04,0.72,0.72,2020-01-01,Kribi,2020,1,1,1,0.8500000000000001,2.4100000000000144,15.31,386.34,-0.44950860098581413,0.4980000000000011,27.62,equatorial
16.44,27.59,31.22,25.56,81.51,0.25,1.73,4.34,0.71,0.71,2020-01-02,Kribi,2020,1,2,1,0.73,2.5800000000000143,11.49,372.32,-0.510653876657247,0.581666666666667,27.62,equatorial
19.6,27.54,30.86,25.3,75.83,0.03,1.77,4.53,0.71,0.71,2020-01-03,Kribi,2020,1,3,1,0.69,2.490000000000014,10.06,371.28000000000003,-0.5150254275446146,0.5066666666666642,27.62,equatorial
20.3,27.54,31.37,25.27,80.13,0.02,1.41,4.3,0.7,0.71,2020-01-04,Kribi,2020,1,4,1,0.67,2.360000000000014,8.469999999999999,365.36,-0.5407380925123263,0.4809999999999981,27.59,equatorial
17.55,27.17,31.59,24.28,81.1,0.16,1.91,4.44,0.7,0.7,2020-01-05,Kribi,2020,1,5,1,0.79,2.340000000000014,7.06,357.8,-0.5736159194803306,0.07333333333333414,27.59,equatorial
12.36,27.51,30.96,25.45,81.71,0.74,1.62,3.9,0.7,0.7,2020-01-06,Kribi,2020,1,6,2,1.4500000000000002,2.890000000000014,6.959999999999999,357.90999999999997,-0.572926671698487,0.3743333333333325,27.59,equatorial
18.04,27.7,31.62,25.0,81.17,0.39,1.98,4.35,0.7,0.7,2020-01-07,Kribi,2020,1,7,2,1.8,2.930000000000014,6.78,357.38000000000005,-0.5750382669483782,0.5356666666666676,27.7,equatorial
18.66,27.32,30.41,25.6,83.59,0.6,2.04,3.87,0.69,0.7,2020-01-08,Kribi,2020,1,8,2,2.19,3.0400000000000142,6.64,357.37,-0.5748734777639292,0.1386666666666656,27.7,equatorial
13.15,26.99,29.68,25.41,85.57,0.61,2.43,3.36,0.69,0.7,2020-01-09,Kribi,2020,1,9,2,2.55,3.280000000000014,6.5200000000000005,354.59000000000003,-0.5868339300787553,-0.2063333333333368,27.7,equatorial
17.76,26.42,29.06,24.82,85.05,0.65,2.21,2.97,0.69,0.7,2020-01-10,Kribi,2020,1,10,2,3.1700000000000004,3.8600000000000145,6.449999999999999,351.21999999999997,-0.6013729842923812,-0.7796666666666638,27.7,equatorial
19.97,26.58,29.49,24.8,84.33,0.03,2.24,3.36,0.69,0.69,2020-01-11,Kribi,2020,1,11,2,3.18,3.8500000000000143,6.42,347.21000000000004,-0.6187087101611463,-0.6366666666666667,27.7,equatorial
20.33,27.34,30.83,25.15,82.66,0.01,2.01,3.97,0.68,0.69,2020-01-12,Kribi,2020,1,12,2,3.0300000000000002,3.820000000000014,6.35,328.26,-0.7014618304206565,0.0990000000000002,27.7,equatorial
20.51,27.62,31.64,25.3,83.09,0.0,1.9,3.89,0.68,0.69,2020-01-13,Kribi,2020,1,13,3,2.29,3.740000000000014,6.2299999999999995,317.41,-0.7486947448631194,0.3440000000000012,27.7,equatorial
21.52,27.66,31.13,25.67,84.42,0.01,1.86,3.34,0.68,0.68,2020-01-14,Kribi,2020,1,14,3,1.9100000000000001,3.710000000000014,6.2,304.21,-0.8061897388845365,0.36333333333332973,27.66,equatorial
17.76,27.58,30.31,25.94,87.29,0.01,2.21,2.81,0.68,0.68,2020-01-15,Kribi,2020,1,15,3,1.32,3.510000000000014,6.19,297.72999999999996,-0.8342103375978261,0.28600000000000136,27.66,equatorial
14.23,27.28,29.24,25.99,89.23,0.08,2.55,2.11,0.67,0.69,2020-01-16,Kribi,2020,1,16,3,0.7900000000000001,3.340000000000014,6.11,290.15000000000003,-0.8670274540132404,-0.00999999999999801,27.66,equatorial
11.03,27.05,29.75,25.33,84.19,0.09,2.39,3.36,0.67,0.68,2020-01-17,Kribi,2020,1,17,3,0.2300000000000001,3.4000000000000146,6.09,289.23,-0.8706453584799093,-0.24933333333333252,27.66,equatorial
18.96,27.02,30.27,24.89,81.23,0.03,2.11,3.7,0.67,0.68,2020-01-18,Kribi,2020,1,18,3,0.2300000000000001,3.4100000000000144,6.04,288.92,-0.8715884047663514,-0.26766666666666694,27.66,equatorial
19.74,27.43,30.9,25.17,81.03,0.01,2.04,4.07,0.67,0.67,2020-01-19,Kribi,2020,1,19,3,0.2300000000000001,3.260000000000014,5.93,288.78000000000003,-0.8717861856414956,0.12900000000000134,27.66,equatorial
19.7,27.18,31.03,24.71,80.22,0.03,1.94,3.97,0.66,0.67,2020-01-20,Kribi,2020,1,20,4,0.2600000000000001,2.550000000000014,5.8100000000000005,283.32,-0.8952911920827162,-0.13633333333333297,27.66,equatorial
19.11,27.63,31.54,25.29,81.61,0.02,1.75,3.65,0.66,0.67,2020-01-21,Kribi,2020,1,21,4,0.2700000000000001,2.1800000000000144,5.6499999999999995,278.38000000000005,-0.9164974911723958,0.303333333333331,27.63,equatorial
18.8,27.96,32.1,25.44,82.43,0.01,1.75,4.11,0.66,0.66,2020-01-22,Kribi,2020,1,22,4,0.2700000000000001,1.5900000000000143,5.47,272.87,-0.9401816657891532,0.6089999999999982,27.96,equatorial
18.02,27.81,31.65,25.51,81.67,0.01,2.05,4.06,0.65,0.66,2020-01-23,Kribi,2020,1,23,4,0.20000000000000012,0.9900000000000142,5.13,270.75,-0.9489909880396399,0.43666666666666387,27.96,equatorial
15.19,28.04,32.56,25.3,73.35,0.01,1.87,4.7,0.65,0.66,2020-01-24,Kribi,2020,1,24,4,0.1200000000000001,0.3500000000000142,4.65,262.89,-0.9829397830265669,0.6490000000000009,28.04,equatorial
22.18,27.03,31.91,23.13,67.58,0.0,1.81,4.91,0.65,0.65,2020-01-25,Kribi,2020,1,25,4,0.09000000000000011,0.32000000000001416,4.28,251.99,-1.030170174752256,-0.3456666666666699,28.04,equatorial
21.39,26.47,31.99,22.49,69.77,0.02,2.09,4.89,0.64,0.65,2020-01-26,Kribi,2020,1,26,4,0.10000000000000012,0.3300000000000142,4.2299999999999995,238.99,-1.086543478821251,-0.873666666666665,28.04,equatorial
20.7,27.45,31.66,24.73,77.04,0.03,1.55,3.97,0.64,0.64,2020-01-27,Kribi,2020,1,27,5,0.10000000000000012,0.3600000000000142,4.22,238.52,-1.0879629870763674,0.11199999999999832,28.04,equatorial
19.01,27.7,31.47,25.07,81.55,0.65,1.81,3.9,0.64,0.65,2020-01-28,Kribi,2020,1,28,5,0.7300000000000001,1.0000000000000142,4.83,231.85999999999999,-1.1164914851008356,0.3486666666666629,28.04,equatorial
16.71,27.41,30.6,25.79,84.06,1.05,1.52,2.52,0.64,0.65,2020-01-29,Kribi,2020,1,29,5,1.77,2.0400000000000142,5.8,223.5,-1.1524256168501015,0.053999999999998494,28.04,equatorial
17.52,27.5,30.65,25.65,85.08,1.78,2.09,3.36,0.64,0.65,2020-01-30,Kribi,2020,1,30,5,3.54,3.7400000000000144,7.54,221.27,-1.1614673976432441,0.13466666666666427,28.04,equatorial
16.37,27.14,29.25,25.89,85.98,0.18,2.02,2.31,0.64,0.65,2020-01-31,Kribi,2020,1,31,5,3.7100000000000004,3.8300000000000143,7.51,210.44000000000003,-1.2081465434593295,-0.21533333333333005,27.7,equatorial
13.99,27.63,30.91,25.78,83.29,0.04,1.85,3.21,0.64,0.65,2020-02-01,Kribi,2020,2,32,5,3.7500000000000004,3.840000000000014,7.3,206.34,-1.225293541699607,0.2733333333333299,27.7,equatorial
12.67,27.17,30.06,25.48,84.19,0.08,2.34,3.25,0.63,0.64,2020-02-02,Kribi,2020,2,33,5,3.8100000000000005,3.9100000000000144,7.3500000000000005,133.49,-1.5431888276326593,-0.17433333333332968,27.7,equatorial
15.62,27.22,30.4,25.42,81.73,0.09,2.74,3.96,0.63,0.64,2020-02-03,Kribi,2020,2,34,6,3.87,3.970000000000014,7.42,131.88000000000002,-1.548825442521058,-0.11366666666666703,27.7,equatorial
19.29,27.57,31.83,24.83,78.33,0.03,1.94,4.25,0.63,0.63,2020-02-04,Kribi,2020,2,35,6,3.2500000000000004,3.9800000000000146,7.29,128.94,-1.56025976514613,0.22299999999999898,27.63,equatorial
15.65,27.26,30.56,25.23,81.64,0.03,2.49,4.1,0.62,0.63,2020-02-05,Kribi,2020,2,36,6,2.23,4.000000000000014,6.580000000000001,126.33,-1.5702227468451717,-0.07866666666666333,27.63,equatorial
18.24,27.62,31.58,25.21,79.78,0.03,1.69,3.98,0.62,0.63,2020-02-06,Kribi,2020,2,37,6,0.4800000000000002,4.020000000000015,6.22,124.46000000000001,-1.5769283448622429,0.2839999999999989,27.63,equatorial
15.97,27.94,31.6,25.77,81.35,0.05,1.82,3.58,0.62,0.62,2020-02-07,Kribi,2020,2,38,6,0.3500000000000002,4.060000000000015,5.67,119.92999999999999,-1.5952256825556246,0.5833333333333357,27.94,equatorial
17.65,27.81,31.36,25.83,82.97,0.05,2.48,3.76,0.62,0.62,2020-02-08,Kribi,2020,2,39,6,0.3600000000000002,4.1100000000000145,5.11,109.46,-1.639384559354531,0.4259999999999984,27.94,equatorial
19.48,27.02,29.82,25.43,84.9,0.05,2.69,3.01,0.61,0.62,2020-02-09,Kribi,2020,2,40,6,0.33000000000000024,4.140000000000014,4.510000000000001,96.69,-1.6934407078144709,-0.38400000000000034,27.94,equatorial
20.3,27.63,31.08,25.4,82.07,0.05,1.87,3.26,0.61,0.62,2020-02-10,Kribi,2020,2,41,7,0.29000000000000026,4.160000000000014,4.53,91.98,-1.7122103992122935,0.19099999999999895,27.94,equatorial
18.43,27.85,31.72,25.79,82.63,0.11,2.1,3.48,0.61,0.62,2020-02-11,Kribi,2020,2,42,7,0.3700000000000002,3.6200000000000143,4.630000000000001,91.96000000000001,-1.7104970173222909,0.39399999999999835,27.94,equatorial
13.69,27.58,30.79,25.64,82.29,0.09,2.25,3.44,0.61,0.61,2020-02-12,Kribi,2020,2,43,7,0.4300000000000002,2.6600000000000144,4.720000000000001,90.22999999999999,-1.7162319553388494,0.12533333333333374,27.94,equatorial
15.01,27.65,31.19,25.59,80.37,0.05,1.7,3.48,0.61,0.61,2020-02-13,Kribi,2020,2,44,7,0.4500000000000003,0.9300000000000141,4.76,88.69000000000001,-1.7211222618416586,0.1956666666666642,27.94,equatorial
17.64,28.03,31.8,25.86,80.41,0.07,1.61,3.84,0.6,0.61,2020-02-14,Kribi,2020,2,45,7,0.4700000000000002,0.8200000000000143,4.82,86.38,-1.7293449150751756,0.5606666666666662,28.03,equatorial
18.89,28.16,32.39,25.6,81.09,0.08,1.84,3.77,0.6,0.6,2020-02-15,Kribi,2020,2,46,7,0.5000000000000002,0.8600000000000142,4.82,84.81,-1.734325568131774,0.6613333333333316,28.16,equatorial
17.83,27.77,31.0,25.9,82.91,0.15,2.29,3.44,0.6,0.6,2020-02-16,Kribi,2020,2,47,7,0.6000000000000003,0.9300000000000143,4.88,83.82000000000001,-1.7367711870134923,0.24733333333333363,28.16,equatorial
12.68,27.34,29.9,25.98,85.55,0.22,2.38,2.7,0.6,0.6,2020-02-17,Kribi,2020,2,48,8,0.7700000000000002,1.0600000000000143,5.07,82.98,-1.7385578018142764,-0.19333333333333513,28.16,equatorial
18.66,27.62,30.94,25.49,82.16,0.12,2.0,3.37,0.6,0.6,2020-02-18,Kribi,2020,2,49,8,0.7800000000000002,1.1500000000000141,5.18,52.86,-1.8673435424360207,0.08033333333333204,28.16,equatorial
18.02,27.54,30.78,25.43,84.17,0.14,1.99,3.01,0.59,0.6,2020-02-19,Kribi,2020,2,50,8,0.8300000000000003,1.2600000000000142,5.29,42.65,-1.9093592029034026,-0.011666666666666714,28.16,equatorial
16.92,28.35,32.17,25.92,80.9,0.92,1.72,3.86,0.59,0.6,2020-02-20,Kribi,2020,2,51,8,1.7000000000000002,2.150000000000014,6.19,43.120000000000005,-1.9049634715641484,0.7743333333333347,28.35,equatorial
12.07,27.86,30.65,26.37,84.11,2.52,1.81,2.93,0.59,0.61,2020-02-21,Kribi,2020,2,52,8,4.15,4.620000000000014,8.700000000000001,45.26,-1.893357476546099,0.2876666666666665,28.35,equatorial
13.96,27.99,31.18,26.01,85.21,5.54,2.21,3.92,0.6,0.63,2020-02-22,Kribi,2020,2,53,8,9.61,10.110000000000014,14.23,50.459999999999994,-1.8685614724941275,0.4116666666666653,28.35,equatorial
19.3,27.31,29.37,26.2,89.56,4.14,2.55,2.62,0.6,0.64,2020-02-23,Kribi,2020,2,54,8,13.599999999999998,14.200000000000014,18.36,53.65,-1.8525440679954681,-0.24399999999999977,28.35,equatorial
20.12,27.66,30.12,26.22,88.93,3.03,2.28,2.79,0.61,0.63,2020-02-24,Kribi,2020,2,55,9,16.41,17.180000000000014,21.39,54.16,-1.8481607829285351,0.08500000000000085,28.35,equatorial
17.31,27.71,29.99,26.27,85.21,2.52,1.86,3.01,0.61,0.63,2020-02-25,Kribi,2020,2,56,9,18.81,19.590000000000014,23.89,54.25,-1.8456061600901124,0.09366666666666745,28.35,equatorial
5.36,27.71,30.15,26.36,84.87,0.13,1.9,2.79,0.61,0.61,2020-02-26,Kribi,2020,2,57,9,18.799999999999997,19.630000000000017,23.99,53.709999999999994,-1.8457783282970786,0.08500000000000085,28.35,equatorial
19.95,28.0,31.41,25.52,81.94,1.22,1.71,3.83,0.6,0.61,2020-02-27,Kribi,2020,2,58,9,19.1,20.800000000000015,24.560000000000002,53.75,-1.8434491468518175,0.365000000000002,28.0,equatorial
16.17,28.17,31.06,26.73,84.48,3.61,1.73,3.13,0.6,0.63,2020-02-28,Kribi,2020,2,59,9,20.19,24.340000000000014,27.12,54.28,-1.839016959032506,0.5096666666666714,28.17,equatorial
17.27,27.66,30.1,26.32,89.32,5.11,2.46,3.14,0.61,0.64,2020-02-29,Kribi,2020,2,60,9,19.759999999999998,29.37000000000001,30.45,56.06,-1.8292180596145433,-0.005666666666666487,28.17,equatorial
14.32,27.65,30.51,25.78,86.99,1.31,2.4,3.33,0.61,0.62,2020-03-01,Kribi,2020,3,61,9,16.93,30.530000000000015,31.58,54.4,-1.8342568588590147,-0.03266666666666751,28.17,equatorial
16.48,27.62,30.21,26.18,86.13,0.65,2.0,2.9,0.6,0.61,2020-03-02,Kribi,2020,3,62,10,14.55,30.960000000000015,32.19,50.980000000000004,-1.8468461195729649,-0.062333333333334906,28.17,equatorial
17.79,28.06,31.58,25.68,80.78,0.7,1.7,3.86,0.6,0.61,2020-03-03,Kribi,2020,3,63,10,12.73,31.540000000000013,32.81,50.22,-1.8479580930342552,0.347999999999999,28.17,equatorial
13.51,26.86,28.1,25.95,86.02,1.8,1.68,1.89,0.6,0.62,2020-03-04,Kribi,2020,3,64,10,14.399999999999999,33.20000000000002,34.519999999999996,50.410000000000004,-1.8449857117903619,-0.8399999999999999,28.17,equatorial
21.27,27.52,30.82,25.13,82.13,0.9,1.75,3.18,0.6,0.61,2020-03-05,Kribi,2020,3,65,10,14.08,33.180000000000014,35.39,49.74,-1.8457150362899726,-0.178333333333331,28.17,equatorial
8.21,27.37,28.99,26.43,89.13,2.09,2.02,1.94,0.6,0.62,2020-03-06,Kribi,2020,3,66,10,12.559999999999999,32.750000000000014,37.449999999999996,50.989999999999995,-1.8382057838943835,-0.3319999999999972,28.06,equatorial
3.45,26.62,27.93,24.94,87.53,13.12,2.05,2.82,0.62,0.69,2020-03-07,Kribi,2020,3,67,10,20.57,40.33000000000001,50.54,63.53999999999999,-1.7822778602157572,-1.0486666666666622,28.06,equatorial
21.46,27.39,31.13,24.53,79.86,0.87,1.92,4.54,0.62,0.62,2020-03-08,Kribi,2020,3,68,10,20.13,37.06000000000001,51.36,63.67,-1.7797573980184738,-0.26033333333333175,28.06,equatorial
21.49,27.8,31.06,25.62,84.73,9.38,2.25,4.62,0.62,0.66,2020-03-09,Kribi,2020,3,69,11,28.86,43.41000000000001,60.69,72.32,-1.7407554117595823,0.15000000000000213,28.06,equatorial
18.33,27.32,29.09,26.22,90.03,14.2,2.19,2.73,0.64,0.7,2020-03-10,Kribi,2020,3,70,11,42.36,55.09000000000002,74.83999999999999,85.8,-1.6811971430964063,-0.33999999999999986,27.8,equatorial
7.78,27.25,28.75,26.39,92.06,21.49,2.62,2.44,0.66,0.74,2020-03-11,Kribi,2020,3,71,11,62.05,76.45000000000002,96.28,107.22999999999999,-1.5877838202805175,-0.3973333333333322,27.8,equatorial
14.83,27.13,28.88,26.11,88.97,9.73,2.12,2.87,0.68,0.71,2020-03-12,Kribi,2020,3,72,11,70.88,84.96000000000001,105.89999999999999,116.88,-1.545020015599601,-0.4933333333333323,27.8,equatorial
18.09,28.17,30.94,26.31,83.31,5.97,1.66,4.26,0.67,0.69,2020-03-13,Kribi,2020,3,73,11,74.75999999999999,87.32000000000001,111.77999999999999,122.72999999999999,-1.5186180770518638,0.5269999999999975,28.17,equatorial
9.43,27.75,30.0,26.56,86.94,15.0,1.74,3.61,0.68,0.73,2020-03-14,Kribi,2020,3,74,11,76.64,97.21000000000001,126.72999999999999,137.69,-1.453317262938643,0.10366666666666546,28.17,equatorial
17.49,27.95,31.48,26.2,84.68,9.82,2.01,5.01,0.68,0.72,2020-03-15,Kribi,2020,3,75,11,85.58999999999999,105.72000000000001,136.48,147.48999999999998,-1.4102230487314575,0.3063333333333347,28.17,equatorial
18.4,27.83,30.79,25.87,87.19,10.21,2.29,4.73,0.68,0.72,2020-03-16,Kribi,2020,3,76,12,86.42,115.28,146.60999999999999,157.54,-1.366148363580567,0.19733333333332936,28.17,equatorial
16.63,28.24,31.63,26.42,83.71,9.65,1.81,4.87,0.68,0.72,2020-03-17,Kribi,2020,3,77,12,81.86999999999999,124.23000000000002,156.10999999999999,167.08,-1.3243386449423573,0.591666666666665,28.24,equatorial
16.2,27.54,29.8,26.19,88.43,21.81,1.96,3.6,0.69,0.76,2020-03-18,Kribi,2020,3,78,12,82.19,144.24,177.7,188.81,-1.2304959233804185,-0.11499999999999844,28.24,equatorial
15.68,26.83,28.27,25.96,93.72,82.46,2.27,2.43,0.76,0.89,2020-03-19,Kribi,2020,3,79,12,154.92,225.79999999999998,260.03999999999996,271.15,-0.8776255749452997,-0.7986666666666693,28.24,equatorial
8.37,26.4,28.07,25.39,91.81,709.99,2.77,4.2,0.93,1.0,2020-03-20,Kribi,2020,3,80,12,858.94,933.7,969.89,980.99,2.157868814454899,-1.1906666666666688,28.24,equatorial
20.94,26.61,29.58,24.64,85.38,24.85,1.99,4.84,0.96,0.89,2020-03-21,Kribi,2020,3,81,12,868.7900000000001,945.4300000000001,993.8199999999999,1005.66,2.2597473809420485,-0.9226666666666681,28.24,equatorial
20.12,26.38,28.14,25.2,84.97,5.5,1.8,3.67,0.91,0.84,2020-03-22,Kribi,2020,3,82,12,864.47,950.0600000000001,996.8,1010.97,2.2787239865456836,-1.1033333333333353,28.24,equatorial
6.82,26.77,29.09,25.6,84.47,7.33,1.4,3.03,0.87,0.83,2020-03-23,Kribi,2020,3,83,13,861.59,948.01,998.5899999999999,1017.9499999999999,2.304689646862248,-0.6726666666666645,28.24,equatorial
14.86,26.19,29.17,23.9,83.47,30.07,2.65,6.28,0.86,0.86,2020-03-24,Kribi,2020,3,84,13,882.0100000000001,963.88,1024.52,1047.53,2.4263881294182728,-1.2153333333333336,27.54,equatorial
14.7,26.09,27.82,24.81,89.98,18.87,2.36,3.14,0.88,0.86,2020-03-25,Kribi,2020,3,85,13,879.07,961.26,1040.36,1066.03,2.5003848465479037,-1.2629999999999981,26.83,equatorial
19.44,26.57,29.44,25.1,85.39,2.01,2.25,4.45,0.86,0.83,2020-03-26,Kribi,2020,3,86,13,798.6200000000001,953.5400000000001,1039.8500000000001,1067.97,2.5038570609744086,-0.745000000000001,26.77,equatorial
22.54,27.09,29.84,25.11,84.0,2.15,1.8,4.27,0.84,0.82,2020-03-27,Kribi,2020,3,87,13,90.78000000000011,949.72,1041.87,1070.08,2.5080204004545967,-0.20433333333333437,27.09,equatorial
19.92,27.62,30.47,26.1,86.1,6.35,1.85,4.01,0.83,0.82,2020-03-28,Kribi,2020,3,88,13,72.28000000000011,941.07,1047.0,1076.39,2.5298647301130606,0.33833333333333115,27.62,equatorial
6.15,27.09,29.13,25.96,91.64,9.37,2.25,3.29,0.83,0.83,2020-03-29,Kribi,2020,3,89,13,76.15000000000012,940.62,1052.76,1085.68,2.564105689883282,-0.15566666666666862,27.62,equatorial
23.36,27.62,30.09,25.85,87.51,9.57,1.8,4.43,0.84,0.83,2020-03-30,Kribi,2020,3,90,14,78.3900000000001,939.9800000000001,1057.2199999999998,1095.21,2.599113651678831,0.37566666666667103,27.62,equatorial
22.88,27.97,31.1,26.11,86.33,11.52,1.74,4.75,0.84,0.84,2020-03-31,Kribi,2020,3,91,14,59.84000000000012,941.85,1067.4299999999998,1106.52,2.6413378353300434,0.7149999999999999,27.97,equatorial
4.1,26.3,27.52,25.54,90.97,16.09,1.96,3.26,0.85,0.85,2020-04-01,Kribi,2020,4,92,14,57.06000000000011,936.13,1082.8700000000001,1122.3600000000001,2.7022234760879,-0.9109999999999978,27.97,equatorial
22.97,27.13,30.07,25.13,87.54,1.95,2.07,4.28,0.85,0.82,2020-04-02,Kribi,2020,4,93,14,57.000000000000114,855.62,1084.1200000000001,1124.2800000000002,2.7044219235671387,-0.05000000000000071,27.97,equatorial
14.55,26.6,27.32,25.76,94.05,6.87,2.03,2.1,0.85,0.83,2020-04-03,Kribi,2020,4,94,14,61.72000000000011,152.5,1089.19,1131.1299999999999,2.7271805632672885,-0.5713333333333317,27.97,equatorial
8.97,26.68,28.38,25.5,90.34,1.39,2.19,2.65,0.84,0.82,2020-04-04,Kribi,2020,4,95,14,56.76000000000011,129.04,1089.68,1132.3600000000001,2.72633220372738,-0.4633333333333347,27.97,equatorial
24.05,28.13,31.63,25.84,82.56,3.27,1.35,4.68,0.84,0.82,2020-04-05,Kribi,2020,4,96,14,50.66000000000011,126.81,1090.8600000000001,1134.89,2.730892755712372,0.9613333333333287,28.13,equatorial
6.2,27.33,28.86,26.23,90.83,12.72,1.91,2.98,0.85,0.84,2020-04-06,Kribi,2020,4,97,15,53.810000000000116,132.2,1090.46,1147.22,2.776115073847304,0.13766666666666438,28.13,equatorial
22.29,27.94,30.93,26.1,84.87,4.7,1.61,5.1,0.85,0.83,2020-04-07,Kribi,2020,4,98,15,46.990000000000116,106.83,1094.29,1151.32,2.786846988077716,0.729333333333333,28.13,equatorial
12.68,26.68,27.98,25.61,92.08,25.63,2.25,3.33,0.85,0.86,2020-04-08,Kribi,2020,4,99,15,56.530000000000115,113.59,1110.54,1176.34,2.884038567448985,-0.4933333333333323,28.13,equatorial
12.64,26.56,28.49,25.01,86.83,19.47,1.64,4.32,0.88,0.87,2020-04-09,Kribi,2020,4,100,15,74.05000000000011,131.05,1115.81,1195.16,2.954772425531044,-0.5880000000000045,28.13,equatorial
22.97,27.53,30.82,25.61,79.73,7.99,1.29,6.41,0.87,0.85,2020-04-10,Kribi,2020,4,101,15,75.17000000000012,136.89,1102.31,1203.1200000000001,2.980120050780631,0.37266666666666737,28.13,equatorial
2.8,26.61,28.52,25.57,88.5,12.21,2.2,4.61,0.87,0.86,2020-04-11,Kribi,2020,4,102,15,85.99000000000012,142.75,1104.79,1215.3200000000002,3.022645730581861,-0.5300000000000011,28.13,equatorial
21.12,27.09,29.96,25.14,78.75,0.19,1.69,5.26,0.87,0.84,2020-04-12,Kribi,2020,4,103,15,82.91000000000011,133.57,1099.01,1215.51,3.015507078028434,-0.013999999999999346,27.94,equatorial
20.95,26.71,30.17,23.71,83.93,0.42,1.85,5.01,0.86,0.83,2020-04-13,Kribi,2020,4,104,16,70.61000000000011,124.42,1084.43,1215.92,3.0093233564388173,-0.3593333333333284,27.94,equatorial
19.5,27.39,30.21,25.37,86.55,1.27,1.62,3.93,0.85,0.83,2020-04-14,Kribi,2020,4,105,16,67.1800000000001,114.17,1075.8799999999999,1217.18,3.0066564744727073,0.33933333333333593,27.53,equatorial
13.88,28.21,31.28,26.05,85.25,4.3,1.36,5.51,0.85,0.83,2020-04-15,Kribi,2020,4,106,16,45.850000000000115,102.38000000000001,1069.9699999999998,1221.3999999999999,3.0160650662397006,1.1466666666666683,28.21,equatorial
6.37,27.57,30.35,25.88,88.28,4.67,1.68,4.46,0.85,0.83,2020-04-16,Kribi,2020,4,107,16,31.050000000000114,105.10000000000001,1064.99,1225.98,3.026836491396579,0.5289999999999999,28.21,equatorial
14.74,26.46,27.59,25.77,92.17,3.39,2.1,2.5,0.85,0.83,2020-04-17,Kribi,2020,4,108,16,26.450000000000117,101.62,1046.57,1229.34,3.032542724228373,-0.5449999999999982,28.21,equatorial
23.73,27.08,29.39,25.58,88.25,4.18,2.22,4.43,0.84,0.83,2020-04-18,Kribi,2020,4,109,16,18.420000000000115,104.41,968.29,1233.51,3.0414615622513854,0.06666666666666643,28.21,equatorial
14.54,26.2,28.06,25.08,91.39,4.97,2.49,3.16,0.85,0.83,2020-04-19,Kribi,2020,4,110,16,23.200000000000113,106.11,263.27,1238.45,3.053392951521713,-0.8066666666666684,28.21,equatorial
6.12,25.21,26.55,24.43,89.23,3.21,2.1,3.21,0.85,0.83,2020-04-20,Kribi,2020,4,111,17,25.990000000000116,96.60000000000001,241.63,1241.64,3.0581414221557948,-1.7499999999999964,28.21,equatorial
22.56,26.38,29.47,23.55,82.51,0.17,1.56,4.31,0.84,0.82,2020-04-21,Kribi,2020,4,112,17,24.890000000000114,92.07000000000001,236.3,1241.8000000000002,3.0506422262195434,-0.5799999999999983,28.21,equatorial
14.09,26.56,29.07,25.07,86.1,0.9,2.19,4.89,0.83,0.81,2020-04-22,Kribi,2020,4,113,17,21.490000000000112,67.33999999999999,229.87,1242.69,3.046131966409611,-0.3930000000000007,27.57,equatorial
23.77,27.02,30.26,24.67,85.26,0.2,1.83,4.44,0.83,0.81,2020-04-23,Kribi,2020,4,114,17,17.020000000000117,48.07,200.0,1242.8799999999999,3.038847695307735,0.03933333333333522,27.08,equatorial
21.29,26.79,28.72,25.71,88.64,0.42,2.0,2.82,0.82,0.8,2020-04-24,Kribi,2020,4,115,17,14.050000000000113,40.5,181.54999999999998,1243.3,3.0325390441158278,-0.2140000000000022,27.08,equatorial
14.78,26.65,28.35,25.55,90.33,1.01,2.19,2.62,0.82,0.8,2020-04-25,Kribi,2020,4,116,17,10.880000000000113,29.299999999999997,180.55,1244.29,3.0285509925589786,-0.3566666666666656,27.02,equatorial
15.5,26.06,27.2,25.31,93.36,19.4,2.64,3.11,0.84,0.84,2020-04-26,Kribi,2020,4,117,17,25.310000000000112,48.51,197.8,1263.6599999999999,3.097739390409197,-0.9123333333333328,27.02,equatorial
19.68,26.83,29.47,25.15,83.99,0.62,1.69,4.25,0.84,0.81,2020-04-27,Kribi,2020,4,118,18,22.720000000000113,48.709999999999994,192.07,1263.63,3.0892045330160633,-0.1159999999999961,27.02,equatorial
20.43,27.13,30.02,25.27,85.11,5.98,1.61,4.88,0.83,0.82,2020-04-28,Kribi,2020,4,119,18,28.530000000000115,53.42,188.68,1268.56,3.100389827684841,0.18266666666666254,27.13,equatorial
20.83,27.51,30.47,25.58,86.71,8.3,1.93,5.51,0.83,0.82,2020-04-29,Kribi,2020,4,120,18,35.93000000000011,57.42,187.41,1275.08,3.11773476418274,0.5663333333333327,27.51,equatorial
13.4,27.45,30.16,25.68,88.36,21.71,1.92,4.63,0.84,0.85,2020-04-30,Kribi,2020,4,121,18,57.44000000000012,74.46,197.6,1296.6100000000001,3.1940724904527724,0.5236666666666672,27.51,equatorial
18.76,26.83,28.5,25.74,89.28,24.99,2.31,4.55,0.87,0.87,2020-05-01,Kribi,2020,5,122,18,82.01000000000012,96.06,206.5,1321.56,3.2830255603532783,-0.11400000000000432,27.51,equatorial
11.86,26.97,29.33,25.33,87.31,9.1,1.85,3.97,0.87,0.85,2020-05-02,Kribi,2020,5,123,18,90.10000000000011,100.98,213.65,1330.58,3.3085093437538817,0.031333333333328994,27.51,equatorial
17.1,27.45,30.83,25.08,83.17,10.79,1.76,6.22,0.87,0.85,2020-05-03,Kribi,2020,5,124,18,81.49000000000012,106.8,217.57,1341.28,3.340254299777404,0.48300000000000054,27.51,equatorial
18.07,27.06,29.55,25.64,85.64,6.33,1.84,4.49,0.87,0.85,2020-05-04,Kribi,2020,5,125,19,87.20000000000012,109.91999999999999,222.51000000000002,1347.5800000000002,3.3544549894761255,0.08033333333333204,27.51,equatorial
21.86,27.29,29.99,25.72,84.5,5.58,1.61,4.0,0.87,0.85,2020-05-05,Kribi,2020,5,126,19,86.80000000000011,115.33,224.82,1353.13,3.3655526670990414,0.3383333333333347,27.51,equatorial
19.53,26.86,28.4,25.89,90.56,6.73,1.88,2.85,0.87,0.85,2020-05-06,Kribi,2020,5,127,19,85.23000000000012,121.16,218.83,1359.83,3.380959242927457,-0.07600000000000051,27.45,equatorial
15.29,27.73,30.26,25.81,84.51,8.11,1.23,4.45,0.87,0.85,2020-05-07,Kribi,2020,5,128,19,71.63000000000011,129.07,222.23999999999998,1367.8899999999999,3.401422276489097,0.8010000000000019,27.73,equatorial
3.66,27.22,29.33,25.78,87.99,9.44,1.48,3.34,0.87,0.85,2020-05-08,Kribi,2020,5,129,19,56.08000000000011,138.09,206.04999999999998,1377.28,3.426748061820599,0.2729999999999997,27.73,equatorial
20.31,27.71,30.98,25.69,84.26,8.11,1.37,6.31,0.87,0.85,2020-05-09,Kribi,2020,5,130,19,55.09000000000012,145.19,194.69,1385.34,3.4466290021186574,0.7246666666666677,27.73,equatorial
15.87,26.9,29.95,25.37,87.38,10.01,1.73,4.57,0.87,0.86,2020-05-10,Kribi,2020,5,131,19,54.310000000000116,135.8,196.71,1395.3000000000002,3.4735279334790135,-0.0643333333333338,27.73,equatorial
17.42,27.21,29.73,25.24,82.07,9.16,1.49,5.51,0.88,0.86,2020-05-11,Kribi,2020,5,132,20,57.140000000000114,144.34,193.66,1404.35,3.496588278265836,0.2256666666666689,27.73,equatorial
12.56,27.44,31.03,25.26,82.43,8.44,1.44,6.81,0.87,0.85,2020-05-12,Kribi,2020,5,133,20,60.000000000000114,146.8,201.91,1412.7,3.5166639773735504,0.4440000000000026,27.73,equatorial
10.55,25.98,27.78,25.04,92.43,75.23,2.37,3.69,0.92,0.93,2020-05-13,Kribi,2020,5,134,20,128.5000000000001,213.73,276.72,1487.88,3.7902490992306532,-0.9916666666666671,27.73,equatorial
22.9,27.11,30.02,24.66,83.55,1.72,1.38,4.77,0.92,0.88,2020-05-14,Kribi,2020,5,135,20,122.11000000000013,193.73999999999998,277.17,1489.53,3.781712492269794,0.14766666666666595,27.71,equatorial
20.95,27.91,30.81,26.14,84.44,7.81,1.45,4.54,0.91,0.88,2020-05-15,Kribi,2020,5,136,20,120.48000000000013,176.56,280.68,1497.26,3.796173737367931,0.9576666666666647,27.91,equatorial
16.9,27.01,28.61,25.95,91.36,7.92,1.8,2.71,0.91,0.88,2020-05-16,Kribi,2020,5,137,20,120.29000000000013,175.38,283.93,1505.03,3.81052957030133,0.07633333333333425,27.91,equatorial
15.15,27.16,29.97,25.62,86.88,1.77,1.73,4.38,0.91,0.88,2020-05-17,Kribi,2020,5,138,20,112.05000000000013,166.35999999999999,282.31,1506.5800000000002,3.8013496569004332,0.2029999999999994,27.91,equatorial
16.33,26.6,28.51,25.3,90.98,1.52,2.24,2.54,0.9,0.87,2020-05-18,Kribi,2020,5,139,21,104.41000000000012,161.55,279.65,1507.98,3.791701135368867,-0.3409999999999975,27.91,equatorial
17.19,26.17,28.33,24.5,89.26,10.27,2.17,4.88,0.91,0.88,2020-05-19,Kribi,2020,5,140,21,106.24000000000012,166.23999999999998,284.95000000000005,1518.1100000000001,3.8146033640840957,-0.769999999999996,27.91,equatorial
10.86,26.11,27.77,25.0,88.72,1.85,2.56,4.12,0.9,0.87,2020-05-20,Kribi,2020,5,141,21,32.86000000000013,161.35999999999999,283.59,1519.04,3.8030439944124543,-0.860000000000003,27.91,equatorial
21.65,26.4,28.8,24.57,85.82,1.95,2.11,4.87,0.9,0.86,2020-05-21,Kribi,2020,5,142,21,33.090000000000124,155.2,285.37,1518.47,3.7860720969275286,-0.5706666666666678,27.91,equatorial
12.49,26.19,27.81,25.25,88.42,3.79,1.71,2.62,0.9,0.86,2020-05-22,Kribi,2020,5,143,21,29.070000000000125,149.54999999999998,288.26,1516.72,3.7649610407706153,-0.7683333333333309,27.16,equatorial
14.36,26.61,28.44,25.28,87.46,3.3,1.92,3.55,0.89,0.86,2020-05-23,Kribi,2020,5,144,21,24.450000000000127,144.74,291.36,1515.8799999999999,3.7474487153714167,-0.3346666666666671,27.16,equatorial
12.11,27.12,29.57,25.53,86.7,5.18,2.06,4.68,0.89,0.86,2020-05-24,Kribi,2020,5,145,21,27.860000000000127,139.90999999999997,296.12,1518.03,3.741076503843453,0.16433333333333167,27.12,equatorial
11.18,26.04,27.06,25.52,93.13,22.69,2.06,2.93,0.91,0.89,2020-05-25,Kribi,2020,5,146,22,49.03000000000013,153.44,317.8,1538.2,3.800410002465992,-0.8953333333333369,27.12,equatorial
20.27,27.05,29.58,25.1,87.99,1.3,1.69,3.99,0.91,0.87,2020-05-26,Kribi,2020,5,147,22,40.06000000000013,146.29999999999998,299.70000000000005,1539.37,3.7898572737648815,0.08166666666667055,27.12,equatorial
11.87,27.01,28.77,25.83,89.91,0.48,2.19,2.75,0.9,0.86,2020-05-27,Kribi,2020,5,148,22,38.69000000000013,71.55,299.56,1538.6299999999999,3.7725036046909666,0.035666666666667624,27.12,equatorial
15.16,27.25,28.94,26.13,89.92,0.94,2.04,2.91,0.9,0.86,2020-05-28,Kribi,2020,5,149,22,37.68000000000013,70.77,294.52,1535.96,3.7483959464653083,0.2716666666666683,27.25,equatorial
11.86,26.76,28.45,25.54,90.49,0.71,1.93,2.23,0.89,0.86,2020-05-29,Kribi,2020,5,150,22,34.60000000000013,63.67,286.93,1531.5600000000002,3.7183684376938504,-0.19333333333332803,27.25,equatorial
13.05,26.32,27.97,25.12,91.52,1.09,1.71,2.09,0.89,0.86,2020-05-30,Kribi,2020,5,151,22,32.39000000000013,56.839999999999996,266.31,1531.34,3.7037021026448764,-0.5956666666666663,27.25,equatorial
11.53,26.54,28.66,25.32,89.89,3.32,2.1,3.57,0.89,0.86,2020-05-31,Kribi,2020,5,152,22,30.53000000000013,58.39,244.64,1534.01,3.6995264900915927,-0.36599999999999966,27.25,equatorial
9.63,26.68,29.08,25.0,89.01,11.87,1.78,4.11,0.89,0.87,2020-06-01,Kribi,2020,6,153,23,19.71000000000013,68.74,247.41,1545.18,3.7256407349819662,-0.21633333333333482,27.25,equatorial
15.67,26.36,28.34,25.08,90.97,13.89,1.99,3.33,0.89,0.87,2020-06-02,Kribi,2020,6,154,23,32.300000000000125,72.36,250.51000000000002,1557.27,3.7546141486149103,-0.5000000000000036,27.25,equatorial
16.75,26.43,29.15,24.76,87.92,4.65,1.88,4.3,0.9,0.87,2020-06-03,Kribi,2020,6,155,23,36.47000000000013,75.16000000000001,248.83,1561.02,3.753638913143595,-0.4089999999999989,27.25,equatorial
17.19,26.59,28.93,24.96,87.72,3.65,1.75,3.88,0.9,0.87,2020-06-04,Kribi,2020,6,156,23,39.18000000000013,76.86,246.9,1562.5800000000002,3.744917257893469,-0.2256666666666689,26.76,equatorial
18.05,27.06,29.8,25.36,87.77,8.09,2.04,5.15,0.9,0.87,2020-06-05,Kribi,2020,6,157,23,46.56000000000013,81.16,248.26,1557.55,3.7131208821084862,0.2376666666666658,27.06,equatorial
13.96,26.97,30.03,25.26,86.36,2.92,1.75,4.6,0.9,0.86,2020-06-06,Kribi,2020,6,158,23,48.39000000000013,80.78,243.07000000000002,1559.6000000000001,3.706529065628402,0.17299999999999827,27.06,equatorial
16.19,26.69,29.36,25.03,86.57,5.52,1.96,4.95,0.89,0.86,2020-06-07,Kribi,2020,6,159,23,50.59000000000013,81.12,239.15,1555.74,3.6793519464573867,-0.08933333333333593,27.06,equatorial
12.38,26.46,29.37,24.88,87.79,35.09,1.73,4.47,0.91,0.9,2020-06-08,Kribi,2020,6,160,24,73.81000000000013,93.52,266.13,1576.6299999999999,3.738662977869069,-0.27766666666666495,27.06,equatorial
14.29,24.89,25.47,24.17,93.03,8.07,2.56,2.6,0.92,0.88,2020-06-09,Kribi,2020,6,161,24,67.99000000000012,100.28999999999999,264.19,1563.21,3.6780769609629194,-1.780666666666665,27.06,equatorial
19.17,25.81,28.35,24.2,87.36,4.84,2.24,4.55,0.92,0.89,2020-06-10,Kribi,2020,6,162,24,68.18000000000013,104.64999999999999,259.87,1558.3200000000002,3.647781234259021,-0.8140000000000036,27.06,equatorial
8.71,25.85,28.32,24.43,89.2,5.52,2.62,4.76,0.91,0.88,2020-06-11,Kribi,2020,6,163,24,70.05000000000013,109.22999999999999,256.95000000000005,1557.8700000000001,3.6331685814061547,-0.7210000000000001,27.06,equatorial
11.84,25.11,26.71,24.13,91.64,9.74,2.58,3.95,0.92,0.88,2020-06-12,Kribi,2020,6,164,24,71.70000000000013,118.26,191.46,1552.6100000000001,3.6021738446098364,-1.4319999999999986,26.97,equatorial
16.03,26.01,29.04,23.82,86.08,2.11,1.92,4.79,0.91,0.88,2020-06-13,Kribi,2020,6,165,24,70.89000000000013,119.28,191.85,1544.8999999999999,3.563145811042164,-0.49533333333333474,26.69,equatorial
15.54,26.16,29.34,24.21,87.63,2.79,2.08,5.18,0.91,0.87,2020-06-14,Kribi,2020,6,166,24,68.16000000000012,118.75,186.83,1537.48,3.5255722771011246,-0.28699999999999903,26.46,equatorial
14.24,26.43,29.5,24.47,87.48,3.63,2.01,5.03,0.9,0.87,2020-06-15,Kribi,2020,6,167,25,36.70000000000013,110.51,182.54000000000002,1531.46,3.493210049310311,0.002333333333336185,26.43,equatorial
10.49,25.87,27.96,24.54,90.99,7.09,2.26,3.46,0.9,0.87,2020-06-16,Kribi,2020,6,168,25,35.72000000000013,103.71000000000001,187.86,1516.74,3.431614994669174,-0.5146666666666633,26.43,equatorial
6.97,25.7,28.48,24.25,88.83,4.87,2.05,4.12,0.9,0.87,2020-06-17,Kribi,2020,6,169,25,35.75000000000013,103.92999999999999,191.21,1439.15,3.157199912956204,-0.6546666666666674,26.43,equatorial
14.94,25.68,28.41,23.72,87.7,3.63,2.01,4.68,0.9,0.86,2020-06-18,Kribi,2020,6,170,25,33.86000000000013,103.91,184.57000000000002,732.79,0.7435237317757133,-0.6583333333333314,26.43,equatorial
15.18,25.98,28.59,24.21,86.13,6.18,1.95,4.71,0.9,0.87,2020-06-19,Kribi,2020,6,171,25,30.300000000000125,102.0,188.90000000000003,714.12,0.6794789163556638,-0.3539999999999992,26.43,equatorial
14.04,25.76,28.3,24.36,87.39,8.07,2.13,4.8,0.9,0.87,2020-06-20,Kribi,2020,6,172,25,36.260000000000126,107.15,195.02,716.6899999999999,0.688008113338729,-0.5526666666666635,26.43,equatorial
11.51,24.75,25.89,23.98,94.05,13.18,2.42,2.63,0.9,0.88,2020-06-21,Kribi,2020,6,173,25,46.65000000000013,114.81,204.41000000000003,722.5400000000001,0.7077373056208748,-1.5146666666666633,26.43,equatorial
13.27,25.51,28.04,24.09,89.43,4.89,2.22,4.25,0.91,0.87,2020-06-22,Kribi,2020,6,174,26,47.910000000000124,84.61,206.0,697.36,0.6214472251432829,-0.7179999999999964,25.98,equatorial
18.07,26.16,29.26,24.08,87.16,5.82,1.98,5.46,0.9,0.87,2020-06-23,Kribi,2020,6,175,26,46.64000000000013,82.35999999999999,206.64000000000001,684.3100000000001,0.5766385502188237,-0.036000000000001364,26.16,equatorial
11.5,25.65,26.86,24.78,93.8,9.72,1.94,2.2,0.9,0.87,2020-06-24,Kribi,2020,6,176,26,51.49000000000013,87.24000000000001,193.67,692.02,0.6027973491411387,-0.5330000000000013,26.16,equatorial
10.66,25.47,27.31,24.34,91.76,15.16,2.05,3.49,0.91,0.88,2020-06-25,Kribi,2020,6,177,26,63.020000000000124,96.88,207.53,705.0300000000001,0.6470624971050073,-0.6603333333333374,26.16,equatorial
12.08,24.83,26.45,23.85,92.43,34.3,2.51,3.65,0.93,0.91,2020-06-26,Kribi,2020,6,178,26,91.14000000000013,121.44,241.35,732.98,0.742378319258492,-1.2276666666666678,26.16,equatorial
15.26,25.19,27.46,23.8,89.03,2.31,2.55,4.33,0.93,0.89,2020-06-27,Kribi,2020,6,179,26,85.38000000000012,121.64,242.72,725.92,0.7179553730941264,-0.7989999999999995,26.16,equatorial
15.03,25.21,27.71,23.64,87.88,1.04,2.6,4.32,0.93,0.89,2020-06-28,Kribi,2020,6,180,26,73.24000000000012,119.89,243.05,717.39,0.6885185624405756,-0.727333333333334,26.16,equatorial
14.41,24.86,27.13,23.51,90.69,4.39,2.78,4.38,0.92,0.88,2020-06-29,Kribi,2020,6,181,27,72.74000000000012,120.64999999999999,246.35000000000002,710.26,0.6638830772706366,-1.0286666666666662,26.16,equatorial
4.38,24.73,26.37,23.59,90.63,9.81,1.85,3.18,0.92,0.89,2020-06-30,Kribi,2020,6,182,27,76.73000000000013,123.37,252.84000000000003,703.98,0.6421655438383289,-1.0983333333333327,25.65,equatorial
14.37,25.44,27.52,24.05,87.37,3.15,1.52,3.29,0.92,0.88,2020-07-01,Kribi,2020,7,183,27,70.16000000000012,121.65,244.12,705.1800000000001,0.6460448537419491,-0.34699999999999775,25.47,equatorial
13.35,25.51,28.01,24.08,90.66,19.51,2.16,4.11,0.93,0.9,2020-07-02,Kribi,2020,7,184,27,74.51000000000012,137.53,249.74,717.82,0.6890615929531752,-0.24866666666666504,25.51,equatorial
5.11,24.65,25.72,23.98,94.51,16.24,2.53,2.6,0.94,0.9,2020-07-03,Kribi,2020,7,185,27,56.45000000000012,147.59,261.33,732.6700000000001,0.7396185913137655,-1.0493333333333368,25.51,equatorial
7.47,24.86,27.56,23.51,90.73,8.08,2.43,4.48,0.94,0.91,2020-07-04,Kribi,2020,7,186,27,62.22000000000012,147.6,265.76,737.48,0.7557930931013429,-0.7816666666666663,25.51,equatorial
10.0,24.72,26.42,23.58,92.67,5.67,2.36,3.21,0.94,0.9,2020-07-05,Kribi,2020,7,187,27,66.85000000000012,140.09,263.34,730.4300000000001,0.7313719230108617,-0.843666666666671,25.51,equatorial
10.89,24.81,26.39,24.0,93.37,11.4,2.74,3.38,0.94,0.91,2020-07-06,Kribi,2020,7,188,28,73.86000000000011,146.60000000000002,271.82000000000005,737.13,0.7540244851080975,-0.6816666666666684,25.51,equatorial
10.61,24.33,25.46,23.59,92.54,9.65,2.24,2.64,0.95,0.91,2020-07-07,Kribi,2020,7,189,28,73.70000000000012,150.43,275.95,721.15,0.6990316206829579,-1.083000000000002,25.51,equatorial
19.45,25.53,28.58,23.6,85.29,1.58,1.78,4.3,0.95,0.9,2020-07-08,Kribi,2020,7,190,28,72.13000000000012,142.29,242.44000000000003,703.2600000000001,0.6375247275308117,0.1479999999999997,25.53,equatorial
14.53,25.37,28.29,23.67,88.77,5.19,2.53,5.07,0.94,0.9,2020-07-09,Kribi,2020,7,191,28,57.81000000000012,132.32,239.56,700.46,0.6277145784597798,-0.028000000000002245,25.53,equatorial
5.51,24.35,26.14,23.5,92.92,16.01,2.76,3.67,0.95,0.91,2020-07-10,Kribi,2020,7,192,28,57.58000000000012,114.03,250.73,704.26,0.6405119521400747,-0.9993333333333325,25.53,equatorial
8.75,24.41,26.83,22.93,90.36,7.41,2.48,4.54,0.95,0.9,2020-07-11,Kribi,2020,7,193,28,56.910000000000124,119.13,252.62,711.48,0.6650183417309918,-0.891333333333332,25.53,equatorial
12.42,24.87,27.46,23.33,88.8,4.81,2.41,4.9,0.94,0.9,2020-07-12,Kribi,2020,7,194,28,56.05000000000012,122.9,247.69,715.87,0.679819464043038,-0.42333333333333556,25.53,equatorial
14.42,24.86,27.46,23.41,90.47,7.42,2.64,4.67,0.94,0.9,2020-07-13,Kribi,2020,7,195,29,52.07000000000012,125.93,253.0,722.02,0.7006436002151313,-0.3949999999999996,25.53,equatorial
7.01,24.38,26.44,23.39,92.1,19.97,3.03,4.41,0.94,0.91,2020-07-14,Kribi,2020,7,196,29,62.39000000000012,136.09,270.18,737.69,0.7540756962556585,-0.8156666666666688,25.53,equatorial
11.46,24.64,27.13,22.99,89.18,7.78,2.01,3.76,0.95,0.91,2020-07-15,Kribi,2020,7,197,29,68.59000000000012,140.72,274.33,740.8,0.7644400115708252,-0.4960000000000022,25.37,equatorial
13.46,24.77,27.14,23.31,89.22,3.38,2.34,4.34,0.95,0.9,2020-07-16,Kribi,2020,7,198,29,66.78000000000011,124.59,270.62,740.79,0.7641066109645072,-0.32933333333333437,24.87,equatorial
8.72,24.18,25.97,23.32,91.42,5.42,1.95,2.93,0.94,0.9,2020-07-17,Kribi,2020,7,199,29,56.19000000000012,113.77,271.17,742.0300000000001,0.7680576326570232,-0.8686666666666696,24.87,equatorial
9.38,24.97,27.53,23.42,89.38,2.06,2.48,4.43,0.94,0.89,2020-07-18,Kribi,2020,7,200,29,50.84000000000012,107.75,269.6,739.12,0.7577820101921132,-0.054999999999999716,24.97,equatorial
19.18,24.79,26.97,23.42,89.47,1.2,2.48,3.56,0.94,0.89,2020-07-19,Kribi,2020,7,201,29,47.230000000000125,103.28,264.62,737.11,0.7505975431561118,-0.19533333333333758,24.97,equatorial
7.97,24.71,26.92,23.5,89.62,12.34,2.37,4.15,0.93,0.9,2020-07-20,Kribi,2020,7,202,30,52.15000000000012,104.22,268.89000000000004,749.2800000000001,0.7920307053420914,-0.24033333333333218,24.97,equatorial
19.34,24.72,27.44,22.97,89.22,12.52,2.25,4.63,0.94,0.9,2020-07-21,Kribi,2020,7,203,30,44.70000000000012,107.09,268.23,760.9000000000001,0.8315517990714046,-0.2293333333333365,24.97,equatorial
19.37,25.38,28.59,23.41,87.08,10.66,2.05,5.7,0.94,0.9,2020-07-22,Kribi,2020,7,204,30,47.58000000000012,116.17,274.0,771.36,0.8670681530237596,0.4349999999999987,25.38,equatorial
13.81,24.97,27.96,23.13,88.65,5.86,2.66,5.7,0.94,0.89,2020-07-23,Kribi,2020,7,205,30,50.060000000000116,116.84,274.03999999999996,776.8000000000001,0.8853461633293667,0.06466666666666754,25.38,equatorial
11.85,24.98,27.88,23.33,87.95,7.19,2.57,5.6,0.93,0.89,2020-07-24,Kribi,2020,7,206,30,51.830000000000126,108.02,271.51,782.98,0.9061473000036788,0.09700000000000131,25.38,equatorial
7.37,24.67,27.31,23.33,90.64,13.9,2.56,4.67,0.93,0.9,2020-07-25,Kribi,2020,7,207,30,63.67000000000012,114.51,270.25,777.48,0.8868826130440981,-0.18633333333333013,25.38,equatorial
4.37,24.52,26.96,23.38,90.81,15.98,2.92,4.92,0.94,0.9,2020-07-26,Kribi,2020,7,208,30,78.45000000000012,125.68,251.93,792.8399999999999,0.9391626652054514,-0.3260000000000005,25.38,equatorial
10.97,24.44,26.74,23.23,90.58,8.8,2.74,4.54,0.94,0.9,2020-07-27,Kribi,2020,7,209,31,74.91000000000012,127.06,258.42,795.6600000000001,0.9483981459020859,-0.3810000000000002,25.38,equatorial
9.85,24.52,27.16,23.05,89.83,7.84,2.83,5.21,0.94,0.9,2020-07-28,Kribi,2020,7,210,31,70.23000000000012,114.93,265.21999999999997,795.2,0.9463784996404498,-0.27800000000000225,25.38,equatorial
18.35,24.38,26.67,22.97,88.88,6.15,2.56,4.66,0.94,0.89,2020-07-29,Kribi,2020,7,211,31,65.72000000000013,113.3,266.98,779.64,0.8925791686247063,-0.402000000000001,24.98,equatorial
9.67,24.29,26.57,22.83,89.34,5.13,2.64,4.61,0.94,0.89,2020-07-30,Kribi,2020,7,212,31,64.99000000000012,115.05000000000001,262.3,759.7800000000001,0.8240720918053958,-0.47733333333333405,24.98,equatorial
10.51,24.43,26.82,23.12,89.03,1.65,2.74,4.41,0.93,0.88,2020-07-31,Kribi,2020,7,213,31,59.450000000000124,111.28,260.8,752.33,0.7981781314220466,-0.3036666666666683,24.67,equatorial
17.52,24.88,27.85,22.9,87.22,0.82,2.3,4.81,0.92,0.88,2020-08-01,Kribi,2020,8,214,31,46.37000000000012,110.04,242.10999999999999,742.36,0.7636549266257161,0.16733333333333178,24.88,equatorial
13.48,24.65,26.98,23.36,89.49,2.71,2.81,4.81,0.92,0.87,2020-08-02,Kribi,2020,8,215,31,33.10000000000012,111.55,228.58,738.74,0.7509384637298825,-0.06266666666666865,24.88,equatorial
16.85,24.71,27.47,23.13,87.66,1.3,2.91,5.43,0.91,0.87,2020-08-03,Kribi,2020,8,216,32,25.60000000000012,100.51,221.8,734.46,0.7359643328160334,0.0023333333333326323,24.88,equatorial
16.21,24.6,27.26,23.19,87.86,7.23,2.75,5.02,0.91,0.87,2020-08-04,Kribi,2020,8,217,32,24.99000000000012,95.22,223.36,734.96,0.7374026499593379,-0.10366666666666191,24.88,equatorial
20.32,24.38,26.89,22.94,88.7,4.39,2.85,4.81,0.91,0.87,2020-08-05,Kribi,2020,8,218,32,23.23000000000012,88.95,216.35,731.24,0.7243561853195555,-0.30933333333333124,24.88,equatorial
18.02,24.2,26.99,22.59,85.86,2.42,2.79,5.62,0.9,0.86,2020-08-06,Kribi,2020,8,219,32,20.52000000000012,85.51,209.12,724.22,0.699988366133129,-0.48499999999999943,24.88,equatorial
16.47,23.96,26.54,22.3,87.62,3.06,2.54,4.47,0.9,0.86,2020-08-07,Kribi,2020,8,220,32,21.93000000000012,81.38000000000001,210.6,719.17,0.6823956522700095,-0.6726666666666681,24.88,equatorial
18.31,24.26,27.19,22.46,85.93,2.42,2.5,5.15,0.89,0.85,2020-08-08,Kribi,2020,8,221,32,23.53000000000012,69.9,207.82999999999998,711.58,0.6560890913785445,-0.3356666666666648,24.71,equatorial
15.09,24.25,26.94,22.6,87.1,2.3,2.79,5.13,0.88,0.85,2020-08-09,Kribi,2020,8,222,32,23.120000000000122,56.22,194.12,704.72,0.6323004990714416,-0.3423333333333325,24.71,equatorial
15.58,24.31,26.93,22.73,88.46,3.03,2.83,4.82,0.88,0.85,2020-08-10,Kribi,2020,8,223,33,24.850000000000122,50.449999999999996,189.74,699.31,0.6135017338763062,-0.2789999999999999,24.6,equatorial
13.87,24.49,27.43,22.93,89.67,3.08,2.57,4.35,0.88,0.85,2020-08-11,Kribi,2020,8,224,33,20.70000000000012,45.69,188.01,627.16,0.36540364901162947,-0.08633333333333226,24.49,equatorial
18.45,24.94,27.91,23.09,89.67,3.0,2.68,4.94,0.87,0.84,2020-08-12,Kribi,2020,8,225,33,19.31000000000012,42.53999999999999,183.59,628.4399999999999,0.36970179981361545,0.36100000000000065,24.94,equatorial
14.68,24.87,27.09,23.64,91.34,13.72,2.87,4.3,0.88,0.86,2020-08-13,Kribi,2020,8,226,33,30.61000000000012,51.13,177.34,634.35,0.3899150203215577,0.2746666666666684,24.94,equatorial
14.82,25.23,28.07,23.63,89.77,5.38,3.07,5.52,0.88,0.85,2020-08-14,Kribi,2020,8,227,33,32.93000000000012,54.86,174.94000000000003,631.8100000000001,0.3810726401163029,0.6149999999999984,25.23,equatorial
15.89,24.79,27.24,23.43,90.34,4.7,2.55,4.21,0.88,0.85,2020-08-15,Kribi,2020,8,228,33,35.21000000000012,58.74,176.26,634.74,0.39104244255506926,0.17433333333333323,25.23,equatorial
11.99,25.02,27.37,23.52,90.54,15.98,2.88,5.03,0.88,0.87,2020-08-16,Kribi,2020,8,229,33,48.89000000000013,72.01,186.82,649.1999999999999,0.44066881082717907,0.37633333333333496,25.23,equatorial
14.71,25.08,27.58,23.75,90.34,4.4,3.05,5.01,0.88,0.85,2020-08-17,Kribi,2020,8,230,34,50.260000000000126,75.11,189.16,643.33,0.4203468705013366,0.43266666666666254,25.23,equatorial
16.96,25.06,27.76,23.59,89.72,2.64,2.62,4.63,0.88,0.85,2020-08-18,Kribi,2020,8,231,34,49.82000000000012,70.52,190.60000000000002,644.12,0.42294499785728296,0.4036666666666662,25.23,equatorial
10.88,25.05,27.82,23.48,90.64,12.29,3.07,5.37,0.88,0.86,2020-08-19,Kribi,2020,8,232,34,59.11000000000012,78.42,190.55,654.46,0.4584096215472863,0.3823333333333352,25.23,equatorial
4.66,24.56,26.65,23.5,91.82,32.68,3.63,4.95,0.9,0.89,2020-08-20,Kribi,2020,8,233,34,78.07000000000012,108.68,210.71,683.3499999999999,0.5577160317315472,-0.10233333333333405,25.23,equatorial
13.34,24.33,26.54,23.19,91.76,26.9,2.44,3.61,0.93,0.9,2020-08-21,Kribi,2020,8,234,34,99.59000000000012,132.51999999999998,226.95,706.95,0.6387789202245658,-0.2973333333333379,25.08,equatorial
19.46,25.0,27.7,23.36,87.99,3.59,2.1,4.7,0.92,0.88,2020-08-22,Kribi,2020,8,235,34,98.48000000000012,133.69,224.67999999999998,705.36,0.6330867701652758,0.37166666666666615,25.08,equatorial
10.26,24.33,25.93,23.47,92.74,19.33,2.25,2.79,0.93,0.9,2020-08-23,Kribi,2020,8,236,34,101.83000000000011,150.72,236.82,702.0,0.6213023043881721,-0.2766666666666673,25.08,equatorial
5.57,24.52,26.72,23.28,90.1,3.62,2.34,3.96,0.93,0.89,2020-08-24,Kribi,2020,8,237,35,101.05000000000013,151.31,226.54000000000002,704.32,0.6290832975447519,-0.081666666666667,25.06,equatorial
16.64,25.23,28.53,23.14,86.76,0.96,1.84,4.52,0.92,0.88,2020-08-25,Kribi,2020,8,238,35,99.37000000000012,149.19,211.51999999999998,704.8000000000001,0.6305239109506946,0.6046666666666667,25.23,equatorial
13.91,25.13,27.56,23.65,88.56,1.6,2.34,4.43,0.92,0.87,2020-08-26,Kribi,2020,8,239,35,88.68000000000012,147.79000000000002,204.32000000000002,705.4599999999999,0.6325841677462227,0.48166666666666913,25.23,equatorial
8.06,24.8,26.94,23.76,91.59,9.14,2.5,3.68,0.92,0.88,2020-08-27,Kribi,2020,8,240,35,65.14000000000011,143.21,205.62,713.8900000000001,0.6614133818108077,0.1423333333333332,25.23,equatorial
3.76,24.66,26.33,23.68,92.63,13.14,2.62,3.4,0.93,0.89,2020-08-28,Kribi,2020,8,241,35,51.38000000000012,150.97,212.61,725.94,0.7027030600602006,-0.006999999999997897,25.23,equatorial
5.11,24.7,27.0,23.42,90.67,7.96,2.47,4.21,0.93,0.89,2020-08-29,Kribi,2020,8,242,35,55.750000000000114,154.23,215.44,730.5799999999999,0.7184384607660768,0.01933333333332854,25.23,equatorial
7.96,24.72,26.89,23.46,90.98,4.87,2.37,4.02,0.92,0.88,2020-08-30,Kribi,2020,8,243,35,41.29000000000012,143.12,218.66,723.5799999999999,0.6940508027599251,0.029666666666667396,25.23,equatorial
15.64,24.67,26.48,23.6,92.19,7.26,2.6,3.88,0.92,0.88,2020-08-31,Kribi,2020,8,244,36,44.93000000000012,145.98000000000002,225.10000000000002,716.9499999999999,0.6709497101557516,-0.013333333333331865,25.23,equatorial
14.57,24.44,26.26,23.48,92.18,17.05,2.57,3.61,0.93,0.9,2020-09-01,Kribi,2020,9,245,36,61.020000000000124,160.39,239.44,729.35,0.7134613141912699,-0.23633333333333084,25.13,equatorial
17.13,24.72,26.71,23.48,91.5,4.02,2.24,3.54,0.93,0.89,2020-09-02,Kribi,2020,9,246,36,63.44000000000012,152.12,242.16,729.72,0.714477189110763,0.043333333333333,24.8,equatorial
13.73,24.78,27.0,23.67,92.45,37.59,2.16,3.27,0.94,0.92,2020-09-03,Kribi,2020,9,247,36,91.89000000000013,157.03,272.52,759.22,0.8159284017745966,0.09733333333333505,24.78,equatorial
13.02,24.73,27.0,23.65,92.29,15.5,2.55,4.08,0.96,0.92,2020-09-04,Kribi,2020,9,248,36,94.25000000000013,145.63,283.63,771.8000000000001,0.8589746151712702,0.03566666666666407,24.78,equatorial
6.59,24.19,25.76,23.37,92.66,19.1,2.72,3.8,0.97,0.93,2020-09-05,Kribi,2020,9,249,36,105.39000000000013,161.14000000000001,300.31,785.3800000000001,0.9054369979009074,-0.5040000000000013,24.78,equatorial
15.13,24.42,26.26,23.12,91.36,13.82,2.24,3.63,0.97,0.93,2020-09-06,Kribi,2020,9,250,36,114.34000000000013,155.63,311.07,764.11,0.8316996864760172,-0.28933333333333167,24.78,equatorial
9.27,24.68,27.01,23.4,90.46,11.6,2.44,4.53,0.97,0.93,2020-09-07,Kribi,2020,9,251,37,118.68000000000012,163.60999999999999,320.25,767.64,0.8435341287251877,-0.043333333333333,24.78,equatorial
14.13,24.99,27.84,23.33,89.25,3.57,2.85,5.91,0.97,0.92,2020-09-08,Kribi,2020,9,252,37,105.20000000000013,166.22000000000003,321.52000000000004,766.37,0.8388069780595505,0.24200000000000088,24.99,equatorial
16.15,24.91,27.59,23.4,89.77,3.98,2.39,4.91,0.96,0.92,2020-09-09,Kribi,2020,9,253,37,105.16000000000012,168.6,322.47,764.8299999999999,0.8331519833020634,0.1419999999999959,24.99,equatorial
11.06,24.77,27.24,23.41,90.3,4.68,2.5,4.82,0.96,0.91,2020-09-10,Kribi,2020,9,254,37,72.25000000000013,164.14000000000001,324.07,759.7700000000001,0.8153594909780758,-0.00733333333333519,24.99,equatorial
11.29,24.47,25.81,23.59,93.24,10.88,2.27,2.87,0.96,0.92,2020-09-11,Kribi,2020,9,255,37,67.63000000000012,161.88,331.95000000000005,768.5400000000001,0.8452856752854494,-0.2916666666666643,24.99,equatorial
11.46,24.49,26.24,23.54,92.93,17.39,2.42,3.61,0.97,0.92,2020-09-12,Kribi,2020,9,256,37,65.92000000000013,171.31,335.62,783.14,0.8953016473853945,-0.25900000000000034,24.99,equatorial
12.97,24.61,26.62,23.56,92.55,15.96,2.32,3.8,0.97,0.93,2020-09-13,Kribi,2020,9,257,37,68.06000000000012,182.4,346.2,795.47,0.9374474651715404,-0.11833333333333229,24.99,equatorial
11.93,24.99,27.51,23.53,90.94,14.2,2.28,4.75,0.97,0.93,2020-09-14,Kribi,2020,9,258,38,70.66000000000012,189.34,355.7,802.58,0.96155089115251,0.254999999999999,24.99,equatorial
12.78,24.8,27.0,23.49,92.23,8.3,2.47,4.07,0.97,0.93,2020-09-15,Kribi,2020,9,259,38,75.39000000000013,180.59,348.02,806.0100000000001,0.9729389026426427,0.07233333333333292,24.99,equatorial
19.5,24.85,27.31,23.55,91.02,6.94,2.4,4.28,0.97,0.93,2020-09-16,Kribi,2020,9,260,38,78.35000000000012,183.51,350.56,809.32,0.9839027739191721,0.1300000000000061,24.99,equatorial
14.54,25.15,27.98,23.49,89.45,7.89,2.16,5.0,0.97,0.92,2020-09-17,Kribi,2020,9,261,38,81.56000000000012,153.81,355.81,811.03,0.9893375310097197,0.42699999999999605,25.15,equatorial
11.23,25.1,27.08,23.93,90.85,7.49,1.75,3.54,0.97,0.92,2020-09-18,Kribi,2020,9,262,38,78.17000000000013,145.8,351.01,810.45,0.9868681576411305,0.37533333333333374,25.15,equatorial
10.45,24.95,27.35,23.66,92.25,10.69,2.4,4.3,0.97,0.92,2020-09-19,Kribi,2020,9,263,38,71.47000000000013,137.39000000000001,329.02,807.96,0.9778127275562312,0.21233333333333348,25.15,equatorial
10.7,24.7,26.61,23.58,93.1,10.9,2.35,3.53,0.97,0.92,2020-09-20,Kribi,2020,9,264,38,66.41000000000012,134.47,313.02000000000004,813.97,0.9980868896016394,-0.05000000000000071,25.15,equatorial
18.1,24.87,27.15,23.56,90.14,5.51,2.07,4.25,0.97,0.92,2020-09-21,Kribi,2020,9,265,39,57.72000000000012,128.38,314.94,813.66,0.99654125074048,0.12433333333333252,25.15,equatorial
16.65,25.38,27.98,23.7,87.12,2.31,2.02,4.68,0.96,0.91,2020-09-22,Kribi,2020,9,266,39,51.73000000000012,127.12,297.92,806.25,0.9705054304962096,0.5993333333333304,25.38,equatorial
12.4,24.66,26.85,23.47,90.52,11.54,1.77,3.65,0.96,0.92,2020-09-23,Kribi,2020,9,267,39,56.330000000000126,134.68,305.84,802.63,0.9575674030650512,-0.12533333333333374,25.38,equatorial
16.89,25.12,28.3,23.39,88.21,10.24,1.94,4.91,0.96,0.92,2020-09-24,Kribi,2020,9,268,39,58.68000000000012,140.24,315.12,778.57,0.8741223777392255,0.33833333333333115,25.38,equatorial
19.63,24.67,26.64,23.49,90.81,10.3,1.86,3.58,0.97,0.92,2020-09-25,Kribi,2020,9,269,39,61.49000000000012,139.66,323.82,786.5600000000001,0.901322448280037,-0.09633333333333027,25.38,equatorial
6.5,24.59,26.5,23.46,90.18,6.5,2.09,3.69,0.97,0.92,2020-09-26,Kribi,2020,9,270,39,57.300000000000125,128.77,321.18,792.02,0.9197718701127499,-0.16933333333333422,25.38,equatorial
11.68,24.78,27.42,23.28,89.35,11.33,2.59,5.82,0.96,0.92,2020-09-27,Kribi,2020,9,271,39,57.73000000000012,124.13999999999999,319.37,798.96,0.9433129121615338,0.016666666666669272,25.38,equatorial
15.53,24.72,27.14,23.25,90.78,8.3,2.69,5.31,0.96,0.92,2020-09-28,Kribi,2020,9,272,40,60.520000000000124,118.24000000000001,319.71,797.45,0.9376779663690967,-0.04400000000000048,25.38,equatorial
16.24,24.95,27.69,23.4,89.02,3.76,2.11,4.7,0.96,0.91,2020-09-29,Kribi,2020,9,273,40,61.97000000000013,113.69999999999999,318.59999999999997,798.06,0.9393631510962989,0.178333333333331,25.12,equatorial
21.41,24.94,27.12,23.44,88.78,3.96,2.06,4.44,0.96,0.91,2020-09-30,Kribi,2020,9,274,40,54.39000000000012,110.72,315.3,782.51,0.885282622943068,0.1593333333333362,25.12,equatorial
19.18,24.87,27.06,23.55,89.3,2.72,1.88,3.33,0.95,0.9,2020-10-01,Kribi,2020,10,275,40,46.870000000000125,105.55,300.96999999999997,768.99,0.8382469686286972,0.07499999999999929,24.95,equatorial
13.81,25.28,27.89,23.62,89.74,5.47,2.23,4.64,0.95,0.9,2020-10-02,Kribi,2020,10,276,40,42.04000000000012,103.53,302.42,766.38,0.8288990179593098,0.4663333333333348,25.28,equatorial
17.9,25.68,28.12,24.09,89.16,2.45,1.5,3.54,0.95,0.9,2020-10-03,Kribi,2020,10,277,40,37.99000000000012,95.29,267.28000000000003,763.16,0.8174516739193111,0.8363333333333323,25.68,equatorial
16.32,26.06,28.95,24.37,88.64,4.62,1.56,4.06,0.95,0.9,2020-10-04,Kribi,2020,10,278,40,31.280000000000122,89.00999999999999,256.4,756.38,0.793721843366465,1.1720000000000006,26.06,equatorial
15.14,25.88,27.96,24.54,89.02,4.13,1.47,2.82,0.94,0.89,2020-10-05,Kribi,2020,10,279,41,27.11000000000012,87.63000000000001,241.43,750.86,0.7743563820761188,0.9356666666666698,26.06,equatorial
8.03,24.85,26.38,23.73,91.98,10.21,2.4,3.39,0.94,0.9,2020-10-06,Kribi,2020,10,280,41,33.56000000000012,95.53,237.82000000000002,759.49,0.8038607656429082,-0.10866666666666447,26.06,equatorial
22.13,25.26,28.22,23.5,84.01,2.29,2.11,5.9,0.94,0.89,2020-10-07,Kribi,2020,10,281,41,31.89000000000012,86.28,228.51000000000002,756.59,0.7935327005405002,0.28200000000000003,26.06,equatorial
21.77,25.95,29.41,23.71,83.04,1.07,1.28,4.82,0.94,0.89,2020-10-08,Kribi,2020,10,282,41,30.24000000000012,77.11,226.01,741.6500000000001,0.7416297843761026,0.9399999999999977,26.06,equatorial
9.96,25.64,28.0,24.18,86.77,2.09,1.71,4.29,0.93,0.88,2020-10-09,Kribi,2020,10,283,41,26.86000000000012,68.9,224.12,736.3299999999999,0.7229816909904704,0.6056666666666679,26.06,equatorial
15.94,24.93,26.8,23.7,88.72,2.47,1.68,3.03,0.92,0.88,2020-10-10,Kribi,2020,10,284,41,26.880000000000123,64.87,221.91,733.99,0.7146373339943308,-0.10966666666666569,26.06,equatorial
10.99,25.16,27.8,23.58,87.76,2.67,2.0,4.32,0.92,0.87,2020-10-11,Kribi,2020,10,285,41,24.93000000000012,56.21,213.70000000000002,729.24,0.6979706686319889,0.0973333333333315,25.95,equatorial
14.15,25.19,27.86,23.43,87.73,1.04,2.46,4.64,0.92,0.87,2020-10-12,Kribi,2020,10,286,42,21.84000000000012,48.949999999999996,197.35,710.3100000000001,0.6323122123114179,0.1039999999999992,25.95,equatorial
16.62,24.76,26.35,23.82,92.88,7.26,2.14,2.85,0.91,0.87,2020-10-13,Kribi,2020,10,287,42,18.89000000000012,52.45,188.65,709.7900000000001,0.6303056362262389,-0.3309999999999995,25.95,equatorial
13.08,24.79,26.68,23.81,92.42,6.04,2.13,3.15,0.92,0.87,2020-10-14,Kribi,2020,10,288,42,22.64000000000012,54.53,180.48999999999998,712.45,0.6392919129165,-0.2943333333333342,25.95,equatorial
10.87,24.91,26.55,23.66,91.93,10.42,2.12,3.37,0.92,0.88,2020-10-15,Kribi,2020,10,289,42,31.990000000000123,62.230000000000004,182.61,717.4499999999999,0.6563642392735898,-0.17800000000000082,25.64,equatorial
15.56,24.79,26.51,23.86,91.99,11.99,2.46,3.96,0.93,0.89,2020-10-16,Kribi,2020,10,290,42,41.89000000000012,68.75,187.66000000000003,727.38,0.6904745449190689,-0.2960000000000029,25.19,equatorial
13.96,25.31,26.94,23.86,88.11,4.22,1.63,3.01,0.93,0.88,2020-10-17,Kribi,2020,10,291,42,43.64000000000012,70.52,183.99,730.4,0.7006762457377932,0.2186666666666639,25.31,equatorial
19.37,26.24,29.68,24.07,86.67,4.95,1.77,5.46,0.93,0.88,2020-10-18,Kribi,2020,10,292,42,45.92000000000012,70.85000000000001,181.45,723.01,0.674873462029653,1.110666666666667,26.24,equatorial
8.2,25.94,28.54,24.41,89.57,2.98,2.17,4.19,0.92,0.87,2020-10-19,Kribi,2020,10,293,43,47.86000000000012,69.7,173.73999999999998,713.47,0.6416451763838431,0.7776666666666685,26.24,equatorial
16.0,25.11,26.27,23.98,94.5,4.47,2.34,2.21,0.92,0.88,2020-10-20,Kribi,2020,10,294,43,45.07000000000012,63.96000000000001,167.31,707.28,0.6200183516063893,-0.06599999999999895,26.24,equatorial
15.75,25.13,27.53,23.79,88.9,1.48,2.15,4.04,0.92,0.87,2020-10-21,Kribi,2020,10,295,43,40.51000000000012,63.15,163.28,702.9,0.6046617422803343,-0.054666666666665975,26.24,equatorial
21.76,25.03,27.37,23.48,89.19,2.09,1.93,3.57,0.91,0.87,2020-10-22,Kribi,2020,10,296,43,32.18000000000012,64.17,163.06,697.8000000000001,0.5868189023893747,-0.14299999999999713,26.24,equatorial
4.92,25.43,27.98,24.2,90.78,9.15,2.56,4.44,0.91,0.88,2020-10-23,Kribi,2020,10,297,43,29.340000000000117,71.23,160.67,693.05,0.5701932088109827,0.23133333333333184,26.24,equatorial
16.17,25.14,26.65,24.13,93.09,6.41,2.38,3.0,0.92,0.87,2020-10-24,Kribi,2020,10,298,43,31.530000000000122,75.17,156.84,683.48,0.5368872966350937,-0.05933333333333479,26.24,equatorial
13.97,25.44,27.49,24.11,92.13,16.57,1.95,3.41,0.92,0.89,2020-10-25,Kribi,2020,10,299,43,43.15000000000012,89.07,163.11,691.25,0.5636262812524021,0.21499999999999986,25.94,equatorial
11.02,25.6,27.63,24.38,92.92,38.42,2.18,3.47,0.94,0.91,2020-10-26,Kribi,2020,10,300,44,78.59000000000012,126.44999999999999,195.03,721.8299999999999,0.6693384592771829,0.3413333333333348,25.6,equatorial
16.63,25.94,28.3,24.49,89.65,33.84,1.73,3.56,0.98,0.94,2020-10-27,Kribi,2020,10,301,44,107.96000000000012,153.03,217.54,749.52,0.7649939153774008,0.6426666666666669,25.94,equatorial
5.41,25.59,27.57,24.44,90.76,6.57,1.67,3.44,0.97,0.92,2020-10-28,Kribi,2020,10,302,44,113.05000000000013,153.56,215.81,750.96,0.7696956139516529,0.26366666666666916,25.94,equatorial
6.83,25.31,27.49,23.97,90.29,5.33,1.73,3.49,0.97,0.92,2020-10-29,Kribi,2020,10,303,44,116.29000000000012,148.47,217.38,754.64,0.7821523881705383,-0.028333333333332433,25.94,equatorial
21.8,26.88,30.74,24.44,82.15,2.75,1.17,5.87,0.96,0.92,2020-10-30,Kribi,2020,10,304,44,109.89000000000013,139.23,216.17000000000002,756.5699999999999,0.7885410393217225,1.4769999999999968,26.88,equatorial
6.28,25.71,28.03,24.23,92.44,15.22,2.02,3.33,0.96,0.92,2020-10-31,Kribi,2020,10,305,44,118.70000000000012,150.23,228.67000000000002,769.08,0.831571817679657,0.27900000000000347,26.88,equatorial
7.19,25.39,27.39,24.34,92.59,17.67,2.03,3.3,0.97,0.93,2020-11-01,Kribi,2020,11,306,44,119.80000000000013,162.95000000000002,240.87,785.4499999999999,0.8879434321320665,-0.044666666666667965,26.88,equatorial
12.99,25.52,27.96,23.94,89.28,3.39,1.77,3.38,0.97,0.92,2020-11-02,Kribi,2020,11,307,45,84.77000000000012,163.36,241.81,781.6100000000001,0.8742701772479149,0.09066666666666734,26.88,equatorial
16.07,26.78,30.03,24.88,84.79,1.11,1.16,4.15,0.97,0.92,2020-11-03,Kribi,2020,11,308,45,52.04000000000013,160.00000000000003,238.3,778.3299999999999,0.8625466912816998,1.326666666666668,26.88,equatorial
13.04,25.79,27.36,24.79,93.52,39.78,1.97,2.82,0.97,0.94,2020-11-04,Kribi,2020,11,309,45,85.25000000000013,198.3,273.95,815.69,0.9916102144120248,0.3396666666666661,26.88,equatorial
15.28,26.11,28.44,24.83,90.03,1.79,1.77,3.29,0.98,0.93,2020-11-05,Kribi,2020,11,310,45,81.71000000000014,198.0,265.53000000000003,814.4200000000001,0.986751004078198,0.6176666666666684,26.88,equatorial
17.7,26.38,28.85,24.59,87.82,3.79,1.39,3.44,0.98,0.93,2020-11-06,Kribi,2020,11,311,45,82.75000000000013,192.64000000000001,267.03000000000003,815.79,0.9910408066670011,0.8503333333333316,26.78,equatorial
14.66,26.03,28.69,24.5,89.36,5.23,2.13,4.69,0.97,0.93,2020-11-07,Kribi,2020,11,312,45,72.76000000000013,191.46,271.19,818.72,1.0007303065156208,0.4976666666666709,26.78,equatorial
16.2,25.47,28.01,24.21,88.29,3.77,2.38,5.05,0.97,0.92,2020-11-08,Kribi,2020,11,313,45,58.86000000000013,178.66,272.87,819.46,1.0028253804428269,-0.05666666666666487,26.78,equatorial
18.49,25.48,28.37,23.67,89.87,4.95,2.32,4.42,0.96,0.92,2020-11-09,Kribi,2020,11,314,46,60.42000000000013,145.19000000000003,275.35,821.33,1.0088326752743308,-0.06500000000000128,26.78,equatorial
20.18,25.79,28.17,24.24,87.7,4.57,1.7,3.63,0.96,0.91,2020-11-10,Kribi,2020,11,315,46,63.88000000000012,115.92000000000002,277.25,822.9000000000001,1.0137953574103036,0.22400000000000375,26.38,equatorial
19.95,26.48,29.69,24.45,85.61,2.72,1.69,4.51,0.96,0.91,2020-11-11,Kribi,2020,11,316,46,26.82000000000012,112.07000000000001,278.93000000000006,811.9,0.9752146718496653,0.8710000000000022,26.48,equatorial
8.87,26.98,30.23,25.12,84.95,3.29,1.54,4.52,0.96,0.9,2020-11-12,Kribi,2020,11,317,46,28.320000000000125,110.03000000000002,274.96,809.8100000000001,0.9675313492614583,1.2970000000000006,26.98,equatorial
12.13,26.81,29.74,25.36,88.64,5.02,1.68,3.79,0.95,0.9,2020-11-13,Kribi,2020,11,318,46,29.550000000000118,112.30000000000001,273.94,810.1300000000001,0.9682030498549762,1.0596666666666614,26.98,equatorial
19.77,26.55,29.27,25.07,88.67,3.49,1.75,3.8,0.95,0.9,2020-11-14,Kribi,2020,11,319,46,27.810000000000123,100.57000000000001,267.01,797.6400000000001,0.9244993773423705,0.745000000000001,26.98,equatorial
19.85,26.67,30.13,24.73,85.85,3.87,1.64,4.56,0.95,0.9,2020-11-15,Kribi,2020,11,320,46,27.91000000000012,86.77000000000001,258.89,797.11,0.9222638741116287,0.8023333333333369,26.98,equatorial
14.96,25.84,28.4,24.47,88.1,4.36,2.25,4.22,0.94,0.89,2020-11-16,Kribi,2020,11,321,47,27.32000000000012,87.74000000000001,259.03,798.8299999999999,0.9278253155065886,-0.04533333333333189,26.98,equatorial
19.74,26.15,28.41,24.51,84.15,0.47,1.8,3.27,0.94,0.89,2020-11-17,Kribi,2020,11,322,47,23.22000000000012,87.10000000000001,254.55,787.01,0.8864716683534558,0.2676666666666634,26.98,equatorial
17.29,26.46,29.24,24.92,87.7,0.88,1.92,3.34,0.93,0.88,2020-11-18,Kribi,2020,11,323,47,21.380000000000123,48.2,252.45000000000002,755.21,0.775912795580161,0.5603333333333325,26.98,equatorial
16.75,26.17,28.32,24.97,88.47,0.67,2.21,3.51,0.93,0.88,2020-11-19,Kribi,2020,11,324,47,18.76000000000012,47.080000000000005,248.65000000000003,728.98,0.6847153759897452,0.23500000000000298,26.81,equatorial
18.09,26.12,28.83,24.43,87.7,0.48,1.96,3.61,0.92,0.87,2020-11-20,Kribi,2020,11,325,47,14.220000000000121,43.77,247.65,725.8700000000001,0.6737010682121418,0.15200000000000102,26.67,equatorial
11.54,26.15,28.23,24.82,88.89,0.4,1.71,2.26,0.92,0.87,2020-11-21,Kribi,2020,11,326,47,11.130000000000122,38.94,245.96,706.94,0.607843500408791,0.14466666666666583,26.67,equatorial
10.52,26.76,28.8,25.29,88.77,6.75,1.77,3.39,0.91,0.87,2020-11-22,Kribi,2020,11,327,47,14.010000000000122,41.92,243.56000000000003,710.07,0.6185037502583445,0.7103333333333346,26.76,equatorial
16.61,26.49,28.82,25.26,89.85,1.02,1.95,2.82,0.91,0.87,2020-11-23,Kribi,2020,11,328,48,10.670000000000122,37.99,238.17,710.13,0.6185133849519422,0.3953333333333333,26.76,equatorial
16.74,26.34,28.95,24.7,89.49,0.8,2.2,3.54,0.91,0.86,2020-11-24,Kribi,2020,11,329,48,11.00000000000012,34.22,222.4,709.33,0.6155401716209298,0.2153333333333336,26.76,equatorial
17.55,26.85,30.45,24.91,86.42,1.23,1.83,4.46,0.9,0.86,2020-11-25,Kribi,2020,11,330,48,11.35000000000012,32.730000000000004,185.21,701.42,0.5879027160521385,0.6836666666666673,26.85,equatorial
16.89,26.31,29.25,24.71,88.93,1.72,2.18,4.05,0.9,0.86,2020-11-26,Kribi,2020,11,331,48,12.400000000000121,31.16,153.09,690.0,0.54809502828962,0.13133333333333397,26.85,equatorial
17.38,26.12,28.37,24.84,90.28,4.56,2.22,3.58,0.89,0.86,2020-11-27,Kribi,2020,11,332,48,16.48000000000012,30.7,151.07999999999998,686.6,0.536130681204103,-0.0763333333333307,26.85,equatorial
18.38,26.2,28.77,24.64,88.65,3.66,1.97,3.56,0.89,0.86,2020-11-28,Kribi,2020,11,333,48,19.74000000000012,30.87,149.41000000000003,685.3900000000001,0.5317710056978016,-0.0259999999999998,26.85,equatorial
21.27,26.88,29.99,24.99,84.63,2.42,1.51,3.83,0.89,0.85,2020-11-29,Kribi,2020,11,334,48,15.41000000000012,29.42,149.08,680.5500000000001,0.5148107585889171,0.6539999999999999,26.88,equatorial
16.7,27.05,30.51,25.11,84.53,4.92,1.45,4.61,0.89,0.85,2020-11-30,Kribi,2020,11,335,49,19.31000000000012,29.98,138.78,668.42,0.47254195791318643,0.7793333333333337,27.05,equatorial
18.71,26.57,29.52,24.69,87.71,6.99,1.97,4.46,0.89,0.86,2020-12-01,Kribi,2020,12,336,49,25.50000000000012,36.5,128.10000000000002,671.39,0.4827227993418066,0.26000000000000156,27.05,equatorial
19.05,26.48,29.81,24.81,88.27,0.96,2.47,4.38,0.88,0.85,2020-12-02,Kribi,2020,12,337,49,25.230000000000118,36.58,125.67000000000002,634.76,0.3553460361738853,0.13800000000000168,27.05,equatorial
20.5,26.45,29.63,24.71,87.42,0.48,2.48,4.29,0.88,0.84,2020-12-03,Kribi,2020,12,338,49,23.99000000000012,36.39,125.04,619.74,0.30306658273156356,0.11899999999999977,27.05,equatorial
19.68,26.54,29.72,24.65,85.75,0.54,1.99,3.99,0.87,0.84,2020-12-04,Kribi,2020,12,339,49,19.97000000000012,36.45,85.8,601.1800000000001,0.2384883283404353,0.1839999999999975,27.05,equatorial
20.0,26.41,29.7,24.42,85.65,0.49,2.05,4.19,0.86,0.83,2020-12-05,Kribi,2020,12,340,49,16.80000000000012,36.54,84.5,587.85,0.192093231037263,0.04400000000000048,27.05,equatorial
15.35,26.86,30.17,24.72,82.5,0.67,1.44,3.8,0.86,0.83,2020-12-06,Kribi,2020,12,341,49,15.050000000000122,30.46,81.38,576.92,0.15404419830995866,0.477999999999998,27.05,equatorial
11.41,26.02,29.14,24.36,88.22,1.23,2.37,4.2,0.85,0.83,2020-12-07,Kribi,2020,12,342,50,11.36000000000012,30.669999999999998,77.38000000000001,574.58,0.14586989411016643,-0.36166666666666814,26.86,equatorial
18.07,26.05,28.71,24.36,88.7,0.58,2.31,3.16,0.85,0.82,2020-12-08,Kribi,2020,12,343,50,4.950000000000121,30.450000000000003,74.19,571.1800000000001,0.13400850115062926,-0.3509999999999991,26.86,equatorial
19.53,26.55,30.07,24.44,86.56,0.5,2.32,4.51,0.84,0.82,2020-12-09,Kribi,2020,12,344,50,4.490000000000121,29.720000000000002,69.74000000000001,567.0,0.11943341810106012,0.11333333333333329,26.86,equatorial
16.05,25.84,27.47,24.79,90.71,0.68,2.24,2.23,0.84,0.82,2020-12-10,Kribi,2020,12,345,50,4.69000000000012,28.68,65.85,556.8,0.08390800161441285,-0.5983333333333363,26.86,equatorial
16.62,25.75,27.88,24.76,90.65,0.74,2.35,2.49,0.84,0.82,2020-12-11,Kribi,2020,12,346,50,4.890000000000121,24.86,63.870000000000005,540.15,0.02593050945371629,-0.6640000000000015,26.86,equatorial
17.55,25.91,28.38,24.49,89.11,2.55,2.22,3.18,0.83,0.82,2020-12-12,Kribi,2020,12,347,50,6.950000000000121,23.75,63.13,526.74,-0.020766035777060845,-0.4683333333333337,26.86,equatorial
14.37,25.48,27.33,24.31,90.4,2.1,2.04,2.35,0.83,0.82,2020-12-13,Kribi,2020,12,348,50,8.380000000000122,23.43,60.21,514.64,-0.06290036560024488,-0.8539999999999992,26.55,equatorial
13.34,26.08,28.69,24.48,88.39,2.59,2.18,3.47,0.83,0.82,2020-12-14,Kribi,2020,12,349,51,9.740000000000121,21.1,59.309999999999995,508.93,-0.08277584650619534,-0.23833333333333329,26.55,equatorial
15.87,25.97,28.18,24.74,90.1,2.93,1.94,2.55,0.83,0.82,2020-12-15,Kribi,2020,12,350,51,12.09000000000012,17.04,58.37,504.92,-0.09672814813407567,-0.32500000000000284,26.55,equatorial
13.53,26.29,28.53,24.81,87.73,2.17,1.67,2.53,0.83,0.82,2020-12-16,Kribi,2020,12,351,51,13.76000000000012,18.25,56.18,499.20000000000005,-0.11663957216587868,-0.019999999999999574,26.29,equatorial
18.95,25.79,27.14,25.1,92.82,0.53,2.41,1.61,0.83,0.81,2020-12-17,Kribi,2020,12,352,51,13.61000000000012,18.299999999999997,56.24,492.24,-0.1408730173367507,-0.5080000000000027,26.29,equatorial
16.76,25.49,27.09,24.56,90.31,0.1,2.18,2.11,0.83,0.81,2020-12-18,Kribi,2020,12,353,51,12.970000000000121,17.86,55.46,481.65000000000003,-0.17776187574356914,-0.7756666666666696,26.29,equatorial
15.32,26.1,29.0,24.26,87.89,0.15,2.28,3.34,0.82,0.81,2020-12-19,Kribi,2020,12,354,51,10.570000000000121,17.52,54.94,470.9,-0.21520747866054404,-0.16333333333333044,26.29,equatorial
17.15,26.09,28.84,24.36,87.14,0.1,2.06,3.29,0.82,0.8,2020-12-20,Kribi,2020,12,355,51,8.570000000000121,16.95,54.56,465.49,-0.2340257297488824,-0.17233333333333434,26.29,equatorial
18.43,26.07,27.96,24.82,88.6,0.14,1.85,1.82,0.81,0.8,2020-12-21,Kribi,2020,12,356,52,6.120000000000121,15.86,54.300000000000004,463.32,-0.2415396652562523,-0.18966666666666754,26.29,equatorial
18.0,26.27,28.45,25.0,89.0,0.08,1.92,2.3,0.81,0.8,2020-12-22,Kribi,2020,12,357,52,3.270000000000121,15.360000000000001,47.63,451.86,-0.2814699556654732,0.026666666666667282,26.29,equatorial
17.08,26.72,30.03,24.76,87.11,0.06,2.11,3.61,0.81,0.8,2020-12-23,Kribi,2020,12,358,52,1.160000000000121,14.92,46.67,441.68,-0.3169297760722351,0.46899999999999764,26.72,equatorial
17.23,26.66,29.53,24.87,87.84,0.11,2.06,3.32,0.8,0.79,2020-12-24,Kribi,2020,12,359,52,0.7400000000001208,14.35,45.980000000000004,431.49,-0.35242102064869774,0.39833333333333343,26.72,equatorial
13.29,26.93,30.02,25.15,85.8,0.08,1.75,3.36,0.8,0.79,2020-12-25,Kribi,2020,12,360,52,0.7200000000001209,13.69,44.83,425.07,-0.37474541031030423,0.6656666666666666,26.93,equatorial
15.45,26.85,29.98,25.24,86.12,0.07,2.23,3.71,0.79,0.79,2020-12-26,Kribi,2020,12,361,52,0.6400000000001208,11.21,43.18,413.81000000000006,-0.41396834702175345,0.5676666666666677,26.93,equatorial
17.02,26.81,30.35,24.77,85.28,0.04,2.21,4.13,0.79,0.78,2020-12-27,Kribi,2020,12,362,52,0.5800000000001209,9.15,38.660000000000004,405.55,-0.44270691743191265,0.5046666666666617,26.93,equatorial
16.12,26.86,30.0,25.08,86.21,0.04,2.21,3.69,0.78,0.78,2020-12-28,Kribi,2020,12,363,53,0.48000000000012083,6.6000000000000005,35.04,401.83000000000004,-0.4555809246267719,0.5326666666666675,26.93,equatorial
17.52,27.14,30.88,25.2,85.64,0.05,1.85,3.55,0.78,0.78,2020-12-29,Kribi,2020,12,364,53,0.4500000000001208,3.72,32.67,397.92,-0.4691163520105365,0.8039999999999985,27.14,equatorial
17.67,27.26,30.39,25.28,86.01,0.05,2.03,3.76,0.78,0.77,2020-12-30,Kribi,2020,12,365,53,0.44000000000012085,1.6,27.8,395.25,-0.47831597557184324,0.916999999999998,27.26,equatorial
16.01,27.3,30.55,25.71,85.45,0.06,1.8,3.27,0.77,0.77,2020-12-31,Kribi,2020,12,366,53,0.3900000000001208,1.1300000000000001,20.87,389.84,-0.4970901240290958,0.9326666666666696,27.3,equatorial
15.09,26.54,28.57,25.34,89.41,0.11,2.2,2.27,0.77,0.77,2021-01-01,Kribi,2021,1,1,53,0.42000000000012083,1.14,20.02,387.5,-0.5051285510681455,0.1706666666666692,27.3,equatorial
16.95,26.87,29.83,25.06,86.98,0.07,2.13,3.41,0.77,0.77,2021-01-02,Kribi,2021,1,2,53,0.42000000000012083,1.06,19.61,382.95,-0.5208917086439184,0.48666666666666814,27.3,equatorial
18.92,26.7,29.68,24.9,86.28,0.16,1.84,3.0,0.76,0.77,2021-01-03,Kribi,2021,1,3,53,0.5400000000001208,1.12,19.23,378.98,-0.5346228871094169,0.3113333333333337,27.3,equatorial
17.24,26.9,29.72,25.25,85.64,0.11,1.66,2.82,0.76,0.76,2021-01-04,Kribi,2021,1,4,1,0.6100000000001208,1.09,18.849999999999998,368.88000000000005,-0.569788424892818,0.495000000000001,27.3,equatorial
19.95,26.71,29.16,25.28,88.64,0.15,1.94,2.52,0.76,0.76,2021-01-05,Kribi,2021,1,5,1,0.7100000000001208,1.16,18.330000000000002,366.74,-0.5771017928628411,0.3100000000000023,27.3,equatorial
9.43,27.03,29.98,25.48,88.01,4.09,1.77,2.82,0.76,0.77,2021-01-06,Kribi,2021,1,6,1,4.750000000000121,5.1899999999999995,21.19,369.76,-0.566362122463651,0.5963333333333338,27.3,equatorial
15.7,26.09,28.36,25.05,91.29,4.28,2.39,2.44,0.76,0.78,2021-01-07,Kribi,2021,1,7,1,8.970000000000121,9.36,24.89,371.95,-0.5585296723634688,-0.3450000000000024,27.03,equatorial
17.96,26.58,29.58,24.86,87.77,1.99,2.29,3.38,0.76,0.77,2021-01-08,Kribi,2021,1,8,1,10.85000000000012,11.27,26.38,371.47,-0.5600428715977509,0.1440000000000019,27.03,equatorial
18.84,27.38,31.19,25.04,82.16,1.27,1.98,4.94,0.76,0.76,2021-01-09,Kribi,2021,1,9,1,12.050000000000122,12.469999999999999,26.97,370.07,-0.5647756562266718,0.8926666666666705,27.38,equatorial
19.15,27.15,30.93,25.12,83.3,2.75,1.95,5.18,0.75,0.76,2021-01-10,Kribi,2021,1,10,1,14.640000000000121,15.18,28.98,371.78000000000003,-0.5586207705679169,0.6159999999999997,27.38,equatorial
19.38,26.95,30.63,24.75,84.07,0.07,2.14,4.39,0.75,0.75,2021-01-11,Kribi,2021,1,11,2,14.60000000000012,15.209999999999999,26.5,364.59,-0.5836264825246005,0.38133333333333397,27.38,equatorial
17.1,26.94,30.27,24.87,84.73,0.05,2.41,4.38,0.74,0.75,2021-01-12,Kribi,2021,1,12,2,14.50000000000012,15.209999999999999,24.45,358.6,-0.604422638092792,0.3226666666666702,27.38,equatorial
13.46,26.65,29.72,24.98,84.87,0.05,2.61,4.13,0.74,0.74,2021-01-13,Kribi,2021,1,13,2,10.460000000000122,15.209999999999999,21.91,348.23,-0.6405498482973138,0.013666666666665606,27.38,equatorial
20.18,26.3,29.7,23.89,84.08,0.02,2.38,4.21,0.73,0.74,2021-01-14,Kribi,2021,1,14,2,6.200000000000121,15.17,19.0,336.26,-0.6822666043260159,-0.3473333333333315,27.38,equatorial
19.45,26.27,29.0,24.6,85.59,0.03,1.97,2.88,0.73,0.74,2021-01-15,Kribi,2021,1,15,2,4.24000000000012,15.09,16.86,332.07000000000005,-0.696715801827157,-0.3766666666666687,27.38,equatorial
16.38,26.63,30.21,24.43,83.84,0.0,2.06,3.79,0.73,0.74,2021-01-16,Kribi,2021,1,16,2,2.970000000000121,15.02,16.33,327.12,-0.7138208665026008,-0.044666666666667965,27.15,equatorial
17.85,26.78,30.39,24.85,83.1,0.0,2.03,3.98,0.72,0.73,2021-01-17,Kribi,2021,1,17,2,0.2200000000001208,14.86,16.229999999999997,324.14000000000004,-0.7240166950407024,0.062333333333334906,26.95,equatorial
19.6,26.8,30.13,24.87,84.54,0.0,2.29,3.82,0.72,0.73,2021-01-18,Kribi,2021,1,18,3,0.1500000000001208,14.75,16.08,319.67,-0.7394280828904101,0.05900000000000105,26.94,equatorial
15.06,26.58,29.43,24.93,86.34,0.0,2.31,3.42,0.72,0.73,2021-01-19,Kribi,2021,1,19,3,0.1000000000001208,14.6,15.98,318.19000000000005,-0.7443552749015165,-0.1773333333333369,26.8,equatorial
20.48,27.0,30.84,24.65,83.28,0.0,1.89,4.13,0.71,0.72,2021-01-20,Kribi,2021,1,20,3,0.050000000000120795,10.510000000000002,15.84,316.1,-0.75141771041143,0.211666666666666,27.0,equatorial
18.66,27.02,30.61,24.94,84.21,0.43,1.96,3.9,0.71,0.72,2021-01-21,Kribi,2021,1,21,3,0.4600000000001208,6.66,16.189999999999998,307.38000000000005,-0.7817115243720393,0.206666666666667,27.02,equatorial
17.57,27.09,30.4,25.17,84.48,0.52,2.08,3.82,0.71,0.72,2021-01-22,Kribi,2021,1,22,3,0.9500000000001209,5.1899999999999995,16.650000000000002,301.49,-0.8020700421285801,0.2643333333333331,27.09,equatorial
17.17,26.65,29.53,24.94,85.83,0.65,2.1,3.34,0.71,0.72,2021-01-23,Kribi,2021,1,23,3,1.6000000000001209,4.57,17.19,285.57,-0.8575700952224757,-0.17533333333333445,27.09,equatorial
18.53,26.77,30.12,24.7,84.24,0.55,2.23,3.89,0.71,0.72,2021-01-24,Kribi,2021,1,24,3,2.150000000000121,2.37,17.66,247.70000000000002,-0.9899568174987099,-0.05000000000000071,27.09,equatorial
17.42,26.83,30.08,24.95,85.75,0.64,2.13,3.66,0.7,0.71,2021-01-25,Kribi,2021,1,25,4,2.790000000000121,2.9400000000000004,18.23,214.50000000000003,-1.1058517169424813,0.01066666666666194,27.09,equatorial
19.3,26.79,29.76,25.01,86.15,0.4,1.77,2.69,0.7,0.72,2021-01-26,Kribi,2021,1,26,4,3.190000000000121,3.29,18.59,208.32999999999998,-1.126914912471821,-0.028666666666666174,27.09,equatorial
14.41,26.5,28.69,25.29,87.31,0.64,2.18,2.79,0.7,0.72,2021-01-27,Kribi,2021,1,27,4,3.830000000000121,3.8800000000000003,19.19,203.64000000000001,-1.1427690930808638,-0.3066666666666684,27.09,equatorial
20.07,26.17,28.65,24.66,88.09,0.57,2.16,2.46,0.7,0.72,2021-01-28,Kribi,2021,1,28,4,3.9700000000001205,4.43,19.71,201.46,-1.1498122625364486,-0.6043333333333294,27.09,equatorial
18.44,26.23,28.14,25.13,87.66,0.37,2.04,2.24,0.7,0.71,2021-01-29,Kribi,2021,1,29,4,3.8200000000001206,4.77,20.029999999999998,186.61,-1.2012245441520246,-0.509999999999998,26.83,equatorial
19.4,26.39,28.51,25.23,85.55,0.71,1.92,2.72,0.7,0.71,2021-01-30,Kribi,2021,1,30,4,3.8800000000001207,5.4799999999999995,20.68,169.65,-1.2599567897674928,-0.31966666666666654,26.83,equatorial
19.41,26.46,29.49,24.51,84.69,0.42,2.47,3.82,0.7,0.71,2021-01-31,Kribi,2021,1,31,4,3.750000000000121,5.8999999999999995,20.990000000000002,166.68,-1.2696224553069133,-0.2469999999999999,26.83,equatorial
15.95,26.64,29.0,25.09,85.91,0.32,2.37,3.14,0.69,0.71,2021-02-01,Kribi,2021,2,32,5,3.430000000000121,6.22,21.240000000000002,165.89,-1.2716427315026826,-0.05933333333333479,26.79,equatorial
17.59,26.75,29.55,25.06,86.12,0.2,2.03,2.88,0.69,0.7,2021-02-02,Kribi,2021,2,33,5,3.2300000000001208,6.42,21.28,126.30999999999999,-1.4094176331682284,0.04899999999999949,26.75,equatorial
13.16,26.75,28.95,25.25,86.8,0.39,1.88,2.43,0.69,0.7,2021-02-03,Kribi,2021,2,34,5,2.9800000000001208,6.81,21.560000000000002,124.91,-1.4133705759779274,0.053999999999998494,26.75,equatorial
10.59,26.73,29.21,25.4,88.51,0.3,2.36,2.65,0.69,0.7,2021-02-04,Kribi,2021,2,35,5,2.7100000000001208,6.68,21.71,121.42,-1.4246268788122085,0.03333333333333499,26.75,equatorial
21.24,26.89,30.05,24.79,86.34,0.26,2.2,3.4,0.69,0.7,2021-02-05,Kribi,2021,2,36,5,2.600000000000121,6.42,17.88,116.45,-1.4410380258639905,0.1980000000000004,26.89,equatorial
15.64,27.32,30.6,25.37,84.35,0.33,2.04,3.88,0.68,0.69,2021-02-06,Kribi,2021,2,37,5,2.220000000000121,6.1000000000000005,13.93,113.00999999999999,-1.452069878051724,0.5869999999999997,27.32,equatorial
17.77,27.28,30.5,25.46,83.94,0.36,2.02,3.86,0.68,0.69,2021-02-07,Kribi,2021,2,38,5,2.160000000000121,5.91,12.299999999999999,108.42,-1.4671000903915454,0.5236666666666672,27.32,equatorial
17.54,27.24,31.06,25.18,84.42,0.18,2.1,4.01,0.68,0.69,2021-02-08,Kribi,2021,2,39,6,2.020000000000121,5.45,11.21,104.03,-1.4814024861185147,0.4883333333333333,27.32,equatorial
15.8,27.36,31.08,25.31,84.42,0.15,1.97,4.1,0.67,0.68,2021-02-09,Kribi,2021,2,40,6,1.9700000000001208,5.2,8.61,101.46000000000001,-1.489319687739324,0.6013333333333328,27.36,equatorial
17.87,27.42,30.63,25.16,85.86,0.69,2.33,4.0,0.67,0.68,2021-02-10,Kribi,2021,2,41,6,2.270000000000121,5.25,9.23,98.86,-1.4973260371849173,0.645666666666667,27.42,equatorial
19.73,28.05,31.61,25.96,84.15,1.64,2.14,4.96,0.67,0.68,2021-02-11,Kribi,2021,2,42,6,3.6100000000001207,6.319999999999999,10.82,95.48,-1.5080393018939313,1.238666666666667,28.05,equatorial
17.66,27.39,30.08,25.7,87.74,1.75,2.27,3.32,0.67,0.69,2021-02-12,Kribi,2021,2,43,6,5.10000000000012,7.7,12.52,93.74000000000001,-1.5130075469433344,0.5539999999999985,28.05,equatorial
18.41,27.1,29.17,25.57,88.0,1.85,1.91,2.41,0.67,0.69,2021-02-13,Kribi,2021,2,44,6,6.62000000000012,8.84,14.350000000000001,91.72,-1.518942624787007,0.23733333333333562,28.05,equatorial
17.9,26.7,28.93,25.27,88.4,0.8,2.08,2.27,0.67,0.69,2021-02-14,Kribi,2021,2,45,6,7.060000000000121,9.22,15.12,88.16,-1.5302366406229193,-0.1769999999999996,28.05,equatorial
11.23,26.59,28.4,25.47,90.06,1.01,2.03,1.92,0.67,0.69,2021-02-15,Kribi,2021,2,46,7,7.8900000000001205,9.91,16.13,88.7,-1.527211995869324,-0.2856666666666676,28.05,equatorial
18.46,27.33,30.7,25.15,85.07,0.19,2.06,3.51,0.67,0.68,2021-02-16,Kribi,2021,2,47,7,7.930000000000121,9.9,16.32,88.01,-1.5284811268043863,0.43599999999999994,28.05,equatorial
18.0,26.98,29.34,25.53,86.06,0.24,1.89,2.54,0.67,0.68,2021-02-17,Kribi,2021,2,48,7,7.48000000000012,9.75,16.56,87.58,-1.5288417910089063,0.08000000000000185,28.05,equatorial
16.24,27.21,31.09,25.09,79.69,0.23,2.03,4.56,0.66,0.67,2021-02-18,Kribi,2021,2,49,7,6.070000000000121,9.68,16.79,87.33,-1.5285748365773502,0.2890000000000015,27.39,equatorial
16.56,27.33,31.09,25.07,79.82,0.23,1.83,4.19,0.66,0.67,2021-02-19,Kribi,2021,2,50,7,4.550000000000121,9.65,17.02,87.16,-1.5280300076619138,0.39799999999999613,27.33,equatorial
16.25,26.82,29.68,25.03,84.92,0.58,2.45,3.81,0.65,0.67,2021-02-20,Kribi,2021,2,51,7,3.280000000000121,9.9,17.169999999999998,80.99,-1.548374786685833,-0.10533333333333417,27.33,equatorial
11.38,26.84,29.3,25.32,85.22,0.51,2.23,3.17,0.65,0.67,2021-02-21,Kribi,2021,2,52,7,2.990000000000121,10.05,17.16,80.48,-1.5489781597153047,-0.07699999999999818,27.33,equatorial
10.76,26.8,29.25,25.41,85.46,0.43,2.37,3.21,0.65,0.66,2021-02-22,Kribi,2021,2,53,8,2.410000000000121,10.3,16.94,80.11,-1.5490933201776214,-0.12199999999999989,27.33,equatorial
11.99,26.6,29.32,24.88,84.33,0.28,2.01,3.16,0.65,0.66,2021-02-23,Kribi,2021,2,54,8,2.500000000000121,10.43,16.67,79.16,-1.5512256566643963,-0.3163333333333327,27.33,equatorial
11.47,26.85,29.77,25.02,82.6,0.36,1.84,3.26,0.65,0.66,2021-02-24,Kribi,2021,2,55,8,2.6200000000001205,10.100000000000001,16.39,77.8,-1.5547791157922115,-0.06699999999999662,27.33,equatorial
16.48,26.56,28.42,25.27,86.36,0.58,2.06,2.38,0.65,0.66,2021-02-25,Kribi,2021,2,56,8,2.9700000000001205,9.04,16.57,73.82,-1.5674315846228344,-0.34933333333333394,27.33,equatorial
19.77,26.69,29.19,25.16,86.29,0.7,2.49,3.24,0.65,0.66,2021-02-26,Kribi,2021,2,57,8,3.4400000000001203,7.99,16.63,70.86,-1.5765123572861661,-0.22566666666666535,26.85,equatorial
20.5,26.48,28.62,25.27,87.5,0.99,2.08,2.6,0.65,0.66,2021-02-27,Kribi,2021,2,58,8,3.8500000000001204,7.130000000000001,17.049999999999997,69.42999999999999,-1.58025888849818,-0.4460000000000015,26.85,equatorial
20.01,27.08,30.25,25.12,84.94,0.6,2.01,3.34,0.65,0.66,2021-02-28,Kribi,2021,2,59,8,3.9400000000001207,6.93,17.28,65.11,-1.5940317428526045,0.12566666666666393,27.08,equatorial
18.76,27.0,29.28,25.64,88.3,1.13,2.49,2.93,0.65,0.66,2021-03-01,Kribi,2021,3,60,9,4.6400000000001205,7.05,17.7,59.25,-1.613118472829918,0.02533333333333232,27.08,equatorial
17.29,27.45,30.33,25.87,86.82,0.3,2.16,3.37,0.64,0.65,2021-03-02,Kribi,2021,3,61,9,4.66000000000012,7.159999999999999,17.58,58.59,-1.6141195493787546,0.44233333333333036,27.45,equatorial
19.84,27.45,30.79,25.65,85.08,0.24,2.02,3.76,0.64,0.65,2021-03-03,Kribi,2021,3,62,9,4.540000000000121,7.16,17.5,58.349999999999994,-1.613661734183151,0.41533333333332934,27.45,equatorial
15.61,27.17,29.85,25.47,87.05,0.28,2.1,3.05,0.64,0.65,2021-03-04,Kribi,2021,3,63,9,4.240000000000121,7.21,17.58,58.089999999999996,-1.6132744310117098,0.1213333333333324,27.45,equatorial
14.37,27.03,29.37,25.52,89.09,0.41,2.22,2.67,0.64,0.65,2021-03-05,Kribi,2021,3,64,9,3.9500000000001205,7.390000000000001,17.599999999999998,58.010000000000005,-1.612264280871893,-0.027999999999998693,27.45,equatorial
13.87,26.75,29.0,25.37,89.27,0.22,1.97,2.35,0.64,0.65,2021-03-06,Kribi,2021,3,65,9,3.180000000000121,7.03,17.52,57.56,-1.6125384849266196,-0.3086666666666673,27.45,equatorial
17.09,26.92,29.53,25.34,86.43,3.53,2.02,3.46,0.64,0.66,2021-03-07,Kribi,2021,3,66,9,6.11000000000012,10.049999999999999,20.79,59.86,-1.6032877288871834,-0.13966666666666683,27.45,equatorial
21.94,27.06,30.3,25.12,85.78,2.5,2.26,3.93,0.64,0.66,2021-03-08,Kribi,2021,3,67,10,7.480000000000121,12.12,22.959999999999997,61.78,-1.5953737463324538,0.009000000000000341,27.45,equatorial
20.44,27.61,31.15,25.41,84.25,3.15,2.25,4.71,0.64,0.66,2021-03-09,Kribi,2021,3,68,10,10.33000000000012,14.99,25.75,64.42999999999999,-1.5849509731639713,0.5479999999999983,27.61,equatorial
17.02,26.97,29.55,25.57,88.22,5.91,2.25,3.23,0.64,0.68,2021-03-10,Kribi,2021,3,69,10,16.00000000000012,20.54,31.479999999999997,69.66,-1.5656241553510812,-0.08300000000000196,27.61,equatorial
18.0,26.49,28.43,25.25,89.29,9.62,2.42,3.12,0.65,0.69,2021-03-11,Kribi,2021,3,70,10,25.34000000000012,29.58,40.95,78.54,-1.5337126525163571,-0.5340000000000025,27.61,equatorial
5.84,26.56,29.33,25.14,88.4,9.23,2.26,3.59,0.67,0.71,2021-03-12,Kribi,2021,3,71,10,34.160000000000124,38.11,49.49,85.22,-1.5094753042964655,-0.435333333333336,27.61,equatorial
22.11,26.18,28.71,24.72,89.14,10.76,2.47,3.87,0.68,0.72,2021-03-13,Kribi,2021,3,72,10,44.700000000000124,47.879999999999995,58.61,93.88,-1.4784401692484417,-0.7529999999999966,27.61,equatorial
9.55,26.18,28.62,24.62,88.34,3.91,2.56,3.83,0.67,0.69,2021-03-14,Kribi,2021,3,73,10,45.08000000000012,51.19,60.77,95.19999999999999,-1.4728379159609477,-0.7126666666666672,27.61,equatorial
9.25,25.57,26.65,24.83,91.92,4.97,2.48,2.36,0.67,0.7,2021-03-15,Kribi,2021,3,74,11,47.55000000000012,55.03,63.89,97.24,-1.4647582467720464,-1.2716666666666647,27.61,equatorial
18.98,25.92,28.0,24.64,87.91,1.25,2.22,2.62,0.67,0.68,2021-03-16,Kribi,2021,3,75,11,45.65000000000012,55.98,64.33999999999999,96.32,-1.466921200055956,-0.895666666666667,26.97,equatorial
11.38,25.53,27.07,24.75,90.3,1.91,2.27,2.19,0.67,0.68,2021-03-17,Kribi,2021,3,76,11,41.65000000000012,57.650000000000006,65.24,97.7,-1.4611354941823473,-1.2503333333333302,26.56,equatorial
17.42,26.39,29.83,24.38,85.02,1.74,1.86,4.01,0.66,0.67,2021-03-18,Kribi,2021,3,77,11,33.770000000000124,59.11,66.79,99.34,-1.454462945862148,-0.35900000000000176,26.56,equatorial
11.49,25.97,27.98,24.92,91.31,43.79,1.95,2.85,0.7,0.81,2021-03-19,Kribi,2021,3,78,11,68.33000000000013,102.49,110.34,142.98,-1.3027726929905719,-0.7453333333333347,26.39,equatorial
11.16,25.88,27.76,24.74,90.0,4.84,1.9,2.78,0.73,0.74,2021-03-20,Kribi,2021,3,79,11,62.410000000000124,107.11,114.95,147.72,-1.2856317457212352,-0.7910000000000004,26.39,equatorial
22.93,26.01,28.49,24.39,87.01,1.68,2.04,3.34,0.71,0.71,2021-03-21,Kribi,2021,3,80,11,60.18000000000012,105.25999999999999,116.39999999999999,149.26,-1.279564345901876,-0.6169999999999973,26.39,equatorial
10.11,26.13,28.78,24.79,87.75,7.31,2.19,4.16,0.7,0.73,2021-03-22,Kribi,2021,3,81,12,62.52000000000012,110.07,123.13,156.49,-1.2538624593118786,-0.4740000000000002,26.39,equatorial
20.76,26.82,30.6,24.42,83.82,4.21,1.77,5.18,0.7,0.71,2021-03-23,Kribi,2021,3,82,12,65.48000000000012,111.13,126.82999999999998,160.64,-1.2388279972595702,0.216666666666665,26.82,equatorial
13.49,25.74,26.89,24.97,94.66,66.3,2.24,2.36,0.76,0.88,2021-03-24,Kribi,2021,3,83,12,129.87000000000012,171.51999999999998,192.7,226.82999999999998,-1.009638038999516,-0.828000000000003,26.82,equatorial
17.99,25.4,26.43,24.49,93.35,18.64,2.55,2.46,0.8,0.81,2021-03-25,Kribi,2021,3,84,12,146.7700000000001,180.53999999999996,211.06,245.39,-0.9451047503424849,-1.1280000000000037,26.82,equatorial
18.68,26.13,28.54,24.12,86.03,2.46,1.52,3.16,0.78,0.77,2021-03-26,Kribi,2021,3,85,12,105.44000000000011,173.76999999999998,213.16,247.78,-0.9364589588854199,-0.37400000000000233,26.82,equatorial
16.72,27.3,31.22,24.74,80.4,0.3,1.59,4.89,0.75,0.75,2021-03-27,Kribi,2021,3,86,12,100.90000000000012,163.31,212.88,248.04,-0.9351753995128905,0.7713333333333345,27.3,equatorial
17.83,26.81,28.97,25.63,88.95,0.93,1.69,2.41,0.74,0.74,2021-03-28,Kribi,2021,3,87,12,100.15000000000012,160.32999999999998,213.10999999999999,248.93,-0.9317173948163189,0.2773333333333312,27.3,equatorial
15.27,26.4,28.19,25.4,90.06,3.92,2.07,2.4,0.74,0.75,2021-03-29,Kribi,2021,3,88,13,96.76000000000012,159.27999999999997,216.04000000000002,252.79999999999998,-0.917970795713219,-0.129999999999999,27.3,equatorial
19.62,27.32,30.99,25.04,80.25,0.21,1.48,4.92,0.73,0.73,2021-03-30,Kribi,2021,3,89,13,92.76000000000012,158.23999999999998,215.65,252.96,-0.9170475059836443,0.782,27.32,equatorial
14.94,26.79,29.25,25.38,88.0,0.29,1.93,3.1,0.72,0.73,2021-03-31,Kribi,2021,3,90,13,26.750000000000114,156.61999999999998,214.81,253.19,-0.9158833083534251,0.2589999999999968,27.32,equatorial
18.74,27.17,29.36,25.38,83.29,0.11,1.16,3.88,0.72,0.72,2021-04-01,Kribi,2021,4,91,13,8.220000000000114,154.99,214.62,253.19,-0.9155145346932293,0.648333333333337,27.32,equatorial
15.42,26.46,27.83,25.44,89.23,0.29,1.87,2.12,0.71,0.72,2021-04-02,Kribi,2021,4,92,13,6.0500000000001135,111.49,214.67,253.41,-0.9143863233883996,-0.028666666666666174,27.32,equatorial
18.8,26.98,29.07,25.45,85.16,0.18,1.4,2.75,0.71,0.72,2021-04-03,Kribi,2021,4,93,13,5.930000000000113,106.82999999999998,214.57,253.43,-0.9139499398719825,0.49766666666666737,27.32,equatorial
21.97,27.32,30.26,25.56,86.8,0.19,1.78,3.53,0.71,0.72,2021-04-04,Kribi,2021,4,94,13,5.190000000000114,105.33999999999999,214.35,253.51,-0.9133067929802916,0.8279999999999994,27.32,equatorial
20.31,26.89,29.14,25.68,89.16,0.36,2.09,3.0,0.71,0.72,2021-04-05,Kribi,2021,4,95,14,1.6300000000001136,98.38999999999999,214.49,253.72,-0.9122152168299846,0.3933333333333344,27.32,equatorial
13.92,26.04,27.45,25.2,93.23,38.73,1.82,2.19,0.74,0.83,2021-04-06,Kribi,2021,4,96,14,40.15000000000011,132.90999999999997,249.69,288.36,-0.7921769676591839,-0.42733333333333334,27.32,equatorial
23.24,27.5,30.99,25.08,84.86,23.78,1.75,4.9,0.78,0.81,2021-04-07,Kribi,2021,4,97,14,63.640000000000114,90.39,270.97,307.85999999999996,-0.7245152399810091,1.0179999999999971,27.5,equatorial
19.62,27.15,29.65,25.83,85.55,35.04,1.15,3.57,0.8,0.84,2021-04-08,Kribi,2021,4,98,14,98.5700000000001,106.78999999999999,302.86,340.91,-0.6100517873406633,0.6833333333333336,27.5,equatorial
18.12,27.54,31.48,25.41,81.69,32.17,1.21,5.5,0.83,0.85,2021-04-09,Kribi,2021,4,99,14,130.4500000000001,136.5,329.12,371.81,-0.5030531958651248,1.0543333333333358,27.54,equatorial
22.31,27.43,30.3,25.6,85.33,21.14,1.44,3.93,0.84,0.84,2021-04-10,Kribi,2021,4,100,14,151.4100000000001,157.34,340.64,390.2,-0.43933061633409215,0.9130000000000003,27.54,equatorial
6.34,26.51,28.06,25.6,90.48,17.95,2.01,3.37,0.84,0.84,2021-04-11,Kribi,2021,4,101,14,169.1700000000001,174.35999999999999,349.35999999999996,408.08,-0.3773814903668486,-0.005333333333332746,27.54,equatorial
20.73,26.4,28.19,25.26,88.77,2.79,1.99,2.93,0.84,0.82,2021-04-12,Kribi,2021,4,102,15,171.6000000000001,173.23,341.39,410.82,-0.36780978439323975,-0.12266666666667092,27.54,equatorial
14.49,27.55,30.35,25.29,82.02,5.14,1.4,3.98,0.83,0.82,2021-04-13,Kribi,2021,4,103,15,138.01000000000013,178.16,342.62,415.91,-0.35010889700813697,0.9816666666666691,27.55,equatorial
4.79,26.34,28.39,25.04,89.3,1.88,2.09,2.96,0.82,0.81,2021-04-14,Kribi,2021,4,104,15,116.11000000000011,179.75,339.53,417.77,-0.34358699770978796,-0.25400000000000134,27.55,equatorial
23.59,27.17,29.27,25.65,85.03,3.76,1.49,3.34,0.82,0.81,2021-04-15,Kribi,2021,4,105,15,84.83000000000011,183.39999999999998,342.03999999999996,421.5,-0.33059359098591407,0.5343333333333362,27.55,equatorial
8.38,26.32,27.87,25.19,92.49,10.58,1.98,2.98,0.82,0.82,2021-04-16,Kribi,2021,4,106,15,63.24000000000011,193.69,350.71000000000004,432.08,-0.2938881533596097,-0.34199999999999875,27.55,equatorial
21.28,26.89,29.65,25.38,89.76,8.53,1.79,3.48,0.82,0.82,2021-04-17,Kribi,2021,4,107,15,50.63000000000011,202.04,357.5,440.61,-0.26428346776127876,0.21133333333333226,27.55,equatorial
19.07,26.88,29.05,25.6,89.45,7.34,1.84,2.63,0.83,0.82,2021-04-18,Kribi,2021,4,108,15,40.02000000000011,209.19,321.05,447.95,-0.23880175572283016,0.17099999999999937,27.55,equatorial
10.59,26.86,28.85,25.76,89.18,4.37,1.88,3.27,0.83,0.82,2021-04-19,Kribi,2021,4,109,16,41.60000000000011,213.20000000000002,320.58000000000004,452.32,-0.22360931030318973,0.11833333333333229,27.55,equatorial
20.7,27.38,30.12,25.5,86.0,5.77,1.71,4.63,0.83,0.82,2021-04-20,Kribi,2021,4,110,16,42.23000000000011,180.24,324.67,458.09000000000003,-0.203566905591594,0.5926666666666662,27.38,equatorial
17.64,27.67,30.83,25.84,85.72,2.32,1.71,4.63,0.82,0.81,2021-04-21,Kribi,2021,4,111,16,42.670000000000115,158.77999999999997,319.68,459.98,-0.19697118629091984,0.8313333333333368,27.67,equatorial
17.2,26.79,28.33,25.79,91.92,35.79,2.01,3.33,0.83,0.85,2021-04-22,Kribi,2021,4,112,16,74.70000000000012,159.53,351.26000000000005,495.25,-0.07467310969639931,-0.04766666666666808,27.67,equatorial
18.63,26.57,28.24,25.58,90.81,14.53,2.18,3.21,0.86,0.86,2021-04-23,Kribi,2021,4,113,16,78.65000000000012,141.89000000000001,299.49,509.13,-0.02653472488369414,-0.2953333333333319,27.67,equatorial
9.13,25.99,27.43,25.27,89.58,10.01,2.11,3.36,0.86,0.86,2021-04-24,Kribi,2021,4,114,16,80.13000000000011,130.76,290.86,518.5899999999999,0.006276119970630462,-0.8949999999999996,27.67,equatorial
22.94,27.46,30.71,25.17,80.77,0.52,1.43,5.53,0.85,0.83,2021-04-25,Kribi,2021,4,115,16,73.31000000000012,113.33,288.92,518.47,0.005858537540645207,0.5306666666666686,27.67,equatorial
23.0,27.31,30.2,25.51,85.52,3.06,1.66,4.75,0.84,0.83,2021-04-26,Kribi,2021,4,116,17,72.00000000000011,113.6,291.68000000000006,521.13,0.015085537487955467,0.38033333333333275,27.67,equatorial
19.08,26.7,28.23,25.79,90.64,4.44,2.08,2.76,0.84,0.83,2021-04-27,Kribi,2021,4,117,17,70.67000000000012,112.89999999999999,295.19000000000005,524.9300000000001,0.02826836779853869,-0.2259999999999991,27.67,equatorial
10.75,27.06,29.53,25.42,85.49,2.31,1.55,3.76,0.84,0.82,2021-04-28,Kribi,2021,4,118,17,70.66000000000012,113.33,293.58000000000004,526.67,0.034301396487864205,0.11200000000000188,27.46,equatorial
19.19,26.69,28.67,25.61,86.63,2.58,1.32,2.52,0.84,0.82,2021-04-29,Kribi,2021,4,119,17,37.45000000000012,112.14999999999999,295.95000000000005,528.88,0.041966041759094415,-0.23700000000000188,27.46,equatorial
20.06,26.83,29.0,25.5,88.41,5.4,2.06,3.46,0.84,0.83,2021-04-30,Kribi,2021,4,120,17,28.320000000000114,106.97,301.06,533.57,0.058241920187319905,-0.09833333333333272,27.46,equatorial
20.3,27.32,30.12,25.25,86.65,39.57,1.68,5.08,0.85,0.88,2021-05-01,Kribi,2021,5,121,17,57.880000000000116,138.01,340.52,572.72,0.19419685172025972,0.3866666666666667,27.46,equatorial
14.42,27.53,31.32,25.62,85.45,60.41,1.76,5.01,0.9,0.91,2021-05-02,Kribi,2021,5,122,17,117.77000000000011,191.07999999999998,400.64000000000004,632.8100000000001,0.40287856364652763,0.5610000000000035,27.53,equatorial
15.68,26.98,29.32,25.51,88.55,17.12,1.76,3.35,0.9,0.89,2021-05-03,Kribi,2021,5,123,18,131.8300000000001,203.82999999999998,417.58000000000004,649.73,0.46155686804454943,0.011000000000002785,27.53,equatorial
13.55,25.63,26.86,24.76,92.25,24.35,1.9,2.69,0.91,0.9,2021-05-04,Kribi,2021,5,124,18,151.74000000000012,222.41,441.74,673.69,0.5446827002783503,-1.2826666666666675,27.53,equatorial
20.05,25.69,27.65,24.58,89.21,25.42,1.98,3.91,0.92,0.91,2021-05-05,Kribi,2021,5,125,18,174.8500000000001,245.51000000000002,466.8,698.81,0.6318153221078084,-1.182666666666666,27.53,equatorial
9.9,25.44,27.36,24.26,91.2,6.07,2.23,3.6,0.91,0.89,2021-05-06,Kribi,2021,5,126,18,178.34000000000012,215.79,434.14,704.62,0.6518145735985039,-1.412666666666663,27.53,equatorial
15.38,25.83,27.83,24.73,88.06,6.14,2.15,4.32,0.91,0.89,2021-05-07,Kribi,2021,5,127,18,179.08000000000013,207.4,416.50000000000006,710.4300000000001,0.6718064369774763,-0.9670000000000023,27.53,equatorial
10.68,25.09,26.75,24.18,92.62,18.1,2.63,4.0,0.91,0.9,2021-05-08,Kribi,2021,5,128,18,157.6100000000001,215.49,399.56,728.17,0.7332550131099936,-1.6383333333333354,27.53,equatorial
9.97,26.26,28.78,24.25,81.7,2.39,1.77,4.8,0.91,0.89,2021-05-09,Kribi,2021,5,129,18,99.59000000000012,217.35999999999999,369.78,730.38,0.7406939579980226,-0.4256666666666682,26.98,equatorial
22.81,26.34,29.76,23.89,80.11,0.16,1.59,5.23,0.9,0.88,2021-05-10,Kribi,2021,5,130,19,82.63000000000011,214.45999999999998,348.8,730.39,0.7404817706121308,-0.30933333333333124,26.34,equatorial
23.1,26.59,29.73,24.41,83.13,2.03,2.12,5.91,0.9,0.87,2021-05-11,Kribi,2021,5,131,19,60.31000000000012,212.04999999999998,332.88,731.73,0.7448936666931151,-0.06199999999999761,26.59,equatorial
21.33,26.67,29.09,25.05,87.51,6.13,2.38,5.4,0.89,0.87,2021-05-12,Kribi,2021,5,132,19,41.02000000000011,215.87,336.22,736.22,0.7602557309480892,0.009000000000003894,26.67,equatorial
5.92,26.38,28.03,25.32,88.92,4.09,2.13,3.19,0.89,0.86,2021-05-13,Kribi,2021,5,133,19,39.04000000000012,217.38,335.17,738.5600000000001,0.7681343387561661,-0.24200000000000443,26.67,equatorial
23.25,27.0,29.94,24.96,83.31,1.93,1.66,5.01,0.89,0.86,2021-05-14,Kribi,2021,5,134,19,34.83000000000012,213.91,335.22,738.64,0.7681500413736495,0.3559999999999981,27.0,equatorial
20.72,27.08,29.39,25.43,85.87,5.67,1.75,4.11,0.88,0.86,2021-05-15,Kribi,2021,5,135,19,22.400000000000112,180.01000000000002,337.13000000000005,743.51,0.7848242036206762,0.4389999999999965,27.08,equatorial
5.88,26.2,27.85,25.48,90.51,18.62,2.16,3.42,0.9,0.88,2021-05-16,Kribi,2021,5,136,19,38.63000000000011,138.22000000000003,345.1700000000001,761.12,0.8457973387353008,-0.43700000000000117,27.08,equatorial
20.43,27.33,30.23,25.29,84.04,1.69,1.82,5.18,0.9,0.86,2021-05-17,Kribi,2021,5,137,20,40.16000000000012,122.79,338.33000000000004,762.62,0.850702880045356,0.6783333333333346,27.33,equatorial
14.24,26.62,28.93,25.1,88.27,4.18,1.52,2.91,0.89,0.86,2021-05-18,Kribi,2021,5,138,20,42.310000000000116,102.62,335.17,766.5600000000001,0.8640921601093456,-0.022999999999996135,27.33,equatorial
16.78,26.84,29.77,24.86,85.78,4.71,1.22,4.76,0.89,0.86,2021-05-19,Kribi,2021,5,139,20,40.890000000000114,81.91,335.51000000000005,771.04,0.8793511716253011,0.19766666666666666,27.33,equatorial
11.14,26.22,27.96,25.21,90.34,18.81,2.2,3.94,0.9,0.88,2021-05-20,Kribi,2021,5,140,20,55.61000000000011,94.65,348.55,789.62,0.9436435156855267,-0.3836666666666666,27.33,equatorial
17.21,26.4,28.4,24.96,89.5,3.77,2.3,3.62,0.9,0.86,2021-05-21,Kribi,2021,5,141,20,57.45000000000012,92.28,350.0,792.8100000000001,0.9543567794702221,-0.1613333333333351,27.33,equatorial
10.03,25.82,26.59,24.57,95.38,23.14,2.16,2.15,0.9,0.89,2021-05-22,Kribi,2021,5,142,20,74.92000000000012,97.32,337.35,815.4399999999999,1.0326753585691695,-0.7089999999999996,27.33,equatorial
20.57,26.57,29.73,24.47,85.33,2.68,1.42,4.22,0.91,0.88,2021-05-23,Kribi,2021,5,143,20,58.98000000000011,97.61,325.5,817.6899999999999,1.0400436697518682,0.04100000000000037,27.33,equatorial
21.4,27.02,29.39,25.47,88.09,1.83,1.77,3.5,0.9,0.87,2021-05-24,Kribi,2021,5,144,21,59.12000000000011,99.28,317.32,819.24,1.0449708898517898,0.456666666666667,27.02,equatorial
17.71,27.85,30.98,26.01,84.72,4.04,1.33,5.45,0.9,0.87,2021-05-25,Kribi,2021,5,145,21,58.98000000000011,101.28999999999999,320.84000000000003,822.92,1.0573010476073257,1.2736666666666707,27.85,equatorial
16.42,26.76,28.23,25.93,93.07,9.0,2.26,2.7,0.9,0.87,2021-05-26,Kribi,2021,5,146,21,63.27000000000011,104.16,326.78000000000003,831.3399999999999,1.0861025446431558,0.20200000000000173,27.85,equatorial
15.76,26.66,28.87,25.33,88.83,8.57,1.67,3.93,0.9,0.87,2021-05-27,Kribi,2021,5,147,21,53.030000000000115,108.64,330.91,839.21,1.1129621730530723,0.10333333333333528,27.85,equatorial
17.46,26.68,28.99,25.16,87.9,7.33,1.83,3.94,0.9,0.87,2021-05-28,Kribi,2021,5,148,21,56.59000000000011,114.04,335.93,845.5500000000001,1.1344734790202728,0.13599999999999923,27.85,equatorial
15.77,26.97,29.55,25.04,87.47,5.51,1.79,3.91,0.9,0.87,2021-05-29,Kribi,2021,5,149,21,38.96000000000012,113.88,338.86,850.46,1.1509895371617749,0.4166666666666643,27.85,equatorial
17.13,27.0,29.0,25.35,90.06,4.16,1.85,2.96,0.9,0.87,2021-05-30,Kribi,2021,5,150,21,40.44000000000011,99.42,337.62,853.49,1.1609515694090513,0.44099999999999895,27.85,equatorial
2.19,26.95,28.49,26.13,94.1,7.18,2.24,2.7,0.9,0.87,2021-05-31,Kribi,2021,5,151,22,45.79000000000011,104.91,305.23,860.37,1.1842845401266486,0.40333333333333243,27.85,equatorial
7.37,26.3,27.68,25.14,91.57,4.53,2.53,2.92,0.9,0.87,2021-06-01,Kribi,2021,6,152,22,46.280000000000115,105.25999999999999,249.35000000000002,864.6600000000001,1.198587868945149,-0.20566666666666933,27.0,equatorial
4.33,25.67,27.18,24.81,89.66,3.88,1.98,2.92,0.9,0.87,2021-06-02,Kribi,2021,6,153,22,41.16000000000011,104.43,236.11,868.26,1.2104758870292582,-0.791999999999998,27.0,equatorial
21.24,26.43,28.97,24.76,86.19,1.73,1.97,4.4,0.9,0.86,2021-06-03,Kribi,2021,6,154,22,34.320000000000114,87.35,213.49000000000004,869.58,1.2144267552717258,-0.05866666666666731,27.0,equatorial
20.36,26.09,27.82,24.94,91.54,4.33,2.19,2.72,0.9,0.87,2021-06-04,Kribi,2021,6,155,22,31.320000000000114,87.91,192.4,873.6899999999999,1.2280663064446842,-0.41199999999999903,27.0,equatorial
12.23,25.68,27.32,24.91,92.56,26.97,2.5,3.34,0.92,0.9,2021-06-05,Kribi,2021,6,156,22,52.780000000000115,91.74000000000001,213.3,897.13,1.3088348454576446,-0.8300000000000018,27.0,equatorial
13.85,26.11,28.71,24.53,87.58,1.88,1.57,3.82,0.91,0.88,2021-06-06,Kribi,2021,6,157,22,50.500000000000114,90.94,209.04,896.51,1.3059260047557455,-0.40933333333333266,26.95,equatorial
21.21,27.17,30.47,25.04,82.65,1.04,1.21,4.69,0.91,0.87,2021-06-07,Kribi,2021,6,158,23,44.360000000000106,90.14999999999999,191.98000000000002,894.4,1.2978475614061813,0.5813333333333368,27.17,equatorial
12.76,27.13,30.39,25.02,85.17,2.47,1.44,4.44,0.9,0.86,2021-06-08,Kribi,2021,6,159,23,42.30000000000011,88.58,192.06000000000003,890.96,1.285162998180532,0.5123333333333342,27.17,equatorial
14.48,27.14,29.81,25.36,85.4,3.3,1.49,4.11,0.9,0.86,2021-06-09,Kribi,2021,6,160,23,41.72000000000011,82.88000000000001,195.20000000000002,884.64,1.2624978275074874,0.4956666666666649,27.17,equatorial
18.73,27.72,30.77,25.68,84.1,1.96,1.3,4.63,0.89,0.86,2021-06-10,Kribi,2021,6,161,23,41.95000000000012,76.27,195.13000000000002,877.37,1.2365653161871677,1.0379999999999967,27.72,equatorial
10.57,26.67,28.4,25.52,92.58,32.61,1.96,2.64,0.9,0.89,2021-06-11,Kribi,2021,6,162,23,70.2300000000001,101.55,221.61,899.22,1.3117390978321097,-0.011999999999996902,27.72,equatorial
17.01,26.21,27.95,24.94,92.48,25.51,2.04,2.38,0.94,0.91,2021-06-12,Kribi,2021,6,163,23,68.77000000000011,121.55,243.03000000000003,920.8199999999999,1.3859309738907313,-0.46633333333333127,27.72,equatorial
16.41,27.37,31.34,24.96,80.32,2.29,0.83,8.55,0.93,0.89,2021-06-13,Kribi,2021,6,164,23,69.18000000000012,119.67999999999999,243.39000000000001,918.14,1.3757752639575636,0.6813333333333347,27.72,equatorial
16.82,26.82,29.85,24.87,88.14,5.02,2.1,5.08,0.92,0.88,2021-06-14,Kribi,2021,6,165,24,73.16000000000011,117.52000000000001,242.74,921.9100000000001,1.3880069819889478,0.14000000000000057,27.72,equatorial
13.2,26.07,28.34,24.56,90.5,10.52,2.4,4.63,0.92,0.88,2021-06-15,Kribi,2021,6,166,24,81.21000000000011,123.51,234.64,930.52,1.4170014493549195,-0.6056666666666644,27.72,equatorial
10.22,25.91,27.86,24.76,90.72,6.82,2.61,4.21,0.92,0.88,2021-06-16,Kribi,2021,6,167,24,84.73000000000012,126.44999999999999,239.77,935.5999999999999,1.4337090142716757,-0.7183333333333337,27.72,equatorial
12.09,25.16,26.25,24.18,91.77,56.77,2.04,3.11,0.94,0.93,2021-06-17,Kribi,2021,6,168,24,139.5400000000001,181.49,292.36,948.5799999999999,1.4777658665455544,-1.4196666666666715,27.37,equatorial
19.01,25.96,28.67,24.12,86.08,5.92,1.96,4.92,0.94,0.9,2021-06-18,Kribi,2021,6,169,24,112.85000000000012,183.07999999999998,293.57,949.66,1.480511756455672,-0.5903333333333336,27.37,equatorial
17.23,25.46,26.82,24.51,90.73,10.22,2.04,3.14,0.94,0.91,2021-06-19,Kribi,2021,6,170,24,97.56000000000012,166.32999999999998,284.98,958.2,1.5090917480681205,-1.0649999999999977,27.37,equatorial
12.12,26.22,29.07,24.55,87.44,7.95,1.99,4.73,0.94,0.91,2021-06-20,Kribi,2021,6,171,24,103.22000000000011,172.4,289.16,958.84,1.5102618050279144,-0.29900000000000304,26.82,equatorial
3.37,25.15,26.2,24.1,94.67,51.95,2.71,2.77,0.96,0.95,2021-06-21,Kribi,2021,6,172,25,150.15000000000012,223.31,317.97,1006.58,1.6744495321624164,-1.3466666666666676,26.22,equatorial
13.69,24.99,27.17,23.37,88.34,5.82,2.08,3.93,0.96,0.93,2021-06-22,Kribi,2021,6,173,25,145.4500000000001,226.66000000000003,321.11,946.0999999999999,1.4638436504473689,-1.4540000000000042,26.22,equatorial
6.07,24.95,27.21,23.42,88.72,13.75,2.21,4.77,0.96,0.93,2021-06-23,Kribi,2021,6,174,25,152.3800000000001,237.11,333.03000000000003,941.2099999999999,1.4459528167497764,-1.4250000000000007,26.22,equatorial
19.11,26.07,29.44,23.59,81.31,6.59,1.49,5.06,0.96,0.93,2021-06-24,Kribi,2021,6,175,25,102.20000000000012,241.74,335.58000000000004,945.34,1.4592953896830265,-0.24566666666666848,26.22,equatorial
17.57,26.25,29.33,24.36,86.29,3.74,1.78,4.59,0.96,0.92,2021-06-25,Kribi,2021,6,176,25,100.02000000000012,212.87,330.32,948.78,1.4702278183399675,-0.0486666666666693,26.25,equatorial
11.81,25.39,27.06,24.42,93.2,7.89,2.09,2.4,0.96,0.92,2021-06-26,Kribi,2021,6,177,25,97.69000000000013,195.25000000000003,329.64000000000004,955.74,1.493309833050021,-0.8663333333333334,26.25,equatorial
6.66,24.8,25.96,24.11,93.88,7.37,2.19,2.5,0.96,0.92,2021-06-27,Kribi,2021,6,178,25,97.11000000000011,200.33,329.68000000000006,959.1899999999999,1.5042168270142362,-1.3936666666666646,26.25,equatorial
10.87,25.09,27.35,23.87,90.25,8.57,1.94,3.34,0.96,0.92,2021-06-28,Kribi,2021,6,179,26,53.73000000000012,203.88000000000002,332.74000000000007,967.5500000000001,1.5320679905447787,-1.0409999999999968,26.25,equatorial
11.07,24.86,27.11,23.61,89.2,6.9,2.66,4.99,0.96,0.91,2021-06-29,Kribi,2021,6,180,26,54.810000000000116,200.26000000000002,335.48,974.16,1.5538189493302559,-1.1996666666666655,26.25,equatorial
20.36,25.48,28.61,23.29,85.9,0.95,2.0,4.95,0.95,0.91,2021-06-30,Kribi,2021,6,181,26,42.01000000000011,194.39000000000001,329.25,975.0000000000001,1.5556021374070457,-0.5306666666666686,26.25,equatorial
19.15,25.11,26.77,23.91,91.09,0.78,2.0,2.25,0.95,0.9,2021-07-01,Kribi,2021,7,182,26,36.20000000000012,138.4,325.50000000000006,975.49,1.5561736518397267,-0.8610000000000007,26.25,equatorial
17.28,25.35,27.02,24.36,91.59,3.12,2.02,2.5,0.94,0.9,2021-07-02,Kribi,2021,7,183,26,35.58000000000012,135.60000000000002,324.74000000000007,978.4300000000001,1.5651987319691416,-0.6103333333333332,25.48,equatorial
10.27,25.61,27.64,24.51,91.59,3.67,2.71,3.76,0.94,0.9,2021-07-03,Kribi,2021,7,184,26,31.360000000000117,129.05,326.68,981.91,1.5760680874035653,-0.3230000000000004,25.61,equatorial
6.31,23.96,24.51,23.39,92.17,2.93,2.03,2.31,0.94,0.89,2021-07-04,Kribi,2021,7,185,26,26.920000000000115,124.03,325.28000000000003,984.48,1.583776537992567,-1.902000000000001,25.61,equatorial
7.5,24.9,27.55,23.37,85.42,5.37,2.07,4.75,0.94,0.89,2021-07-05,Kribi,2021,7,186,27,23.720000000000113,77.45,303.68,951.12,1.4675878369219109,-0.9359999999999999,25.61,equatorial
13.72,24.8,27.45,23.3,87.21,15.38,2.12,5.04,0.94,0.9,2021-07-06,Kribi,2021,7,187,27,32.20000000000012,87.00999999999999,317.18,942.72,1.4376563691082282,-0.9923333333333346,25.61,equatorial
19.28,25.2,28.42,22.95,89.23,5.8,2.26,5.2,0.94,0.89,2021-07-07,Kribi,2021,7,188,27,37.05000000000011,79.05999999999999,321.94,913.48,1.3359359771872394,-0.5266666666666673,25.61,equatorial
18.1,25.09,27.62,23.49,89.68,2.8,2.73,4.87,0.94,0.89,2021-07-08,Kribi,2021,7,189,27,39.070000000000114,75.27000000000001,322.27000000000004,884.11,1.2339116935630412,-0.5686666666666653,25.61,equatorial
17.71,24.89,26.31,23.62,88.45,2.66,1.96,3.05,0.93,0.89,2021-07-09,Kribi,2021,7,190,27,38.61000000000011,74.19,321.63,865.6300000000001,1.1695535126722065,-0.6936666666666653,25.61,equatorial
17.3,25.44,28.03,23.79,86.31,3.69,2.1,4.52,0.93,0.88,2021-07-10,Kribi,2021,7,191,27,38.630000000000116,69.99,323.36000000000007,851.37,1.1198145815637304,-0.06766666666666765,25.44,equatorial
12.46,25.51,28.0,24.05,88.05,6.41,2.22,4.42,0.93,0.88,2021-07-11,Kribi,2021,7,192,27,42.11000000000011,69.03,297.16,854.99,1.131764119861305,0.04100000000000037,25.51,equatorial
10.38,25.28,27.39,24.05,91.34,13.81,2.66,4.21,0.93,0.89,2021-07-12,Kribi,2021,7,193,28,50.55000000000012,74.27,285.46000000000004,863.6600000000001,1.1611074635892742,-0.1579999999999977,25.51,equatorial
17.55,25.18,27.42,24.03,91.28,7.14,2.49,4.12,0.93,0.89,2021-07-13,Kribi,2021,7,194,28,42.310000000000116,74.51,290.31,868.92,1.1786648764807246,-0.18499999999999872,25.51,equatorial
8.27,25.22,27.79,23.69,90.44,10.49,2.79,5.23,0.93,0.89,2021-07-14,Kribi,2021,7,195,28,47.000000000000114,84.05000000000001,295.78000000000003,875.65,1.201267543704986,-0.09166666666666856,25.51,equatorial
6.8,24.41,26.08,23.6,93.18,11.58,2.78,3.37,0.94,0.89,2021-07-15,Kribi,2021,7,196,28,55.780000000000115,94.85000000000001,296.84000000000003,876.6500000000001,1.2040989698240632,-0.8463333333333303,25.51,equatorial
13.79,23.94,25.43,23.17,90.93,3.1,2.43,2.88,0.94,0.89,2021-07-16,Kribi,2021,7,197,28,56.22000000000012,94.83,293.12,871.22,1.184772926162445,-1.2506666666666675,25.51,equatorial
15.77,24.75,27.77,22.69,87.12,1.51,2.15,4.67,0.93,0.88,2021-07-17,Kribi,2021,7,198,28,54.04000000000011,92.67,237.86,865.39,1.1640913898582226,-0.4269999999999996,25.51,equatorial
15.24,25.16,27.91,23.58,88.06,1.67,2.38,4.59,0.93,0.88,2021-07-18,Kribi,2021,7,199,28,49.30000000000012,91.41000000000001,233.61000000000004,862.69,1.1542164840279574,0.009666666666667822,25.28,equatorial
16.18,24.98,27.71,23.25,89.43,1.52,2.7,4.57,0.92,0.87,2021-07-19,Kribi,2021,7,200,29,37.01000000000011,87.56,224.91000000000003,858.44,1.1390130549007114,-0.15433333333333366,25.22,equatorial
11.67,25.04,27.93,23.32,87.82,0.81,2.63,4.76,0.91,0.87,2021-07-20,Kribi,2021,7,201,29,30.680000000000117,72.99000000000001,217.77,856.93,1.1332648700819543,-0.05499999999999616,25.22,equatorial
12.13,24.85,27.4,23.48,90.1,2.1,2.49,4.12,0.91,0.86,2021-07-21,Kribi,2021,7,202,29,22.290000000000113,69.29,167.92000000000002,823.24,1.0166677023124606,-0.23499999999999588,25.16,equatorial
17.02,24.82,27.04,23.59,90.53,2.07,2.58,3.94,0.9,0.86,2021-07-22,Kribi,2021,7,203,29,12.780000000000113,68.56,164.17000000000002,810.7800000000001,0.9733092765165771,-0.2593333333333341,25.16,equatorial
14.92,24.67,27.1,23.44,90.34,1.88,2.9,4.26,0.9,0.86,2021-07-23,Kribi,2021,7,204,29,11.560000000000114,67.78,152.3,802.65,0.9449030076109474,-0.3999999999999986,25.16,equatorial
8.53,24.56,26.6,23.23,88.24,1.35,2.64,4.11,0.89,0.85,2021-07-24,Kribi,2021,7,205,29,11.400000000000114,65.44,147.06,803.48,0.9473897631236041,-0.45966666666667066,25.16,equatorial
9.03,24.8,27.5,23.28,86.33,0.36,2.63,4.72,0.89,0.85,2021-07-25,Kribi,2021,7,206,29,10.090000000000114,59.39000000000001,143.68000000000004,800.7800000000001,0.9377119177231601,-0.17133333333333312,25.04,equatorial
18.74,24.85,27.61,23.16,86.41,0.19,2.39,4.19,0.88,0.84,2021-07-26,Kribi,2021,7,207,30,8.760000000000113,45.77,135.98000000000002,796.53,0.9227003764703514,-0.10333333333333172,25.04,equatorial
16.43,24.78,27.75,22.67,85.99,0.31,2.46,4.77,0.87,0.84,2021-07-27,Kribi,2021,7,208,30,8.260000000000113,38.940000000000005,128.92000000000002,794.5300000000001,0.9154528056801936,-0.17266666666666808,24.85,equatorial
17.64,25.16,28.18,23.23,86.04,0.25,2.34,4.58,0.86,0.83,2021-07-28,Kribi,2021,7,209,30,6.410000000000114,28.7,120.60000000000001,792.2,0.9070732318858837,0.20500000000000185,25.16,equatorial
16.36,24.85,27.26,23.21,87.48,0.43,2.62,3.88,0.86,0.83,2021-07-29,Kribi,2021,7,210,30,4.770000000000113,17.549999999999997,114.13000000000002,787.23,0.8896015025096156,-0.10466666666666313,25.16,equatorial
11.47,24.98,27.73,23.38,88.25,2.89,2.73,4.85,0.85,0.83,2021-07-30,Kribi,2021,7,211,30,5.780000000000114,17.34,116.07000000000002,750.55,0.7628480365375166,0.04200000000000159,25.16,equatorial
17.01,24.92,27.16,23.55,90.27,4.44,2.38,3.82,0.85,0.83,2021-07-31,Kribi,2021,7,212,30,8.870000000000115,20.270000000000003,119.73000000000002,694.58,0.5696445115330946,-0.011666666666663161,25.16,equatorial
15.28,24.69,26.14,23.83,92.53,5.32,2.63,2.94,0.85,0.83,2021-08-01,Kribi,2021,8,213,30,13.830000000000116,23.92,121.93,682.78,0.5287986148508202,-0.21966666666666512,25.16,equatorial
6.33,25.08,27.57,23.76,89.51,3.63,2.49,4.31,0.85,0.83,2021-08-02,Kribi,2021,8,214,31,17.270000000000117,26.03,121.89000000000001,662.06,0.45719745760048275,0.18799999999999528,25.16,equatorial
8.52,25.45,28.46,23.68,89.44,3.87,2.0,4.25,0.85,0.83,2021-08-03,Kribi,2021,8,215,31,20.830000000000112,29.090000000000003,122.83000000000001,640.51,0.3827442065478762,0.5083333333333329,25.45,equatorial
15.42,25.5,28.26,23.84,89.15,1.05,2.37,3.9,0.85,0.82,2021-08-04,Kribi,2021,8,216,31,21.630000000000113,28.04,118.51000000000002,635.49,0.36533274807211985,0.538333333333334,25.5,equatorial
9.12,25.25,27.61,23.95,90.45,4.65,2.57,3.95,0.84,0.83,2021-08-05,Kribi,2021,8,217,31,25.850000000000115,30.62,107.78000000000002,634.0,0.36010496458762575,0.27333333333333343,25.5,equatorial
11.18,24.66,26.04,23.68,92.79,8.85,2.27,2.83,0.84,0.83,2021-08-06,Kribi,2021,8,218,31,31.810000000000112,37.59,110.83000000000003,624.7500000000001,0.32809362075904946,-0.29866666666666575,25.5,equatorial
9.27,24.32,25.97,23.41,90.49,1.45,2.05,2.73,0.85,0.83,2021-08-07,Kribi,2021,8,219,31,28.820000000000114,37.69,109.48000000000002,623.81,0.32477317968902325,-0.6129999999999995,25.5,equatorial
9.68,24.72,27.18,23.12,90.53,3.08,2.3,3.72,0.85,0.83,2021-08-08,Kribi,2021,8,220,31,26.580000000000116,40.41,109.90000000000002,626.73,0.33478114237527234,-0.20733333333333448,25.5,equatorial
19.4,24.88,26.84,23.49,89.96,5.82,2.07,3.6,0.85,0.83,2021-08-09,Kribi,2021,8,221,32,28.770000000000117,46.04,112.03000000000002,630.52,0.3477927283692979,-0.028666666666666174,25.5,equatorial
18.74,25.3,28.39,23.4,87.58,9.04,2.38,5.39,0.85,0.84,2021-08-10,Kribi,2021,8,222,32,33.94000000000011,54.769999999999996,114.66000000000003,633.4300000000001,0.3577634257944836,0.398333333333337,25.5,equatorial
10.8,24.88,27.45,23.29,89.26,9.16,2.97,5.4,0.85,0.84,2021-08-11,Kribi,2021,8,223,32,42.05000000000011,63.68,110.01000000000002,638.5,0.3751952345332992,-0.00833333333333286,25.3,equatorial
17.44,24.57,26.88,23.32,90.54,5.08,2.27,3.57,0.85,0.83,2021-08-12,Kribi,2021,8,224,32,42.48000000000011,68.33,107.95000000000002,641.6500000000001,0.38599085682785156,-0.2980000000000018,25.3,equatorial
19.89,25.35,28.5,23.29,86.43,1.79,2.22,5.28,0.85,0.82,2021-08-13,Kribi,2021,8,225,32,35.42000000000011,67.23,99.25000000000001,637.77,0.3724902171889396,0.47766666666666424,25.35,equatorial
21.12,25.42,28.74,23.35,87.32,0.86,2.27,4.97,0.84,0.82,2021-08-14,Kribi,2021,8,226,32,34.83000000000011,63.65,88.53000000000002,620.01,0.3110136619648407,0.5139999999999993,25.42,equatorial
19.79,25.47,28.49,23.74,88.69,3.07,2.59,4.87,0.84,0.82,2021-08-15,Kribi,2021,8,227,32,34.820000000000114,61.4,88.50000000000001,621.39,0.3157142057999128,0.5129999999999981,25.47,equatorial
11.51,25.1,27.15,23.86,91.15,3.92,2.79,3.73,0.83,0.82,2021-08-16,Kribi,2021,8,228,33,32.920000000000115,61.69,90.91000000000001,621.13,0.31474343648719977,0.13133333333333397,25.47,equatorial
5.53,24.99,26.92,23.99,92.07,8.32,2.66,3.63,0.84,0.83,2021-08-17,Kribi,2021,8,229,33,32.20000000000012,66.14,97.56,624.74,0.3271573631807862,0.02699999999999747,25.47,equatorial
15.64,24.43,26.46,23.4,90.92,10.83,2.35,3.82,0.85,0.84,2021-08-18,Kribi,2021,8,230,33,33.87000000000011,75.92,106.87000000000002,616.76,0.2994782425520935,-0.5146666666666668,25.47,equatorial
7.15,24.27,27.01,22.76,89.72,8.13,2.53,4.68,0.85,0.84,2021-08-19,Kribi,2021,8,231,33,36.920000000000115,79.4,114.19000000000001,621.12,0.3144958825045947,-0.6490000000000009,25.47,equatorial
17.38,24.73,27.4,23.02,87.18,1.36,2.33,4.47,0.85,0.82,2021-08-20,Kribi,2021,8,232,33,36.490000000000116,71.91000000000001,113.45000000000002,599.34,0.23905416185434197,-0.18500000000000227,25.47,equatorial
13.86,25.12,27.78,23.26,86.54,4.56,1.85,4.38,0.84,0.82,2021-08-21,Kribi,2021,8,233,33,40.19000000000012,75.02,115.94000000000001,601.22,0.24550921692776395,0.19500000000000028,25.47,equatorial
12.33,25.03,27.6,23.28,86.67,4.31,1.65,3.92,0.84,0.83,2021-08-22,Kribi,2021,8,234,33,41.43000000000011,76.25,118.37000000000002,603.7,0.25404112369010523,0.09299999999999997,25.12,equatorial
21.76,25.7,29.15,23.5,84.18,1.4,1.79,5.51,0.84,0.81,2021-08-23,Kribi,2021,8,235,34,38.91000000000012,71.83,118.42000000000002,601.0600000000001,0.2448442129613816,0.7249999999999979,25.7,equatorial
16.15,25.09,27.38,23.65,90.83,3.91,2.52,4.19,0.83,0.82,2021-08-24,Kribi,2021,8,236,34,34.500000000000114,66.7,121.97000000000003,595.97,0.22716276188937506,0.10533333333333417,25.7,equatorial
12.84,25.05,27.14,23.87,91.78,10.23,2.15,3.26,0.84,0.83,2021-08-25,Kribi,2021,8,237,34,33.90000000000012,67.77,132.01000000000002,597.63,0.23286375758775343,0.05866666666666731,25.7,equatorial
15.36,25.43,28.0,24.16,91.7,5.53,2.33,3.78,0.84,0.83,2021-08-26,Kribi,2021,8,238,34,31.300000000000114,68.22,137.23000000000002,595.8299999999999,0.22657693540904325,0.4170000000000016,25.7,equatorial
8.77,25.39,27.48,24.28,91.32,5.32,2.39,3.56,0.84,0.83,2021-08-27,Kribi,2021,8,239,34,35.26000000000011,71.75,142.3,595.64,0.2258695474219161,0.3693333333333335,25.7,equatorial
15.59,25.11,27.45,23.95,91.58,8.59,2.65,4.15,0.84,0.83,2021-08-28,Kribi,2021,8,240,34,39.29000000000011,79.47999999999999,150.46,600.07,0.24117502404959837,0.08066666666666578,25.7,equatorial
16.85,25.07,27.12,23.89,91.46,13.03,2.35,3.6,0.85,0.85,2021-08-29,Kribi,2021,8,241,34,48.01000000000012,89.44,160.60000000000002,605.9200000000001,0.26140236872082573,0.037666666666666515,25.7,equatorial
20.95,25.73,28.42,24.07,88.69,10.37,2.04,4.65,0.86,0.84,2021-08-30,Kribi,2021,8,242,35,56.98000000000011,95.89,166.53000000000003,611.76,0.2815938760937752,0.6706666666666656,25.73,equatorial
16.42,25.11,26.62,24.22,93.18,14.67,2.43,3.01,0.87,0.86,2021-08-31,Kribi,2021,8,243,35,67.74000000000011,102.24,175.88,622.55,0.31895003623712337,0.03666666666666529,25.73,equatorial
12.79,25.16,27.07,24.07,92.36,15.68,2.99,4.21,0.88,0.86,2021-09-01,Kribi,2021,9,244,35,73.19000000000011,107.08999999999999,187.93,636.5,0.3672631277431765,0.08399999999999963,25.73,equatorial
16.28,24.58,25.85,23.84,93.6,15.45,2.42,2.67,0.89,0.87,2021-09-02,Kribi,2021,9,245,35,83.11000000000011,114.41,199.51000000000002,647.62,0.40575316095483344,-0.4670000000000023,25.73,equatorial
6.24,24.66,26.55,23.65,91.3,12.0,2.08,3.26,0.9,0.87,2021-09-03,Kribi,2021,9,246,35,89.79000000000012,125.05,210.46000000000004,632.65,0.35371593224629855,-0.35900000000000176,25.73,equatorial
6.86,24.67,26.96,23.39,87.63,5.5,2.48,4.95,0.9,0.86,2021-09-04,Kribi,2021,9,247,35,86.70000000000012,125.99,211.31000000000003,636.27,0.36619679447475406,-0.32966666666666455,25.73,equatorial
10.86,24.44,26.53,23.16,87.76,2.46,2.08,3.57,0.89,0.86,2021-09-05,Kribi,2021,9,248,35,76.13000000000011,124.14,204.92000000000002,637.69,0.37104037205528967,-0.5523333333333369,25.73,equatorial
13.76,25.03,28.14,22.97,86.99,0.51,1.95,4.13,0.89,0.85,2021-09-06,Kribi,2021,9,249,36,66.27000000000011,123.25,203.98000000000002,635.73,0.36414978358728367,0.013999999999999346,25.16,equatorial
21.19,25.57,28.42,23.72,87.5,1.33,1.87,4.1,0.88,0.84,2021-09-07,Kribi,2021,9,250,36,52.93000000000011,120.66999999999999,202.23000000000002,633.7600000000001,0.35722526007861966,0.5256666666666696,25.57,equatorial
18.17,26.08,28.76,24.12,82.78,1.63,1.22,3.67,0.88,0.84,2021-09-08,Kribi,2021,9,251,36,38.88000000000011,112.07000000000001,198.04,633.4300000000001,0.35599682894791435,0.9956666666666649,26.08,equatorial
16.14,26.26,30.15,23.52,84.56,3.21,1.39,5.92,0.87,0.84,2021-09-09,Kribi,2021,9,252,36,26.640000000000114,109.75,192.21,604.03,0.2537953328541941,1.1436666666666682,26.26,equatorial
15.44,25.73,27.95,24.46,91.93,12.38,1.94,3.3,0.87,0.85,2021-09-10,Kribi,2021,9,253,36,27.020000000000117,116.81,195.43,590.9,0.20812382501984314,0.585333333333331,26.26,equatorial
7.26,25.63,27.71,24.36,91.19,16.55,1.82,3.26,0.89,0.87,2021-09-11,Kribi,2021,9,254,36,38.070000000000114,124.77,206.9,605.1600000000001,0.25763125529206193,0.4499999999999993,26.26,equatorial
8.88,25.03,27.22,23.68,89.07,1.68,2.36,4.15,0.89,0.85,2021-09-12,Kribi,2021,9,255,36,37.29000000000011,113.42,206.79000000000002,601.8199999999999,0.24596687792564642,-0.13933333333332953,26.26,equatorial
21.21,24.94,27.42,23.37,86.4,4.02,2.09,4.87,0.88,0.85,2021-09-13,Kribi,2021,9,256,37,40.80000000000011,107.07,209.95000000000002,595.3199999999999,0.223318239403663,-0.21333333333333115,26.26,equatorial
11.77,25.31,27.86,23.44,83.44,0.91,1.63,4.61,0.88,0.84,2021-09-14,Kribi,2021,9,257,37,40.380000000000116,93.31,207.79,589.4100000000001,0.20272186094942152,0.16199999999999903,26.26,equatorial
21.49,25.79,28.74,23.92,83.25,2.14,1.6,5.28,0.87,0.84,2021-09-15,Kribi,2021,9,258,37,40.890000000000114,79.77000000000001,206.01000000000002,534.7800000000001,0.012694518867699126,0.6189999999999998,26.26,equatorial
7.39,25.19,27.05,24.05,91.4,18.77,1.83,3.05,0.88,0.86,2021-09-16,Kribi,2021,9,259,37,56.45000000000012,83.09,216.46000000000004,547.63,0.05738928447306236,0.012333333333334195,25.79,equatorial
12.22,25.5,27.96,23.87,88.54,16.92,1.91,4.44,0.9,0.88,2021-09-17,Kribi,2021,9,260,37,60.99000000000012,88.01,222.55,554.3299999999999,0.08068747772506848,0.28666666666666885,25.79,equatorial
11.07,25.56,28.47,23.63,87.62,4.98,2.01,5.36,0.9,0.86,2021-09-18,Kribi,2021,9,261,37,49.420000000000115,87.49000000000001,219.4,551.36,0.070335929362599,0.30366666666666475,25.79,equatorial
11.87,25.24,27.32,23.81,89.83,5.8,1.99,4.09,0.89,0.86,2021-09-19,Kribi,2021,9,262,37,53.54000000000011,90.83,223.84,505.21,-0.09030408738328614,-0.03333333333333499,25.79,equatorial
14.37,25.34,27.64,24.07,90.76,10.23,1.92,3.86,0.9,0.87,2021-09-20,Kribi,2021,9,263,38,59.750000000000114,100.55000000000001,229.51000000000002,509.62,-0.07493343189454518,0.05933333333333479,25.79,equatorial
14.5,25.49,27.81,24.18,91.33,13.03,2.62,4.71,0.9,0.87,2021-09-21,Kribi,2021,9,264,38,71.87000000000012,112.25000000000001,238.23000000000002,508.9,-0.07742507393401735,0.19399999999999906,25.79,equatorial
18.62,25.27,27.5,24.16,91.59,36.27,2.35,4.06,0.92,0.91,2021-09-22,Kribi,2021,9,265,38,106.00000000000011,146.89,273.1,538.58,0.02595519028812731,-0.011666666666663161,25.56,equatorial
16.39,26.29,29.65,24.05,84.67,2.19,1.43,5.09,0.93,0.88,2021-09-23,Kribi,2021,9,266,38,89.42000000000013,145.87,271.38,537.03,0.02055073185814058,0.9683333333333302,26.29,equatorial
20.7,25.51,27.74,24.28,90.38,24.31,1.99,3.92,0.92,0.9,2021-09-24,Kribi,2021,9,267,38,96.81000000000012,157.8,285.46000000000004,553.45,0.07775456073953399,0.17300000000000182,26.29,equatorial
7.41,24.71,26.39,23.61,88.64,5.33,1.72,3.04,0.94,0.9,2021-09-25,Kribi,2021,9,268,38,97.16000000000012,146.58,285.26,551.4100000000001,0.07062978993490027,-0.602999999999998,26.29,equatorial
18.54,25.1,27.53,23.47,86.11,2.27,1.85,3.96,0.93,0.89,2021-09-26,Kribi,2021,9,269,38,93.63000000000012,147.17000000000002,282.21000000000004,545.11,0.048657019737060686,-0.20333333333333314,26.29,equatorial
13.88,24.95,26.84,23.91,91.23,6.76,2.32,3.58,0.93,0.89,2021-09-27,Kribi,2021,9,270,39,90.16000000000011,149.91,280.38000000000005,544.97,0.04815905495349532,-0.34800000000000253,26.29,equatorial
15.73,24.85,26.68,23.77,91.9,2.88,2.08,2.82,0.93,0.89,2021-09-28,Kribi,2021,9,271,39,80.01000000000012,151.88,270.23,546.9,0.05487891645361468,-0.4406666666666652,26.29,equatorial
16.99,25.41,27.73,23.86,87.67,4.11,1.65,3.98,0.93,0.89,2021-09-29,Kribi,2021,9,272,39,47.850000000000115,153.85000000000002,263.97,550.23,0.06648137019667738,0.13000000000000256,26.29,equatorial
17.93,25.79,28.61,24.01,88.25,11.98,2.0,5.04,0.93,0.89,2021-09-30,Kribi,2021,9,273,39,57.640000000000114,147.06,261.28000000000003,559.09,0.09737392284113168,0.4873333333333356,25.79,equatorial
3.24,25.17,26.9,24.2,93.45,10.56,2.32,3.44,0.93,0.89,2021-10-01,Kribi,2021,10,274,39,43.890000000000114,140.7,256.16,565.98,0.12139295287153119,-0.13299999999999912,25.79,equatorial
24.79,25.52,28.11,23.89,88.84,1.65,2.25,4.47,0.93,0.88,2021-10-02,Kribi,2021,10,275,39,40.210000000000115,137.37,242.36,564.6999999999999,0.11690123460617406,0.18566666666666265,25.79,equatorial
21.4,25.64,28.18,24.07,89.26,3.06,2.16,4.2,0.92,0.88,2021-10-03,Kribi,2021,10,276,39,41.000000000000114,134.63000000000002,233.42000000000002,562.3900000000001,0.10881450876239983,0.2729999999999997,25.79,equatorial
19.07,25.52,27.1,24.36,91.12,3.69,1.92,3.07,0.92,0.88,2021-10-04,Kribi,2021,10,277,40,37.93000000000011,128.09,231.61,550.6999999999999,0.06798164216632296,0.12466666666666626,25.79,equatorial
18.47,26.71,29.89,24.58,83.29,2.82,1.23,5.33,0.92,0.88,2021-10-05,Kribi,2021,10,278,40,37.87000000000011,117.88,231.97000000000003,547.72,0.057562316125867326,1.2390000000000008,26.71,equatorial
16.78,26.53,30.06,24.69,87.48,4.72,1.87,5.95,0.91,0.87,2021-10-06,Kribi,2021,10,279,40,38.48000000000011,86.33,236.18000000000004,549.6400000000001,0.06425620667248849,1.0090000000000003,26.71,equatorial
14.15,25.42,26.88,24.35,91.52,11.54,1.97,3.49,0.92,0.88,2021-10-07,Kribi,2021,10,280,40,38.04000000000011,95.68,246.39000000000001,558.52,0.09526264126363666,-0.09600000000000009,26.71,equatorial
17.48,26.37,29.15,24.62,89.37,4.69,1.81,4.3,0.92,0.88,2021-10-08,Kribi,2021,10,281,40,32.170000000000115,76.06,249.45000000000002,559.52,0.09873709118449875,0.8443333333333349,26.71,equatorial
3.48,25.66,27.22,24.85,94.32,11.14,2.1,2.76,0.92,0.88,2021-10-09,Kribi,2021,10,282,40,41.66000000000011,81.87,257.38,564.25,0.11524628924966936,0.1543333333333301,26.71,equatorial
6.73,25.82,27.7,24.82,92.51,14.77,1.95,3.12,0.93,0.89,2021-10-10,Kribi,2021,10,283,40,53.37000000000011,94.37,259.77,565.21,0.1185781625914675,0.3113333333333337,26.71,equatorial
16.26,25.83,28.4,24.42,90.56,7.78,2.07,4.13,0.93,0.89,2021-10-11,Kribi,2021,10,284,41,57.460000000000115,95.39,251.00000000000003,565.85,0.12079130451982224,0.314666666666664,26.71,equatorial
20.14,26.06,28.67,24.54,90.39,31.2,1.92,4.3,0.95,0.92,2021-10-12,Kribi,2021,10,285,41,85.84000000000012,123.71000000000001,280.52000000000004,586.56,0.1931819387737364,0.5103333333333318,26.53,equatorial
6.53,25.52,27.16,24.55,92.85,3.4,2.11,2.82,0.95,0.9,2021-10-13,Kribi,2021,10,286,41,84.52000000000011,123.0,279.90000000000003,578.38,0.16453357675408017,-0.04899999999999949,26.37,equatorial
21.07,25.19,26.84,24.03,90.92,1.7,1.94,2.71,0.95,0.9,2021-10-14,Kribi,2021,10,287,41,74.6800000000001,112.72,280.69,576.98,0.15960229895416062,-0.375,26.37,equatorial
23.56,25.44,27.12,24.51,90.91,1.48,2.28,2.99,0.94,0.9,2021-10-15,Kribi,2021,10,288,41,71.47000000000011,103.64,280.03000000000003,576.95,0.15946435020258448,-0.11333333333332973,26.06,equatorial
13.87,25.58,27.64,24.31,90.29,2.77,1.94,3.42,0.94,0.9,2021-10-16,Kribi,2021,10,289,41,63.10000000000011,104.75999999999999,264.03,578.05,0.16328072320507545,0.013666666666665606,26.06,equatorial
21.14,25.94,28.93,23.99,84.89,4.7,1.85,6.32,0.94,0.89,2021-10-17,Kribi,2021,10,290,41,53.030000000000115,106.4,251.81000000000003,581.23,0.1743771594954256,0.3589999999999982,26.06,equatorial
12.0,25.89,28.24,24.46,89.22,5.88,2.22,4.43,0.93,0.89,2021-10-18,Kribi,2021,10,291,42,51.13000000000011,108.58999999999999,252.71,586.3000000000001,0.1920897166414887,0.2980000000000018,26.06,equatorial
5.97,24.61,25.47,23.67,93.88,27.26,2.8,3.35,0.94,0.91,2021-10-19,Kribi,2021,10,292,42,47.19000000000011,133.03,274.17,611.46,0.28014402758074236,-0.9610000000000021,25.94,equatorial
14.21,24.88,26.85,23.65,88.88,6.51,2.13,4.28,0.95,0.9,2021-10-20,Kribi,2021,10,293,42,50.30000000000012,134.82,270.45,615.9,0.29563196041944606,-0.6756666666666717,25.94,equatorial
18.02,25.11,27.41,23.46,88.09,8.01,1.84,3.59,0.95,0.9,2021-10-21,Kribi,2021,10,294,42,56.61000000000011,131.29,265.43000000000006,622.03,0.3170381473709486,-0.4330000000000034,25.94,equatorial
4.11,25.83,28.87,23.94,88.37,8.82,2.47,5.96,0.95,0.9,2021-10-22,Kribi,2021,10,295,42,63.95000000000012,135.42,237.98,629.5,0.3431368054793782,0.26833333333333087,25.94,equatorial
16.26,25.1,26.66,24.0,87.71,6.73,1.81,3.65,0.95,0.9,2021-10-23,Kribi,2021,10,296,42,67.91000000000011,131.01,242.52,635.87,0.3653787709665317,-0.42199999999999704,25.94,equatorial
20.96,26.21,29.63,23.98,82.87,1.46,1.6,4.89,0.94,0.89,2021-10-24,Kribi,2021,10,297,42,64.67000000000012,117.7,219.67000000000002,637.14,0.3697461338342831,0.6646666666666654,26.21,equatorial
11.7,25.64,27.2,24.67,92.37,7.21,1.81,2.8,0.94,0.9,2021-10-25,Kribi,2021,10,298,43,66.00000000000011,117.13,221.55,644.04,0.3938458991366838,0.06366666666666632,26.21,equatorial
18.87,25.89,28.62,24.27,88.3,5.26,1.97,4.45,0.94,0.9,2021-10-26,Kribi,2021,10,299,43,44.000000000000114,91.19,224.54000000000002,649.05,0.4113172051145767,0.2873333333333328,26.21,equatorial
17.12,26.25,29.28,24.57,87.7,7.44,1.9,5.22,0.94,0.89,2021-10-27,Kribi,2021,10,300,43,44.93000000000011,95.23,225.22000000000003,656.0600000000001,0.4357982031149693,0.6039999999999992,26.25,equatorial
17.76,25.91,28.56,24.28,89.05,3.05,2.13,4.45,0.93,0.89,2021-10-28,Kribi,2021,10,301,43,39.97000000000011,96.58,225.39000000000001,656.22,0.43625527976993334,0.22866666666666902,26.25,equatorial
19.0,26.7,30.13,24.47,86.68,2.64,1.73,4.9,0.93,0.88,2021-10-29,Kribi,2021,10,302,43,33.79000000000011,97.74,223.92000000000002,654.42,0.4298382704048682,0.9756666666666653,26.7,equatorial
14.51,26.27,28.39,24.88,90.21,4.4,1.91,3.96,0.92,0.88,2021-10-30,Kribi,2021,10,303,43,31.460000000000115,99.37,216.34000000000003,653.5,0.42650909546048893,0.5296666666666638,26.7,equatorial
11.46,25.48,26.93,24.77,92.56,3.08,2.45,2.92,0.92,0.88,2021-10-31,Kribi,2021,10,304,43,33.08000000000011,97.75,208.86,652.95,0.4244785483884003,-0.27066666666666706,26.7,equatorial
14.22,25.15,26.14,24.19,95.33,8.27,2.79,2.58,0.92,0.88,2021-11-01,Kribi,2021,11,305,44,34.140000000000114,100.14,215.48000000000002,657.35,0.4398174632249774,-0.5883333333333347,26.7,equatorial
16.1,25.67,28.7,23.84,87.11,9.79,1.78,4.52,0.93,0.89,2021-11-02,Kribi,2021,11,306,44,38.670000000000115,82.67,222.21,666.0899999999999,0.47038488164741477,-0.06933333333332925,26.7,equatorial
21.36,25.81,28.56,23.96,88.17,1.66,1.77,3.88,0.93,0.88,2021-11-03,Kribi,2021,11,307,44,32.890000000000114,77.82,220.18,663.1,0.4597751788205168,0.06099999999999639,26.7,equatorial
23.17,26.25,29.23,24.29,85.58,1.0,1.37,3.81,0.92,0.88,2021-11-04,Kribi,2021,11,308,44,30.840000000000114,70.81,218.36,655.25,0.43210595826866466,0.516333333333332,26.7,equatorial
16.06,26.51,29.85,24.67,87.12,1.8,1.75,4.17,0.91,0.87,2021-11-05,Kribi,2021,11,309,44,30.000000000000114,63.79,215.44000000000003,655.6,0.4332323683124652,0.777000000000001,26.51,equatorial
12.71,25.9,27.92,24.65,93.05,4.33,2.11,2.77,0.91,0.87,2021-11-06,Kribi,2021,11,310,44,29.930000000000113,61.39,208.23000000000002,656.85,0.4375192111981559,0.15099999999999625,26.51,equatorial
3.38,25.47,26.3,24.48,93.76,6.32,2.27,2.18,0.92,0.88,2021-11-07,Kribi,2021,11,311,44,33.170000000000115,66.25,209.86,657.35,0.43917124573324673,-0.24900000000000233,26.51,equatorial
11.28,26.13,29.0,24.4,87.87,3.02,1.8,4.13,0.91,0.87,2021-11-08,Kribi,2021,11,312,45,27.920000000000112,62.059999999999995,201.74,651.3299999999999,0.4179192170639336,0.3953333333333333,26.51,equatorial
17.32,26.12,28.7,24.7,90.7,5.8,2.03,3.64,0.91,0.87,2021-11-09,Kribi,2021,11,313,45,23.930000000000113,62.6,192.77000000000004,647.97,0.4060159818299048,0.37533333333333374,26.51,equatorial
15.77,26.0,28.22,24.58,91.16,16.83,1.8,3.47,0.92,0.89,2021-11-10,Kribi,2021,11,314,45,39.10000000000011,71.99000000000001,201.82000000000002,659.7199999999999,0.44721154157465826,0.24966666666666626,26.51,equatorial
6.94,25.86,27.85,24.69,92.09,11.04,2.2,3.58,0.93,0.89,2021-11-11,Kribi,2021,11,315,45,49.140000000000114,79.98,181.66000000000003,668.97,0.47961390928158515,0.11633333333332985,26.51,equatorial
19.28,25.99,28.74,24.15,88.88,26.61,2.09,4.25,0.94,0.91,2021-11-12,Kribi,2021,11,316,45,73.9500000000001,103.95,204.87,694.72,0.5700059914431114,0.2306666666666608,26.13,equatorial
21.13,26.17,28.07,24.96,89.57,1.61,1.98,2.81,0.94,0.89,2021-11-13,Kribi,2021,11,317,45,71.2300000000001,101.16,204.78000000000003,693.2600000000001,0.5647231609570174,0.37800000000000367,26.17,equatorial
5.55,25.79,27.53,24.58,90.26,4.28,2.01,3.19,0.94,0.89,2021-11-14,Kribi,2021,11,318,45,69.19000000000011,102.36,207.58000000000004,693.62,0.5658405079250759,-0.013666666666669158,26.17,equatorial
21.96,26.33,29.63,24.36,87.85,5.84,2.15,5.13,0.93,0.89,2021-11-15,Kribi,2021,11,319,46,72.0100000000001,99.93,210.65,691.14,0.5569714035453427,0.5013333333333314,26.33,equatorial
12.22,25.43,27.58,24.01,91.58,17.79,2.56,4.22,0.94,0.91,2021-11-16,Kribi,2021,11,320,46,84.00000000000011,107.92999999999999,223.74000000000004,698.1,0.5813027623983937,-0.38166666666666416,26.33,equatorial
20.27,26.45,30.4,23.7,83.49,3.02,1.38,6.89,0.94,0.89,2021-11-17,Kribi,2021,11,321,46,70.19000000000011,109.29,220.88,692.99,0.5631751220455231,0.6196666666666673,26.45,equatorial
21.29,26.61,29.92,24.38,85.56,6.05,1.56,4.36,0.93,0.89,2021-11-18,Kribi,2021,11,322,46,65.2000000000001,114.34,199.67000000000002,697.68,0.579525575995184,0.713000000000001,26.61,equatorial
9.5,26.38,29.16,24.71,90.11,10.35,1.84,3.97,0.94,0.9,2021-11-19,Kribi,2021,11,323,46,48.94000000000011,122.89,203.51000000000002,703.47,0.599741548901956,0.43299999999999983,26.61,equatorial
18.73,26.49,29.28,24.81,89.24,10.87,1.75,3.96,0.94,0.9,2021-11-20,Kribi,2021,11,324,46,58.20000000000011,129.43,206.37,710.03,0.6226609061457784,0.4969999999999999,26.61,equatorial
17.08,26.38,28.38,25.04,88.24,5.39,1.46,2.79,0.94,0.9,2021-11-21,Kribi,2021,11,325,46,59.31000000000011,128.5,202.94,714.02,0.6365296404380182,0.36866666666666603,26.61,equatorial
17.13,26.89,30.01,25.06,85.22,1.39,1.46,3.92,0.94,0.89,2021-11-22,Kribi,2021,11,326,47,54.86000000000011,126.87,197.60000000000002,711.5,0.627483444170955,0.8189999999999991,26.89,equatorial
14.85,26.28,28.8,24.88,89.37,2.19,1.99,3.41,0.93,0.89,2021-11-23,Kribi,2021,11,327,47,39.260000000000105,123.26,198.33,703.46,0.5990109534808031,0.20666666666667055,26.89,equatorial
19.62,25.89,27.63,24.77,90.62,2.03,1.97,2.54,0.93,0.89,2021-11-24,Kribi,2021,11,328,47,38.27000000000011,108.46000000000001,193.15,699.96,0.5865285480528838,-0.19166666666666288,26.89,equatorial
20.09,26.84,30.49,24.52,84.98,1.4,1.79,4.88,0.92,0.88,2021-11-25,Kribi,2021,11,329,47,33.62000000000011,98.82,189.29000000000002,696.04,0.5725708520993118,0.7266666666666666,26.89,equatorial
20.23,27.05,30.72,24.9,84.74,1.17,1.75,4.63,0.92,0.87,2021-11-26,Kribi,2021,11,330,47,24.44000000000011,73.38,183.02,688.62,0.546292268567617,0.9100000000000037,27.05,equatorial
17.94,27.2,30.97,25.21,84.02,2.38,1.55,4.96,0.91,0.87,2021-11-27,Kribi,2021,11,331,47,15.95000000000011,74.15,182.35,677.97,0.5086441147971915,1.0169999999999995,27.2,equatorial
20.71,26.58,29.85,24.91,86.97,4.7,1.85,4.47,0.91,0.87,2021-11-28,Kribi,2021,11,332,47,15.260000000000108,74.57,184.41000000000003,672.3,0.48854517964822447,0.4009999999999998,27.2,equatorial
19.07,26.55,29.98,24.44,87.03,3.76,2.06,4.9,0.91,0.87,2021-11-29,Kribi,2021,11,333,48,17.63000000000011,72.49,183.77,661.39,0.4499893011932599,0.36166666666666814,27.2,equatorial
18.31,26.56,29.43,24.94,88.07,4.08,1.93,3.87,0.9,0.86,2021-11-30,Kribi,2021,11,334,48,19.52000000000011,58.78,184.77,649.79,0.4090079350343883,0.3356666666666648,27.2,equatorial
14.81,26.96,29.96,25.34,85.82,2.81,1.72,4.03,0.9,0.86,2021-12-01,Kribi,2021,12,335,48,20.30000000000011,58.57,179.31,637.15,0.36436634286269953,0.6753333333333345,27.2,equatorial
20.52,26.13,28.03,25.04,92.05,1.74,2.17,2.44,0.9,0.86,2021-12-02,Kribi,2021,12,336,48,20.64000000000011,54.26,171.26000000000002,626.89,0.32811856325924027,-0.1700000000000017,27.2,equatorial
2.67,25.77,27.77,24.86,90.21,15.38,2.13,3.52,0.9,0.88,2021-12-03,Kribi,2021,12,337,48,34.85000000000011,59.29,184.98,636.77,0.36287956908129676,-0.5286666666666662,27.2,equatorial
22.07,27.2,30.79,24.96,81.77,0.62,1.32,4.15,0.9,0.86,2021-12-04,Kribi,2021,12,338,48,33.09000000000011,49.040000000000006,184.6,634.93,0.3563102645629225,0.8696666666666673,27.2,equatorial
13.85,26.37,27.66,25.58,93.48,5.1,2.11,1.97,0.9,0.86,2021-12-05,Kribi,2021,12,339,48,33.49000000000011,48.75,187.9,639.52,0.3724188728256567,0.044333333333334224,27.2,equatorial
10.48,26.33,28.2,25.35,88.61,5.67,1.84,2.51,0.9,0.87,2021-12-06,Kribi,2021,12,340,49,35.40000000000011,53.03,189.24,643.86,0.387643872235212,-0.010000000000001563,27.2,equatorial
18.91,26.4,28.97,25.06,88.06,0.7,1.65,2.55,0.9,0.86,2021-12-07,Kribi,2021,12,341,49,32.02000000000011,51.54,183.62,642.93,0.3842748933830468,0.028999999999999915,27.2,equatorial
19.67,26.13,28.39,24.86,88.82,0.75,1.8,2.56,0.9,0.86,2021-12-08,Kribi,2021,12,342,49,29.96000000000011,50.260000000000005,181.35,640.47,0.3755076791910645,-0.24099999999999966,27.2,equatorial
19.71,27.65,31.19,25.37,81.23,0.55,1.24,4.41,0.89,0.85,2021-12-09,Kribi,2021,12,343,49,28.77000000000011,49.41,176.10000000000002,628.6400000000001,0.33367299366775366,1.227999999999998,27.65,equatorial
18.39,27.55,31.04,25.3,83.27,0.5,1.46,4.45,0.89,0.85,2021-12-10,Kribi,2021,12,344,49,13.89000000000011,48.74,159.77,612.59,0.2769455362472397,1.0763333333333378,27.65,equatorial
10.19,27.17,30.31,25.41,86.59,0.7,1.88,3.66,0.88,0.84,2021-12-11,Kribi,2021,12,345,49,13.97000000000011,47.06,149.43,611.61,0.27342684765171105,0.6526666666666685,27.65,equatorial
17.8,27.09,29.95,25.52,84.88,0.05,1.79,3.74,0.87,0.84,2021-12-12,Kribi,2021,12,346,49,8.92000000000011,42.41,122.87000000000002,607.6400000000001,0.2593500979198115,0.5360000000000049,27.65,equatorial
18.27,27.35,31.03,25.16,84.03,0.02,1.82,4.35,0.87,0.83,2021-12-13,Kribi,2021,12,347,50,3.27000000000011,38.67,121.28000000000002,606.75,0.2561522475892545,0.7566666666666713,27.65,equatorial
18.95,27.19,30.85,25.47,85.1,0.02,1.89,4.08,0.86,0.83,2021-12-14,Kribi,2021,12,348,50,2.5900000000001104,34.61,117.02000000000001,604.63,0.2486095930790945,0.5500000000000007,27.65,equatorial
11.73,26.87,29.91,25.02,85.1,0.05,1.92,3.47,0.85,0.82,2021-12-15,Kribi,2021,12,349,50,1.89000000000011,31.849999999999998,111.23,585.91,0.18241605303426775,0.21199999999999974,27.65,equatorial
12.68,26.64,29.06,25.02,84.14,0.13,1.5,3.01,0.85,0.82,2021-12-16,Kribi,2021,12,350,50,1.47000000000011,30.240000000000002,93.57000000000002,569.12,0.12304435534907397,-0.05833333333333357,27.55,equatorial
18.74,27.05,30.66,24.77,82.99,27.35,1.77,5.02,0.86,0.87,2021-12-17,Kribi,2021,12,351,50,28.32000000000011,42.21,117.9,591.49,0.20208892522872637,0.33166666666667055,27.35,equatorial
15.07,26.85,29.79,24.98,85.34,47.64,1.83,4.12,0.9,0.91,2021-12-18,Kribi,2021,12,352,50,75.2600000000001,89.23,159.49,633.3299999999999,0.34995894870076655,0.12366666666666859,27.35,equatorial
17.72,27.65,31.09,25.53,83.59,33.32,1.49,4.83,0.93,0.91,2021-12-19,Kribi,2021,12,353,50,108.53000000000011,117.44999999999999,182.46,656.4200000000001,0.4315192536465851,0.881333333333334,27.65,equatorial
17.17,27.98,31.46,25.76,83.73,28.23,1.3,5.15,0.94,0.91,2021-12-20,Kribi,2021,12,354,51,136.7400000000001,140.01000000000002,199.82000000000002,671.62,0.48516696701765316,1.1616666666666688,27.98,equatorial
18.43,28.45,32.31,25.93,79.71,12.08,1.28,5.22,0.94,0.9,2021-12-21,Kribi,2021,12,355,51,148.80000000000013,151.39,206.51000000000002,647.43,0.3994983031215206,1.562666666666665,28.45,equatorial
16.98,27.9,31.23,25.74,83.22,15.51,1.07,5.49,0.94,0.9,2021-12-22,Kribi,2021,12,356,51,164.2600000000001,166.14999999999998,220.63,660.75,0.44652355899170265,0.9789999999999992,28.45,equatorial
16.09,27.46,30.6,24.82,82.07,19.03,1.64,5.47,0.94,0.91,2021-12-23,Kribi,2021,12,357,51,183.1600000000001,184.63,237.47000000000003,655.47,0.42773905597082007,0.49966666666666626,28.45,equatorial
18.36,27.44,30.66,25.59,83.83,17.96,1.61,4.58,0.95,0.91,2021-12-24,Kribi,2021,12,358,51,173.77000000000012,202.09,253.4,668.0999999999999,0.4723288820240396,0.4280000000000008,28.45,equatorial
16.34,26.7,29.21,25.2,89.35,31.74,2.3,4.25,0.96,0.93,2021-12-25,Kribi,2021,12,359,51,157.87000000000012,233.13,283.74,697.5699999999999,0.5765014672771969,-0.3073333333333359,28.45,equatorial
15.73,26.58,28.84,25.3,87.78,19.38,2.11,3.41,0.96,0.93,2021-12-26,Kribi,2021,12,360,51,143.93000000000012,252.46,301.95,710.1899999999999,0.6210132092864916,-0.41166666666666885,28.45,equatorial
14.44,26.99,29.94,25.12,84.36,5.68,1.66,4.24,0.96,0.92,2021-12-27,Kribi,2021,12,361,52,121.38000000000011,258.12,305.25,712.99,0.630754919062231,0.005333333333332746,28.45,equatorial
8.23,25.61,26.81,24.98,92.6,16.6,2.18,2.43,0.96,0.93,2021-12-28,Kribi,2021,12,362,52,125.90000000000012,274.70000000000005,317.15,725.48,0.6747932687779653,-1.3423333333333325,27.9,equatorial
7.31,25.48,27.06,24.67,89.56,7.97,2.06,2.72,0.96,0.93,2021-12-29,Kribi,2021,12,363,52,118.36000000000011,282.62,321.36,721.4699999999999,0.660405544200656,-1.4366666666666674,27.46,equatorial
20.54,26.65,29.91,24.61,81.73,0.55,1.74,3.97,0.96,0.92,2021-12-30,Kribi,2021,12,364,52,99.88000000000011,283.04,317.83000000000004,711.46,0.6247796099177443,-0.26966666666666583,27.44,equatorial
17.68,26.08,28.28,25.04,89.43,4.89,2.03,3.21,0.95,0.92,2021-12-31,Kribi,2021,12,365,52,86.8100000000001,260.58,319.91,714.7,0.6360824884415396,-0.810333333333336,26.99,equatorial
11.21,26.12,28.46,24.68,87.01,1.87,1.77,3.18,0.95,0.91,2022-01-01,Kribi,2022,1,1,52,56.940000000000104,214.81,320.04,713.51,0.6316936626291376,-0.7699999999999996,26.99,equatorial
17.41,26.75,30.14,24.69,84.44,0.91,1.81,4.05,0.95,0.9,2022-01-02,Kribi,2022,1,2,52,38.470000000000105,182.4,305.57000000000005,710.73,0.6216748182990961,-0.17266666666666808,26.99,equatorial
14.03,26.29,29.26,24.8,86.96,0.67,1.95,3.3,0.94,0.9,2022-01-03,Kribi,2022,1,3,1,33.46000000000011,154.83999999999997,305.62,708.5799999999999,0.613890672118295,-0.602333333333334,26.75,equatorial
18.52,26.26,29.32,24.43,85.43,0.1,2.29,4.49,0.94,0.89,2022-01-04,Kribi,2022,1,4,1,16.960000000000107,142.86,300.62,703.9599999999999,0.5973583638271369,-0.628666666666664,26.75,equatorial
19.86,27.17,31.07,24.66,81.17,0.55,1.47,6.21,0.93,0.88,2022-01-05,Kribi,2022,1,5,1,9.540000000000108,127.9,295.50000000000006,692.97,0.5582601905841288,0.25333333333333385,27.17,equatorial
17.15,27.48,31.27,25.18,82.2,0.53,1.47,4.56,0.92,0.87,2022-01-06,Kribi,2022,1,6,1,9.520000000000106,109.4,295.33,688.8100000000001,0.5433753140440266,0.5273333333333348,27.48,equatorial
18.73,27.25,30.99,25.07,84.77,1.11,1.76,4.29,0.91,0.87,2022-01-07,Kribi,2022,1,7,1,5.740000000000107,92.55,295.69,678.7800000000001,0.5076886869172883,0.26000000000000156,27.48,equatorial
19.32,26.82,29.4,25.24,87.68,1.99,1.8,3.21,0.91,0.86,2022-01-08,Kribi,2022,1,8,1,5.860000000000107,62.8,297.13000000000005,666.0,0.46226033673394396,-0.1423333333333332,27.48,equatorial
10.45,26.54,28.52,25.4,90.42,2.39,1.95,2.54,0.91,0.86,2022-01-09,Kribi,2022,1,9,1,7.340000000000106,45.81,299.02000000000004,660.61,0.4430407203564052,-0.38866666666666916,27.48,equatorial
16.63,26.34,27.98,25.24,91.36,1.97,2.15,2.22,0.9,0.86,2022-01-10,Kribi,2022,1,10,2,8.640000000000107,42.1,300.28999999999996,631.38,0.3392828001450511,-0.5609999999999999,27.48,equatorial
8.02,26.53,29.2,25.08,87.88,1.09,2.04,3.3,0.9,0.86,2022-01-11,Kribi,2022,1,11,2,9.630000000000107,26.59,301.33000000000004,629.0699999999999,0.33101587605471444,-0.35233333333333405,27.48,equatorial
16.43,26.06,28.27,24.85,88.09,1.03,2.14,2.92,0.9,0.86,2022-01-12,Kribi,2022,1,12,2,10.110000000000106,19.650000000000002,302.34,628.4,0.3285675867355902,-0.7793333333333372,27.48,equatorial
16.16,26.04,28.42,24.6,89.22,0.72,2.27,2.89,0.89,0.85,2022-01-13,Kribi,2022,1,13,2,10.300000000000107,19.82,303.04,627.64,0.32580021077704835,-0.7609999999999992,27.25,equatorial
17.72,26.02,27.74,24.9,90.62,0.88,2.04,1.95,0.89,0.85,2022-01-14,Kribi,2022,1,14,2,10.070000000000107,15.809999999999999,303.87,625.75,0.3190230214055009,-0.7526666666666664,26.82,equatorial
8.6,26.37,28.61,25.18,89.48,2.0,2.27,2.82,0.89,0.85,2022-01-15,Kribi,2022,1,15,2,10.080000000000107,15.94,305.74,623.05,0.30937140200231844,-0.3936666666666646,26.54,equatorial
12.12,26.01,28.67,24.4,88.36,1.29,2.42,4.0,0.88,0.85,2022-01-16,Kribi,2022,1,16,2,8.980000000000107,16.32,279.68,618.46,0.2930109821540612,-0.7189999999999976,26.53,equatorial
15.55,25.6,27.42,24.55,88.95,0.95,2.14,2.35,0.88,0.84,2022-01-17,Kribi,2022,1,17,3,7.9600000000001065,16.6,232.99,592.15,0.1995301180650646,-1.0873333333333335,26.53,equatorial
20.63,26.31,29.15,24.46,83.97,0.62,1.55,3.37,0.88,0.84,2022-01-18,Kribi,2022,1,18,3,7.490000000000106,17.119999999999997,200.29000000000002,586.26,0.1785719670394389,-0.3326666666666718,26.37,equatorial
7.94,26.75,30.59,24.56,82.84,1.01,1.9,4.31,0.87,0.84,2022-01-19,Kribi,2022,1,19,3,7.470000000000107,17.580000000000002,173.07000000000002,579.26,0.15367146042952243,0.14833333333332988,26.75,equatorial
19.41,26.5,30.28,23.9,80.45,0.08,1.74,4.21,0.86,0.83,2022-01-20,Kribi,2022,1,20,3,6.830000000000106,17.13,161.07,570.52,0.12258948823984135,-0.036666666666668846,26.75,equatorial
19.17,26.79,30.62,24.19,82.6,0.18,1.67,4.22,0.85,0.83,2022-01-21,Kribi,2022,1,21,3,6.1300000000001065,16.2,145.74,563.9699999999999,0.09928998583666684,0.2903333333333329,26.79,equatorial
19.56,26.83,30.6,24.84,83.62,0.66,1.76,4.44,0.85,0.82,2022-01-22,Kribi,2022,1,22,3,4.7900000000001075,14.870000000000001,127.37000000000002,563.1700000000001,0.09642720681961878,0.3513333333333364,26.83,equatorial
20.64,26.92,30.75,24.87,83.79,0.68,1.84,4.27,0.84,0.82,2022-01-23,Kribi,2022,1,23,3,4.180000000000106,13.16,110.09000000000002,556.64,0.07319505248136739,0.4586666666666659,26.92,equatorial
20.62,27.21,30.97,25.07,82.9,0.68,1.62,4.47,0.84,0.82,2022-01-24,Kribi,2022,1,24,4,3.9100000000001067,11.87,79.03000000000002,552.06,0.05689632820294757,0.7316666666666656,27.21,equatorial
13.03,26.94,30.16,25.19,85.26,0.91,2.1,4.42,0.83,0.81,2022-01-25,Kribi,2022,1,25,4,4.200000000000107,11.69,60.56000000000002,545.53,0.0336629424032098,0.44966666666666555,27.21,equatorial
15.94,26.88,30.82,24.64,83.58,0.16,2.18,4.78,0.82,0.81,2022-01-26,Kribi,2022,1,26,4,3.3500000000001067,10.82,55.04000000000001,542.64,0.023376850299640716,0.39333333333333087,27.21,equatorial
19.05,26.58,30.08,24.49,84.65,0.13,2.22,4.57,0.82,0.8,2022-01-27,Kribi,2022,1,27,4,3.4000000000001065,10.23,38.570000000000014,540.13,0.01444266292232135,0.06099999999999639,27.21,equatorial
17.29,27.12,31.08,24.68,82.38,0.09,1.63,4.45,0.81,0.8,2022-01-28,Kribi,2022,1,28,4,3.3100000000001066,9.440000000000001,30.690000000000015,535.82,-0.0008965076976706872,0.5463333333333331,27.21,equatorial
19.44,27.09,31.0,24.86,82.65,0.02,1.76,4.51,0.8,0.79,2022-01-29,Kribi,2022,1,29,4,2.670000000000107,7.460000000000001,30.160000000000014,532.76,-0.011786914881211334,0.5016666666666687,27.21,equatorial
16.75,27.3,30.78,25.22,81.54,0.04,1.42,4.31,0.8,0.79,2022-01-30,Kribi,2022,1,30,4,2.030000000000107,6.21,25.310000000000013,524.53,-0.04108097228438013,0.6709999999999994,27.3,equatorial
18.58,27.21,31.13,25.17,82.23,0.92,1.53,5.62,0.79,0.79,2022-01-31,Kribi,2022,1,31,5,2.2700000000001066,6.180000000000001,24.360000000000014,515.6600000000001,-0.07265361993910883,0.544666666666668,27.3,equatorial
13.47,26.8,30.11,25.07,84.38,3.14,1.74,4.95,0.79,0.79,2022-02-01,Kribi,2022,2,32,5,4.500000000000107,8.700000000000001,26.590000000000018,517.14,-0.06736914325151054,0.13300000000000267,27.3,equatorial
14.14,26.57,28.94,24.97,87.69,3.49,2.34,3.7,0.79,0.79,2022-02-02,Kribi,2022,2,33,5,7.830000000000107,11.180000000000001,29.410000000000014,519.63,-0.05848732043017455,-0.10633333333333184,27.3,equatorial
18.31,26.26,29.08,24.5,87.56,4.37,2.23,3.97,0.79,0.79,2022-02-03,Kribi,2022,2,34,5,12.070000000000107,15.47,33.680000000000014,522.2,-0.04932052783771593,-0.4163333333333341,27.3,equatorial
18.13,26.28,28.85,24.75,85.35,2.3,1.78,3.38,0.79,0.79,2022-02-04,Kribi,2022,2,35,5,14.280000000000108,17.59,35.430000000000014,520.17,-0.05654414059430136,-0.3666666666666636,27.3,equatorial
18.8,26.98,30.89,24.81,82.91,0.1,1.75,4.0,0.78,0.78,2022-02-05,Kribi,2022,2,36,5,14.360000000000108,17.03,35.000000000000014,513.95,-0.07870009641982983,0.34999999999999787,27.3,equatorial
19.93,27.13,30.62,25.17,83.12,0.0,1.61,3.68,0.78,0.78,2022-02-06,Kribi,2022,2,37,5,14.320000000000107,16.35,33.890000000000015,510.93,-0.08944958911811329,0.5039999999999978,27.21,equatorial
20.01,27.17,30.92,24.91,84.55,0.0,2.0,4.02,0.77,0.77,2022-02-07,Kribi,2022,2,38,6,13.400000000000107,15.67,31.900000000000013,505.13,-0.11011017053037689,0.5323333333333338,27.17,equatorial
18.89,27.16,30.53,25.12,85.33,0.01,2.13,4.05,0.77,0.77,2022-02-08,Kribi,2022,2,39,6,10.270000000000108,14.77,29.520000000000014,488.31,-0.1700658467845678,0.5016666666666652,27.17,equatorial
19.52,27.15,30.55,25.19,84.25,0.0,2.0,4.3,0.76,0.76,2022-02-09,Kribi,2022,2,40,6,6.780000000000108,14.61,27.550000000000015,477.27,-0.20940584920752767,0.46466666666666256,27.17,equatorial
17.91,27.06,30.45,25.1,84.89,0.06,1.84,4.03,0.76,0.76,2022-02-10,Kribi,2022,2,41,6,2.470000000000107,14.540000000000001,26.520000000000014,450.72,-0.3040689993178381,0.3569999999999993,27.17,equatorial
18.86,26.85,29.82,25.16,86.62,0.1,2.37,3.73,0.75,0.76,2022-02-11,Kribi,2022,2,42,6,0.2700000000001075,14.55,25.590000000000014,449.21,-0.30939221321194993,0.12066666666666848,27.17,equatorial
20.33,27.06,30.46,25.13,84.38,0.08,2.14,4.06,0.75,0.75,2022-02-12,Kribi,2022,2,43,6,0.25000000000010747,14.610000000000001,24.950000000000014,445.01,-0.32431358776939323,0.29666666666666686,27.17,equatorial
14.88,26.57,28.92,25.26,84.8,0.06,1.91,2.76,0.75,0.76,2022-02-13,Kribi,2022,2,44,6,0.31000000000010747,14.629999999999999,24.130000000000017,439.23,-0.3448724693731493,-0.21166666666666956,27.17,equatorial
18.66,26.99,30.1,25.21,85.38,0.06,2.28,3.67,0.74,0.75,2022-02-14,Kribi,2022,2,45,7,0.37000000000010747,13.77,22.190000000000015,421.5,-0.4080831032007983,0.1876666666666651,27.16,equatorial
21.01,26.95,30.54,24.89,84.21,0.2,2.49,4.6,0.74,0.74,2022-02-15,Kribi,2022,2,46,7,0.5600000000001075,10.83,21.100000000000016,418.68,-0.41805872896428464,0.1163333333333334,27.15,equatorial
16.81,26.82,29.94,25.0,85.62,0.5,2.46,4.28,0.74,0.74,2022-02-16,Kribi,2022,2,47,7,1.0600000000001075,7.839999999999999,20.650000000000013,413.13,-0.4377802534868004,-0.054333333333332234,27.06,equatorial
19.2,26.97,30.28,24.86,84.45,0.3,2.32,4.32,0.73,0.74,2022-02-17,Kribi,2022,2,48,7,1.3000000000001073,3.77,20.330000000000016,403.08000000000004,-0.47356788729980465,0.07366666666666433,27.06,equatorial
15.61,26.74,29.11,25.34,87.66,0.31,2.01,2.47,0.73,0.74,2022-02-18,Kribi,2022,2,49,7,1.5100000000001075,1.78,19.630000000000013,392.52000000000004,-0.5111704508501328,-0.15600000000000236,27.06,equatorial
13.02,26.72,28.87,25.47,89.81,0.55,2.35,2.63,0.73,0.74,2022-02-19,Kribi,2022,2,50,7,1.9800000000001075,2.23,20.100000000000016,387.68,-0.5283344813708608,-0.18333333333333002,26.99,equatorial
18.91,26.86,29.4,25.39,84.23,0.21,1.79,3.37,0.73,0.74,2022-02-20,Kribi,2022,2,51,7,2.1300000000001074,2.44,20.130000000000017,386.5,-0.5324202588365274,-0.045666666666665634,26.99,equatorial
19.21,27.25,31.14,25.09,83.0,0.1,1.85,4.19,0.72,0.73,2022-02-21,Kribi,2022,2,52,8,2.1700000000001074,2.54,19.570000000000018,384.40999999999997,-0.5397564384510757,0.3303333333333356,27.25,equatorial
17.35,27.11,30.48,25.08,84.65,0.05,2.01,3.99,0.72,0.73,2022-02-22,Kribi,2022,2,53,8,2.0200000000001075,2.58,18.940000000000012,382.43,-0.5466979763930673,0.18400000000000105,27.25,equatorial
17.21,27.05,30.26,25.14,86.49,0.09,2.32,3.98,0.71,0.72,2022-02-23,Kribi,2022,2,54,8,1.6100000000001073,2.6700000000000004,18.350000000000012,381.12,-0.5512435940566169,0.12933333333333863,27.25,equatorial
18.51,27.5,31.04,25.32,84.15,0.16,1.97,4.1,0.71,0.72,2022-02-24,Kribi,2022,2,55,8,1.4700000000001077,2.77,17.600000000000012,380.11,-0.5547159641246373,0.5606666666666662,27.5,equatorial
20.5,27.29,30.31,25.59,86.0,0.29,1.83,3.37,0.71,0.72,2022-02-25,Kribi,2022,2,56,8,1.4500000000001074,2.96,17.730000000000015,378.02000000000004,-0.5620482010391206,0.33699999999999974,27.5,equatorial
20.18,27.68,31.01,25.74,83.87,0.24,1.49,4.24,0.7,0.72,2022-02-26,Kribi,2022,2,57,8,1.1400000000001074,3.12,17.840000000000014,373.56,-0.5778516667321776,0.690333333333335,27.68,equatorial
9.1,26.95,29.3,25.7,88.89,1.08,1.97,2.42,0.7,0.72,2022-02-27,Kribi,2022,2,58,8,2.0100000000001073,4.14,18.830000000000016,370.88,-0.5872867010690164,-0.03399999999999892,27.68,equatorial
12.64,26.14,27.64,25.32,90.41,2.71,2.36,2.13,0.71,0.73,2022-02-28,Kribi,2022,2,59,9,4.620000000000108,6.79,21.520000000000014,369.51,-0.5920348158418628,-0.8123333333333349,27.68,equatorial
20.69,26.73,29.43,25.06,85.99,0.16,2.26,3.52,0.71,0.72,2022-03-01,Kribi,2022,3,60,9,4.730000000000107,6.75,21.640000000000015,366.86,-0.6013594830607808,-0.20333333333333314,27.68,equatorial
20.79,26.79,29.47,25.08,87.72,2.67,2.35,3.54,0.7,0.72,2022-03-02,Kribi,2022,3,61,9,7.310000000000107,8.92,23.390000000000015,367.78999999999996,-0.5978766973958547,-0.12933333333333152,27.68,equatorial
17.97,26.69,28.6,25.64,88.69,3.98,2.19,2.68,0.71,0.73,2022-03-03,Kribi,2022,3,62,9,11.130000000000107,12.6,24.230000000000015,356.39,-0.6385018588760784,-0.22566666666666535,27.68,equatorial
10.87,26.24,28.21,25.3,89.78,5.16,2.14,2.73,0.71,0.74,2022-03-04,Kribi,2022,3,63,9,16.000000000000107,17.450000000000003,25.900000000000013,360.93,-0.6220881750554379,-0.6646666666666725,27.68,equatorial
22.54,26.68,29.46,24.95,87.62,3.01,2.32,4.0,0.71,0.73,2022-03-05,Kribi,2022,3,64,9,18.77000000000011,19.91,24.540000000000013,358.84000000000003,-0.6294016362931643,-0.23866666666666347,26.95,equatorial
22.2,26.8,29.36,25.02,85.38,3.32,2.19,3.86,0.71,0.73,2022-03-06,Kribi,2022,3,65,9,21.010000000000105,23.02,25.560000000000013,356.49,-0.6376433323496777,-0.13599999999999568,26.8,equatorial
19.48,26.82,28.98,25.29,86.61,4.98,2.12,3.57,0.71,0.74,2022-03-07,Kribi,2022,3,66,10,23.280000000000108,27.900000000000002,30.440000000000015,360.77000000000004,-0.622155074798869,-0.11066666666666336,26.82,equatorial
19.39,27.2,29.61,25.75,85.76,3.05,1.89,3.31,0.71,0.73,2022-03-08,Kribi,2022,3,67,10,26.17000000000011,30.900000000000002,33.490000000000016,363.07,-0.6137583620932957,0.26699999999999946,27.2,equatorial
14.93,26.72,28.62,25.66,89.14,9.12,2.13,2.78,0.72,0.75,2022-03-09,Kribi,2022,3,68,10,32.620000000000104,39.93,42.610000000000014,371.64,-0.5829191004437639,-0.1980000000000004,27.2,equatorial
3.0,26.32,28.26,25.35,90.13,10.44,2.16,2.62,0.73,0.77,2022-03-10,Kribi,2022,3,69,10,39.080000000000105,50.209999999999994,53.04000000000001,381.58,-0.5471825692703141,-0.5700000000000003,27.2,equatorial
17.3,26.49,28.58,25.44,89.38,4.4,2.16,2.72,0.73,0.75,2022-03-11,Kribi,2022,3,70,10,38.32000000000011,54.31999999999999,57.44000000000001,385.28000000000003,-0.5337983030256715,-0.3780000000000001,27.2,equatorial
16.63,26.66,29.08,25.29,86.53,1.64,1.64,3.0,0.73,0.74,2022-03-12,Kribi,2022,3,71,10,36.9500000000001,55.72,59.02000000000001,386.87,-0.527973547006967,-0.19466666666666654,27.2,equatorial
11.96,26.58,29.03,24.89,86.38,0.55,2.2,3.43,0.72,0.73,2022-03-13,Kribi,2022,3,72,10,34.180000000000106,55.19,59.47000000000001,387.40000000000003,-0.5259468084731606,-0.26566666666666805,27.2,equatorial
15.41,26.96,29.2,25.52,85.21,0.41,1.6,2.66,0.71,0.73,2022-03-14,Kribi,2022,3,73,11,29.61000000000011,52.89,59.80000000000001,387.78999999999996,-0.5244220845419928,0.11766666666666836,27.2,equatorial
11.97,26.59,28.24,25.68,91.32,1.04,2.27,2.09,0.71,0.73,2022-03-15,Kribi,2022,3,74,11,27.600000000000108,53.769999999999996,60.78000000000001,388.78,-0.5207480584540862,-0.2530000000000001,26.96,equatorial
16.17,26.89,29.46,25.47,86.41,0.61,1.73,3.03,0.71,0.72,2022-03-16,Kribi,2022,3,75,11,19.090000000000106,51.709999999999994,61.330000000000005,389.26,-0.5189023411920047,0.05033333333333445,26.96,equatorial
18.61,27.08,29.58,25.33,86.74,1.56,1.75,3.02,0.71,0.72,2022-03-17,Kribi,2022,3,76,11,10.210000000000107,49.29,62.69000000000001,363.47,-0.6112011202887242,0.2359999999999971,27.08,equatorial
17.14,27.53,31.27,25.21,83.98,1.91,1.73,4.47,0.71,0.72,2022-03-18,Kribi,2022,3,77,11,7.720000000000106,46.04,64.10000000000001,317.74,-0.7749290878355497,0.6623333333333363,27.53,equatorial
12.98,26.82,29.09,25.54,89.71,3.95,1.85,3.0,0.71,0.73,2022-03-19,Kribi,2022,3,78,11,10.030000000000108,46.98,67.75000000000001,288.37,-0.8799458987583105,-0.04266666666666552,27.53,equatorial
9.03,26.69,29.21,25.23,89.35,2.58,1.92,2.97,0.71,0.73,2022-03-20,Kribi,2022,3,79,11,12.060000000000105,46.239999999999995,70.02000000000001,262.72,-0.9715656475726191,-0.17099999999999582,27.53,equatorial
15.93,26.85,29.87,25.03,86.77,0.94,2.11,3.92,0.71,0.72,2022-03-21,Kribi,2022,3,80,12,12.590000000000106,42.199999999999996,70.41000000000001,251.58,-1.0111249800903996,-0.01533333333333431,27.53,equatorial
17.34,26.99,30.1,25.13,86.84,0.54,2.3,4.2,0.7,0.71,2022-03-22,Kribi,2022,3,81,12,12.090000000000106,39.69,70.74000000000001,236.60999999999999,-1.0643755931157213,0.12033333333333118,27.53,equatorial
20.56,27.1,30.18,25.21,86.81,0.86,1.99,3.91,0.7,0.71,2022-03-23,Kribi,2022,3,82,12,12.340000000000108,31.43,71.50000000000001,218.44,-1.1290431138228028,0.23533333333333317,27.53,equatorial
21.53,27.14,29.67,25.6,87.45,1.88,1.86,3.44,0.69,0.71,2022-03-24,Kribi,2022,3,83,12,12.660000000000107,22.87,73.33000000000001,202.36,-1.1861590523032564,0.27433333333333465,27.53,equatorial
9.23,26.99,29.18,25.81,89.33,2.55,1.77,2.6,0.69,0.72,2022-03-25,Kribi,2022,3,84,12,13.300000000000107,21.02,75.79,173.17,-1.2901643838663213,0.12633333333332786,27.14,equatorial
20.6,27.43,31.08,25.29,87.7,2.48,2.09,4.39,0.7,0.72,2022-03-26,Kribi,2022,3,85,12,11.830000000000107,21.86,78.11000000000001,156.27,-1.3500275560939436,0.5686666666666653,27.43,equatorial
17.22,27.23,29.9,25.75,89.27,3.34,2.2,3.97,0.69,0.72,2022-03-27,Kribi,2022,3,86,12,12.590000000000106,24.65,81.16000000000001,153.92999999999998,-1.357683975999345,0.3706666666666685,27.43,equatorial
6.1,27.65,30.7,25.94,86.89,2.54,1.94,4.41,0.69,0.71,2022-03-28,Kribi,2022,3,87,13,14.190000000000106,26.779999999999998,83.46000000000001,139.87,-1.4072779557127957,0.7916666666666643,27.65,equatorial
14.1,27.21,30.03,25.46,86.51,2.09,1.99,4.44,0.69,0.71,2022-03-29,Kribi,2022,3,88,13,15.740000000000107,27.83,84.47000000000001,133.99,-1.427526075649044,0.34299999999999997,27.65,equatorial
19.97,27.7,31.3,25.04,83.68,0.54,1.66,5.89,0.69,0.7,2022-03-30,Kribi,2022,3,89,13,15.420000000000105,27.759999999999998,82.30000000000001,133.98,-1.4267426815608881,0.7810000000000024,27.7,equatorial
17.93,27.47,30.07,26.03,87.39,3.88,1.88,3.88,0.68,0.71,2022-03-31,Kribi,2022,3,90,13,17.420000000000105,30.080000000000002,86.02000000000001,132.97,-1.4295375324061868,0.5263333333333335,27.7,equatorial
3.85,26.0,27.06,25.15,92.42,16.54,1.99,2.41,0.7,0.76,2022-04-01,Kribi,2022,4,91,13,31.410000000000103,44.71,99.89000000000001,147.64,-1.3762514970685473,-0.9173333333333318,27.7,equatorial
14.36,26.84,29.41,25.16,83.92,6.82,1.66,4.4,0.71,0.74,2022-04-02,Kribi,2022,4,92,13,35.7500000000001,47.58,102.73000000000002,153.55,-1.3543661525944677,-0.08233333333333093,27.7,equatorial
20.44,26.27,28.23,25.21,89.82,11.23,2.29,3.33,0.72,0.76,2022-04-03,Kribi,2022,4,93,13,43.64000000000011,56.230000000000004,108.80000000000001,164.10999999999999,-1.315884375006076,-0.6533333333333324,27.7,equatorial
8.04,26.67,29.13,25.39,83.53,5.98,1.85,4.39,0.72,0.74,2022-04-04,Kribi,2022,4,94,14,47.08000000000011,61.27,111.77000000000001,169.98999999999998,-1.2941844047564872,-0.2530000000000001,27.7,equatorial
22.74,26.97,29.81,25.28,83.38,3.93,2.06,5.01,0.71,0.73,2022-04-05,Kribi,2022,4,95,14,48.92000000000011,64.66000000000001,112.38000000000002,173.37,-1.281448927061058,0.04133333333333056,27.7,equatorial
15.39,27.24,30.31,25.39,84.52,1.79,1.59,4.04,0.71,0.73,2022-04-06,Kribi,2022,4,96,14,50.17000000000011,65.59,109.19000000000001,174.63,-1.2763071895919735,0.29733333333333434,27.47,equatorial
21.06,26.91,29.58,25.33,87.68,3.35,1.89,3.74,0.71,0.73,2022-04-07,Kribi,2022,4,97,14,49.6400000000001,67.06,109.49000000000002,176.87,-1.2676693074954886,-0.022999999999996135,27.24,equatorial
15.21,27.08,29.06,25.73,89.83,7.68,1.96,3.03,0.71,0.74,2022-04-08,Kribi,2022,4,98,14,40.780000000000115,72.19,108.05000000000001,182.56,-1.246712520104299,0.134999999999998,27.24,equatorial
6.9,25.91,27.22,25.19,92.81,7.94,2.65,3.06,0.72,0.75,2022-04-09,Kribi,2022,4,99,14,41.900000000000105,77.65,105.55000000000001,188.10999999999999,-1.2262804189870273,-1.021333333333331,27.24,equatorial
24.25,26.99,30.64,24.55,82.59,1.06,1.83,5.69,0.71,0.72,2022-04-10,Kribi,2022,4,100,14,31.730000000000107,75.37,102.21000000000001,187.2,-1.228954379937559,0.04200000000000159,27.24,equatorial
16.11,27.51,30.76,25.39,82.2,1.85,1.38,5.87,0.71,0.72,2022-04-11,Kribi,2022,4,101,15,27.600000000000108,74.68,102.42000000000002,187.96,-1.2256588329624878,0.5336666666666687,27.51,equatorial
17.78,27.16,29.91,25.52,85.91,3.42,1.49,5.01,0.7,0.72,2022-04-12,Kribi,2022,4,102,15,27.090000000000106,76.01,105.29000000000002,190.35,-1.2165439285931883,0.16433333333333167,27.51,equatorial
13.17,25.98,27.56,25.23,92.57,5.17,2.29,2.27,0.7,0.73,2022-04-13,Kribi,2022,4,103,15,30.47000000000011,80.64,110.05000000000001,194.79999999999998,-1.200080351752927,-0.9830000000000005,27.51,equatorial
12.01,25.74,27.42,24.63,88.37,5.73,1.81,2.92,0.71,0.74,2022-04-14,Kribi,2022,4,104,15,32.85000000000011,82.49,114.74000000000001,199.65,-1.1822057420316132,-1.1946666666666665,27.51,equatorial
13.48,26.4,29.1,24.58,85.0,2.43,1.91,4.32,0.71,0.72,2022-04-15,Kribi,2022,4,105,15,27.600000000000108,68.38,116.56000000000002,200.08,-1.1801375816988653,-0.518333333333338,27.51,equatorial
21.87,27.29,30.87,25.11,84.34,11.8,1.91,5.61,0.72,0.76,2022-04-16,Kribi,2022,4,106,15,31.460000000000107,73.36,126.80000000000001,210.59,-1.1420692323863975,0.3646666666666647,27.51,equatorial
13.99,27.38,30.29,25.49,86.98,8.65,1.91,4.95,0.72,0.75,2022-04-17,Kribi,2022,4,107,15,39.05000000000011,70.78,133.54000000000002,218.29,-1.1140739093990102,0.45966666666666356,27.51,equatorial
16.29,26.24,28.58,24.97,90.73,21.46,2.4,4.67,0.73,0.79,2022-04-18,Kribi,2022,4,108,16,58.66000000000011,86.26000000000002,151.05,239.13,-1.039171555808819,-0.6610000000000014,27.38,equatorial
7.66,25.92,27.74,24.93,88.97,10.86,1.92,3.45,0.75,0.78,2022-04-19,Kribi,2022,4,109,16,66.10000000000011,93.19,159.33,248.98,-1.0035833565809842,-0.955333333333332,27.38,equatorial
20.51,26.55,29.33,24.49,83.77,0.96,1.59,3.99,0.74,0.75,2022-04-20,Kribi,2022,4,110,16,61.890000000000114,92.36,159.35000000000002,249.86,-1.000062467484817,-0.315333333333335,27.38,equatorial
21.13,26.4,28.31,25.22,91.03,8.63,2.21,3.64,0.74,0.76,2022-04-21,Kribi,2022,4,111,16,64.7900000000001,97.64,167.44000000000003,258.31,-0.9695041540474182,-0.44566666666666777,27.38,equatorial
20.58,26.44,28.49,25.36,90.33,2.54,2.18,3.43,0.74,0.75,2022-04-22,Kribi,2022,4,112,16,64.9000000000001,92.50000000000001,169.12,260.19,-0.9624362770470967,-0.38366666666666305,27.38,equatorial
15.72,26.71,28.98,25.32,90.67,6.06,2.24,3.74,0.74,0.75,2022-04-23,Kribi,2022,4,113,16,59.16000000000011,90.62,173.3,265.57,-0.9428705607198722,-0.09933333333333039,27.38,equatorial
10.67,25.83,26.89,25.23,93.43,7.4,2.29,2.46,0.74,0.76,2022-04-24,Kribi,2022,4,114,16,57.91000000000011,96.96,178.15,272.29,-0.9185307549430177,-0.9406666666666688,26.71,equatorial
19.12,27.21,30.4,25.14,86.05,2.95,1.71,4.68,0.74,0.75,2022-04-25,Kribi,2022,4,115,17,39.400000000000105,98.06,178.62,274.33,-0.9109259051918482,0.446666666666669,27.21,equatorial
19.74,26.25,27.51,25.18,89.74,3.35,2.06,2.54,0.74,0.75,2022-04-26,Kribi,2022,4,116,17,31.890000000000107,97.99,178.63,277.52,-0.8992172519961179,-0.48066666666666436,27.21,equatorial
11.08,25.78,27.97,24.54,90.27,30.24,2.36,4.35,0.77,0.82,2022-04-27,Kribi,2022,4,117,17,61.1700000000001,123.06,206.33,307.63,-0.7913289761709319,-0.8883333333333354,27.21,equatorial
22.95,26.4,28.57,24.79,83.29,1.07,1.84,4.41,0.77,0.76,2022-04-28,Kribi,2022,4,118,17,53.610000000000106,118.4,205.31,308.61,-0.7875864762283739,-0.2413333333333334,27.21,equatorial
11.47,26.19,27.99,25.09,87.04,2.47,1.77,3.35,0.76,0.76,2022-04-29,Kribi,2022,4,119,17,53.540000000000106,118.44,207.24,311.06,-0.7785923916081234,-0.40099999999999625,27.21,equatorial
18.28,26.68,29.48,24.88,85.68,0.47,1.57,3.4,0.75,0.75,2022-04-30,Kribi,2022,4,120,17,47.95000000000011,107.11,203.83,311.49,-0.7768220192803008,0.11533333333333218,27.21,equatorial
17.12,26.54,27.93,25.68,90.44,7.05,2.05,2.96,0.75,0.77,2022-05-01,Kribi,2022,5,121,17,47.60000000000011,105.51,194.34,317.62,-0.754678838826312,-0.04266666666666907,27.21,equatorial
10.02,26.28,28.2,25.13,90.96,7.79,2.45,4.16,0.76,0.77,2022-05-02,Kribi,2022,5,122,18,52.440000000000104,91.84,195.31,322.27,-0.7378355448439882,-0.2839999999999989,26.68,equatorial
20.27,27.26,30.21,25.08,83.77,2.23,1.58,4.71,0.76,0.76,2022-05-03,Kribi,2022,5,123,18,51.32000000000011,83.21,186.31000000000003,321.01,-0.742127488694865,0.6630000000000038,27.26,equatorial
8.23,27.1,29.89,25.63,86.82,8.29,1.85,4.04,0.76,0.77,2022-05-04,Kribi,2022,5,124,18,29.370000000000104,90.53999999999999,188.62,324.93,-0.7278976462805572,0.488666666666667,27.26,equatorial
20.54,27.55,31.13,25.15,84.75,4.22,1.53,4.48,0.76,0.76,2022-05-05,Kribi,2022,5,125,18,32.5200000000001,86.13,188.91000000000003,326.84999999999997,-0.7208248083336837,0.9193333333333307,27.55,equatorial
17.14,26.52,28.51,25.44,90.04,3.03,2.2,3.32,0.76,0.76,2022-05-06,Kribi,2022,5,126,18,33.080000000000105,86.61999999999999,190.15,329.78000000000003,-0.7101430047432883,-0.08666666666666956,27.55,equatorial
15.25,26.26,27.21,25.58,85.72,5.37,1.44,2.86,0.76,0.77,2022-05-07,Kribi,2022,5,127,18,37.9800000000001,85.92999999999999,192.17000000000002,335.15,-0.6907388517522642,-0.3249999999999993,27.55,equatorial
15.67,26.82,29.68,25.03,83.69,1.04,1.41,3.68,0.76,0.76,2022-05-08,Kribi,2022,5,128,18,31.970000000000105,79.57000000000001,185.53,336.19,-0.6868290479329346,0.24366666666666958,27.55,equatorial
15.28,26.41,28.07,25.43,91.7,2.78,1.78,2.25,0.75,0.76,2022-05-09,Kribi,2022,5,129,19,26.960000000000107,79.39999999999999,180.37,338.96000000000004,-0.6767322448566432,-0.18300000000000338,27.55,equatorial
12.2,26.15,27.77,25.04,91.12,1.77,2.09,2.47,0.75,0.76,2022-05-10,Kribi,2022,5,130,19,26.500000000000107,77.82000000000001,181.08,340.73,-0.6702164669235454,-0.4150000000000027,27.55,equatorial
13.92,27.02,30.13,25.0,85.12,1.23,1.57,4.45,0.75,0.75,2022-05-11,Kribi,2022,5,131,19,19.440000000000108,48.809999999999995,180.46,341.90000000000003,-0.6658496837950176,0.4713333333333303,27.55,equatorial
20.1,27.36,30.25,25.76,83.4,0.28,1.35,5.09,0.74,0.74,2022-05-12,Kribi,2022,5,132,19,15.500000000000105,48.02,177.32000000000002,342.08,-0.6650269225682133,0.804666666666666,27.36,equatorial
20.2,27.05,29.51,25.41,88.27,3.97,2.0,4.03,0.74,0.75,2022-05-13,Kribi,2022,5,133,19,16.440000000000104,49.519999999999996,176.12,345.97,-0.6509276378338938,0.45899999999999963,27.36,equatorial
16.49,26.68,28.27,25.63,91.01,6.47,1.94,2.88,0.75,0.76,2022-05-14,Kribi,2022,5,134,19,17.540000000000106,55.519999999999996,176.86,352.38,-0.6278134154245827,0.057666666666662536,27.36,equatorial
16.98,27.24,30.09,25.36,86.81,5.04,1.61,4.14,0.75,0.76,2022-05-15,Kribi,2022,5,135,19,21.540000000000106,53.51,179.47,357.36,-0.6098246671718514,0.5896666666666661,27.36,equatorial
18.26,27.38,30.3,25.52,86.82,8.78,1.72,4.77,0.75,0.77,2022-05-16,Kribi,2022,5,136,20,27.540000000000106,54.5,176.45000000000002,365.94,-0.5789526433426794,0.7266666666666666,27.38,equatorial
11.37,26.82,29.13,25.62,89.84,15.69,1.57,2.67,0.77,0.79,2022-05-17,Kribi,2022,5,137,20,41.46000000000011,67.96,183.49,381.13,-0.5244202308472465,0.18533333333333601,27.38,equatorial
14.98,26.35,28.08,25.45,91.31,10.9,2.06,3.36,0.77,0.79,2022-05-18,Kribi,2022,5,138,20,51.13000000000011,70.57,172.93,391.73,-0.48633592994809677,-0.28833333333333044,27.38,equatorial
4.39,26.3,28.0,25.22,92.0,15.25,1.93,2.96,0.79,0.81,2022-05-19,Kribi,2022,5,139,20,66.10000000000011,81.6,177.32,406.67,-0.43271302266053363,-0.3509999999999991,27.38,equatorial
7.87,26.2,28.16,25.05,90.77,14.51,1.88,3.35,0.79,0.8,2022-05-20,Kribi,2022,5,140,20,76.64000000000011,93.08,190.87,420.63,-0.38260771976777147,-0.4393333333333338,27.38,equatorial
4.56,25.68,27.52,24.58,90.43,25.54,1.65,3.22,0.82,0.85,2022-05-21,Kribi,2022,5,141,20,95.71000000000011,113.25,207.78000000000003,445.96000000000004,-0.29176766028826756,-0.935333333333336,27.38,equatorial
16.45,26.16,29.3,24.16,85.46,1.05,1.87,4.64,0.82,0.8,2022-05-22,Kribi,2022,5,142,20,91.7200000000001,113.26,206.29,446.90999999999997,-0.2883044845697819,-0.4460000000000015,27.38,equatorial
3.04,25.51,27.02,24.45,92.55,5.32,2.43,2.68,0.81,0.8,2022-05-23,Kribi,2022,5,143,21,88.2600000000001,115.8,205.55,452.17999999999995,-0.2693571683701683,-1.0559999999999974,26.82,equatorial
14.31,25.18,26.3,24.22,94.46,9.35,2.05,2.36,0.81,0.82,2022-05-24,Kribi,2022,5,144,21,81.9200000000001,123.38,207.50000000000003,461.44,-0.2361066967628578,-1.364333333333331,26.35,equatorial
12.91,25.86,28.74,23.99,85.41,1.48,1.74,4.52,0.81,0.8,2022-05-25,Kribi,2022,5,145,21,72.5000000000001,123.63,206.03,462.76,-0.23132754271984554,-0.6393333333333331,26.3,equatorial
17.81,25.46,28.05,23.83,89.05,7.44,2.38,5.08,0.8,0.8,2022-05-26,Kribi,2022,5,146,21,64.6900000000001,130.79,210.12,469.91,-0.20564058617314926,-1.0130000000000017,26.2,equatorial
16.85,24.81,26.22,24.02,91.38,12.12,2.06,2.86,0.81,0.82,2022-05-27,Kribi,2022,5,147,21,62.300000000000104,138.94,192.0,481.79,-0.16298810203241873,-1.6306666666666665,26.16,equatorial
14.65,26.21,30.11,23.81,83.15,3.89,1.98,5.54,0.81,0.8,2022-05-28,Kribi,2022,5,148,21,40.650000000000105,136.35999999999999,194.82,484.6,-0.15287601054166747,-0.2243333333333304,26.21,equatorial
17.8,25.98,28.89,24.17,88.66,9.64,2.15,4.95,0.81,0.81,2022-05-29,Kribi,2022,5,149,21,49.24000000000011,140.96,201.99,491.53,-0.12798043825213717,-0.4473333333333329,26.21,equatorial
20.65,26.22,28.86,24.43,89.51,16.12,1.81,4.23,0.82,0.83,2022-05-30,Kribi,2022,5,150,22,60.040000000000106,148.3,217.64000000000001,507.49,-0.07067699388273264,-0.19200000000000017,26.22,equatorial
15.55,26.21,28.95,24.89,89.15,7.79,1.82,3.65,0.83,0.82,2022-05-31,Kribi,2022,5,151,22,58.48000000000011,140.4,218.38,512.61,-0.052285083238134036,-0.19099999999999895,26.22,equatorial
15.11,26.24,28.79,24.78,87.66,6.38,1.85,3.29,0.83,0.82,2022-06-01,Kribi,2022,6,152,22,63.38000000000011,135.88,216.97,515.01,-0.04365875195134051,-0.15966666666666995,26.24,equatorial
7.99,26.17,28.52,24.64,86.95,1.79,1.56,3.04,0.82,0.81,2022-06-02,Kribi,2022,6,153,22,57.7300000000001,122.42,216.53000000000003,511.64,-0.055752136680517504,-0.19333333333333513,26.24,equatorial
17.74,26.43,29.12,24.67,88.54,3.69,1.94,4.0,0.82,0.81,2022-06-03,Kribi,2022,6,154,22,49.30000000000011,111.6,211.93000000000004,512.32,-0.05329953985673559,0.08899999999999864,26.43,equatorial
17.75,26.34,29.02,25.01,89.93,7.08,1.95,3.96,0.82,0.81,2022-06-04,Kribi,2022,6,155,22,52.49000000000011,93.14000000000001,214.79000000000002,516.08,-0.03978279589543921,0.03933333333333522,26.43,equatorial
11.73,25.88,28.95,24.35,84.88,12.63,1.65,4.19,0.83,0.83,2022-06-05,Kribi,2022,6,156,22,55.48000000000011,104.72,224.39000000000001,523.73,-0.012289590984478505,-0.39933333333333465,26.43,equatorial
18.27,26.09,29.34,24.16,84.91,4.81,1.52,4.36,0.83,0.82,2022-06-06,Kribi,2022,6,157,23,44.17000000000011,104.21000000000001,223.83,525.49,-0.005962613393032325,-0.1836666666666673,26.43,equatorial
12.63,25.26,26.88,23.88,93.19,14.17,2.61,3.2,0.83,0.83,2022-06-07,Kribi,2022,6,158,23,50.550000000000104,109.03,236.96,530.5400000000001,0.012189447730713905,-0.9616666666666696,26.43,equatorial
8.53,24.89,27.06,23.5,90.03,14.71,2.28,4.28,0.84,0.84,2022-06-08,Kribi,2022,6,159,23,58.88000000000011,122.26,248.89000000000004,534.81,0.027537477849875425,-1.2809999999999988,26.43,equatorial
20.93,26.14,29.58,23.8,84.39,2.27,1.66,4.76,0.84,0.82,2022-06-09,Kribi,2022,6,160,23,59.36000000000011,117.09,249.39000000000001,532.6800000000001,0.019873836067738862,-0.030666666666665066,26.43,equatorial
18.14,26.08,29.03,24.25,87.4,1.8,2.09,4.26,0.83,0.82,2022-06-10,Kribi,2022,6,161,23,57.470000000000105,106.77,249.96000000000004,532.84,0.020445577423209262,-0.05933333333333479,26.34,equatorial
15.01,26.37,29.68,24.31,86.69,2.23,1.99,4.84,0.83,0.81,2022-06-11,Kribi,2022,6,162,23,52.620000000000104,105.11,251.91000000000003,534.52,0.02648460516709792,0.26366666666666916,26.37,equatorial
15.22,26.46,29.6,24.39,86.03,2.09,1.86,4.81,0.82,0.81,2022-06-12,Kribi,2022,6,163,23,42.080000000000105,97.56,250.03,536.2,0.03252363313281684,0.37333333333333485,26.46,equatorial
13.97,26.68,29.9,24.68,86.34,2.25,1.67,4.32,0.82,0.81,2022-06-13,Kribi,2022,6,164,24,39.52000000000011,83.69,245.81,537.4100000000001,0.036871497370490676,0.5933333333333337,26.68,equatorial
12.16,25.74,27.22,24.82,91.94,2.4,2.22,2.46,0.82,0.81,2022-06-14,Kribi,2022,6,165,24,27.750000000000107,78.30000000000001,243.17000000000002,539.2,0.043306711350173055,-0.29666666666666686,26.68,equatorial
13.33,25.63,27.77,24.33,90.0,4.52,2.6,4.27,0.82,0.81,2022-06-15,Kribi,2022,6,166,24,17.560000000000105,76.44,238.91,542.16,0.053953380331376276,-0.3483333333333327,26.68,equatorial
8.93,24.37,25.91,23.58,92.45,9.58,2.61,3.31,0.82,0.82,2022-06-16,Kribi,2022,6,167,24,24.870000000000104,84.23,232.8,549.83,0.08155693574999671,-1.5266666666666637,26.68,equatorial
3.99,24.41,25.78,23.38,92.42,4.2,1.91,1.96,0.83,0.82,2022-06-17,Kribi,2022,6,168,24,27.270000000000106,84.74000000000001,226.1,550.0799999999999,0.08244208738776951,-1.4220000000000006,26.68,equatorial
11.34,25.12,27.94,23.28,87.81,4.54,1.98,4.52,0.82,0.81,2022-06-18,Kribi,2022,6,169,24,29.580000000000105,82.19999999999999,215.39000000000001,552.04,0.08948581151722941,-0.6726666666666681,26.68,equatorial
10.15,25.02,27.84,23.28,88.42,2.65,2.3,4.5,0.82,0.81,2022-06-19,Kribi,2022,6,170,24,30.140000000000104,72.22,203.53,553.75,0.09562896362137044,-0.7333333333333343,26.68,equatorial
4.85,24.6,26.8,23.5,90.93,10.83,2.24,3.87,0.83,0.83,2022-06-20,Kribi,2022,6,171,25,38.720000000000105,78.24,188.82000000000002,564.04,0.13268411123915339,-1.1173333333333346,25.74,equatorial
10.9,24.41,26.43,23.22,91.29,5.37,2.38,3.79,0.83,0.82,2022-06-21,Kribi,2022,6,172,25,41.690000000000104,69.44,193.14000000000001,568.55,0.14891088472729283,-1.2489999999999988,25.63,equatorial
15.12,24.58,27.08,23.07,89.79,5.74,2.53,4.8,0.83,0.82,2022-06-22,Kribi,2022,6,173,25,42.9100000000001,60.47,193.56000000000003,572.41,0.16279474492049895,-1.0480000000000018,25.12,equatorial
18.64,24.81,27.62,22.93,88.45,2.97,2.35,4.82,0.82,0.81,2022-06-23,Kribi,2022,6,174,25,36.300000000000104,61.169999999999995,187.18000000000004,572.83,0.16427813787024984,-0.8056666666666672,25.12,equatorial
13.47,24.78,27.33,23.4,89.76,7.92,2.68,4.93,0.82,0.82,2022-06-24,Kribi,2022,6,175,25,40.02000000000011,67.28999999999999,193.62,578.27,0.18386036997641655,-0.7996666666666634,25.12,equatorial
16.56,24.54,26.91,22.95,89.65,2.85,2.34,4.1,0.82,0.81,2022-06-25,Kribi,2022,6,176,25,38.330000000000105,67.91,189.03,577.78,0.18205867393841346,-1.0090000000000003,25.02,equatorial
15.46,24.43,26.12,23.41,91.7,4.65,2.25,3.21,0.82,0.81,2022-06-26,Kribi,2022,6,177,25,40.330000000000105,70.47,181.56000000000003,579.89,0.18963424757610242,-1.1063333333333354,24.81,equatorial
7.19,25.02,27.46,23.44,89.36,5.87,1.39,2.4,0.82,0.82,2022-06-27,Kribi,2022,6,178,26,35.370000000000104,74.09,183.54000000000002,583.67,0.20323373315477491,-0.47666666666666657,25.02,equatorial
17.22,25.24,27.66,23.86,88.8,3.46,2.01,3.71,0.82,0.81,2022-06-28,Kribi,2022,6,179,26,33.46000000000011,75.15,177.36000000000004,586.59,0.21373004744627436,-0.23199999999999932,25.24,equatorial
14.27,25.21,28.0,23.35,89.82,5.31,2.34,4.44,0.82,0.81,2022-06-29,Kribi,2022,6,180,26,33.03000000000011,75.94,166.55,588.02,0.21884937451259553,-0.22833333333333172,25.24,equatorial
13.51,24.65,26.4,23.75,92.97,7.8,2.32,2.71,0.83,0.82,2022-06-30,Kribi,2022,6,181,26,37.860000000000106,74.16000000000001,166.56,579.28,0.1872636920968599,-0.7363333333333344,25.24,equatorial
6.36,25.35,28.26,23.24,87.86,6.23,1.7,4.12,0.83,0.82,2022-07-01,Kribi,2022,7,182,26,36.17000000000011,76.19,166.41,578.69,0.1850985465338408,-0.006666666666667709,25.35,equatorial
13.36,25.85,28.83,23.97,84.11,3.64,1.75,4.86,0.83,0.81,2022-07-02,Kribi,2022,7,183,26,36.96000000000011,75.28999999999999,168.26000000000002,571.1,0.15766046365392472,0.5040000000000013,25.85,equatorial
10.86,25.35,27.78,23.76,89.39,5.53,2.1,4.05,0.82,0.81,2022-07-03,Kribi,2022,7,184,26,37.8400000000001,78.17,170.10000000000002,570.65,0.15600601002018377,0.0400000000000027,25.85,equatorial
9.1,24.23,25.17,23.53,94.09,10.92,2.31,2.65,0.83,0.83,2022-07-04,Kribi,2022,7,185,27,42.89000000000011,78.26,173.94,577.64,0.1812227834988893,-1.0096666666666643,25.85,equatorial
14.26,24.45,27.21,23.01,89.42,11.58,2.45,4.69,0.84,0.83,2022-07-05,Kribi,2022,7,186,27,51.010000000000105,84.47,172.89000000000001,587.43,0.21655341463057284,-0.7420000000000009,25.85,equatorial
14.39,25.14,28.47,22.73,88.36,5.42,1.99,4.68,0.84,0.82,2022-07-06,Kribi,2022,7,187,27,51.12000000000011,84.14999999999999,173.5,589.5,0.22399090888956844,-0.020333333333333314,25.85,equatorial
15.31,25.45,28.25,23.89,89.45,6.09,2.08,4.49,0.83,0.82,2022-07-07,Kribi,2022,7,188,27,49.4100000000001,87.27,165.42000000000002,587.91,0.21820249807891154,0.28333333333333144,25.85,equatorial
15.41,24.19,25.21,23.53,93.92,4.77,2.49,2.58,0.83,0.82,2022-07-08,Kribi,2022,7,189,27,47.95000000000011,84.11999999999999,155.48000000000002,584.74,0.20670385931756444,-0.9533333333333296,25.85,equatorial
10.5,24.28,26.76,22.89,90.61,9.72,2.72,4.67,0.84,0.83,2022-07-09,Kribi,2022,7,190,27,54.03000000000011,90.99,162.93,593.4,0.2379690313415298,-0.8013333333333286,25.45,equatorial
11.6,24.09,26.23,22.64,89.95,3.48,2.54,3.98,0.84,0.82,2022-07-10,Kribi,2022,7,191,27,51.9800000000001,89.82000000000001,164.61,595.03,0.24381644397950583,-0.9250000000000007,25.45,equatorial
13.71,24.2,27.15,22.33,87.7,2.61,2.7,5.19,0.83,0.81,2022-07-11,Kribi,2022,7,192,28,43.6700000000001,86.56,164.99,594.22,0.24084047369117817,-0.7426666666666719,25.45,equatorial
9.42,24.01,26.17,22.63,88.79,1.06,1.97,3.18,0.83,0.81,2022-07-12,Kribi,2022,7,193,28,33.150000000000105,84.16,163.96000000000004,590.11,0.22592961303667075,-0.8509999999999991,25.45,equatorial
14.69,24.46,27.47,22.58,89.12,4.42,2.56,4.62,0.82,0.81,2022-07-13,Kribi,2022,7,194,28,32.150000000000105,83.27000000000001,166.13000000000002,588.8000000000001,0.22114778761349713,-0.32699999999999463,25.45,equatorial
18.22,24.82,27.87,22.84,88.22,3.41,2.56,5.15,0.82,0.81,2022-07-14,Kribi,2022,7,195,28,29.47000000000011,78.88,167.14000000000001,589.78,0.2246512322552314,0.06366666666666632,24.82,equatorial
18.93,24.37,26.67,23.06,90.2,2.61,2.56,3.83,0.82,0.8,2022-07-15,Kribi,2022,7,196,28,27.31000000000011,75.26,165.23000000000002,580.59,0.19135368249142243,-0.3443333333333314,24.82,equatorial
13.8,24.49,26.86,22.87,89.36,2.74,2.58,4.31,0.82,0.8,2022-07-16,Kribi,2022,7,197,28,20.33000000000011,74.36,158.39000000000001,574.6800000000001,0.16992803257537253,-0.22833333333333883,24.82,equatorial
18.03,24.5,26.4,23.36,90.58,6.77,2.41,3.5,0.82,0.81,2022-07-17,Kribi,2022,7,198,28,23.620000000000104,75.60000000000001,160.96,559.99,0.1167201016972927,-0.22133333333333383,24.82,equatorial
16.75,24.68,27.35,23.37,88.81,2.89,2.74,4.78,0.82,0.8,2022-07-18,Kribi,2022,7,199,29,23.900000000000105,67.57000000000001,159.31000000000003,552.02,0.08784277567241196,-0.02666666666666373,24.82,equatorial
14.24,24.33,26.84,22.97,89.23,2.69,2.67,4.48,0.81,0.8,2022-07-19,Kribi,2022,7,200,29,25.530000000000108,58.68000000000001,159.35000000000002,553.75,0.09409143235822953,-0.353666666666669,24.82,equatorial
14.91,24.12,26.51,22.86,90.84,7.37,2.65,3.89,0.81,0.81,2022-07-20,Kribi,2022,7,201,29,28.480000000000107,60.63,155.89000000000001,552.4899999999999,0.08951067347040151,-0.5476666666666645,24.82,equatorial
7.1,24.47,27.28,23.07,89.74,6.79,2.67,4.73,0.82,0.81,2022-07-21,Kribi,2022,7,202,29,31.860000000000106,61.33,157.31000000000003,556.74,0.10489003066024075,-0.1996666666666691,24.68,equatorial
9.89,24.0,25.31,23.21,93.6,10.58,2.26,2.39,0.82,0.82,2022-07-22,Kribi,2022,7,203,29,39.830000000000105,67.14,162.15,561.26,0.12124751722316465,-0.6503333333333323,24.68,equatorial
11.03,23.75,25.22,22.92,92.12,11.17,2.2,2.85,0.83,0.83,2022-07-23,Kribi,2022,7,204,29,48.260000000000105,68.59,170.35000000000002,565.03,0.13488697776091382,-0.865000000000002,24.68,equatorial
9.3,24.37,27.24,22.61,88.5,2.85,2.16,4.2,0.83,0.81,2022-07-24,Kribi,2022,7,205,29,44.34000000000011,67.96,165.28,564.9300000000001,0.13449967730133813,-0.2313333333333354,24.68,equatorial
7.04,24.35,26.79,23.11,90.73,14.14,2.66,4.51,0.83,0.83,2022-07-25,Kribi,2022,7,206,30,55.59000000000011,79.49,176.57,575.72,0.173589490353314,-0.2449999999999939,24.47,equatorial
8.65,23.81,25.31,22.83,92.32,16.03,2.65,3.34,0.85,0.85,2022-07-26,Kribi,2022,7,207,30,68.9300000000001,94.46000000000001,187.95000000000005,561.51,0.1220356990781401,-0.7643333333333366,24.47,equatorial
12.64,24.54,27.5,22.66,89.64,4.85,2.43,4.8,0.85,0.83,2022-07-27,Kribi,2022,7,208,30,66.41000000000011,94.89,186.93000000000004,565.2900000000001,0.1357210074374076,-0.018333333333334423,24.54,equatorial
14.07,24.59,26.88,23.2,91.02,12.09,2.38,3.93,0.85,0.84,2022-07-28,Kribi,2022,7,209,30,71.71000000000011,103.57000000000001,195.56000000000003,574.91,0.1705878269334604,0.05333333333333101,24.59,equatorial
13.29,24.42,26.39,23.0,89.01,16.23,1.9,3.31,0.86,0.86,2022-07-29,Kribi,2022,7,210,30,77.36000000000011,117.19,206.48000000000002,590.67,0.22772726334198207,-0.09033333333333005,24.59,equatorial
16.63,24.55,27.12,22.98,89.76,7.47,2.28,4.21,0.86,0.84,2022-07-30,Kribi,2022,7,211,30,73.66000000000011,121.92000000000002,206.15,591.09,0.2292078529833559,0.04299999999999926,24.59,equatorial
20.64,24.46,27.27,23.02,90.51,17.45,2.96,5.13,0.87,0.86,2022-07-31,Kribi,2022,7,212,30,88.26000000000012,132.6,217.37,600.75,0.26421863952391517,-0.017333333333329648,24.59,equatorial
21.93,24.12,26.76,22.7,90.05,11.06,2.79,4.48,0.87,0.86,2022-08-01,Kribi,2022,8,213,31,85.18000000000012,140.77,224.79000000000002,609.58,0.29621513408120803,-0.2996666666666634,24.59,equatorial
14.75,24.12,26.34,22.75,89.85,10.02,2.39,3.69,0.88,0.86,2022-08-02,Kribi,2022,8,214,31,79.17000000000012,148.10000000000002,229.28000000000003,611.31,0.3024368494517669,-0.2586666666666666,24.59,equatorial
20.22,24.35,27.29,22.85,88.03,6.34,2.61,5.06,0.88,0.85,2022-08-03,Kribi,2022,8,215,31,80.66000000000011,147.07000000000002,224.70000000000002,613.43,0.31007409422819754,-0.03266666666666751,24.59,equatorial
18.08,24.43,27.56,22.36,87.39,0.79,2.37,4.69,0.87,0.84,2022-08-04,Kribi,2022,8,216,31,69.3600000000001,141.07000000000002,213.91000000000003,611.1899999999999,0.3018790564366305,0.047999999999998266,24.55,equatorial
17.53,24.55,27.01,23.2,89.52,3.07,2.63,4.5,0.86,0.84,2022-08-05,Kribi,2022,8,217,31,56.2000000000001,133.56,211.56,608.89,0.2934666708089367,0.18766666666666865,24.55,equatorial
13.02,24.51,26.9,23.39,90.79,6.77,2.99,4.68,0.86,0.84,2022-08-06,Kribi,2022,8,218,31,55.50000000000011,129.16,212.24,614.62,0.3142225798473605,0.17900000000000205,24.55,equatorial
8.93,24.62,27.15,23.11,90.3,5.73,2.87,4.98,0.86,0.84,2022-08-07,Kribi,2022,8,219,31,43.78000000000011,132.04000000000002,213.20000000000002,617.57,0.3248775076405754,0.2746666666666684,24.62,equatorial
9.85,24.66,26.92,23.4,91.39,4.45,2.65,3.89,0.86,0.84,2022-08-08,Kribi,2022,8,220,32,37.17000000000011,122.35000000000001,207.93000000000004,620.25,0.33455060077738336,0.3019999999999996,24.66,equatorial
14.9,24.72,27.55,23.01,89.96,11.31,2.64,5.1,0.86,0.85,2022-08-09,Kribi,2022,8,221,32,38.46000000000011,117.63,215.76000000000002,630.33,0.3711147645903368,0.3409999999999975,24.72,equatorial
11.38,24.87,27.8,23.38,90.36,12.83,2.9,5.34,0.87,0.86,2022-08-10,Kribi,2022,8,222,32,44.95000000000011,125.61,225.98000000000002,642.88,0.4166523194714338,0.46866666666666745,24.87,equatorial
10.88,24.62,26.97,23.42,91.45,17.42,3.01,4.75,0.88,0.87,2022-08-11,Kribi,2022,8,223,32,61.58000000000011,130.94,242.34000000000003,656.33,0.46545522211330814,0.19833333333333414,24.87,equatorial
14.24,24.74,27.43,23.22,90.83,10.43,2.55,4.46,0.88,0.86,2022-08-12,Kribi,2022,8,224,32,68.94000000000011,125.14000000000001,248.35000000000002,660.29,0.4797498593173298,0.3089999999999975,24.87,equatorial
10.51,24.46,26.59,23.37,91.56,16.2,3.27,4.62,0.89,0.87,2022-08-13,Kribi,2022,8,225,32,78.3700000000001,133.87,261.14,671.45,0.5202206109887265,0.04100000000000037,24.87,equatorial
11.33,24.17,26.67,22.89,90.21,4.9,3.46,5.18,0.89,0.86,2022-08-14,Kribi,2022,8,226,32,77.5400000000001,121.32000000000001,263.43,667.5699999999999,0.5059927774967199,-0.24233333333333107,24.87,equatorial
12.01,24.13,26.95,22.51,88.24,1.68,2.8,4.81,0.88,0.85,2022-08-15,Kribi,2022,8,227,33,74.77000000000011,111.94,262.37000000000006,653.5600000000001,0.4549254733075607,-0.2703333333333333,24.87,equatorial
16.45,24.22,26.32,22.64,88.57,1.2,1.99,3.22,0.88,0.84,2022-08-16,Kribi,2022,8,228,33,64.66000000000011,103.12,256.8,643.86,0.41954304924969615,-0.17100000000000293,24.87,equatorial
9.78,24.47,27.17,22.78,89.04,3.39,2.21,4.05,0.87,0.84,2022-08-17,Kribi,2022,8,229,33,55.220000000000105,100.17,257.3,632.0,0.37630647530187933,0.08599999999999497,24.74,equatorial
14.26,24.28,26.09,23.18,91.68,3.52,2.08,2.92,0.87,0.85,2022-08-18,Kribi,2022,8,230,33,41.32000000000011,102.89999999999999,258.13,621.0100000000001,0.3362396928417298,-0.10233333333333405,24.74,equatorial
15.44,24.43,27.34,22.51,89.67,3.67,2.78,4.93,0.87,0.84,2022-08-19,Kribi,2022,8,231,33,34.56000000000011,103.5,254.43,599.14,0.25657905946566933,0.037333333333332774,24.47,equatorial
17.48,24.77,27.79,22.73,88.52,1.44,2.17,4.56,0.86,0.83,2022-08-20,Kribi,2022,8,232,33,19.800000000000107,98.17,249.08,599.53,0.2579496631199827,0.3673333333333346,24.77,equatorial
14.31,24.93,27.65,23.28,89.43,2.08,1.82,3.46,0.86,0.83,2022-08-21,Kribi,2022,8,233,33,16.980000000000107,94.52000000000001,240.58,596.29,0.24610462642479786,0.4963333333333324,24.93,equatorial
8.35,24.85,27.12,23.69,91.43,14.25,3.17,4.57,0.87,0.85,2022-08-22,Kribi,2022,8,234,34,29.550000000000107,104.32000000000001,243.66000000000003,601.19,0.26390011474442787,0.3796666666666688,24.93,equatorial
15.91,24.72,27.67,23.24,89.83,3.03,2.49,4.23,0.87,0.84,2022-08-23,Kribi,2022,8,235,34,31.38000000000011,96.04,243.84000000000003,602.74,0.2694944714594308,0.2380000000000031,24.93,equatorial
13.73,24.28,26.62,22.91,91.73,25.63,2.2,3.6,0.88,0.88,2022-08-24,Kribi,2022,8,236,34,53.620000000000104,108.84,255.33,620.93,0.3356985935929974,-0.1996666666666691,24.93,equatorial
13.43,24.4,26.42,23.29,90.5,9.3,1.96,3.27,0.89,0.86,2022-08-25,Kribi,2022,8,237,34,59.400000000000105,100.72,248.60000000000002,618.11,0.32535856459277146,-0.09933333333333394,24.93,equatorial
12.85,24.19,26.43,23.13,91.81,9.15,2.97,4.11,0.89,0.86,2022-08-26,Kribi,2022,8,238,34,64.88000000000011,99.44,252.90000000000003,623.37,0.3444593201638183,-0.2976666666666645,24.93,equatorial
17.41,24.3,27.03,22.69,89.21,6.11,2.81,5.19,0.89,0.86,2022-08-27,Kribi,2022,8,239,34,69.55000000000011,89.35000000000001,246.92000000000002,619.84,0.3315266587117074,-0.17800000000000082,24.93,equatorial
14.38,24.48,27.06,22.79,87.56,3.63,2.03,4.41,0.89,0.85,2022-08-28,Kribi,2022,8,240,34,71.10000000000011,88.08,234.32,607.35,0.2859380333857863,-3.552713678800501e-15,24.85,equatorial
12.39,25.02,28.05,23.2,87.2,4.31,1.86,4.96,0.88,0.85,2022-08-29,Kribi,2022,8,241,35,61.16000000000011,90.71000000000001,231.16,603.87,0.27319685805878896,0.5243333333333311,25.02,equatorial
13.35,24.76,27.39,23.26,90.85,10.07,2.57,4.64,0.88,0.86,2022-08-30,Kribi,2022,8,242,35,68.2000000000001,99.58,223.78,607.5600000000001,0.2865980940221491,0.2543333333333315,25.02,equatorial
15.58,24.59,26.71,23.35,91.77,13.22,2.75,4.19,0.89,0.87,2022-08-31,Kribi,2022,8,243,35,55.79000000000011,109.41,225.94,618.99,0.3282227600276873,0.06866666666666177,25.02,equatorial
16.21,24.77,27.36,23.19,89.98,10.52,2.67,4.96,0.89,0.87,2022-09-01,Kribi,2022,9,244,35,57.010000000000105,116.41000000000001,226.44000000000003,625.82,0.3530674766902846,0.22699999999999676,25.02,equatorial
15.63,24.75,27.05,23.58,90.23,10.21,2.3,3.78,0.9,0.87,2022-09-02,Kribi,2022,9,245,35,58.07000000000011,122.95,230.31000000000003,628.95,0.36441372682611944,0.19366666666666532,25.02,equatorial
12.79,24.94,27.83,23.15,88.17,37.81,2.04,5.24,0.92,0.91,2022-09-03,Kribi,2022,9,246,35,89.77000000000011,159.32,267.33,654.13,0.4561997466914092,0.3666666666666707,25.02,equatorial
16.36,24.99,28.03,23.08,89.38,73.45,2.21,5.68,0.95,0.95,2022-09-04,Kribi,2022,9,247,35,159.5900000000001,230.69,337.71000000000004,722.7700000000001,0.7065204559410144,0.40199999999999747,25.02,equatorial
20.58,25.09,28.02,23.07,89.42,48.71,2.09,5.63,0.98,0.95,2022-09-05,Kribi,2022,9,248,36,203.9900000000001,265.15,379.65000000000003,757.31,0.8323381990392743,0.4826666666666668,25.09,equatorial
21.99,25.4,28.59,23.39,88.83,35.16,2.04,5.81,0.98,0.95,2022-09-06,Kribi,2022,9,249,36,229.0800000000001,297.28000000000003,409.08,777.7600000000001,0.90668908446487,0.7666666666666657,25.4,equatorial
13.7,25.09,27.75,23.71,90.44,57.64,2.63,5.6,0.99,0.97,2022-09-07,Kribi,2022,9,250,36,273.5000000000001,329.29,462.27000000000004,833.13,1.1083635942600014,0.44233333333333036,25.4,equatorial
11.94,24.73,26.8,23.41,91.94,26.15,2.83,4.82,0.99,0.97,2022-09-08,Kribi,2022,9,251,36,289.1300000000001,346.14,477.11,857.48,1.1967250928903312,0.08199999999999719,25.4,equatorial
12.55,24.62,26.61,23.59,92.39,14.82,2.39,3.79,0.99,0.96,2022-09-09,Kribi,2022,9,252,36,293.74000000000007,351.81,479.1,870.0699999999999,1.2421137786457992,-0.019666666666665833,25.4,equatorial
9.05,24.87,26.73,23.6,91.09,24.2,2.22,4.0,0.99,0.97,2022-09-10,Kribi,2022,9,253,36,280.1300000000001,369.90000000000003,485.88,892.18,1.3221565900699626,0.22199999999999775,25.4,equatorial
6.35,24.77,26.81,23.37,91.22,22.74,2.3,4.5,0.99,0.97,2022-09-11,Kribi,2022,9,254,36,229.4200000000001,389.01,498.19,912.67,1.396191221778627,0.12099999999999866,25.4,equatorial
16.43,25.07,28.41,22.97,89.58,9.39,2.53,6.08,0.99,0.96,2022-09-12,Kribi,2022,9,255,37,190.10000000000008,394.09000000000003,491.38,919.66,1.4209298467613243,0.4006666666666696,25.4,equatorial
16.66,25.01,27.64,23.25,89.07,2.68,2.37,5.4,0.99,0.95,2022-09-13,Kribi,2022,9,256,37,157.6200000000001,386.7,489.15999999999997,917.82,1.4134641909908328,0.31266666666666865,25.09,equatorial
18.26,24.89,27.55,23.38,91.06,3.19,2.12,3.99,0.98,0.94,2022-09-14,Kribi,2022,9,257,37,103.1700000000001,376.67,490.67,911.43,1.3894353435734916,0.16733333333333178,25.07,equatorial
14.68,25.3,27.8,23.79,90.71,8.68,2.6,5.18,0.98,0.94,2022-09-15,Kribi,2022,9,258,37,85.7000000000001,374.83000000000004,498.15,915.91,1.4050285707515997,0.5413333333333341,25.3,equatorial
4.8,24.52,25.77,23.67,94.05,19.2,2.29,2.63,0.99,0.95,2022-09-16,Kribi,2022,9,259,37,90.0800000000001,383.82,513.96,930.57,1.4576668214184514,-0.24033333333333218,25.3,equatorial
11.45,24.8,27.03,23.32,90.34,5.75,2.1,4.51,0.98,0.94,2022-09-17,Kribi,2022,9,260,37,71.63000000000011,351.76,516.19,933.67,1.4681435512327032,0.02233333333333576,25.3,equatorial
8.58,24.63,26.41,23.66,92.99,5.83,2.7,3.72,0.98,0.94,2022-09-18,Kribi,2022,9,261,37,54.7200000000001,284.14,518.35,928.6700000000001,1.4491240012674904,-0.1543333333333372,25.3,equatorial
6.0,24.38,26.16,23.58,93.34,13.22,2.4,3.1,0.98,0.94,2022-09-19,Kribi,2022,9,262,38,58.5500000000001,248.64999999999998,530.13,936.52,1.4768923837668926,-0.3913333333333391,25.3,equatorial
18.13,24.95,27.88,23.18,88.52,3.66,1.82,4.81,0.98,0.93,2022-09-20,Kribi,2022,9,263,38,59.5300000000001,217.14999999999998,531.7099999999999,934.44,1.4684925640770379,0.17800000000000082,25.3,equatorial
15.47,24.98,26.92,23.64,91.47,6.69,1.88,3.34,0.98,0.93,2022-09-21,Kribi,2022,9,264,38,63.0300000000001,166.20000000000002,524.15,938.16,1.481201917382893,0.20366666666666688,25.3,equatorial
10.87,25.28,27.81,23.95,91.1,10.08,2.07,4.15,0.98,0.93,2022-09-22,Kribi,2022,9,265,38,64.43000000000009,150.13,531.2,940.32,1.4882187115985046,0.48499999999999943,25.28,equatorial
11.57,24.9,26.98,23.83,91.44,46.36,2.17,3.98,0.99,0.96,2022-09-23,Kribi,2022,9,266,38,91.59000000000009,181.67000000000002,551.93,983.83,1.6455377946716772,0.08433333333333337,25.28,equatorial
21.26,25.17,27.86,23.52,89.95,22.85,2.14,5.22,0.99,0.96,2022-09-24,Kribi,2022,9,267,38,108.6900000000001,180.32,565.48,1002.0300000000001,1.7105854714691937,0.3286666666666669,25.28,equatorial
4.63,24.96,27.11,23.8,93.45,61.92,2.91,4.08,1.0,0.98,2022-09-25,Kribi,2022,9,268,38,164.7800000000001,219.5,618.25,1058.08,1.912927871105146,0.09299999999999997,25.28,equatorial
15.8,24.15,25.33,23.4,94.58,48.91,2.42,2.75,1.0,0.99,2022-09-26,Kribi,2022,9,269,39,200.47000000000008,259.02,661.0500000000001,1103.53,2.076252876349421,-0.7120000000000033,25.28,equatorial
8.17,24.41,26.69,23.34,91.17,86.08,2.26,4.57,1.0,0.99,2022-09-27,Kribi,2022,9,270,39,282.8900000000001,342.41999999999996,743.5,1184.3,2.367031215477093,-0.44966666666666555,25.28,equatorial
10.4,24.13,25.57,23.2,92.75,16.13,2.32,3.11,1.0,0.99,2022-09-28,Kribi,2022,9,271,39,292.3300000000001,355.36,755.32,1192.63,2.3944245507366504,-0.6999999999999993,25.28,equatorial
9.91,24.52,26.67,23.11,87.33,2.04,1.39,3.13,1.0,0.98,2022-09-29,Kribi,2022,9,272,39,284.29000000000013,348.71999999999997,747.2900000000001,1188.44,2.376424103349648,-0.3019999999999996,25.17,equatorial
21.16,25.29,27.88,23.43,86.32,3.72,1.77,4.81,1.0,0.97,2022-09-30,Kribi,2022,9,273,39,241.6500000000001,333.24,737.7900000000001,1188.52,2.3739254596241355,0.4446666666666701,25.29,equatorial
12.77,25.01,27.34,23.66,90.75,9.69,2.08,3.73,0.99,0.96,2022-10-01,Kribi,2022,10,274,39,228.49000000000007,337.18,736.96,1192.68,2.3861679470309825,0.1566666666666663,25.29,equatorial
17.94,24.7,27.18,23.41,90.38,3.36,2.44,4.3,0.99,0.96,2022-10-02,Kribi,2022,10,275,39,169.9300000000001,334.71000000000004,730.11,1185.12,2.356074812679603,-0.15166666666666728,25.29,equatorial
14.99,25.04,27.47,23.32,88.08,3.25,1.88,4.01,0.99,0.95,2022-10-03,Kribi,2022,10,276,40,124.2700000000001,324.74,695.55,1176.79,2.323321001550407,0.18499999999999872,25.29,equatorial
10.93,25.36,27.85,23.53,89.1,5.37,2.01,4.67,0.99,0.94,2022-10-04,Kribi,2022,10,277,40,43.56000000000009,326.45,627.47,1176.74,2.3205212643494977,0.49266666666666836,25.36,equatorial
19.58,25.69,28.52,23.91,88.68,5.81,2.04,5.12,0.98,0.93,2022-10-05,Kribi,2022,10,278,40,33.24000000000009,325.57,584.5699999999999,1176.46,2.316903056063067,0.8026666666666671,25.69,equatorial
14.88,24.98,26.29,24.16,93.34,8.75,2.01,2.54,0.98,0.93,2022-10-06,Kribi,2022,10,279,40,39.95000000000009,324.23999999999995,558.16,1180.44,2.328621387928733,0.10666666666666558,25.69,equatorial
10.84,24.98,27.31,23.42,90.33,21.98,2.38,4.37,0.99,0.94,2022-10-07,Kribi,2022,10,280,40,58.210000000000086,299.86,522.5,1192.7,2.370052463716402,0.11033333333333317,25.69,equatorial
17.64,25.09,27.97,22.96,82.11,4.36,1.36,4.74,0.99,0.94,2022-10-08,Kribi,2022,10,281,40,52.88000000000008,281.37,500.71,1193.58,2.370452693933732,0.2083333333333357,25.69,equatorial
20.43,25.67,28.42,23.94,85.03,5.63,1.41,4.08,0.98,0.93,2022-10-09,Kribi,2022,10,282,40,55.150000000000084,225.08,491.52,1196.6000000000001,2.3785284643256692,0.7533333333333339,25.69,equatorial
9.7,26.17,29.59,24.12,83.81,14.94,1.31,5.88,0.98,0.94,2022-10-10,Kribi,2022,10,283,41,66.84000000000009,191.11,482.26,1210.4799999999998,2.425501707522907,1.2100000000000044,26.17,equatorial
13.79,25.49,27.65,23.94,89.38,10.39,1.97,4.25,0.98,0.93,2022-10-11,Kribi,2022,10,284,41,71.86000000000008,115.42,469.91,1216.45,2.4439484871460246,0.5060000000000002,26.17,equatorial
21.74,26.02,28.77,24.46,84.82,11.15,1.52,5.35,0.98,0.93,2022-10-12,Kribi,2022,10,285,41,77.20000000000009,110.44,471.67,1224.19,2.468648881684637,1.0043333333333315,26.17,equatorial
19.07,25.42,27.4,24.2,90.64,5.59,1.83,3.49,0.98,0.93,2022-10-13,Kribi,2022,10,286,41,74.04000000000008,113.99,474.58000000000004,1227.17,2.4762255881961206,0.39066666666666805,26.17,equatorial
5.55,25.19,26.65,24.27,93.05,5.87,2.08,2.69,0.98,0.93,2022-10-14,Kribi,2022,10,287,41,57.930000000000085,116.14,477.26,1230.3,2.4843035643191307,0.1506666666666696,26.17,equatorial
20.14,25.38,28.25,23.86,88.43,6.37,1.8,4.38,0.98,0.93,2022-10-15,Kribi,2022,10,288,41,59.94000000000008,112.82,474.95,1229.9,2.4797490412114884,0.33800000000000097,26.17,equatorial
12.51,25.33,27.65,23.71,88.81,3.86,2.03,4.42,0.97,0.92,2022-10-16,Kribi,2022,10,289,41,58.17000000000009,113.32000000000001,459.61,1230.87,2.4800965134943485,0.2609999999999957,26.17,equatorial
19.02,26.5,29.78,24.27,86.02,2.19,1.52,4.68,0.97,0.92,2022-10-17,Kribi,2022,10,290,42,45.42000000000009,112.26,456.05,1230.37,2.4752049316270917,1.3743333333333325,26.5,equatorial
14.84,26.27,28.51,24.96,91.33,8.84,1.89,3.62,0.97,0.92,2022-10-18,Kribi,2022,10,291,42,43.87000000000009,115.72999999999999,459.06,1231.8400000000001,2.4773431319159576,1.0896666666666661,26.5,equatorial
8.61,25.86,27.39,24.89,93.77,53.22,2.38,3.21,0.98,0.94,2022-10-19,Kribi,2022,10,292,42,85.94000000000008,163.14,499.06,1278.27,2.639284982579672,0.6303333333333327,26.5,equatorial
9.13,25.37,26.58,24.66,94.6,39.7,2.37,2.73,1.0,0.97,2022-10-20,Kribi,2022,10,293,42,120.0500000000001,194.09,535.1,1307.3899999999999,2.7389668204013797,0.1263333333333314,26.5,equatorial
19.66,25.98,28.13,24.37,83.15,3.07,1.46,4.01,0.99,0.96,2022-10-21,Kribi,2022,10,294,42,117.25000000000009,175.18,531.48,1299.29,2.7061731268605236,0.703000000000003,26.5,equatorial
11.92,26.24,29.28,24.11,85.18,9.22,1.6,5.46,0.99,0.96,2022-10-22,Kribi,2022,10,295,42,120.1000000000001,180.04,530.62,1305.6599999999999,2.724788945660825,0.9309999999999974,26.5,equatorial
12.46,25.84,27.62,24.75,90.27,25.51,1.44,2.66,0.99,0.96,2022-10-23,Kribi,2022,10,296,42,141.7500000000001,199.92000000000002,509.77,1317.03,2.760989233768119,0.49966666666666626,26.5,equatorial
16.38,27.13,31.05,24.86,82.62,3.65,1.49,6.0,0.99,0.95,2022-10-24,Kribi,2022,10,297,43,143.2100000000001,188.63,490.57000000000005,1304.65,2.7130858800522,1.724333333333334,27.13,equatorial
2.67,25.75,27.44,24.79,93.24,11.7,1.81,2.66,0.99,0.95,2022-10-25,Kribi,2022,10,298,43,146.0700000000001,189.94000000000003,440.35,1311.5,2.7332949098781607,0.31799999999999784,27.13,equatorial
20.92,26.51,29.65,24.46,87.14,3.4,1.68,5.15,0.99,0.95,2022-10-26,Kribi,2022,10,299,43,96.2500000000001,182.19,394.84,1302.81,2.6986128515190964,0.9993333333333361,27.13,equatorial
8.33,26.17,28.46,24.81,90.19,21.89,1.42,3.32,0.99,0.95,2022-10-27,Kribi,2022,10,300,43,78.4400000000001,198.49,330.65,1308.47,2.714639182542618,0.6006666666666653,27.13,equatorial
5.54,25.76,28.07,24.55,92.4,95.74,1.71,3.0,1.0,0.98,2022-10-28,Kribi,2022,10,301,43,171.1100000000001,288.36,410.26,1396.74,3.021022325537538,0.13633333333333297,27.13,equatorial
8.72,25.26,26.41,24.45,91.71,23.66,1.67,2.56,1.0,0.99,2022-10-29,Kribi,2022,10,302,43,185.5500000000001,305.65,431.88,1402.95,3.037475025343248,-0.38833333333333186,27.13,equatorial
21.24,26.07,29.64,23.61,84.84,5.11,1.52,5.83,1.0,0.98,2022-10-30,Kribi,2022,10,303,43,165.1500000000001,306.9,433.27000000000004,1397.0,3.0112057215419257,0.39566666666666706,27.13,equatorial
14.7,26.23,29.44,24.53,87.67,7.5,1.84,5.24,0.99,0.96,2022-10-31,Kribi,2022,10,304,44,169.00000000000009,312.21,431.08000000000004,1394.48,2.9970997015439553,0.5150000000000041,26.51,equatorial
20.7,26.28,28.91,24.66,88.31,10.93,1.64,3.47,0.99,0.96,2022-11-01,Kribi,2022,11,305,44,168.23000000000008,314.3,438.65,1399.07,3.0079234176539904,0.5123333333333342,26.51,equatorial
7.33,25.93,28.25,24.65,88.59,8.55,1.37,3.11,0.99,0.96,2022-11-02,Kribi,2022,11,306,44,173.38000000000008,269.63,443.95,1406.83,3.029734506188148,0.13266666666666538,26.28,equatorial
16.82,25.64,28.27,24.07,90.27,11.79,1.9,4.24,0.99,0.96,2022-11-03,Kribi,2022,11,307,44,163.2800000000001,241.72,450.37,1415.55,3.0547440962101255,-0.16666666666666785,26.28,equatorial
16.85,25.92,28.9,24.42,88.51,7.85,1.49,3.13,0.99,0.95,2022-11-04,Kribi,2022,11,308,44,75.39000000000009,246.5,452.40999999999997,1416.6299999999999,3.0530050389388608,0.10566666666667146,26.28,equatorial
18.16,26.32,29.57,24.77,87.1,38.36,1.61,5.5,1.0,0.97,2022-11-05,Kribi,2022,11,309,44,90.09000000000009,275.64,482.02,1449.26,3.1608568282694294,0.4610000000000021,26.32,equatorial
15.11,25.86,28.54,24.49,89.87,7.76,2.07,4.51,1.0,0.96,2022-11-06,Kribi,2022,11,310,44,92.7400000000001,257.89,467.79999999999995,1452.57,3.1662884323759957,-0.028333333333332433,26.32,equatorial
19.06,25.76,27.59,24.45,88.97,2.62,1.7,2.97,0.99,0.96,2022-11-07,Kribi,2022,11,311,45,87.86000000000008,256.86,466.06,1443.8799999999999,3.130130935400294,-0.15066666666666606,26.32,equatorial
14.77,26.26,28.77,24.64,89.03,8.76,1.57,3.8,0.99,0.95,2022-11-08,Kribi,2022,11,312,45,85.69000000000008,253.92,469.19000000000005,1439.81,3.1101833880677896,0.3296666666666681,26.32,equatorial
8.71,25.72,27.4,24.84,93.49,3.85,2.7,3.03,0.99,0.95,2022-11-09,Kribi,2022,11,313,45,80.99000000000008,254.37,458.1,1426.24,3.0575659831205226,-0.19533333333333402,26.32,equatorial
6.51,25.12,25.84,24.25,90.95,16.14,2.35,2.87,0.99,0.95,2022-11-10,Kribi,2022,11,314,45,85.34000000000009,248.62,463.84999999999997,1431.9499999999998,3.0717514845363905,-0.7830000000000013,26.32,equatorial
20.08,26.09,29.83,23.51,81.29,1.32,1.5,5.29,0.99,0.95,2022-11-11,Kribi,2022,11,315,45,78.81000000000009,154.2,454.02,1417.07,3.0149569016195126,0.18466666666666853,26.32,equatorial
16.99,25.74,28.57,24.29,87.82,5.54,1.44,2.94,0.98,0.94,2022-11-12,Kribi,2022,11,316,45,45.99000000000009,136.07999999999998,453.96999999999997,1417.71,3.011873594205564,-0.17600000000000193,26.26,equatorial
17.54,26.79,30.56,24.26,83.33,1.9,1.57,5.18,0.98,0.93,2022-11-13,Kribi,2022,11,317,45,40.13000000000009,132.87,450.00000000000006,1417.93,3.0073621812608975,0.8206666666666642,26.79,equatorial
8.8,27.02,30.1,24.93,85.36,2.47,1.46,4.54,0.97,0.92,2022-11-14,Kribi,2022,11,318,46,39.98000000000009,127.84,446.1,1419.1999999999998,3.0064734728924294,0.9959999999999987,27.02,equatorial
7.04,26.09,28.83,24.65,89.99,3.36,2.11,4.14,0.97,0.92,2022-11-15,Kribi,2022,11,319,46,34.58000000000009,120.27,445.6,1419.17,3.001134033494713,0.04066666666666663,27.02,equatorial
10.04,25.3,26.9,24.26,92.7,9.89,2.48,3.22,0.97,0.92,2022-11-16,Kribi,2022,11,320,46,40.62000000000009,121.61,453.3,1425.54,3.0177033881852675,-0.7093333333333334,27.02,equatorial
17.91,25.23,26.99,24.33,92.53,22.58,2.65,3.65,0.98,0.93,2022-11-17,Kribi,2022,11,321,46,47.06000000000009,132.4,467.03999999999996,1444.45,3.076967712675859,-0.7446666666666673,27.02,equatorial
18.79,26.15,29.48,23.9,86.03,1.0,1.58,4.0,0.98,0.92,2022-11-18,Kribi,2022,11,322,46,46.74000000000008,125.55,414.82,1444.01,3.0698859890546215,0.16566666666666663,27.02,equatorial
12.4,26.19,29.18,24.54,89.0,13.07,1.92,4.4,0.97,0.92,2022-11-19,Kribi,2022,11,323,46,54.27000000000008,100.26,388.19,1455.0,3.101743250632451,0.17833333333333456,27.02,equatorial
15.41,26.32,29.21,24.48,87.98,3.82,1.74,3.79,0.97,0.92,2022-11-20,Kribi,2022,11,324,46,56.19000000000008,96.32,388.94000000000005,1444.57,3.0605951240548195,0.29699999999999704,27.02,equatorial
16.5,26.16,28.91,24.65,89.09,0.77,1.99,3.72,0.97,0.92,2022-11-21,Kribi,2022,11,325,47,54.49000000000009,94.47,380.49,1442.31,3.0474322577703687,0.13966666666666683,26.32,equatorial
21.18,26.39,29.86,24.09,86.98,1.16,1.95,4.76,0.96,0.91,2022-11-22,Kribi,2022,11,326,47,52.29000000000008,86.87,356.14,1417.84,2.959072939744394,0.35133333333333283,26.39,equatorial
20.77,26.77,30.33,24.72,83.99,0.7,1.5,4.64,0.95,0.9,2022-11-23,Kribi,2022,11,327,47,43.10000000000008,83.72000000000001,353.19,1409.24,2.924964079074769,0.7433333333333323,26.77,equatorial
16.49,27.03,30.63,25.01,83.1,0.91,1.56,4.89,0.95,0.89,2022-11-24,Kribi,2022,11,328,47,21.430000000000085,68.49000000000001,342.4,1401.0,2.8922682343365818,0.9606666666666648,27.03,equatorial
9.03,26.29,28.84,24.71,88.06,2.24,1.54,3.44,0.94,0.89,2022-11-25,Kribi,2022,11,329,47,22.670000000000087,69.41,341.24,1397.1299999999999,2.8745144884441753,0.22799999999999798,27.03,equatorial
15.65,25.77,27.56,24.73,91.8,3.61,2.05,2.79,0.94,0.89,2022-11-26,Kribi,2022,11,330,47,13.210000000000086,67.48,322.96000000000004,1397.1100000000001,2.8698438712503016,-0.2786666666666662,27.03,equatorial
17.58,26.16,29.22,24.18,86.7,0.38,2.12,4.34,0.93,0.88,2022-11-27,Kribi,2022,11,331,47,9.770000000000085,65.96,227.60000000000002,1393.1799999999998,2.8520234043013906,0.09799999999999898,27.03,equatorial
12.84,25.33,26.35,24.44,93.21,0.72,2.52,1.6,0.93,0.88,2022-11-28,Kribi,2022,11,332,48,9.720000000000086,64.21,204.66,1383.83,2.81606023345633,-0.734333333333332,27.03,equatorial
16.93,24.8,25.99,23.97,93.13,1.18,2.58,2.09,0.93,0.88,2022-11-29,Kribi,2022,11,333,48,9.740000000000085,62.029999999999994,200.73000000000002,1371.79,2.77124632742079,-1.2220000000000013,27.03,equatorial
20.42,26.49,30.11,23.88,84.01,0.46,1.79,4.33,0.92,0.87,2022-11-30,Kribi,2022,11,334,48,9.500000000000085,52.6,193.69,1361.73,2.733313072430713,0.4593333333333298,27.03,equatorial
19.43,26.4,28.89,25.26,86.61,0.76,1.52,3.45,0.91,0.87,2022-12-01,Kribi,2022,12,335,48,9.350000000000085,30.78,183.52,1352.28,2.6976168893128833,0.3653333333333286,26.49,equatorial
10.41,25.8,27.29,24.75,92.46,0.8,1.34,1.31,0.91,0.87,2022-12-02,Kribi,2022,12,336,48,7.910000000000085,30.58,175.77,1315.27,2.569722715350544,-0.23033333333333061,26.49,equatorial
14.58,25.38,26.65,24.41,90.2,0.65,1.63,1.7,0.91,0.87,2022-12-03,Kribi,2022,12,337,48,4.950000000000085,18.16,164.63,1242.47,2.322474714367039,-0.6416666666666657,26.49,equatorial
19.05,26.69,30.05,24.46,85.84,0.26,1.64,3.66,0.91,0.86,2022-12-04,Kribi,2022,12,338,48,4.830000000000085,14.6,157.04,1194.02,2.157649162653576,0.6426666666666669,26.69,equatorial
20.24,26.62,29.03,25.14,88.4,0.28,1.67,2.5,0.9,0.86,2022-12-05,Kribi,2022,12,339,49,4.390000000000086,14.11,118.96000000000001,1159.14,2.0387643309247685,0.5626666666666651,26.69,equatorial
9.45,26.36,28.47,25.16,89.88,0.39,1.85,2.36,0.9,0.86,2022-12-06,Kribi,2022,12,340,49,3.6000000000000854,13.34,111.59,1101.8899999999999,1.8453174938656962,0.2859999999999978,26.69,equatorial
15.92,25.73,27.77,24.6,92.05,10.39,1.87,3.38,0.9,0.87,2022-12-07,Kribi,2022,12,341,49,13.530000000000086,23.03,119.36000000000001,1086.13,1.7911712510405091,-0.3429999999999964,26.69,equatorial
19.87,26.59,30.47,24.19,85.39,1.57,1.67,4.06,0.9,0.86,2022-12-08,Kribi,2022,12,342,49,14.340000000000087,23.69,112.17,1072.8799999999999,1.7455404335851363,0.5060000000000002,26.69,equatorial
19.01,27.07,30.66,25.0,84.76,2.03,1.56,4.4,0.9,0.86,2022-12-09,Kribi,2022,12,343,49,15.570000000000086,23.479999999999997,110.35000000000001,1050.7099999999998,1.6701654791151472,0.940999999999999,27.07,equatorial
18.54,27.08,30.19,25.21,83.79,1.83,1.55,4.09,0.89,0.85,2022-12-10,Kribi,2022,12,344,49,16.750000000000085,21.7,96.04,1029.8000000000002,1.5991448640035375,0.885666666666669,27.08,equatorial
17.55,26.72,29.88,24.83,86.13,1.59,1.71,3.64,0.89,0.85,2022-12-11,Kribi,2022,12,345,49,18.080000000000087,22.91,96.31,1022.0,1.5720841216986992,0.5046666666666653,27.08,equatorial
16.75,26.59,29.32,25.16,88.15,5.42,2.06,3.69,0.88,0.85,2022-12-12,Kribi,2022,12,346,50,23.220000000000084,27.61,96.19,1024.74,1.5803041655565182,0.3463333333333303,27.08,equatorial
17.99,26.4,29.27,24.8,86.51,6.88,2.05,4.29,0.88,0.86,2022-12-13,Kribi,2022,12,347,50,29.710000000000086,33.31,101.17,1028.43,1.591684983236637,0.16933333333333422,27.08,equatorial
18.25,25.89,28.67,24.14,86.93,3.68,2.04,3.55,0.88,0.85,2022-12-14,Kribi,2022,12,348,50,23.000000000000085,36.53,102.38,1023.4300000000001,1.5740116351450448,-0.30299999999999727,27.08,equatorial
14.49,26.29,29.61,24.35,84.65,3.07,1.78,3.91,0.88,0.85,2022-12-15,Kribi,2022,12,349,50,24.500000000000085,38.84,102.09,1007.3,1.5191880637169184,0.09033333333333715,27.08,equatorial
16.13,26.63,30.04,24.67,85.03,6.61,1.63,4.81,0.88,0.85,2022-12-16,Kribi,2022,12,350,50,29.080000000000084,44.65,98.81,1008.16,1.5211963287257457,0.3860000000000028,27.08,equatorial
17.25,26.04,28.32,24.83,88.52,1.21,1.68,2.57,0.88,0.85,2022-12-17,Kribi,2022,12,351,50,28.460000000000086,45.21,77.44,1003.54,1.504902907591208,-0.23100000000000165,26.72,equatorial
19.75,26.41,29.8,24.18,84.78,0.21,1.81,3.96,0.87,0.84,2022-12-18,Kribi,2022,12,352,50,27.080000000000087,45.160000000000004,76.65,990.5300000000001,1.46062360964717,0.13033333333333275,26.63,equatorial
19.59,26.71,30.07,25.05,82.47,0.27,1.46,4.0,0.87,0.83,2022-12-19,Kribi,2022,12,353,51,21.93000000000009,45.15,63.849999999999994,987.14,1.4485213707685884,0.41300000000000026,26.71,equatorial
18.81,26.23,28.63,24.79,86.41,0.36,1.86,3.11,0.86,0.83,2022-12-20,Kribi,2022,12,354,51,15.410000000000085,45.12,60.39,980.8100000000001,1.4266241304635845,-0.06400000000000006,26.71,equatorial
14.03,26.04,29.01,24.46,87.27,0.54,2.24,3.41,0.85,0.83,2022-12-21,Kribi,2022,12,355,51,12.270000000000085,35.27,60.160000000000004,971.27,1.3940450740445514,-0.25000000000000355,26.71,equatorial
18.5,25.52,27.53,24.07,87.47,0.23,2.33,2.83,0.85,0.83,2022-12-22,Kribi,2022,12,356,51,9.430000000000085,33.93,59.230000000000004,925.14,1.239406079061684,-0.7409999999999997,26.71,equatorial
14.33,25.62,28.13,24.32,78.4,0.13,1.62,3.35,0.85,0.82,2022-12-23,Kribi,2022,12,357,51,2.9500000000000854,32.03,58.660000000000004,902.42,1.1630462108575672,-0.6026666666666642,26.71,equatorial
20.28,26.42,30.64,23.31,78.95,0.05,1.53,4.32,0.84,0.82,2022-12-24,Kribi,2022,12,358,51,1.7900000000000853,30.25,57.8,840.55,0.9560845814232763,0.21766666666666978,26.71,equatorial
17.81,26.78,30.65,24.02,81.05,0.1,1.59,4.04,0.83,0.81,2022-12-25,Kribi,2022,12,359,51,1.6800000000000854,28.76,55.660000000000004,791.74,0.7928339085564815,0.5613333333333337,26.78,equatorial
13.28,27.13,30.55,24.99,79.96,0.1,1.17,3.87,0.83,0.81,2022-12-26,Kribi,2022,12,360,52,1.5100000000000853,23.44,52.150000000000006,705.76,0.505526917288076,0.8659999999999961,27.13,equatorial
19.0,27.3,30.96,24.0,78.0,0.17,1.21,4.61,0.82,0.81,2022-12-27,Kribi,2022,12,361,52,1.320000000000085,16.73,51.94,689.8,0.4521157604303665,0.9980000000000011,27.3,equatorial
20.85,27.53,31.74,24.24,77.12,0.07,1.55,5.02,0.82,0.8,2022-12-28,Kribi,2022,12,362,52,0.8500000000000854,13.12,51.29,687.83,0.4454422031529995,1.1546666666666674,27.53,equatorial
20.05,26.96,30.57,23.78,79.54,0.18,1.57,4.53,0.81,0.8,2022-12-29,Kribi,2022,12,363,52,0.8000000000000853,10.23,50.29,684.29,0.43352463537694086,0.5126666666666679,27.53,equatorial
18.34,27.73,31.16,24.57,77.66,0.17,1.15,4.31,0.8,0.79,2022-12-30,Kribi,2022,12,364,52,0.8400000000000853,3.79,50.0,674.7700000000001,0.4016280340880877,1.2413333333333334,27.73,equatorial
18.23,27.04,31.36,23.74,78.32,0.15,1.4,5.8,0.79,0.79,2022-12-31,Kribi,2022,12,365,52,0.9400000000000852,2.73,49.39,671.5600000000001,0.3908212693542001,0.5300000000000011,27.73,equatorial
18.72,27.22,31.04,24.36,81.7,0.33,1.46,4.1,0.79,0.79,2023-01-01,Kribi,2023,1,1,52,1.1700000000000852,2.85,48.92,668.64,0.3809848972834188,0.662666666666663,27.73,equatorial
14.32,26.27,28.64,24.97,86.26,0.53,1.72,2.55,0.79,0.79,2023-01-02,Kribi,2023,1,2,1,1.6000000000000854,3.1100000000000003,48.8,663.8000000000001,0.36473144478901176,-0.31700000000000017,27.73,equatorial
18.2,26.98,30.55,24.68,81.13,0.44,1.56,3.96,0.78,0.78,2023-01-03,Kribi,2023,1,3,1,1.8700000000000854,3.1900000000000004,48.980000000000004,658.43,0.34670752295471596,0.38333333333333286,27.73,equatorial
17.08,27.12,30.65,25.13,82.33,0.49,1.78,4.03,0.78,0.78,2023-01-04,Kribi,2023,1,4,1,2.2900000000000853,3.14,49.19,650.17,0.31902147826456667,0.5066666666666677,27.73,equatorial
14.13,26.57,29.01,25.37,87.91,0.66,2.15,2.84,0.78,0.78,2023-01-05,Kribi,2023,1,5,1,2.7700000000000857,3.5700000000000003,49.46,628.8499999999999,0.24765982614976498,-0.0503333333333309,27.73,equatorial
18.82,26.55,29.13,24.96,86.9,0.87,2.08,3.15,0.77,0.78,2023-01-06,Kribi,2023,1,6,1,3.470000000000085,4.31,39.94,625.36,0.2359411498400142,-0.09766666666666879,27.22,equatorial
17.03,26.77,29.37,25.36,84.87,1.01,1.82,3.02,0.77,0.78,2023-01-07,Kribi,2023,1,7,1,4.330000000000085,5.27,39.38,620.74,0.22044252525366012,0.1163333333333334,27.22,equatorial
18.43,26.67,29.46,25.2,84.42,0.9,1.79,3.14,0.77,0.77,2023-01-08,Kribi,2023,1,8,1,4.900000000000086,6.07,38.25,606.7,0.17342460301410353,0.02966666666667095,27.12,equatorial
18.35,27.0,30.46,24.88,84.32,0.78,1.92,4.04,0.77,0.77,2023-01-09,Kribi,2023,1,9,2,5.150000000000085,6.75,37.2,597.09,0.14123307425483267,0.36233333333333206,27.12,equatorial
18.92,26.74,30.22,24.78,85.6,0.51,2.12,4.11,0.76,0.76,2023-01-10,Kribi,2023,1,10,2,5.220000000000086,7.09,36.12,586.45,0.10559429783214923,0.10166666666666657,27.12,equatorial
14.54,26.47,29.57,24.75,84.85,0.54,2.29,4.01,0.76,0.76,2023-01-11,Kribi,2023,1,11,2,5.270000000000086,7.56,31.240000000000002,581.4,0.08866983219462884,-0.16433333333333522,27.0,equatorial
17.24,26.41,29.7,24.78,84.4,0.39,2.06,3.71,0.75,0.76,2023-01-12,Kribi,2023,1,12,2,5.000000000000085,7.77,24.75,575.92,0.0703056593788355,-0.22466666666666413,27.0,equatorial
21.32,27.18,30.82,24.36,79.71,0.19,1.6,4.67,0.75,0.75,2023-01-13,Kribi,2023,1,13,2,4.3200000000000855,7.79,21.26,569.74,0.04959729438316415,0.5023333333333326,27.18,equatorial
15.35,26.82,30.69,24.73,82.21,0.42,1.82,4.38,0.74,0.75,2023-01-14,Kribi,2023,1,14,2,3.7300000000000852,8.06,18.61,566.3,0.03806657155906342,0.12466666666666626,27.18,equatorial
18.66,26.65,29.86,24.77,85.02,0.62,1.99,3.53,0.74,0.75,2023-01-15,Kribi,2023,1,15,2,3.4500000000000854,8.35,12.620000000000001,564.73,0.032800481526182285,-0.04600000000000648,27.18,equatorial
18.94,26.86,30.07,25.16,85.01,0.41,1.91,3.29,0.74,0.75,2023-01-16,Kribi,2023,1,16,3,3.0800000000000853,8.23,11.819999999999999,556.3,0.004549029056187662,0.13666666666666671,27.18,equatorial
14.88,26.57,29.6,24.93,85.84,0.49,1.93,3.25,0.74,0.75,2023-01-17,Kribi,2023,1,17,3,3.0600000000000853,8.28,12.1,503.57,-0.17216007204749265,-0.15866666666666518,27.18,equatorial
14.35,26.75,30.15,24.92,85.8,0.55,1.96,3.44,0.74,0.74,2023-01-18,Kribi,2023,1,18,3,3.0700000000000855,8.34,12.38,464.42,-0.30334752112987967,0.019999999999999574,27.18,equatorial
16.96,26.59,29.67,25.0,87.04,0.64,2.14,3.17,0.73,0.74,2023-01-19,Kribi,2023,1,19,3,3.320000000000085,8.32,12.66,461.99,-0.311436862826677,-0.15200000000000102,27.18,equatorial
18.04,26.53,29.83,24.62,86.51,0.44,2.1,3.27,0.73,0.74,2023-01-20,Kribi,2023,1,20,3,3.570000000000085,7.890000000000001,12.56,453.21,-0.34081475343501466,-0.22833333333333172,26.86,equatorial
16.9,26.57,29.53,24.91,87.14,0.16,2.34,3.14,0.73,0.74,2023-01-21,Kribi,2023,1,21,3,3.3100000000000853,7.040000000000001,12.49,427.85999999999996,-0.42574987476316234,-0.22333333333333272,26.86,equatorial
15.64,26.55,29.68,24.88,87.13,0.14,2.19,3.3,0.73,0.73,2023-01-22,Kribi,2023,1,22,3,2.8300000000000853,6.28,12.5,424.35,-0.43743507720959784,-0.27433333333333465,26.86,equatorial
18.29,26.86,30.23,24.98,86.05,0.15,2.17,3.48,0.72,0.73,2023-01-23,Kribi,2023,1,23,4,2.570000000000085,5.65,12.6,412.8,-0.47608381590222,0.020999999999997243,26.86,equatorial
18.81,26.89,30.41,24.81,85.08,0.2,2.1,3.91,0.72,0.73,2023-01-24,Kribi,2023,1,24,4,2.2800000000000855,5.34,12.700000000000001,409.59999999999997,-0.48671838801414113,0.04733333333333434,26.89,equatorial
20.17,26.71,29.86,24.64,86.54,0.17,2.2,3.47,0.72,0.73,2023-01-25,Kribi,2023,1,25,4,1.9000000000000854,4.97,12.770000000000001,387.88,-0.5594789248595943,-0.11866666666666603,26.89,equatorial
19.14,26.5,29.49,24.97,88.59,1.56,2.55,3.36,0.71,0.73,2023-01-26,Kribi,2023,1,26,4,2.8200000000000855,6.140000000000001,14.16,293.7,-0.8752906550112997,-0.30200000000000315,26.89,equatorial
18.28,26.23,28.63,24.5,88.84,1.64,2.4,2.99,0.71,0.73,2023-01-27,Kribi,2023,1,27,4,4.020000000000086,7.59,15.73,271.68,-0.9488882127912395,-0.5286666666666662,26.89,equatorial
17.38,26.22,28.46,25.03,88.75,2.18,2.59,2.89,0.72,0.73,2023-01-28,Kribi,2023,1,28,4,6.040000000000085,9.350000000000001,17.73,268.75,-0.9584102318284321,-0.5139999999999993,26.89,equatorial
21.17,26.87,30.07,25.07,83.53,1.41,1.92,3.68,0.71,0.73,2023-01-29,Kribi,2023,1,29,4,7.310000000000086,10.139999999999999,18.97,262.66,-0.978525386433615,0.16466666666666896,26.89,equatorial
12.88,26.59,29.19,25.03,87.38,2.97,2.38,3.24,0.71,0.73,2023-01-30,Kribi,2023,1,30,5,10.130000000000084,12.700000000000001,21.79,254.7,-1.004899456632531,-0.10033333333333516,26.89,equatorial
22.27,26.56,29.08,25.24,87.6,1.29,2.22,2.96,0.71,0.73,2023-01-31,Kribi,2023,1,31,5,11.220000000000086,13.5,22.75,247.44,-1.0289074824455298,-0.10833333333333428,26.87,equatorial
22.45,26.71,29.57,25.03,85.81,1.49,2.27,3.42,0.71,0.73,2023-02-01,Kribi,2023,2,32,5,12.540000000000086,14.44,23.71,237.14,-1.0630936827029862,0.027000000000001023,26.87,equatorial
15.81,26.75,29.24,25.2,85.39,1.07,1.91,2.61,0.71,0.73,2023-02-02,Kribi,2023,2,33,5,12.050000000000086,14.87,24.34,230.36,-1.0854484953715389,0.07466666666666555,26.87,equatorial
21.19,27.43,30.94,25.37,81.77,0.49,1.32,3.37,0.71,0.72,2023-02-03,Kribi,2023,2,34,5,10.900000000000086,14.92,24.340000000000003,192.48999999999998,-1.2120377664106943,0.7443333333333335,27.43,equatorial
17.05,27.05,29.46,25.77,86.66,1.6,2.01,2.76,0.71,0.72,2023-02-04,Kribi,2023,2,35,5,10.320000000000086,16.36,25.28,186.32999999999998,-1.232184691299829,0.3483333333333327,27.43,equatorial
17.19,26.42,28.23,25.4,91.13,5.4,2.56,2.42,0.71,0.74,2023-02-05,Kribi,2023,2,36,5,14.310000000000086,21.62,29.810000000000002,189.10999999999999,-1.22234058663511,-0.2773333333333312,27.43,equatorial
19.74,26.65,29.65,25.06,87.74,4.07,2.63,3.78,0.71,0.74,2023-02-06,Kribi,2023,2,37,6,15.410000000000085,25.540000000000003,32.87,184.42000000000002,-1.2375470244326856,-0.043333333333333,27.43,equatorial
17.61,26.5,29.32,24.85,86.65,3.76,2.52,3.85,0.71,0.73,2023-02-07,Kribi,2023,2,38,6,17.880000000000088,29.1,35.730000000000004,184.33,-1.237319606589553,-0.1876666666666651,27.43,equatorial
21.24,26.97,30.45,24.83,84.1,1.48,2.18,4.19,0.71,0.72,2023-02-08,Kribi,2023,2,39,6,17.870000000000086,30.41,36.43,169.67,-1.2859223131621504,0.28333333333333144,27.43,equatorial
19.57,27.26,30.57,25.27,84.37,3.25,2.12,4.21,0.71,0.73,2023-02-09,Kribi,2023,2,40,6,20.050000000000086,32.1,39.17,171.6,-1.2788791424800217,0.5560000000000009,27.43,equatorial
20.06,27.12,30.08,25.19,84.32,0.31,1.97,3.47,0.71,0.72,2023-02-10,Kribi,2023,2,41,6,19.870000000000086,30.77,38.940000000000005,166.37,-1.2958338997246768,0.39433333333333564,27.26,equatorial
19.18,27.56,31.14,25.18,84.14,0.08,2.03,3.87,0.7,0.71,2023-02-11,Kribi,2023,2,42,6,18.350000000000087,28.67,38.63,164.55,-1.3013456078284622,0.7959999999999958,27.56,equatorial
19.83,27.8,31.23,25.81,84.42,0.12,1.89,3.75,0.7,0.71,2023-02-12,Kribi,2023,2,43,6,13.070000000000086,27.380000000000003,38.559999999999995,162.20000000000002,-1.3086264614866858,1.0153333333333343,27.8,equatorial
18.72,27.34,29.65,25.94,88.2,0.18,2.17,2.7,0.69,0.71,2023-02-13,Kribi,2023,2,44,7,9.180000000000085,24.590000000000003,38.32,159.01999999999998,-1.3186788700118346,0.5379999999999967,27.8,equatorial
13.68,26.99,28.99,25.58,88.56,0.15,2.29,2.43,0.69,0.71,2023-02-14,Kribi,2023,2,45,7,5.5700000000000855,23.45,37.85,149.28,-1.3506871814254968,0.17666666666666586,27.8,equatorial
17.03,26.77,29.35,25.18,84.96,0.02,2.26,3.3,0.69,0.7,2023-02-15,Kribi,2023,2,46,7,4.110000000000085,21.98,37.46,126.72,-1.4255763943343291,-0.04033333333333644,27.8,equatorial
18.76,27.16,29.81,25.44,83.33,0.02,1.5,3.06,0.69,0.7,2023-02-16,Kribi,2023,2,47,7,0.8800000000000853,20.93,36.99,125.74000000000001,-1.42812897112802,0.33000000000000185,27.8,equatorial
15.26,27.49,30.6,25.24,79.97,0.01,1.54,3.38,0.68,0.7,2023-02-17,Kribi,2023,2,48,7,0.5800000000000853,20.45,36.45,112.67999999999999,-1.4711046739573033,0.6353333333333318,27.8,equatorial
18.45,27.46,31.32,24.49,74.94,0.0,1.29,4.23,0.68,0.69,2023-02-18,Kribi,2023,2,49,7,0.5000000000000853,18.85,35.81,108.86,-1.4831024587134534,0.5763333333333343,27.8,equatorial
16.83,26.91,30.71,23.7,82.21,0.01,1.88,4.19,0.68,0.69,2023-02-19,Kribi,2023,2,50,7,0.3900000000000853,13.459999999999999,35.38,108.10000000000001,-1.4848466514614274,0.013666666666665606,27.49,equatorial
16.35,27.4,30.16,25.78,86.24,0.37,2.14,3.38,0.67,0.69,2023-02-20,Kribi,2023,2,51,8,0.5800000000000853,9.760000000000002,35.59,107.31,-1.4866886926845415,0.47600000000000264,27.49,equatorial
13.27,27.25,29.44,26.01,89.1,0.36,2.19,2.36,0.67,0.69,2023-02-21,Kribi,2023,2,52,8,0.7900000000000853,6.36,35.81,106.97,-1.4870234364120707,0.3026666666666671,27.49,equatorial
12.48,26.94,29.57,25.47,87.48,0.5,2.51,3.3,0.67,0.69,2023-02-22,Kribi,2023,2,53,8,1.2700000000000853,5.380000000000001,36.160000000000004,106.56,-1.4875917997968022,-0.00999999999999801,27.49,equatorial
10.28,26.82,29.01,25.65,87.87,0.4,2.14,2.62,0.67,0.69,2023-02-23,Kribi,2023,2,54,8,1.6500000000000852,2.5300000000000002,36.36,104.72,-1.4929389407459173,-0.12766666666666637,27.49,equatorial
18.01,26.92,29.8,25.11,86.45,0.35,2.31,3.29,0.67,0.68,2023-02-24,Kribi,2023,2,55,8,1.9900000000000853,2.57,36.540000000000006,101.46000000000001,-1.5030231985136762,-0.03466666666666285,27.46,equatorial
11.88,26.76,29.04,25.5,89.38,6.4,2.38,3.01,0.68,0.71,2023-02-25,Kribi,2023,2,56,8,8.390000000000086,8.89,41.38,107.47999999999999,-1.4820887340640814,-0.2033333333333296,27.4,equatorial
16.44,26.88,29.91,25.44,88.4,5.16,2.28,3.4,0.68,0.71,2023-02-26,Kribi,2023,2,57,8,13.540000000000086,13.930000000000001,44.900000000000006,111.92,-1.4664627427765498,-0.10500000000000398,27.4,equatorial
18.74,27.09,30.13,25.17,87.44,3.89,2.22,3.97,0.68,0.7,2023-02-27,Kribi,2023,2,58,9,17.060000000000084,17.64,46.61,114.63000000000001,-1.4566370805436546,0.07599999999999696,27.25,equatorial
14.17,26.39,28.08,25.35,91.0,4.54,2.48,2.35,0.69,0.72,2023-02-28,Kribi,2023,2,59,9,21.240000000000087,22.03,49.739999999999995,118.71,-1.4422507364128025,-0.6080000000000005,27.09,equatorial
21.64,27.21,30.11,25.23,85.22,2.45,1.94,3.93,0.69,0.7,2023-03-01,Kribi,2023,3,60,9,23.190000000000087,24.46,49.22,120.4,-1.4358638426135075,0.19133333333333624,27.21,equatorial
18.94,26.81,28.62,25.68,88.56,3.77,1.9,2.25,0.69,0.71,2023-03-02,Kribi,2023,3,61,9,26.560000000000088,28.21,51.7,123.37,-1.4252131078254318,-0.2170000000000023,27.21,equatorial
17.55,27.15,29.72,25.43,84.81,4.35,1.68,2.83,0.69,0.72,2023-03-03,Kribi,2023,3,62,9,30.560000000000088,32.55,54.56,127.07000000000001,-1.4121404782806068,0.10833333333333073,27.21,equatorial
16.18,26.78,28.32,25.75,87.44,5.91,1.75,2.54,0.69,0.72,2023-03-04,Kribi,2023,3,63,9,30.070000000000086,38.46,59.4,132.72,-1.3925779539825796,-0.2626666666666644,27.21,equatorial
14.83,27.52,30.32,25.65,87.07,7.01,2.01,3.54,0.7,0.73,2023-03-05,Kribi,2023,3,64,9,31.920000000000083,45.46,65.92,139.45,-1.3694370669660225,0.47433333333333394,27.52,equatorial
11.18,26.88,28.38,25.84,92.35,10.12,2.63,2.57,0.7,0.74,2023-03-06,Kribi,2023,3,65,10,38.150000000000084,55.209999999999994,74.44,149.18,-1.3363159622299998,-0.16000000000000014,27.52,equatorial
15.46,27.01,29.63,25.62,87.76,8.66,2.41,3.9,0.71,0.74,2023-03-07,Kribi,2023,3,66,10,42.27000000000009,63.51,77.7,147.45,-1.3414643448181667,-0.04966666666666697,27.52,equatorial
17.3,26.87,29.3,25.38,89.43,5.93,2.46,3.58,0.71,0.73,2023-03-08,Kribi,2023,3,67,10,45.750000000000085,68.94,79.56,151.81,-1.3262935294316684,-0.19700000000000273,27.52,equatorial
16.98,26.67,28.46,25.69,89.06,10.23,2.03,3.01,0.71,0.75,2023-03-09,Kribi,2023,3,68,10,52.210000000000086,78.77000000000001,86.03,160.01,-1.298333366550485,-0.4026666666666685,27.52,equatorial
11.96,26.5,28.06,25.4,88.51,8.99,1.84,2.23,0.72,0.75,2023-03-10,Kribi,2023,3,69,10,56.85000000000009,87.41,93.54,167.17000000000002,-1.27387271257028,-0.5570000000000022,27.52,equatorial
11.5,26.52,28.52,24.92,80.38,12.91,1.33,3.29,0.73,0.77,2023-03-11,Kribi,2023,3,70,10,63.85000000000008,93.91999999999999,103.2,178.49,-1.2355658332089285,-0.5123333333333342,27.52,equatorial
18.1,27.08,31.53,23.87,80.35,0.62,1.9,4.93,0.72,0.73,2023-03-12,Kribi,2023,3,71,10,57.460000000000086,89.38,103.51,173.69,-1.2510497672140029,0.048999999999995936,27.08,equatorial
20.41,27.01,29.82,25.07,81.73,1.32,1.46,3.68,0.71,0.72,2023-03-13,Kribi,2023,3,72,11,48.66000000000009,86.81,104.75,168.13,-1.2690513449324903,-0.002666666666666373,27.08,equatorial
16.3,26.74,29.15,25.27,86.89,1.83,2.0,3.21,0.71,0.72,2023-03-14,Kribi,2023,3,73,11,41.830000000000084,84.10000000000001,106.46,166.28,-1.2746657064178797,-0.23733333333333562,27.08,equatorial
9.45,26.49,28.6,25.02,88.62,2.02,1.92,2.72,0.71,0.72,2023-03-15,Kribi,2023,3,74,11,37.92000000000009,83.67,108.3,165.23,-1.2776074507287465,-0.4590000000000032,27.08,equatorial
9.8,25.89,28.04,24.46,82.48,2.41,1.73,3.63,0.7,0.72,2023-03-16,Kribi,2023,3,75,11,30.100000000000087,82.31,110.56,161.03000000000003,-1.2910447837818495,-1.0223333333333322,27.08,equatorial
23.5,26.87,31.72,23.5,81.61,0.29,2.09,5.25,0.7,0.71,2023-03-17,Kribi,2023,3,76,11,21.400000000000084,78.25,110.83,160.11,-1.2935366324655604,-0.045666666666665634,27.08,equatorial
17.21,26.15,28.44,24.67,88.07,1.72,2.5,3.53,0.69,0.71,2023-03-18,Kribi,2023,3,77,11,10.210000000000086,74.06,112.53,161.62,-1.2879287202396017,-0.7320000000000029,27.08,equatorial
11.53,26.47,29.26,24.4,77.74,2.74,1.77,5.33,0.69,0.71,2023-03-19,Kribi,2023,3,78,11,12.330000000000087,69.78999999999999,115.26,164.09,-1.2791285678388205,-0.37800000000000367,27.01,equatorial
21.51,27.27,31.0,24.65,76.83,0.42,1.41,4.85,0.69,0.7,2023-03-20,Kribi,2023,3,79,12,11.430000000000087,60.09,115.68,164.15,-1.2783670039329167,0.42833333333333456,27.27,equatorial
5.5,25.95,28.22,24.63,87.36,17.79,1.79,3.51,0.7,0.76,2023-03-21,Kribi,2023,3,80,12,27.390000000000086,69.22,133.45999999999998,181.4,-1.2203421543338808,-0.8596666666666657,27.27,equatorial
18.61,25.79,27.66,24.07,86.48,1.5,1.65,2.56,0.71,0.72,2023-03-22,Kribi,2023,3,81,12,26.870000000000086,64.78999999999999,134.58999999999997,182.67,-1.215605975378934,-0.9660000000000046,27.27,equatorial
20.64,26.58,28.87,25.26,86.44,2.68,2.03,3.45,0.71,0.72,2023-03-23,Kribi,2023,3,82,12,27.140000000000086,57.239999999999995,136.91,185.22,-1.2066110406685033,-0.15366666666666973,27.27,equatorial
5.9,25.69,27.5,24.68,90.87,27.91,2.45,3.77,0.72,0.79,2023-03-24,Kribi,2023,3,83,12,54.76000000000009,76.16,164.32,213.08,-1.113321355086175,-1.001999999999999,27.27,equatorial
22.75,26.39,29.8,24.06,85.68,8.73,2.01,4.43,0.74,0.76,2023-03-25,Kribi,2023,3,84,12,61.77000000000009,71.97999999999999,172.65,221.70999999999998,-1.0841608640142313,-0.2876666666666665,27.27,equatorial
11.44,25.48,27.23,24.15,86.84,18.3,1.88,3.31,0.76,0.8,2023-03-26,Kribi,2023,3,85,12,77.33000000000008,89.66,190.6,239.91,-1.0231448215395598,-1.1496666666666648,27.27,equatorial
21.53,26.3,28.77,24.63,85.57,2.52,2.33,4.07,0.74,0.75,2023-03-27,Kribi,2023,3,86,13,79.43000000000009,90.86,186.72,242.26000000000002,-1.0149687369401341,-0.31433333333333024,26.58,equatorial
11.98,27.07,31.3,25.1,84.9,13.21,1.58,6.38,0.75,0.78,2023-03-28,Kribi,2023,3,87,13,74.85000000000008,102.24000000000001,194.77,255.39999999999998,-0.9708550667342152,0.4493333333333318,27.07,equatorial
9.58,25.76,27.27,24.8,90.49,9.71,2.02,2.7,0.75,0.77,2023-03-29,Kribi,2023,3,88,13,83.06000000000009,109.93,200.58999999999997,264.93,-0.9387944804849749,-0.8163333333333291,27.07,equatorial
20.31,27.41,31.45,25.42,82.27,3.79,1.54,6.34,0.74,0.75,2023-03-30,Kribi,2023,3,89,13,84.17000000000009,111.31,199.84,268.55,-0.9264414135610862,0.799666666666667,27.41,equatorial
18.42,25.64,26.96,24.54,90.83,16.58,2.21,2.98,0.75,0.79,2023-03-31,Kribi,2023,3,90,13,72.84000000000009,127.6,213.97,284.98,-0.8714170841143384,-0.9179999999999993,27.41,equatorial
21.05,26.0,27.7,24.89,88.65,2.44,2.04,3.0,0.75,0.76,2023-04-01,Kribi,2023,4,91,13,66.5500000000001,128.32,212.64,287.09,-0.8641324988883259,-0.5309999999999988,27.41,equatorial
22.72,26.41,28.87,24.79,88.64,5.69,1.91,3.39,0.75,0.76,2023-04-02,Kribi,2023,4,92,13,53.94000000000008,131.26999999999998,213.98,292.25,-0.8466888872511575,-0.09633333333333383,27.41,equatorial
10.34,26.49,28.72,25.3,89.12,15.85,1.84,3.11,0.75,0.79,2023-04-03,Kribi,2023,4,93,14,67.27000000000008,146.70000000000002,223.92000000000002,307.66,-0.7950974458077372,-0.006666666666667709,27.41,equatorial
17.1,27.17,30.4,25.17,85.41,6.56,1.6,4.54,0.77,0.78,2023-04-04,Kribi,2023,4,94,14,60.62000000000008,135.47000000000003,223.47,313.73,-0.7746535856934126,0.6849999999999987,27.41,equatorial
23.31,26.54,28.62,25.14,90.36,2.26,1.85,2.73,0.76,0.77,2023-04-05,Kribi,2023,4,95,14,53.17000000000008,136.23000000000002,215.61,315.33000000000004,-0.7691156615961754,0.06633333333333269,27.41,equatorial
14.54,26.53,28.18,25.47,90.66,15.13,1.98,3.58,0.76,0.8,2023-04-06,Kribi,2023,4,96,14,64.51000000000008,148.68,222.07999999999998,329.59000000000003,-0.721382518429911,0.07233333333333647,27.17,equatorial
22.32,27.01,29.49,25.42,88.85,4.48,1.97,3.64,0.77,0.78,2023-04-07,Kribi,2023,4,97,14,52.41000000000008,125.25,220.63,333.06,-0.7096337797566552,0.5476666666666716,27.17,equatorial
20.1,26.77,28.37,25.72,91.84,15.86,2.34,2.94,0.77,0.79,2023-04-08,Kribi,2023,4,98,14,65.83000000000008,132.38,226.26,348.02,-0.6595833596653492,0.30433333333333223,27.17,equatorial
4.91,26.18,27.68,25.24,92.94,36.4,2.4,3.02,0.83,0.86,2023-04-09,Kribi,2023,4,99,14,96.54000000000008,150.48,253.67000000000002,383.64000000000004,-0.5406589501714092,-0.2749999999999986,27.17,equatorial
22.6,26.8,29.57,25.19,87.54,2.66,1.96,3.98,0.81,0.8,2023-04-10,Kribi,2023,4,100,15,83.3500000000001,150.61999999999998,243.42000000000002,385.78999999999996,-0.5333735216624925,0.3356666666666648,27.17,equatorial
12.12,25.66,26.7,24.92,93.69,14.77,2.31,2.44,0.82,0.82,2023-04-11,Kribi,2023,4,101,15,91.56000000000009,152.18,257.57,400.02000000000004,-0.48579955098064664,-0.7569999999999979,27.01,equatorial
18.97,27.51,31.26,24.98,81.66,0.7,1.32,5.24,0.81,0.8,2023-04-12,Kribi,2023,4,102,15,90.00000000000009,143.17,256.95,400.33000000000004,-0.4846662160384511,1.0763333333333343,27.51,equatorial
22.4,27.55,30.79,25.6,85.29,1.84,1.72,4.98,0.8,0.79,2023-04-13,Kribi,2023,4,103,15,76.7100000000001,141.22,256.96,401.97999999999996,-0.47906266663864594,1.089333333333336,27.55,equatorial
6.16,27.72,30.34,26.1,86.7,22.7,1.27,4.5,0.82,0.84,2023-04-14,Kribi,2023,4,104,15,94.93000000000008,147.33999999999997,277.64,424.26,-0.4046252263103332,1.2183333333333337,27.72,equatorial
22.93,27.45,30.09,25.95,87.83,1.09,1.78,3.64,0.82,0.8,2023-04-15,Kribi,2023,4,105,15,80.16000000000008,145.98999999999998,276.32,424.73,-0.4029790042236365,0.896333333333331,27.72,equatorial
16.95,27.15,29.98,25.63,87.81,7.13,1.75,4.75,0.81,0.81,2023-04-16,Kribi,2023,4,106,15,50.89000000000009,147.42999999999998,283.15999999999997,431.45,-0.3804728354134302,0.5869999999999997,27.72,equatorial
21.41,26.56,28.39,25.42,89.03,8.91,1.92,3.6,0.82,0.82,2023-04-17,Kribi,2023,4,107,16,57.140000000000086,140.49,290.34999999999997,439.87,-0.35229391543356975,-0.01666666666666572,27.72,equatorial
17.65,28.22,31.61,25.65,80.87,7.05,1.22,5.43,0.82,0.82,2023-04-18,Kribi,2023,4,108,16,49.42000000000009,140.98,294.66,446.37,-0.3305274167029295,1.5850000000000009,28.22,equatorial
13.24,27.72,30.55,25.96,87.94,11.17,1.68,4.67,0.82,0.83,2023-04-19,Kribi,2023,4,109,16,59.890000000000086,149.89,305.40999999999997,456.9,-0.2953055681329253,1.0700000000000003,28.22,equatorial
18.51,27.24,29.52,25.89,90.63,7.68,1.99,4.04,0.83,0.82,2023-04-20,Kribi,2023,4,110,16,65.73000000000009,142.44,295.29999999999995,464.14,-0.27107324221918055,0.546999999999997,28.22,equatorial
14.52,26.52,28.07,25.66,91.26,3.78,2.38,3.54,0.83,0.81,2023-04-21,Kribi,2023,4,111,16,46.81000000000009,141.73999999999998,297.58,467.76,-0.25893367669632833,-0.19733333333333292,28.22,equatorial
20.48,26.88,28.97,25.53,86.91,1.62,2.39,4.41,0.82,0.81,2023-04-22,Kribi,2023,4,112,16,47.34000000000009,127.49999999999999,296.52,469.24,-0.25394385263268515,0.15266666666666495,28.22,equatorial
21.67,26.92,29.4,25.33,85.03,0.63,1.97,4.22,0.82,0.8,2023-04-23,Kribi,2023,4,113,16,40.84000000000009,91.72999999999999,269.24,469.71999999999997,-0.2522955228457606,0.15166666666667084,28.22,equatorial
16.64,27.05,29.01,25.39,85.39,1.6,1.59,3.13,0.81,0.8,2023-04-24,Kribi,2023,4,114,17,33.53000000000009,90.67,262.10999999999996,471.12,-0.24757284390927797,0.2596666666666678,28.22,equatorial
4.02,26.33,27.69,25.36,91.98,3.16,1.92,2.24,0.81,0.8,2023-04-25,Kribi,2023,4,115,17,29.64000000000009,79.06,246.97,474.11,-0.23753610672137518,-0.488666666666667,27.72,equatorial
23.41,26.57,28.81,25.07,88.22,1.27,1.78,3.31,0.81,0.8,2023-04-26,Kribi,2023,4,116,17,19.74000000000009,79.63,245.72,473.82,-0.23846423601657588,-0.25766666666666893,27.24,equatorial
10.22,25.7,27.15,24.73,91.31,3.01,2.15,2.82,0.81,0.8,2023-04-27,Kribi,2023,4,117,17,15.070000000000093,80.8,235.51999999999998,475.19,-0.23384239320668765,-1.0819999999999972,27.05,equatorial
21.0,26.09,28.25,24.59,88.7,1.7,1.97,3.18,0.81,0.8,2023-04-28,Kribi,2023,4,118,17,12.990000000000093,59.8,227.51,474.71,-0.2354068959080167,-0.7029999999999994,27.05,equatorial
6.18,25.47,26.85,24.69,92.37,3.46,2.39,2.84,0.81,0.8,2023-04-29,Kribi,2023,4,119,17,14.83000000000009,62.169999999999995,227.17999999999998,476.76000000000005,-0.22851005111186373,-1.2583333333333364,27.05,equatorial
23.34,26.03,28.41,24.33,86.23,1.54,1.93,4.11,0.8,0.79,2023-04-30,Kribi,2023,4,120,17,15.740000000000093,56.58,212.14,475.33,-0.2332537674085449,-0.7113333333333323,27.05,equatorial
10.73,25.58,27.14,24.79,90.62,5.35,2.03,3.04,0.8,0.8,2023-05-01,Kribi,2023,5,121,18,19.490000000000094,53.019999999999996,215.05,479.39,-0.2196308859285749,-1.1473333333333358,26.57,equatorial
16.22,25.42,26.94,24.56,91.52,4.35,1.97,2.54,0.81,0.8,2023-05-02,Kribi,2023,5,122,18,20.680000000000092,50.32,213.71,482.25,-0.21002360309547952,-1.2743333333333275,26.57,equatorial
22.34,26.52,29.72,24.21,84.32,2.44,1.57,4.22,0.81,0.79,2023-05-03,Kribi,2023,5,123,18,21.850000000000094,41.589999999999996,200.29999999999998,483.61999999999995,-0.20540289691084052,-0.17533333333333445,26.52,equatorial
17.62,27.76,31.15,25.34,80.44,3.99,1.61,6.06,0.8,0.8,2023-05-04,Kribi,2023,5,124,18,22.83000000000009,37.9,197.73,487.12,-0.19365314845787798,1.0450000000000053,27.76,equatorial
21.45,27.12,29.82,25.58,86.62,6.37,2.1,5.1,0.8,0.8,2023-05-05,Kribi,2023,5,125,18,27.500000000000092,40.489999999999995,201.83999999999997,491.89,-0.17765227022706787,0.38566666666666904,27.76,equatorial
8.5,25.66,26.8,24.52,91.73,6.81,2.27,3.24,0.8,0.81,2023-05-06,Kribi,2023,5,126,18,30.85000000000009,45.68,193.51999999999998,493.3,-0.17290137958365398,-1.0453333333333354,27.76,equatorial
21.83,27.41,30.52,25.3,84.03,5.41,1.46,4.16,0.8,0.8,2023-05-07,Kribi,2023,5,127,18,34.72000000000009,50.46,194.45,494.64,-0.16838499905782311,0.6913333333333327,27.76,equatorial
22.88,27.56,30.52,25.76,84.72,1.95,1.42,4.88,0.8,0.79,2023-05-08,Kribi,2023,5,128,19,31.32000000000009,50.809999999999995,180.54,492.83,-0.1744186345214687,0.8150000000000013,27.76,equatorial
21.84,27.06,29.16,25.89,89.07,2.92,2.1,3.56,0.8,0.79,2023-05-09,Kribi,2023,5,129,19,29.890000000000093,50.57,147.05999999999997,494.27000000000004,-0.16956560216951916,0.28566666666666407,27.76,equatorial
7.99,26.71,28.9,25.42,88.02,2.49,2.05,3.98,0.8,0.79,2023-05-10,Kribi,2023,5,130,19,29.94000000000009,51.79,146.89,493.51,-0.17208321822137027,-0.06133333333333724,27.76,equatorial
23.39,27.59,30.56,25.8,82.43,1.56,1.6,5.11,0.79,0.79,2023-05-11,Kribi,2023,5,131,19,27.510000000000094,50.339999999999996,133.68,494.76,-0.16786573245244318,0.7543333333333351,27.59,equatorial
20.79,27.22,29.36,25.76,89.01,4.07,1.83,3.5,0.79,0.79,2023-05-12,Kribi,2023,5,132,19,25.210000000000093,52.709999999999994,137.04999999999998,498.75,-0.15446571941614073,0.39399999999999835,27.59,equatorial
18.08,27.64,29.7,26.26,87.32,1.99,1.48,2.87,0.79,0.79,2023-05-13,Kribi,2023,5,133,19,20.390000000000093,51.24,137.2,500.61999999999995,-0.14817186325824433,0.8109999999999999,27.64,equatorial
19.25,27.5,29.49,26.16,90.45,2.46,1.88,2.88,0.79,0.79,2023-05-14,Kribi,2023,5,134,19,17.440000000000094,52.160000000000004,116.96,502.90000000000003,-0.14050362101937555,0.6783333333333346,27.64,equatorial
10.88,27.36,29.36,26.17,91.07,5.13,2.35,3.53,0.79,0.79,2023-05-15,Kribi,2023,5,135,20,20.620000000000093,51.940000000000005,120.99999999999999,507.88,-0.12378253038315927,0.5413333333333341,27.64,equatorial
17.48,26.98,28.26,25.93,92.3,11.29,2.08,2.59,0.8,0.81,2023-05-16,Kribi,2023,5,136,20,28.990000000000094,58.88,125.16,519.15,-0.0859680959099167,0.1670000000000016,27.64,equatorial
11.71,26.8,28.89,25.7,91.5,4.98,2.29,3.96,0.8,0.8,2023-05-17,Kribi,2023,5,137,20,31.480000000000093,61.42,121.23,524.11,-0.06931786461291532,-0.021000000000000796,27.64,equatorial
22.16,27.68,30.65,25.7,86.8,5.88,1.77,5.14,0.8,0.8,2023-05-18,Kribi,2023,5,138,20,35.8000000000001,63.31,120.06,529.98,-0.04961499390675687,0.8769999999999989,27.68,equatorial
18.63,28.43,32.6,25.99,85.05,8.39,1.59,6.04,0.8,0.81,2023-05-19,Kribi,2023,5,139,20,40.12000000000009,65.33,117.28,538.37,-0.021457168394611852,1.6033333333333353,28.43,equatorial
6.56,26.79,28.18,25.92,94.7,19.43,2.25,2.77,0.82,0.83,2023-05-20,Kribi,2023,5,140,20,57.56000000000009,77.95,129.03,557.7900000000001,0.04371401174575995,-0.021666666666664725,28.43,equatorial
11.73,26.75,28.7,25.71,91.33,4.88,2.31,3.54,0.82,0.81,2023-05-21,Kribi,2023,5,141,20,59.98000000000009,77.42,130.13,562.3000000000001,0.05884351945599345,-0.06933333333332925,28.43,equatorial
12.61,26.89,29.02,25.48,89.05,2.08,2.3,4.01,0.82,0.8,2023-05-22,Kribi,2023,5,142,21,56.93000000000009,77.55,130.59,564.02,0.06460756054058836,0.07033333333333402,28.43,equatorial
18.57,27.56,30.55,25.56,86.18,2.36,1.65,4.28,0.81,0.8,2023-05-23,Kribi,2023,5,143,21,48.000000000000085,76.99,132.32,565.88,0.07084161733536663,0.7189999999999976,28.43,equatorial
18.97,27.62,30.74,25.92,86.98,1.95,1.8,4.49,0.81,0.79,2023-05-24,Kribi,2023,5,144,21,44.97000000000009,76.45,132.67000000000002,567.4300000000001,0.07603471758805457,0.7600000000000016,28.43,equatorial
15.18,26.34,27.56,25.64,93.39,7.07,1.97,2.3,0.81,0.81,2023-05-25,Kribi,2023,5,145,21,46.16000000000009,81.96000000000001,136.57999999999998,574.15,0.09859081854749982,-0.5203333333333369,28.43,equatorial
14.04,26.88,28.97,25.68,90.79,3.23,1.92,3.1,0.81,0.8,2023-05-26,Kribi,2023,5,146,21,41.00000000000009,81.11999999999999,138.54,570.98,0.08792670050572604,0.009333333333330529,27.62,equatorial
10.45,26.42,27.68,25.61,94.09,6.45,2.26,2.46,0.81,0.81,2023-05-27,Kribi,2023,5,147,21,28.020000000000092,85.58,141.98000000000002,572.27,0.09224602721134063,-0.4746666666666677,27.62,equatorial
11.67,25.61,26.8,24.9,93.68,10.64,2.33,3.05,0.82,0.82,2023-05-28,Kribi,2023,5,148,21,33.78000000000009,93.75999999999999,150.92,579.02,0.11491116179184759,-1.2686666666666682,27.62,equatorial
15.87,26.66,29.78,24.78,87.61,1.63,2.19,4.55,0.82,0.8,2023-05-29,Kribi,2023,5,149,22,33.33000000000009,90.26,149.09,576.11,0.10511292192519893,-0.25833333333333286,27.62,equatorial
17.9,26.66,29.05,25.08,88.06,2.02,1.69,3.57,0.81,0.8,2023-05-30,Kribi,2023,5,150,22,32.990000000000094,80.99000000000001,149.57,575.68,0.1036503456139094,-0.27933333333333366,27.62,equatorial
15.15,26.75,28.92,25.34,89.7,6.73,1.69,3.41,0.81,0.81,2023-05-31,Kribi,2023,5,151,22,37.770000000000095,82.74000000000001,150.95000000000002,578.64,0.11358382906490233,-0.22833333333333528,26.88,equatorial
20.75,27.22,30.24,25.36,87.35,6.69,1.77,5.29,0.82,0.81,2023-06-01,Kribi,2023,6,152,22,37.39000000000009,83.55000000000001,153.29000000000002,580.98,0.12143267068539987,0.18166666666666487,27.22,equatorial
14.17,26.24,27.4,25.25,93.26,7.31,2.1,2.65,0.82,0.81,2023-06-02,Kribi,2023,6,153,22,41.4700000000001,82.47,158.16000000000003,582.38,0.12612047215432384,-0.7890000000000015,27.22,equatorial
12.79,26.14,27.76,25.07,92.62,7.13,2.19,2.8,0.82,0.82,2023-06-03,Kribi,2023,6,154,22,42.15000000000009,70.17,161.3,582.5,0.12650324333332214,-0.8350000000000009,27.22,equatorial
12.28,25.82,27.23,25.09,93.56,8.95,2.38,2.99,0.83,0.82,2023-06-04,Kribi,2023,6,155,22,40.46000000000009,74.24000000000001,163.88,581.33,0.12254670001575763,-1.1116666666666681,27.22,equatorial
15.66,25.38,26.26,24.92,95.06,8.02,2.55,2.17,0.83,0.83,2023-06-05,Kribi,2023,6,156,23,46.850000000000094,80.18,165.09,580.69,0.12037331198680207,-1.5423333333333318,27.22,equatorial
7.21,25.55,27.38,24.57,92.5,8.45,2.09,3.07,0.84,0.83,2023-06-06,Kribi,2023,6,157,23,53.28000000000009,86.27000000000001,168.13,583.2099999999999,0.1288330151246467,-1.3103333333333325,27.22,equatorial
14.04,25.78,27.74,24.58,90.37,4.6,2.31,3.87,0.84,0.82,2023-06-07,Kribi,2023,6,158,23,51.15000000000009,88.92,170.78,577.5799999999999,0.10986437406062881,-1.0210000000000008,27.22,equatorial
10.58,25.69,27.88,24.35,90.42,8.8,2.88,5.05,0.84,0.83,2023-06-08,Kribi,2023,6,159,23,53.26000000000009,90.64999999999999,176.66,577.39,0.10920679831619433,-1.0653333333333315,26.24,equatorial
10.64,25.57,27.82,23.79,87.25,1.78,1.97,3.36,0.84,0.82,2023-06-09,Kribi,2023,6,160,23,47.73000000000009,89.2,175.95000000000002,566.26,0.07171947716640947,-1.1473333333333322,26.14,equatorial
17.56,26.22,28.95,24.52,86.3,2.34,2.12,4.56,0.83,0.81,2023-06-10,Kribi,2023,6,161,23,42.9400000000001,85.09,176.73000000000002,567.98,0.07749915080283395,-0.451666666666668,26.22,equatorial
10.54,26.38,29.77,24.64,87.2,5.6,2.09,4.61,0.83,0.82,2023-06-11,Kribi,2023,6,162,23,39.59000000000009,80.05,178.26,572.26,0.0918998913199637,-0.2636666666666656,26.38,equatorial
11.26,26.14,28.55,24.65,88.41,5.52,2.12,4.47,0.83,0.81,2023-06-12,Kribi,2023,6,163,24,37.09000000000009,83.94,181.79000000000002,575.95,0.10431334596218263,-0.4536666666666669,26.38,equatorial
17.28,25.83,27.39,24.88,88.76,4.21,2.22,3.18,0.83,0.81,2023-06-13,Kribi,2023,6,164,24,32.850000000000094,86.13,183.54,578.14,0.11167368865002693,-0.708000000000002,26.38,equatorial
11.43,26.03,28.35,24.63,86.02,5.22,2.29,4.53,0.83,0.81,2023-06-14,Kribi,2023,6,165,24,33.47000000000009,84.61999999999999,183.63,580.95,0.12112289619389642,-0.4636666666666649,26.38,equatorial
13.49,26.21,28.5,24.78,84.13,5.06,1.32,3.43,0.83,0.82,2023-06-15,Kribi,2023,6,166,24,29.730000000000093,82.99,177.4,585.7199999999999,0.1371767374098385,-0.2579999999999991,26.38,equatorial
12.49,26.5,29.64,24.53,81.04,0.94,1.64,5.64,0.82,0.8,2023-06-16,Kribi,2023,6,167,24,28.890000000000093,76.61999999999999,173.35999999999999,584.94,0.13452529545662606,0.04199999999999804,26.5,equatorial
14.59,26.35,29.22,24.65,87.89,2.81,2.28,4.9,0.82,0.8,2023-06-17,Kribi,2023,6,168,24,29.360000000000092,72.3,170.29,585.01,0.13473909669527806,-0.06366666666666276,26.5,equatorial
11.67,25.66,27.31,24.73,91.89,4.79,2.69,3.46,0.82,0.81,2023-06-18,Kribi,2023,6,169,24,28.55000000000009,68.14,166.69,589.38,0.14944974645366166,-0.6613333333333316,26.5,equatorial
15.0,25.59,27.38,24.49,91.54,2.66,1.84,2.49,0.82,0.8,2023-06-19,Kribi,2023,6,170,25,25.69000000000009,62.78,149.92000000000002,574.25,0.09840820581261803,-0.6913333333333362,26.5,equatorial
16.09,25.42,26.76,24.61,92.58,9.86,2.24,3.3,0.82,0.82,2023-06-20,Kribi,2023,6,171,25,31.34000000000009,64.19,154.9,582.61,0.12658578457772507,-0.8170000000000002,26.5,equatorial
12.11,24.97,26.36,24.17,92.32,13.33,2.51,3.34,0.83,0.83,2023-06-21,Kribi,2023,6,172,25,39.45000000000009,72.92,166.15,593.26,0.16248711447590777,-1.2029999999999994,26.5,equatorial
11.95,25.25,27.7,23.89,89.46,4.06,2.54,4.4,0.83,0.82,2023-06-22,Kribi,2023,6,173,25,38.45000000000009,68.18,167.85000000000002,569.41,0.08200200667577037,-0.8460000000000001,26.5,equatorial
13.75,25.13,28.0,23.24,87.69,2.29,2.69,5.17,0.83,0.81,2023-06-23,Kribi,2023,6,174,25,39.80000000000009,68.69,168.19,562.9699999999999,0.06025968598339129,-0.8829999999999991,26.35,equatorial
19.87,25.07,28.08,23.05,85.3,0.57,2.48,4.94,0.82,0.8,2023-06-24,Kribi,2023,6,175,25,37.560000000000095,66.92,161.69,545.24,0.00041796877092250845,-0.9006666666666661,25.66,equatorial
19.64,25.05,27.82,22.99,86.04,0.92,2.35,4.51,0.81,0.8,2023-06-25,Kribi,2023,6,176,25,33.69000000000009,62.239999999999995,159.38000000000002,543.64,-0.004982361174888435,-0.8596666666666657,25.59,equatorial
13.03,25.22,27.68,23.81,88.1,3.93,2.28,4.4,0.81,0.8,2023-06-26,Kribi,2023,6,177,26,34.96000000000009,60.65,156.85999999999999,534.36,-0.03630813189933567,-0.6496666666666684,25.42,equatorial
10.78,25.3,28.18,23.5,88.66,4.26,2.91,5.41,0.81,0.8,2023-06-27,Kribi,2023,6,178,26,29.360000000000092,60.7,150.48000000000002,528.91,-0.05470283335959409,-0.5593333333333312,25.3,equatorial
15.83,24.56,26.31,23.54,91.5,3.97,2.42,3.16,0.81,0.8,2023-06-28,Kribi,2023,6,179,26,20.000000000000092,59.45,152.82,529.09,-0.05408616629629201,-1.2293333333333365,25.3,equatorial
15.51,25.52,28.34,23.75,88.86,5.53,2.35,5.17,0.81,0.8,2023-06-29,Kribi,2023,6,180,26,21.47000000000009,59.92,156.33,518.04,-0.09139693936983095,-0.23133333333333184,25.52,equatorial
16.96,25.52,27.56,24.22,89.78,4.54,2.07,3.69,0.81,0.8,2023-06-30,Kribi,2023,6,181,26,23.72000000000009,63.52,154.14,520.14,-0.08428856956907513,-0.19033333333333147,25.52,equatorial
17.97,25.78,29.04,23.86,88.52,3.65,2.25,5.05,0.81,0.8,2023-07-01,Kribi,2023,7,182,26,26.800000000000093,64.36,151.1,518.0999999999999,-0.09116685352328195,0.11766666666666836,25.78,equatorial
14.98,25.83,29.38,23.71,87.83,3.18,2.03,4.87,0.8,0.79,2023-07-02,Kribi,2023,7,183,26,29.060000000000095,62.75,146.96999999999997,505.42999999999995,-0.13396323548524844,0.18133333333333113,25.83,equatorial
10.22,25.76,28.85,24.11,88.96,5.34,2.31,4.76,0.8,0.8,2023-07-03,Kribi,2023,7,184,27,30.470000000000095,65.42999999999999,145.17999999999998,504.21,-0.1380642374580863,0.12399999999999878,25.83,equatorial
12.27,25.07,27.73,23.48,89.34,4.63,2.8,4.9,0.8,0.79,2023-07-04,Kribi,2023,7,185,27,30.840000000000092,60.199999999999996,140.86,506.58,-0.1300309975548441,-0.5410000000000004,25.83,equatorial
13.75,24.64,26.12,23.82,93.42,8.08,1.94,2.37,0.81,0.81,2023-07-05,Kribi,2023,7,186,27,34.950000000000095,54.949999999999996,140.92,499.53,-0.15384248805704584,-0.9463333333333352,25.83,equatorial
15.34,25.89,29.09,23.87,84.95,1.11,1.81,4.83,0.8,0.79,2023-07-06,Kribi,2023,7,187,27,30.530000000000094,52.0,133.58,496.15999999999997,-0.1652113252885734,0.2923333333333318,25.89,equatorial
15.99,25.32,27.61,23.92,90.59,7.36,2.15,3.24,0.8,0.79,2023-07-07,Kribi,2023,7,188,27,33.350000000000094,57.06999999999999,136.34,487.66,-0.1939274252447305,-0.26233333333333064,25.89,equatorial
6.1,24.34,25.69,23.49,92.25,29.8,2.53,2.7,0.84,0.86,2023-07-08,Kribi,2023,7,189,27,59.50000000000009,86.30000000000001,157.34,481.06,-0.21621683260697494,-1.197333333333333,25.89,equatorial
12.11,25.54,28.52,23.68,84.99,2.69,1.59,4.88,0.83,0.81,2023-07-09,Kribi,2023,7,190,27,59.01000000000009,88.07000000000001,158.25,481.09000000000003,-0.21607899969628014,0.003666666666667595,25.89,equatorial
11.16,25.31,28.41,23.33,86.99,0.45,2.31,4.71,0.82,0.8,2023-07-10,Kribi,2023,7,191,28,54.1200000000001,84.58999999999999,156.35999999999999,466.77,-0.26448857673292536,-0.19600000000000506,25.89,equatorial
15.64,25.65,29.09,23.44,87.33,0.68,2.29,4.79,0.81,0.8,2023-07-11,Kribi,2023,7,192,28,50.170000000000094,81.01,151.44,466.75,-0.26451081967949397,0.168333333333333,25.89,equatorial
12.45,24.86,26.64,23.83,90.46,1.66,2.31,2.82,0.81,0.8,2023-07-12,Kribi,2023,7,193,28,43.75000000000009,78.7,147.57999999999998,466.57,-0.26507453659600166,-0.5790000000000006,25.89,equatorial
15.04,25.44,28.34,23.31,88.48,6.25,1.86,3.7,0.81,0.81,2023-07-13,Kribi,2023,7,194,28,48.8900000000001,79.42,149.62,450.12,-0.32070510987238604,0.014000000000002899,25.65,equatorial
11.3,26.19,29.07,24.29,87.86,1.12,1.53,3.8,0.81,0.79,2023-07-14,Kribi,2023,7,195,28,42.6500000000001,76.0,145.52,450.15,-0.32054683511624427,0.7586666666666666,26.19,equatorial
13.05,26.48,29.95,24.17,87.2,0.46,1.68,4.53,0.8,0.79,2023-07-15,Kribi,2023,7,196,28,13.310000000000093,72.81,140.92000000000002,443.48,-0.34307145194890226,1.0396666666666654,26.48,equatorial
11.12,26.05,29.43,24.32,88.3,0.83,2.21,4.2,0.8,0.78,2023-07-16,Kribi,2023,7,197,28,11.450000000000093,70.46000000000001,140.81,435.40000000000003,-0.3703684878224189,0.6246666666666663,26.48,equatorial
14.63,25.8,29.08,23.76,88.4,0.38,2.37,4.1,0.79,0.78,2023-07-17,Kribi,2023,7,198,29,11.380000000000093,65.5,138.38,428.73,-0.3928882338437617,0.3930000000000007,26.48,equatorial
16.26,25.21,27.53,23.76,88.2,0.78,2.52,3.72,0.79,0.78,2023-07-18,Kribi,2023,7,199,29,11.480000000000093,61.65,134.36999999999998,418.34,-0.42800457839829165,-0.1819999999999986,26.48,equatorial
13.18,25.13,27.37,24.01,90.98,5.48,2.57,3.72,0.79,0.79,2023-07-19,Kribi,2023,7,200,29,15.300000000000093,59.050000000000004,137.19,416.14,-0.4353753913910802,-0.24666666666666615,26.48,equatorial
14.66,25.0,27.35,23.75,90.44,5.83,2.61,3.4,0.79,0.79,2023-07-20,Kribi,2023,7,201,29,14.880000000000093,63.77,133.16,418.19,-0.42834777028600024,-0.3626666666666658,26.48,equatorial
12.86,24.87,27.57,23.24,89.02,3.33,2.39,4.12,0.79,0.79,2023-07-21,Kribi,2023,7,202,29,17.090000000000096,59.739999999999995,123.16000000000001,419.90000000000003,-0.42247296314919686,-0.48933333333333096,26.48,equatorial
12.02,25.11,28.25,23.34,89.16,8.31,2.29,4.47,0.79,0.79,2023-07-22,Kribi,2023,7,203,29,24.940000000000094,38.25,127.41000000000001,427.58000000000004,-0.39636896338497085,-0.24466666666666725,26.05,equatorial
12.17,24.85,27.7,23.38,90.11,28.45,2.48,4.2,0.83,0.85,2023-07-23,Kribi,2023,7,204,29,52.56000000000009,64.01,153.57,454.43,-0.30529783428435064,-0.4953333333333312,25.8,equatorial
12.38,24.66,27.06,23.27,90.75,12.42,2.7,4.43,0.83,0.83,2023-07-24,Kribi,2023,7,205,30,64.6000000000001,75.98,165.42000000000002,463.69,-0.2738561015933419,-0.6716666666666633,25.21,equatorial
10.46,25.17,27.79,23.3,89.17,2.17,2.12,3.98,0.82,0.8,2023-07-25,Kribi,2023,7,206,30,65.9900000000001,77.47000000000001,166.67,464.59,-0.27075788147892355,-0.16566666666666663,25.17,equatorial
10.07,25.48,28.29,23.87,89.76,1.79,2.27,4.1,0.82,0.8,2023-07-26,Kribi,2023,7,207,30,62.30000000000009,77.6,164.53,463.37,-0.2748480998507235,0.1356666666666655,25.48,equatorial
12.11,25.2,27.43,23.84,90.76,2.46,2.44,3.59,0.81,0.8,2023-07-27,Kribi,2023,7,208,30,58.93000000000009,73.81,162.73,464.13,-0.2722235801249582,-0.1410000000000018,25.48,equatorial
16.3,25.14,27.46,23.75,89.66,2.2,2.95,4.6,0.81,0.79,2023-07-28,Kribi,2023,7,209,30,57.8000000000001,74.89000000000001,160.96,462.87,-0.276450432724728,-0.2203333333333326,25.48,equatorial
12.16,25.09,27.85,23.7,89.37,2.36,2.42,4.07,0.8,0.79,2023-07-29,Kribi,2023,7,210,30,51.850000000000094,76.79,157.79,463.69,-0.2736213362448413,-0.2560000000000002,25.48,equatorial
12.89,25.03,27.2,23.66,90.42,0.51,2.31,2.89,0.8,0.79,2023-07-30,Kribi,2023,7,211,30,23.910000000000093,76.47,153.76,458.84999999999997,-0.28999503388521203,-0.2996666666666634,25.48,equatorial
12.42,25.32,28.16,23.92,89.18,1.74,3.1,4.7,0.8,0.79,2023-07-31,Kribi,2023,7,212,31,13.230000000000093,77.83000000000001,151.85,456.24,-0.2988010761090936,0.005666666666666487,25.48,equatorial
15.52,24.65,26.47,23.47,89.22,0.44,2.86,3.36,0.79,0.78,2023-08-01,Kribi,2023,8,213,31,11.500000000000092,77.49000000000001,149.11,454.24,-0.3055364997252328,-0.625,25.48,equatorial
15.61,24.96,27.82,23.18,86.5,0.3,2.46,4.58,0.79,0.78,2023-08-02,Kribi,2023,8,214,31,10.010000000000094,72.31,144.07000000000002,450.55,-0.31800763737760174,-0.288333333333334,25.32,equatorial
13.71,24.47,26.22,23.26,86.96,0.19,2.08,2.9,0.78,0.78,2023-08-03,Kribi,2023,8,215,31,7.740000000000093,66.67,139.63,444.37,-0.3389305432271187,-0.7583333333333329,25.32,equatorial
15.35,25.22,28.67,23.13,86.59,0.6,1.91,4.26,0.78,0.77,2023-08-04,Kribi,2023,8,216,31,6.140000000000092,63.940000000000005,132.15,438.16,-0.3599537263088897,-0.027666666666664952,25.32,equatorial
12.06,24.36,25.73,23.59,93.21,17.64,2.33,2.51,0.79,0.81,2023-08-05,Kribi,2023,8,217,31,21.420000000000094,73.27000000000001,148.68,450.39,-0.3183613767119751,-0.836666666666666,25.32,equatorial
12.06,24.3,26.23,23.26,90.64,2.85,2.8,3.59,0.8,0.79,2023-08-06,Kribi,2023,8,218,31,23.760000000000094,47.67,144.17000000000002,451.29,-0.31524909948282126,-0.8626666666666658,25.32,equatorial
10.67,24.58,27.33,23.12,88.54,1.82,2.5,4.02,0.79,0.78,2023-08-07,Kribi,2023,8,219,32,23.840000000000096,37.07,116.19,450.19,-0.3189301450771509,-0.5906666666666673,25.22,equatorial
9.89,24.9,27.56,23.38,88.79,1.31,2.47,4.12,0.79,0.78,2023-08-08,Kribi,2023,8,220,32,24.710000000000093,36.21,114.81,449.01000000000005,-0.3228827388400319,-0.24933333333333607,25.22,equatorial
13.3,24.77,26.97,23.6,91.33,2.13,2.32,3.2,0.79,0.78,2023-08-09,Kribi,2023,8,221,32,26.540000000000095,36.55,116.49000000000001,449.58000000000004,-0.3208894462091023,-0.36133333333333084,25.22,equatorial
13.71,25.26,28.36,23.31,88.77,5.95,2.34,4.84,0.79,0.79,2023-08-10,Kribi,2023,8,222,32,32.3000000000001,40.040000000000006,121.76,451.46,-0.31444492125584067,0.14166666666666572,25.26,equatorial
9.07,25.42,28.1,23.74,89.61,4.25,2.28,4.43,0.79,0.79,2023-08-11,Kribi,2023,8,223,32,35.950000000000095,42.09,124.35000000000001,453.72,-0.3067093888470429,0.28300000000000125,25.42,equatorial
12.98,25.06,27.05,23.97,92.3,2.7,2.53,3.07,0.79,0.78,2023-08-12,Kribi,2023,8,224,32,21.010000000000094,42.43,120.80000000000001,453.96,-0.3058403097850956,-0.0643333333333338,25.42,equatorial
10.01,24.56,26.17,23.7,93.12,4.31,2.07,2.3,0.79,0.79,2023-08-13,Kribi,2023,8,225,32,22.47000000000009,46.230000000000004,123.99000000000001,453.14,-0.30857475943486595,-0.5100000000000016,25.42,equatorial
13.35,25.1,27.66,23.67,90.5,2.17,2.18,3.45,0.79,0.78,2023-08-14,Kribi,2023,8,226,33,22.820000000000093,46.660000000000004,125.7,444.02000000000004,-0.33952868281107473,0.07600000000000051,25.42,equatorial
12.38,25.58,28.38,23.61,88.99,2.21,1.9,3.71,0.78,0.78,2023-08-15,Kribi,2023,8,227,33,23.72000000000009,48.43,127.08000000000001,441.25,-0.34888770965834925,0.5716666666666654,25.58,equatorial
11.37,25.73,28.62,24.18,90.34,2.61,2.02,3.78,0.78,0.78,2023-08-16,Kribi,2023,8,228,33,24.20000000000009,50.74,129.31,437.98,-0.3599464624657219,0.7240000000000038,25.73,equatorial
11.97,25.61,28.95,23.78,89.24,3.5,2.57,4.83,0.78,0.78,2023-08-17,Kribi,2023,8,229,33,21.750000000000092,54.050000000000004,132.03,433.09000000000003,-0.37651445715434884,0.5906666666666638,25.73,equatorial
13.17,25.05,27.53,23.6,90.09,2.1,2.75,4.08,0.78,0.77,2023-08-18,Kribi,2023,8,230,33,19.600000000000094,55.55,128.65,415.76000000000005,-0.4353985152842325,0.03333333333333499,25.73,equatorial
10.63,24.97,27.43,23.72,89.81,1.68,2.26,3.65,0.77,0.77,2023-08-19,Kribi,2023,8,231,33,18.58000000000009,39.59,124.5,412.56,-0.4462032291306218,-0.04566666666666919,25.73,equatorial
13.1,25.85,29.13,23.72,86.46,0.5,1.64,4.62,0.77,0.76,2023-08-20,Kribi,2023,8,232,33,14.770000000000092,37.24,121.67,410.97999999999996,-0.45149446392685,0.8016666666666659,25.85,equatorial
13.88,25.72,28.44,24.08,89.67,1.46,2.07,3.97,0.76,0.76,2023-08-21,Kribi,2023,8,233,34,14.060000000000093,36.879999999999995,114.82,410.08000000000004,-0.45447102360218977,0.65133333333333,25.85,equatorial
15.62,25.64,28.49,24.15,90.39,3.04,2.63,4.68,0.76,0.76,2023-08-22,Kribi,2023,8,234,34,14.890000000000093,38.61,89.41000000000001,411.16999999999996,-0.45067445054328026,0.5449999999999982,25.85,equatorial
16.36,25.42,28.13,23.77,90.01,3.06,2.31,4.26,0.76,0.76,2023-08-23,Kribi,2023,8,235,34,15.340000000000092,39.54,80.05000000000001,407.15999999999997,-0.4642379586959615,0.29966666666666697,25.85,equatorial
11.9,25.67,28.53,23.89,88.56,0.91,2.24,4.24,0.76,0.76,2023-08-24,Kribi,2023,8,236,34,12.750000000000092,34.5,78.79,404.84000000000003,-0.47204646749104956,0.5330000000000013,25.85,equatorial
13.16,26.04,29.07,24.08,87.6,1.49,1.89,4.53,0.75,0.76,2023-08-25,Kribi,2023,8,237,34,12.140000000000093,31.74,78.49,399.88,-0.4888421350705357,0.8843333333333341,26.04,equatorial
11.33,25.66,28.4,24.33,91.03,1.99,2.47,3.52,0.75,0.76,2023-08-26,Kribi,2023,8,238,34,12.450000000000092,31.029999999999998,78.02000000000001,391.23,-0.5181996890726308,0.48900000000000077,26.04,equatorial
10.06,25.39,28.09,24.08,91.22,4.41,2.42,4.03,0.75,0.76,2023-08-27,Kribi,2023,8,239,34,16.360000000000092,31.13,80.23,394.01,-0.5086287374577838,0.21066666666666833,26.04,equatorial
16.23,25.55,28.31,24.05,88.9,2.97,1.95,3.85,0.75,0.76,2023-08-28,Kribi,2023,8,240,35,17.870000000000093,31.930000000000003,80.84,394.96000000000004,-0.5052920065735084,0.35533333333333417,26.04,equatorial
8.63,25.72,28.31,24.15,90.62,8.31,1.89,3.74,0.75,0.77,2023-08-29,Kribi,2023,8,241,35,23.140000000000093,38.03,88.64,396.54,-0.499809940243057,0.5023333333333326,26.04,equatorial
17.03,25.5,27.73,24.36,92.04,7.51,2.41,3.6,0.76,0.78,2023-08-30,Kribi,2023,8,242,35,27.590000000000096,42.93,94.41,397.36,-0.49691781163831494,0.2763333333333371,26.04,equatorial
15.94,25.92,29.08,24.11,87.81,5.03,2.11,5.33,0.76,0.77,2023-08-31,Kribi,2023,8,243,35,31.710000000000093,44.46,99.0,395.08,-0.5045879582277806,0.6539999999999999,26.04,equatorial
16.04,25.61,28.3,23.93,89.95,7.55,2.61,4.67,0.76,0.78,2023-09-01,Kribi,2023,9,244,35,37.770000000000095,49.91,106.25,395.5,-0.5030568801732698,0.3223333333333329,25.92,equatorial
16.6,25.2,27.44,24.14,91.05,8.04,2.54,3.99,0.77,0.78,2023-09-02,Kribi,2023,9,245,35,43.82000000000009,56.269999999999996,114.1,394.59000000000003,-0.5060584949716534,-0.11200000000000188,25.92,equatorial
13.21,25.12,26.68,24.13,91.71,2.38,2.17,2.39,0.77,0.77,2023-09-03,Kribi,2023,9,246,35,41.79000000000009,58.15,115.88,388.95,-0.5251804636460193,-0.18866666666666632,25.92,equatorial
9.26,24.81,26.44,23.55,90.94,7.61,2.31,3.49,0.77,0.78,2023-09-04,Kribi,2023,9,247,36,46.43000000000009,64.3,105.85,388.11,-0.5279379688380439,-0.5136666666666692,25.92,equatorial
17.68,25.54,28.55,23.52,84.28,1.42,1.41,4.1,0.77,0.77,2023-09-05,Kribi,2023,9,248,36,39.54000000000009,62.68,104.42,384.93,-0.538671978628778,0.17499999999999716,25.92,equatorial
14.69,26.0,29.41,23.58,85.61,1.67,1.83,5.33,0.76,0.76,2023-09-06,Kribi,2023,9,249,36,33.700000000000095,61.29,104.27,377.8,-0.5628707586639651,0.5876666666666672,26.0,equatorial
15.23,26.02,29.4,24.18,88.82,2.05,2.66,5.16,0.76,0.76,2023-09-07,Kribi,2023,9,250,36,30.72000000000009,62.43,105.00999999999999,378.07,-0.5618333362175058,0.570333333333334,26.02,equatorial
16.91,25.22,27.35,24.07,91.44,5.35,2.44,3.56,0.76,0.77,2023-09-08,Kribi,2023,9,251,36,28.520000000000092,66.28999999999999,108.23,381.08,-0.5514526827217415,-0.2446666666666708,26.02,equatorial
7.37,25.51,28.02,24.11,89.96,5.54,2.34,4.2,0.76,0.77,2023-09-09,Kribi,2023,9,252,36,26.020000000000092,69.84,107.82,381.02,-0.5515440382875081,0.037000000000002586,26.02,equatorial
17.36,25.99,28.91,24.19,86.43,1.96,2.12,4.9,0.76,0.76,2023-09-10,Kribi,2023,9,253,36,25.600000000000094,67.38999999999999,105.53,377.46,-0.5635731461309618,0.49799999999999756,26.02,equatorial
15.08,25.76,28.78,23.82,88.15,3.15,2.44,5.57,0.75,0.76,2023-09-11,Kribi,2023,9,254,37,21.140000000000093,67.57,105.97999999999999,376.40000000000003,-0.5670720597071508,0.24466666666666725,26.02,equatorial
13.38,25.22,27.04,24.13,91.97,4.41,2.52,3.34,0.75,0.76,2023-09-12,Kribi,2023,9,255,37,24.13000000000009,63.67,106.07999999999998,375.59,-0.5697174398163659,-0.3173333333333339,26.02,equatorial
20.86,25.87,29.05,23.93,87.91,2.43,2.39,5.32,0.75,0.75,2023-09-13,Kribi,2023,9,256,37,24.890000000000093,58.59,106.34,372.96,-0.5785718764497071,0.30700000000000216,26.02,equatorial
16.46,26.1,29.23,24.15,87.35,1.69,2.36,4.85,0.75,0.75,2023-09-14,Kribi,2023,9,257,37,24.530000000000094,55.25,105.82,373.71,-0.5758912891995035,0.5196666666666658,26.1,equatorial
15.86,25.8,28.17,24.55,89.97,4.73,2.87,4.5,0.74,0.75,2023-09-15,Kribi,2023,9,258,37,23.910000000000093,52.43,107.94,375.63,-0.5692186091481892,0.2173333333333325,26.1,equatorial
17.43,25.82,28.64,24.11,88.56,12.49,2.45,4.83,0.76,0.79,2023-09-16,Kribi,2023,9,259,37,30.860000000000092,56.88,116.92999999999999,383.33,-0.5428204100738928,0.23033333333333061,26.1,equatorial
12.22,25.77,28.13,24.27,88.01,5.51,1.89,4.13,0.76,0.76,2023-09-17,Kribi,2023,9,260,37,34.41000000000009,60.01,120.34,386.18,-0.5329819060245162,0.156333333333329,26.1,equatorial
14.78,25.62,27.79,24.1,86.74,5.98,1.56,4.29,0.76,0.77,2023-09-18,Kribi,2023,9,261,38,37.240000000000094,58.38,124.64,382.3,-0.5461197588877577,-0.01533333333333431,26.1,equatorial
18.72,25.99,29.16,23.76,85.24,2.7,1.68,5.44,0.75,0.76,2023-09-19,Kribi,2023,9,262,38,35.53000000000009,59.66,126.83999999999999,371.67,-0.5823001170664582,0.34999999999999787,26.1,equatorial
21.71,26.3,29.62,24.06,84.94,1.53,1.67,4.92,0.75,0.75,2023-09-20,Kribi,2023,9,263,38,34.63000000000009,59.519999999999996,126.91,369.14,-0.5908161452555651,0.640666666666668,26.3,equatorial
22.21,26.1,28.62,24.61,88.84,1.09,2.02,3.39,0.74,0.75,2023-09-21,Kribi,2023,9,264,38,34.03000000000009,58.56,124.96,367.94,-0.5947887568192691,0.42533333333333445,26.3,equatorial
18.19,25.43,26.55,24.61,94.41,13.53,2.58,2.7,0.75,0.78,2023-09-22,Kribi,2023,9,265,38,42.83000000000009,66.74,135.43,380.9,-0.5504025421228276,-0.245000000000001,26.3,equatorial
10.76,24.98,26.52,24.07,92.42,7.42,2.02,3.09,0.76,0.78,2023-09-23,Kribi,2023,9,266,38,37.76000000000009,68.62,141.94,387.4,-0.5280890093639753,-0.671999999999997,26.3,equatorial
14.53,25.09,26.43,24.26,93.02,5.04,2.02,2.34,0.77,0.77,2023-09-24,Kribi,2023,9,267,38,37.29000000000009,71.7,145.48999999999998,388.51000000000005,-0.5241914226335498,-0.5303333333333349,26.3,equatorial
15.64,26.34,29.15,24.21,85.5,2.07,1.42,4.1,0.76,0.76,2023-09-25,Kribi,2023,9,268,39,33.38000000000009,70.62,145.57,386.32,-0.5315684983286707,0.6969999999999956,26.34,equatorial
16.28,26.57,29.62,24.67,87.29,1.88,1.86,4.32,0.76,0.76,2023-09-26,Kribi,2023,9,269,39,32.56000000000009,68.09,143.04000000000002,384.23,-0.538602628478274,0.8876666666666644,26.57,equatorial
17.8,26.13,28.22,24.9,91.17,2.36,1.88,2.73,0.75,0.76,2023-09-27,Kribi,2023,9,270,39,33.39000000000009,68.02,142.43,381.06,-0.5493259565864854,0.42833333333333456,26.57,equatorial
8.44,26.16,28.08,25.05,92.78,3.98,2.45,2.9,0.75,0.76,2023-09-28,Kribi,2023,9,271,39,36.280000000000086,70.31,138.1,380.5,-0.5511277665798865,0.4436666666666653,26.57,equatorial
4.89,25.92,27.86,25.06,91.47,2.99,2.55,3.11,0.75,0.76,2023-09-29,Kribi,2023,9,272,39,25.74000000000009,68.57,133.57999999999998,379.84,-0.5532710619645612,0.18966666666666399,26.57,equatorial
24.05,26.73,29.75,24.77,86.81,1.62,2.07,4.84,0.75,0.75,2023-09-30,Kribi,2023,9,273,39,19.940000000000094,57.7,130.17,378.28000000000003,-0.5584903541084415,0.9726666666666652,26.73,equatorial
15.86,26.53,29.04,25.05,89.24,2.76,2.15,4.06,0.75,0.75,2023-10-01,Kribi,2023,10,274,39,17.660000000000093,54.95,125.38000000000001,375.7,-0.5671955713296306,0.7420000000000009,26.73,equatorial
20.2,26.55,29.41,25.02,89.49,6.75,2.34,5.02,0.75,0.76,2023-10-02,Kribi,2023,10,275,40,22.340000000000092,55.72,124.09,377.82,-0.5598302785910798,0.7169999999999987,26.73,equatorial
13.01,26.23,28.52,25.01,91.62,43.26,1.91,3.76,0.8,0.86,2023-10-03,Kribi,2023,10,276,40,63.72000000000009,96.28,164.97,413.0,-0.43942177489970546,0.35999999999999943,26.73,equatorial
12.02,26.59,30.05,24.64,87.11,3.15,2.04,5.43,0.8,0.79,2023-10-04,Kribi,2023,10,277,40,64.51000000000009,97.9,160.51,415.04,-0.432363244543511,0.6606666666666676,26.73,equatorial
17.93,26.28,28.88,24.76,89.05,4.05,2.06,4.28,0.79,0.78,2023-10-05,Kribi,2023,10,278,40,64.58000000000008,100.86,163.14,411.72999999999996,-0.4436043826112834,0.3260000000000005,26.73,equatorial
12.14,25.57,27.12,24.42,93.4,3.32,1.96,2.18,0.78,0.78,2023-10-06,Kribi,2023,10,279,40,64.9100000000001,90.64999999999999,164.79,385.25,-0.5341012932257269,-0.36966666666666725,26.73,equatorial
16.2,26.19,29.43,24.21,87.21,3.71,2.12,5.49,0.78,0.78,2023-10-07,Kribi,2023,10,280,40,67.00000000000009,86.94,166.45,386.27,-0.5305046975622889,0.24466666666666725,26.59,equatorial
15.87,26.12,29.1,24.54,86.77,20.84,1.49,4.18,0.79,0.82,2023-10-08,Kribi,2023,10,281,40,85.08000000000008,102.74000000000001,181.94,406.65999999999997,-0.4606353367510208,0.14466666666666939,26.59,equatorial
15.57,26.6,30.06,24.4,85.5,4.33,1.73,5.59,0.79,0.79,2023-10-09,Kribi,2023,10,282,41,82.6600000000001,105.0,180.73,410.31,-0.44805817259037284,0.5883333333333347,26.6,equatorial
8.61,26.57,29.71,24.77,87.51,3.47,1.95,4.47,0.79,0.79,2023-10-10,Kribi,2023,10,283,41,42.87000000000009,106.59,182.24,412.12,-0.4417797645888691,0.5389999999999979,26.6,equatorial
17.69,26.23,29.04,24.63,88.37,3.48,2.14,4.69,0.79,0.78,2023-10-11,Kribi,2023,10,284,41,43.200000000000095,107.71,182.57,409.35,-0.4511785843525931,0.18333333333333357,26.6,equatorial
16.71,26.55,29.77,24.45,87.66,3.51,1.88,4.86,0.78,0.78,2023-10-12,Kribi,2023,10,285,41,42.66000000000009,107.24,181.67000000000002,411.74,-0.44291243438504807,0.45899999999999963,26.6,equatorial
10.87,26.54,28.68,24.99,90.29,5.84,1.81,3.8,0.78,0.79,2023-10-13,Kribi,2023,10,286,41,45.1800000000001,110.09,185.07999999999998,417.11999999999995,-0.4244105225991158,0.42666666666666586,26.6,equatorial
17.33,26.16,28.2,24.91,91.27,2.78,2.01,2.91,0.78,0.78,2023-10-14,Kribi,2023,10,287,41,44.25000000000009,111.25,186.17,419.07,-0.4176554503423783,0.044666666666667965,26.6,equatorial
18.52,26.25,28.59,24.89,90.86,6.84,1.94,3.82,0.78,0.79,2023-10-15,Kribi,2023,10,288,41,30.250000000000092,115.33000000000001,188.28,425.53,-0.39545623095719856,0.11966666666666725,26.6,equatorial
17.78,25.86,28.07,24.65,91.39,19.19,2.51,4.51,0.8,0.82,2023-10-16,Kribi,2023,10,289,42,45.1100000000001,127.77000000000001,194.98,443.94,-0.3323291417416707,-0.2716666666666647,26.57,equatorial
18.13,25.71,28.3,23.91,87.3,3.34,2.18,4.65,0.8,0.79,2023-10-17,Kribi,2023,10,290,42,44.980000000000096,87.85,192.81,441.8,-0.3396024826616707,-0.4196666666666644,26.55,equatorial
6.65,26.44,28.93,24.91,85.79,3.34,1.54,3.63,0.8,0.79,2023-10-18,Kribi,2023,10,291,42,44.84000000000009,88.03999999999999,190.17,439.31,-0.3480744396179451,0.2830000000000048,26.55,equatorial
14.41,26.03,28.1,24.65,91.7,2.91,1.94,3.06,0.79,0.79,2023-10-19,Kribi,2023,10,292,42,44.240000000000094,86.9,190.38,438.89,-0.34945288090621396,-0.12833333333333385,26.54,equatorial
13.71,26.1,27.16,25.17,93.06,1.8,2.2,1.71,0.79,0.78,2023-10-20,Kribi,2023,10,293,42,40.20000000000009,85.38000000000001,190.65,432.38,-0.37170153683597434,-0.05166666666666586,26.44,equatorial
11.21,26.55,28.63,25.06,89.83,9.56,1.69,2.98,0.8,0.8,2023-10-21,Kribi,2023,10,294,42,46.980000000000096,91.23,199.12,413.49,-0.43637906595641596,0.38333333333333286,26.55,equatorial
15.2,26.72,29.71,25.06,88.66,2.36,2.07,4.73,0.8,0.79,2023-10-22,Kribi,2023,10,295,42,42.50000000000009,72.75000000000001,187.95,403.42999999999995,-0.47078149249150064,0.5103333333333282,26.72,equatorial
21.58,26.58,29.53,24.77,90.05,5.52,2.1,4.49,0.79,0.79,2023-10-23,Kribi,2023,10,296,43,28.83000000000009,73.94,186.05,406.78000000000003,-0.45920785443103673,0.31700000000000017,26.72,equatorial
12.94,26.27,28.39,25.3,92.42,10.97,2.42,3.6,0.8,0.8,2023-10-24,Kribi,2023,10,297,43,36.46000000000009,81.44,191.98,415.96,-0.42764696011968134,-0.032333333333330216,26.72,equatorial
4.36,25.48,26.42,24.61,94.36,53.36,2.47,2.77,0.86,0.9,2023-10-25,Kribi,2023,10,298,43,86.48000000000009,131.32,243.26999999999998,466.86,-0.2530241789727402,-0.7936666666666632,26.72,equatorial
11.23,25.7,28.56,23.97,88.76,10.79,2.22,5.34,0.86,0.84,2023-10-26,Kribi,2023,10,299,43,94.3600000000001,138.6,252.18,475.45,-0.22352078142369727,-0.544666666666668,26.72,equatorial
18.58,26.42,30.11,23.86,85.17,2.73,1.73,5.37,0.85,0.83,2023-10-27,Kribi,2023,10,300,43,95.29000000000009,135.49,252.54999999999998,475.82,-0.22221516787234064,0.16566666666667018,26.72,equatorial
17.17,27.23,30.87,25.02,84.0,3.92,1.55,5.56,0.84,0.82,2023-10-28,Kribi,2023,10,301,43,89.65000000000009,136.63,252.49,479.23,-0.21048001977278724,0.9399999999999977,27.23,equatorial
17.24,27.58,30.93,25.32,85.42,8.26,1.38,4.65,0.84,0.83,2023-10-29,Kribi,2023,10,302,43,95.5500000000001,138.04999999999998,257.76,485.75,-0.18807382062824377,1.2346666666666657,27.58,equatorial
17.36,27.46,29.86,25.77,87.62,12.78,1.26,3.32,0.85,0.84,2023-10-30,Kribi,2023,10,303,44,102.8100000000001,131.64,268.91999999999996,498.09000000000003,-0.1456947444351447,1.0903333333333372,27.58,equatorial
15.77,27.43,30.52,25.57,86.65,15.81,1.61,4.73,0.86,0.85,2023-10-31,Kribi,2023,10,304,44,107.65000000000009,144.10999999999999,281.96999999999997,513.6,-0.09243544596732413,1.0303333333333313,27.58,equatorial
17.02,26.51,28.62,24.8,85.82,9.63,1.47,3.74,0.86,0.84,2023-11-01,Kribi,2023,11,305,44,63.920000000000094,150.39999999999998,284.84999999999997,523.04,-0.06001420806085897,0.11166666666666814,27.58,equatorial
17.57,26.15,28.86,24.56,89.05,4.38,2.07,4.47,0.86,0.83,2023-11-02,Kribi,2023,11,306,44,57.51000000000009,151.87,245.97,526.82,-0.047026407201109496,-0.24566666666666848,27.58,equatorial
10.79,25.36,26.8,24.57,92.11,16.15,2.71,3.82,0.86,0.86,2023-11-03,Kribi,2023,11,307,44,70.93000000000009,166.22,258.96999999999997,525.33,-0.05213575661029887,-0.9946666666666673,27.58,equatorial
20.18,26.28,28.92,24.12,82.21,6.51,1.34,3.43,0.87,0.85,2023-11-04,Kribi,2023,11,308,44,73.5200000000001,163.17000000000002,261.43,528.99,-0.039557316541314926,-0.07466666666666555,27.58,equatorial
21.13,27.44,31.35,24.86,79.89,2.1,1.26,5.6,0.86,0.84,2023-11-05,Kribi,2023,11,309,44,67.36000000000008,162.91,260.21000000000004,529.27,-0.03858937175452886,1.0230000000000032,27.46,equatorial
20.84,27.45,30.98,25.11,85.67,2.87,1.83,5.06,0.85,0.83,2023-11-06,Kribi,2023,11,310,45,57.450000000000095,160.26000000000002,259.37,530.8299999999999,-0.03322388091390976,0.9909999999999997,27.45,equatorial
9.2,26.57,28.34,25.56,91.44,2.54,1.94,2.72,0.85,0.83,2023-11-07,Kribi,2023,11,311,45,44.18000000000009,151.83,241.07000000000002,531.24,-0.03180993010746101,0.09600000000000009,27.45,equatorial
13.45,26.86,29.58,25.51,90.25,13.44,1.62,3.15,0.86,0.85,2023-11-08,Kribi,2023,11,312,45,47.99000000000009,111.91,250.18,538.73,-0.006064502492718845,0.37733333333333263,27.45,equatorial
10.9,26.46,28.89,25.23,91.2,5.27,2.42,4.53,0.86,0.84,2023-11-09,Kribi,2023,11,313,45,48.880000000000095,106.39,251.98,539.75,-0.0025576396861617607,-0.01899999999999835,27.45,equatorial
10.3,25.94,27.05,25.21,93.49,2.3,2.33,2.17,0.86,0.83,2023-11-10,Kribi,2023,11,314,45,35.030000000000086,105.96000000000001,250.8,539.35,-0.0039323300835122175,-0.5293333333333337,27.45,equatorial
14.63,25.53,26.28,24.83,94.75,6.0,2.08,2.06,0.86,0.84,2023-11-11,Kribi,2023,11,315,45,34.52000000000009,108.04,253.29,541.04,0.0018789118392012712,-0.9053333333333313,27.45,equatorial
19.81,25.8,27.62,24.77,90.51,3.88,2.18,3.14,0.86,0.84,2023-11-12,Kribi,2023,11,316,45,36.30000000000009,103.66,251.33,542.75,0.007758930192045347,-0.6106666666666669,27.45,equatorial
9.2,26.59,29.48,24.6,86.67,7.28,1.6,4.52,0.86,0.84,2023-11-13,Kribi,2023,11,317,46,40.71000000000009,98.16,255.83,547.8199999999999,0.02519502343813642,0.16499999999999915,26.86,equatorial
19.06,27.39,31.11,24.68,84.57,2.36,1.51,4.99,0.86,0.83,2023-11-14,Kribi,2023,11,318,46,40.53000000000009,84.71,251.35,547.57,0.024331174155199278,0.926999999999996,27.39,equatorial
12.24,27.36,29.89,25.56,85.25,5.41,1.31,3.64,0.86,0.84,2023-11-15,Kribi,2023,11,319,46,32.50000000000009,80.49,237.57000000000002,549.48,0.03089852414638084,0.8470000000000013,27.39,equatorial
22.56,27.37,30.18,25.65,86.52,2.94,1.44,3.65,0.85,0.83,2023-11-16,Kribi,2023,11,320,46,30.17000000000009,79.05,237.17000000000002,550.32,0.03378411081456014,0.8016666666666694,27.39,equatorial
11.65,27.93,31.03,25.76,84.7,4.36,1.21,4.71,0.85,0.83,2023-11-17,Kribi,2023,11,321,46,32.230000000000096,67.25999999999999,238.19,553.0,0.04300192753049235,1.3119999999999976,27.93,equatorial
7.97,27.51,31.09,25.94,86.62,6.25,1.65,4.68,0.85,0.84,2023-11-18,Kribi,2023,11,322,46,32.480000000000096,67.0,241.53,558.75,0.06278654223870517,0.8426666666666698,27.93,equatorial
14.72,26.61,28.84,25.25,89.71,3.68,1.82,3.51,0.85,0.83,2023-11-19,Kribi,2023,11,323,46,32.28000000000009,68.58,243.41,560.97,0.07041914515142307,-0.07433333333333181,27.93,equatorial
15.17,26.62,29.38,25.15,89.51,3.76,2.03,3.71,0.85,0.83,2023-11-20,Kribi,2023,11,324,47,28.760000000000094,69.47,237.60999999999999,561.6899999999999,0.07288721439588583,-0.06666666666666643,27.93,equatorial
17.23,26.82,29.43,25.13,88.48,4.76,1.93,4.38,0.85,0.83,2023-11-21,Kribi,2023,11,325,47,31.160000000000096,71.69,240.01000000000002,563.39,0.07872994741766155,0.13000000000000256,27.93,equatorial
7.7,26.11,27.63,24.96,92.24,3.79,1.91,2.72,0.85,0.83,2023-11-22,Kribi,2023,11,326,47,29.54000000000009,62.04,238.28,566.2700000000001,0.08863665669045115,-0.5643333333333338,27.93,equatorial
13.61,25.58,27.57,24.39,90.23,0.99,2.35,3.0,0.85,0.82,2023-11-23,Kribi,2023,11,327,47,27.590000000000092,57.76,228.3,565.7700000000001,0.08690061788288755,-1.0713333333333388,27.93,equatorial
11.57,25.53,27.76,24.22,89.6,1.34,1.9,2.78,0.84,0.82,2023-11-24,Kribi,2023,11,328,47,24.57000000000009,56.800000000000004,176.27999999999997,565.12,0.08464782563471539,-1.123000000000001,27.51,equatorial
18.41,26.47,29.55,24.69,86.16,2.71,1.61,3.47,0.84,0.82,2023-11-25,Kribi,2023,11,329,47,21.030000000000094,53.510000000000005,168.2,563.42,0.07877712319668816,-0.20866666666666944,26.82,equatorial
13.62,25.98,28.27,24.66,89.83,4.32,2.25,3.69,0.84,0.82,2023-11-26,Kribi,2023,11,330,47,21.67000000000009,53.95,169.79,564.77,0.08341726880377104,-0.684000000000001,26.82,equatorial
14.34,26.67,30.56,24.55,86.3,2.29,2.2,5.26,0.84,0.82,2023-11-27,Kribi,2023,11,331,48,20.20000000000009,48.96,168.16,558.75,0.06265523310024233,0.02466666666666839,26.82,equatorial
10.7,25.88,28.36,24.57,89.13,2.36,2.26,3.85,0.83,0.81,2023-11-28,Kribi,2023,11,332,48,17.800000000000093,48.96,162.26,553.6,0.04489233036683895,-0.7086666666666659,26.67,equatorial
19.36,26.41,29.63,24.44,86.23,1.63,2.06,4.25,0.83,0.81,2023-11-29,Kribi,2023,11,333,48,15.640000000000093,45.18,151.10999999999999,550.2,0.033163030375854136,-0.14366666666666816,26.67,equatorial
20.7,27.12,30.83,24.67,84.55,1.46,1.73,4.38,0.82,0.81,2023-11-30,Kribi,2023,11,334,48,16.110000000000092,43.699999999999996,136.76,544.1099999999999,0.012157826979640714,0.576666666666668,27.12,equatorial
13.78,27.02,30.5,25.14,86.93,2.17,2.06,4.54,0.82,0.8,2023-12-01,Kribi,2023,12,335,48,16.940000000000094,41.51,129.29999999999998,538.24,-0.008088636392776731,0.4596666666666671,27.12,equatorial
9.79,25.9,27.84,24.79,88.0,1.38,2.46,3.78,0.82,0.8,2023-12-02,Kribi,2023,12,336,48,15.610000000000092,36.64,126.3,537.24,-0.011536749053660365,-0.6520000000000046,27.12,equatorial
15.56,26.66,30.13,24.45,82.98,1.17,1.66,4.43,0.81,0.79,2023-12-03,Kribi,2023,12,337,48,12.460000000000091,34.129999999999995,111.32,530.8,-0.03375222462856278,0.06466666666666754,27.12,equatorial
18.05,26.05,28.25,24.85,88.8,1.03,2.17,2.97,0.81,0.79,2023-12-04,Kribi,2023,12,338,49,11.200000000000092,31.4,105.84,530.41,-0.035092703471037656,-0.5376666666666665,27.12,equatorial
21.12,26.46,29.81,24.48,86.17,0.89,1.7,3.28,0.81,0.79,2023-12-05,Kribi,2023,12,339,49,9.730000000000091,27.53,104.63,529.63,-0.03777905039929704,-0.09499999999999886,27.12,equatorial
16.08,26.2,28.54,24.75,87.72,1.28,1.81,2.96,0.8,0.79,2023-12-06,Kribi,2023,12,340,49,9.380000000000093,25.02,103.04,528.86,-0.040430883211464486,-0.31333333333333613,27.12,equatorial
12.44,26.13,28.35,24.86,88.78,1.81,1.72,2.47,0.8,0.79,2023-12-07,Kribi,2023,12,341,49,9.730000000000093,25.84,102.31,525.3199999999999,-0.05264474431951897,-0.3686666666666696,27.02,equatorial
17.52,25.68,27.89,24.59,89.13,2.45,2.4,3.23,0.8,0.79,2023-12-08,Kribi,2023,12,342,49,10.010000000000092,26.950000000000003,91.32000000000001,522.23,-0.06330495190661549,-0.7793333333333337,26.66,equatorial
20.31,26.92,30.48,24.65,84.09,0.15,1.86,4.11,0.8,0.78,2023-12-09,Kribi,2023,12,343,49,8.780000000000094,24.39,86.2,520.42,-0.06954523659963767,0.445333333333334,26.92,equatorial
17.59,26.89,29.63,25.4,87.57,0.29,2.17,3.18,0.79,0.78,2023-12-10,Kribi,2023,12,344,49,7.900000000000093,20.36,84.19,517.56,-0.07941175741607583,0.3836666666666666,26.92,equatorial
7.87,26.95,29.33,25.47,87.02,0.84,1.84,3.01,0.79,0.78,2023-12-11,Kribi,2023,12,345,50,7.710000000000093,18.91,79.03,513.99,-0.09173065009592132,0.396333333333331,26.95,equatorial
16.69,27.19,30.11,25.3,83.51,0.12,1.28,3.25,0.79,0.78,2023-12-12,Kribi,2023,12,346,50,6.940000000000092,16.67,75.27,511.68,-0.09969666582182234,0.5899999999999999,27.19,equatorial
20.15,27.5,31.29,24.98,78.55,0.05,1.46,4.93,0.78,0.77,2023-12-13,Kribi,2023,12,347,50,5.710000000000093,15.09,68.03999999999999,510.04,-0.10534769626584695,0.8696666666666637,27.5,equatorial
20.34,27.69,31.49,25.49,80.4,0.03,1.46,4.44,0.77,0.77,2023-12-14,Kribi,2023,12,348,50,3.9300000000000925,13.66,65.71,505.34,-0.12157300503926811,1.0496666666666705,27.69,equatorial
20.79,27.69,31.39,25.13,80.17,0.0,1.69,4.75,0.77,0.76,2023-12-15,Kribi,2023,12,349,50,1.4800000000000924,11.49,60.300000000000004,492.84999999999997,-0.16472167225072498,1.0386666666666642,27.69,equatorial
19.73,28.04,32.15,25.25,81.14,0.1,1.58,4.39,0.76,0.76,2023-12-16,Kribi,2023,12,350,50,1.4300000000000923,10.21,57.459999999999994,487.44,-0.18339638492243596,1.3663333333333298,28.04,equatorial
19.21,28.14,31.52,26.18,83.16,0.22,1.73,4.21,0.76,0.75,2023-12-17,Kribi,2023,12,351,50,1.3600000000000922,9.260000000000002,53.32,481.67999999999995,-0.20328070477646157,1.459333333333337,28.14,equatorial
16.57,27.33,30.06,25.85,87.25,0.32,2.15,3.3,0.75,0.75,2023-12-18,Kribi,2023,12,352,51,0.8400000000000925,8.549999999999999,47.39,479.3,-0.21147762264685702,0.6553333333333313,28.14,equatorial
16.86,27.45,30.86,25.37,85.34,0.37,2.08,4.29,0.75,0.75,2023-12-19,Kribi,2023,12,353,51,1.0900000000000925,8.03,44.08,478.14,-0.21545536954242528,0.7473333333333336,28.14,equatorial
17.88,27.57,30.82,25.96,85.01,0.43,2.39,4.05,0.75,0.75,2023-12-20,Kribi,2023,12,354,51,1.4700000000000923,7.180000000000001,40.75,477.47999999999996,-0.21770368590266043,0.8356666666666683,28.14,equatorial
19.54,27.83,31.4,25.67,83.45,0.36,2.05,4.43,0.74,0.74,2023-12-21,Kribi,2023,12,355,51,1.8000000000000922,5.73,36.35,464.31,-0.26322592842274856,1.061999999999994,28.14,equatorial
18.3,27.79,30.69,26.14,85.63,1.04,1.98,3.55,0.74,0.75,2023-12-22,Kribi,2023,12,356,51,2.8400000000000922,4.32,33.6,457.93,-0.28525535452141276,0.9659999999999975,28.14,equatorial
19.9,27.93,31.34,25.89,85.56,1.07,2.02,4.04,0.74,0.74,2023-12-23,Kribi,2023,12,357,51,3.810000000000092,5.239999999999999,33.68,453.96,-0.29894486536552056,1.0276666666666685,28.14,equatorial
20.45,28.49,32.48,25.93,81.1,0.55,1.48,4.73,0.73,0.74,2023-12-24,Kribi,2023,12,358,51,4.140000000000093,5.5,32.89,452.44,-0.3041552787638866,1.4890000000000008,28.49,equatorial
15.69,28.2,31.5,26.27,81.67,0.48,1.7,4.52,0.73,0.73,2023-12-25,Kribi,2023,12,359,52,4.300000000000092,5.14,30.66,451.03999999999996,-0.3089500940341837,1.141333333333332,28.49,equatorial
16.7,27.73,30.93,25.88,82.47,0.47,2.07,4.55,0.73,0.73,2023-12-26,Kribi,2023,12,360,52,4.400000000000093,5.489999999999999,26.81,449.15,-0.3154407860249743,0.6129999999999995,28.49,equatorial
19.73,27.74,31.77,25.22,77.71,0.4,1.58,4.34,0.72,0.73,2023-12-27,Kribi,2023,12,361,52,4.3700000000000925,5.84,24.92,445.57,-0.32778182515308285,0.5873333333333299,28.49,equatorial
15.05,27.88,31.66,25.74,80.94,0.28,1.67,4.28,0.72,0.72,2023-12-28,Kribi,2023,12,362,52,4.290000000000092,6.090000000000001,22.84,442.86,-0.33710975143145117,0.6606666666666641,28.49,equatorial
16.15,27.41,30.48,25.83,84.53,0.54,1.59,3.87,0.71,0.72,2023-12-29,Kribi,2023,12,363,52,3.7900000000000924,6.630000000000001,21.75,441.78,-0.34079254218107097,0.15733333333333377,28.49,equatorial
14.41,27.79,31.17,26.01,83.28,0.83,1.62,4.09,0.71,0.72,2023-12-30,Kribi,2023,12,364,52,3.550000000000092,7.359999999999999,21.12,439.85,-0.3474189427079618,0.5150000000000006,28.49,equatorial
18.79,27.68,30.98,25.85,84.64,0.89,1.89,3.78,0.71,0.72,2023-12-31,Kribi,2023,12,365,52,3.8900000000000925,8.03,19.84,433.99,-0.36765759417024707,0.38299999999999557,28.2,equatorial
18.73,27.79,31.23,26.05,84.43,0.15,1.84,3.73,0.71,0.71,2024-01-01,Kribi,2024,1,1,1,3.5600000000000924,7.859999999999999,18.61,390.88,-0.5169334628030096,0.4299999999999997,27.88,equatorial
13.31,26.83,28.53,25.83,89.53,0.16,1.83,1.67,0.71,0.72,2024-01-02,Kribi,2024,1,2,1,3.2500000000000924,7.6499999999999995,17.599999999999998,387.89,-0.5271924905096931,-0.5356666666666676,27.88,equatorial
19.97,26.73,29.01,25.4,88.1,0.07,2.2,2.56,0.71,0.72,2024-01-03,Kribi,2024,1,3,1,2.9200000000000923,7.29,16.64,383.91,-0.5408799199707034,-0.658333333333335,27.88,equatorial
14.69,27.39,30.88,25.38,82.89,0.05,1.9,3.86,0.7,0.71,2024-01-04,Kribi,2024,1,4,1,2.6900000000000923,6.9799999999999995,15.8,380.64,-0.5521046824660558,-0.029333333333333655,27.79,equatorial
20.04,27.94,32.19,25.59,79.99,0.07,1.64,4.72,0.7,0.71,2024-01-05,Kribi,2024,1,5,1,2.2200000000000926,6.01,14.59,377.0,-0.5646096002120502,0.4626666666666708,27.94,equatorial
20.25,27.53,31.41,25.24,82.61,0.17,1.87,4.28,0.69,0.7,2024-01-06,Kribi,2024,1,6,1,1.5600000000000924,5.11,12.950000000000001,356.33000000000004,-0.6361336780241311,0.00600000000000378,27.94,equatorial
20.51,27.69,31.2,25.57,82.44,0.08,1.61,3.64,0.69,0.7,2024-01-07,Kribi,2024,1,7,1,0.7500000000000924,4.640000000000001,10.58,352.08,-0.6507284916008332,0.0990000000000002,27.94,equatorial
19.27,27.53,31.04,25.67,83.35,0.3,2.02,3.97,0.69,0.7,2024-01-08,Kribi,2024,1,8,2,0.9000000000000924,4.46,10.73,348.91,-0.6615760000594259,-0.0813333333333297,27.94,equatorial
21.55,27.89,31.37,25.76,81.83,0.12,1.72,4.04,0.68,0.69,2024-01-09,Kribi,2024,1,9,2,0.8600000000000924,4.11,10.56,345.55,-0.6730792869695239,0.2453333333333383,27.94,equatorial
11.14,27.32,30.0,25.84,84.59,0.28,2.32,3.42,0.68,0.69,2024-01-10,Kribi,2024,1,10,2,1.0700000000000924,3.99,10.0,342.32,-0.6841287467055761,-0.33699999999999974,27.94,equatorial
11.99,27.54,31.14,25.35,82.02,0.09,1.85,3.85,0.68,0.69,2024-01-11,Kribi,2024,1,11,2,1.1100000000000925,3.8000000000000003,9.969999999999999,336.57000000000005,-0.7039120112752196,-0.12866666666666404,27.94,equatorial
20.0,27.33,31.5,24.63,83.22,0.06,2.0,4.14,0.68,0.69,2024-01-12,Kribi,2024,1,12,2,1.1000000000000922,3.3200000000000003,9.98,333.85,-0.7131834820757601,-0.33300000000000196,27.89,equatorial
19.44,27.44,30.85,25.14,84.39,0.24,2.16,3.91,0.67,0.68,2024-01-13,Kribi,2024,1,13,2,1.1700000000000923,2.73,10.19,327.25,-0.7359059880283455,-0.21466666666666612,27.89,equatorial
18.59,27.64,31.03,25.59,82.77,0.18,2.04,4.06,0.67,0.68,2024-01-14,Kribi,2024,1,14,2,1.2700000000000924,2.02,10.37,308.24,-0.8016539606855035,-0.012999999999998124,27.89,equatorial
19.21,27.56,30.89,25.52,82.83,0.29,2.06,4.1,0.67,0.68,2024-01-15,Kribi,2024,1,15,3,1.2600000000000924,2.16,10.56,305.19,-0.8120311686334409,-0.07700000000000173,27.89,equatorial
18.65,27.48,31.24,25.51,81.53,0.28,2.0,3.81,0.67,0.68,2024-01-16,Kribi,2024,1,16,3,1.4200000000000925,2.28,10.62,302.13,-0.8224389434196525,-0.13500000000000156,27.64,equatorial
16.97,27.59,31.66,25.11,80.61,0.24,1.94,4.31,0.66,0.67,2024-01-17,Kribi,2024,1,17,3,1.3800000000000925,2.45,10.540000000000001,299.46,-0.8314899625416332,-0.03366666666666873,27.64,equatorial
21.53,27.55,31.35,25.32,80.89,0.12,1.68,4.08,0.66,0.67,2024-01-18,Kribi,2024,1,18,3,1.4100000000000925,2.5200000000000005,10.29,297.78,-0.8371037585884243,-0.07700000000000173,27.64,equatorial
20.35,27.69,31.42,25.36,81.02,0.13,1.87,4.33,0.66,0.67,2024-01-19,Kribi,2024,1,19,3,1.4800000000000924,2.58,9.99,288.34999999999997,-0.8695943404965298,0.059000000000004604,27.69,equatorial
19.6,27.52,31.0,25.32,83.46,0.49,2.18,4.06,0.65,0.66,2024-01-20,Kribi,2024,1,20,3,1.7300000000000924,2.9,10.120000000000001,286.48,-0.8758492956864637,-0.1006666666666689,27.69,equatorial
20.72,27.71,31.45,25.61,80.17,0.4,1.9,4.14,0.65,0.66,2024-01-21,Kribi,2024,1,21,3,1.9500000000000925,3.2199999999999998,9.48,281.35999999999996,-0.8933738285945518,0.0920000000000023,27.71,equatorial
10.92,27.51,30.89,25.47,81.99,1.1,2.36,4.31,0.65,0.66,2024-01-22,Kribi,2024,1,22,4,2.7600000000000926,4.0200000000000005,9.51,271.49,-0.9273650116867572,-0.09399999999999764,27.71,equatorial
14.87,27.16,29.88,25.47,82.54,0.62,2.18,3.43,0.65,0.66,2024-01-23,Kribi,2024,1,23,4,3.100000000000093,4.5200000000000005,9.58,218.75,-1.1100183658561764,-0.3996666666666684,27.71,equatorial
21.45,27.58,31.44,25.48,79.46,0.28,1.66,4.01,0.65,0.66,2024-01-24,Kribi,2024,1,24,4,3.1400000000000925,4.52,9.38,208.24,-1.1460901412006292,0.04100000000000037,27.71,equatorial
20.46,27.82,32.15,25.31,80.62,0.08,1.65,3.98,0.64,0.65,2024-01-25,Kribi,2024,1,25,4,3.1000000000000925,4.51,8.99,205.58999999999997,-1.154878772652424,0.27800000000000225,27.82,equatorial
20.01,28.0,32.07,25.63,79.64,0.07,1.5,4.36,0.64,0.65,2024-01-26,Kribi,2024,1,26,4,3.0400000000000924,4.5200000000000005,8.66,201.74,-1.1678210981219415,0.44933333333333536,28.0,equatorial
19.78,27.95,32.03,25.37,76.1,0.0,1.75,4.32,0.64,0.64,2024-01-27,Kribi,2024,1,27,4,2.550000000000092,4.28,8.379999999999999,193.48000000000002,-1.1960421863538186,0.397000000000002,28.0,equatorial
19.84,27.77,31.97,25.02,80.17,0.0,1.7,4.18,0.63,0.64,2024-01-28,Kribi,2024,1,28,4,2.1500000000000923,4.1000000000000005,7.84,180.70000000000002,-1.23990758695607,0.2049999999999983,28.0,equatorial
17.81,28.0,31.61,25.84,82.45,0.05,1.74,3.66,0.63,0.64,2024-01-29,Kribi,2024,1,29,5,1.1000000000000925,3.86,7.06,164.94,-1.294060260262486,0.42799999999999727,28.0,equatorial
12.59,27.97,31.47,26.01,81.64,0.06,1.54,3.47,0.63,0.64,2024-01-30,Kribi,2024,1,30,5,0.5400000000000924,3.64,6.23,155.37,-1.326704932348932,0.3883333333333354,28.0,equatorial
18.03,27.91,31.39,26.06,81.84,0.16,1.75,3.63,0.63,0.63,2024-01-31,Kribi,2024,1,31,5,0.4200000000000924,3.56,6.24,151.14999999999998,-1.3407762031771049,0.3243333333333318,28.0,equatorial
16.29,27.17,29.89,25.55,85.89,0.24,2.23,2.93,0.62,0.63,2024-02-01,Kribi,2024,2,32,5,0.5800000000000923,3.68,6.32,135.24,-1.395332960594167,-0.42699999999999605,28.0,equatorial
19.67,27.71,31.21,25.33,82.47,0.07,2.03,3.59,0.62,0.63,2024-02-02,Kribi,2024,2,33,5,0.5800000000000924,3.62,6.32,128.79999999999998,-1.4170216000736027,0.08033333333333204,28.0,equatorial
17.84,27.55,30.21,26.15,84.08,0.08,1.83,2.61,0.62,0.63,2024-02-03,Kribi,2024,2,34,5,0.6600000000000924,3.2100000000000004,6.3500000000000005,126.78,-1.4233760183781572,-0.0849999999999973,28.0,equatorial
18.44,27.4,29.81,25.8,84.52,0.11,1.94,2.72,0.62,0.63,2024-02-04,Kribi,2024,2,35,5,0.7700000000000924,2.9200000000000004,6.39,124.02000000000001,-1.4322851986708767,-0.2170000000000023,28.0,equatorial
15.82,27.23,30.1,25.59,85.87,0.05,2.12,2.43,0.62,0.63,2024-02-05,Kribi,2024,2,36,6,0.7700000000000924,1.87,6.2700000000000005,121.53,-1.440248631737765,-0.37700000000000244,27.97,equatorial
19.34,27.37,31.0,25.08,84.0,0.04,2.07,3.16,0.62,0.63,2024-02-06,Kribi,2024,2,37,6,0.7500000000000924,1.29,6.23,108.13,-1.4859670735553525,-0.22633333333333283,27.91,equatorial
19.03,27.96,31.56,25.89,82.9,0.03,1.8,3.26,0.62,0.62,2024-02-07,Kribi,2024,2,38,6,0.6200000000000924,1.04,5.96,102.89,-1.5033847082930507,0.34933333333333394,27.96,equatorial
17.93,28.05,31.46,25.98,82.6,0.04,2.12,3.62,0.61,0.62,2024-02-08,Kribi,2024,2,39,6,0.4200000000000924,1.0,5.88,100.63,-1.510467789364494,0.43400000000000105,28.05,equatorial
18.62,27.89,30.92,25.82,82.72,0.04,2.32,3.54,0.61,0.62,2024-02-09,Kribi,2024,2,40,6,0.39000000000009233,0.97,5.64,94.67,-1.530340528951641,0.25500000000000256,28.05,equatorial
13.33,27.97,31.2,26.25,84.05,0.06,2.31,3.27,0.61,0.61,2024-02-10,Kribi,2024,2,41,6,0.37000000000009237,1.03,5.61,90.85,-1.54278396379283,0.3206666666666642,28.05,equatorial
18.55,27.67,30.17,26.33,86.78,0.06,1.86,2.25,0.61,0.62,2024-02-11,Kribi,2024,2,42,6,0.3200000000000924,1.09,5.61,83.63,-1.5669656960599985,0.009333333333337634,28.05,equatorial
20.86,28.25,31.61,26.24,84.32,0.04,1.71,3.04,0.61,0.61,2024-02-12,Kribi,2024,2,43,7,0.31000000000009237,1.0799999999999998,5.41,81.31,-1.5741729735298495,0.5623333333333349,28.25,equatorial
12.34,27.94,30.79,26.29,87.15,0.05,2.19,2.73,0.61,0.61,2024-02-13,Kribi,2024,2,44,7,0.3200000000000924,1.07,5.28,75.95,-1.5918759077163143,0.24233333333333107,28.25,equatorial
21.15,27.88,30.71,26.22,86.64,0.04,1.98,2.55,0.6,0.61,2024-02-14,Kribi,2024,2,45,7,0.33000000000009233,0.95,5.03,73.05000000000001,-1.6010520755602269,0.17166666666666686,28.25,equatorial
20.24,28.09,31.34,26.08,85.27,0.45,2.01,3.16,0.6,0.61,2024-02-15,Kribi,2024,2,46,7,0.7400000000000924,1.16,5.2,69.14,-1.6137029702973067,0.3613333333333344,28.25,equatorial
8.33,27.97,30.63,26.29,83.82,0.88,1.76,2.86,0.6,0.61,2024-02-16,Kribi,2024,2,47,7,1.5800000000000924,1.97,5.84,63.769999999999996,-1.6313759836977022,0.22866666666666902,28.25,equatorial
19.87,28.33,32.31,25.7,81.09,0.12,1.98,4.05,0.6,0.6,2024-02-17,Kribi,2024,2,48,7,1.6400000000000923,2.0100000000000002,5.84,60.21,-1.6427716788882565,0.5626666666666651,28.33,equatorial
19.36,27.65,30.14,26.23,85.36,0.74,2.1,2.73,0.6,0.61,2024-02-18,Kribi,2024,2,49,7,2.3200000000000927,2.64,6.45,57.19,-1.6522850539691862,-0.11600000000000321,28.33,equatorial
19.18,27.29,30.78,25.06,84.74,1.99,2.28,3.51,0.6,0.61,2024-02-19,Kribi,2024,2,50,8,4.270000000000092,4.58,7.949999999999999,54.42,-1.6609201826732816,-0.4683333333333337,28.33,equatorial
12.25,27.8,30.79,25.98,84.82,2.18,1.94,3.24,0.6,0.62,2024-02-20,Kribi,2024,2,51,8,6.400000000000093,6.720000000000001,9.73,52.81,-1.665539420998003,0.03866666666666774,28.33,equatorial
18.63,27.24,29.04,26.26,90.16,2.23,2.37,1.99,0.6,0.62,2024-02-21,Kribi,2024,2,52,8,8.590000000000092,8.92,10.860000000000001,54.050000000000004,-1.6603220759391553,-0.5123333333333377,28.33,equatorial
2.32,26.39,27.67,25.25,91.63,3.32,2.78,2.09,0.61,0.63,2024-02-22,Kribi,2024,2,53,8,11.460000000000093,12.200000000000001,13.559999999999999,56.03,-1.6525619149043473,-1.336666666666666,28.33,equatorial
19.86,27.58,30.29,26.04,85.22,0.43,2.06,2.9,0.61,0.61,2024-02-23,Kribi,2024,2,54,8,11.010000000000092,12.59,13.71,53.75000000000001,-1.659498706619112,-0.14666666666667183,28.33,equatorial
14.86,28.03,31.75,25.73,82.17,0.29,2.06,3.8,0.6,0.61,2024-02-24,Kribi,2024,2,55,8,11.180000000000094,12.819999999999999,13.92,49.720000000000006,-1.6724545950779552,0.2963333333333331,28.03,equatorial
13.54,28.14,31.72,26.25,83.45,0.73,2.03,3.47,0.6,0.6,2024-02-25,Kribi,2024,2,56,8,11.170000000000092,13.49,14.58,48.16,-1.6768794731814047,0.4016666666666673,28.14,equatorial
19.65,28.08,31.46,26.1,85.24,1.34,2.35,3.81,0.6,0.6,2024-02-26,Kribi,2024,2,57,9,10.520000000000092,14.79,15.92,47.14,-1.6794371050114596,0.33733333333332993,28.14,equatorial
19.46,28.16,31.28,26.2,84.78,1.67,2.18,3.78,0.59,0.61,2024-02-27,Kribi,2024,2,58,9,10.010000000000094,16.41,17.59,47.18,-1.678340687134906,0.40433333333333366,28.16,equatorial
13.69,27.69,29.41,26.62,88.68,1.49,2.15,2.19,0.59,0.61,2024-02-28,Kribi,2024,2,59,9,9.270000000000092,17.860000000000003,19.029999999999998,47.21,-1.6772805632736263,-0.055333333333329904,28.16,equatorial
4.72,27.28,28.75,26.49,91.92,2.95,1.97,1.42,0.6,0.62,2024-02-29,Kribi,2024,2,60,9,8.900000000000093,20.36,21.92,47.99,-1.6736412526886801,-0.4423333333333339,28.16,equatorial
19.94,27.39,29.35,26.13,87.24,0.64,1.59,1.94,0.6,0.61,2024-03-01,Kribi,2024,3,61,9,9.110000000000094,20.12,22.400000000000002,47.25,-1.6752374785092565,-0.3149999999999977,28.16,equatorial
15.58,27.08,28.41,26.35,91.6,11.55,2.17,1.97,0.61,0.67,2024-03-02,Kribi,2024,3,62,9,20.370000000000093,31.549999999999997,33.71,57.63,-1.6385831303280938,-0.6219999999999999,28.16,equatorial
14.81,27.49,29.94,26.14,87.2,9.59,1.67,2.9,0.63,0.68,2024-03-03,Kribi,2024,3,63,9,29.230000000000093,40.4,43.23,66.19,-1.6082455238916316,-0.20466666666666455,28.16,equatorial
17.24,27.74,30.66,26.04,86.75,5.3,2.04,3.53,0.63,0.66,2024-03-04,Kribi,2024,3,64,10,33.19000000000009,43.71,48.45,70.60000000000001,-1.5922228748686151,0.038999999999997925,28.16,equatorial
17.99,27.35,29.65,26.09,88.69,7.82,2.1,2.97,0.63,0.68,2024-03-05,Kribi,2024,3,65,10,39.340000000000096,49.35,56.160000000000004,77.14,-1.5689024265556883,-0.34933333333333394,27.74,equatorial
12.77,27.09,28.73,26.04,91.52,16.3,1.7,2.67,0.65,0.72,2024-03-06,Kribi,2024,3,66,10,54.15000000000009,63.42,72.41,91.63,-1.5182920417376067,-0.6046666666666667,27.74,equatorial
21.58,27.61,30.86,25.66,86.14,1.0,1.94,3.71,0.65,0.66,2024-03-07,Kribi,2024,3,67,10,52.20000000000009,61.1,73.37,90.17999999999999,-1.522526891051822,-0.09266666666666978,27.74,equatorial
20.64,27.64,30.6,25.92,86.88,4.35,2.12,3.84,0.64,0.66,2024-03-08,Kribi,2024,3,68,10,55.910000000000096,65.02,77.69,94.38000000000001,-1.5073442958010783,-0.0519999999999996,27.74,equatorial
15.95,27.55,29.8,26.12,87.42,6.05,2.1,3.16,0.65,0.68,2024-03-09,Kribi,2024,3,69,10,50.410000000000096,70.78,83.7,100.14,-1.4868233267954802,-0.12533333333333374,27.74,equatorial
22.98,28.6,32.38,26.2,83.07,0.39,1.73,4.05,0.64,0.65,2024-03-10,Kribi,2024,3,70,10,41.21000000000009,70.44000000000001,84.05,99.69,-1.4876580963992114,0.9009999999999998,28.6,equatorial
21.4,28.34,31.22,26.83,88.43,1.87,1.98,2.93,0.63,0.65,2024-03-11,Kribi,2024,3,71,11,37.78000000000009,70.97,85.86,101.44,-1.4809371579268698,0.628666666666664,28.6,equatorial
14.98,27.88,29.75,26.83,90.11,3.24,2.15,2.6,0.63,0.65,2024-03-12,Kribi,2024,3,72,11,33.200000000000095,72.54,89.03999999999999,104.63000000000001,-1.4692809578019268,0.16166666666666174,28.6,equatorial
18.19,27.93,29.66,26.85,89.32,3.67,2.0,2.52,0.63,0.66,2024-03-13,Kribi,2024,3,73,11,20.570000000000093,74.72,92.67,108.27000000000001,-1.4560949436599924,0.2223333333333315,28.6,equatorial
8.8,27.55,29.31,26.4,89.1,4.55,1.73,2.34,0.64,0.67,2024-03-14,Kribi,2024,3,74,11,24.12000000000009,76.32000000000001,97.17,112.82000000000001,-1.439802087766933,-0.14466666666666583,28.6,equatorial
23.64,28.51,32.16,26.27,81.45,1.16,1.87,4.65,0.64,0.64,2024-03-15,Kribi,2024,3,75,11,20.93000000000009,76.84,98.28999999999999,113.88,-1.435506498166093,0.7943333333333342,28.6,equatorial
22.91,28.69,32.07,26.59,80.85,1.16,1.45,4.57,0.63,0.64,2024-03-16,Kribi,2024,3,76,11,16.04000000000009,66.45,99.0,114.82,-1.4316280128037777,0.9543333333333379,28.69,equatorial
14.46,28.15,30.29,26.82,87.11,1.2,1.86,2.71,0.62,0.64,2024-03-17,Kribi,2024,3,77,11,16.850000000000094,58.06,99.32,115.7,-1.4279601852060697,0.40833333333333144,28.69,equatorial
9.03,27.98,29.83,26.62,87.4,1.07,1.43,2.06,0.62,0.64,2024-03-18,Kribi,2024,3,78,12,16.05000000000009,53.83,100.27,116.4,-1.4249143400052489,0.25,28.69,equatorial
19.59,27.9,30.05,26.66,86.88,0.42,1.46,2.13,0.62,0.63,2024-03-19,Kribi,2024,3,79,12,13.230000000000091,46.43,99.95,116.39,-1.4243073963151058,0.1616666666666653,28.69,equatorial
11.03,27.9,30.45,26.5,87.07,2.93,1.97,2.85,0.62,0.63,2024-03-20,Kribi,2024,3,80,12,12.49000000000009,33.06,100.89,118.96,-1.4148537677435995,0.14133333333333198,28.69,equatorial
12.2,27.65,30.56,25.64,85.26,10.26,1.89,3.82,0.63,0.68,2024-03-21,Kribi,2024,3,81,12,18.20000000000009,42.32,108.97,128.18,-1.3826094597146874,-0.10366666666666902,28.69,equatorial
14.93,27.63,29.87,26.38,86.36,0.94,2.13,3.08,0.63,0.64,2024-03-22,Kribi,2024,3,82,12,17.980000000000093,38.91,107.67999999999999,128.04999999999998,-1.3824578628585995,-0.13666666666666671,28.69,equatorial
15.72,26.98,27.71,26.46,91.91,0.49,2.41,1.55,0.63,0.64,2024-03-23,Kribi,2024,3,83,12,17.31000000000009,33.35,104.85,127.99,-1.3820665752066632,-0.8063333333333347,28.15,equatorial
20.44,27.8,30.26,26.4,87.21,0.06,1.98,2.76,0.62,0.63,2024-03-24,Kribi,2024,3,84,12,16.17000000000009,33.019999999999996,104.47999999999999,127.57,-1.3829097369164505,0.006333333333337521,27.98,equatorial
18.41,27.86,30.33,26.35,87.11,0.19,2.16,3.25,0.62,0.62,2024-03-25,Kribi,2024,3,85,13,15.290000000000092,31.34,104.38,127.28999999999999,-1.3832722497707994,0.07199999999999918,27.9,equatorial
23.13,28.22,31.19,26.65,84.15,0.13,1.66,3.53,0.61,0.62,2024-03-26,Kribi,2024,3,86,13,15.000000000000092,28.23,103.78,127.02,-1.383600181434695,0.42933333333333223,28.22,equatorial
22.21,28.81,32.25,26.74,83.28,4.27,1.39,4.81,0.61,0.63,2024-03-27,Kribi,2024,3,87,13,16.340000000000092,28.83,106.71,131.01,-1.369332400239471,0.995000000000001,28.81,equatorial
16.9,28.69,31.89,27.1,85.85,7.56,1.73,4.6,0.61,0.66,2024-03-28,Kribi,2024,3,88,13,13.640000000000091,31.84,112.6,138.03,-1.3447001977313784,0.8573333333333331,28.81,equatorial
10.16,28.52,31.48,26.84,86.59,13.76,1.35,3.52,0.63,0.7,2024-03-29,Kribi,2024,3,89,13,26.460000000000093,44.44,124.86999999999999,150.96,-1.2998489611398423,0.6596666666666628,28.81,equatorial
18.72,27.7,29.37,26.75,91.9,10.51,2.14,2.92,0.65,0.7,2024-03-30,Kribi,2024,3,90,13,36.48000000000009,53.78999999999999,132.43,160.58,-1.2663797168602273,-0.17433333333333323,28.81,equatorial
18.6,27.78,29.71,26.56,90.09,10.06,2.64,3.96,0.65,0.7,2024-03-31,Kribi,2024,3,91,13,46.480000000000096,62.65,141.85,170.49,-1.2319484234066862,-0.10733333333333306,28.81,equatorial
13.83,26.82,29.0,25.16,85.63,7.77,1.9,3.18,0.66,0.7,2024-04-01,Kribi,2024,4,92,14,54.06000000000009,69.35,138.07,178.1,-1.2054252023423948,-1.0586666666666673,28.81,equatorial
22.8,28.25,31.34,26.0,81.23,2.71,1.49,4.79,0.65,0.66,2024-04-02,Kribi,2024,4,93,14,56.64000000000009,71.64,131.19,180.73999999999998,-1.1959462608301412,0.3460000000000001,28.81,equatorial
19.87,26.76,27.97,25.27,91.75,16.98,2.27,2.44,0.66,0.73,2024-04-03,Kribi,2024,4,94,14,69.3500000000001,85.69,142.87,197.67000000000002,-1.1375354204226191,-1.1113333333333308,28.69,equatorial
12.25,26.55,29.88,23.91,84.36,4.71,1.52,4.16,0.67,0.69,2024-04-04,Kribi,2024,4,95,14,66.50000000000009,80.14,139.76,202.31,-1.1212589179733645,-1.294666666666668,28.52,equatorial
13.42,27.31,30.07,25.47,85.06,5.66,1.72,4.69,0.67,0.69,2024-04-05,Kribi,2024,4,96,14,58.40000000000009,84.86,129.11999999999998,207.79999999999998,-1.1020834921756162,-0.541999999999998,28.25,equatorial
22.02,27.35,29.46,25.7,85.83,3.56,1.14,3.39,0.66,0.68,2024-04-06,Kribi,2024,4,97,14,51.450000000000095,87.92999999999999,131.67999999999998,211.28,-1.0898052848756676,-0.49333333333332874,28.25,equatorial
20.39,27.84,30.58,26.13,85.38,1.0,1.7,3.75,0.65,0.66,2024-04-07,Kribi,2024,4,98,14,42.39000000000009,88.87,128.32999999999998,211.98,-1.087056000397123,-0.010000000000001563,28.25,equatorial
12.57,26.86,28.26,25.9,91.23,9.74,2.34,2.9,0.66,0.69,2024-04-08,Kribi,2024,4,99,15,44.36000000000009,98.41999999999999,132.02,221.6,-1.0537620630568463,-0.9670000000000023,28.25,equatorial
21.15,27.17,30.15,24.99,85.53,12.01,1.78,3.75,0.68,0.73,2024-04-09,Kribi,2024,4,100,15,53.660000000000096,110.3,143.64,233.32999999999998,-1.0132635868702173,-0.609333333333332,27.84,equatorial
12.66,27.51,29.51,26.27,87.69,1.84,1.84,3.08,0.67,0.68,2024-04-10,Kribi,2024,4,101,15,38.52000000000009,107.87,143.61,235.07999999999998,-1.0069674590501942,-0.2416666666666636,27.84,equatorial
14.93,27.24,28.74,26.18,91.97,18.39,2.04,3.09,0.68,0.74,2024-04-11,Kribi,2024,4,102,15,52.200000000000095,118.7,158.76,253.41,-0.943893011005564,-0.4903333333333322,27.84,equatorial
14.46,27.23,29.41,26.03,90.61,8.88,2.08,3.55,0.69,0.73,2024-04-12,Kribi,2024,4,103,15,55.420000000000094,113.82,163.97,262.05,-0.9140384941937617,-0.4770000000000003,27.84,equatorial
16.26,27.06,28.92,26.05,91.02,10.73,2.27,4.01,0.69,0.73,2024-04-13,Kribi,2024,4,104,15,62.59000000000009,114.04,170.15,272.6,-0.8776564081281,-0.6306666666666665,27.84,equatorial
19.29,27.31,29.18,26.14,89.55,9.82,2.14,3.61,0.7,0.73,2024-04-14,Kribi,2024,4,105,15,71.4100000000001,113.8,178.81,282.13,-0.8447842759324398,-0.34066666666666734,27.51,equatorial
22.82,28.24,31.32,26.42,85.52,16.56,1.64,5.7,0.7,0.73,2024-04-15,Kribi,2024,4,106,16,78.2300000000001,122.59,194.21,298.41,-0.7888028407484905,0.6043333333333294,28.24,equatorial
13.9,27.24,29.15,26.03,90.66,22.31,2.18,3.47,0.74,0.78,2024-04-16,Kribi,2024,4,107,16,88.53000000000009,142.19,215.32,320.48,-0.7130045621554991,-0.3653333333333393,28.24,equatorial
18.47,27.94,30.64,26.04,85.55,3.83,1.55,4.07,0.73,0.73,2024-04-17,Kribi,2024,4,108,16,90.52000000000008,129.04,218.07999999999998,324.19,-0.7001347846863475,0.3360000000000021,28.24,equatorial
18.96,28.41,30.68,26.89,85.96,5.51,1.61,4.49,0.71,0.73,2024-04-18,Kribi,2024,4,109,16,77.64000000000009,129.84,223.17000000000002,329.57,-0.6815463744776833,0.7890000000000015,28.41,equatorial
9.42,28.07,30.22,26.71,90.66,3.91,1.72,2.87,0.71,0.73,2024-04-19,Kribi,2024,4,110,16,72.67000000000009,128.09,224.15,332.99,-0.6696796598156101,0.44333333333333513,28.41,equatorial
20.18,28.66,31.6,26.68,83.64,0.74,1.24,3.76,0.7,0.71,2024-04-20,Kribi,2024,4,111,16,62.68000000000009,125.27,214.63000000000002,333.33,-0.6683717189866173,0.9996666666666698,28.66,equatorial
21.06,28.03,30.34,26.59,86.97,6.18,2.08,4.35,0.7,0.72,2024-04-21,Kribi,2024,4,112,16,59.04000000000009,130.45,219.86999999999998,338.40999999999997,-0.650818109410447,0.35633333333333184,28.66,equatorial
16.34,28.11,30.41,26.74,87.33,6.53,2.04,4.13,0.7,0.72,2024-04-22,Kribi,2024,4,113,17,49.01000000000009,127.24000000000001,225.91,344.32,-0.6304237769774534,0.39866666666666717,28.66,equatorial
20.55,27.59,29.3,26.59,90.84,8.64,2.13,3.32,0.71,0.74,2024-04-23,Kribi,2024,4,114,17,35.34000000000009,123.87,234.49,352.68,-0.601635211027898,-0.11433333333333451,28.66,equatorial
10.94,27.34,28.98,26.4,90.72,3.75,2.1,2.87,0.71,0.72,2024-04-24,Kribi,2024,4,115,17,35.26000000000009,125.78,238.05,356.35,-0.5889322835099522,-0.3470000000000013,28.66,equatorial
21.37,27.91,30.36,26.38,88.94,7.95,2.16,4.3,0.71,0.73,2024-04-25,Kribi,2024,4,116,17,37.700000000000095,115.33999999999999,245.87,364.22999999999996,-0.5617964744944169,0.23333333333333428,28.66,equatorial
21.78,27.69,29.72,26.6,89.14,1.91,1.84,2.92,0.71,0.72,2024-04-26,Kribi,2024,4,117,17,35.70000000000009,108.37,243.51,366.14,-0.5551381212474987,0.05066666666666464,28.66,equatorial
20.26,28.98,32.38,26.51,80.91,0.52,1.3,4.77,0.7,0.7,2024-04-27,Kribi,2024,4,118,17,35.480000000000096,98.16,236.47,366.65999999999997,-0.5532481189451072,1.3309999999999995,28.98,equatorial
19.64,28.7,30.95,27.33,86.0,2.26,1.56,3.67,0.69,0.71,2024-04-28,Kribi,2024,4,119,17,31.560000000000095,90.6,224.97,368.87,-0.5455619112869706,1.0450000000000017,28.98,equatorial
16.34,28.38,30.6,27.04,88.64,2.22,1.58,3.3,0.69,0.7,2024-04-29,Kribi,2024,4,120,18,27.250000000000092,76.26,216.67999999999998,371.03000000000003,-0.5380485886974375,0.7023333333333319,28.98,equatorial
15.55,28.04,30.0,26.85,89.4,1.57,1.82,2.55,0.69,0.7,2024-04-30,Kribi,2024,4,121,18,20.180000000000092,55.519999999999996,208.19000000000003,372.44,-0.5331095735333338,0.353666666666669,28.98,equatorial
18.84,27.98,30.46,26.31,88.38,4.56,1.84,3.95,0.69,0.71,2024-05-01,Kribi,2024,5,122,18,20.99000000000009,56.25,204.98,376.76,-0.5181870709835489,0.254999999999999,28.98,equatorial
16.85,27.52,29.1,26.47,90.78,5.53,2.14,3.45,0.69,0.72,2024-05-02,Kribi,2024,5,123,18,18.570000000000093,56.269999999999996,207.79999999999998,382.21999999999997,-0.4993550547811015,-0.1806666666666672,28.98,equatorial
13.96,27.1,28.97,25.78,90.83,6.87,2.18,3.95,0.7,0.72,2024-05-03,Kribi,2024,5,124,18,23.530000000000094,59.230000000000004,197.69,389.01,-0.47596137601922067,-0.6119999999999983,28.98,equatorial
19.48,27.28,28.62,26.15,89.9,3.02,2.08,2.66,0.7,0.71,2024-05-04,Kribi,2024,5,125,18,26.030000000000094,61.51,196.0,391.92,-0.4658879612147411,-0.45633333333333326,28.7,equatorial
21.74,28.19,30.82,26.58,86.57,3.06,1.75,3.84,0.7,0.71,2024-05-05,Kribi,2024,5,126,18,26.83000000000009,58.39,193.4,394.93,-0.45547257274522773,0.42433333333333323,28.38,equatorial
17.73,28.05,29.81,26.94,90.18,1.13,1.8,2.25,0.7,0.71,2024-05-06,Kribi,2024,5,127,19,25.740000000000094,52.99,190.97,396.02000000000004,-0.4516499851994001,0.2610000000000028,28.19,equatorial
13.7,28.44,30.84,27.33,91.11,14.73,1.68,3.23,0.7,0.74,2024-05-07,Kribi,2024,5,128,19,38.90000000000009,59.08,204.7,410.71999999999997,-0.401097711996021,0.6310000000000002,28.44,equatorial
8.1,27.92,29.15,27.15,93.66,2.79,2.26,2.57,0.71,0.72,2024-05-08,Kribi,2024,5,129,19,37.13000000000009,58.12,197.75,413.47,-0.3915861394665141,0.07566666666667032,28.44,equatorial
9.53,28.0,29.82,26.73,90.26,1.42,2.03,2.89,0.71,0.71,2024-05-09,Kribi,2024,5,130,19,33.020000000000095,51.589999999999996,187.16,414.85,-0.3867805802677716,0.1280000000000001,28.44,equatorial
15.83,27.59,29.33,26.6,90.75,1.15,2.01,2.73,0.7,0.71,2024-05-10,Kribi,2024,5,131,19,27.300000000000093,50.83,186.47,415.94,-0.38297156960105905,-0.2846666666666664,28.44,equatorial
5.84,27.87,29.52,26.65,90.79,3.76,2.03,2.68,0.7,0.71,2024-05-11,Kribi,2024,5,132,19,28.04000000000009,54.07,171.84,419.64,-0.37019682149671035,-0.02566666666666606,28.44,equatorial
12.43,27.76,29.33,26.73,91.04,5.29,2.05,3.06,0.71,0.73,2024-05-12,Kribi,2024,5,133,19,30.270000000000095,57.1,168.25,424.89,-0.35209770072591934,-0.15333333333333243,28.44,equatorial
13.14,27.13,28.3,26.45,92.54,5.1,2.06,2.36,0.71,0.73,2024-05-13,Kribi,2024,5,134,20,34.240000000000094,59.980000000000004,162.62,429.94,-0.3346871049255835,-0.7856666666666676,28.44,equatorial
15.6,28.0,30.4,26.42,83.49,3.05,1.34,4.07,0.71,0.72,2024-05-14,Kribi,2024,5,135,20,22.560000000000095,61.46,155.85,432.95,-0.3242884134307865,0.061333333333333684,28.0,equatorial
19.42,27.22,29.17,25.61,82.79,1.06,1.63,4.02,0.7,0.71,2024-05-15,Kribi,2024,5,136,20,20.83000000000009,57.96,140.35,433.56,-0.3221394370724077,-0.6846666666666685,28.0,equatorial
14.54,28.12,31.29,25.83,85.23,4.37,1.82,5.11,0.7,0.71,2024-05-16,Kribi,2024,5,137,20,23.780000000000094,56.800000000000004,122.41,437.05,-0.3100904226618806,0.18599999999999994,28.12,equatorial
17.53,28.52,30.87,26.99,88.23,3.91,2.01,4.08,0.7,0.71,2024-05-17,Kribi,2024,5,138,20,26.54000000000009,53.84,122.49,440.84000000000003,-0.29701067444027146,0.5666666666666664,28.52,equatorial
13.73,26.88,27.52,26.33,94.37,7.91,2.49,2.45,0.7,0.73,2024-05-18,Kribi,2024,5,139,20,30.690000000000094,58.730000000000004,124.88999999999999,448.01,-0.272309429748285,-1.0223333333333358,28.52,equatorial
19.44,27.45,29.59,26.11,88.26,2.45,1.67,3.35,0.71,0.72,2024-05-19,Kribi,2024,5,140,20,27.85000000000009,58.120000000000005,123.42999999999999,448.46999999999997,-0.2706848305136296,-0.4316666666666684,28.52,equatorial
15.0,26.84,28.15,26.12,91.54,4.69,1.8,2.38,0.71,0.73,2024-05-20,Kribi,2024,5,141,21,27.440000000000094,61.68,127.38,450.98,-0.262009442450029,-0.9810000000000016,28.52,equatorial
15.87,26.69,27.73,26.02,92.09,4.54,1.88,1.96,0.71,0.72,2024-05-21,Kribi,2024,5,142,21,28.930000000000092,51.49,125.74,453.28999999999996,-0.25402239550379574,-1.0863333333333323,28.52,equatorial
5.42,26.36,28.05,25.46,93.11,6.14,2.19,2.77,0.71,0.73,2024-05-22,Kribi,2024,5,143,21,34.01000000000009,54.84,125.35,456.10999999999996,-0.2442810517571476,-1.358000000000004,28.52,equatorial
19.71,27.35,30.7,25.36,84.02,4.92,1.71,5.17,0.71,0.73,2024-05-23,Kribi,2024,5,144,21,34.560000000000095,58.34,121.63000000000001,460.59999999999997,-0.22879377191556088,-0.35999999999999943,28.52,equatorial
5.66,26.65,28.72,25.43,88.75,7.31,2.44,4.98,0.71,0.74,2024-05-24,Kribi,2024,5,145,21,37.96000000000009,64.5,125.19,467.62,-0.2046002708140211,-1.0370000000000026,27.45,equatorial
15.88,26.61,29.54,24.96,79.47,1.72,1.98,5.6,0.71,0.71,2024-05-25,Kribi,2024,5,146,21,31.770000000000092,62.46,118.96000000000001,468.61,-0.2011617877979695,-1.0336666666666687,27.45,equatorial
20.83,27.92,31.61,25.1,76.47,0.88,1.3,6.09,0.7,0.7,2024-05-26,Kribi,2024,5,147,21,30.20000000000009,58.05,117.92999999999999,468.15000000000003,-0.2027147970805989,0.26866666666666816,27.92,equatorial
16.45,27.7,29.85,26.17,88.07,4.82,1.89,3.78,0.7,0.71,2024-05-27,Kribi,2024,5,148,22,30.33000000000009,57.77,122.23,471.3,-0.191839177593758,0.09133333333333127,27.92,equatorial
11.94,28.03,31.13,26.27,87.71,6.47,1.93,4.79,0.7,0.72,2024-05-28,Kribi,2024,5,149,22,32.26000000000009,61.19,126.44000000000001,476.28,-0.1746625144939217,0.4436666666666653,28.03,equatorial
19.38,27.49,29.54,26.32,90.39,6.55,2.01,3.21,0.7,0.73,2024-05-29,Kribi,2024,5,150,22,32.670000000000094,66.67999999999999,130.76999999999998,479.88,-0.16223861089360347,-0.06666666666666998,28.03,equatorial
11.97,27.21,28.85,26.14,91.74,5.63,2.22,2.94,0.71,0.72,2024-05-30,Kribi,2024,5,151,22,33.38000000000009,67.94,134.83,484.87,-0.14502730412023332,-0.3190000000000026,28.03,equatorial
17.33,26.25,27.67,25.33,91.82,6.81,2.14,3.11,0.71,0.74,2024-05-31,Kribi,2024,5,152,22,32.88000000000009,70.84,137.07999999999998,480.13,-0.161334125736647,-1.2213333333333374,28.03,equatorial
15.02,26.78,28.87,25.39,90.07,2.8,2.16,3.17,0.71,0.72,2024-06-01,Kribi,2024,6,153,22,33.96000000000009,65.73,134.35,473.34,-0.18470350309187866,-0.6666666666666679,28.03,equatorial
12.31,26.32,27.47,25.63,93.56,9.4,2.39,2.61,0.72,0.74,2024-06-02,Kribi,2024,6,154,22,42.48000000000009,72.67999999999999,136.88,477.44,-0.1705481429370643,-1.1006666666666653,28.03,equatorial
18.15,26.77,29.3,25.42,89.65,5.35,2.55,4.68,0.72,0.73,2024-06-03,Kribi,2024,6,155,23,43.01000000000009,73.34,139.21,474.96999999999997,-0.17903488310499238,-0.633666666666663,28.03,equatorial
17.26,26.55,29.09,25.07,88.74,3.52,2.78,4.64,0.72,0.72,2024-06-04,Kribi,2024,6,156,23,40.06000000000009,72.32,139.67,462.19,-0.22305709736866436,-0.7989999999999995,27.49,equatorial
15.84,26.53,29.1,24.79,87.48,2.77,2.55,4.62,0.71,0.72,2024-06-05,Kribi,2024,6,157,23,36.28000000000009,68.95,141.31,463.96000000000004,-0.21692159884475712,-0.7683333333333344,27.21,equatorial
14.55,25.72,27.38,24.77,91.28,6.73,2.54,3.43,0.72,0.73,2024-06-06,Kribi,2024,6,158,23,37.38000000000009,70.76,133.31,466.34,-0.20868320214800273,-1.4876666666666694,26.78,equatorial
15.24,26.6,29.74,24.5,86.68,1.58,2.37,4.95,0.71,0.71,2024-06-07,Kribi,2024,6,159,23,32.15000000000009,65.03,132.1,461.87,-0.22406479603026294,-0.5636666666666663,26.78,equatorial
8.21,26.08,28.24,24.92,89.28,2.89,2.49,3.89,0.71,0.71,2024-06-08,Kribi,2024,6,160,23,32.240000000000094,66.2,133.57,464.37,-0.21540913657376776,-1.0196666666666694,26.77,equatorial
13.55,25.65,27.73,24.51,89.84,3.48,2.75,4.17,0.71,0.72,2024-06-09,Kribi,2024,6,161,23,26.320000000000093,68.8,135.9,465.97999999999996,-0.2098234134716511,-1.3850000000000016,26.77,equatorial
15.13,25.91,28.24,24.47,88.21,2.45,1.81,2.68,0.71,0.71,2024-06-10,Kribi,2024,6,162,24,23.42000000000009,66.43,134.59,465.19,-0.21251682679776857,-1.0596666666666685,26.6,equatorial
17.67,26.22,28.63,24.78,89.94,8.17,2.47,4.77,0.71,0.73,2024-06-11,Kribi,2024,6,163,24,28.070000000000093,68.13,137.47,469.69,-0.1969593877645336,-0.6983333333333377,26.6,equatorial
19.67,27.33,30.72,24.96,82.35,0.86,1.54,4.72,0.71,0.71,2024-06-12,Kribi,2024,6,164,24,26.160000000000093,62.44,133.23000000000002,466.0,-0.20966223752610846,0.4049999999999976,27.33,equatorial
16.12,27.27,30.54,25.38,87.62,3.25,1.95,4.47,0.7,0.71,2024-06-13,Kribi,2024,6,165,24,22.680000000000092,60.06,133.43,468.09,-0.20241791889729752,0.3693333333333335,27.33,equatorial
10.95,25.69,26.36,25.08,94.23,26.83,2.39,2.58,0.73,0.79,2024-06-14,Kribi,2024,6,166,24,47.93000000000009,80.08,159.2,493.76,-0.11378688898283511,-1.1596666666666664,27.33,equatorial
15.24,26.33,28.56,24.92,90.32,0.28,2.53,3.01,0.74,0.73,2024-06-15,Kribi,2024,6,167,24,45.32000000000009,77.56,155.10999999999999,492.84,-0.11694607738282654,-0.46000000000000085,27.33,equatorial
9.36,25.93,27.29,24.88,88.32,0.26,2.34,2.31,0.73,0.72,2024-06-16,Kribi,2024,6,168,24,42.10000000000009,68.42,151.45999999999998,492.03,-0.11972547040182817,-0.7736666666666672,27.33,equatorial
19.57,26.42,28.99,24.9,81.44,0.06,1.28,3.52,0.72,0.72,2024-06-17,Kribi,2024,6,169,25,39.71000000000009,63.13,143.60999999999999,491.67,-0.12095099052109878,-0.26833333333333087,27.33,equatorial
17.83,26.68,29.82,24.73,86.12,0.13,1.86,3.97,0.71,0.71,2024-06-18,Kribi,2024,6,170,25,31.67000000000009,59.739999999999995,141.29,488.87,-0.13060306577276826,0.0173333333333332,27.33,equatorial
15.96,26.67,29.72,24.87,87.51,0.16,2.22,3.94,0.7,0.7,2024-06-19,Kribi,2024,6,171,25,30.97000000000009,57.13,136.76,478.77000000000004,-0.16546915860119082,0.013000000000001677,27.27,equatorial
14.08,25.85,27.67,24.9,93.13,10.13,2.01,2.25,0.71,0.74,2024-06-20,Kribi,2024,6,172,25,37.850000000000094,60.53,142.35,487.96000000000004,-0.13369796407347526,-0.7789999999999999,26.68,equatorial
11.14,25.8,27.27,24.92,93.69,14.78,1.9,2.5,0.73,0.77,2024-06-21,Kribi,2024,6,173,25,25.800000000000093,73.73,150.99,502.25,-0.08430661730845944,-0.8103333333333325,26.68,equatorial
12.05,26.15,29.04,24.7,89.86,4.19,2.41,4.07,0.73,0.74,2024-06-22,Kribi,2024,6,174,25,29.710000000000093,75.03,150.26000000000002,506.38,-0.07002319360625253,-0.4203333333333319,26.68,equatorial
13.66,26.08,28.69,24.41,90.46,3.24,2.19,3.52,0.73,0.73,2024-06-23,Kribi,2024,6,175,25,32.6900000000001,74.78999999999999,146.19,509.43,-0.059472274122687144,-0.4713333333333338,26.68,equatorial
14.85,25.78,27.54,24.86,91.2,5.72,2.26,2.93,0.73,0.74,2024-06-24,Kribi,2024,6,176,26,38.350000000000094,78.05999999999999,150.19,515.02,-0.040141897352023295,-0.7436666666666625,26.68,equatorial
8.42,25.53,27.72,24.31,91.29,10.1,2.25,3.76,0.74,0.76,2024-06-25,Kribi,2024,6,177,26,48.32000000000009,79.99,159.41,520.85,-0.019981855943860705,-0.9140000000000015,26.67,equatorial
9.59,25.46,27.6,24.23,91.17,5.22,2.22,3.17,0.74,0.75,2024-06-26,Kribi,2024,6,178,26,53.380000000000095,84.35,159.81,518.51,-0.028069492940028466,-0.9093333333333291,26.15,equatorial
10.77,26.11,29.09,24.18,87.5,3.66,2.12,4.37,0.73,0.74,2024-06-27,Kribi,2024,6,179,26,46.91000000000009,84.75999999999999,157.0,508.40999999999997,-0.06299108079968316,-0.19533333333333402,26.15,equatorial
15.0,26.28,29.22,24.52,89.56,8.36,2.15,4.14,0.74,0.75,2024-06-28,Kribi,2024,6,180,26,40.490000000000094,66.28999999999999,158.81,506.26,-0.07041768992958448,0.015000000000004121,26.28,equatorial
15.28,25.53,26.4,24.88,94.04,7.65,2.36,2.15,0.74,0.76,2024-06-29,Kribi,2024,6,181,26,43.95000000000009,73.66,160.82999999999998,503.84999999999997,-0.07874361415702061,-0.679000000000002,26.28,equatorial
12.68,25.19,26.79,24.19,92.18,10.56,2.43,3.15,0.75,0.77,2024-06-30,Kribi,2024,6,182,26,51.27000000000009,83.96,164.58,506.64,-0.06908027775848997,-0.9836666666666645,26.28,equatorial
10.31,25.73,28.5,23.75,88.58,4.78,2.19,4.37,0.75,0.75,2024-07-01,Kribi,2024,7,183,27,50.33000000000009,88.68,166.56,508.71,-0.06190814568944718,-0.4086666666666652,26.28,equatorial
8.31,25.5,27.37,24.5,91.91,4.86,2.37,3.0,0.75,0.75,2024-07-02,Kribi,2024,7,184,27,45.09000000000009,93.41,162.01999999999998,496.59000000000003,-0.10383997673555402,-0.6113333333333344,26.28,equatorial
15.69,25.8,28.73,24.04,87.77,1.91,2.53,4.52,0.74,0.74,2024-07-03,Kribi,2024,7,185,27,41.780000000000086,95.16,158.58,493.78999999999996,-0.1135155158583765,-0.2789999999999999,26.28,equatorial
9.28,25.03,26.56,24.13,93.3,18.05,2.37,2.42,0.74,0.77,2024-07-04,Kribi,2024,7,186,27,56.170000000000094,103.08000000000001,173.10999999999999,506.18,-0.07061167548986232,-0.9983333333333313,26.28,equatorial
10.05,25.07,27.34,23.76,91.76,29.08,2.47,4.18,0.79,0.83,2024-07-05,Kribi,2024,7,187,27,76.8900000000001,117.38,199.42000000000002,531.7,0.017747527896970965,-0.9096666666666664,25.8,equatorial
12.67,24.89,26.03,24.17,92.18,2.53,2.01,1.98,0.79,0.78,2024-07-06,Kribi,2024,7,188,27,71.77000000000008,115.72,195.22,533.23,0.023042524063153883,-1.0619999999999976,25.8,equatorial
12.48,25.47,28.1,24.1,89.68,4.16,2.69,4.31,0.78,0.77,2024-07-07,Kribi,2024,7,189,27,65.37000000000009,116.64,197.8,527.65,0.003715949570830198,-0.4443333333333328,25.8,equatorial
10.23,25.21,27.87,23.7,89.37,2.28,2.78,4.37,0.77,0.76,2024-07-08,Kribi,2024,7,190,28,62.87000000000009,113.2,197.19,517.92,-0.02998393424753853,-0.6753333333333345,25.8,equatorial
7.94,25.04,27.87,23.18,88.46,2.15,2.71,4.79,0.76,0.75,2024-07-09,Kribi,2024,7,191,28,60.16000000000009,105.25,195.86,518.23,-0.028905797789944353,-0.8250000000000028,25.8,equatorial
14.01,24.68,26.53,23.36,90.12,2.22,2.26,3.16,0.76,0.75,2024-07-10,Kribi,2024,7,192,28,60.47000000000009,102.25,195.63,502.06,-0.08492162236206122,-1.144000000000002,25.47,equatorial
11.55,25.33,28.08,23.71,88.04,1.5,2.77,4.63,0.76,0.74,2024-07-11,Kribi,2024,7,193,28,43.92000000000009,100.08999999999999,188.96,494.68,-0.11048048042171824,-0.4643333333333324,25.47,equatorial
13.51,25.15,27.81,23.71,89.24,1.15,2.39,3.48,0.75,0.74,2024-07-12,Kribi,2024,7,194,28,15.99000000000009,92.88,189.24999999999997,485.09999999999997,-0.1436630201448059,-0.571666666666669,25.47,equatorial
9.62,24.64,26.21,23.83,91.51,2.49,2.5,2.93,0.75,0.74,2024-07-13,Kribi,2024,7,195,28,15.950000000000092,87.72,188.48999999999998,477.77,-0.16904688842176352,-0.9940000000000033,25.47,equatorial
14.28,24.78,26.96,23.47,90.23,1.65,2.17,2.87,0.75,0.74,2024-07-14,Kribi,2024,7,196,28,13.440000000000092,78.81,163.31,462.85999999999996,-0.2207051506216777,-0.8236666666666643,25.33,equatorial
8.48,25.06,27.67,23.62,89.68,2.13,2.9,4.34,0.74,0.74,2024-07-15,Kribi,2024,7,197,29,13.290000000000093,76.16,165.16,442.67999999999995,-0.29063153092172495,-0.501333333333335,25.33,equatorial
12.97,25.38,28.28,23.45,88.77,2.75,2.54,4.65,0.74,0.74,2024-07-16,Kribi,2024,7,198,29,13.890000000000093,74.05,167.65,441.59999999999997,-0.2943309012106969,-0.16300000000000026,25.38,equatorial
12.77,25.02,27.2,23.83,91.0,4.56,2.81,3.98,0.74,0.75,2024-07-17,Kribi,2024,7,199,29,16.23000000000009,76.7,172.15,440.65,-0.29757931026512896,-0.47633333333333283,25.38,equatorial
10.37,25.06,27.62,23.73,90.69,5.72,2.99,4.51,0.74,0.75,2024-07-18,Kribi,2024,7,200,29,20.45000000000009,64.36999999999999,177.74,442.46,-0.2912555884630031,-0.3823333333333352,25.38,equatorial
10.29,24.79,27.11,23.53,91.06,7.54,2.95,4.21,0.75,0.76,2024-07-19,Kribi,2024,7,201,29,26.840000000000092,42.83,185.12,449.26,-0.26762396054570886,-0.5896666666666661,25.38,equatorial
12.39,24.94,27.83,23.16,88.22,0.96,2.98,4.51,0.74,0.74,2024-07-20,Kribi,2024,7,202,29,25.31000000000009,41.26,175.95,444.04,-0.28569128017244994,-0.40933333333333266,25.38,equatorial
13.84,24.83,27.78,22.85,86.22,0.45,2.3,4.15,0.74,0.73,2024-07-21,Kribi,2024,7,203,29,24.110000000000092,37.55,161.61999999999998,437.96,-0.30674148372992227,-0.4870000000000019,25.38,equatorial
16.07,25.15,28.12,23.27,85.61,0.19,1.64,3.21,0.73,0.73,2024-07-22,Kribi,2024,7,204,30,22.170000000000094,35.46,157.61999999999998,429.51,-0.33601418194867083,-0.1336666666666666,25.38,equatorial
11.87,25.18,28.16,23.25,87.79,0.34,2.28,3.85,0.73,0.72,2024-07-23,Kribi,2024,7,205,30,19.760000000000094,33.65,154.72,426.1,-0.34779448313156747,-0.07366666666666788,25.18,equatorial
9.74,25.36,28.44,23.4,88.69,1.12,2.55,4.54,0.72,0.72,2024-07-24,Kribi,2024,7,206,30,16.320000000000093,32.55,150.12,419.27,-0.3714439202516637,0.12033333333333118,25.36,equatorial
10.04,25.06,27.47,23.52,89.73,5.86,2.83,4.65,0.72,0.73,2024-07-25,Kribi,2024,7,207,30,16.460000000000093,36.91,145.88,423.21999999999997,-0.3576723012470527,-0.16399999999999793,25.36,equatorial
13.08,24.88,27.42,23.48,90.36,7.28,2.89,4.58,0.73,0.74,2024-07-26,Kribi,2024,7,208,30,16.20000000000009,43.04,147.94,429.98,-0.3341463889693433,-0.32466666666666555,25.36,equatorial
9.07,24.81,27.64,23.33,89.81,4.21,2.52,4.27,0.73,0.73,2024-07-27,Kribi,2024,7,209,30,19.45000000000009,44.76,148.48999999999998,431.93,-0.3273227065807759,-0.3513333333333364,25.36,equatorial
9.52,24.88,27.73,23.21,89.46,5.74,2.81,4.79,0.73,0.74,2024-07-28,Kribi,2024,7,210,30,24.740000000000094,48.85,145.87,435.45,-0.3150475664522709,-0.23466666666666924,25.36,equatorial
9.36,24.53,26.85,23.14,90.7,5.01,2.37,3.76,0.73,0.74,2024-07-29,Kribi,2024,7,211,31,29.56000000000009,51.73,143.23,438.89,-0.3030509625289074,-0.5513333333333286,25.36,equatorial
10.36,24.73,27.61,23.21,88.82,4.53,2.92,5.07,0.73,0.74,2024-07-30,Kribi,2024,7,212,31,33.75000000000009,53.51,137.2,438.86,-0.30310789241855857,-0.3359999999999985,25.36,equatorial
13.4,24.48,27.11,22.9,88.79,1.47,2.74,4.04,0.73,0.73,2024-07-31,Kribi,2024,7,213,31,34.100000000000094,50.42,133.89,434.8,-0.31716465052166853,-0.5443333333333342,25.06,equatorial
18.29,24.45,27.25,22.69,88.86,1.29,2.54,3.77,0.72,0.72,2024-08-01,Kribi,2024,8,214,31,29.530000000000094,45.99,130.32,429.22,-0.33650156592551395,-0.5393333333333317,24.88,equatorial
19.01,24.84,28.12,22.68,87.26,0.96,2.32,4.59,0.72,0.72,2024-08-02,Kribi,2024,8,215,31,23.210000000000093,39.410000000000004,129.36999999999998,427.15999999999997,-0.34360609037124756,-0.11733333333333462,24.88,equatorial
13.67,24.72,27.44,23.0,87.05,1.39,2.48,4.32,0.72,0.71,2024-08-03,Kribi,2024,8,216,31,20.390000000000093,39.84,112.71000000000001,425.48999999999995,-0.34935482959245706,-0.2270000000000003,24.88,equatorial
17.4,24.52,27.19,22.9,86.51,1.02,2.41,4.12,0.71,0.71,2024-08-04,Kribi,2024,8,217,31,15.670000000000092,40.41,84.64999999999999,425.38,-0.3496812227706279,-0.40866666666666873,24.84,equatorial
9.26,24.36,27.08,22.78,87.95,1.81,2.49,4.0,0.71,0.71,2024-08-05,Kribi,2024,8,218,32,12.470000000000093,42.03,83.93,412.46000000000004,-0.39453558593651294,-0.5510000000000019,24.84,equatorial
9.09,24.61,27.45,23.01,88.9,6.09,2.97,4.88,0.71,0.72,2024-08-06,Kribi,2024,8,219,32,14.030000000000094,47.78,85.86,415.76,-0.3829983452832195,-0.27233333333333576,24.84,equatorial
12.55,24.7,27.65,22.85,88.46,3.04,2.9,4.86,0.71,0.72,2024-08-07,Kribi,2024,8,220,32,15.600000000000092,49.7,86.61999999999999,417.38,-0.37730321849983084,-0.1653333333333329,24.84,equatorial
14.8,24.98,28.27,22.86,87.59,1.31,2.27,4.53,0.71,0.71,2024-08-08,Kribi,2024,8,221,32,15.620000000000093,45.150000000000006,85.78,417.54,-0.3766854287458471,0.11666666666666714,24.98,equatorial
11.98,24.88,27.78,23.01,88.65,5.27,2.27,4.31,0.71,0.72,2024-08-09,Kribi,2024,8,222,32,19.930000000000092,43.14,88.83,419.05,-0.37137278590205547,0.010000000000001563,24.98,equatorial
10.53,24.94,27.73,23.44,90.58,6.84,2.48,3.99,0.71,0.73,2024-08-10,Kribi,2024,8,223,32,25.38000000000009,45.769999999999996,94.17,420.59999999999997,-0.36592145384019764,0.08299999999999841,24.98,equatorial
10.12,24.82,27.43,23.49,90.8,8.91,2.55,4.13,0.72,0.74,2024-08-11,Kribi,2024,8,224,32,33.270000000000095,48.94,101.92999999999999,424.41,-0.35260892032213587,-0.0259999999999998,24.98,equatorial
9.16,24.42,26.39,23.46,92.51,10.1,2.87,3.38,0.73,0.75,2024-08-12,Kribi,2024,8,225,33,41.560000000000095,54.03,109.54,431.46000000000004,-0.3280251777948432,-0.4186666666666632,24.98,equatorial
10.77,24.76,27.68,23.21,89.94,8.78,2.62,4.38,0.74,0.75,2024-08-13,Kribi,2024,8,226,33,44.2500000000001,58.28,116.66999999999999,439.18,-0.3011115928648469,-0.0779999999999994,24.98,equatorial
13.55,25.0,27.88,23.25,88.49,1.73,2.08,4.07,0.73,0.73,2024-08-14,Kribi,2024,8,227,33,42.94000000000009,58.54,116.27,436.54,-0.31025201312526074,0.16399999999999793,25.0,equatorial
15.25,24.99,27.68,23.44,89.6,3.2,2.29,3.86,0.73,0.73,2024-08-15,Kribi,2024,8,228,33,44.8300000000001,60.45,116.72,435.83,-0.3126747397347536,0.16699999999999804,25.0,equatorial
12.84,25.06,27.59,23.59,89.64,3.88,2.45,3.79,0.72,0.73,2024-08-16,Kribi,2024,8,229,33,43.44000000000009,63.37,116.03999999999999,431.8,-0.32665380094991103,0.23566666666666336,25.06,equatorial
14.72,25.07,27.66,23.41,89.9,3.95,2.33,3.82,0.72,0.73,2024-08-17,Kribi,2024,8,230,33,40.5500000000001,65.92999999999999,114.27,433.3,-0.32138046885330346,0.24533333333333474,25.07,equatorial
11.18,25.05,27.46,23.66,89.8,3.32,2.27,3.73,0.72,0.73,2024-08-18,Kribi,2024,8,231,33,34.96000000000009,68.23,110.05,431.93,-0.3261000708512895,0.21666666666666856,25.07,equatorial
8.24,24.72,26.77,23.46,91.62,12.99,2.48,3.51,0.73,0.76,2024-08-19,Kribi,2024,8,232,34,37.850000000000094,79.41,122.08,440.38,-0.2966242572504505,-0.10600000000000165,25.07,equatorial
8.42,24.67,27.06,23.0,90.12,11.0,2.49,4.34,0.74,0.77,2024-08-20,Kribi,2024,8,233,34,40.07000000000009,84.32,132.63,445.24,-0.2796526531008723,-0.15066666666666606,25.07,equatorial
10.95,25.1,28.12,23.24,88.75,6.01,2.05,4.72,0.74,0.75,2024-08-21,Kribi,2024,8,234,34,44.350000000000094,87.29,138.45,446.33,-0.2758132271066337,0.28100000000000236,25.1,equatorial
10.54,24.85,27.3,23.52,90.53,6.62,2.63,4.22,0.74,0.75,2024-08-22,Kribi,2024,8,235,34,47.770000000000095,92.60000000000001,144.73,445.64,-0.2781747792115557,0.04200000000000159,25.1,equatorial
12.01,24.87,27.6,23.41,89.12,8.0,3.24,5.06,0.74,0.76,2024-08-23,Kribi,2024,8,236,34,51.8900000000001,95.33000000000001,151.60999999999999,451.91999999999996,-0.25625237644900223,0.07833333333333314,25.1,equatorial
19.0,24.8,27.7,22.97,87.27,0.36,1.7,3.41,0.74,0.73,2024-08-24,Kribi,2024,8,237,34,48.3000000000001,88.85000000000001,146.11,451.4,-0.2580255922747253,0.01699999999999946,25.1,equatorial
13.22,24.96,27.66,23.31,88.13,1.81,2.56,4.31,0.73,0.73,2024-08-25,Kribi,2024,8,238,34,46.79000000000009,81.74999999999999,140.64000000000001,448.39,-0.2684763658923085,0.17433333333333323,25.1,equatorial
13.78,24.94,27.49,23.47,89.57,4.07,2.91,4.61,0.73,0.73,2024-08-26,Kribi,2024,8,239,35,37.87000000000009,75.72,140.5,445.99,-0.2768006043411039,0.14999999999999858,25.1,equatorial
15.95,25.27,28.46,23.27,88.31,1.2,2.36,4.46,0.73,0.72,2024-08-27,Kribi,2024,8,240,35,28.070000000000093,68.14,135.95999999999998,440.64,-0.2954078306058969,0.46699999999999875,25.27,equatorial
14.43,25.08,27.24,23.53,89.68,1.19,2.32,3.38,0.72,0.72,2024-08-28,Kribi,2024,8,241,35,23.250000000000096,67.60000000000001,132.14,436.2,-0.3108415708441643,0.2586666666666666,25.27,equatorial
9.5,24.92,26.67,23.8,90.76,0.58,2.63,2.47,0.72,0.72,2024-08-29,Kribi,2024,8,242,35,17.210000000000093,64.98,128.19,429.97,-0.3325157197450341,0.09233333333333249,25.27,equatorial
8.12,25.2,27.72,23.77,89.06,0.97,2.29,3.57,0.72,0.71,2024-08-30,Kribi,2024,8,243,35,10.180000000000094,62.07,127.69,428.14,-0.33884495077612803,0.3483333333333327,25.27,equatorial
14.71,25.35,28.51,23.47,87.08,0.31,2.39,4.52,0.71,0.71,2024-08-31,Kribi,2024,8,244,35,10.130000000000093,58.43,126.71000000000001,419.05,-0.3704936781793838,0.4683333333333337,25.35,equatorial
16.86,25.35,28.36,23.54,87.71,0.2,2.02,3.72,0.71,0.7,2024-09-01,Kribi,2024,9,245,35,8.520000000000094,55.309999999999995,125.94999999999999,413.9,-0.38839719602878314,0.45133333333333425,25.35,equatorial
8.08,24.83,26.62,23.89,91.1,1.69,2.48,2.77,0.7,0.71,2024-09-02,Kribi,2024,9,246,36,6.140000000000094,44.01,126.25,412.07,-0.39471771458340915,-0.07233333333333292,25.35,equatorial
11.09,25.31,28.2,23.73,87.47,0.4,1.96,3.78,0.7,0.7,2024-09-03,Kribi,2024,9,247,36,5.340000000000094,33.410000000000004,125.63,409.7,-0.4029216485912846,0.3813333333333304,25.35,equatorial
14.93,25.04,27.17,23.78,88.96,1.25,1.65,2.62,0.7,0.7,2024-09-04,Kribi,2024,9,248,36,5.4000000000000945,28.65,125.07,404.22,-0.42197625096747743,0.08866666666666845,25.35,equatorial
14.69,25.54,28.42,23.76,89.51,3.41,2.08,4.17,0.7,0.71,2024-09-05,Kribi,2024,9,249,36,8.230000000000095,25.44,122.38999999999999,406.04999999999995,-0.41551999825678915,0.5576666666666661,25.54,equatorial
5.25,24.6,25.92,23.36,91.52,6.26,2.49,3.12,0.71,0.73,2024-09-06,Kribi,2024,9,250,36,13.520000000000095,23.700000000000003,125.61,409.41999999999996,-0.40368975677873603,-0.3789999999999978,25.54,equatorial
16.07,25.36,28.41,23.29,84.13,0.44,1.61,4.25,0.7,0.7,2024-09-07,Kribi,2024,9,251,36,13.650000000000095,23.78,124.74,406.38,-0.41423434409794574,0.3683333333333323,25.54,equatorial
14.32,25.6,28.98,23.32,87.24,2.61,1.93,5.04,0.7,0.7,2024-09-08,Kribi,2024,9,252,36,16.060000000000095,24.58,122.08,406.53999999999996,-0.4136072549029626,0.5843333333333334,25.6,equatorial
15.58,25.46,27.77,24.17,90.45,6.53,1.68,3.51,0.7,0.72,2024-09-09,Kribi,2024,9,253,37,20.900000000000095,27.04,121.77,404.90000000000003,-0.41926449457279724,0.4269999999999996,25.6,equatorial
14.04,25.84,28.89,24.2,90.08,10.49,2.53,5.11,0.71,0.74,2024-09-10,Kribi,2024,9,254,37,30.990000000000094,36.33,123.35,414.53,-0.3855701318523128,0.7729999999999997,25.84,equatorial
13.1,25.42,28.04,24.19,91.06,8.04,2.49,4.17,0.72,0.74,2024-09-11,Kribi,2024,9,255,37,37.78000000000009,43.18,121.28999999999999,419.32,-0.3687803788580547,0.3196666666666701,25.84,equatorial
12.18,25.23,27.45,24.01,90.97,5.52,2.05,3.8,0.72,0.73,2024-09-12,Kribi,2024,9,256,37,39.890000000000086,48.120000000000005,118.02999999999999,398.01,-0.44314665593185354,0.11400000000000077,25.84,equatorial
12.36,25.62,27.84,24.07,90.62,11.82,1.94,3.63,0.72,0.75,2024-09-13,Kribi,2024,9,257,37,45.45000000000009,58.97,128.12,409.55,-0.40276396355293115,0.4833333333333343,25.84,equatorial
12.98,25.78,29.4,24.02,88.86,5.9,2.34,4.9,0.73,0.75,2024-09-14,Kribi,2024,9,258,37,50.910000000000096,64.56,130.82,415.19,-0.38299553805084385,0.6170000000000009,25.84,equatorial
18.15,26.08,29.04,24.3,89.12,2.57,2.15,4.78,0.72,0.73,2024-09-15,Kribi,2024,9,259,37,50.8700000000001,66.92999999999999,129.51,417.7,-0.37416425290911465,0.8829999999999956,26.08,equatorial
10.89,25.96,28.23,24.66,89.79,2.43,2.4,3.92,0.72,0.72,2024-09-16,Kribi,2024,9,260,38,46.770000000000095,67.67,127.99,420.0,-0.3660674606317332,0.7333333333333343,26.08,equatorial
7.73,25.2,26.83,24.12,92.48,4.08,2.75,3.2,0.72,0.73,2024-09-17,Kribi,2024,9,261,38,40.36000000000009,71.35,128.75,423.91999999999996,-0.35230996092062355,-0.03166666666666984,26.08,equatorial
11.25,26.04,29.36,23.86,85.64,2.94,1.88,5.51,0.71,0.72,2024-09-18,Kribi,2024,9,262,38,35.26000000000009,73.03999999999999,118.7,416.72999999999996,-0.3773837336133573,0.7643333333333331,26.08,equatorial
12.35,25.48,28.21,23.94,89.21,6.97,1.89,4.29,0.71,0.73,2024-09-19,Kribi,2024,9,263,38,36.71000000000009,76.6,114.67,408.92,-0.4046225968917311,0.17733333333333334,26.08,equatorial
14.09,25.71,28.43,23.99,87.86,11.29,1.8,4.53,0.73,0.76,2024-09-20,Kribi,2024,9,264,38,36.18000000000009,81.63000000000001,119.94999999999999,416.02,-0.3797355950256408,0.38700000000000045,26.08,equatorial
16.67,25.9,28.91,24.01,87.74,1.6,2.05,4.78,0.72,0.72,2024-09-21,Kribi,2024,9,265,38,31.880000000000095,82.78999999999999,114.93,414.38,-0.38540838830959323,0.541999999999998,26.08,equatorial
16.01,25.9,28.72,24.2,90.32,8.39,2.15,4.63,0.72,0.74,2024-09-22,Kribi,2024,9,266,38,37.700000000000095,88.57,115.32000000000001,417.04999999999995,-0.3760098384703207,0.5076666666666654,26.04,equatorial
10.24,25.63,28.27,24.29,90.89,6.73,1.66,3.23,0.73,0.75,2024-09-23,Kribi,2024,9,267,39,42.00000000000009,88.77,121.69,413.68,-0.38773486838384336,0.2099999999999973,26.04,equatorial
11.17,25.5,28.07,23.12,80.69,1.73,1.29,4.53,0.72,0.72,2024-09-24,Kribi,2024,9,268,39,39.6500000000001,80.01,121.61,410.19,-0.3998786156620135,0.062000000000001165,26.04,equatorial
20.97,25.94,29.37,23.77,80.27,1.84,1.25,4.95,0.72,0.72,2024-09-25,Kribi,2024,9,269,39,38.55000000000009,73.80999999999999,119.38,408.37,-0.40617969422359124,0.4686666666666639,25.94,equatorial
15.37,25.91,29.03,23.92,87.08,2.6,2.23,5.04,0.71,0.72,2024-09-26,Kribi,2024,9,270,39,34.18000000000009,70.89,120.78,402.61,-0.42626370561861454,0.41733333333333533,25.94,equatorial
9.24,25.04,26.11,24.2,95.01,9.72,2.5,2.24,0.72,0.75,2024-09-27,Kribi,2024,9,271,39,32.61000000000009,68.79,129.31,404.68,-0.4189505215393653,-0.45133333333333425,25.94,equatorial
7.48,24.98,26.94,23.86,87.09,4.21,1.78,4.29,0.72,0.73,2024-09-28,Kribi,2024,9,272,39,35.2200000000001,67.1,132.94,398.33000000000004,-0.4411009135968616,-0.5133333333333319,25.94,equatorial
11.74,25.32,28.0,23.8,83.69,0.97,1.14,3.49,0.71,0.72,2024-09-29,Kribi,2024,9,273,39,27.800000000000097,65.50000000000001,132.94,394.52,-0.4543600834276841,-0.1773333333333369,25.94,equatorial
20.62,25.94,29.29,23.69,85.95,2.96,2.01,5.55,0.71,0.72,2024-09-30,Kribi,2024,9,274,40,24.030000000000094,66.03,135.59,392.61999999999995,-0.4609329298143001,0.4230000000000018,25.94,equatorial
10.03,26.14,29.19,24.24,86.89,5.09,2.34,5.72,0.71,0.72,2024-10-01,Kribi,2024,10,275,40,27.390000000000093,67.04,140.48,395.8,-0.4497235849998423,0.5966666666666676,26.14,equatorial
13.23,25.59,27.36,24.48,91.42,9.33,2.61,3.98,0.71,0.74,2024-10-02,Kribi,2024,10,276,40,34.880000000000095,73.43,148.12,387.08,-0.48017352272740405,0.021333333333330984,26.14,equatorial
6.37,25.32,26.88,24.43,94.0,13.62,2.77,3.16,0.72,0.76,2024-10-03,Kribi,2024,10,277,40,45.90000000000009,80.08,161.33999999999997,371.62,-0.5342158320748619,-0.24900000000000233,26.14,equatorial
9.42,24.6,25.49,23.96,94.89,14.46,2.52,2.36,0.75,0.78,2024-10-04,Kribi,2024,10,278,40,50.64000000000009,83.25,174.54999999999998,383.54999999999995,-0.4923487299821482,-0.9543333333333308,26.14,equatorial
13.0,25.27,27.72,23.6,89.05,6.53,1.65,3.62,0.75,0.76,2024-10-05,Kribi,2024,10,279,40,52.96000000000009,88.18,177.67,385.92,-0.4839638634649912,-0.2753333333333359,26.14,equatorial
15.53,25.61,28.22,24.06,88.79,1.92,2.17,4.14,0.74,0.74,2024-10-06,Kribi,2024,10,280,40,53.910000000000096,81.71000000000001,173.33,385.56,-0.48514090978739227,0.030999999999998806,26.14,equatorial
7.77,25.48,28.05,24.01,91.28,9.17,2.29,4.22,0.74,0.76,2024-10-07,Kribi,2024,10,281,41,60.12000000000009,84.15,182.06,392.58,-0.46046932604143587,-0.10300000000000153,26.14,equatorial
18.52,25.72,28.96,23.6,86.57,1.79,1.78,5.04,0.74,0.74,2024-10-08,Kribi,2024,10,282,41,56.8200000000001,84.21,181.23999999999998,392.15,-0.4618974027174268,0.13299999999999912,25.72,equatorial
18.12,25.29,27.04,23.96,90.24,2.45,1.68,2.69,0.73,0.73,2024-10-09,Kribi,2024,10,283,41,49.94000000000009,84.82000000000001,177.16,393.09999999999997,-0.45849078697767226,-0.29133333333333056,25.72,equatorial
17.86,26.27,29.44,24.22,86.04,0.82,1.79,4.29,0.73,0.73,2024-10-10,Kribi,2024,10,284,41,37.14000000000009,83.03999999999999,167.49,392.77,-0.459569325185141,0.6743333333333368,26.27,equatorial
16.94,26.39,29.16,24.92,87.85,2.21,2.0,4.19,0.72,0.73,2024-10-11,Kribi,2024,10,285,41,24.890000000000093,75.53,161.66,392.49,-0.46047256238675544,0.7620000000000005,26.39,equatorial
3.23,25.66,27.38,24.72,92.65,7.13,2.41,3.1,0.72,0.74,2024-10-12,Kribi,2024,10,286,41,25.490000000000094,78.45,163.27,397.97,-0.4411899547960449,0.01766666666666694,26.39,equatorial
7.31,25.32,26.29,24.58,89.84,12.48,1.5,2.75,0.74,0.77,2024-10-13,Kribi,2024,10,287,41,36.0500000000001,89.96000000000001,163.93,408.32,-0.40484046083010294,-0.31233333333333135,26.39,equatorial
24.25,25.78,28.62,23.94,80.3,1.68,1.56,5.41,0.74,0.74,2024-10-14,Kribi,2024,10,288,42,28.560000000000098,88.67999999999999,159.71,407.25,-0.4085252799609564,0.14766666666666595,26.39,equatorial
15.05,26.06,29.7,23.61,80.99,1.25,1.3,5.52,0.73,0.73,2024-10-15,Kribi,2024,10,289,42,28.0200000000001,84.83999999999999,158.39000000000001,403.94,-0.4200626214903986,0.42833333333333456,26.39,equatorial
15.48,26.26,29.57,24.11,84.42,3.26,1.93,5.35,0.72,0.73,2024-10-16,Kribi,2024,10,290,42,28.830000000000098,78.77,159.22,401.48,-0.4286186272441479,0.6183333333333358,26.39,equatorial
11.2,26.77,31.55,24.69,85.1,6.59,1.76,5.47,0.72,0.74,2024-10-17,Kribi,2024,10,291,42,34.600000000000094,71.74000000000001,161.73,400.53000000000003,-0.43187893253227455,1.0760000000000005,26.77,equatorial
17.17,26.4,29.47,24.47,86.77,3.09,2.08,5.38,0.72,0.73,2024-10-18,Kribi,2024,10,292,42,35.480000000000096,60.37,161.88,402.65999999999997,-0.4243376119179917,0.6939999999999955,26.77,equatorial
12.42,26.03,27.9,24.96,91.2,3.44,2.1,2.81,0.72,0.73,2024-10-19,Kribi,2024,10,293,42,31.790000000000095,57.279999999999994,158.35,405.65,-0.41378075483902665,0.3056666666666672,26.77,equatorial
13.18,25.95,28.02,24.64,90.14,3.37,2.33,3.69,0.72,0.73,2024-10-20,Kribi,2024,10,294,42,22.680000000000092,58.730000000000004,150.43,408.83,-0.4025584396103422,0.21766666666666978,26.77,equatorial
15.07,25.75,27.26,24.72,91.25,4.33,2.21,2.99,0.72,0.74,2024-10-21,Kribi,2024,10,295,43,25.330000000000094,53.89,153.16000000000003,412.82,-0.38849551254733383,0.0226666666666695,26.77,equatorial
15.33,26.38,28.92,24.81,87.46,5.03,1.58,3.62,0.72,0.74,2024-10-22,Kribi,2024,10,296,43,29.110000000000095,57.13,149.79999999999998,416.73,-0.37471445197182385,0.6366666666666667,26.77,equatorial
14.83,26.62,29.65,24.82,87.77,1.02,1.98,4.07,0.72,0.72,2024-10-23,Kribi,2024,10,297,43,26.870000000000097,55.699999999999996,144.09,411.89,-0.3916385607999772,0.8436666666666675,26.77,equatorial
3.78,25.86,26.53,25.43,95.08,15.94,2.19,2.14,0.73,0.77,2024-10-24,Kribi,2024,10,298,43,36.2200000000001,70.82,158.29999999999998,420.54999999999995,-0.3611836973134703,0.07166666666666544,26.62,equatorial
17.48,26.04,28.31,24.74,88.81,6.08,1.95,4.22,0.74,0.76,2024-10-25,Kribi,2024,10,299,43,39.21000000000009,74.69,162.54000000000002,422.42,-0.35456326343945554,0.2483333333333313,26.62,equatorial
19.85,26.46,29.2,24.46,85.91,0.49,1.48,3.72,0.74,0.73,2024-10-26,Kribi,2024,10,300,43,36.2600000000001,68.05,160.42999999999998,417.17,-0.3729368289595594,0.6500000000000021,26.62,equatorial
12.18,26.71,29.9,24.91,88.46,6.17,1.89,4.76,0.73,0.74,2024-10-27,Kribi,2024,10,301,43,39.0600000000001,61.739999999999995,156.88,418.33,-0.3688051867234974,0.8443333333333349,26.71,equatorial
18.74,26.65,29.54,25.22,90.48,6.8,2.05,3.32,0.74,0.76,2024-10-28,Kribi,2024,10,302,44,41.5300000000001,66.86,159.47,420.59999999999997,-0.3607764813352679,0.7286666666666655,26.71,equatorial
11.41,26.34,28.28,25.11,90.13,3.36,2.58,4.19,0.74,0.74,2024-10-29,Kribi,2024,10,303,44,39.8600000000001,68.97,161.86,422.49,-0.35408278007040134,0.3846666666666678,26.71,equatorial
22.23,25.64,27.36,24.81,91.54,14.42,2.01,3.27,0.74,0.77,2024-10-30,Kribi,2024,10,304,44,53.2600000000001,80.13000000000001,173.32,435.62,-0.3079140342289165,-0.30533333333333346,26.71,equatorial
18.06,24.94,26.39,24.08,91.4,13.49,1.93,2.79,0.77,0.79,2024-10-31,Kribi,2024,10,305,44,50.8100000000001,87.03,181.72,448.15,-0.26385501443304216,-0.9653333333333336,26.71,equatorial
10.96,26.62,30.84,23.85,82.79,1.69,1.26,7.19,0.76,0.75,2024-11-01,Kribi,2024,11,306,44,46.4200000000001,85.63,174.07999999999998,448.45,-0.2627618440053641,0.6803333333333335,26.71,equatorial
7.52,26.15,28.74,24.5,90.0,25.43,2.14,4.62,0.77,0.82,2024-11-02,Kribi,2024,11,307,44,71.3600000000001,107.62,185.89000000000001,472.85999999999996,-0.1769583028987964,0.1826666666666661,26.71,equatorial
9.07,25.61,27.37,24.48,91.82,20.59,1.9,2.88,0.79,0.82,2024-11-03,Kribi,2024,11,308,44,85.7800000000001,124.84,192.02,491.64,-0.11093977935280817,-0.3910000000000018,26.65,equatorial
12.15,26.29,29.16,24.56,88.97,3.27,2.0,4.06,0.79,0.78,2024-11-04,Kribi,2024,11,309,45,82.2500000000001,123.78,188.76000000000002,488.82,-0.12083507517295347,0.254999999999999,26.62,equatorial
14.97,25.91,27.66,24.82,90.68,3.85,1.62,2.48,0.79,0.78,2024-11-05,Kribi,2024,11,310,45,82.7400000000001,122.6,190.69,489.63,-0.11797089722800855,-0.13500000000000156,26.62,equatorial
14.53,25.7,27.36,24.81,92.27,2.57,2.01,2.28,0.78,0.77,2024-11-06,Kribi,2024,11,311,45,70.8900000000001,124.15,184.09,490.89,-0.11352478568180911,-0.35233333333333405,26.62,equatorial
7.5,26.23,28.23,24.94,90.65,1.9,1.57,2.29,0.78,0.77,2024-11-07,Kribi,2024,11,312,45,59.3000000000001,110.11000000000001,184.20000000000002,487.52,-0.12535757158429206,0.16066666666666407,26.62,equatorial
14.74,26.83,29.62,25.35,87.82,1.35,1.66,3.24,0.77,0.76,2024-11-08,Kribi,2024,11,313,45,58.9600000000001,105.38,183.1,482.03000000000003,-0.14464507581988942,0.7093333333333298,26.83,equatorial
9.28,26.31,28.44,25.08,90.94,3.62,2.58,3.61,0.77,0.76,2024-11-09,Kribi,2024,11,314,45,37.1500000000001,108.51,185.9,476.74,-0.16322896443953938,0.18799999999999528,26.83,equatorial
20.17,25.77,28.46,24.04,84.91,1.65,2.11,4.34,0.77,0.76,2024-11-10,Kribi,2024,11,315,45,18.210000000000097,103.99,185.34,468.28999999999996,-0.19292741238300343,-0.33133333333333326,26.83,equatorial
22.32,27.3,31.3,24.18,80.29,0.27,1.52,5.08,0.76,0.75,2024-11-11,Kribi,2024,11,316,46,15.210000000000097,97.46,178.48,459.78,-0.22283625503565538,1.144000000000002,27.3,equatorial
19.85,27.6,31.82,24.85,83.28,1.52,1.56,5.4,0.75,0.74,2024-11-12,Kribi,2024,11,317,46,12.880000000000095,95.62,167.52,459.57,-0.22354264770293814,1.3679999999999986,27.6,equatorial
10.17,27.14,30.05,25.48,88.63,2.24,1.45,3.02,0.75,0.75,2024-11-13,Kribi,2024,11,318,46,12.550000000000097,83.44,168.08,458.61,-0.22688808344531797,0.8626666666666694,27.6,equatorial
9.94,27.38,31.03,25.63,87.78,3.95,1.8,4.26,0.75,0.75,2024-11-14,Kribi,2024,11,319,46,14.600000000000097,73.9,170.78,458.68,-0.2266086668442805,1.0586666666666673,27.6,equatorial
10.45,25.34,25.87,24.61,92.72,6.06,2.41,2.46,0.75,0.76,2024-11-15,Kribi,2024,11,320,46,19.310000000000095,78.27000000000001,173.58,460.79,-0.21914916355983277,-0.9506666666666668,27.6,equatorial
18.34,27.07,30.92,24.55,81.21,0.98,1.37,5.09,0.75,0.74,2024-11-16,Kribi,2024,11,321,46,16.670000000000094,53.82,167.97,458.45,-0.22735443455190107,0.7693333333333321,27.6,equatorial
21.28,26.86,29.93,24.69,85.37,0.62,2.08,4.49,0.74,0.73,2024-11-17,Kribi,2024,11,322,46,15.640000000000096,33.85,165.5,446.08,-0.2708707681442301,0.544000000000004,27.6,equatorial
19.35,26.15,28.86,24.8,88.28,0.89,2.14,3.15,0.74,0.73,2024-11-18,Kribi,2024,11,323,47,16.260000000000094,31.47,162.95000000000002,435.97,-0.30642773045441063,-0.1700000000000017,27.6,equatorial
18.19,26.43,29.76,24.65,87.61,2.43,1.86,3.88,0.74,0.74,2024-11-19,Kribi,2024,11,324,47,17.170000000000094,30.049999999999997,162.01,432.39000000000004,-0.3189879825520516,0.09399999999999764,27.38,equatorial
17.02,26.82,30.04,25.05,86.43,0.72,2.01,3.63,0.73,0.73,2024-11-20,Kribi,2024,11,325,47,15.650000000000096,28.2,158.4,426.49,-0.3397181703810902,0.4483333333333306,27.38,equatorial
11.9,26.33,28.26,24.78,89.8,2.01,2.07,2.39,0.73,0.73,2024-11-21,Kribi,2024,11,326,47,13.710000000000093,28.31,155.38000000000002,420.5,-0.36076399570608536,-0.0400000000000027,27.07,equatorial
18.33,25.94,28.56,24.12,87.33,5.74,2.4,4.35,0.74,0.75,2024-11-22,Kribi,2024,11,327,47,13.390000000000096,32.699999999999996,160.1,425.88,-0.34175563467664777,-0.40733333333333377,27.07,equatorial
18.08,26.91,30.35,24.75,81.75,2.15,1.82,4.96,0.73,0.73,2024-11-23,Kribi,2024,11,328,47,14.560000000000095,31.23,146.31,426.21999999999997,-0.34050499621248054,0.527666666666665,26.91,equatorial
20.36,26.79,30.24,24.79,84.45,2.26,1.75,4.12,0.73,0.73,2024-11-24,Kribi,2024,11,329,47,16.200000000000095,31.84,142.48999999999998,424.41,-0.34683006953267026,0.38266666666666893,26.91,equatorial
12.73,26.61,29.83,24.5,85.96,2.83,2.46,4.67,0.73,0.73,2024-11-25,Kribi,2024,11,330,48,18.140000000000096,34.4,144.83,426.04,-0.3410322991053776,0.19766666666666666,26.91,equatorial
17.31,26.62,29.7,24.58,85.86,3.69,2.24,4.58,0.72,0.73,2024-11-26,Kribi,2024,11,331,48,19.400000000000095,36.56999999999999,142.35,428.54,-0.332168681343984,0.21066666666666833,26.91,equatorial
18.06,26.39,28.95,24.82,84.94,0.56,2.21,3.72,0.72,0.72,2024-11-27,Kribi,2024,11,332,48,19.240000000000098,34.89,136.11,428.52,-0.33218823125344055,-0.010666666666665492,26.91,equatorial
20.69,26.99,31.06,24.13,80.55,0.16,1.77,4.49,0.72,0.71,2024-11-28,Kribi,2024,11,333,48,17.390000000000096,31.099999999999998,132.91,427.71,-0.33499276874600376,0.5676666666666677,26.99,equatorial
17.1,27.1,30.47,25.38,82.76,0.53,1.68,3.94,0.71,0.71,2024-11-29,Kribi,2024,11,334,48,12.180000000000097,25.57,119.02,427.93,-0.33416567402432434,0.6290000000000013,27.1,equatorial
18.94,27.63,31.7,25.34,81.26,0.25,1.61,4.39,0.71,0.7,2024-11-30,Kribi,2024,11,335,48,10.280000000000097,24.84,105.78,427.98,-0.3339380947313477,1.0693333333333328,27.63,equatorial
18.6,27.49,30.94,25.76,83.11,0.38,1.59,3.67,0.7,0.7,2024-12-01,Kribi,2024,12,336,48,8.400000000000096,24.599999999999998,104.47000000000001,426.67,-0.33850668832787345,0.9003333333333323,27.63,equatorial
15.25,27.38,30.58,25.67,84.38,1.92,1.9,3.94,0.7,0.7,2024-12-02,Kribi,2024,12,337,49,7.490000000000096,25.630000000000003,80.96,428.19,-0.3330935961882344,0.7493333333333325,27.63,equatorial
15.59,26.54,29.13,24.95,87.53,4.98,2.56,3.91,0.7,0.72,2024-12-03,Kribi,2024,12,338,49,8.780000000000097,28.18,65.35,431.91999999999996,-0.31988518993855836,-0.12166666666666615,27.63,equatorial
15.6,25.61,27.44,24.43,87.42,2.7,2.6,3.15,0.7,0.72,2024-12-04,Kribi,2024,12,339,49,10.920000000000096,30.16,64.78,431.21000000000004,-0.32234137566585663,-1.029,27.63,equatorial
19.05,26.53,30.02,23.93,80.94,1.52,1.59,3.84,0.7,0.71,2024-12-05,Kribi,2024,12,340,49,12.280000000000095,29.67,62.449999999999996,426.47,-0.3390165459888334,-0.12966666666666526,27.63,equatorial
15.7,26.28,28.56,24.71,86.85,2.21,2.33,3.64,0.7,0.71,2024-12-06,Kribi,2024,12,341,49,13.960000000000097,26.14,62.089999999999996,428.24,-0.3327185908454008,-0.39899999999999736,27.63,equatorial
17.63,26.64,29.7,24.96,83.49,0.39,1.62,3.13,0.7,0.7,2024-12-07,Kribi,2024,12,342,49,14.100000000000096,24.38,60.58,426.02000000000004,-0.3405024483277602,-0.05266666666666353,27.49,equatorial
16.47,26.85,29.84,25.22,84.51,0.56,1.6,2.93,0.69,0.7,2024-12-08,Kribi,2024,12,343,49,14.280000000000095,22.68,59.79,420.04999999999995,-0.36152176569589783,0.1566666666666663,27.38,equatorial
17.72,27.17,30.66,25.25,84.34,0.51,1.76,3.38,0.69,0.7,2024-12-09,Kribi,2024,12,344,50,12.870000000000095,20.36,56.68,410.07,-0.3966947077914648,0.44800000000000395,27.17,equatorial
17.92,27.47,31.24,25.22,82.55,0.54,1.9,4.28,0.69,0.69,2024-12-10,Kribi,2024,12,345,50,8.430000000000096,17.21,55.57,402.57,-0.42310918861101343,0.6913333333333327,27.47,equatorial
15.82,27.48,30.86,25.56,84.21,0.61,2.11,3.75,0.68,0.69,2024-12-11,Kribi,2024,12,346,50,6.340000000000096,17.26,55.91,397.66,-0.4403764246310049,0.6953333333333305,27.48,equatorial
18.49,27.04,30.98,24.56,84.3,0.21,2.13,4.04,0.68,0.68,2024-12-12,Kribi,2024,12,347,50,5.030000000000096,17.310000000000002,54.6,386.04999999999995,-0.48129997228472005,0.27399999999999736,27.48,equatorial
20.94,27.67,31.76,25.22,81.74,0.13,1.64,4.2,0.67,0.68,2024-12-13,Kribi,2024,12,348,50,2.950000000000096,16.91,52.49,380.28,-0.5015947077954874,0.8863333333333365,27.67,equatorial
13.44,27.74,31.57,25.54,81.82,0.26,1.74,4.15,0.67,0.67,2024-12-14,Kribi,2024,12,349,50,2.8200000000000958,16.919999999999998,48.8,377.97,-0.509666751249022,0.9443333333333328,27.74,equatorial
16.02,27.17,30.47,25.5,85.63,0.21,1.92,3.07,0.67,0.67,2024-12-15,Kribi,2024,12,350,50,2.4700000000000957,16.75,42.949999999999996,375.75,-0.5174197723959758,0.3133333333333326,27.74,equatorial
10.94,27.12,30.06,25.43,84.86,0.28,1.9,2.9,0.67,0.67,2024-12-16,Kribi,2024,12,351,51,2.240000000000096,15.110000000000001,42.25,371.95,-0.5307529291426256,0.2616666666666667,27.74,equatorial
13.26,27.06,30.15,25.3,85.53,0.28,2.07,3.14,0.66,0.67,2024-12-17,Kribi,2024,12,352,51,1.980000000000096,10.41,41.910000000000004,369.29,-0.5400566628924709,0.19499999999999673,27.74,equatorial
18.16,27.31,30.81,25.38,83.29,0.36,2.2,3.87,0.66,0.67,2024-12-18,Kribi,2024,12,353,51,1.730000000000096,8.07,41.38,362.68,-0.5633146224335668,0.4063333333333361,27.74,equatorial
14.96,26.56,29.94,24.06,84.37,0.49,2.21,3.52,0.66,0.66,2024-12-19,Kribi,2024,12,354,51,2.0100000000000957,7.040000000000001,39.440000000000005,351.88000000000005,-0.6013732056756064,-0.34800000000000253,27.74,equatorial
11.34,25.28,26.3,24.37,87.98,0.67,1.66,1.52,0.66,0.67,2024-12-20,Kribi,2024,12,355,51,2.5500000000000957,5.5,39.39,350.95,-0.6045470981077525,-1.5766666666666644,27.74,equatorial
18.03,27.08,31.14,24.69,82.13,0.25,1.64,3.56,0.66,0.66,2024-12-21,Kribi,2024,12,356,51,2.540000000000096,5.36,37.629999999999995,342.81,-0.6332000184367305,0.19833333333333059,27.31,equatorial
18.11,27.4,31.37,24.76,82.12,0.04,1.87,3.68,0.65,0.66,2024-12-22,Kribi,2024,12,357,51,2.370000000000096,4.840000000000001,31.93,336.12,-0.6567219455873777,0.4696666666666651,27.4,equatorial
16.08,27.3,30.23,25.56,83.66,0.06,2.42,3.23,0.65,0.65,2024-12-23,Kribi,2024,12,358,52,2.150000000000096,4.39,29.84,334.45,-0.6624955111966606,0.35666666666666913,27.4,equatorial
18.58,27.0,30.78,24.82,83.77,0.04,2.22,3.55,0.65,0.65,2024-12-24,Kribi,2024,12,359,52,1.910000000000096,3.89,27.619999999999997,332.65000000000003,-0.668727231646671,0.04966666666666697,27.4,equatorial
18.73,27.59,31.26,25.17,82.13,0.06,1.89,3.62,0.64,0.65,2024-12-25,Kribi,2024,12,360,52,1.610000000000096,3.3400000000000003,24.85,330.10999999999996,-0.6775733086489442,0.6069999999999993,27.59,equatorial
10.92,26.63,28.28,25.64,89.67,0.14,2.15,1.53,0.64,0.65,2024-12-26,Kribi,2024,12,361,52,1.260000000000096,3.27,21.3,320.53000000000003,-0.7113046306052132,-0.3533333333333353,27.59,equatorial
17.79,27.19,30.56,25.02,84.13,0.66,1.87,3.07,0.64,0.65,2024-12-27,Kribi,2024,12,362,52,1.250000000000096,3.8,21.400000000000002,316.97999999999996,-0.7237083633903555,0.17999999999999972,27.59,equatorial
18.72,27.07,29.5,25.74,87.17,0.81,1.98,2.38,0.64,0.65,2024-12-28,Kribi,2024,12,363,52,1.810000000000096,4.3500000000000005,22.05,316.82,-0.7241230109999883,0.05733333333333235,27.59,equatorial
17.57,26.43,28.24,25.19,88.34,0.66,2.04,1.7,0.64,0.65,2024-12-29,Kribi,2024,12,364,52,2.430000000000096,4.800000000000001,22.18,314.52000000000004,-0.732104179579107,-0.560333333333336,27.59,equatorial
16.94,27.37,31.55,24.86,83.07,0.9,1.98,3.78,0.64,0.65,2024-12-30,Kribi,2024,12,365,1,3.270000000000096,5.42,22.83,310.33,-0.7467660437599151,0.38833333333333186,27.59,equatorial
17.49,27.39,31.2,25.1,83.64,0.87,1.95,3.57,0.64,0.65,2024-12-31,Kribi,2024,12,366,1,4.100000000000096,6.01,23.32,301.87,-0.7765227367773394,0.4116666666666653,27.59,equatorial
20.26,27.64,31.45,25.38,82.71,0.14,1.99,3.66,0.63,0.64,2025-01-01,Kribi,2025,1,1,1,4.1800000000000965,5.790000000000001,21.54,288.39,-0.8240212345216823,0.6529999999999987,27.64,equatorial
19.22,27.98,31.92,25.81,80.22,0.15,1.73,3.99,0.63,0.64,2025-01-02,Kribi,2025,1,2,1,4.190000000000095,5.45,16.71,274.08000000000004,-0.874436442427785,0.9449999999999967,27.98,equatorial
19.1,27.71,31.39,25.39,83.34,0.12,2.11,3.58,0.63,0.63,2025-01-03,Kribi,2025,1,3,1,3.6500000000000963,4.9,14.129999999999999,267.67,-0.8968932650176775,0.6050000000000004,27.98,equatorial
17.97,27.55,31.09,25.61,83.6,0.14,2.28,3.52,0.62,0.63,2025-01-04,Kribi,2025,1,4,1,2.980000000000096,4.79,12.75,265.89,-0.9029667804537431,0.4109999999999978,27.98,equatorial
16.9,27.5,30.51,25.58,81.96,0.22,2.19,3.31,0.62,0.63,2025-01-05,Kribi,2025,1,5,1,2.540000000000096,4.970000000000001,10.760000000000002,256.94,-0.9343937180088704,0.320333333333334,27.98,equatorial
15.47,27.63,31.04,25.54,82.86,0.05,2.29,3.28,0.62,0.62,2025-01-06,Kribi,2025,1,6,2,1.690000000000096,4.96,10.42,255.20000000000002,-0.9403079768440471,0.4173333333333318,27.98,equatorial
19.39,27.11,30.3,25.15,83.34,0.01,2.23,3.11,0.61,0.62,2025-01-07,Kribi,2025,1,7,2,0.8300000000000961,4.930000000000001,9.87,252.76000000000002,-0.9486949564462879,-0.1113333333333344,27.98,equatorial
18.89,27.84,32.19,24.7,78.05,0.0,1.81,3.64,0.61,0.62,2025-01-08,Kribi,2025,1,8,2,0.6900000000000961,4.87,9.36,251.94,-0.9513487392749049,0.5963333333333338,27.98,equatorial
14.6,27.06,29.68,25.68,83.39,0.06,2.33,2.73,0.61,0.62,2025-01-09,Kribi,2025,1,9,2,0.600000000000096,4.790000000000001,8.88,249.79000000000002,-0.958704864524303,-0.1700000000000017,27.84,equatorial
17.61,27.27,30.54,25.41,80.15,0.0,1.95,3.02,0.61,0.61,2025-01-10,Kribi,2025,1,10,2,0.480000000000096,4.130000000000001,8.27,242.66,-0.9836692108296853,0.0470000000000006,27.84,equatorial
17.91,27.68,32.28,24.93,79.37,0.05,1.96,3.75,0.61,0.61,2025-01-11,Kribi,2025,1,11,2,0.390000000000096,3.3699999999999997,8.110000000000001,230.23,-1.027363162857241,0.4356666666666662,27.84,equatorial
16.92,27.09,30.39,25.16,83.82,0.13,2.21,2.84,0.6,0.61,2025-01-12,Kribi,2025,1,12,2,0.3000000000000961,2.8400000000000003,8.110000000000001,228.68,-1.0325564513416152,-0.13500000000000156,27.84,equatorial
18.54,27.45,31.23,25.41,79.31,0.08,2.0,3.46,0.6,0.61,2025-01-13,Kribi,2025,1,13,3,0.33000000000009605,2.02,7.93,227.51,-1.0364029913313588,0.2346666666666657,27.84,equatorial
16.29,27.65,31.35,25.52,80.31,0.11,1.95,3.31,0.6,0.6,2025-01-14,Kribi,2025,1,14,3,0.4300000000000961,1.26,7.83,224.36,-1.0472491034211393,0.41866666666666674,27.84,equatorial
15.39,27.22,30.08,25.77,83.25,0.1,2.08,2.51,0.6,0.6,2025-01-15,Kribi,2025,1,15,3,0.5300000000000961,1.22,7.65,217.87,-1.069899436118421,-0.014666666666666828,27.68,equatorial
17.81,26.7,29.09,25.44,87.32,1.73,2.12,2.02,0.6,0.62,2025-01-16,Kribi,2025,1,16,3,2.200000000000096,2.8,9.1,216.51,-1.074395793367363,-0.522666666666666,27.68,equatorial
17.44,26.88,30.03,25.27,85.73,2.02,2.38,2.81,0.6,0.62,2025-01-17,Kribi,2025,1,17,3,4.220000000000097,4.7,10.760000000000002,215.09,-1.0791015483200812,-0.32833333333333314,27.68,equatorial
14.82,26.62,29.24,24.9,89.12,6.47,2.78,2.71,0.6,0.64,2025-01-18,Kribi,2025,1,18,3,10.640000000000096,11.030000000000001,16.740000000000002,218.19,-1.0678222393717829,-0.59033333333333,27.65,equatorial
9.41,25.71,26.78,24.85,91.22,40.04,2.8,3.07,0.65,0.78,2025-01-19,Kribi,2025,1,19,3,50.5500000000001,50.85,56.11,253.9,-0.9412398491783965,-1.5146666666666668,27.65,equatorial
13.7,25.82,27.76,24.66,88.59,6.29,2.91,3.18,0.68,0.71,2025-01-20,Kribi,2025,1,20,4,56.7600000000001,57.09,62.15,255.16,-0.9365425482767334,-1.3626666666666658,27.65,equatorial
17.99,26.24,28.81,24.41,85.77,0.34,2.17,2.77,0.67,0.67,2025-01-21,Kribi,2025,1,21,4,56.9900000000001,57.42,62.45,254.48,-0.9387080310507003,-0.9040000000000035,27.22,equatorial
11.73,26.4,29.2,25.04,87.36,0.89,2.32,2.76,0.66,0.66,2025-01-22,Kribi,2025,1,22,4,57.7800000000001,58.31,63.28,239.43,-0.9916891990456024,-0.7140000000000022,26.88,equatorial
15.11,25.81,28.42,23.94,87.34,0.27,2.25,2.49,0.65,0.66,2025-01-23,Kribi,2025,1,23,4,56.3200000000001,58.52,63.51,233.62,-1.0119670723567213,-1.2643333333333366,26.88,equatorial
20.19,26.28,29.34,24.51,85.44,0.2,2.34,2.9,0.64,0.65,2025-01-24,Kribi,2025,1,24,4,54.5000000000001,58.720000000000006,63.650000000000006,233.33,-1.0127140707833324,-0.7506666666666639,26.62,equatorial
19.15,26.83,30.31,24.56,84.52,0.19,2.36,3.36,0.64,0.64,2025-01-25,Kribi,2025,1,25,4,48.2200000000001,58.86,63.7,227.35,-1.0335812659230172,-0.20733333333333448,26.83,equatorial
19.61,26.89,29.83,25.2,85.52,0.55,2.57,3.29,0.63,0.64,2025-01-26,Kribi,2025,1,26,4,8.7300000000001,59.28,63.589999999999996,221.1,-1.0553909497147613,-0.13733333333333064,26.89,equatorial
17.6,27.35,30.58,25.54,81.47,0.38,2.31,3.8,0.63,0.64,2025-01-27,Kribi,2025,1,27,5,2.8200000000000998,59.58,63.16,218.12,-1.0656249343497486,0.3133333333333326,27.35,equatorial
20.89,27.12,30.32,25.27,83.33,0.21,2.29,3.44,0.62,0.63,2025-01-28,Kribi,2025,1,28,5,2.6900000000001,59.68,62.71,203.91,-1.1155591138613854,0.060333333333336014,27.35,equatorial
20.61,27.48,31.19,25.28,80.49,0.25,2.12,3.88,0.62,0.62,2025-01-29,Kribi,2025,1,29,5,2.0500000000000997,59.830000000000005,62.06,190.67,-1.1620291115649284,0.41666666666666785,27.48,equatorial
20.02,27.44,31.17,25.11,80.55,0.23,1.98,3.78,0.61,0.62,2025-01-30,Kribi,2025,1,30,5,2.0100000000000997,58.33,61.419999999999995,189.21,-1.1668198522376239,0.37500000000000355,27.48,equatorial
15.11,27.77,31.79,25.24,80.6,0.26,1.92,3.91,0.61,0.61,2025-01-31,Kribi,2025,1,31,5,2.0700000000000998,56.57000000000001,61.540000000000006,164.04,-1.2554195985463064,0.7006666666666703,27.77,equatorial
18.09,27.51,30.68,25.7,84.5,0.42,2.28,3.16,0.61,0.61,2025-02-01,Kribi,2025,2,32,5,2.3000000000000997,50.519999999999996,61.809999999999995,143.86999999999998,-1.3262686267009491,0.45633333333333326,27.77,equatorial
17.54,27.33,30.57,25.54,81.27,0.54,2.27,3.55,0.6,0.61,2025-02-02,Kribi,2025,2,33,5,2.2900000000000995,11.02,62.230000000000004,141.14000000000001,-1.3354197360156108,0.2889999999999979,27.77,equatorial
18.24,27.03,30.0,25.22,84.04,0.99,1.99,2.92,0.6,0.61,2025-02-03,Kribi,2025,2,34,6,2.9000000000000994,5.72,63.08,138.28,-1.3450213704909901,0.006333333333337521,27.77,equatorial
15.76,27.42,30.71,25.51,84.5,0.47,2.55,3.2,0.6,0.61,2025-02-04,Kribi,2025,2,35,6,3.1600000000000996,5.8500000000000005,63.33,136.17999999999998,-1.3519285486033243,0.3990000000000009,27.77,equatorial
15.34,27.27,29.78,25.88,85.41,0.03,2.72,2.75,0.6,0.6,2025-02-05,Kribi,2025,2,36,6,2.9400000000000994,4.99,63.309999999999995,134.30999999999997,-1.3580164466264981,0.26099999999999923,27.77,equatorial
13.91,27.22,30.07,25.73,85.28,0.01,2.68,2.89,0.6,0.6,2025-02-06,Kribi,2025,2,37,6,2.7200000000000997,4.73,63.31,132.97,-1.3622262832837482,0.20733333333333093,27.77,equatorial
17.79,27.48,30.59,25.13,84.02,0.01,2.29,2.98,0.59,0.6,2025-02-07,Kribi,2025,2,38,6,2.4700000000000992,4.54,63.32,129.35999999999999,-1.3744489298402112,0.4793333333333294,27.51,equatorial
17.74,27.68,30.32,26.21,86.33,0.01,2.16,2.13,0.59,0.6,2025-02-08,Kribi,2025,2,39,6,2.0600000000000995,4.36,63.269999999999996,127.72,-1.3797025387320634,0.6586666666666652,27.68,equatorial
8.24,26.75,28.07,25.65,89.21,0.01,2.49,1.37,0.59,0.6,2025-02-09,Kribi,2025,2,40,6,1.5300000000000995,3.8200000000000003,63.279999999999994,127.46,-1.3800782895887107,-0.25400000000000134,27.68,equatorial
19.67,27.48,30.71,25.29,82.44,0.13,2.01,2.89,0.59,0.6,2025-02-10,Kribi,2025,2,41,7,0.6700000000000996,3.5700000000000003,63.36,126.07000000000001,-1.3844430507342393,0.4826666666666668,27.68,equatorial
14.29,27.43,30.4,25.56,85.05,0.2,2.38,2.73,0.59,0.59,2025-02-11,Kribi,2025,2,42,7,0.4000000000000996,3.5599999999999996,63.43,124.02999999999999,-1.3910977882275717,0.4213333333333331,27.68,equatorial
15.78,27.52,30.42,25.8,85.14,0.09,2.07,2.32,0.59,0.59,2025-02-12,Kribi,2025,2,43,7,0.46000000000009955,3.4,63.44,120.17,-1.4041691390515885,0.5090000000000003,27.68,equatorial
17.71,27.6,30.92,25.53,83.81,0.11,2.5,3.13,0.58,0.59,2025-02-13,Kribi,2025,2,44,7,0.5600000000000996,3.28,63.44,114.22,-1.4246018575577895,0.5906666666666673,27.68,equatorial
20.3,27.79,31.34,25.36,81.77,0.08,2.2,3.27,0.58,0.58,2025-02-14,Kribi,2025,2,45,7,0.6300000000000996,3.1,63.419999999999995,113.32,-1.4271939920098156,0.7616666666666667,27.79,equatorial
15.4,27.48,29.98,26.09,84.46,0.8,2.23,2.59,0.58,0.59,2025-02-15,Kribi,2025,2,46,7,1.4200000000000996,3.4800000000000004,62.49,113.49999999999999,-1.4259732616005691,0.4256666666666682,27.79,equatorial
15.56,27.01,30.25,24.99,84.2,0.8,2.28,2.74,0.58,0.59,2025-02-16,Kribi,2025,2,47,7,2.2100000000000994,3.74,61.269999999999996,113.41,-1.425706339159993,-0.0486666666666693,27.79,equatorial
17.84,27.3,30.19,25.08,83.63,0.76,2.44,3.05,0.58,0.59,2025-02-17,Kribi,2025,2,48,8,2.8400000000001,3.51,55.56,111.74,-1.431012237404582,0.2186666666666639,27.79,equatorial
17.02,27.12,30.31,24.74,84.05,0.73,2.48,2.91,0.58,0.58,2025-02-18,Kribi,2025,2,49,8,3.3700000000000996,3.7700000000000005,16.25,111.75,-1.4303880591821472,-0.00833333333333286,27.79,equatorial
17.39,26.62,29.02,24.92,84.99,1.23,2.35,2.62,0.58,0.59,2025-02-19,Kribi,2025,2,50,8,4.510000000000099,4.97,11.190000000000001,110.97,-1.4325500750944693,-0.5349999999999966,27.79,equatorial
14.78,27.04,30.35,25.04,84.15,1.57,2.31,3.09,0.58,0.59,2025-02-20,Kribi,2025,2,51,8,5.970000000000099,6.53,12.42,106.8,-1.4466606001886768,-0.14166666666666572,27.79,equatorial
17.31,27.15,30.2,25.23,84.88,1.41,1.91,2.7,0.58,0.59,2025-02-21,Kribi,2025,2,52,8,7.300000000000099,7.930000000000001,12.940000000000001,106.05999999999999,-1.448665273769311,-0.05666666666666487,27.48,equatorial
15.92,25.69,27.1,24.62,86.63,2.39,2.62,2.3,0.58,0.6,2025-02-22,Kribi,2025,2,53,8,8.8900000000001,10.309999999999999,15.060000000000002,106.19,-1.447601656698456,-1.512666666666668,27.3,equatorial
15.34,26.07,27.74,25.11,88.79,2.85,2.14,1.87,0.58,0.61,2025-02-23,Kribi,2025,2,54,8,10.940000000000099,13.15,17.71,106.21,-1.4469269259929296,-1.1256666666666675,27.3,equatorial
19.34,27.01,29.92,25.16,86.71,2.3,2.7,3.04,0.58,0.6,2025-02-24,Kribi,2025,2,55,9,12.4800000000001,15.32,19.82,104.82,-1.451220748823284,-0.19166666666666643,27.15,equatorial
17.98,27.53,30.39,26.01,85.76,3.62,2.96,3.65,0.58,0.61,2025-02-25,Kribi,2025,2,56,9,15.3700000000001,18.74,22.89,107.88,-1.4398338152986254,0.3069999999999986,27.53,equatorial
12.83,27.34,29.88,25.68,84.07,3.29,2.04,3.24,0.58,0.61,2025-02-26,Kribi,2025,2,57,9,17.4300000000001,21.94,25.8,111.00999999999999,-1.4282130521121195,0.11733333333333107,27.53,equatorial
20.81,28.05,32.35,25.32,79.64,1.16,1.7,3.86,0.58,0.6,2025-02-27,Kribi,2025,2,58,9,17.0200000000001,22.990000000000002,26.750000000000004,111.63999999999999,-1.4254095399609534,0.7963333333333331,28.05,equatorial
19.07,27.79,31.07,25.94,84.82,2.65,2.14,3.29,0.58,0.6,2025-02-28,Kribi,2025,2,59,9,18.260000000000097,25.56,29.150000000000002,114.03999999999999,-1.4163764557186354,0.5259999999999998,28.05,equatorial
16.53,26.63,27.68,26.02,91.01,3.67,2.01,1.56,0.58,0.62,2025-03-01,Kribi,2025,3,60,9,19.5400000000001,28.43,32.59,117.33,-1.4042195772348256,-0.6070000000000029,28.05,equatorial
20.19,27.89,31.6,25.57,84.14,2.02,1.94,3.57,0.59,0.6,2025-03-02,Kribi,2025,3,61,9,18.710000000000097,29.650000000000002,34.35,117.42999999999999,-1.4033058627954091,0.6490000000000045,28.05,equatorial
18.31,27.49,29.89,26.13,88.32,3.94,2.41,2.84,0.59,0.61,2025-03-03,Kribi,2025,3,62,10,20.3500000000001,32.83,37.870000000000005,116.38999999999999,-1.4064059618985798,0.24966666666666626,28.05,equatorial
10.29,27.21,29.61,25.98,88.92,6.4,2.42,3.07,0.59,0.63,2025-03-04,Kribi,2025,3,63,10,23.1300000000001,38.5,43.730000000000004,120.09,-1.3928203013545766,-0.026333333333333542,28.05,equatorial
17.14,26.72,28.48,25.52,87.61,3.1,2.34,2.91,0.6,0.62,2025-03-05,Kribi,2025,3,64,10,22.9400000000001,40.37,45.84,121.66999999999999,-1.3867093952564942,-0.5060000000000038,28.05,equatorial
14.98,26.88,30.09,25.21,87.22,3.07,2.56,3.41,0.59,0.61,2025-03-06,Kribi,2025,3,65,10,24.8500000000001,41.87,48.440000000000005,122.53,-1.3831383456697843,-0.32800000000000296,27.89,equatorial
18.52,27.44,30.59,25.4,85.34,2.75,2.22,3.64,0.59,0.61,2025-03-07,Kribi,2025,3,66,10,24.950000000000102,43.21,51.160000000000004,124.89,-1.374293587125472,0.22633333333333638,27.89,equatorial
16.43,27.08,28.74,25.91,89.78,2.63,2.12,2.16,0.59,0.61,2025-03-08,Kribi,2025,3,67,10,23.9100000000001,43.45,53.78,126.96,-1.3664780471361908,-0.12900000000000134,27.89,equatorial
18.51,27.77,30.92,25.97,85.23,2.28,2.22,3.64,0.59,0.61,2025-03-09,Kribi,2025,3,68,10,24.1700000000001,42.88,56.05,128.73,-1.3597256625354068,0.5513333333333357,27.77,equatorial
21.07,28.02,31.48,26.01,84.09,3.56,2.21,4.15,0.59,0.61,2025-03-10,Kribi,2025,3,69,11,23.7900000000001,44.14,59.6,131.75,-1.3485835752574995,0.7899999999999991,28.02,equatorial
15.19,27.85,30.99,26.19,84.89,3.54,2.52,3.98,0.59,0.61,2025-03-11,Kribi,2025,3,70,11,20.9300000000001,44.059999999999995,63.13,134.67999999999998,-1.3377689057151907,0.5833333333333357,28.02,equatorial
16.81,27.46,30.2,26.14,87.5,4.31,2.5,3.32,0.59,0.62,2025-03-12,Kribi,2025,3,71,11,22.1400000000001,45.08,67.31,138.78,-1.322850330705031,0.19399999999999906,28.02,equatorial
16.59,27.51,30.01,25.9,86.7,3.06,2.86,3.61,0.59,0.61,2025-03-13,Kribi,2025,3,72,11,22.1300000000001,46.980000000000004,70.17,141.71,-1.312059712433054,0.2413333333333334,28.02,equatorial
21.88,28.0,32.01,25.43,78.83,2.96,2.25,5.36,0.59,0.6,2025-03-14,Kribi,2025,3,73,11,22.3400000000001,47.29,73.04,144.41,-1.3020877471445147,0.71533333333333,28.02,equatorial
21.65,28.28,32.07,25.73,78.8,2.38,2.01,4.72,0.58,0.6,2025-03-15,Kribi,2025,3,74,11,22.0900000000001,46.0,75.31,146.57999999999998,-1.2939881607072186,0.9726666666666652,28.28,equatorial
20.98,27.55,30.37,26.15,86.17,7.67,2.39,3.82,0.59,0.63,2025-03-16,Kribi,2025,3,75,11,27.480000000000096,51.65,82.89999999999999,153.97,-1.2675457633650038,0.2506666666666675,28.28,equatorial
15.28,26.62,28.08,25.78,90.54,3.49,2.41,2.14,0.59,0.63,2025-03-17,Kribi,2025,3,76,12,27.4100000000001,51.2,85.59,157.18,-1.2558192859555544,-0.6506666666666661,28.28,equatorial
18.94,27.28,30.84,24.79,82.95,1.83,2.15,4.23,0.59,0.6,2025-03-18,Kribi,2025,3,77,12,25.700000000000102,46.63,86.62,158.65,-1.2502186673506368,0.0003333333333337407,28.28,equatorial
21.31,27.99,31.47,25.93,82.29,3.13,1.84,3.95,0.59,0.61,2025-03-19,Kribi,2025,3,78,12,24.5200000000001,46.660000000000004,88.99,161.29,-1.2405106672958293,0.6873333333333314,28.28,equatorial
15.02,27.42,30.59,25.76,83.78,30.75,2.49,4.95,0.6,0.68,2025-03-20,Kribi,2025,3,79,12,52.2100000000001,74.34,119.01,191.37,-1.1343700149917104,0.10733333333333661,28.28,equatorial
17.39,26.6,28.35,25.33,89.74,29.53,2.23,2.93,0.66,0.76,2025-03-21,Kribi,2025,3,80,12,78.7800000000001,101.12,147.31,220.65,-1.0311096225665848,-0.7119999999999997,28.28,equatorial
19.34,26.69,28.89,25.53,89.93,17.85,2.34,3.19,0.7,0.75,2025-03-22,Kribi,2025,3,81,12,94.25000000000011,116.34,163.59,238.46,-0.9682225773683322,-0.6103333333333332,27.99,equatorial
21.63,27.11,29.63,25.59,86.79,3.88,2.1,3.59,0.68,0.69,2025-03-23,Kribi,2025,3,82,12,90.46000000000011,117.94000000000001,166.06,242.28,-0.9545436516232104,-0.18900000000000006,27.99,equatorial
16.69,27.32,29.97,25.8,87.63,3.52,1.99,3.41,0.67,0.68,2025-03-24,Kribi,2025,3,83,13,90.49000000000011,117.9,167.19,245.76,-0.9420665768045551,-0.03333333333333499,27.99,equatorial
14.23,27.25,28.96,26.29,88.86,4.23,2.01,2.48,0.66,0.68,2025-03-25,Kribi,2025,3,84,13,92.8900000000001,118.59,168.57,249.93,-0.9271698652968281,-0.1426666666666705,27.99,equatorial
10.2,26.62,27.76,25.68,91.64,6.58,2.25,2.62,0.66,0.69,2025-03-26,Kribi,2025,3,85,13,96.3400000000001,120.86,172.85,256.37,-0.9042999380072146,-0.7596666666666643,27.42,equatorial
20.83,26.92,29.97,25.36,87.83,12.18,2.44,4.77,0.67,0.71,2025-03-27,Kribi,2025,3,86,13,77.7700000000001,129.98000000000002,181.41,267.89,-0.8635805540440019,-0.43933333333333024,27.32,equatorial
20.91,27.63,30.74,25.58,85.21,1.5,2.2,4.77,0.66,0.67,2025-03-28,Kribi,2025,3,87,13,49.7400000000001,128.52,179.62,268.58,-0.8609531492772711,0.2610000000000028,27.63,equatorial
18.12,27.37,29.61,26.05,88.27,2.36,2.52,3.84,0.65,0.66,2025-03-29,Kribi,2025,3,88,13,34.2500000000001,128.5,180.82,270.28,-0.8547757863042122,0.02366666666666717,27.63,equatorial
17.25,26.73,28.72,25.61,91.33,4.84,2.37,2.84,0.64,0.67,2025-03-30,Kribi,2025,3,89,13,35.2100000000001,125.67,183.01,274.21999999999997,-0.8407249215952831,-0.5809999999999995,27.63,equatorial
9.58,26.6,28.76,25.14,89.75,1.96,2.48,3.16,0.64,0.66,2025-03-31,Kribi,2025,3,90,14,33.6500000000001,124.14,181.3,275.31,-0.8367005929619803,-0.7100000000000009,27.63,equatorial
20.07,27.56,31.65,24.67,80.85,2.17,1.93,5.84,0.64,0.65,2025-04-01,Kribi,2025,4,91,14,31.590000000000096,124.48,181.45,277.34000000000003,-0.8293724386855272,0.26099999999999923,27.63,equatorial
16.96,25.74,26.26,24.91,88.89,4.8,1.54,2.28,0.63,0.67,2025-04-02,Kribi,2025,4,92,14,29.810000000000098,126.15,182.31,281.98999999999995,-0.8128336706846744,-1.5006666666666675,27.63,equatorial
10.26,26.03,28.68,23.89,85.98,2.0,2.01,3.68,0.64,0.65,2025-04-03,Kribi,2025,4,93,14,19.6300000000001,97.4,177.91,283.87,-0.8060420787644699,-1.1713333333333296,27.63,equatorial
24.36,27.85,31.65,25.43,82.41,1.13,1.83,4.85,0.63,0.64,2025-04-04,Kribi,2025,4,94,14,19.260000000000097,69.0,175.94,284.85999999999996,-0.8023829303979704,0.6110000000000042,27.85,equatorial
13.61,26.97,28.92,25.9,90.34,2.78,2.28,2.77,0.62,0.65,2025-04-05,Kribi,2025,4,95,14,19.6800000000001,53.93,175.65,287.42,-0.7932032666870094,-0.272000000000002,27.85,equatorial
21.09,27.31,30.37,25.26,86.0,1.44,2.37,4.54,0.62,0.64,2025-04-06,Kribi,2025,4,96,14,16.2800000000001,51.49,174.34,288.81,-0.7881419320321607,0.07233333333333292,27.85,equatorial
21.75,27.58,30.22,25.88,86.09,2.88,2.05,3.87,0.62,0.64,2025-04-07,Kribi,2025,4,97,15,17.2000000000001,50.849999999999994,174.59,291.68,-0.7778764618978178,0.32566666666666677,27.85,equatorial
8.6,27.41,29.8,26.09,84.26,2.33,1.25,2.68,0.62,0.64,2025-04-08,Kribi,2025,4,98,15,17.3600000000001,48.95,174.64000000000001,294.01,-0.7695138739794563,0.16766666666666907,27.85,equatorial
21.4,28.42,33.51,25.83,80.49,2.8,1.22,7.2,0.62,0.63,2025-04-09,Kribi,2025,4,99,15,15.360000000000099,45.17,173.88,296.75,-0.7597116211352845,1.1643333333333317,28.42,equatorial
9.85,26.46,27.99,25.3,90.03,6.84,2.37,3.64,0.62,0.65,2025-04-10,Kribi,2025,4,100,15,20.2000000000001,39.83,177.18,303.59000000000003,-0.7354880783154314,-0.7493333333333325,28.42,equatorial
12.05,26.52,28.91,25.15,88.87,1.06,2.12,3.02,0.62,0.64,2025-04-11,Kribi,2025,4,101,15,20.1300000000001,39.38999999999999,173.93,304.59999999999997,-0.7317835979742999,-0.6580000000000013,28.42,equatorial
18.99,27.51,30.9,25.31,84.21,0.26,1.71,4.04,0.61,0.62,2025-04-12,Kribi,2025,4,102,15,17.6100000000001,37.28999999999999,171.13,304.73,-0.731176578216714,0.33200000000000074,28.42,equatorial
20.83,27.3,29.73,25.73,87.63,1.04,2.29,3.41,0.61,0.62,2025-04-13,Kribi,2025,4,103,15,17.2100000000001,33.49,169.21,305.69,-0.7276491688348283,0.14533333333333331,28.42,equatorial
15.71,27.55,30.77,25.34,85.45,1.16,1.96,4.19,0.6,0.62,2025-04-14,Kribi,2025,4,104,16,15.490000000000098,32.69,167.99,306.74,-0.7238060853297064,0.41966666666666796,28.42,equatorial
17.2,27.35,29.15,26.15,88.24,1.06,1.84,2.63,0.6,0.62,2025-04-15,Kribi,2025,4,105,16,14.2200000000001,31.58,161.38,307.7,-0.7202808520238094,0.22633333333333638,28.42,equatorial
7.67,26.13,27.05,25.22,89.06,8.57,2.24,3.42,0.61,0.66,2025-04-16,Kribi,2025,4,106,16,19.9900000000001,35.35,166.46,314.54,-0.696061832636176,-0.977333333333334,27.55,equatorial
22.41,27.6,31.38,25.02,79.27,0.36,1.46,5.39,0.61,0.62,2025-04-17,Kribi,2025,4,107,16,13.5100000000001,33.71,164.99,312.88,-0.7017672785427506,0.48200000000000287,27.6,equatorial
18.95,27.72,30.63,25.87,83.73,1.27,1.93,4.35,0.6,0.61,2025-04-18,Kribi,2025,4,108,16,13.720000000000098,33.849999999999994,163.13,307.68,-0.7199320303927288,0.6110000000000007,27.72,equatorial
22.03,27.26,29.61,25.88,88.6,1.79,1.88,2.81,0.6,0.62,2025-04-19,Kribi,2025,4,109,16,15.2500000000001,32.86,134.17000000000002,269.43,-0.8544290068933879,0.1563333333333361,27.72,equatorial
15.22,27.27,29.0,25.98,87.68,2.09,1.62,2.59,0.6,0.62,2025-04-20,Kribi,2025,4,110,16,16.3000000000001,33.510000000000005,106.73,265.23,-0.8690166793364016,0.1440000000000019,27.72,equatorial
20.07,27.65,30.8,25.73,85.42,2.85,1.83,4.2,0.6,0.62,2025-04-21,Kribi,2025,4,111,17,17.9900000000001,33.48,91.72999999999999,267.74,-0.8599785799989356,0.49199999999999733,27.72,equatorial
15.01,27.24,29.73,25.71,88.84,4.63,2.33,3.82,0.6,0.63,2025-04-22,Kribi,2025,4,112,17,21.560000000000098,35.78,92.47999999999999,271.48,-0.8466141164103783,0.07766666666666566,27.72,equatorial
4.16,27.16,29.27,25.77,88.82,4.45,1.92,3.27,0.61,0.64,2025-04-23,Kribi,2025,4,113,17,17.4400000000001,37.43000000000001,93.41,275.66,-0.8317057400174577,0.0030000000000001137,27.72,equatorial
20.92,27.13,29.12,25.87,89.13,4.32,1.84,3.12,0.61,0.64,2025-04-24,Kribi,2025,4,114,17,21.4000000000001,34.910000000000004,93.5,279.78,-0.8170140622029527,-0.02300000000000324,27.72,equatorial
6.85,26.95,28.95,25.6,90.59,4.65,1.89,2.51,0.61,0.64,2025-04-25,Kribi,2025,4,115,17,24.7800000000001,38.5,91.57,284.23999999999995,-0.8011304966933323,-0.21399999999999864,27.65,equatorial
15.02,26.52,27.76,25.69,89.95,8.58,1.92,2.55,0.62,0.67,2025-04-26,Kribi,2025,4,116,17,31.570000000000103,46.82,87.97,292.27000000000004,-0.7726821942040005,-0.6306666666666665,27.65,equatorial
16.19,26.82,28.86,25.58,87.44,11.49,2.11,4.28,0.63,0.68,2025-04-27,Kribi,2025,4,117,17,40.970000000000105,57.27,97.96,303.38,-0.733397054838592,-0.3036666666666683,27.65,equatorial
18.09,26.18,27.73,25.28,89.72,6.73,2.19,3.27,0.64,0.68,2025-04-28,Kribi,2025,4,118,18,44.8500000000001,62.839999999999996,102.33,309.9,-0.7102869058984482,-0.9039999999999999,27.24,equatorial
12.78,26.15,27.95,25.08,87.22,5.32,2.01,2.88,0.64,0.67,2025-04-29,Kribi,2025,4,119,18,45.5400000000001,67.10000000000001,102.81,314.96999999999997,-0.6922895386279693,-0.9146666666666654,27.16,equatorial
7.17,26.19,27.02,25.3,88.25,7.65,1.71,2.49,0.64,0.68,2025-04-30,Kribi,2025,4,120,18,48.74000000000011,66.18,108.5,322.39,-0.666019663490981,-0.8609999999999971,27.13,equatorial
18.83,26.52,29.09,24.67,85.62,1.55,2.08,4.04,0.64,0.66,2025-05-01,Kribi,2025,5,121,18,45.970000000000105,67.37,107.88,323.68,-0.6613483840532502,-0.4963333333333324,26.95,equatorial
19.75,26.81,29.12,25.36,87.25,1.91,2.56,4.04,0.63,0.65,2025-05-02,Kribi,2025,5,122,18,43.230000000000096,68.01,104.99,325.17,-0.6559736857193824,-0.24200000000000443,26.82,equatorial
10.4,26.13,27.55,25.08,92.22,4.21,2.18,2.45,0.63,0.66,2025-05-03,Kribi,2025,5,123,18,38.8600000000001,70.43,107.2,328.84000000000003,-0.6429201595883348,-0.925333333333338,26.82,equatorial
22.45,26.86,29.35,25.3,86.47,0.53,2.06,3.41,0.63,0.64,2025-05-04,Kribi,2025,5,124,18,27.900000000000098,68.87,106.60000000000001,328.38,-0.6444205825916612,-0.16233333333333633,26.86,equatorial
17.81,26.11,27.28,25.06,91.24,3.9,2.34,2.29,0.63,0.65,2025-05-05,Kribi,2025,5,125,19,25.0700000000001,69.92,107.72,331.81,-0.6322141577979269,-0.8836666666666666,26.86,equatorial
19.34,27.05,30.73,24.18,83.36,2.45,1.99,4.92,0.63,0.65,2025-05-06,Kribi,2025,5,126,19,22.200000000000102,67.74,108.73,334.23,-0.6235694045604431,0.06499999999999773,27.05,equatorial
21.73,28.13,31.86,25.72,81.19,1.42,1.74,5.14,0.62,0.63,2025-05-07,Kribi,2025,5,127,19,15.970000000000098,64.71,107.27000000000001,335.64,-0.6184858343535764,1.1266666666666652,28.13,equatorial
17.03,27.16,28.99,26.02,88.79,3.46,1.88,2.57,0.62,0.64,2025-05-08,Kribi,2025,5,128,19,17.8800000000001,63.849999999999994,108.39999999999999,339.09000000000003,-0.6062134641720234,0.16499999999999915,28.13,equatorial
9.92,25.93,27.25,24.9,92.0,16.3,1.99,2.61,0.64,0.71,2025-05-09,Kribi,2025,5,129,19,32.270000000000095,75.5,121.9,355.38,-0.5486850439977101,-0.9819999999999993,28.13,equatorial
14.94,26.71,30.12,24.52,79.52,0.62,1.87,5.15,0.64,0.65,2025-05-10,Kribi,2025,5,130,19,28.6800000000001,67.54,115.67999999999999,355.98999999999995,-0.5464403544764701,-0.2103333333333346,28.13,equatorial
22.17,27.07,29.93,24.93,82.19,0.82,1.8,3.85,0.63,0.64,2025-05-11,Kribi,2025,5,131,19,28.970000000000102,56.87,115.44000000000001,356.68,-0.5439140118559133,0.13133333333333397,28.13,equatorial
21.03,27.45,30.97,25.34,84.95,0.72,2.03,4.57,0.62,0.63,2025-05-12,Kribi,2025,5,132,20,25.7900000000001,50.86,115.9,357.2,-0.541987486837598,0.5133333333333354,28.13,equatorial
19.1,27.56,30.5,25.61,86.67,1.86,2.19,4.43,0.62,0.63,2025-05-13,Kribi,2025,5,133,20,25.2000000000001,47.400000000000006,116.72,358.97,-0.535653588748329,0.6146666666666647,28.13,equatorial
17.96,27.04,29.09,26.11,89.64,3.11,1.92,3.03,0.62,0.64,2025-05-14,Kribi,2025,5,134,20,26.8900000000001,42.86,118.67,361.97,-0.5249830649360431,0.11166666666666458,27.56,equatorial
13.71,26.74,28.68,25.62,90.05,7.08,1.95,2.49,0.63,0.67,2025-05-15,Kribi,2025,5,135,20,30.5100000000001,48.39,124.69,368.97,-0.5002065892155839,-0.1680000000000028,27.56,equatorial
20.06,26.61,28.06,25.74,91.2,1.5,1.89,1.63,0.63,0.64,2025-05-16,Kribi,2025,5,136,20,15.7100000000001,47.980000000000004,117.62,369.67,-0.4976550100645212,-0.31400000000000006,27.56,equatorial
14.36,26.29,27.52,25.49,92.51,9.97,2.08,2.4,0.63,0.67,2025-05-17,Kribi,2025,5,137,20,25.0600000000001,53.74,127.23,378.84,-0.4652248902780882,-0.5903333333333336,27.56,equatorial
13.14,26.36,27.98,25.44,91.36,11.88,1.66,2.48,0.65,0.71,2025-05-18,Kribi,2025,5,138,20,36.120000000000104,65.09,137.84,389.96,-0.42591862254451596,-0.47499999999999787,27.56,equatorial
12.98,26.36,28.63,25.32,90.32,6.76,1.87,3.27,0.66,0.69,2025-05-19,Kribi,2025,5,139,21,42.1600000000001,67.95,142.81,395.99,-0.4045757736814181,-0.4450000000000003,27.56,equatorial
7.83,25.73,27.26,24.7,91.32,4.02,2.52,3.54,0.66,0.68,2025-05-20,Kribi,2025,5,140,21,44.3200000000001,69.52,144.74,398.78000000000003,-0.3946682299140273,-1.0236666666666672,27.04,equatorial
19.72,27.0,30.67,24.59,81.62,0.14,1.54,4.92,0.65,0.65,2025-05-21,Kribi,2025,5,141,21,41.3500000000001,68.24,142.03,397.34999999999997,-0.3996549474790961,0.26799999999999713,27.0,equatorial
16.33,27.41,30.34,25.66,84.55,1.18,2.04,4.6,0.64,0.65,2025-05-22,Kribi,2025,5,142,21,35.450000000000095,65.96000000000001,138.57999999999998,397.12,-0.4004057070624376,0.6723333333333343,27.41,equatorial
17.05,26.73,28.63,25.65,90.17,1.96,2.14,2.49,0.63,0.65,2025-05-23,Kribi,2025,5,143,21,35.910000000000096,51.62,136.09,396.69,-0.40186243070742933,0.006666666666664156,27.41,equatorial
3.7,26.14,27.66,25.26,90.68,6.48,2.18,3.63,0.63,0.67,2025-05-24,Kribi,2025,5,144,21,32.4200000000001,57.480000000000004,138.25,400.32,-0.3889855507811366,-0.5503333333333309,27.41,equatorial
12.99,26.46,28.63,25.3,88.88,1.09,2.54,3.37,0.64,0.65,2025-05-25,Kribi,2025,5,145,21,21.630000000000095,57.75,134.69,399.11,-0.393198894366242,-0.21399999999999864,27.41,equatorial
15.29,25.48,26.92,24.54,89.76,5.26,1.91,2.66,0.64,0.67,2025-05-26,Kribi,2025,5,146,22,20.130000000000095,62.290000000000006,131.37,400.75,-0.38734796160076934,-1.1593333333333362,27.41,equatorial
16.93,26.99,31.27,24.36,82.24,2.2,1.42,6.43,0.63,0.65,2025-05-27,Kribi,2025,5,147,22,18.310000000000098,62.629999999999995,122.08,399.66,-0.3911388125151975,0.34499999999999886,27.41,equatorial
20.82,27.38,31.06,25.11,83.8,5.36,1.86,5.49,0.63,0.66,2025-05-28,Kribi,2025,5,148,22,23.530000000000097,64.88,120.71,403.86,-0.37624505444333656,0.6949999999999967,27.41,equatorial
12.03,26.63,29.5,24.88,89.05,8.36,2.25,4.43,0.63,0.67,2025-05-29,Kribi,2025,5,149,22,30.710000000000097,66.16,123.75,409.57,-0.35601841571159104,-0.07100000000000506,27.38,equatorial
16.29,26.13,28.49,25.28,92.71,18.77,2.0,2.94,0.65,0.73,2025-05-30,Kribi,2025,5,150,22,47.520000000000095,83.43,134.87,424.67,-0.3026193567007667,-0.5690000000000026,27.38,equatorial
17.64,26.52,28.34,25.36,88.65,3.47,2.05,2.89,0.66,0.68,2025-05-31,Kribi,2025,5,151,22,44.5100000000001,76.93,136.79000000000002,426.12,-0.29745263439159514,-0.17900000000000205,27.38,equatorial
6.56,25.9,27.05,25.29,93.5,10.58,2.07,2.19,0.67,0.71,2025-06-01,Kribi,2025,6,152,22,54.0000000000001,75.63000000000001,145.45999999999998,432.76000000000005,-0.27394597653115815,-0.7686666666666646,27.38,equatorial
12.83,25.32,26.64,24.09,90.37,7.32,1.64,2.53,0.67,0.71,2025-06-02,Kribi,2025,6,153,23,56.0600000000001,76.19,148.57000000000002,433.68,-0.2706558359494327,-1.3216666666666654,27.38,equatorial
9.76,25.14,26.49,24.24,93.87,15.81,2.2,2.68,0.68,0.73,2025-06-03,Kribi,2025,6,154,23,69.6700000000001,87.98,163.85000000000002,446.39000000000004,-0.22569240201679153,-1.4443333333333328,27.38,equatorial
10.28,25.28,26.17,24.69,94.87,25.11,2.21,1.95,0.72,0.79,2025-06-04,Kribi,2025,6,155,23,89.4200000000001,112.95,185.06,468.43,-0.14774724421839228,-1.2766666666666673,26.63,equatorial
15.64,25.67,27.93,24.11,89.38,7.76,2.3,4.48,0.72,0.74,2025-06-05,Kribi,2025,6,156,23,88.82000000000009,119.53,190.37,473.44000000000005,-0.13001409608319195,-0.8406666666666638,26.52,equatorial
17.39,26.19,28.91,24.34,88.06,2.39,2.19,4.1,0.71,0.71,2025-06-06,Kribi,2025,6,157,23,72.4400000000001,119.96000000000001,191.34,473.2,-0.13084540207738307,-0.2560000000000002,26.52,equatorial
16.51,26.48,29.01,24.78,87.49,3.43,2.12,4.06,0.7,0.71,2025-06-07,Kribi,2025,6,158,23,72.4000000000001,116.91,191.31,474.35,-0.1267609553890894,0.05666666666666487,26.48,equatorial
13.72,25.91,27.1,25.18,92.21,3.26,1.95,1.74,0.7,0.71,2025-06-08,Kribi,2025,6,159,23,65.0800000000001,119.08,178.27,474.05,-0.1278051558571431,-0.5126666666666644,26.48,equatorial
10.98,26.81,29.74,24.61,86.96,3.2,1.72,3.79,0.7,0.71,2025-06-09,Kribi,2025,6,160,24,60.96000000000009,117.02000000000001,180.85,473.71,-0.12899085113073852,0.38400000000000034,26.81,equatorial
14.03,27.22,30.25,25.28,86.95,2.67,1.59,4.51,0.69,0.69,2025-06-10,Kribi,2025,6,161,24,47.8200000000001,117.49,182.70000000000002,472.07,-0.13477578831762993,0.7890000000000015,27.22,equatorial
9.27,26.04,27.2,25.29,94.15,5.69,2.24,2.1,0.69,0.7,2025-06-11,Kribi,2025,6,162,24,28.400000000000098,117.82000000000001,187.67000000000002,474.7,-0.1254519787695822,-0.3440000000000012,27.22,equatorial
11.73,25.85,27.53,24.9,91.6,4.77,2.32,2.23,0.69,0.71,2025-06-12,Kribi,2025,6,163,24,25.410000000000103,114.23,190.57999999999998,476.51,-0.11903006259401568,-0.47699999999999676,27.22,equatorial
11.81,26.0,28.09,24.77,89.3,1.73,2.07,2.91,0.69,0.7,2025-06-13,Kribi,2025,6,164,24,24.7500000000001,97.19000000000001,189.20000000000002,475.86,-0.12131476864015021,-0.2923333333333318,27.22,equatorial
13.11,25.77,27.42,24.91,92.34,3.23,2.38,2.61,0.69,0.7,2025-06-14,Kribi,2025,6,165,24,24.5500000000001,96.94999999999999,185.35,471.41999999999996,-0.13701496040247788,-0.48999999999999844,27.22,equatorial
10.87,25.64,27.18,24.88,92.62,3.22,2.2,2.11,0.69,0.7,2025-06-15,Kribi,2025,6,166,24,24.5100000000001,89.58999999999999,187.07,471.15,-0.13795253214100237,-0.5876666666666672,27.22,equatorial
7.61,25.51,27.27,24.64,91.34,3.16,2.54,3.43,0.69,0.7,2025-06-16,Kribi,2025,6,167,25,24.470000000000102,85.43,180.26,472.48,-0.1332251144573672,-0.6916666666666664,27.22,equatorial
15.65,26.07,29.26,24.21,86.58,0.87,2.26,4.47,0.68,0.68,2025-06-17,Kribi,2025,6,168,25,22.670000000000098,70.49,169.25,470.21999999999997,-0.14121019823488257,-0.12199999999999989,26.07,equatorial
14.07,26.26,29.13,24.28,87.49,1.47,2.36,4.16,0.68,0.68,2025-06-18,Kribi,2025,6,169,25,18.4500000000001,46.85,163.96,440.94,-0.24488647280866038,0.07133333333333525,26.26,equatorial
11.68,25.97,28.05,24.52,88.46,1.34,2.28,2.98,0.67,0.68,2025-06-19,Kribi,2025,6,170,25,15.020000000000099,40.43,161.28,412.75,-0.34469775195188324,-0.22666666666666657,26.26,equatorial
18.7,26.22,28.93,24.54,88.47,11.79,2.29,4.57,0.68,0.72,2025-06-20,Kribi,2025,6,171,25,25.080000000000098,49.83,172.92999999999998,406.69,-0.36611319726365804,0.04933333333333323,26.26,equatorial
10.96,25.61,27.7,24.48,91.07,11.59,2.77,3.89,0.69,0.73,2025-06-21,Kribi,2025,6,172,25,33.4400000000001,57.99,183.34,414.4,-0.3387452880141471,-0.5006666666666675,26.26,equatorial
14.38,25.91,28.53,24.25,87.66,9.91,1.82,4.04,0.7,0.73,2025-06-22,Kribi,2025,6,173,25,40.130000000000095,64.64,191.29,420.79,-0.31605579537688616,-0.173333333333332,26.26,equatorial
13.21,25.73,28.08,24.18,90.48,8.32,1.97,3.32,0.71,0.73,2025-06-23,Kribi,2025,6,174,26,45.29000000000009,69.76,193.13000000000002,424.88,-0.30151749730436234,-0.3396666666666661,26.26,equatorial
14.73,26.56,30.18,24.39,86.85,7.61,1.92,5.42,0.71,0.72,2025-06-24,Kribi,2025,6,175,26,52.0300000000001,74.7,199.65,425.91,-0.29782430101150664,0.4870000000000019,26.56,equatorial
14.7,26.11,28.52,24.82,90.3,2.62,2.06,3.04,0.71,0.71,2025-06-25,Kribi,2025,6,176,26,53.1800000000001,71.63,197.01,416.35,-0.3316657773726486,0.01600000000000179,26.56,equatorial
7.26,25.42,27.25,24.28,90.92,3.21,2.48,3.31,0.7,0.71,2025-06-26,Kribi,2025,6,177,26,55.0500000000001,70.07000000000001,198.02,418.06,-0.3255562331318646,-0.6216666666666661,26.56,equatorial
11.73,25.76,28.49,24.12,88.75,5.71,2.47,4.59,0.7,0.71,2025-06-27,Kribi,2025,6,178,26,48.970000000000105,74.05,198.36999999999998,421.41,-0.3136329831119755,-0.22766666666666424,26.56,equatorial
12.16,25.59,28.09,24.13,88.44,1.53,2.72,4.13,0.7,0.7,2025-06-28,Kribi,2025,6,179,26,38.9100000000001,72.35,191.54,418.1,-0.325323883343635,-0.362999999999996,26.56,equatorial
14.05,25.3,27.1,24.27,90.79,2.36,2.66,2.81,0.69,0.7,2025-06-29,Kribi,2025,6,180,26,31.3600000000001,71.49,175.13,418.5,-0.3238585702529007,-0.6253333333333337,26.56,equatorial
9.15,24.86,26.42,23.89,92.34,15.18,2.31,3.18,0.71,0.75,2025-06-30,Kribi,2025,6,181,27,38.2200000000001,83.51,186.84,431.51,-0.2776730468442793,-1.0100000000000016,26.56,equatorial
11.72,25.48,28.29,23.64,88.77,9.27,1.9,4.22,0.72,0.74,2025-07-01,Kribi,2025,7,182,27,39.880000000000095,91.91,185.53,435.98,-0.2617795620159128,-0.3760000000000012,26.11,equatorial
8.23,25.67,28.12,24.12,88.25,6.04,2.13,4.22,0.72,0.73,2025-07-02,Kribi,2025,7,183,27,43.3000000000001,96.48,184.25,440.02000000000004,-0.2474119778604505,-0.1976666666666631,25.76,equatorial
10.28,24.57,25.91,23.91,93.33,27.91,2.52,2.91,0.73,0.79,2025-07-03,Kribi,2025,7,184,27,68.0000000000001,123.05,196.35,466.8,-0.15236828877033923,-1.2786666666666626,25.76,equatorial
7.93,24.43,25.57,23.8,93.65,36.57,2.26,2.74,0.79,0.84,2025-07-04,Kribi,2025,7,185,27,98.8600000000001,147.82999999999998,207.81,500.59,-0.0324518581182821,-1.3903333333333343,25.67,equatorial
10.63,25.03,27.37,23.68,90.82,5.91,2.47,3.78,0.79,0.78,2025-07-05,Kribi,2025,7,186,27,103.2400000000001,142.15,205.96,505.06,-0.016584728239675398,-0.7689999999999984,25.67,equatorial
8.09,24.51,26.12,23.66,92.76,6.33,2.29,2.79,0.78,0.78,2025-07-06,Kribi,2025,7,187,27,107.2100000000001,138.57,209.9,508.51,-0.0043377933389668315,-1.232999999999997,25.67,equatorial
7.13,24.6,25.78,23.9,93.12,9.78,2.33,2.53,0.78,0.78,2025-07-07,Kribi,2025,7,188,28,101.81000000000009,140.03,216.25,515.96,0.022107832531748445,-1.080333333333332,25.67,equatorial
7.02,24.49,25.72,23.79,93.73,24.49,2.47,2.76,0.8,0.82,2025-07-08,Kribi,2025,7,189,28,117.03000000000009,156.91,237.48,537.65,0.09910725800932682,-1.1430000000000007,25.67,equatorial
12.05,25.2,28.06,23.48,88.43,9.22,2.32,4.95,0.8,0.8,2025-07-09,Kribi,2025,7,190,28,120.21000000000011,163.51,243.5,540.03,0.10754461504246529,-0.37933333333333863,25.2,equatorial
11.54,25.1,27.63,23.62,89.57,4.69,2.2,4.11,0.79,0.78,2025-07-10,Kribi,2025,7,191,28,96.9900000000001,164.99,245.51999999999998,543.66,0.12042071256948363,-0.4086666666666652,25.2,equatorial
7.87,24.86,27.29,23.46,90.05,5.56,2.68,4.55,0.78,0.78,2025-07-11,Kribi,2025,7,192,28,65.9800000000001,164.84,245.39,548.9599999999999,0.13922768318313256,-0.6093333333333355,25.2,equatorial
16.72,24.68,27.34,22.95,89.07,2.68,2.59,4.34,0.78,0.76,2025-07-12,Kribi,2025,7,193,28,62.7500000000001,165.99,243.3,550.6,0.14503440151383598,-0.7503333333333373,25.2,equatorial
15.81,24.83,27.8,22.91,87.58,2.1,2.26,4.33,0.77,0.76,2025-07-13,Kribi,2025,7,194,28,58.520000000000095,165.73,243.67,551.5400000000001,0.14835439650457144,-0.5613333333333337,25.2,equatorial
14.05,25.03,27.86,23.44,88.97,1.95,2.2,3.74,0.76,0.75,2025-07-14,Kribi,2025,7,195,29,50.6900000000001,152.5,242.39000000000001,552.43,0.15149671926848057,-0.33666666666666956,25.2,equatorial
11.35,24.85,27.09,23.68,89.79,4.74,2.79,4.09,0.76,0.76,2025-07-15,Kribi,2025,7,196,29,30.9400000000001,147.97,243.91,548.6,0.13786750934227848,-0.4903333333333286,25.2,equatorial
13.53,24.4,26.4,23.19,91.11,15.71,2.57,3.73,0.77,0.79,2025-07-16,Kribi,2025,7,197,29,37.4300000000001,157.64000000000001,256.46000000000004,563.95,0.19239901028338569,-0.903333333333336,25.1,equatorial
17.04,24.57,27.23,22.85,89.1,3.28,2.49,4.21,0.77,0.76,2025-07-17,Kribi,2025,7,198,29,36.0200000000001,133.01000000000002,258.87,565.9599999999999,0.19951696923368176,-0.6833333333333336,25.03,equatorial
14.03,24.91,27.99,22.89,87.57,1.6,2.22,4.51,0.77,0.75,2025-07-18,Kribi,2025,7,199,29,32.0600000000001,98.04,259.0,565.77,0.19881467129493172,-0.298333333333332,25.03,equatorial
11.44,25.22,28.32,23.48,88.45,10.15,2.53,4.9,0.76,0.77,2025-07-19,Kribi,2025,7,200,29,39.5300000000001,102.28,267.81,573.8299999999999,0.22744144619637188,0.03666666666666529,25.22,equatorial
11.17,24.28,25.71,23.19,91.37,14.32,2.59,3.22,0.78,0.8,2025-07-20,Kribi,2025,7,201,29,51.7500000000001,110.27000000000001,270.34,585.3000000000001,0.26819144710756304,-0.8386666666666649,25.22,equatorial
13.4,24.76,27.38,23.25,89.55,4.0,2.84,4.72,0.78,0.77,2025-07-21,Kribi,2025,7,202,30,53.800000000000104,104.49000000000001,262.75,584.6700000000001,0.26591397089839597,-0.3303333333333285,25.22,equatorial
9.51,24.08,25.59,23.26,92.38,3.98,2.45,2.98,0.77,0.77,2025-07-22,Kribi,2025,7,203,30,53.0400000000001,83.97999999999999,256.82,584.2,0.2642055991483635,-0.9493333333333354,25.22,equatorial
11.97,24.1,26.05,22.93,90.35,2.18,2.54,3.34,0.77,0.76,2025-07-23,Kribi,2025,7,204,30,39.510000000000105,76.94,250.68,582.06,0.25655756346071845,-0.875,25.22,equatorial
8.17,24.3,27.15,22.74,89.61,3.53,2.59,4.17,0.77,0.76,2025-07-24,Kribi,2025,7,205,30,39.7600000000001,75.78,246.6,580.9399999999999,0.2525381065419347,-0.5996666666666677,25.22,equatorial
11.97,24.1,26.85,22.56,88.58,2.9,2.55,4.35,0.76,0.75,2025-07-25,Kribi,2025,7,206,30,41.0600000000001,73.12,246.88,575.26,0.23229610909910667,-0.7326666666666668,25.22,equatorial
10.82,23.75,25.53,22.38,90.07,2.31,2.37,3.16,0.76,0.75,2025-07-26,Kribi,2025,7,207,30,33.2200000000001,72.75,245.98,566.08,0.19960142784178178,-1.0269999999999975,24.76,equatorial
9.25,23.88,25.77,22.84,90.67,1.38,2.4,2.97,0.76,0.74,2025-07-27,Kribi,2025,7,208,30,20.2800000000001,72.03,241.65,560.73,0.18053649638538138,-0.8343333333333334,24.76,equatorial
8.34,24.13,26.65,22.83,89.76,1.0,2.24,3.16,0.75,0.74,2025-07-28,Kribi,2025,7,209,31,17.2800000000001,71.08000000000001,241.12,556.41,0.16513761370157393,-0.5356666666666676,24.3,equatorial
11.41,24.7,27.77,22.92,89.15,1.6,2.28,4.19,0.75,0.74,2025-07-29,Kribi,2025,7,210,31,14.900000000000098,67.94,240.36,550.36,0.14358112603258982,0.054333333333332234,24.7,equatorial
10.74,24.79,27.65,23.13,88.66,0.44,2.63,3.91,0.74,0.73,2025-07-30,Kribi,2025,7,211,31,13.1600000000001,52.67,225.62,549.25,0.13961069596981307,0.14666666666666828,24.79,equatorial
13.71,24.39,26.21,23.37,91.27,1.91,2.17,2.54,0.74,0.73,2025-07-31,Kribi,2025,7,212,31,11.5400000000001,51.300000000000004,218.26000000000002,549.25,0.1395922865123272,-0.2169999999999952,24.79,equatorial
12.54,24.74,27.51,22.91,88.09,0.63,1.89,3.38,0.74,0.73,2025-08-01,Kribi,2025,8,213,31,9.270000000000099,50.330000000000005,212.85,545.6700000000001,0.12682625210132994,0.16399999999999793,24.79,equatorial
7.07,24.64,27.0,23.32,90.69,1.35,2.46,3.08,0.74,0.73,2025-08-02,Kribi,2025,8,214,31,8.310000000000098,41.53,186.29,546.4899999999999,0.1297298149756731,0.061666666666667425,24.79,equatorial
15.32,24.82,27.44,23.42,89.02,1.25,3.15,4.19,0.73,0.72,2025-08-03,Kribi,2025,8,215,31,8.1800000000001,28.46,150.97,543.8399999999999,0.12027425986279054,0.22866666666666546,24.82,equatorial
12.58,24.63,27.7,22.66,88.57,2.43,2.43,4.42,0.73,0.72,2025-08-04,Kribi,2025,8,216,32,9.6100000000001,26.89,147.49,543.82,0.12018725154906129,0.0519999999999996,24.82,equatorial
12.17,24.21,27.02,22.87,89.23,1.91,2.19,3.53,0.73,0.72,2025-08-05,Kribi,2025,8,217,32,9.920000000000101,24.82,143.07,544.31,0.12191718106422754,-0.35800000000000054,24.82,equatorial
12.83,24.34,27.12,22.55,88.12,1.49,2.78,4.59,0.73,0.72,2025-08-06,Kribi,2025,8,218,32,10.970000000000098,24.13,134.78,542.34,0.11488196514984421,-0.21933333333333138,24.82,equatorial
12.95,24.2,27.35,22.33,88.19,3.06,2.72,4.74,0.72,0.72,2025-08-07,Kribi,2025,8,219,32,12.120000000000099,23.66,113.35000000000001,529.1,0.06768584329306443,-0.3496666666666677,24.82,equatorial
11.86,24.02,26.46,22.54,89.01,1.63,2.74,4.0,0.72,0.71,2025-08-08,Kribi,2025,8,220,32,13.1200000000001,22.39,105.75999999999999,530.11,0.07127669689738356,-0.4903333333333322,24.82,equatorial
12.16,23.83,25.95,22.24,89.65,1.46,2.14,2.96,0.72,0.71,2025-08-09,Kribi,2025,8,221,32,13.230000000000098,21.540000000000003,102.53,530.75,0.07354869912195985,-0.6380000000000052,24.82,equatorial
16.31,24.46,27.54,22.43,86.22,0.47,2.48,4.34,0.72,0.71,2025-08-10,Kribi,2025,8,222,32,12.4500000000001,20.63,97.44,530.5,0.07264793309063354,0.005333333333336299,24.63,equatorial
15.22,24.23,26.62,22.57,87.58,0.55,2.58,3.69,0.71,0.7,2025-08-11,Kribi,2025,8,223,33,10.5700000000001,20.18,95.31,529.1899999999999,0.0679678871906545,-0.20966666666666356,24.46,equatorial
15.98,24.32,27.65,22.26,85.76,0.77,2.57,4.58,0.71,0.7,2025-08-12,Kribi,2025,8,224,33,9.4300000000001,19.35,93.97999999999999,526.85,0.059615056448303685,-0.1026666666666678,24.46,equatorial
10.27,24.0,26.77,22.42,86.26,0.84,2.7,4.04,0.7,0.7,2025-08-13,Kribi,2025,8,225,33,8.780000000000099,19.75,92.87,520.61,0.03735373128031975,-0.38833333333333186,24.46,equatorial
9.83,23.87,26.98,22.17,87.04,2.39,2.87,4.69,0.7,0.7,2025-08-14,Kribi,2025,8,226,33,8.110000000000099,20.23,90.52,521.5,0.04052331353387954,-0.4856666666666669,24.46,equatorial
12.51,23.86,26.99,22.05,87.74,3.75,2.6,4.58,0.7,0.7,2025-08-15,Kribi,2025,8,227,33,10.2300000000001,23.35,78.56,515.28,0.018330068771671832,-0.4776666666666678,24.46,equatorial
19.95,23.95,27.13,22.19,88.59,2.37,2.57,4.14,0.7,0.7,2025-08-16,Kribi,2025,8,228,33,11.1400000000001,24.369999999999997,77.65,505.77,-0.0156007965696401,-0.3670000000000009,24.46,equatorial
16.97,24.09,27.01,22.38,88.49,1.82,2.57,4.18,0.7,0.7,2025-08-17,Kribi,2025,8,229,33,12.4900000000001,24.939999999999998,77.86999999999999,500.83,-0.033225325113652726,-0.1996666666666691,24.32,equatorial
17.2,24.49,28.18,22.21,86.82,0.77,2.16,4.39,0.69,0.69,2025-08-18,Kribi,2025,8,230,34,12.7100000000001,23.28,68.49000000000001,497.58,-0.04481893843713833,0.22466666666666413,24.49,equatorial
17.15,24.66,28.13,22.26,87.72,1.38,2.11,4.21,0.69,0.69,2025-08-19,Kribi,2025,8,231,34,13.3200000000001,22.75,55.55,498.82,-0.040387546483460574,0.3819999999999979,24.66,equatorial
12.54,24.25,26.75,22.91,91.02,5.61,2.56,3.74,0.69,0.7,2025-08-20,Kribi,2025,8,232,34,18.0900000000001,26.87,57.16,503.25,-0.024569448074875672,-0.011000000000002785,24.66,equatorial
12.53,24.37,27.5,22.54,88.41,6.67,2.89,5.26,0.69,0.71,2025-08-21,Kribi,2025,8,233,34,22.3700000000001,30.479999999999997,59.85,507.96000000000004,-0.0077517628257489785,0.09933333333333394,24.66,equatorial
11.41,24.17,26.99,22.67,89.27,7.13,2.88,4.67,0.7,0.72,2025-08-22,Kribi,2025,8,234,34,25.7500000000001,35.98,64.8,508.61,-0.005429991312727437,-0.10299999999999798,24.66,equatorial
9.04,23.8,26.1,22.32,90.83,4.55,2.57,3.48,0.7,0.72,2025-08-23,Kribi,2025,8,235,34,27.9300000000001,39.07,65.82,512.0699999999999,0.006925958414484724,-0.45633333333333326,24.66,equatorial
8.03,24.0,26.81,22.58,90.47,1.7,2.69,3.45,0.7,0.7,2025-08-24,Kribi,2025,8,236,34,27.810000000000098,40.3,64.62,508.51,-0.0057889075390636065,-0.2530000000000001,24.66,equatorial
6.02,24.22,27.01,22.54,90.02,2.85,2.46,3.9,0.7,0.7,2025-08-25,Kribi,2025,8,237,35,29.8900000000001,42.6,65.16,509.15999999999997,-0.003466492980210807,-0.0486666666666693,24.66,equatorial
10.02,24.39,27.23,22.86,88.77,1.84,2.71,4.05,0.7,0.7,2025-08-26,Kribi,2025,8,238,35,30.3500000000001,43.67,65.62,505.64,-0.01604040360756263,0.10433333333333294,24.39,equatorial
13.12,24.55,27.76,22.52,87.18,1.93,2.39,4.91,0.69,0.69,2025-08-27,Kribi,2025,8,239,35,26.6700000000001,44.760000000000005,66.55,499.21000000000004,-0.039010922862960366,0.25033333333333374,24.55,equatorial
9.91,24.58,27.59,22.65,87.56,1.31,2.5,4.43,0.69,0.69,2025-08-28,Kribi,2025,8,240,35,21.310000000000098,43.68,66.25999999999999,481.75,-0.10139347140356515,0.28433333333333266,24.58,equatorial
15.62,24.41,26.65,22.74,88.49,0.66,2.58,3.42,0.68,0.68,2025-08-29,Kribi,2025,8,241,35,14.8400000000001,40.59,66.47999999999999,478.94,-0.11142218505887792,0.1269999999999989,24.58,equatorial
18.41,24.59,27.63,22.91,87.46,0.53,2.41,3.75,0.68,0.68,2025-08-30,Kribi,2025,8,242,35,10.820000000000098,38.75,65.1,468.89,-0.14732704063971683,0.3003333333333309,24.59,equatorial
14.64,24.6,27.1,23.19,89.42,0.51,2.2,2.79,0.67,0.68,2025-08-31,Kribi,2025,8,243,35,9.630000000000098,37.44,64.98,462.08,-0.17165007354822567,0.3149999999999977,24.6,equatorial
8.07,24.38,26.16,23.32,91.64,1.36,2.27,2.35,0.67,0.68,2025-09-01,Kribi,2025,9,244,36,8.1400000000001,38.03,64.99000000000001,447.63,-0.2232851001417965,0.10366666666666191,24.6,equatorial
12.3,24.71,27.4,23.32,90.71,15.59,2.75,4.45,0.69,0.73,2025-09-02,Kribi,2025,9,245,36,21.8900000000001,52.239999999999995,79.33,438.11,-0.2572922493098678,0.4373333333333349,24.71,equatorial
15.93,24.23,26.17,23.24,92.73,17.4,2.73,3.15,0.71,0.76,2025-09-03,Kribi,2025,9,246,36,37.3600000000001,64.03,94.3,447.74999999999994,-0.22278669025505865,-0.029333333333333655,24.71,equatorial
11.38,24.64,27.2,23.19,90.02,3.49,2.25,3.89,0.72,0.72,2025-09-04,Kribi,2025,9,247,36,39.5400000000001,60.849999999999994,95.88,448.84999999999997,-0.2188228793947881,0.36633333333333695,24.71,equatorial
10.12,25.09,28.09,23.37,87.13,3.84,1.81,4.17,0.71,0.72,2025-09-05,Kribi,2025,9,248,36,42.7200000000001,57.56,98.23,449.26,-0.2173270668167638,0.7913333333333306,25.09,equatorial
14.51,25.23,28.34,23.51,89.24,1.98,2.56,4.61,0.71,0.71,2025-09-06,Kribi,2025,9,249,36,44.1700000000001,54.989999999999995,97.15,447.97999999999996,-0.221876582925421,0.8969999999999985,25.23,equatorial
13.38,24.62,26.21,23.62,91.77,2.98,2.57,2.93,0.7,0.71,2025-09-07,Kribi,2025,9,250,36,46.6400000000001,56.27,98.5,447.76,-0.22263382033976276,0.26699999999999946,25.23,equatorial
10.14,24.43,25.99,23.63,93.82,10.82,2.52,2.73,0.71,0.74,2025-09-08,Kribi,2025,9,251,37,56.1000000000001,64.24,107.86,455.90999999999997,-0.19344345879207303,0.05700000000000216,25.23,equatorial
14.33,24.86,27.27,23.36,91.06,5.07,2.15,3.79,0.72,0.73,2025-09-09,Kribi,2025,9,252,37,45.5800000000001,67.47,112.46,455.28999999999996,-0.19563638649377652,0.47366666666666646,25.23,equatorial
12.92,25.02,27.7,23.58,90.47,4.26,1.98,3.78,0.71,0.72,2025-09-10,Kribi,2025,9,253,37,32.4400000000001,69.8,116.17,454.78,-0.19743560670598517,0.6073333333333331,25.23,equatorial
15.79,24.98,27.48,23.72,91.6,11.47,2.1,3.61,0.72,0.75,2025-09-11,Kribi,2025,9,254,37,40.4200000000001,79.96000000000001,126.87,464.52,-0.16254691910850871,0.5453333333333354,25.23,equatorial
8.6,24.4,25.98,23.49,93.41,23.06,2.02,2.65,0.74,0.78,2025-09-12,Kribi,2025,9,255,37,59.6400000000001,102.36,149.09,484.35,-0.0915386544620172,-0.047999999999998266,25.23,equatorial
11.06,24.59,26.58,23.4,91.98,35.5,2.16,3.6,0.79,0.84,2025-09-13,Kribi,2025,9,256,37,93.1600000000001,137.32999999999998,182.2,516.63,0.02404356712888315,0.1180000000000021,25.02,equatorial
7.46,24.67,26.29,23.59,91.26,4.51,2.82,3.79,0.79,0.78,2025-09-14,Kribi,2025,9,257,37,94.6900000000001,141.33,182.95999999999998,517.98,0.028874447785463258,0.17100000000000293,25.02,equatorial
10.98,24.74,27.73,23.3,90.69,8.06,2.53,4.65,0.78,0.78,2025-09-15,Kribi,2025,9,258,38,91.93000000000009,148.03,188.65,525.1700000000001,0.05461932903845327,0.21466666666666612,25.02,equatorial
19.62,24.88,27.34,23.54,90.32,2.6,2.23,3.68,0.77,0.76,2025-09-16,Kribi,2025,9,259,38,89.46000000000011,135.04,189.42999999999998,526.3,0.05865955877810175,0.32833333333333314,25.02,equatorial
16.78,25.46,28.74,23.55,86.69,1.31,2.02,4.88,0.76,0.75,2025-09-17,Kribi,2025,9,260,38,86.5100000000001,118.95,189.97,526.27,0.058544576672839264,0.8760000000000012,25.46,equatorial
17.09,25.33,28.55,23.42,87.93,2.97,2.33,5.24,0.75,0.75,2025-09-18,Kribi,2025,9,261,38,78.0100000000001,118.42999999999999,191.56,517.45,0.026939119812044072,0.7236666666666629,25.46,equatorial
11.04,25.0,27.24,23.71,90.48,14.37,1.93,3.8,0.76,0.78,2025-09-19,Kribi,2025,9,262,38,69.3200000000001,128.96,200.32,520.23,0.0368963988539304,0.36866666666666603,25.46,equatorial
15.19,25.23,27.9,23.62,89.1,3.59,2.4,4.76,0.76,0.75,2025-09-20,Kribi,2025,9,263,38,37.410000000000096,130.57,197.24,513.91,0.014244271709296265,0.5700000000000003,25.46,equatorial
12.12,24.43,25.48,23.77,95.38,12.21,2.5,2.16,0.77,0.78,2025-09-21,Kribi,2025,9,264,38,45.1100000000001,139.79999999999998,202.32,517.8,0.028183859969691336,-0.23866666666667058,25.46,equatorial
3.72,24.6,26.8,23.32,91.26,8.19,2.06,3.94,0.77,0.78,2025-09-22,Kribi,2025,9,265,39,45.2400000000001,137.17,205.96,518.38,0.030259193391396728,-0.0953333333333326,25.46,equatorial
6.18,24.98,27.92,23.25,88.3,1.3,2.12,4.34,0.77,0.75,2025-09-23,Kribi,2025,9,266,39,43.9400000000001,133.4,205.56,517.06,0.025523363037421903,0.2519999999999989,25.46,equatorial
16.35,24.78,26.49,23.71,91.62,1.22,2.1,2.23,0.76,0.75,2025-09-24,Kribi,2025,9,267,39,43.850000000000094,130.35999999999999,203.93,515.0699999999999,0.018385396297509984,0.03333333333333499,25.33,equatorial
17.16,25.32,27.7,23.81,88.54,6.56,1.9,4.27,0.76,0.76,2025-09-25,Kribi,2025,9,268,39,47.4400000000001,125.44999999999999,208.64999999999998,515.92,0.021430929503831506,0.5423333333333353,25.32,equatorial
18.12,25.83,29.08,23.71,84.99,0.47,1.4,4.75,0.76,0.74,2025-09-26,Kribi,2025,9,269,39,33.5400000000001,102.86,207.19000000000003,514.86,0.017626828619017113,1.0096666666666643,25.83,equatorial
18.31,25.64,28.5,23.99,88.41,0.49,1.73,3.15,0.75,0.74,2025-09-27,Kribi,2025,9,270,39,30.4400000000001,67.85,206.37,512.99,0.010917539061600284,0.7843333333333362,25.83,equatorial
9.64,25.46,27.54,24.27,91.88,7.19,2.2,3.58,0.75,0.76,2025-09-28,Kribi,2025,9,271,39,25.4200000000001,70.53,212.9,505.0,-0.01774487217777277,0.5693333333333328,25.83,equatorial
8.11,25.39,27.35,24.24,92.04,9.18,2.61,3.87,0.75,0.77,2025-09-29,Kribi,2025,9,272,40,26.410000000000103,71.65,221.55,504.91,-0.018065492555019397,0.4726666666666688,25.83,equatorial
5.92,24.95,26.48,23.87,93.24,20.23,2.62,3.29,0.78,0.81,2025-09-30,Kribi,2025,9,273,40,45.3400000000001,89.28,241.26999999999998,519.1,0.03285089163886065,0.02100000000000435,25.83,equatorial
11.3,24.32,26.37,23.22,89.68,8.46,1.71,3.35,0.78,0.78,2025-10-01,Kribi,2025,10,274,40,52.5800000000001,96.43,248.37,499.65000000000003,-0.036949273233442756,-0.6069999999999993,25.83,equatorial
9.03,24.91,27.63,22.92,86.66,14.96,1.71,4.89,0.79,0.8,2025-10-02,Kribi,2025,10,275,40,60.9800000000001,108.42000000000002,247.74,478.04,-0.11450135876968841,-0.02366666666666717,25.83,equatorial
18.21,25.8,28.77,23.66,83.88,0.37,1.35,4.41,0.79,0.77,2025-10-03,Kribi,2025,10,276,40,60.8800000000001,94.42,230.71,472.5,-0.13437170474110877,0.8140000000000001,25.8,equatorial
10.62,24.88,26.72,23.76,92.74,5.07,2.21,2.87,0.78,0.77,2025-10-04,Kribi,2025,10,277,40,65.4600000000001,95.9,232.29,471.24,-0.13887746900322998,-0.11400000000000432,25.8,equatorial
14.13,24.49,25.65,23.76,94.33,26.41,2.41,2.52,0.8,0.83,2025-10-05,Kribi,2025,10,278,40,84.6800000000001,110.10000000000001,254.86,487.87,-0.07915326235246781,-0.48400000000000176,25.8,equatorial
14.4,24.78,26.63,23.72,92.32,31.6,1.97,3.01,0.83,0.85,2025-10-06,Kribi,2025,10,279,41,107.1000000000001,133.51000000000002,284.48,494.98,-0.0536130058860694,-0.1789999999999985,25.8,equatorial
18.79,25.07,27.38,23.72,90.15,3.71,2.17,4.1,0.84,0.81,2025-10-07,Kribi,2025,10,280,41,90.5800000000001,135.92,285.21,489.47,-0.07339363831574566,0.09600000000000009,25.8,equatorial
12.72,24.62,26.12,23.9,92.68,5.19,1.78,2.38,0.82,0.81,2025-10-08,Kribi,2025,10,281,41,87.3100000000001,139.89000000000001,279.58,489.97,-0.0715884394624601,-0.3603333333333296,25.8,equatorial
17.31,25.82,29.26,23.69,86.01,1.65,1.68,4.64,0.82,0.8,2025-10-09,Kribi,2025,10,282,41,74.0000000000001,134.98,276.16,486.06,-0.0856244002101417,0.8076666666666661,25.82,equatorial
5.5,25.84,29.34,24.13,88.84,3.66,1.59,4.13,0.81,0.79,2025-10-10,Kribi,2025,10,283,41,77.2900000000001,138.17,275.56,487.04,-0.08209274648897663,0.8003333333333309,25.84,equatorial
22.4,25.34,27.99,23.94,89.96,4.58,1.94,3.76,0.8,0.79,2025-10-11,Kribi,2025,10,284,41,76.8000000000001,142.26000000000002,268.67,489.52000000000004,-0.07317160015810047,0.288333333333334,25.84,equatorial
13.6,25.8,29.95,23.44,86.8,4.93,1.88,5.2,0.8,0.79,2025-10-12,Kribi,2025,10,285,41,55.3200000000001,140.0,250.54000000000002,492.5,-0.06245374771304964,0.7016666666666644,25.84,equatorial
13.45,25.85,29.38,23.84,86.73,2.52,1.74,4.95,0.8,0.78,2025-10-13,Kribi,2025,10,286,42,26.240000000000098,133.34,217.56,490.28000000000003,-0.07042428449454177,0.7096666666666671,25.85,equatorial
11.88,24.97,26.58,24.06,93.32,9.57,1.47,2.12,0.79,0.8,2025-10-14,Kribi,2025,10,287,42,32.100000000000094,122.67999999999999,222.62,484.14,-0.09248471996857915,-0.18033333333333346,25.85,equatorial
4.91,25.15,27.31,23.85,90.9,5.84,2.13,3.91,0.8,0.79,2025-10-15,Kribi,2025,10,288,42,32.7500000000001,120.06,220.4,486.70000000000005,-0.0832701530422003,-0.014000000000002899,25.85,equatorial
5.05,24.62,25.7,24.02,92.59,2.42,1.79,2.14,0.8,0.79,2025-10-16,Kribi,2025,10,289,42,33.520000000000095,107.52,220.22000000000003,487.52,-0.08031139597727405,-0.5353333333333339,25.85,equatorial
21.67,25.97,29.84,23.39,83.07,0.29,1.46,4.93,0.8,0.78,2025-10-17,Kribi,2025,10,290,42,30.150000000000095,107.44000000000001,219.20000000000002,477.66,-0.11575497029632985,0.7976666666666681,25.97,equatorial
19.02,25.65,28.48,23.98,88.12,2.8,1.69,3.58,0.79,0.78,2025-10-18,Kribi,2025,10,291,42,28.370000000000093,105.17,219.03000000000003,466.14000000000004,-0.1571678661224997,0.46699999999999875,25.97,equatorial
11.85,25.45,27.65,24.13,91.88,7.79,2.02,3.49,0.79,0.79,2025-10-19,Kribi,2025,10,292,42,31.230000000000096,86.55,212.45000000000002,469.93,-0.1435163446684748,0.25200000000000244,25.97,equatorial
14.21,25.31,27.23,24.0,90.26,5.1,2.01,3.51,0.8,0.79,2025-10-20,Kribi,2025,10,293,43,33.810000000000095,60.05,213.96,471.05,-0.13946909234165397,0.1093333333333284,25.97,equatorial
22.2,26.22,29.58,23.9,85.6,1.32,1.76,4.73,0.79,0.78,2025-10-21,Kribi,2025,10,294,43,25.560000000000095,57.66,203.07,470.19,-0.14254493215275543,0.9596666666666671,26.22,equatorial
21.61,25.62,27.5,24.46,90.81,3.71,2.0,2.84,0.79,0.78,2025-10-22,Kribi,2025,10,295,43,23.4300000000001,56.18,198.59,470.37000000000006,-0.14187888602309912,0.3256666666666703,26.22,equatorial
10.22,25.58,28.13,24.17,91.25,4.07,2.02,3.59,0.79,0.78,2025-10-23,Kribi,2025,10,296,43,25.080000000000098,58.6,201.35999999999999,471.54,-0.13765044568338844,0.26566666666666805,26.22,equatorial
12.56,25.5,27.5,24.37,91.29,5.39,2.26,3.78,0.79,0.78,2025-10-24,Kribi,2025,10,297,43,30.180000000000096,60.33,205.53,474.62,-0.1265482620901948,0.16166666666666885,26.22,equatorial
16.27,25.93,28.97,24.1,88.58,4.07,2.16,4.85,0.79,0.78,2025-10-25,Kribi,2025,10,298,43,31.450000000000095,59.82,203.04000000000002,477.31,-0.11684989321921979,0.5713333333333317,26.22,equatorial
14.81,25.24,26.66,24.59,93.56,7.68,2.12,2.53,0.79,0.79,2025-10-26,Kribi,2025,10,299,43,31.340000000000096,62.57,210.25,483.99,-0.09278858917440912,-0.0990000000000002,26.22,equatorial
12.05,25.53,27.48,24.53,92.86,8.87,2.3,3.21,0.8,0.8,2025-10-27,Kribi,2025,10,300,44,35.1100000000001,68.92,218.63000000000002,491.26,-0.06660325001851562,0.19466666666666654,26.22,equatorial
10.52,25.29,26.73,24.46,94.99,19.47,2.35,2.6,0.81,0.83,2025-10-28,Kribi,2025,10,301,44,53.26000000000009,78.82,230.91000000000003,510.28999999999996,0.0019259071872811907,-0.03966666666666541,25.93,equatorial
14.22,25.68,28.57,24.07,89.91,7.39,2.56,5.18,0.82,0.81,2025-10-29,Kribi,2025,10,302,44,56.94000000000009,80.36999999999999,229.12,515.77,0.02165982704569317,0.34066666666666734,25.93,equatorial
8.44,25.01,26.31,24.36,93.7,6.25,2.35,2.66,0.82,0.81,2025-10-30,Kribi,2025,10,303,44,59.12000000000009,84.19999999999999,215.14,521.39,0.041897961889027245,-0.33133333333333326,25.93,equatorial
12.53,24.94,25.86,24.36,95.06,9.44,2.19,2.18,0.82,0.81,2025-10-31,Kribi,2025,10,304,44,63.17000000000009,93.35,216.12,529.48,0.07103308664975948,-0.4220000000000006,25.93,equatorial
14.44,25.61,28.2,24.23,88.29,11.13,1.95,4.5,0.82,0.82,2025-11-01,Kribi,2025,11,305,44,70.23000000000009,101.68,212.29,539.36,0.10661654498778557,0.22466666666666413,25.68,equatorial
12.2,25.84,28.85,24.23,88.1,6.48,1.63,3.9,0.83,0.81,2025-11-02,Kribi,2025,11,306,44,69.03000000000009,100.36999999999999,218.4,543.4100000000001,0.12119475805719417,0.4533333333333367,25.84,equatorial
11.01,25.69,28.34,24.41,89.24,3.5,1.57,2.89,0.82,0.81,2025-11-03,Kribi,2025,11,307,45,63.660000000000096,98.77,216.83,545.0,0.12690858581270503,0.2763333333333371,25.84,equatorial
15.93,25.77,27.81,24.44,90.43,5.35,1.55,2.77,0.82,0.81,2025-11-04,Kribi,2025,11,308,45,49.54000000000009,102.8,195.77,548.8599999999999,0.14080301971054904,0.31366666666666987,25.84,equatorial
10.1,25.58,27.15,24.67,92.46,9.22,1.59,2.22,0.83,0.82,2025-11-05,Kribi,2025,11,309,45,51.3700000000001,108.31,173.39000000000001,555.02,0.16298707956413472,0.09699999999999775,25.84,equatorial
11.74,25.36,26.99,24.4,92.61,3.7,2.17,2.47,0.83,0.81,2025-11-06,Kribi,2025,11,310,45,48.82000000000009,107.94,173.38,557.09,0.1704276743096639,-0.13266666666666893,25.84,equatorial
14.16,25.91,29.23,24.21,85.72,6.38,1.77,3.05,0.83,0.82,2025-11-07,Kribi,2025,11,311,45,45.7600000000001,108.92999999999999,174.57,562.01,0.1881427586978794,0.3743333333333325,25.91,equatorial
19.01,26.49,30.56,23.84,84.67,3.37,1.59,5.12,0.83,0.81,2025-11-08,Kribi,2025,11,312,45,38.00000000000009,108.23,176.29,564.9100000000001,0.1985743047680599,0.9319999999999986,26.49,equatorial
9.78,26.45,30.08,24.41,87.41,3.3,1.79,4.53,0.82,0.8,2025-11-09,Kribi,2025,11,313,45,34.8200000000001,103.85,175.93,567.66,0.20846474826960998,0.8716666666666697,26.49,equatorial
19.73,26.32,28.92,24.72,87.73,1.81,1.38,3.19,0.82,0.8,2025-11-10,Kribi,2025,11,314,46,33.130000000000095,96.79,173.16,568.7,0.21218801010392832,0.7089999999999996,26.49,equatorial
18.65,26.69,30.24,24.74,86.19,1.79,1.63,4.69,0.81,0.79,2025-11-11,Kribi,2025,11,315,46,29.570000000000096,79.11,170.01999999999998,569.65,0.21558658069599712,1.0493333333333332,26.69,equatorial
12.14,26.6,30.01,24.68,86.53,2.71,1.67,4.58,0.81,0.79,2025-11-12,Kribi,2025,11,316,46,23.060000000000095,74.43,170.21,569.97,0.21671249475562812,0.9343333333333383,26.69,equatorial
17.88,25.51,27.12,24.44,91.89,3.68,1.7,2.35,0.8,0.79,2025-11-13,Kribi,2025,11,317,46,23.040000000000095,71.86,164.32000000000002,569.9,0.2164313841244371,-0.17366666666666575,26.69,equatorial
13.71,26.33,30.12,24.0,85.25,6.48,1.38,5.35,0.81,0.8,2025-11-14,Kribi,2025,11,318,46,23.140000000000096,68.9,164.96,574.01,0.23123233254368464,0.6069999999999993,26.69,equatorial
14.0,26.25,29.29,24.6,88.33,2.41,1.7,3.83,0.81,0.79,2025-11-15,Kribi,2025,11,319,46,22.180000000000096,60.18000000000001,164.95,574.6,0.2333307294356784,0.4726666666666688,26.69,equatorial
18.8,26.83,30.57,24.48,85.28,2.86,1.51,4.77,0.8,0.79,2025-11-16,Kribi,2025,11,320,46,21.740000000000094,56.56,167.52,576.6899999999999,0.2408425727001022,1.0239999999999974,26.83,equatorial
17.04,27.0,30.36,25.21,85.07,1.23,1.46,4.49,0.8,0.78,2025-11-17,Kribi,2025,11,321,47,21.160000000000096,54.29,165.95,576.54,0.24026910499269855,1.149000000000001,27.0,equatorial
9.08,26.91,30.25,25.31,84.85,1.37,1.37,4.49,0.79,0.78,2025-11-18,Kribi,2025,11,322,47,20.740000000000098,50.309999999999995,159.53,572.3000000000001,0.22493135799030123,1.0103333333333318,27.0,equatorial
13.15,26.77,30.45,24.87,85.43,6.89,1.59,5.21,0.79,0.79,2025-11-19,Kribi,2025,11,323,47,24.920000000000094,47.98,161.32,572.52,0.22569590993331276,0.821666666666669,27.0,equatorial
19.55,26.62,30.35,24.51,85.43,0.94,1.79,4.36,0.79,0.77,2025-11-20,Kribi,2025,11,324,47,22.180000000000096,45.220000000000006,160.94,566.33,0.2033156844211056,0.658333333333335,27.0,equatorial
15.34,26.64,30.01,24.74,86.57,1.18,1.6,4.22,0.78,0.77,2025-11-21,Kribi,2025,11,325,47,16.880000000000095,40.02,158.41,562.96,0.19111942182029681,0.6443333333333321,27.0,equatorial
18.72,26.69,30.02,24.7,86.39,2.53,1.94,4.63,0.78,0.77,2025-11-22,Kribi,2025,11,326,47,17.000000000000096,39.18,156.87,563.79,0.19409217259161585,0.6573333333333338,27.0,equatorial
18.92,26.72,29.98,24.82,85.54,1.3,1.63,4.52,0.78,0.76,2025-11-23,Kribi,2025,11,327,47,15.440000000000095,37.18,152.78,562.24,0.1884681949403276,0.6466666666666647,27.0,equatorial
18.6,27.31,30.67,25.0,83.83,1.87,1.53,5.15,0.77,0.76,2025-11-24,Kribi,2025,11,328,48,16.080000000000094,37.24,150.58,562.2700000000001,0.18855206227488341,1.1906666666666652,27.31,equatorial
15.7,26.76,29.87,24.86,87.75,1.9,1.93,3.76,0.77,0.76,2025-11-25,Kribi,2025,11,329,48,16.610000000000095,37.349999999999994,144.79999999999998,562.24,0.18841916150737262,0.5899999999999999,27.31,equatorial
13.32,26.46,28.73,25.18,90.59,3.26,2.2,2.93,0.77,0.76,2025-11-26,Kribi,2025,11,330,48,12.980000000000096,37.900000000000006,139.19,564.19,0.19544073516711274,0.25900000000000034,27.31,equatorial
4.81,26.41,28.57,25.1,90.25,1.57,1.96,2.6,0.77,0.76,2025-11-27,Kribi,2025,11,331,48,13.610000000000095,35.79,121.29,565.0999999999999,0.19870383162676122,0.17166666666666686,27.31,equatorial
16.08,26.59,29.71,24.89,88.2,1.34,1.87,3.45,0.77,0.76,2025-11-28,Kribi,2025,11,332,48,13.770000000000095,30.65,115.24000000000001,565.91,0.20160544929040763,0.3213333333333317,27.31,equatorial
19.99,26.97,30.98,24.6,85.39,0.63,1.8,4.51,0.76,0.75,2025-11-29,Kribi,2025,11,333,48,11.870000000000095,28.87,109.62,566.03,0.20201289698836983,0.6359999999999957,27.31,equatorial
18.35,27.02,30.36,24.86,85.69,0.97,1.87,4.27,0.76,0.75,2025-11-30,Kribi,2025,11,334,48,11.540000000000097,26.98,101.15,565.64,0.20057664357169935,0.6166666666666671,27.31,equatorial
16.39,26.94,30.24,25.15,87.06,4.4,1.97,4.41,0.76,0.76,2025-12-01,Kribi,2025,12,335,49,14.070000000000096,30.15,94.42,554.4499999999999,0.1600924916453174,0.4923333333333346,27.02,equatorial
11.71,26.62,29.01,25.17,89.84,3.74,2.05,3.04,0.76,0.75,2025-12-02,Kribi,2025,12,336,49,15.910000000000096,32.519999999999996,91.68,540.79,0.11067720989614774,0.1463333333333381,27.02,equatorial
5.3,26.09,27.75,25.05,92.58,7.39,1.83,1.9,0.77,0.78,2025-12-03,Kribi,2025,12,337,49,20.040000000000095,33.019999999999996,95.57000000000001,544.6899999999999,0.12476738644230187,-0.397000000000002,27.02,equatorial
15.7,26.34,28.79,24.89,88.64,0.73,1.8,2.66,0.77,0.76,2025-12-04,Kribi,2025,12,338,49,19.200000000000095,32.81,90.95,541.58,0.11350292197212787,-0.16600000000000392,27.02,equatorial
19.01,26.42,29.35,24.4,87.41,1.68,1.76,3.47,0.76,0.76,2025-12-05,Kribi,2025,12,339,49,19.540000000000095,33.31,83.41,541.2800000000001,0.11240331702858428,-0.11399999999999721,27.02,equatorial
10.1,26.85,30.13,24.91,86.17,1.62,1.7,3.61,0.76,0.75,2025-12-06,Kribi,2025,12,340,49,20.530000000000097,32.4,81.33,539.92,0.10746884643965726,0.26633333333333553,27.02,equatorial
16.0,26.51,29.02,25.12,89.34,4.05,2.0,3.27,0.76,0.76,2025-12-07,Kribi,2025,12,341,49,23.6100000000001,35.15,79.0,533.15,0.08295961138557954,-0.0936666666666639,26.94,equatorial
18.71,26.75,30.33,24.65,86.46,6.46,1.81,4.17,0.76,0.77,2025-12-08,Kribi,2025,12,342,50,25.670000000000094,39.74,82.08999999999999,534.5400000000001,0.08797917115609694,0.13766666666666794,26.85,equatorial
12.98,26.19,28.3,24.84,89.52,4.33,1.85,2.73,0.76,0.77,2025-12-09,Kribi,2025,12,343,50,26.260000000000097,42.17,83.12,534.61,0.08822142100349112,-0.4136666666666642,26.85,equatorial
19.78,26.22,29.03,24.39,88.04,3.88,2.17,3.62,0.76,0.76,2025-12-10,Kribi,2025,12,344,50,22.750000000000096,42.79,85.19,527.02,0.06073741972714334,-0.38033333333333275,26.85,equatorial
13.8,25.73,27.54,24.74,91.34,5.34,2.25,2.51,0.77,0.77,2025-12-11,Kribi,2025,12,345,50,27.360000000000095,46.559999999999995,88.74000000000001,509.3,-0.0034178955866500816,-0.8383333333333312,26.85,equatorial
17.48,25.85,28.05,24.58,87.7,1.4,1.59,2.56,0.77,0.76,2025-12-12,Kribi,2025,12,346,50,27.080000000000094,46.62,87.42999999999999,475.2,-0.12687720321222287,-0.6933333333333351,26.85,equatorial
18.79,26.82,30.75,24.52,84.12,1.55,1.8,4.34,0.76,0.75,2025-12-13,Kribi,2025,12,347,50,27.010000000000094,47.54,85.3,472.24,-0.13757910175779967,0.23300000000000054,26.82,equatorial
4.24,26.45,29.32,24.75,88.71,1.78,2.09,2.99,0.76,0.75,2025-12-14,Kribi,2025,12,348,50,24.740000000000094,48.35,80.6,465.96000000000004,-0.16030389959497202,-0.1410000000000018,26.82,equatorial
18.76,26.55,29.14,24.98,87.32,1.92,2.07,3.13,0.76,0.75,2025-12-15,Kribi,2025,12,349,51,20.200000000000095,45.87,80.11,465.28,-0.16274620059004702,-0.05099999999999838,26.82,equatorial
18.02,26.74,29.88,24.9,85.25,1.08,1.8,3.78,0.75,0.74,2025-12-16,Kribi,2025,12,350,51,16.950000000000095,43.21,78.33,465.05,-0.16355845850953904,0.14199999999999946,26.82,equatorial
16.06,26.49,29.83,24.39,85.11,0.17,1.97,3.73,0.75,0.74,2025-12-17,Kribi,2025,12,351,51,13.240000000000096,35.989999999999995,77.27,462.25,-0.17368105636006329,-0.09100000000000108,26.82,equatorial
18.92,26.05,29.25,24.41,86.5,0.15,2.2,3.38,0.74,0.74,2025-12-18,Kribi,2025,12,352,51,8.050000000000097,35.410000000000004,76.05,448.03000000000003,-0.22517956217460552,-0.5023333333333326,26.82,equatorial
18.56,26.74,30.73,24.09,83.33,0.11,1.79,4.02,0.74,0.73,2025-12-19,Kribi,2025,12,353,51,6.760000000000096,33.84,69.27,444.54999999999995,-0.23775994336327905,0.18866666666666276,26.82,equatorial
18.81,26.74,29.98,24.85,85.62,0.09,2.04,3.46,0.73,0.73,2025-12-20,Kribi,2025,12,354,51,5.300000000000096,32.309999999999995,68.42,432.43,-0.28165080882467075,0.18466666666666498,26.74,equatorial
16.4,26.43,29.17,24.95,87.8,0.11,2.79,3.2,0.73,0.73,2025-12-21,Kribi,2025,12,355,51,3.630000000000096,28.37,67.35000000000001,424.35,-0.3108975064947938,-0.11833333333333584,26.74,equatorial
17.34,26.65,30.94,23.67,82.85,0.12,2.0,4.25,0.73,0.72,2025-12-22,Kribi,2025,12,356,52,1.830000000000096,22.029999999999998,64.94,423.17,-0.3151321701693535,0.10299999999999798,26.74,equatorial
18.57,27.33,31.24,25.28,83.2,0.1,1.77,4.18,0.72,0.72,2025-12-23,Kribi,2025,12,357,52,0.8500000000000959,17.8,63.739999999999995,422.05,-0.31914913004523027,0.7626666666666644,27.33,equatorial
17.71,25.96,28.18,24.6,89.8,0.15,2.46,2.17,0.72,0.72,2025-12-24,Kribi,2025,12,358,52,0.8300000000000959,14.07,62.02,415.64000000000004,-0.3423449270056735,-0.5623333333333314,27.33,equatorial
19.93,26.87,31.47,23.72,82.07,0.07,1.85,4.27,0.71,0.71,2025-12-25,Kribi,2025,12,359,52,0.7500000000000959,8.8,60.190000000000005,415.24,-0.34374763494158234,0.3440000000000012,27.33,equatorial
18.81,27.14,30.83,24.87,84.43,0.16,2.27,4.28,0.71,0.71,2025-12-26,Kribi,2025,12,360,52,0.8000000000000959,7.56,57.089999999999996,414.90999999999997,-0.3448964354793296,0.5913333333333348,27.33,equatorial
20.16,27.09,30.57,25.0,84.9,0.24,2.26,4.0,0.71,0.71,2025-12-27,Kribi,2025,12,361,52,0.9500000000000959,6.25,55.76,407.96,-0.37005392390974556,0.5186666666666682,27.33,equatorial
17.64,27.12,30.67,25.15,84.82,0.24,2.02,3.62,0.7,0.7,2025-12-28,Kribi,2025,12,362,52,1.080000000000096,4.710000000000001,54.660000000000004,399.02,-0.40242744863701735,0.5310000000000024,27.33,equatorial
16.06,26.72,29.22,25.31,86.78,0.17,1.96,2.47,0.7,0.71,2025-12-29,Kribi,2025,12,363,1,1.1300000000000958,2.96,54.199999999999996,378.96000000000004,-0.4751344640664721,0.1393333333333331,27.33,equatorial
21.49,26.95,31.07,24.55,83.25,0.07,1.96,3.96,0.7,0.7,2025-12-30,Kribi,2025,12,364,1,1.1000000000000958,1.95,53.3,370.57,-0.5054980887676354,0.3716666666666697,27.14,equatorial
15.68,26.94,29.8,25.15,84.44,0.26,1.78,2.95,0.7,0.7,2025-12-31,Kribi,2025,12,365,1,1.2100000000000959,2.04,49.160000000000004,355.87,-0.558749883096435,0.36166666666666814,27.14,equatorial
