nasa_allsky_sfc_sw_dwn,nasa_t2m,nasa_t2m_max,nasa_t2m_min,nasa_rh2m,nasa_prectotcorr,nasa_ws10m,nasa_evland,nasa_gwetroot,nasa_gwettop,date,zone,year,month,day_of_year,week,rain_7d,rain_14d,rain_30d,rain_90d,spi3_approx,temp_anom_30d,temp_max_7d,climate_zone
18.53,24.39,28.89,21.4,83.34,0.01,1.6,4.22,0.67,0.7,2015-01-01,Kumba,2015,1,1,1,0.01,0.01,0.01,0.01,,,24.39,equatorial
19.8,24.49,29.7,20.62,80.27,0.01,1.58,4.66,0.66,0.69,2015-01-02,Kumba,2015,1,2,1,0.02,0.02,0.02,0.02,,,24.49,equatorial
17.61,24.58,30.05,20.43,76.92,0.0,1.48,4.54,0.66,0.68,2015-01-03,Kumba,2015,1,3,1,0.02,0.02,0.02,0.02,,,24.58,equatorial
17.58,23.82,28.61,19.76,76.89,0.0,1.84,4.23,0.65,0.67,2015-01-04,Kumba,2015,1,4,1,0.02,0.02,0.02,0.02,,,24.58,equatorial
19.5,23.82,29.23,19.65,73.19,0.0,1.41,4.13,0.64,0.67,2015-01-05,Kumba,2015,1,5,2,0.02,0.02,0.02,0.02,,,24.58,equatorial
18.44,23.49,28.46,19.68,72.74,0.0,1.39,3.57,0.64,0.66,2015-01-06,Kumba,2015,1,6,2,0.02,0.02,0.02,0.02,,,24.58,equatorial
18.53,22.85,27.37,19.29,75.32,0.0,1.91,2.57,0.63,0.66,2015-01-07,Kumba,2015,1,7,2,0.02,0.02,0.02,0.02,,-1.0699999999999967,24.58,equatorial
18.0,23.74,28.61,19.84,79.68,0.0,1.66,3.52,0.63,0.65,2015-01-08,Kumba,2015,1,8,2,0.01,0.02,0.02,0.02,,-0.15750000000000242,24.58,equatorial
20.61,23.77,29.68,18.28,66.39,0.0,1.83,4.39,0.62,0.64,2015-01-09,Kumba,2015,1,9,2,0.0,0.02,0.02,0.02,,-0.11333333333333329,24.58,equatorial
21.69,22.61,29.68,16.52,60.17,0.0,2.2,4.47,0.61,0.63,2015-01-10,Kumba,2015,1,10,2,0.0,0.02,0.02,0.02,,-1.1460000000000008,23.82,equatorial
20.1,23.01,28.95,18.29,63.91,0.0,2.0,4.15,0.6,0.62,2015-01-11,Kumba,2015,1,11,2,0.0,0.02,0.02,0.02,,-0.678181818181816,23.82,equatorial
20.5,23.16,29.53,17.19,65.19,0.0,2.1,4.18,0.6,0.61,2015-01-12,Kumba,2015,1,12,3,0.0,0.02,0.02,0.02,,-0.48416666666666686,23.77,equatorial
20.91,23.4,29.3,17.75,63.44,0.0,2.24,3.85,0.59,0.6,2015-01-13,Kumba,2015,1,13,3,0.0,0.02,0.02,0.02,,-0.22538461538461618,23.77,equatorial
20.41,24.02,30.32,18.88,68.58,0.0,1.81,3.86,0.59,0.59,2015-01-14,Kumba,2015,1,14,3,0.0,0.02,0.02,0.02,,0.3664285714285711,24.02,equatorial
20.94,24.23,29.85,19.8,71.14,0.0,1.94,3.69,0.58,0.59,2015-01-15,Kumba,2015,1,15,3,0.0,0.01,0.02,0.02,,0.5380000000000003,24.23,equatorial
20.31,24.72,30.46,20.93,78.42,0.01,1.33,3.57,0.57,0.58,2015-01-16,Kumba,2015,1,16,3,0.01,0.01,0.03,0.03,,0.9637499999999974,24.72,equatorial
20.75,24.58,30.69,20.12,80.43,0.03,1.63,2.97,0.57,0.57,2015-01-17,Kumba,2015,1,17,3,0.04,0.04,0.06,0.06,,0.7752941176470571,24.72,equatorial
19.46,25.05,31.12,21.13,78.98,0.09,1.6,3.46,0.56,0.56,2015-01-18,Kumba,2015,1,18,3,0.13,0.13,0.15,0.15,,1.176111111111112,25.05,equatorial
18.97,25.23,31.2,21.26,77.76,0.2,1.46,3.69,0.56,0.55,2015-01-19,Kumba,2015,1,19,4,0.33,0.33,0.35,0.35,,1.2847368421052643,25.23,equatorial
19.05,25.28,30.91,20.52,77.76,0.21,1.3,3.38,0.55,0.54,2015-01-20,Kumba,2015,1,20,4,0.54,0.54,0.56,0.56,,1.2680000000000007,25.28,equatorial
18.53,26.29,32.58,22.13,76.32,0.53,1.4,3.61,0.55,0.54,2015-01-21,Kumba,2015,1,21,4,1.07,1.07,1.09,1.09,,2.1695238095238096,26.29,equatorial
16.9,26.46,32.83,22.26,78.06,0.7,2.01,3.5,0.54,0.53,2015-01-22,Kumba,2015,1,22,4,1.77,1.77,1.79,1.79,,2.2331818181818193,26.46,equatorial
17.9,26.35,32.17,22.79,80.34,1.13,2.08,3.61,0.54,0.53,2015-01-23,Kumba,2015,1,23,4,2.8899999999999997,2.9,2.92,2.92,,2.0308695652173903,26.46,equatorial
16.97,25.67,30.46,22.61,83.27,1.65,2.29,3.11,0.53,0.53,2015-01-24,Kumba,2015,1,24,4,4.51,4.55,4.57,4.57,,1.2945833333333354,26.46,equatorial
16.41,25.28,29.23,22.83,85.6,2.5,2.21,2.35,0.53,0.54,2015-01-25,Kumba,2015,1,25,4,6.92,7.05,7.07,7.07,,0.8684000000000012,26.46,equatorial
16.93,25.86,31.22,22.55,80.41,0.2,1.72,2.69,0.53,0.52,2015-01-26,Kumba,2015,1,26,5,6.92,7.25,7.27,7.27,,1.3926923076923075,26.46,equatorial
15.85,25.23,28.68,23.02,84.95,0.14,1.49,1.47,0.53,0.52,2015-01-27,Kumba,2015,1,27,5,6.85,7.39,7.41,7.41,,0.7344444444444456,26.46,equatorial
17.67,25.08,28.74,22.8,85.26,0.15,2.07,1.59,0.53,0.52,2015-01-28,Kumba,2015,1,28,5,6.47,7.54,7.56,7.56,,0.5635714285714251,26.46,equatorial
17.97,25.77,30.79,22.7,81.19,0.12,1.84,2.5,0.53,0.51,2015-01-29,Kumba,2015,1,29,5,5.89,7.66,7.68,7.68,,1.210344827586205,26.35,equatorial
18.29,26.19,31.44,22.66,78.43,0.1,1.7,2.61,0.52,0.5,2015-01-30,Kumba,2015,1,30,5,4.859999999999999,7.75,7.78,7.78,1.9610158135544797,1.576000000000004,26.19,equatorial
17.9,26.26,31.86,22.76,77.6,0.28,1.55,2.46,0.52,0.5,2015-01-31,Kumba,2015,1,31,5,3.49,8.0,8.05,8.06,1.8930056878119907,1.5836666666666694,26.26,equatorial
16.98,26.01,30.66,22.9,80.48,0.23,1.7,1.94,0.51,0.5,2015-02-01,Kumba,2015,2,32,5,1.22,8.14,8.27,8.29,1.825371048270935,1.2830000000000013,26.26,equatorial
18.54,26.86,33.78,22.85,75.49,0.22,1.56,2.81,0.51,0.49,2015-02-02,Kumba,2015,2,33,6,1.2400000000000002,8.16,8.49,8.51,1.7678323807272223,2.057000000000002,26.86,equatorial
17.09,25.72,29.37,23.09,82.63,0.63,1.76,1.7,0.51,0.49,2015-02-03,Kumba,2015,2,34,6,1.73,8.58,9.120000000000001,9.14,1.8217152176427458,0.8536666666666655,26.86,equatorial
17.37,26.86,33.21,22.86,77.08,0.53,1.72,2.91,0.5,0.48,2015-02-04,Kumba,2015,2,35,6,2.1100000000000003,8.58,9.65,9.67,1.8408971215046044,1.8923333333333332,26.86,equatorial
15.89,26.62,32.72,22.93,78.56,4.0,1.78,3.28,0.5,0.5,2015-02-05,Kumba,2015,2,36,6,5.99,11.879999999999999,13.65,13.67,2.5846910322762806,1.5480000000000018,26.86,equatorial
16.32,25.72,29.57,23.28,84.26,3.49,1.97,2.08,0.51,0.52,2015-02-06,Kumba,2015,2,37,6,9.38,14.24,17.14,17.16,2.9467048094277435,0.5523333333333333,26.86,equatorial
16.52,25.38,28.7,23.23,88.02,4.69,1.86,1.67,0.51,0.53,2015-02-07,Kumba,2015,2,38,6,13.79,17.28,21.830000000000002,21.85,3.2764969129217563,0.15766666666666396,26.86,equatorial
13.48,25.13,28.19,23.5,89.89,6.31,1.83,1.32,0.52,0.55,2015-02-08,Kumba,2015,2,39,6,19.87,21.09,28.14,28.16,3.5551503041255854,-0.13766666666666794,26.86,equatorial
16.18,26.11,31.52,22.6,81.99,4.99,2.15,3.4,0.52,0.55,2015-02-09,Kumba,2015,2,40,7,24.64,25.880000000000003,33.13,33.15,3.503116267033861,0.7256666666666618,26.86,equatorial
17.99,25.56,29.14,23.29,83.25,0.29,1.9,1.51,0.52,0.52,2015-02-10,Kumba,2015,2,41,7,24.3,26.03,33.42,33.44,3.0516401064135925,0.09066666666666734,26.86,equatorial
12.45,25.52,29.21,23.37,84.04,0.06,1.2,1.27,0.52,0.51,2015-02-11,Kumba,2015,2,42,7,23.830000000000002,25.94,33.480000000000004,33.5,2.7273043392346517,-0.027999999999998693,26.62,equatorial
16.53,25.23,28.33,23.18,86.68,0.18,1.75,1.17,0.52,0.51,2015-02-12,Kumba,2015,2,43,7,20.009999999999998,26.0,33.660000000000004,33.68,2.49912836740681,-0.3789999999999978,26.11,equatorial
14.95,25.09,28.38,22.92,85.34,0.13,2.13,1.39,0.52,0.51,2015-02-13,Kumba,2015,2,44,7,16.65,26.029999999999998,33.79,33.81,2.319069676038984,-0.5546666666666695,26.11,equatorial
16.49,24.97,28.08,22.75,84.2,0.08,1.97,1.36,0.51,0.5,2015-02-14,Kumba,2015,2,45,7,12.04,25.830000000000002,33.87,33.89,2.171134658014108,-0.6993333333333354,26.11,equatorial
17.51,25.6,29.82,22.77,81.66,2.37,2.16,2.29,0.51,0.51,2015-02-15,Kumba,2015,2,46,7,8.1,27.970000000000002,36.230000000000004,36.26,2.2138548619737324,-0.0986666666666629,26.11,equatorial
16.41,25.66,30.65,22.48,81.97,3.01,2.2,2.49,0.51,0.52,2015-02-16,Kumba,2015,2,47,8,6.119999999999999,30.759999999999998,39.21,39.27,2.2877066351162387,-0.0746666666666691,25.66,equatorial
16.28,25.05,28.6,22.77,85.92,5.33,1.9,1.8,0.52,0.54,2015-02-17,Kumba,2015,2,48,8,11.16,35.46,44.449999999999996,44.6,2.486944202803869,-0.684666666666665,25.66,equatorial
12.55,24.09,26.29,22.69,92.64,12.55,2.05,1.16,0.53,0.61,2015-02-18,Kumba,2015,2,49,8,23.65,47.48,56.800000000000004,57.15,3.0225577026544,-1.6066666666666656,25.66,equatorial
17.77,25.41,30.54,22.17,82.68,5.89,1.8,3.52,0.54,0.58,2015-02-19,Kumba,2015,2,50,8,29.36,49.37,62.480000000000004,63.04,3.0366711025707445,-0.29100000000000037,25.66,equatorial
18.11,24.94,29.18,22.49,85.7,1.22,2.47,2.48,0.54,0.55,2015-02-20,Kumba,2015,2,51,8,30.450000000000003,47.099999999999994,63.17,64.26,2.819176256577619,-0.7160000000000011,25.66,equatorial
15.81,25.71,31.17,22.32,82.26,1.48,2.69,3.51,0.54,0.53,2015-02-21,Kumba,2015,2,52,8,31.849999999999998,43.89,63.949999999999996,65.74,2.662437947045254,0.07900000000000418,25.71,equatorial
13.59,25.24,29.06,22.95,86.88,23.59,3.04,2.59,0.54,0.61,2015-02-22,Kumba,2015,2,53,8,53.07,61.169999999999995,86.41,89.33,3.3900797801241667,-0.3539999999999992,25.71,equatorial
16.66,25.06,29.32,22.81,86.3,2.93,2.12,2.99,0.57,0.62,2015-02-23,Kumba,2015,2,54,9,52.99,59.11,87.69,92.26,3.143837476771229,-0.5136666666666692,25.71,equatorial
14.1,24.11,27.44,22.21,89.54,2.06,1.65,1.26,0.57,0.6,2015-02-24,Kumba,2015,2,55,9,49.72,60.88,87.25,94.32,2.9305596437724963,-1.4246666666666705,25.71,equatorial
15.88,24.98,28.54,22.36,87.25,1.38,1.84,2.41,0.57,0.59,2015-02-25,Kumba,2015,2,56,9,38.55,62.199999999999996,88.42999999999999,95.7,2.7439099284234127,-0.5253333333333323,25.71,equatorial
9.59,24.36,27.16,22.38,89.52,1.62,1.96,1.56,0.56,0.59,2015-02-26,Kumba,2015,2,57,9,34.28,63.64,89.91000000000001,97.32,2.6018907171655865,-1.1163333333333334,25.71,equatorial
13.41,24.0,26.94,22.0,87.04,0.43,1.5,1.63,0.56,0.58,2015-02-27,Kumba,2015,2,58,9,33.49,63.94,90.19,97.75,2.451286550307382,-1.4403333333333315,25.71,equatorial
16.44,25.87,31.23,21.23,78.42,0.17,1.18,3.15,0.56,0.56,2015-02-28,Kumba,2015,2,59,9,32.18,64.03,90.24,97.92,2.318598151613326,0.4263333333333357,25.87,equatorial
17.69,25.56,29.44,23.26,83.13,0.31,1.56,2.31,0.55,0.56,2015-03-01,Kumba,2015,3,60,9,8.9,61.97,90.45,98.23,2.2098513929496537,0.13733333333333064,25.87,equatorial
18.89,26.05,31.31,22.95,80.49,0.11,1.75,3.21,0.55,0.54,2015-03-02,Kumba,2015,3,61,10,6.080000000000001,59.06999999999999,90.28,98.34,2.110780787742424,0.6343333333333341,26.05,equatorial
18.05,25.87,30.95,22.9,79.56,0.07,1.49,2.93,0.54,0.54,2015-03-03,Kumba,2015,3,62,10,4.09,53.809999999999995,90.11999999999999,98.41,2.0232647270677253,0.4590000000000032,26.05,equatorial
17.98,25.72,30.83,22.82,78.92,0.04,1.43,2.71,0.54,0.53,2015-03-04,Kumba,2015,3,63,10,2.75,41.29999999999999,89.94,98.45,1.9452594875168325,0.34699999999999775,26.05,equatorial
18.63,25.78,30.7,22.92,80.0,0.05,1.83,2.65,0.53,0.52,2015-03-05,Kumba,2015,3,64,10,1.18,35.46,89.36,98.5,1.8760186207146359,0.40500000000000114,26.05,equatorial
16.05,26.31,31.56,23.19,79.37,0.07,1.5,2.69,0.53,0.52,2015-03-06,Kumba,2015,3,65,10,0.8200000000000001,34.309999999999995,88.9,98.57,1.8143274812365886,0.9533333333333296,26.31,equatorial
16.22,26.04,30.83,23.18,82.31,1.68,1.99,2.62,0.52,0.52,2015-03-07,Kumba,2015,3,66,10,2.33,34.51,86.58,100.25,1.7982299548880594,0.7026666666666657,26.31,equatorial
15.99,24.23,25.99,22.52,89.15,1.67,1.8,1.15,0.52,0.53,2015-03-08,Kumba,2015,3,67,10,3.6899999999999995,12.589999999999996,84.76,101.92,1.783320145849162,-1.057666666666666,26.31,equatorial
16.6,25.09,29.27,22.07,84.68,1.83,1.67,2.02,0.53,0.53,2015-03-09,Kumba,2015,3,68,11,5.41,11.489999999999997,81.89999999999999,103.75,1.7735306403783504,-0.18799999999999883,26.31,equatorial
15.31,26.06,30.69,23.18,82.53,1.16,1.49,2.29,0.52,0.52,2015-03-10,Kumba,2015,3,69,11,6.5,10.589999999999996,76.75,104.91,1.7487941510777787,0.7509999999999977,26.31,equatorial
16.8,26.27,30.8,22.98,79.35,0.88,1.8,2.64,0.52,0.52,2015-03-11,Kumba,2015,3,70,11,7.34,10.089999999999998,72.64,105.78999999999999,1.7196647337148603,0.9556666666666693,26.31,equatorial
19.77,26.4,30.96,23.41,77.77,0.51,1.45,2.44,0.52,0.51,2015-03-12,Kumba,2015,3,71,11,7.8,8.979999999999997,72.86,106.3,1.6844449872664229,1.057666666666666,26.4,equatorial
17.8,25.3,28.8,23.13,85.48,0.95,1.43,1.5,0.52,0.51,2015-03-13,Kumba,2015,3,72,11,8.68,9.499999999999996,73.75,107.25,1.662032814589115,-0.03500000000000014,26.4,equatorial
19.41,26.78,31.81,23.4,79.35,0.85,1.3,2.62,0.51,0.51,2015-03-14,Kumba,2015,3,73,11,7.85,10.179999999999996,74.42,108.1,1.639124091771566,1.3933333333333344,26.78,equatorial
15.15,25.92,28.71,23.98,86.93,1.83,1.78,1.46,0.51,0.52,2015-03-15,Kumba,2015,3,74,11,8.01,11.699999999999996,76.12,109.92999999999999,1.6397785941525231,0.50566666666667,26.78,equatorial
14.22,25.4,28.38,23.65,86.89,1.43,2.57,1.36,0.51,0.52,2015-03-16,Kumba,2015,3,75,12,7.609999999999999,13.019999999999996,77.47,111.36,1.6316579490133958,-0.028666666666666174,26.78,equatorial
7.66,24.58,27.26,23.13,91.41,3.85,1.83,1.05,0.52,0.54,2015-03-17,Kumba,2015,3,76,12,10.3,16.799999999999997,78.95,115.21,1.6768192947123073,-0.8146666666666711,26.78,equatorial
16.87,25.98,30.45,22.96,82.75,1.19,1.78,2.35,0.52,0.52,2015-03-18,Kumba,2015,3,77,12,10.610000000000001,17.949999999999996,77.13,116.39999999999999,1.661624819012769,0.5746666666666691,26.78,equatorial
16.38,24.95,27.76,23.17,88.53,2.55,1.82,1.33,0.52,0.53,2015-03-19,Kumba,2015,3,78,12,12.649999999999999,20.449999999999996,74.35,118.95,1.6764399969207875,-0.45200000000000173,26.78,equatorial
16.14,25.12,27.77,23.12,88.79,3.27,1.7,1.42,0.52,0.54,2015-03-20,Kumba,2015,3,79,12,14.969999999999999,23.649999999999995,65.07,122.22,1.7053050435225223,-0.3163333333333327,26.78,equatorial
5.31,25.55,29.34,23.43,88.61,7.06,1.61,1.94,0.53,0.56,2015-03-21,Kumba,2015,3,80,12,21.18,29.029999999999994,66.24,129.28,1.8100727682872149,0.10900000000000176,25.98,equatorial
14.43,24.63,27.09,23.31,93.11,3.44,2.3,1.2,0.53,0.56,2015-03-22,Kumba,2015,3,81,12,22.79,30.799999999999994,68.46,132.72,1.8329423232122095,-0.8006666666666646,25.98,equatorial
19.58,25.44,29.06,22.93,87.73,3.14,1.93,2.05,0.53,0.56,2015-03-23,Kumba,2015,3,82,13,24.5,32.11,70.11999999999999,135.85999999999999,1.8478263522929899,0.01833333333333087,25.98,equatorial
8.27,25.35,28.83,23.02,87.07,3.38,2.29,2.5,0.53,0.55,2015-03-24,Kumba,2015,3,83,13,24.03,34.33,49.910000000000004,139.24,1.866036946450073,-0.07533333333333303,25.98,equatorial
14.81,25.17,28.76,22.77,85.86,2.75,2.17,2.34,0.54,0.55,2015-03-25,Kumba,2015,3,84,13,25.59,36.199999999999996,49.73,141.99,1.8704225431509542,-0.2589999999999968,25.55,equatorial
18.94,25.07,29.05,22.73,87.36,6.63,2.61,2.9,0.54,0.57,2015-03-26,Kumba,2015,3,85,13,29.669999999999998,42.31999999999999,54.3,148.62,1.9477824346168635,-0.39099999999999824,25.55,equatorial
5.68,24.14,25.63,22.95,93.15,4.39,2.94,1.47,0.54,0.58,2015-03-27,Kumba,2015,3,86,13,30.79,45.75999999999999,57.309999999999995,153.01,1.9763822759928424,-1.2929999999999993,25.55,equatorial
18.03,24.99,28.77,22.63,87.07,4.6,2.21,3.17,0.55,0.58,2015-03-28,Kumba,2015,3,87,13,28.33,49.51,60.29,157.60999999999999,2.0058992163975615,-0.4640000000000022,25.44,equatorial
16.18,24.65,27.78,22.56,87.74,5.39,2.54,3.0,0.55,0.58,2015-03-29,Kumba,2015,3,88,13,30.279999999999998,53.06999999999999,65.25,163.0,2.04642593689781,-0.8256666666666668,25.44,equatorial
15.83,24.52,28.12,22.46,88.58,8.01,1.81,2.44,0.55,0.61,2015-03-30,Kumba,2015,3,89,14,35.15,59.64999999999999,73.09,171.01,2.128324360350929,-0.9106666666666712,25.35,equatorial
16.04,24.53,27.29,22.75,87.07,3.43,1.34,2.12,0.56,0.6,2015-03-31,Kumba,2015,3,90,14,35.199999999999996,59.23,76.21,174.44,2.1233336635533133,-0.8663333333333334,25.17,equatorial
16.26,25.24,29.65,22.29,82.84,0.24,2.1,3.51,0.55,0.56,2015-04-01,Kumba,2015,4,91,14,32.69,58.279999999999994,76.34,174.67000000000002,2.064636181072127,-0.12933333333333508,25.24,equatorial
19.05,24.66,27.57,22.56,88.45,1.87,1.7,1.86,0.55,0.57,2015-04-02,Kumba,2015,4,92,14,27.93,57.599999999999994,78.14,176.52999999999997,2.0378079630150556,-0.6690000000000005,25.24,equatorial
14.84,24.77,28.02,22.92,88.47,3.72,1.56,2.21,0.55,0.58,2015-04-03,Kumba,2015,4,93,14,27.259999999999998,58.04999999999999,81.82,180.25,2.0432204243532675,-0.5273333333333312,25.24,equatorial
16.55,25.17,28.61,23.01,88.01,3.02,1.59,2.44,0.55,0.58,2015-04-04,Kumba,2015,4,94,14,25.68,54.01,84.79,183.26999999999998,2.036607346253545,-0.10699999999999932,25.24,equatorial
8.31,24.2,26.67,22.47,90.57,3.2,1.69,1.58,0.56,0.59,2015-04-05,Kumba,2015,4,95,14,23.490000000000002,53.769999999999996,87.91999999999999,186.47,2.0330466117028334,-1.0066666666666642,25.24,equatorial
19.83,25.14,29.18,22.15,85.58,2.29,1.43,2.68,0.56,0.58,2015-04-06,Kumba,2015,4,96,15,17.77,52.919999999999995,88.53,188.76,2.0153859149345656,-0.03666666666666529,25.24,equatorial
10.55,24.4,26.64,22.93,90.32,3.37,1.22,1.41,0.56,0.59,2015-04-07,Kumba,2015,4,97,15,17.71,52.91,90.23,192.13,2.015339467172278,-0.7823333333333373,25.24,equatorial
20.7,25.52,29.78,21.96,83.06,2.23,1.43,3.36,0.56,0.58,2015-04-08,Kumba,2015,4,98,15,19.7,52.39,90.63,194.35999999999999,1.9979108229285218,0.3233333333333306,25.52,equatorial
15.37,23.94,25.59,22.81,93.39,5.8,2.01,1.54,0.56,0.6,2015-04-09,Kumba,2015,4,99,15,23.630000000000003,51.559999999999995,95.27000000000001,200.16,2.0343095677203156,-1.1859999999999964,25.52,equatorial
17.64,24.87,27.96,22.69,89.15,1.22,1.42,1.82,0.56,0.58,2015-04-10,Kumba,2015,4,100,15,21.13,48.38999999999999,95.61,201.38,2.000926511134858,-0.20933333333333337,25.52,equatorial
14.69,25.15,29.02,23.07,88.92,16.64,1.67,2.64,0.57,0.64,2015-04-11,Kumba,2015,4,101,15,34.75,60.43,111.74000000000001,218.01999999999998,2.1895208054995825,0.11233333333333206,25.52,equatorial
16.99,25.21,28.82,22.5,86.84,9.92,1.56,3.23,0.59,0.66,2015-04-12,Kumba,2015,4,102,15,41.47,64.96,120.71000000000001,227.94,2.266454283044826,0.17533333333333445,25.52,equatorial
15.58,24.75,27.96,23.2,90.08,9.27,1.47,1.84,0.6,0.69,2015-04-13,Kumba,2015,4,103,16,48.45,66.22,129.13,237.20999999999998,2.326116839057149,-0.21699999999999875,25.52,equatorial
16.16,26.0,30.6,22.86,84.26,4.78,1.28,4.02,0.6,0.65,2015-04-14,Kumba,2015,4,104,16,49.86,67.57,132.07999999999998,241.98999999999998,2.3196219987238504,1.0303333333333313,26.0,equatorial
16.23,25.25,28.56,23.31,89.36,8.98,1.92,3.6,0.6,0.67,2015-04-15,Kumba,2015,4,105,16,56.61,76.31,139.63,250.97,2.3670548675754817,0.28533333333333033,26.0,equatorial
17.4,25.33,29.54,22.7,87.63,2.96,1.66,4.02,0.61,0.66,2015-04-16,Kumba,2015,4,106,16,53.77,77.39999999999999,138.73999999999998,253.92,2.3327374451769236,0.34033333333333005,26.0,equatorial
18.68,25.25,28.89,22.87,87.54,1.85,1.39,3.07,0.6,0.64,2015-04-17,Kumba,2015,4,107,16,54.4,75.53,139.4,255.74,2.287052053985482,0.2846666666666664,26.0,equatorial
18.44,24.88,27.46,23.17,89.4,1.88,1.33,2.12,0.6,0.64,2015-04-18,Kumba,2015,4,108,16,39.64,74.39,138.73000000000002,257.53,2.2446423107328832,-0.08300000000000196,26.0,equatorial
17.31,25.71,29.76,22.97,85.94,2.56,1.17,3.12,0.6,0.64,2015-04-19,Kumba,2015,4,109,16,32.28,73.75,138.02,259.89,2.2123063380193724,0.7273333333333376,26.0,equatorial
16.89,25.2,28.12,23.33,89.39,3.11,1.44,2.28,0.6,0.65,2015-04-20,Kumba,2015,4,110,17,26.119999999999997,74.57,134.07,262.79,2.1886363624168528,0.2289999999999992,26.0,equatorial
19.37,25.59,29.39,23.32,86.45,1.24,1.13,3.11,0.6,0.63,2015-04-21,Kumba,2015,4,111,17,22.580000000000002,72.44,131.87,263.5,2.1411326588643207,0.5869999999999997,25.71,equatorial
17.44,25.9,29.76,23.39,87.04,2.31,1.42,3.3,0.59,0.63,2015-04-22,Kumba,2015,4,112,17,15.91,72.52,131.04,265.11,2.10735257193343,0.8816666666666642,25.9,equatorial
14.15,25.13,27.84,23.44,90.62,2.19,1.54,2.01,0.59,0.63,2015-04-23,Kumba,2015,4,113,17,15.139999999999999,68.91,129.85,266.17,2.0696536168551116,0.11899999999999622,25.9,equatorial
12.14,24.44,26.91,22.83,89.93,1.47,1.38,1.69,0.59,0.63,2015-04-24,Kumba,2015,4,114,17,14.76,69.16,128.57,265.98999999999995,2.020647385183853,-0.5466666666666633,25.9,equatorial
18.16,24.59,27.37,22.61,89.96,2.33,1.88,2.31,0.59,0.63,2015-04-25,Kumba,2015,4,115,17,15.21,54.85,124.27,265.82,1.974953358722098,-0.3806666666666665,25.9,equatorial
16.19,24.62,26.97,22.68,86.33,1.39,1.28,2.34,0.59,0.63,2015-04-26,Kumba,2015,4,116,17,14.040000000000001,46.32,121.27,267.01,1.9469523236174084,-0.36666666666666714,25.9,equatorial
20.21,25.49,30.66,20.92,82.19,0.34,1.71,5.0,0.58,0.6,2015-04-27,Kumba,2015,4,117,18,11.270000000000001,37.38999999999999,117.01,267.21,1.9099229528257364,0.4866666666666646,25.9,equatorial
16.28,25.24,29.74,22.74,83.28,0.76,1.88,4.01,0.58,0.59,2015-04-28,Kumba,2015,4,118,18,10.790000000000001,33.36999999999999,112.38,267.82000000000005,1.8794298746794964,0.2169999999999952,25.9,equatorial
19.2,24.89,28.28,22.37,86.65,0.75,1.51,2.48,0.57,0.59,2015-04-29,Kumba,2015,4,119,18,9.23,25.139999999999997,105.11999999999999,268.45000000000005,1.8508565015985172,-0.14533333333332976,25.49,equatorial
18.09,25.14,28.38,22.76,87.38,1.38,1.65,2.42,0.57,0.59,2015-04-30,Kumba,2015,4,120,18,8.42,23.559999999999995,103.07000000000001,269.73,1.8306576811676478,0.08433333333333692,25.49,equatorial
16.0,24.47,26.34,22.94,93.03,8.64,1.62,1.39,0.58,0.64,2015-05-01,Kumba,2015,5,121,18,15.59,30.349999999999998,111.47,278.09000000000003,1.8850319572475416,-0.5599999999999987,25.49,equatorial
16.73,24.62,27.11,22.85,91.28,6.19,1.69,1.98,0.58,0.64,2015-05-02,Kumba,2015,5,122,18,19.45,34.66,115.79,284.05,1.9115164368667603,-0.4086666666666652,25.49,equatorial
12.49,25.89,29.53,23.0,81.83,8.68,1.22,3.22,0.6,0.67,2015-05-03,Kumba,2015,5,123,18,26.74,40.779999999999994,120.75,292.51,1.9615903727158885,0.8240000000000016,25.89,equatorial
22.76,25.48,29.6,21.55,82.5,2.67,1.99,4.87,0.59,0.63,2015-05-04,Kumba,2015,5,124,19,29.07,40.339999999999996,120.39999999999999,294.55,1.9442738496859338,0.4036666666666697,25.89,equatorial
10.66,24.26,26.04,23.08,94.05,10.74,2.28,1.89,0.6,0.67,2015-05-05,Kumba,2015,5,125,19,39.05,49.84,127.94000000000001,304.76,2.0085566742890353,-0.8183333333333316,25.89,equatorial
20.18,24.61,27.43,22.75,90.9,6.46,1.67,2.5,0.61,0.67,2015-05-06,Kumba,2015,5,126,19,44.76,53.989999999999995,132.11,307.22,1.9930918326989917,-0.4506666666666703,25.89,equatorial
15.93,24.82,28.14,22.44,89.14,6.38,1.84,3.5,0.61,0.68,2015-05-07,Kumba,2015,5,127,19,49.76,58.18,135.12,310.11,1.9825765148541103,-0.25466666666666526,25.89,equatorial
19.2,25.22,28.85,22.67,86.45,3.42,1.38,3.93,0.61,0.66,2015-05-08,Kumba,2015,5,128,19,44.54,60.13,136.31,308.84000000000003,1.9328874116190053,0.15533333333333488,25.89,equatorial
18.31,24.82,27.81,22.87,89.34,3.33,1.78,3.04,0.61,0.65,2015-05-09,Kumba,2015,5,129,19,41.68,61.129999999999995,133.84,305.86,1.869731518430893,-0.2740000000000009,25.89,equatorial
15.46,24.44,27.51,22.5,90.3,8.52,1.79,2.9,0.61,0.69,2015-05-10,Kumba,2015,5,130,19,41.519999999999996,68.25999999999999,141.14,309.39,1.8709803807730716,-0.6396666666666633,25.48,equatorial
18.25,24.98,28.6,22.5,87.73,7.36,1.63,4.31,0.62,0.68,2015-05-11,Kumba,2015,5,131,20,46.21,75.27999999999999,131.85999999999999,316.46,1.9049581341914412,-0.0940000000000012,25.22,equatorial
15.99,25.11,28.0,22.9,91.04,4.23,1.61,2.24,0.62,0.67,2015-05-12,Kumba,2015,5,132,20,39.699999999999996,78.75,126.17,320.63,1.9103486517197272,0.039333333333331666,25.22,equatorial
21.78,25.26,29.1,21.75,85.46,5.29,1.72,4.63,0.62,0.68,2015-05-13,Kumba,2015,5,133,20,38.53,83.29,122.19,325.74,1.9238966860941442,0.17233333333333434,25.26,equatorial
7.83,25.03,27.95,23.13,89.24,12.29,1.21,2.61,0.63,0.71,2015-05-14,Kumba,2015,5,134,20,44.44,94.19999999999999,129.7,337.90000000000003,1.999862693907639,-0.02533333333333232,25.26,equatorial
18.82,26.6,30.51,22.83,79.96,8.83,1.08,3.99,0.64,0.71,2015-05-15,Kumba,2015,5,135,20,49.849999999999994,94.39,129.55,346.65,2.0409303809022847,1.4996666666666698,26.6,equatorial
13.64,25.6,28.95,23.05,85.88,1.71,1.44,3.78,0.64,0.69,2015-05-16,Kumba,2015,5,136,20,48.23,89.91,128.3,345.98999999999995,1.9970246059328147,0.49066666666666947,26.6,equatorial
17.4,25.3,28.09,23.19,89.26,2.03,1.47,2.76,0.63,0.68,2015-05-17,Kumba,2015,5,137,20,41.739999999999995,83.26,128.48000000000002,345.01,1.9527231882375646,0.1890000000000036,26.6,equatorial
10.93,24.85,27.03,23.22,91.85,2.19,1.57,1.94,0.63,0.68,2015-05-18,Kumba,2015,5,138,21,36.56999999999999,82.78,128.79,341.87,1.8921320022207537,-0.259999999999998,26.6,equatorial
18.9,25.06,28.33,22.91,89.62,0.46,1.48,2.72,0.63,0.67,2015-05-19,Kumba,2015,5,139,21,32.8,72.49999999999999,126.69,329.78,1.7578569235308366,-0.028333333333335986,26.6,equatorial
16.44,24.85,27.82,22.96,90.92,0.62,1.9,2.52,0.62,0.66,2015-05-20,Kumba,2015,5,140,21,28.130000000000003,66.66,124.19999999999999,324.51,1.6875000542478162,-0.22666666666666302,26.6,equatorial
10.46,25.36,28.94,23.05,89.26,10.21,1.17,2.99,0.63,0.71,2015-05-21,Kumba,2015,5,141,21,26.05,70.49,133.17,333.5,1.7409193099159683,0.29100000000000037,26.6,equatorial
19.82,25.53,28.69,23.49,88.72,8.45,1.65,3.47,0.64,0.71,2015-05-22,Kumba,2015,5,142,21,25.669999999999998,75.52,139.31,340.47,1.7750450413775951,0.4733333333333327,25.6,equatorial
16.6,24.76,27.44,22.97,91.78,13.25,2.18,3.27,0.65,0.74,2015-05-23,Kumba,2015,5,143,21,37.21,85.44,150.37,330.13,1.6632003068140548,-0.28433333333333266,25.53,equatorial
18.0,24.15,27.07,22.49,92.57,19.11,2.59,3.22,0.67,0.77,2015-05-24,Kumba,2015,5,144,21,54.29,96.02999999999999,168.01,346.31,1.7759601047752398,-0.8846666666666714,25.53,equatorial
18.41,24.21,27.16,22.22,91.23,7.04,1.81,2.79,0.68,0.74,2015-05-25,Kumba,2015,5,145,22,59.14,95.71,172.72,351.28999999999996,1.7917326193537182,-0.8120000000000012,25.53,equatorial
16.47,24.87,28.38,22.76,91.0,8.34,1.79,3.55,0.68,0.75,2015-05-26,Kumba,2015,5,146,22,67.02,99.82,179.67,358.25,1.8229097373819443,-0.16033333333333388,25.53,equatorial
16.55,24.72,27.56,22.84,91.56,7.67,1.76,2.97,0.69,0.75,2015-05-27,Kumba,2015,5,147,22,74.07,102.19999999999999,187.0,364.29999999999995,1.8452822497394372,-0.2846666666666664,25.53,equatorial
15.23,24.9,28.39,22.75,91.29,7.31,1.63,3.05,0.69,0.75,2015-05-28,Kumba,2015,5,148,22,71.17,97.22,193.55,371.18,1.8732113892051787,-0.09333333333333371,25.53,equatorial
16.1,24.56,27.41,22.85,93.29,8.89,2.08,2.74,0.7,0.76,2015-05-29,Kumba,2015,5,149,22,71.61,97.27999999999999,201.69,379.90000000000003,1.9143259740021221,-0.42233333333333434,24.9,equatorial
12.86,24.03,25.84,22.63,94.27,7.62,2.47,2.4,0.71,0.76,2015-05-30,Kumba,2015,5,150,22,65.98,103.19,207.93,387.21000000000004,1.9422832932320033,-0.9153333333333329,24.9,equatorial
13.74,23.75,25.9,22.44,95.0,39.57,2.11,1.94,0.74,0.85,2015-05-31,Kumba,2015,5,151,22,86.44,140.73,238.85999999999999,426.67,2.2167710905815436,-1.1713333333333331,24.9,equatorial
12.99,23.81,25.89,22.52,95.04,36.04,2.24,1.89,0.79,0.87,2015-06-01,Kumba,2015,6,152,23,115.44,174.57999999999998,268.71,462.64,2.445601349084158,-1.084333333333337,24.9,equatorial
14.5,23.62,25.92,22.32,94.22,80.41,1.98,2.29,0.86,0.92,2015-06-02,Kumba,2015,6,153,23,187.51,254.52999999999997,340.44,543.01,2.9754174554171007,-1.1986666666666679,24.9,equatorial
12.89,24.33,27.84,22.23,92.69,18.2,2.11,3.46,0.88,0.88,2015-06-03,Kumba,2015,6,154,23,198.04,272.10999999999996,355.96999999999997,561.16,3.0101507494993576,-0.45033333333333303,24.9,equatorial
12.28,23.9,26.59,22.59,94.93,27.27,2.38,2.28,0.88,0.89,2015-06-04,Kumba,2015,6,155,23,218.0,289.16999999999996,372.5,588.36,3.099931223726612,-0.8683333333333323,24.56,equatorial
9.73,23.46,24.94,22.53,96.03,56.46,2.67,1.74,0.91,0.92,2015-06-05,Kumba,2015,6,156,23,265.57,337.18,422.5,643.14,3.3547195736313995,-1.2699999999999996,24.33,equatorial
13.9,23.95,27.07,21.9,92.31,10.97,2.22,3.91,0.93,0.9,2015-06-06,Kumba,2015,6,157,23,268.92,334.9,427.09,652.4399999999999,3.2877602386777958,-0.7510000000000048,24.33,equatorial
8.86,23.39,25.74,21.78,93.31,17.5,1.75,2.38,0.93,0.91,2015-06-07,Kumba,2015,6,158,23,246.85,333.28999999999996,441.16999999999996,668.11,3.2652137947814435,-1.25,24.33,equatorial
16.05,24.05,27.66,21.61,90.37,19.86,1.62,3.9,0.94,0.91,2015-06-08,Kumba,2015,6,159,24,230.67000000000002,346.10999999999996,457.7,686.81,3.2605188018926543,-0.5643333333333302,24.33,equatorial
13.05,23.74,26.85,21.83,92.55,20.47,1.75,2.81,0.94,0.92,2015-06-09,Kumba,2015,6,160,24,170.73000000000002,358.24,469.65,706.4,3.258676779084086,-0.8510000000000026,24.33,equatorial
16.6,24.04,27.75,21.85,92.08,8.21,1.85,3.42,0.95,0.91,2015-06-10,Kumba,2015,6,161,24,160.74,358.78,470.5,714.0999999999999,3.1885867493443585,-0.5196666666666658,24.05,equatorial
13.35,23.7,26.17,22.06,94.05,6.19,1.98,2.49,0.95,0.91,2015-06-11,Kumba,2015,6,162,24,139.66000000000003,357.65999999999997,472.46,719.34,3.111281702100186,-0.8126666666666686,24.05,equatorial
10.59,23.8,26.25,21.95,93.32,3.99,1.88,2.82,0.94,0.91,2015-06-12,Kumba,2015,6,163,24,87.19000000000001,352.76,471.16,722.48,3.029666389212518,-0.6639999999999979,24.05,equatorial
11.69,24.19,27.67,21.93,90.93,6.91,1.82,4.39,0.94,0.91,2015-06-13,Kumba,2015,6,164,24,83.13000000000001,352.04999999999995,465.78,727.56,2.965140769053987,-0.24599999999999866,24.19,equatorial
11.1,24.18,27.96,21.85,90.27,5.11,1.87,4.69,0.94,0.91,2015-06-14,Kumba,2015,6,165,24,70.74000000000002,317.59,462.06,731.24,2.8986536029561547,-0.1753333333333309,24.19,equatorial
13.06,23.79,27.6,21.45,92.01,25.62,2.66,4.95,0.95,0.92,2015-06-15,Kumba,2015,6,166,25,76.50000000000001,307.16999999999996,485.96999999999997,753.01,2.9270052512260376,-0.5050000000000026,24.19,equatorial
9.78,23.52,27.04,21.49,93.36,62.45,2.34,3.9,0.97,0.95,2015-06-16,Kumba,2015,6,167,25,118.48000000000002,289.21,546.39,814.2700000000001,3.14046927990352,-0.7156666666666673,24.19,equatorial
11.71,23.69,26.8,21.7,92.18,27.56,1.75,3.0,0.99,0.95,2015-06-17,Kumba,2015,6,168,25,137.83,298.57,571.76,839.28,3.1589622342180768,-0.5069999999999979,24.19,equatorial
14.92,23.65,27.21,21.69,93.78,40.04,2.77,4.1,0.99,0.96,2015-06-18,Kumba,2015,6,169,25,171.68,311.34,611.34,876.05,3.226101374407946,-0.5,24.19,equatorial
11.08,23.69,26.95,21.61,92.71,43.75,2.77,5.19,0.99,0.97,2015-06-19,Kumba,2015,6,170,25,211.44,298.63,654.47,912.74,3.28236974420956,-0.4213333333333331,24.19,equatorial
9.51,23.01,25.07,21.63,94.66,68.11,2.57,2.67,1.0,0.98,2015-06-20,Kumba,2015,6,171,25,272.64,355.77,712.37,977.41,3.446454334628166,-1.0229999999999997,24.18,equatorial
10.09,22.62,24.47,21.39,94.82,17.94,2.35,2.13,1.0,0.98,2015-06-21,Kumba,2015,6,172,25,285.46999999999997,356.21,721.86,992.21,3.3832276220612143,-1.3159999999999954,23.79,equatorial
12.07,23.2,26.11,21.08,92.6,5.33,2.05,3.68,0.99,0.97,2015-06-22,Kumba,2015,6,173,26,265.18000000000006,341.68,713.94,994.16,3.2742788313900903,-0.684000000000001,23.69,equatorial
13.45,23.35,26.33,21.35,93.2,13.22,1.99,2.83,0.99,0.97,2015-06-23,Kumba,2015,6,174,26,215.95,334.43,708.0500000000001,1004.63,3.208739478432952,-0.5073333333333316,23.69,equatorial
13.49,23.84,27.62,21.6,92.13,10.6,2.68,5.33,0.99,0.97,2015-06-24,Kumba,2015,6,175,26,198.99,336.82,711.6099999999999,1008.6,3.1239613611856933,-0.0049999999999954525,23.84,equatorial
9.07,23.64,27.22,21.53,92.32,9.07,2.93,5.39,0.99,0.96,2015-06-25,Kumba,2015,6,176,26,168.02,339.7,712.34,1013.2800000000001,3.0490584561227623,-0.16399999999999793,23.84,equatorial
11.94,23.16,25.4,21.59,93.28,11.47,2.66,3.64,0.98,0.96,2015-06-26,Kumba,2015,6,177,26,135.74,347.18,716.14,1020.15,2.988137595488745,-0.5920000000000023,23.84,equatorial
9.88,23.5,26.64,21.28,92.09,12.06,2.21,4.31,0.98,0.95,2015-06-27,Kumba,2015,6,178,26,79.69000000000001,352.33,720.89,1026.82,2.9310592369419424,-0.2053333333333356,23.84,equatorial
11.73,23.31,26.51,21.7,93.66,8.15,2.06,3.3,0.98,0.95,2015-06-28,Kumba,2015,6,179,26,69.90000000000002,355.37,720.1500000000001,1026.96,2.855311349060472,-0.35366666666666546,23.84,equatorial
8.35,23.21,26.32,21.15,93.6,9.69,2.65,4.03,0.98,0.95,2015-06-29,Kumba,2015,6,180,27,74.26000000000002,339.44,722.22,1033.22,2.806172345535985,-0.4263333333333321,23.84,equatorial
7.85,23.18,25.39,21.59,93.77,11.48,2.55,3.5,0.98,0.95,2015-06-30,Kumba,2015,6,181,27,72.52000000000001,288.46999999999997,694.13,1044.46,2.77705559234278,-0.43733333333333135,23.84,equatorial
8.45,23.28,25.76,21.58,93.78,7.06,2.28,2.88,0.98,0.94,2015-07-01,Kumba,2015,7,182,27,68.98000000000002,267.96999999999997,665.15,1049.65,2.7294713709204044,-0.31966666666666654,23.64,equatorial
8.81,22.99,24.96,21.56,94.92,3.95,2.44,2.26,0.97,0.94,2015-07-02,Kumba,2015,7,183,27,63.860000000000014,231.88,588.69,1049.88,2.668735114110649,-0.5886666666666649,23.5,equatorial
9.84,23.5,26.77,21.45,92.31,4.42,2.02,3.62,0.97,0.94,2015-07-03,Kumba,2015,7,184,27,56.81000000000002,192.55,574.91,1051.28,2.6156853686117354,-0.05099999999999838,23.5,equatorial
10.65,23.86,27.38,21.39,91.62,1.21,2.34,4.08,0.97,0.93,2015-07-04,Kumba,2015,7,185,27,45.960000000000015,125.64999999999999,548.85,1049.29,2.5551448117408913,0.31033333333333246,23.86,equatorial
14.01,24.23,27.59,21.66,90.5,0.14,1.53,3.19,0.96,0.93,2015-07-05,Kumba,2015,7,186,27,37.95000000000002,107.85,492.53,1047.14,2.4977608421500483,0.6546666666666674,24.23,equatorial
16.41,24.15,26.8,22.41,90.78,0.65,1.35,2.13,0.96,0.92,2015-07-06,Kumba,2015,7,187,28,28.910000000000018,103.16999999999999,482.21000000000004,1044.4199999999998,2.441936025693745,0.5680000000000014,24.23,equatorial
15.07,24.61,27.89,22.52,90.3,0.7,1.28,3.01,0.95,0.92,2015-07-07,Kumba,2015,7,188,28,18.130000000000013,90.64999999999999,465.41,1042.8899999999999,2.392859483640483,0.9873333333333356,24.61,equatorial
14.77,24.75,28.07,22.54,89.14,0.64,1.2,3.18,0.95,0.91,2015-07-08,Kumba,2015,7,189,28,11.710000000000013,80.68999999999998,446.19,1037.73,2.335401551045467,1.1039999999999992,24.75,equatorial
14.03,24.99,29.1,21.96,89.32,0.92,1.83,5.2,0.94,0.9,2015-07-09,Kumba,2015,7,190,28,8.680000000000014,72.53999999999999,426.64000000000004,1037.4299999999998,2.2954819189179143,1.3023333333333333,24.99,equatorial
12.06,24.44,27.71,22.61,93.01,27.47,2.27,4.08,0.95,0.92,2015-07-10,Kumba,2015,7,191,28,31.73000000000001,88.53999999999999,445.9,1048.26,2.290507360274493,0.7389999999999972,24.99,equatorial
8.56,23.45,24.94,22.39,95.16,30.81,2.06,1.67,0.96,0.94,2015-07-11,Kumba,2015,7,192,28,61.33000000000001,107.28999999999998,470.52,1069.15,2.315051272379705,-0.2426666666666648,24.99,equatorial
14.81,23.37,25.6,21.63,93.93,18.57,2.15,2.58,0.97,0.94,2015-07-12,Kumba,2015,7,193,28,79.76,117.71,485.09999999999997,1078.4499999999998,2.304450657957339,-0.30833333333333357,24.99,equatorial
8.89,23.71,26.9,21.75,92.48,20.04,2.64,4.39,0.98,0.94,2015-07-13,Kumba,2015,7,194,29,99.15000000000002,128.05999999999997,498.23,1093.7099999999998,2.3112656678600993,0.04766666666666808,24.99,equatorial
12.21,24.0,27.97,21.48,91.25,23.81,2.23,5.01,0.98,0.95,2015-07-14,Kumba,2015,7,195,29,122.26000000000002,140.39,516.93,1108.54,2.316261601385006,0.3436666666666639,24.99,equatorial
11.45,23.77,27.42,21.67,92.48,6.41,2.54,4.56,0.98,0.94,2015-07-15,Kumba,2015,7,196,29,128.03,139.73999999999998,497.71999999999997,1111.99,2.288897974562952,0.11433333333333451,24.99,equatorial
10.49,23.45,26.61,21.24,91.98,4.26,2.48,4.62,0.97,0.93,2015-07-16,Kumba,2015,7,197,29,131.37,140.04999999999995,439.53000000000003,1114.3999999999999,2.2598798179970783,-0.20333333333333314,24.44,equatorial
10.0,23.58,27.22,21.33,92.04,5.24,2.28,4.46,0.97,0.93,2015-07-17,Kumba,2015,7,198,29,109.14000000000001,140.86999999999998,417.21,1117.76,2.2347625166086176,-0.0696666666666701,24.0,equatorial
8.2,22.94,24.98,21.93,95.03,5.69,2.66,2.34,0.96,0.93,2015-07-18,Kumba,2015,7,199,29,84.02000000000001,145.34999999999997,382.85999999999996,1120.8899999999999,2.2100956054388545,-0.6859999999999964,24.0,equatorial
7.37,22.44,23.98,21.46,95.16,19.95,2.55,2.19,0.97,0.94,2015-07-19,Kumba,2015,7,200,29,85.40000000000002,165.16,359.06,1137.73,2.22342036619542,-1.144333333333332,24.0,equatorial
7.1,22.89,25.94,21.07,93.22,15.16,2.73,4.07,0.97,0.94,2015-07-20,Kumba,2015,7,201,30,80.52000000000001,179.67,306.11,1151.65,2.228140770406962,-0.690333333333335,24.0,equatorial
9.91,22.37,24.38,20.87,95.08,56.64,2.31,1.97,0.98,0.96,2015-07-21,Kumba,2015,7,202,30,113.35000000000001,235.60999999999999,344.80999999999995,1205.98,2.3389507852998497,-1.2019999999999982,23.77,equatorial
13.12,22.57,25.3,20.81,93.86,33.09,2.3,2.81,0.99,0.97,2015-07-22,Kumba,2015,7,203,30,140.03000000000003,268.06,372.57,1236.88,2.3826025945943905,-0.9809999999999981,23.58,equatorial
7.08,23.03,26.05,21.26,93.6,15.2,2.86,4.09,0.99,0.97,2015-07-23,Kumba,2015,7,204,30,150.97000000000003,282.34,374.55,1250.61,2.379501538481858,-0.5103333333333282,23.58,equatorial
12.75,22.97,26.21,21.09,93.21,9.31,2.39,4.02,0.99,0.96,2015-07-24,Kumba,2015,7,205,30,155.04000000000002,264.18,373.26,1257.5900000000001,2.3591794657582144,-0.5413333333333341,23.03,equatorial
12.58,23.22,26.56,21.06,92.88,10.69,2.62,4.62,0.98,0.96,2015-07-25,Kumba,2015,7,206,30,160.04000000000002,244.06,374.88,1266.8899999999999,2.3455371429189116,-0.2773333333333383,23.22,equatorial
6.98,22.74,24.72,21.18,95.02,85.93,2.52,2.43,0.99,0.98,2015-07-26,Kumba,2015,7,207,30,226.02000000000004,311.42,449.34,1352.48,2.5214086958568145,-0.7433333333333358,23.22,equatorial
7.09,22.22,23.48,20.84,96.1,52.01,2.7,1.74,1.0,0.98,2015-07-27,Kumba,2015,7,208,31,262.87,343.39,489.28999999999996,1403.73,2.6024120705284486,-1.2206666666666663,23.22,equatorial
12.23,22.42,26.11,20.13,91.03,12.47,2.76,5.8,0.99,0.98,2015-07-28,Kumba,2015,7,209,31,218.70000000000002,332.04999999999995,493.61,1415.45,2.5830572515971957,-0.9909999999999997,23.22,equatorial
10.33,22.02,25.02,20.07,93.01,8.28,2.96,4.33,0.99,0.97,2015-07-29,Kumba,2015,7,210,31,193.89000000000001,333.92,492.2,1422.35,2.5530939124105303,-1.3513333333333328,23.22,equatorial
8.69,22.19,25.37,20.38,93.49,12.74,2.76,3.99,0.99,0.96,2015-07-30,Kumba,2015,7,211,31,191.43000000000004,342.40000000000003,493.46,1426.45,2.5180243429719074,-1.1483333333333334,23.22,equatorial
10.8,23.09,27.32,20.13,90.51,12.31,2.19,5.86,0.99,0.96,2015-07-31,Kumba,2015,7,212,31,194.43000000000004,349.47,498.71,1432.57,2.4893445813364514,-0.24199999999999733,23.22,equatorial
14.24,23.0,26.35,20.6,93.0,13.96,2.58,4.33,0.98,0.95,2015-08-01,Kumba,2015,8,213,31,197.70000000000005,357.74,508.72,1437.85,2.4600728886104473,-0.3323333333333345,23.09,equatorial
11.5,23.19,26.25,21.02,92.88,8.31,2.43,4.3,0.98,0.95,2015-08-02,Kumba,2015,8,214,31,120.08000000000001,346.09999999999997,512.61,1443.49,2.4329571650138266,-0.13200000000000145,23.19,equatorial
12.17,23.42,26.9,21.08,92.7,8.78,2.28,4.14,0.98,0.95,2015-08-03,Kumba,2015,8,215,32,76.85000000000002,339.72,520.1800000000001,1441.5300000000002,2.3900425205582185,0.1126666666666658,23.42,equatorial
12.54,22.97,25.5,21.36,94.42,10.51,2.72,2.99,0.98,0.94,2015-08-04,Kumba,2015,8,216,32,74.89000000000001,293.59000000000003,530.5500000000001,1445.5800000000002,2.3624440689957,-0.29533333333333545,23.42,equatorial
13.18,22.73,25.16,21.18,94.35,14.52,2.11,2.28,0.98,0.95,2015-08-05,Kumba,2015,8,217,32,81.13000000000001,275.02,544.4200000000001,1453.72,2.3450054298148375,-0.4880000000000031,23.42,equatorial
12.97,22.86,25.09,21.27,94.37,11.06,1.94,2.18,0.98,0.95,2015-08-06,Kumba,2015,8,218,32,79.45000000000002,270.88,554.78,1461.3600000000001,2.327150159851373,-0.2996666666666705,23.42,equatorial
11.83,22.96,25.58,21.29,94.11,9.55,2.31,2.86,0.98,0.95,2015-08-07,Kumba,2015,8,219,32,76.69000000000001,271.12,563.69,1467.58,2.3069252536603653,-0.14000000000000057,23.42,equatorial
11.26,23.71,27.65,21.21,91.03,9.12,2.13,4.88,0.98,0.95,2015-08-08,Kumba,2015,8,220,32,71.85000000000002,269.55,571.8900000000001,1468.18,2.275511938278585,0.652666666666665,23.71,equatorial
13.74,23.17,25.84,21.34,93.49,2.07,2.19,3.12,0.97,0.94,2015-08-09,Kumba,2015,8,221,32,65.61000000000001,185.69,546.49,1462.89,2.2329400524588765,0.1550000000000047,23.71,equatorial
12.06,23.56,27.59,21.1,91.84,2.97,2.48,4.99,0.97,0.93,2015-08-10,Kumba,2015,8,222,33,59.80000000000001,136.65,518.65,1461.63,2.2005694959045887,0.5413333333333306,23.71,equatorial
10.5,23.27,26.59,21.29,93.05,7.55,3.11,4.7,0.96,0.93,2015-08-11,Kumba,2015,8,223,33,56.84000000000002,131.73,507.63000000000005,1463.89,2.176793245010845,0.25466666666666526,23.71,equatorial
10.35,23.31,26.93,20.98,91.9,6.74,2.83,5.44,0.96,0.93,2015-08-12,Kumba,2015,8,224,33,49.06000000000002,130.18999999999997,494.33,1458.3400000000001,2.1377714050219856,0.30799999999999983,23.71,equatorial
13.5,23.44,27.04,21.11,92.3,2.04,2.7,4.88,0.96,0.92,2015-08-13,Kumba,2015,8,225,33,40.04000000000001,119.48999999999998,472.56,1451.55,2.097674212412161,0.456666666666667,23.71,equatorial
8.37,23.26,26.34,21.39,93.76,15.23,2.83,3.45,0.96,0.92,2015-08-14,Kumba,2015,8,226,33,45.72000000000001,122.40999999999998,481.38000000000005,1465.07,2.100419608221252,0.29366666666666674,23.71,equatorial
13.06,23.43,26.76,21.3,92.77,9.25,2.17,3.72,0.96,0.92,2015-08-15,Kumba,2015,8,227,33,45.850000000000016,117.69999999999999,486.37,1472.29,2.0902453600645416,0.4643333333333324,23.56,equatorial
9.56,23.16,25.84,21.64,93.29,45.0,1.88,2.8,0.97,0.94,2015-08-16,Kumba,2015,8,228,33,88.78000000000002,154.39,526.13,1515.1,2.151745143879262,0.20833333333333215,23.56,equatorial
7.38,23.22,26.06,21.16,92.65,16.5,2.03,3.69,0.98,0.94,2015-08-17,Kumba,2015,8,229,34,102.31000000000002,162.10999999999999,536.9399999999999,1531.14,2.1574704868154155,0.2589999999999968,23.44,equatorial
13.37,23.66,27.61,21.2,91.18,7.59,2.02,5.03,0.97,0.94,2015-08-18,Kumba,2015,8,230,34,102.35000000000002,159.19,524.58,1538.11,2.144989108070362,0.6583333333333314,23.66,equatorial
10.06,23.48,27.01,21.51,92.76,5.36,2.12,3.65,0.97,0.93,2015-08-19,Kumba,2015,8,231,34,100.97000000000001,150.02999999999997,514.78,1533.26,2.1097732221999856,0.45866666666666234,23.66,equatorial
12.27,23.56,26.58,21.59,91.88,32.7,1.83,3.78,0.98,0.95,2015-08-20,Kumba,2015,8,232,34,131.63000000000002,171.67,490.84000000000003,1557.5100000000002,2.1323772706417414,0.4989999999999988,23.66,equatorial
12.85,23.69,27.61,21.61,91.75,6.2,2.34,4.87,0.98,0.94,2015-08-21,Kumba,2015,8,233,34,122.60000000000002,168.32,463.95,1550.46,2.0936651910334305,0.591666666666665,23.69,equatorial
10.32,23.68,27.22,21.27,92.55,15.2,2.9,4.87,0.97,0.94,2015-08-22,Kumba,2015,8,234,34,128.55,174.4,463.95000000000005,1546.55,2.0623312794272857,0.5599999999999987,23.69,equatorial
11.78,23.41,26.64,21.83,93.68,10.49,3.02,4.2,0.97,0.94,2015-08-23,Kumba,2015,8,235,34,94.04000000000002,182.81999999999996,465.13,1550.0,2.046077072549369,0.2753333333333359,23.69,equatorial
7.64,23.22,25.95,21.43,93.6,21.49,2.86,3.86,0.97,0.94,2015-08-24,Kumba,2015,8,236,35,99.03000000000002,201.33999999999997,475.93,1563.15,2.048691621448987,0.0853333333333346,23.69,equatorial
9.8,23.1,26.19,21.16,93.4,8.0,2.51,3.75,0.97,0.94,2015-08-25,Kumba,2015,8,237,35,99.44000000000001,201.79,398.0,1563.48,2.0270631162197676,-0.0466666666666633,23.69,equatorial
12.44,23.63,27.54,21.1,91.96,7.97,2.49,4.44,0.97,0.94,2015-08-26,Kumba,2015,8,238,35,102.05000000000001,203.01999999999998,353.96000000000004,1564.14,2.0067405442626485,0.43633333333333013,23.69,equatorial
8.31,22.96,24.47,21.73,95.77,45.72,2.25,1.64,0.98,0.96,2015-08-27,Kumba,2015,8,239,35,115.07000000000001,246.7,387.21,1600.97,2.0541837157241067,-0.25166666666666515,23.69,equatorial
11.99,23.11,26.06,21.38,93.84,23.08,2.46,3.61,0.99,0.96,2015-08-28,Kumba,2015,8,240,35,131.95,254.54999999999995,402.01,1616.43,2.060539045511637,-0.13800000000000168,23.68,equatorial
12.52,22.69,25.02,21.06,94.37,17.84,2.17,2.33,0.99,0.96,2015-08-29,Kumba,2015,8,241,35,134.59,263.14,407.11,1594.6999999999998,1.9985352457793828,-0.574666666666662,23.63,equatorial
12.92,23.28,26.51,20.95,93.15,24.22,2.77,4.01,0.99,0.96,2015-08-30,Kumba,2015,8,242,35,148.32,242.35999999999996,419.02,1582.8799999999999,1.95655643415914,0.009000000000000341,23.63,equatorial
9.55,23.06,26.43,21.16,93.13,24.12,2.81,4.28,0.99,0.96,2015-08-31,Kumba,2015,8,243,36,150.95000000000002,249.97999999999996,429.17999999999995,1526.5900000000001,1.8351083010117237,-0.21300000000000452,23.63,equatorial
11.64,23.04,26.14,20.97,92.45,14.69,2.85,4.98,0.99,0.96,2015-09-01,Kumba,2015,9,244,36,157.64000000000001,257.08,435.55999999999995,1523.0800000000002,1.812449135480893,-0.22799999999999798,23.63,equatorial
10.1,22.93,26.57,20.54,91.89,7.16,2.59,5.15,0.98,0.96,2015-09-02,Kumba,2015,9,245,36,156.83,258.88,433.94,1502.97,1.7604625246546728,-0.321666666666669,23.28,equatorial
12.9,23.43,27.64,20.59,90.8,3.81,2.24,5.53,0.98,0.95,2015-09-03,Kumba,2015,9,246,36,114.92000000000002,229.98999999999998,427.24,1450.32,1.6512359829458598,0.16300000000000026,23.43,equatorial
13.42,23.66,27.12,21.42,91.54,4.98,1.81,4.25,0.97,0.94,2015-09-04,Kumba,2015,9,247,36,96.82000000000002,228.76999999999998,417.70000000000005,1444.33,1.6281008764505918,0.3620000000000019,23.66,equatorial
12.42,23.43,26.18,21.63,93.46,4.67,2.03,2.89,0.97,0.94,2015-09-05,Kumba,2015,9,248,36,83.65,218.23999999999998,411.31,1431.5,1.5932269267453942,0.11299999999999955,23.66,equatorial
11.16,23.65,27.7,21.56,92.43,16.38,2.06,3.82,0.97,0.94,2015-09-06,Kumba,2015,9,249,36,75.81,224.12999999999997,418.14,1428.0200000000002,1.5757523378995748,0.3099999999999987,23.66,equatorial
11.82,22.64,24.67,21.23,94.6,12.89,2.68,2.7,0.97,0.94,2015-09-07,Kumba,2015,9,250,37,64.58000000000001,215.53,421.91,1420.44,1.551336707996578,-0.6643333333333317,23.66,equatorial
12.89,23.12,26.53,20.86,91.8,1.39,2.2,4.4,0.97,0.93,2015-09-08,Kumba,2015,9,251,37,51.280000000000015,208.91999999999996,421.23,1413.6200000000001,1.5287472251513492,-0.1826666666666661,23.66,equatorial
11.64,23.49,26.74,21.12,91.14,2.46,1.6,3.69,0.96,0.93,2015-09-09,Kumba,2015,9,252,37,46.58000000000001,203.40999999999997,420.71999999999997,1409.89,1.5120613497284334,0.18966666666666399,23.66,equatorial
15.01,23.42,25.96,21.47,92.9,7.05,1.97,2.9,0.96,0.93,2015-09-10,Kumba,2015,9,253,37,49.820000000000014,164.74,420.21999999999997,1412.95,1.507690581587225,0.11466666666666825,23.66,equatorial
16.32,23.46,25.92,21.59,94.09,8.58,1.93,2.32,0.96,0.93,2015-09-11,Kumba,2015,9,254,37,53.420000000000016,150.23999999999998,422.06,1414.62,1.5009612952681997,0.14966666666666484,23.65,equatorial
13.16,24.27,27.94,22.01,91.18,1.29,1.72,4.18,0.96,0.92,2015-09-12,Kumba,2015,9,255,37,50.04000000000001,133.68999999999997,421.31,1410.8,1.4847071241732104,0.9319999999999986,24.27,equatorial
12.67,24.27,28.48,21.81,91.7,35.78,2.47,5.04,0.96,0.94,2015-09-13,Kumba,2015,9,256,37,69.44000000000003,145.25,441.86,1420.96,1.4932849523612515,0.8983333333333334,24.27,equatorial
12.57,23.28,25.86,21.94,94.92,105.14,2.27,2.41,0.99,0.98,2015-09-14,Kumba,2015,9,257,38,161.69,226.26999999999998,537.75,1463.65,1.5586404820448858,-0.086666666666666,24.27,equatorial
12.89,23.38,26.54,21.54,93.29,19.35,2.55,3.8,0.99,0.96,2015-09-15,Kumba,2015,9,258,38,179.65000000000003,230.92999999999998,512.1,1455.4399999999998,1.534006347438713,0.005999999999996675,24.27,equatorial
10.62,23.14,25.44,21.88,94.96,25.16,2.27,2.41,0.99,0.97,2015-09-16,Kumba,2015,9,259,38,202.35000000000002,248.92999999999998,520.76,1440.56,1.498215650017443,-0.23133333333333184,24.27,equatorial
12.97,23.75,27.51,21.68,91.7,22.1,2.25,4.84,0.99,0.97,2015-09-17,Kumba,2015,9,260,38,217.4,267.21999999999997,535.27,1418.9099999999999,1.4512794140394063,0.3756666666666675,24.27,equatorial
16.18,23.87,27.12,21.61,91.52,5.93,1.83,3.98,0.99,0.96,2015-09-18,Kumba,2015,9,261,38,214.75000000000003,268.16999999999996,535.84,1356.73,1.3346948702777186,0.4826666666666668,24.27,equatorial
13.46,23.65,26.74,21.83,93.55,15.22,2.08,3.07,0.99,0.96,2015-09-19,Kumba,2015,9,262,38,228.68,278.72,518.36,1354.01,1.322910669422967,0.25966666666666427,24.27,equatorial
10.91,23.48,26.28,21.76,92.44,28.57,1.55,2.91,0.99,0.96,2015-09-20,Kumba,2015,9,263,38,221.47,290.91,540.73,1377.25,1.3562904005422538,0.09666666666666757,23.87,equatorial
17.48,23.81,27.28,21.65,89.28,36.68,1.25,3.73,0.99,0.98,2015-09-21,Kumba,2015,9,264,39,153.01000000000002,314.7,562.21,1400.71,1.389591188979098,0.4223333333333308,23.87,equatorial
16.43,24.38,28.48,21.58,88.92,7.89,1.64,5.69,0.99,0.96,2015-09-22,Kumba,2015,9,265,39,141.55,321.2,559.61,1398.0000000000002,1.3772542714074711,0.9599999999999973,24.38,equatorial
14.23,23.92,26.95,21.69,93.43,25.17,2.34,3.69,0.99,0.96,2015-09-23,Kumba,2015,9,266,39,141.56,343.91,563.29,1414.1,1.3975212239026658,0.47666666666666657,24.38,equatorial
12.18,23.52,25.23,22.25,95.4,11.37,1.97,1.65,0.99,0.96,2015-09-24,Kumba,2015,9,267,39,130.83,348.23,566.66,1414.0,1.389646547199329,0.0626666666666651,24.38,equatorial
10.55,23.57,26.2,21.79,92.06,17.23,1.86,3.36,0.99,0.96,2015-09-25,Kumba,2015,9,268,39,142.13000000000002,356.88,575.92,1419.17,1.390949107390552,0.11466666666666825,24.38,equatorial
16.54,24.13,27.91,21.37,90.38,5.81,1.9,5.15,0.99,0.96,2015-09-26,Kumba,2015,9,269,39,132.72000000000003,361.4,536.01,1416.83,1.3793752047623988,0.635666666666669,24.38,equatorial
15.86,24.48,28.91,21.75,90.0,10.27,1.84,5.0,0.98,0.95,2015-09-27,Kumba,2015,9,270,39,114.42000000000002,335.89000000000004,523.2,1417.41,1.3729770310381997,0.9400000000000013,24.48,equatorial
15.93,24.04,27.26,22.13,92.38,1.81,2.21,3.93,0.98,0.95,2015-09-28,Kumba,2015,9,271,40,79.55000000000001,232.55999999999997,507.17,1407.74,1.3491636661564055,0.45500000000000185,24.48,equatorial
10.96,23.36,25.21,21.99,95.06,2.22,2.52,2.23,0.97,0.94,2015-09-29,Kumba,2015,9,272,40,73.88000000000001,215.42999999999998,485.17,1402.9,1.333927740876737,-0.2276666666666678,24.48,equatorial
16.91,23.99,27.73,21.67,91.06,1.19,2.36,4.93,0.97,0.93,2015-09-30,Kumba,2015,9,273,40,49.90000000000001,191.45999999999998,462.24,1400.14,1.3224514276396564,0.3713333333333324,24.48,equatorial
13.05,24.21,28.25,21.91,90.81,1.21,1.86,4.2,0.96,0.93,2015-10-01,Kumba,2015,10,274,40,39.740000000000016,170.57,448.76000000000005,1396.93,1.3103699613070934,0.5523333333333333,24.48,equatorial
14.56,23.63,26.42,21.83,93.94,1.13,2.05,2.47,0.96,0.92,2015-10-02,Kumba,2015,10,275,40,23.64000000000001,165.76999999999998,442.73,1396.85,1.3037786445485178,-0.05099999999999838,24.48,equatorial
12.87,24.16,27.83,22.05,92.5,4.92,2.2,3.87,0.96,0.92,2015-10-03,Kumba,2015,10,276,40,22.750000000000014,155.47,443.84000000000003,1401.63,1.3055408140656064,0.4546666666666681,24.48,equatorial
14.29,24.22,27.86,21.79,91.63,3.78,2.39,4.51,0.95,0.91,2015-10-04,Kumba,2015,10,277,40,16.260000000000016,130.68,442.64,1404.76,1.3044964576287839,0.49599999999999866,24.22,equatorial
17.58,23.84,26.55,22.41,94.04,5.03,1.98,2.52,0.95,0.91,2015-10-05,Kumba,2015,10,278,41,19.480000000000015,99.02999999999999,443.00000000000006,1409.09,1.3055133990636016,0.10233333333333405,24.22,equatorial
16.84,23.75,26.03,22.08,93.59,9.31,1.73,2.41,0.95,0.92,2015-10-06,Kumba,2015,10,279,41,26.570000000000014,100.44999999999999,435.93000000000006,1417.76,1.3138777995598578,0.009000000000000341,24.22,equatorial
7.24,23.87,26.55,22.03,91.96,5.69,2.1,3.93,0.95,0.91,2015-10-07,Kumba,2015,10,280,41,31.070000000000014,80.96999999999998,428.73,1422.53,1.3155615587233405,0.08800000000000097,24.22,equatorial
14.7,23.29,26.19,21.32,91.23,4.56,1.8,3.47,0.95,0.91,2015-10-08,Kumba,2015,10,281,41,34.420000000000016,74.15999999999998,431.9,1399.62,1.2705017190765548,-0.49766666666666737,24.22,equatorial
9.12,22.87,25.03,20.69,90.79,2.21,1.33,1.86,0.95,0.91,2015-10-09,Kumba,2015,10,282,41,35.50000000000002,59.139999999999986,431.65000000000003,1371.02,1.2163539840469684,-0.8969999999999985,24.22,equatorial
16.7,23.99,28.36,20.78,87.67,4.62,1.58,5.68,0.94,0.91,2015-10-10,Kumba,2015,10,283,41,35.20000000000002,57.94999999999998,429.22,1357.0700000000002,1.1874985312253565,0.20399999999999707,24.22,equatorial
14.36,23.33,25.6,21.43,91.98,8.34,1.51,2.31,0.94,0.91,2015-10-11,Kumba,2015,10,284,41,39.76000000000002,56.01999999999999,428.98,1345.3700000000001,1.1627355251845741,-0.45166666666666444,23.99,equatorial
15.74,24.58,28.99,21.31,88.02,3.02,1.43,5.38,0.94,0.9,2015-10-12,Kumba,2015,10,285,42,37.750000000000014,57.22999999999998,430.71000000000004,1324.58,1.1228868962762253,0.7880000000000003,24.58,equatorial
19.22,24.29,27.28,22.02,93.19,5.66,1.61,2.35,0.94,0.9,2015-10-13,Kumba,2015,10,286,42,34.10000000000001,60.66999999999999,400.59000000000003,1323.8300000000002,1.1171929678586499,0.4973333333333336,24.58,equatorial
18.81,24.33,26.93,22.87,93.31,7.39,2.02,2.7,0.94,0.9,2015-10-14,Kumba,2015,10,287,42,35.80000000000001,66.86999999999999,302.84,1326.96,1.1181018049705043,0.5023333333333291,24.58,equatorial
17.5,24.06,26.49,22.33,94.14,6.08,2.05,1.98,0.94,0.9,2015-10-15,Kumba,2015,10,288,42,37.320000000000014,71.73999999999998,289.57000000000005,1327.8000000000002,1.115157913277928,0.2096666666666671,24.58,equatorial
16.31,23.75,25.77,22.51,96.07,8.09,2.27,1.45,0.94,0.91,2015-10-16,Kumba,2015,10,289,42,43.20000000000001,78.69999999999999,272.5,1330.2,1.1148799074182307,-0.12066666666666137,24.58,equatorial
11.42,24.21,26.83,22.31,93.35,12.2,2.14,3.06,0.94,0.91,2015-10-17,Kumba,2015,10,290,42,50.780000000000015,85.97999999999999,262.6,1322.45,1.0975285491384659,0.3240000000000016,24.58,equatorial
17.68,23.91,26.07,22.34,94.63,14.7,2.14,2.17,0.95,0.92,2015-10-18,Kumba,2015,10,291,42,57.14000000000001,96.89999999999998,271.37,1321.99,1.0926048737352236,0.0226666666666695,24.58,equatorial
15.78,24.11,26.64,22.29,94.03,26.34,2.23,2.63,0.96,0.93,2015-10-19,Kumba,2015,10,292,43,80.46000000000001,118.20999999999998,282.49,1291.69,1.0375027123091367,0.20733333333333448,24.33,equatorial
11.24,23.71,25.5,22.25,94.52,21.02,2.1,2.17,0.97,0.94,2015-10-20,Kumba,2015,10,293,43,95.82000000000002,129.92,274.94,1279.62,1.0135085339492826,-0.20033333333332948,24.33,equatorial
17.17,23.65,25.91,21.99,95.33,17.13,2.22,1.95,0.97,0.94,2015-10-21,Kumba,2015,10,294,43,105.56000000000002,141.35999999999999,255.39,1281.5500000000002,1.013270578651336,-0.254999999999999,24.21,equatorial
9.73,23.95,25.58,22.81,95.95,81.53,1.9,1.55,0.99,0.98,2015-10-22,Kumba,2015,10,295,43,181.01000000000002,218.32999999999998,329.03000000000003,1353.77,1.1313368917472084,0.05933333333333124,24.21,equatorial
14.99,23.88,26.86,22.33,92.93,10.51,1.47,1.73,0.99,0.97,2015-10-23,Kumba,2015,10,296,43,183.43,226.63,314.37,1353.5900000000001,1.126685896948926,-0.009333333333334082,24.21,equatorial
10.85,23.45,25.58,21.98,93.66,5.75,1.59,2.05,0.99,0.97,2015-10-24,Kumba,2015,10,297,43,176.98000000000002,227.76,308.75,1273.41,0.9875513551733283,-0.4369999999999976,24.11,equatorial
15.5,23.67,26.02,22.03,95.02,16.41,1.52,1.61,0.99,0.97,2015-10-25,Kumba,2015,10,298,43,178.69,235.82999999999998,307.92999999999995,1237.81,0.9243498189158988,-0.2203333333333326,24.11,equatorial
14.84,24.02,26.87,22.18,93.75,31.58,2.25,3.05,0.99,0.97,2015-10-26,Kumba,2015,10,299,44,183.93,264.39,333.7,1256.92,0.9536739600939105,0.13333333333333286,24.02,equatorial
15.32,23.95,25.64,22.84,96.52,70.62,2.34,1.27,1.0,0.98,2015-10-27,Kumba,2015,10,300,44,233.53000000000003,329.35,394.05,1319.26,1.0555898627546514,0.08099999999999596,24.02,equatorial
13.43,23.78,25.77,22.28,94.55,17.02,1.94,2.24,1.0,0.98,2015-10-28,Kumba,2015,10,301,44,233.42000000000004,338.97999999999996,409.26,1323.54,1.0590891101154576,-0.08033333333333559,24.02,equatorial
5.77,23.55,25.22,22.52,95.01,14.6,1.81,1.37,1.0,0.98,2015-10-29,Kumba,2015,10,302,44,166.49000000000004,347.5,421.64000000000004,1325.8300000000002,1.059226978595363,-0.31666666666666643,24.02,equatorial
16.55,24.16,28.34,21.33,87.4,4.82,1.57,5.28,0.99,0.97,2015-10-30,Kumba,2015,10,303,44,160.8,344.23,425.27000000000004,1316.69,1.0401532721437854,0.28766666666666296,24.16,equatorial
12.06,23.46,24.86,22.4,96.28,26.64,2.14,1.42,0.99,0.97,2015-10-31,Kumba,2015,10,304,44,181.69,358.66999999999996,450.7,1335.02,1.067419294447696,-0.38733333333333064,24.16,equatorial
9.51,24.03,26.76,22.29,93.07,99.94,1.78,2.87,1.0,0.99,2015-11-01,Kumba,2015,11,305,44,265.22,443.90999999999997,549.51,1426.1799999999998,1.2167849692778587,0.16933333333333778,24.16,equatorial
12.79,23.76,26.93,21.99,91.72,34.65,1.98,4.06,1.0,0.99,2015-11-02,Kumba,2015,11,306,45,268.29,452.22,579.24,1450.32,1.2523320177347717,-0.08733333333333348,24.16,equatorial
17.05,24.22,27.74,21.86,91.07,6.14,1.67,3.98,0.99,0.98,2015-11-03,Kumba,2015,11,307,45,203.81000000000003,437.34,581.5999999999999,1441.9399999999998,1.233071565302882,0.37266666666666737,24.22,equatorial
13.93,24.02,27.01,22.21,93.72,12.91,1.77,2.67,0.99,0.97,2015-11-04,Kumba,2015,11,308,45,199.70000000000002,433.11999999999995,589.48,1443.79,1.2311334478074747,0.16666666666666785,24.22,equatorial
4.32,23.06,24.31,21.17,93.72,32.88,2.12,1.69,0.99,0.98,2015-11-05,Kumba,2015,11,309,45,217.98000000000002,384.47,613.0500000000001,1467.1200000000001,1.2651365048051102,-0.7703333333333333,24.22,equatorial
18.97,24.41,29.94,20.01,85.37,0.91,1.57,5.58,0.99,0.97,2015-11-06,Kumba,2015,11,310,45,214.07,374.87,608.27,1458.9099999999999,1.2461309286844475,0.5616666666666674,24.41,equatorial
18.44,24.85,28.94,22.78,87.77,17.57,1.23,4.24,0.99,0.96,2015-11-07,Kumba,2015,11,311,45,205.0,386.69,621.28,1474.4099999999999,1.266891077464026,0.9496666666666691,24.85,equatorial
9.77,23.95,26.08,22.66,93.28,7.91,1.5,1.87,0.99,0.96,2015-11-08,Kumba,2015,11,312,45,112.97000000000001,378.19,626.98,1479.35,1.26984813546789,0.013666666666665606,24.85,equatorial
19.57,24.43,27.7,22.14,90.86,8.05,1.5,3.37,0.98,0.96,2015-11-09,Kumba,2015,11,313,46,86.37000000000002,354.66,630.41,1479.85,1.2653934439912493,0.4789999999999992,24.85,equatorial
11.48,23.52,25.19,22.34,96.27,16.64,1.87,1.23,0.99,0.96,2015-11-10,Kumba,2015,11,314,46,96.87000000000002,300.68,638.7099999999999,1489.75,1.2766328337985537,-0.4373333333333349,24.85,equatorial
17.7,24.25,27.47,21.79,89.91,10.23,1.28,2.82,0.99,0.96,2015-11-11,Kumba,2015,11,315,46,94.19000000000001,293.89,645.92,1497.94,1.2849252520085541,0.3036666666666683,24.85,equatorial
20.17,25.49,29.49,22.05,85.57,0.62,1.29,5.38,0.98,0.95,2015-11-12,Kumba,2015,11,316,46,61.930000000000014,279.90999999999997,640.88,1483.33,1.2552926472015686,1.503666666666664,25.49,equatorial
18.79,25.7,30.26,22.57,85.92,0.7,1.45,5.6,0.97,0.94,2015-11-13,Kumba,2015,11,317,46,61.72000000000002,275.79,634.19,1474.78,1.2360180551755557,1.6679999999999993,25.7,equatorial
16.23,25.05,29.15,22.91,90.21,1.66,1.61,3.98,0.97,0.93,2015-11-14,Kumba,2015,11,318,46,45.81000000000002,250.81,629.77,1431.44,1.1592257596519775,0.9849999999999994,25.7,equatorial
17.13,24.91,28.83,22.73,89.67,2.2,2.05,4.94,0.96,0.92,2015-11-15,Kumba,2015,11,319,46,40.100000000000016,153.07000000000002,623.88,1417.14,1.1312537797894253,0.8063333333333347,25.7,equatorial
18.75,25.28,29.15,22.8,86.98,1.82,1.3,4.64,0.96,0.92,2015-11-16,Kumba,2015,11,320,47,33.87000000000001,120.24000000000001,613.5,1411.3700000000001,1.117661922498785,1.1406666666666645,25.7,equatorial
17.71,24.79,28.33,22.1,87.67,0.42,1.39,4.07,0.95,0.91,2015-11-17,Kumba,2015,11,321,47,17.650000000000016,114.52000000000001,599.2199999999999,1406.4299999999998,1.1055622624825954,0.6213333333333289,25.7,equatorial
19.12,25.24,29.63,22.5,84.86,0.47,1.37,4.92,0.94,0.9,2015-11-18,Kumba,2015,11,322,47,7.890000000000015,102.08,573.35,1374.1999999999998,1.0483116820674605,1.0336666666666616,25.7,equatorial
17.86,24.95,29.23,21.88,86.98,0.35,1.48,4.82,0.93,0.9,2015-11-19,Kumba,2015,11,323,47,7.620000000000014,69.55,552.68,1368.3500000000001,1.0352088716590913,0.7023333333333355,25.7,equatorial
14.02,23.88,25.97,22.56,91.39,0.49,1.17,1.38,0.93,0.89,2015-11-20,Kumba,2015,11,324,47,7.410000000000014,69.13000000000001,536.04,1353.64,1.0075056245937584,-0.37533333333333374,25.28,equatorial
15.26,24.75,28.55,22.42,89.6,0.59,1.57,3.57,0.93,0.89,2015-11-21,Kumba,2015,11,325,47,6.340000000000014,52.15,455.09999999999997,1343.74,0.9879628047327423,0.4680000000000035,25.28,equatorial
18.07,24.56,27.8,22.31,88.43,0.3,1.49,2.46,0.92,0.89,2015-11-22,Kumba,2015,11,326,47,4.440000000000015,44.54,444.89,1322.55,0.9498074082582116,0.25533333333333275,25.28,equatorial
18.45,25.17,29.44,21.59,86.53,0.41,1.55,4.01,0.92,0.88,2015-11-23,Kumba,2015,11,327,48,3.0300000000000145,36.9,439.55,1314.96,0.9344480223704981,0.8079999999999998,25.24,equatorial
13.72,24.16,26.15,22.59,92.66,0.54,1.36,1.11,0.91,0.88,2015-11-24,Kumba,2015,11,328,48,3.1500000000000137,20.8,423.67999999999995,1307.53,0.9194440834403041,-0.2183333333333337,25.24,equatorial
16.19,25.39,30.26,21.91,84.74,0.16,1.26,4.62,0.91,0.87,2015-11-25,Kumba,2015,11,329,48,2.840000000000014,10.73,392.26,1261.97,0.8411566368914907,0.9660000000000011,25.39,equatorial
19.2,25.01,28.9,22.33,88.89,0.36,1.91,4.92,0.9,0.87,2015-11-26,Kumba,2015,11,330,48,2.850000000000014,10.47,322.0,1239.25,0.8011921052917063,0.5506666666666682,25.39,equatorial
16.18,25.11,29.7,22.42,88.54,0.1,1.65,4.57,0.89,0.86,2015-11-27,Kumba,2015,11,331,48,2.460000000000014,9.87,305.08,1221.5100000000002,0.7696757162703771,0.6063333333333318,25.39,equatorial
20.3,25.53,30.09,22.44,83.78,0.04,1.27,5.54,0.88,0.86,2015-11-28,Kumba,2015,11,332,48,1.9100000000000141,8.25,290.52,1197.3300000000002,0.7275440439168047,0.9603333333333346,25.53,equatorial
18.03,24.91,28.74,22.49,86.29,0.05,1.31,3.53,0.88,0.85,2015-11-29,Kumba,2015,11,333,48,1.6600000000000141,6.1000000000000005,285.75,1173.26,0.6857305442707349,0.31533333333333147,25.53,equatorial
18.73,24.93,29.02,22.34,86.9,0.08,1.58,4.13,0.87,0.85,2015-11-30,Kumba,2015,11,334,49,1.3300000000000143,4.36,259.19,1158.6499999999999,0.6598312463641789,0.28633333333333155,25.53,equatorial
18.39,25.5,30.17,22.83,84.43,0.08,1.28,5.0,0.86,0.85,2015-12-01,Kumba,2015,12,335,49,0.8700000000000142,4.02,159.33,1151.5700000000002,0.6465876882024166,0.8073333333333288,25.53,equatorial
16.26,24.81,29.0,21.83,86.63,0.27,1.66,4.83,0.86,0.84,2015-12-02,Kumba,2015,12,336,49,0.9800000000000142,3.82,124.94999999999999,1148.0300000000002,0.6393036224678715,0.08233333333333448,25.53,equatorial
16.32,25.19,29.19,22.16,77.3,0.06,1.57,3.56,0.85,0.84,2015-12-03,Kumba,2015,12,337,49,0.6800000000000143,3.53,118.87,1143.1100000000001,0.6297316346707177,0.4299999999999997,25.53,equatorial
13.3,24.13,27.0,21.57,78.88,0.03,1.8,2.19,0.85,0.84,2015-12-04,Kumba,2015,12,338,49,0.6100000000000143,3.0700000000000003,105.99,1138.47,0.6206561687842854,-0.6336666666666702,25.53,equatorial
15.34,23.7,27.46,21.06,79.9,0.03,1.48,2.44,0.84,0.83,2015-12-05,Kumba,2015,12,339,49,0.6000000000000143,2.5100000000000002,73.14,1122.12,0.5919602711414701,-1.0850000000000009,25.5,equatorial
17.63,24.11,27.76,20.81,74.72,0.06,1.28,2.39,0.84,0.83,2015-12-06,Kumba,2015,12,340,49,0.6100000000000142,2.27,72.29,1109.29,0.569238283338034,-0.6649999999999991,25.5,equatorial
20.57,24.92,29.58,20.36,70.46,0.0,1.55,5.06,0.83,0.83,2015-12-07,Kumba,2015,12,341,50,0.5300000000000142,1.86,54.72,1107.8999999999999,0.5657977789096049,0.14266666666666694,25.5,equatorial
20.73,24.68,29.34,19.84,73.51,0.0,2.01,5.45,0.83,0.82,2015-12-08,Kumba,2015,12,342,50,0.4500000000000142,1.32,46.81,1105.4399999999998,0.560567107346079,-0.12166666666666615,25.19,equatorial
17.37,24.55,28.86,20.86,84.58,0.4,1.57,4.66,0.82,0.82,2015-12-09,Kumba,2015,12,343,50,0.5800000000000143,1.56,39.160000000000004,1098.79,0.5482906689771186,-0.25566666666666293,25.19,equatorial
19.78,24.77,28.9,21.24,80.41,0.15,2.03,4.94,0.81,0.81,2015-12-10,Kumba,2015,12,344,50,0.6700000000000141,1.35,22.67,1090.3600000000001,0.5330370227999893,-0.07733333333333547,24.92,equatorial
17.98,24.52,29.63,20.7,79.14,0.11,1.41,4.96,0.8,0.81,2015-12-11,Kumba,2015,12,345,50,0.7500000000000142,1.3599999999999999,12.55,1089.18,0.5300540546048363,-0.3363333333333358,24.92,equatorial
20.76,24.21,28.89,20.75,79.61,0.05,1.67,4.98,0.79,0.8,2015-12-12,Kumba,2015,12,346,50,0.7700000000000142,1.37,11.98,1053.45,0.4686711094175471,-0.6036666666666655,24.92,equatorial
19.04,23.91,28.41,19.84,83.5,0.16,1.63,4.28,0.79,0.79,2015-12-13,Kumba,2015,12,347,50,0.8700000000000142,1.4800000000000002,11.44,948.47,0.29009324732827374,-0.8440000000000012,24.92,equatorial
17.71,24.47,28.58,20.91,80.2,0.35,1.5,4.55,0.78,0.79,2015-12-14,Kumba,2015,12,348,51,1.2200000000000144,1.75,10.129999999999999,929.47,0.2574179917797344,-0.2646666666666668,24.77,equatorial
18.98,24.38,28.87,20.59,80.57,0.07,1.59,4.39,0.77,0.78,2015-12-15,Kumba,2015,12,349,51,1.2900000000000142,1.74,8.0,904.38,0.2144114530516131,-0.33699999999999974,24.77,equatorial
19.55,24.06,28.53,19.58,82.02,0.16,1.71,4.49,0.77,0.78,2015-12-16,Kumba,2015,12,350,51,1.0500000000000143,1.63,6.34,882.4399999999999,0.17677358926970843,-0.6163333333333334,24.77,equatorial
17.49,23.94,28.16,20.96,86.29,0.06,1.64,3.64,0.76,0.78,2015-12-17,Kumba,2015,12,351,51,0.9600000000000143,1.63,5.98,876.57,0.16651573954115548,-0.7079999999999984,24.52,equatorial
14.85,24.21,28.53,20.9,82.01,0.0,1.56,3.52,0.75,0.77,2015-12-18,Kumba,2015,12,352,51,0.8500000000000143,1.6,5.51,861.35,0.14031122889170813,-0.4036666666666662,24.47,equatorial
17.74,23.93,28.09,20.56,83.89,0.0,1.77,3.73,0.75,0.77,2015-12-19,Kumba,2015,12,353,51,0.8000000000000143,1.57,5.16,832.78,0.0913044661825707,-0.6496666666666719,24.47,equatorial
18.53,24.2,29.35,20.15,83.09,0.02,1.51,4.63,0.74,0.76,2015-12-20,Kumba,2015,12,354,51,0.6600000000000142,1.53,4.6899999999999995,796.12,0.02845923424464069,-0.3903333333333343,24.47,equatorial
18.87,24.34,29.91,19.89,81.68,0.02,1.66,4.7,0.73,0.76,2015-12-21,Kumba,2015,12,355,52,0.3300000000000142,1.55,4.12,788.25,0.014936390064438615,-0.23666666666666814,24.38,equatorial
19.99,24.26,29.36,19.62,77.95,0.0,1.9,5.0,0.72,0.75,2015-12-22,Kumba,2015,12,356,52,0.2600000000000142,1.55,3.82,763.0799999999999,-0.028266810228363644,-0.30666666666666487,24.34,equatorial
20.74,23.96,29.11,19.52,79.84,0.01,1.85,5.02,0.71,0.74,2015-12-23,Kumba,2015,12,357,52,0.11000000000001421,1.16,3.4200000000000004,751.72,-0.04774422165595635,-0.5663333333333362,24.34,equatorial
19.82,24.63,29.34,21.0,79.52,0.09,1.81,4.75,0.71,0.73,2015-12-24,Kumba,2015,12,358,52,0.14000000000001422,1.0999999999999999,2.9699999999999998,734.58,-0.07716591218867988,0.08800000000000097,24.63,equatorial
19.72,24.44,29.42,20.73,76.32,0.01,1.92,4.89,0.7,0.73,2015-12-25,Kumba,2015,12,359,52,0.1500000000000142,1.0,2.8200000000000003,728.78,-0.08705043429918251,-0.07033333333333047,24.63,equatorial
20.55,23.84,28.75,19.36,78.13,0.0,1.99,4.35,0.69,0.72,2015-12-26,Kumba,2015,12,360,52,0.1500000000000142,0.95,2.46,718.51,-0.10464678738196555,-0.631333333333334,24.63,equatorial
20.3,24.1,29.64,19.7,76.34,0.0,1.77,4.63,0.68,0.71,2015-12-27,Kumba,2015,12,361,52,0.13000000000001422,0.79,2.3600000000000003,716.7,-0.10762748896351487,-0.3376666666666637,24.63,equatorial
19.5,24.29,29.79,20.48,79.27,0.0,1.5,4.32,0.68,0.71,2015-12-28,Kumba,2015,12,362,53,0.1100000000000142,0.44,2.3200000000000003,714.48,-0.1113179352075906,-0.10633333333333539,24.63,equatorial
20.16,24.7,30.32,20.82,74.4,0.03,1.29,4.47,0.67,0.7,2015-12-29,Kumba,2015,12,363,53,0.1400000000000142,0.4,2.3,713.3199999999999,-0.11317253098034236,0.31066666666666265,24.7,equatorial
19.06,24.29,29.59,19.67,80.5,0.05,1.54,4.43,0.66,0.69,2015-12-30,Kumba,2015,12,364,53,0.18000000000001423,0.29,2.2699999999999996,712.1600000000001,-0.1150276628280264,-0.0779999999999994,24.7,equatorial
17.18,24.25,29.02,20.9,83.4,0.04,1.52,3.67,0.65,0.69,2015-12-31,Kumba,2015,12,365,53,0.13000000000001422,0.27,2.23,711.07,-0.11676173876151562,-0.0763333333333307,24.7,equatorial
17.57,25.01,30.24,20.95,80.86,0.18,1.31,3.95,0.65,0.68,2016-01-01,Kumba,2016,1,1,53,0.3000000000000142,0.45,2.1399999999999997,706.3299999999999,-0.12484527966208918,0.6769999999999996,25.01,equatorial
19.19,24.96,29.75,20.92,73.47,0.01,2.26,4.56,0.64,0.67,2016-01-02,Kumba,2016,1,2,53,0.3100000000000142,0.46,2.09,702.5600000000001,-0.13123937637528874,0.6346666666666678,25.01,equatorial
20.75,25.25,30.46,20.98,73.37,0.02,1.74,4.7,0.63,0.66,2016-01-03,Kumba,2016,1,3,53,0.33000000000001417,0.45999999999999996,2.08,697.5500000000001,-0.13979634632819202,0.8873333333333342,25.25,equatorial
19.65,24.82,30.09,20.26,77.53,0.0,2.17,4.2,0.62,0.65,2016-01-04,Kumba,2016,1,4,1,0.33000000000001417,0.44000000000000006,2.05,688.24,-0.15586283454672803,0.4200000000000017,25.25,equatorial
17.0,24.86,30.28,20.71,81.73,0.14,1.56,4.07,0.62,0.64,2016-01-05,Kumba,2016,1,5,1,0.44000000000001416,0.5800000000000001,2.13,682.69,-0.16535294147928778,0.4349999999999987,25.25,equatorial
19.41,25.72,31.69,21.68,80.85,0.2,2.08,4.38,0.61,0.63,2016-01-06,Kumba,2016,1,6,1,0.5900000000000142,0.77,2.33,678.3299999999999,-0.17275890136024444,1.2683333333333344,25.72,equatorial
19.99,26.02,31.99,21.73,78.26,0.08,1.56,4.52,0.6,0.62,2016-01-07,Kumba,2016,1,7,1,0.6300000000000142,0.7600000000000001,2.41,676.2,-0.1762547922600024,1.5236666666666672,26.02,equatorial
18.63,26.08,31.56,22.69,82.25,0.3,1.43,4.24,0.6,0.62,2016-01-08,Kumba,2016,1,8,1,0.7500000000000142,1.05,2.31,671.88,-0.1835958589294512,1.532666666666664,26.08,equatorial
16.51,26.0,31.01,22.7,83.43,0.56,2.16,4.12,0.59,0.61,2016-01-09,Kumba,2016,1,9,1,1.3000000000000143,1.61,2.72,664.1,-0.19701882735914183,1.4116666666666688,26.08,equatorial
19.54,26.09,31.62,22.44,81.87,0.39,1.85,4.2,0.59,0.6,2016-01-10,Kumba,2016,1,10,1,1.6700000000000141,2.0,3.0,661.47,-0.20137556705425436,1.4493333333333354,26.09,equatorial
20.01,26.21,32.34,22.45,77.61,0.45,1.38,4.15,0.58,0.59,2016-01-11,Kumba,2016,1,11,2,2.1200000000000143,2.45,3.4,656.26,-0.21027938709606767,1.5026666666666664,26.21,equatorial
19.5,26.18,31.85,22.53,79.22,0.52,1.27,3.86,0.57,0.58,2016-01-12,Kumba,2016,1,12,2,2.500000000000014,2.94,3.76,649.39,-0.2221114830363197,1.3969999999999985,26.21,equatorial
18.85,26.68,32.41,23.03,75.92,0.55,1.28,4.12,0.57,0.57,2016-01-13,Kumba,2016,1,13,2,2.8500000000000143,3.4400000000000004,3.9600000000000004,643.86,-0.23157418633499524,1.8233333333333306,26.68,equatorial
18.89,26.23,32.87,21.36,64.2,0.13,1.73,3.93,0.56,0.56,2016-01-14,Kumba,2016,1,14,2,2.900000000000014,3.5300000000000002,4.0200000000000005,635.9,-0.24533408486269342,1.3116666666666639,26.68,equatorial
19.02,26.52,32.59,21.69,69.57,0.29,1.32,3.74,0.55,0.55,2016-01-15,Kumba,2016,1,15,2,2.8900000000000143,3.6400000000000006,4.15,623.99,-0.26608680703304305,1.5196666666666658,26.68,equatorial
17.37,25.97,30.52,23.01,82.48,0.07,1.85,2.59,0.55,0.55,2016-01-16,Kumba,2016,1,16,2,2.4000000000000146,3.7,4.16,609.36,-0.2916560656322597,0.9019999999999975,26.68,equatorial
15.77,25.81,30.8,22.51,80.98,0.0,1.85,2.94,0.55,0.54,2016-01-17,Kumba,2016,1,17,2,2.010000000000014,3.68,4.16,583.02,-0.33800229624739664,0.6886666666666663,26.68,equatorial
15.62,26.52,33.16,21.59,75.33,0.0,1.38,3.59,0.54,0.53,2016-01-18,Kumba,2016,1,18,3,1.5600000000000143,3.68,4.16,562.0,-0.37486644166623034,1.312333333333335,26.68,equatorial
17.02,26.47,32.76,22.29,72.29,0.0,1.56,3.37,0.54,0.52,2016-01-19,Kumba,2016,1,19,3,1.0400000000000142,3.54,4.14,544.87,-0.4047841166774872,1.1866666666666639,26.68,equatorial
18.14,26.1,32.36,21.34,74.59,0.0,1.77,3.31,0.53,0.51,2016-01-20,Kumba,2016,1,20,3,0.4900000000000142,3.3400000000000003,4.12,463.34,-0.5493267272052371,0.7580000000000027,26.52,equatorial
20.06,26.72,33.21,22.41,75.65,0.03,1.56,3.27,0.52,0.5,2016-01-21,Kumba,2016,1,21,3,0.3900000000000142,3.29,4.15,452.86,-0.5670710446607382,1.2959999999999994,26.72,equatorial
17.43,26.73,32.44,22.86,72.96,0.07,2.08,3.21,0.52,0.5,2016-01-22,Kumba,2016,1,22,3,0.17000000000001422,3.0600000000000005,4.210000000000001,447.18,-0.5762309666722119,1.2136666666666684,26.73,equatorial
17.99,26.13,31.76,21.77,71.37,0.06,1.66,2.71,0.51,0.49,2016-01-23,Kumba,2016,1,23,3,0.16000000000001421,2.56,4.18,430.83,-0.604416594402418,0.5636666666666663,26.73,equatorial
18.32,26.32,32.13,22.38,69.83,0.1,1.73,2.88,0.51,0.49,2016-01-24,Kumba,2016,1,24,3,0.2600000000000142,2.2700000000000005,4.27,399.34999999999997,-0.6595626728660894,0.690999999999999,26.73,equatorial
18.64,26.07,31.96,21.39,57.78,0.01,1.83,2.71,0.51,0.48,2016-01-25,Kumba,2016,1,25,4,0.27000000000001423,1.83,4.28,328.74,-0.7844529328707959,0.36666666666666714,26.73,equatorial
15.16,26.07,31.97,21.74,72.0,0.37,1.66,2.69,0.5,0.48,2016-01-26,Kumba,2016,1,26,4,0.6400000000000142,1.6800000000000002,4.65,312.09,-0.8125713207520397,0.30100000000000193,26.73,equatorial
19.69,25.89,31.91,21.03,69.92,0.17,1.79,2.55,0.5,0.47,2016-01-27,Kumba,2016,1,27,4,0.8100000000000143,1.3,4.82,297.65999999999997,-0.8366317980604019,0.06766666666666765,26.73,equatorial
19.02,26.03,32.68,20.89,66.98,0.18,2.14,2.67,0.49,0.47,2016-01-28,Kumba,2016,1,28,4,0.9600000000000142,1.3499999999999999,4.97,293.02,-0.8431162532864352,0.163333333333334,26.73,equatorial
21.01,25.89,32.71,20.42,52.37,0.03,2.27,2.75,0.49,0.46,2016-01-29,Kumba,2016,1,29,4,0.9200000000000143,1.09,4.95,266.41,-0.8888505998444995,-0.030000000000001137,26.32,equatorial
20.56,25.4,32.66,19.12,53.04,0.0,2.48,2.58,0.49,0.45,2016-01-30,Kumba,2016,1,30,4,0.8600000000000142,1.02,4.91,166.47,-1.0653796715911767,-0.5583333333333336,26.32,equatorial
18.72,26.11,33.1,21.1,63.92,0.0,1.5,2.41,0.48,0.45,2016-01-31,Kumba,2016,1,31,4,0.7600000000000142,1.02,4.73,131.82,-1.1243462189584619,0.11499999999999844,26.11,equatorial
20.4,26.44,33.63,21.57,57.34,0.01,1.5,2.41,0.48,0.44,2016-02-01,Kumba,2016,2,32,5,0.7600000000000142,1.03,4.73,125.69000000000001,-1.1320774304030516,0.3956666666666706,26.44,equatorial
21.03,26.28,33.74,20.81,61.91,0.02,1.88,2.28,0.47,0.44,2016-02-02,Kumba,2016,2,33,5,0.41000000000001424,1.05,4.7299999999999995,112.8,-1.1518156075230508,0.20133333333333425,26.44,equatorial
18.88,26.68,33.68,22.0,73.98,0.04,1.99,2.21,0.47,0.44,2016-02-03,Kumba,2016,2,34,5,0.2800000000000142,1.09,4.77,79.96000000000001,-1.206961720544453,0.5393333333333317,26.68,equatorial
19.34,27.46,35.18,22.41,72.27,0.07,1.9,2.26,0.47,0.43,2016-02-04,Kumba,2016,2,35,5,0.17000000000001422,1.13,4.7,79.12,-1.2047564149317305,1.2326666666666668,27.46,equatorial
19.2,27.6,34.51,23.18,71.01,0.79,1.76,2.28,0.46,0.44,2016-02-05,Kumba,2016,2,36,5,0.9300000000000143,1.85,5.29,62.339999999999996,-1.2309270800468834,1.3099999999999987,27.6,equatorial
15.46,25.87,29.47,23.67,82.94,1.96,1.85,1.43,0.47,0.46,2016-02-06,Kumba,2016,2,37,5,2.8900000000000143,3.75,7.17,56.39,-1.2376580277334392,-0.41499999999999915,27.6,equatorial
18.28,27.12,33.61,23.47,73.91,1.61,1.61,2.5,0.47,0.45,2016-02-07,Kumba,2016,2,38,5,4.500000000000014,5.26,8.48,49.95,-1.2452148004032195,0.800333333333338,27.6,equatorial
16.79,26.81,31.99,23.65,77.09,2.41,1.81,2.18,0.47,0.46,2016-02-08,Kumba,2016,2,39,6,6.900000000000015,7.66,10.33,35.720000000000006,-1.2665438375191886,0.46333333333333115,27.6,equatorial
17.46,27.01,33.45,23.44,65.96,0.95,1.66,2.13,0.47,0.45,2016-02-09,Kumba,2016,2,40,6,7.830000000000014,8.24,10.89,26.44,-1.2789329337287765,0.6326666666666654,27.6,equatorial
18.01,25.98,32.1,20.67,62.71,0.0,1.99,1.8,0.46,0.43,2016-02-10,Kumba,2016,2,41,6,7.790000000000014,8.07,10.44,25.82,-1.2758875358697748,-0.3896666666666668,27.6,equatorial
17.95,25.99,31.5,21.38,66.0,0.0,1.86,1.64,0.46,0.43,2016-02-11,Kumba,2016,2,42,6,7.720000000000015,7.89,9.92,25.12,-1.2730150942365055,-0.37333333333333485,27.6,equatorial
16.69,26.22,32.76,21.77,71.78,0.04,2.04,1.74,0.46,0.42,2016-02-12,Kumba,2016,2,43,6,6.970000000000015,7.9,9.41,23.5,-1.2717998629737228,-0.12800000000000367,27.12,equatorial
16.09,26.74,32.92,22.55,73.33,0.07,1.95,1.73,0.45,0.42,2016-02-13,Kumba,2016,2,44,6,5.080000000000013,7.970000000000001,9.350000000000001,21.37,-1.2715026502199536,0.375,27.12,equatorial
17.2,26.99,33.36,22.98,72.53,0.05,2.12,1.75,0.45,0.42,2016-02-14,Kumba,2016,2,45,6,3.5200000000000142,8.020000000000001,9.11,19.6,-1.2705787679659817,0.609333333333332,27.01,equatorial
16.98,27.6,34.49,23.39,71.26,0.08,2.0,1.94,0.45,0.41,2016-02-15,Kumba,2016,2,46,7,1.1900000000000142,8.090000000000002,9.12,19.259999999999998,-1.267144946370236,1.1650000000000027,27.6,equatorial
17.37,28.0,34.65,23.85,71.15,0.33,2.09,1.95,0.45,0.41,2016-02-16,Kumba,2016,2,47,7,0.5700000000000143,8.400000000000002,9.45,19.12,-1.26339192369707,1.4920000000000009,28.0,equatorial
18.3,28.48,36.01,23.83,70.33,0.28,2.09,2.12,0.44,0.4,2016-02-17,Kumba,2016,2,48,7,0.8500000000000143,8.64,9.73,19.05,-1.2595512931198054,1.9066666666666663,28.48,equatorial
19.21,27.8,34.03,23.8,73.55,0.38,2.38,1.76,0.44,0.4,2016-02-18,Kumba,2016,2,49,7,1.2300000000000142,8.95,10.11,18.94,-1.2558172923563533,1.182333333333336,28.48,equatorial
17.97,28.12,34.35,23.77,72.65,0.35,2.63,1.74,0.44,0.4,2016-02-19,Kumba,2016,2,50,7,1.5400000000000142,8.510000000000002,10.459999999999999,18.7,-1.25234721894256,1.4350000000000023,28.48,equatorial
16.84,28.38,35.0,24.58,72.69,1.64,2.28,2.23,0.44,0.41,2016-02-20,Kumba,2016,2,51,7,3.110000000000014,8.19,12.07,20.04,-1.2461304285741457,1.6396666666666668,28.48,equatorial
18.21,27.67,32.35,24.39,75.59,1.19,1.94,1.54,0.44,0.42,2016-02-21,Kumba,2016,2,52,7,4.250000000000014,7.7700000000000005,13.19,20.82,-1.2409510882139532,0.898333333333337,28.48,equatorial
18.27,28.28,35.1,24.3,75.07,1.55,2.57,2.13,0.44,0.41,2016-02-22,Kumba,2016,2,53,8,5.720000000000014,6.91,14.68,21.83,-1.235412344626126,1.436666666666671,28.48,equatorial
16.42,28.46,35.27,24.61,73.12,0.95,2.67,2.03,0.44,0.4,2016-02-23,Kumba,2016,2,54,8,6.340000000000014,6.91,15.53,22.62,-1.2303068254939922,1.545333333333332,28.48,equatorial
14.29,27.79,33.37,24.63,75.02,0.74,2.16,1.46,0.43,0.4,2016-02-24,Kumba,2016,2,55,8,6.800000000000014,7.65,16.26,23.0,-1.2259642136293514,0.8180000000000014,28.46,equatorial
14.18,26.76,30.22,24.76,81.21,2.24,1.51,1.01,0.43,0.42,2016-02-25,Kumba,2016,2,56,8,8.660000000000014,9.89,18.130000000000003,25.14,-1.2185717454990712,-0.23499999999999943,28.46,equatorial
14.34,26.43,29.72,24.52,85.64,3.13,1.82,1.07,0.44,0.46,2016-02-26,Kumba,2016,2,57,8,11.440000000000015,12.98,21.09,28.23,-1.209571985400321,-0.583000000000002,28.46,equatorial
16.58,28.45,35.74,24.2,73.83,1.19,2.08,2.27,0.44,0.43,2016-02-27,Kumba,2016,2,58,8,10.990000000000014,14.100000000000001,22.099999999999998,29.369999999999997,-1.2040580826829501,1.3563333333333354,28.46,equatorial
16.02,28.06,33.78,24.65,75.99,2.11,2.58,2.13,0.44,0.42,2016-02-28,Kumba,2016,2,59,8,11.910000000000014,16.16,24.18,31.4,-1.1970292511387373,0.8939999999999984,28.46,equatorial
16.1,28.15,34.34,24.51,77.35,3.09,2.49,2.37,0.44,0.44,2016-02-29,Kumba,2016,2,60,9,13.450000000000014,19.17,27.270000000000003,34.41,-1.188338169429951,0.8923333333333296,28.46,equatorial
12.05,26.41,29.52,24.44,86.7,5.65,2.81,1.43,0.45,0.47,2016-03-01,Kumba,2016,3,61,9,18.150000000000013,24.490000000000002,32.92,39.790000000000006,-1.1755627539207354,-0.8576666666666668,28.45,equatorial
15.19,26.64,31.61,23.98,83.3,6.83,2.57,2.12,0.46,0.49,2016-03-02,Kumba,2016,3,62,9,24.240000000000016,31.04,39.74,46.56,-1.1604437080980279,-0.6343333333333341,28.45,equatorial
17.95,26.24,29.23,24.17,86.63,8.45,1.8,1.7,0.46,0.51,2016-03-03,Kumba,2016,3,63,9,30.450000000000014,39.11,48.17,54.98,-1.1425389981560634,-1.0330000000000013,28.45,equatorial
13.76,25.96,28.45,24.31,89.49,12.51,1.98,1.67,0.48,0.56,2016-03-04,Kumba,2016,3,64,9,39.83000000000001,51.269999999999996,60.64,67.46,-1.1176475316954075,-1.2890000000000015,28.45,equatorial
5.97,25.69,28.36,24.18,90.81,15.08,2.15,1.73,0.5,0.59,2016-03-05,Kumba,2016,3,65,9,53.72000000000001,64.71,75.65,82.47999999999999,-1.08846244161644,-1.4999999999999964,28.15,equatorial
9.13,26.13,30.2,23.93,86.44,8.49,1.93,2.62,0.52,0.57,2016-03-06,Kumba,2016,3,66,9,60.100000000000016,72.01,83.35,90.97,-1.0708608936124149,-1.0109999999999992,28.15,equatorial
17.61,26.84,31.4,23.62,80.44,0.68,1.59,2.4,0.52,0.51,2016-03-07,Kumba,2016,3,67,10,57.69000000000001,71.14,82.07000000000001,91.64999999999999,-1.0670144959300993,-0.33333333333333215,26.84,equatorial
15.94,26.15,29.4,24.27,85.28,1.56,2.2,1.75,0.51,0.51,2016-03-08,Kumba,2016,3,68,10,53.600000000000016,71.75,82.02,92.81,-1.0623547970624962,-0.9910000000000032,26.84,equatorial
14.01,25.87,29.1,23.74,86.55,2.07,2.13,1.67,0.51,0.51,2016-03-09,Kumba,2016,3,69,10,48.84000000000001,73.08,81.68,94.73,-1.0563963365018723,-1.2396666666666647,26.84,equatorial
12.55,25.54,28.49,23.84,89.78,2.11,1.98,1.21,0.51,0.51,2016-03-10,Kumba,2016,3,70,10,42.500000000000014,72.94999999999999,82.84,96.73,-1.0503341311993442,-1.5206666666666706,26.84,equatorial
10.05,25.68,28.92,23.48,85.37,1.09,1.77,1.61,0.51,0.51,2016-03-11,Kumba,2016,3,71,10,31.080000000000016,70.91,83.93,97.77,-1.0459860660744225,-1.370666666666665,26.84,equatorial
18.7,26.35,30.63,23.43,82.14,2.5,2.05,2.67,0.51,0.5,2016-03-12,Kumba,2016,3,72,10,18.500000000000014,72.22,86.43,100.11,-1.0393931086623116,-0.7126666666666637,26.84,equatorial
5.29,25.58,28.47,23.3,88.29,8.16,2.25,1.8,0.52,0.56,2016-03-13,Kumba,2016,3,73,10,18.170000000000016,78.27000000000001,94.55,107.92,-1.0232775488007522,-1.4613333333333323,26.84,equatorial
14.94,25.32,28.92,22.8,82.89,1.66,1.44,1.73,0.52,0.53,2016-03-14,Kumba,2016,3,74,11,19.150000000000013,76.84,96.14,109.51,-1.0181154697037667,-1.674000000000003,26.35,equatorial
16.16,27.28,32.44,23.79,78.64,2.25,1.23,2.91,0.52,0.52,2016-03-15,Kumba,2016,3,75,11,19.84000000000001,73.44,98.34,111.6,-1.0121090249413238,0.27633333333333354,27.28,equatorial
15.38,26.47,30.4,23.8,84.55,2.36,1.68,2.07,0.51,0.52,2016-03-16,Kumba,2016,3,76,11,20.130000000000017,68.97,100.61999999999999,113.9,-1.0057685868935224,-0.4960000000000022,27.28,equatorial
13.86,26.31,29.91,24.21,87.16,2.6,1.82,1.8,0.51,0.52,2016-03-17,Kumba,2016,3,77,11,20.620000000000015,63.12,102.89,116.5,-0.9989378749860284,-0.5996666666666677,27.28,equatorial
12.29,25.55,27.98,23.61,90.89,12.69,2.24,1.88,0.53,0.59,2016-03-18,Kumba,2016,3,78,11,32.22000000000001,63.3,115.3,129.19,-0.974503878646527,-1.2620000000000005,27.28,equatorial
16.59,25.52,28.8,23.42,88.08,0.64,1.88,1.55,0.53,0.54,2016-03-19,Kumba,2016,3,79,11,30.360000000000014,48.86,115.56,129.81,-0.9712826276385637,-1.216000000000001,27.28,equatorial
10.04,25.39,28.66,23.2,88.21,3.1,1.69,1.89,0.53,0.55,2016-03-20,Kumba,2016,3,80,11,25.30000000000002,43.47,118.31,132.89000000000001,-0.9637783593359371,-1.254999999999999,27.28,equatorial
18.22,26.61,31.7,23.31,80.59,0.78,1.45,2.93,0.53,0.52,2016-03-21,Kumba,2016,3,81,12,24.420000000000016,43.57,117.45,133.67000000000002,-0.9603324546577472,0.023999999999997357,27.28,equatorial
20.0,26.29,30.57,23.38,85.3,5.16,1.93,2.84,0.53,0.55,2016-03-22,Kumba,2016,3,82,12,27.330000000000016,47.17,121.42,138.82,-0.9492621058408909,-0.25,26.61,equatorial
14.97,25.9,28.9,24.06,89.58,15.9,2.51,2.72,0.54,0.62,2016-03-23,Kumba,2016,3,83,12,40.87000000000002,61.0,135.76999999999998,154.63,-0.919590499370537,-0.5606666666666698,26.61,equatorial
9.75,24.72,26.09,23.27,92.96,48.14,2.53,2.37,0.6,0.77,2016-03-24,Kumba,2016,3,84,12,86.41000000000003,107.03,182.96,202.76,-0.833454220652458,-1.6159999999999997,26.61,equatorial
18.16,24.78,27.37,22.95,91.74,20.1,2.14,2.81,0.65,0.76,2016-03-25,Kumba,2016,3,85,12,93.82000000000002,126.03999999999999,202.32,222.86,-0.7966782654293115,-1.4556666666666658,26.61,equatorial
18.12,25.44,28.53,23.45,90.19,12.86,2.16,3.61,0.66,0.74,2016-03-26,Kumba,2016,3,86,12,106.04000000000002,136.4,212.94,235.72,-0.7726966808335157,-0.7516666666666652,26.61,equatorial
11.5,25.63,28.46,23.58,92.75,34.28,1.98,2.63,0.69,0.81,2016-03-27,Kumba,2016,3,87,12,137.22000000000003,162.52,244.09,270.0,-0.7112114756106314,-0.5350000000000001,26.61,equatorial
14.9,25.73,28.76,24.01,92.2,15.81,1.69,2.43,0.71,0.79,2016-03-28,Kumba,2016,3,88,13,152.25000000000003,176.67000000000002,258.71,285.78000000000003,-0.6823337414723047,-0.34433333333333493,26.29,equatorial
6.93,26.07,29.99,23.82,89.42,18.35,1.46,3.33,0.73,0.8,2016-03-29,Kumba,2016,3,89,13,165.44000000000003,192.77,274.95,304.08000000000004,-0.6490899140015454,0.062000000000001165,26.07,equatorial
13.13,26.01,29.4,23.65,90.47,8.05,2.17,4.43,0.73,0.78,2016-03-30,Kumba,2016,3,90,13,157.59000000000003,198.46,279.91,312.09000000000003,-0.6339972032625332,0.07333333333333414,26.07,equatorial
13.19,25.76,28.7,23.88,91.46,21.14,2.39,3.98,0.74,0.81,2016-03-31,Kumba,2016,3,91,13,130.59000000000003,217.0,295.4,333.05,-0.5961516700026992,-0.15500000000000114,26.07,equatorial
13.34,25.26,26.39,24.14,96.44,19.85,2.58,1.13,0.76,0.83,2016-04-01,Kumba,2016,4,92,13,130.34000000000003,224.16,308.42,352.89,-0.5603368985916403,-0.6090000000000018,26.07,equatorial
14.23,25.19,27.96,23.51,92.3,16.25,2.45,3.51,0.78,0.83,2016-04-02,Kumba,2016,4,93,13,133.73000000000002,239.77,316.22,369.12,-0.5309332473046177,-0.6439999999999984,26.07,equatorial
18.58,26.22,30.42,23.44,87.5,1.45,1.47,4.81,0.78,0.79,2016-04-03,Kumba,2016,4,94,13,100.90000000000002,238.12,305.16,370.57000000000005,-0.5276353189508322,0.37733333333333263,26.22,equatorial
10.64,25.47,28.02,23.67,92.41,7.24,2.0,2.74,0.77,0.81,2016-04-04,Kumba,2016,4,95,14,92.33000000000003,244.57999999999998,297.32000000000005,377.66999999999996,-0.5143703379575614,-0.36533333333333573,26.22,equatorial
16.32,25.68,28.83,23.72,91.71,9.99,2.68,3.93,0.78,0.81,2016-04-05,Kumba,2016,4,96,14,83.97000000000003,249.41,298.82000000000005,387.46,-0.4963699111534664,-0.1403333333333343,26.22,equatorial
3.52,24.25,26.09,22.55,94.71,3.91,2.03,1.39,0.78,0.81,2016-04-06,Kumba,2016,4,97,14,79.83000000000003,237.42,302.05,391.29,-0.4889289187572976,-1.4839999999999982,26.22,equatorial
18.22,24.44,27.32,22.13,87.31,1.72,1.7,3.0,0.78,0.8,2016-04-07,Kumba,2016,4,98,14,60.410000000000025,191.0,302.21000000000004,392.71,-0.48576249101180474,-1.2370000000000019,26.22,equatorial
18.92,25.92,30.95,21.62,83.86,0.17,1.84,5.81,0.77,0.79,2016-04-08,Kumba,2016,4,99,14,40.73000000000002,171.07000000000002,300.31,392.32,-0.48580704782733497,0.2413333333333334,26.22,equatorial
17.27,25.86,29.85,23.38,88.93,1.32,1.83,4.32,0.76,0.78,2016-04-09,Kumba,2016,4,100,14,25.800000000000022,159.53,299.52,393.25,-0.4835135761778256,0.1706666666666692,26.22,equatorial
14.75,25.7,29.3,23.2,89.84,0.98,2.41,4.59,0.76,0.78,2016-04-10,Kumba,2016,4,101,14,25.330000000000023,126.23,299.41,393.78000000000003,-0.48193395633228214,0.00999999999999801,25.92,equatorial
19.11,25.34,28.13,23.74,93.1,11.99,2.06,2.5,0.76,0.81,2016-04-11,Kumba,2016,4,102,15,30.08000000000002,122.41000000000001,308.90000000000003,405.25,-0.4609318555617373,-0.3163333333333327,25.92,equatorial
12.83,25.09,27.55,23.53,91.35,6.18,1.89,2.92,0.77,0.8,2016-04-12,Kumba,2016,4,103,15,26.27000000000002,110.24000000000001,306.92,410.88000000000005,-0.4503294686851002,-0.5500000000000007,25.92,equatorial
21.36,26.24,30.0,23.09,85.85,3.76,1.5,4.99,0.77,0.79,2016-04-13,Kumba,2016,4,104,15,26.12000000000002,105.95,309.02,414.51000000000005,-0.4432955181506358,0.5693333333333328,26.24,equatorial
15.46,25.7,28.72,23.67,91.59,10.68,1.9,3.04,0.77,0.81,2016-04-14,Kumba,2016,4,105,15,35.08000000000002,95.49000000000001,317.45,424.90000000000003,-0.4242331553998712,0.08199999999999719,26.24,equatorial
10.31,25.3,27.38,23.33,92.45,16.65,1.57,2.27,0.79,0.83,2016-04-15,Kumba,2016,4,106,15,51.56000000000002,92.28999999999999,331.74,441.48,-0.39415479652530416,-0.2789999999999999,26.24,equatorial
16.57,25.5,28.99,23.13,90.02,11.75,2.11,4.63,0.79,0.82,2016-04-16,Kumba,2016,4,107,15,61.990000000000016,87.78999999999999,340.89,453.23,-0.37271277471568937,-0.052000000000003155,26.24,equatorial
9.03,24.93,27.83,22.55,88.39,8.99,1.72,3.35,0.8,0.83,2016-04-17,Kumba,2016,4,108,15,70.00000000000001,95.32999999999998,337.19,462.22,-0.35621237507439224,-0.6013333333333328,26.24,equatorial
18.56,25.18,28.41,22.47,88.66,5.17,1.33,3.66,0.8,0.82,2016-04-18,Kumba,2016,4,109,16,63.18000000000002,93.25999999999999,341.72,467.39000000000004,-0.34654925808999026,-0.33999999999999986,26.24,equatorial
19.97,25.64,28.89,22.72,87.2,10.02,1.34,3.46,0.81,0.83,2016-04-19,Kumba,2016,4,110,16,67.02000000000001,93.28999999999999,348.64,477.41,-0.3282153620880755,0.11166666666666814,26.24,equatorial
17.17,25.52,28.16,23.66,92.09,24.5,1.46,2.44,0.82,0.86,2016-04-20,Kumba,2016,4,111,16,87.76000000000002,113.88,372.36,501.88,-0.284012839727764,0.027999999999998693,25.7,equatorial
19.44,25.71,29.28,23.62,90.6,2.76,1.3,2.47,0.83,0.84,2016-04-21,Kumba,2016,4,112,16,79.84000000000002,114.91999999999999,369.96,504.57,-0.2788693809517683,0.23733333333333206,25.71,equatorial
18.17,25.59,28.68,23.65,91.77,1.68,1.51,2.31,0.83,0.83,2016-04-22,Kumba,2016,4,113,16,64.87000000000002,116.43,355.74,506.19,-0.2756485162442904,0.12766666666666637,25.71,equatorial
17.52,25.31,27.29,23.71,93.29,1.63,1.83,1.88,0.82,0.82,2016-04-23,Kumba,2016,4,114,16,54.75000000000002,116.74,309.23,507.72,-0.2725912487511192,-0.17200000000000415,25.71,equatorial
13.2,25.12,27.44,23.65,93.5,1.6,2.05,2.21,0.82,0.82,2016-04-24,Kumba,2016,4,115,16,47.36000000000002,117.35999999999999,290.73,509.31000000000006,-0.26942796173007827,-0.3733333333333313,25.71,equatorial
15.14,25.3,28.01,23.66,91.64,2.05,1.58,2.64,0.82,0.82,2016-04-25,Kumba,2016,4,116,17,44.24000000000002,107.42,279.92,510.99,-0.26610455143699346,-0.18866666666666632,25.71,equatorial
9.83,25.25,27.69,23.6,93.69,1.98,1.73,1.77,0.82,0.82,2016-04-26,Kumba,2016,4,117,17,36.200000000000024,103.22,247.62,512.8000000000001,-0.2625488066582625,-0.2259999999999991,25.71,equatorial
18.18,25.41,28.17,23.54,90.07,1.06,1.41,3.07,0.81,0.82,2016-04-27,Kumba,2016,4,118,17,12.760000000000021,100.52,232.87,513.6800000000001,-0.26067189163487364,-0.055333333333333456,25.71,equatorial
15.95,25.05,27.96,23.25,90.83,1.57,1.66,2.59,0.81,0.82,2016-04-28,Kumba,2016,4,119,17,11.570000000000022,91.41,216.09,515.22,-0.25760510519514335,-0.38133333333333397,25.59,equatorial
18.81,25.25,28.12,23.11,90.19,1.75,1.67,3.24,0.81,0.82,2016-04-29,Kumba,2016,4,120,17,11.640000000000022,76.51,209.79,516.97,-0.25416058603889574,-0.1559999999999988,25.41,equatorial
18.34,25.56,28.51,23.36,91.54,1.51,1.86,2.96,0.81,0.81,2016-04-30,Kumba,2016,4,121,17,11.520000000000021,66.27,190.16,518.48,-0.2511518292720564,0.16066666666666407,25.56,equatorial
14.68,25.56,28.15,23.84,92.68,7.14,1.72,2.3,0.81,0.83,2016-05-01,Kumba,2016,5,122,17,17.06000000000002,64.42,177.45000000000002,525.61,-0.23797111536119636,0.15066666666666606,25.56,equatorial
11.45,25.22,27.41,23.28,90.74,3.58,1.49,2.76,0.81,0.82,2016-05-02,Kumba,2016,5,123,18,18.59000000000002,62.83,164.78,529.17,-0.23126303619194047,-0.19033333333333502,25.56,equatorial
18.02,25.3,28.46,23.03,88.67,3.77,1.52,3.5,0.81,0.82,2016-05-03,Kumba,2016,5,124,18,20.38000000000002,56.58,167.1,532.9000000000001,-0.22424875994287907,-0.07966666666666455,25.56,equatorial
13.24,25.72,29.44,23.08,86.03,4.63,1.33,3.93,0.81,0.82,2016-05-04,Kumba,2016,5,125,18,23.95000000000002,36.71,164.49,537.46,-0.21572962034532092,0.33200000000000074,25.72,equatorial
16.29,25.23,28.17,23.11,89.61,3.13,1.62,3.7,0.8,0.82,2016-05-05,Kumba,2016,5,126,18,25.51000000000002,37.08,157.63,539.8000000000001,-0.2112473346033671,-0.14300000000000068,25.72,equatorial
17.7,25.44,28.49,23.35,89.15,1.48,1.69,3.59,0.8,0.81,2016-05-06,Kumba,2016,5,127,18,25.24000000000002,36.88,155.2,539.3199999999999,-0.21189659702342584,0.027333333333334764,25.72,equatorial
17.78,25.37,28.8,23.08,90.86,2.93,2.22,4.16,0.8,0.81,2016-05-07,Kumba,2016,5,128,18,26.660000000000018,38.18,156.41,540.64,-0.20926869831756703,-0.07366666666666433,25.72,equatorial
18.92,24.96,27.43,23.28,91.53,7.5,1.56,2.43,0.8,0.82,2016-05-08,Kumba,2016,5,129,18,27.02000000000002,44.08,163.73999999999998,545.73,-0.1997701428101503,-0.451666666666668,25.72,equatorial
20.01,25.62,29.18,23.08,88.18,0.89,1.33,3.74,0.8,0.81,2016-05-09,Kumba,2016,5,130,19,24.33000000000002,42.92,163.31,545.67,-0.19967007335302847,0.21633333333333482,25.72,equatorial
17.73,25.57,29.02,23.42,91.51,2.93,1.96,3.61,0.79,0.81,2016-05-10,Kumba,2016,5,131,19,23.49000000000002,43.87,165.26,548.5999999999999,-0.19410993208397934,0.1706666666666692,25.72,equatorial
14.58,25.61,29.11,23.51,92.55,14.48,1.93,2.98,0.8,0.83,2016-05-11,Kumba,2016,5,132,19,33.34000000000002,57.290000000000006,167.75,563.0799999999999,-0.16743609950607916,0.20166666666666444,25.62,equatorial
16.33,25.77,28.67,23.72,89.48,20.2,1.77,3.49,0.82,0.85,2016-05-12,Kumba,2016,5,133,19,50.410000000000025,75.92,181.76999999999998,583.24,-0.13037079421423745,0.33899999999999864,25.77,equatorial
13.19,25.21,27.69,23.81,94.97,20.32,2.18,2.0,0.84,0.86,2016-05-13,Kumba,2016,5,134,19,69.25000000000001,94.49000000000001,198.32999999999998,603.49,-0.0931428395145326,-0.18666666666666387,25.77,equatorial
16.17,24.25,26.72,22.2,90.44,14.64,1.68,3.22,0.85,0.86,2016-05-14,Kumba,2016,5,135,19,80.96000000000002,107.62,202.29,618.08,-0.06629490037786184,-1.0983333333333327,25.77,equatorial
11.54,24.83,27.75,22.53,91.52,20.04,1.65,2.81,0.86,0.87,2016-05-15,Kumba,2016,5,136,19,93.50000000000003,120.52,205.67999999999998,638.04,-0.02959020272054565,-0.5026666666666699,25.77,equatorial
17.93,25.49,29.04,23.29,88.02,15.26,1.4,4.67,0.87,0.87,2016-05-16,Kumba,2016,5,137,20,107.87000000000002,132.2,209.19000000000003,652.97,-0.002127765188077047,0.15766666666666396,25.77,equatorial
15.62,23.67,25.22,22.36,93.55,11.31,2.3,2.43,0.88,0.87,2016-05-17,Kumba,2016,5,138,20,116.25000000000001,139.73999999999998,211.51,664.0,0.018161623117778816,-1.6203333333333312,25.77,equatorial
15.0,24.45,27.84,21.96,90.82,9.68,1.97,4.14,0.88,0.87,2016-05-18,Kumba,2016,5,139,20,111.45000000000002,144.79,216.01999999999998,673.3000000000001,0.03526600381151146,-0.8160000000000025,25.77,equatorial
16.62,25.17,28.52,22.51,91.12,4.12,2.31,4.62,0.88,0.86,2016-05-19,Kumba,2016,5,140,20,95.37000000000002,145.78,210.12,677.07,0.0421790013495559,-0.08033333333333204,25.49,equatorial
12.88,25.02,27.58,23.44,94.14,12.24,2.14,2.83,0.88,0.87,2016-05-20,Kumba,2016,5,141,20,87.29000000000002,156.54000000000002,197.86,687.6700000000001,0.06169187768504587,-0.21366666666666845,25.49,equatorial
16.49,24.97,27.26,23.49,93.31,20.54,1.95,2.61,0.89,0.88,2016-05-21,Kumba,2016,5,142,20,93.19000000000001,174.15,215.64,707.02,0.0973621435185428,-0.23900000000000077,25.49,equatorial
13.31,24.1,25.95,22.59,95.09,26.01,2.09,1.5,0.91,0.9,2016-05-22,Kumba,2016,5,143,20,99.16000000000003,192.66,239.97,731.48,0.14247607407815385,-1.0593333333333312,25.49,equatorial
13.11,23.31,25.35,21.72,90.23,9.57,1.33,2.47,0.92,0.9,2016-05-23,Kumba,2016,5,144,21,93.47000000000003,201.34,247.91000000000003,740.1,0.15828128444492698,-1.7826666666666675,25.17,equatorial
18.71,24.81,29.4,20.38,84.26,1.78,1.18,5.92,0.91,0.88,2016-05-24,Kumba,2016,5,145,21,83.94000000000001,200.19,248.09,741.14,0.1600483790276113,-0.27233333333333576,25.17,equatorial
17.55,25.18,28.5,23.07,88.06,4.55,1.06,3.19,0.91,0.88,2016-05-25,Kumba,2016,5,146,21,78.81000000000003,190.26,250.59,743.4499999999999,0.16416988575469865,0.10166666666666657,25.18,equatorial
16.76,25.45,28.7,23.35,89.9,11.57,1.83,4.51,0.91,0.89,2016-05-26,Kumba,2016,5,147,21,86.26000000000002,181.63,260.18,751.89,0.17966497127685302,0.36499999999999844,25.45,equatorial
16.07,24.77,26.76,23.26,94.16,14.58,2.14,2.43,0.92,0.9,2016-05-27,Kumba,2016,5,148,21,88.60000000000002,175.89000000000001,273.7,765.2800000000001,0.20435121260564842,-0.29366666666666674,25.45,equatorial
15.67,24.71,27.26,23.2,94.53,27.69,2.6,2.56,0.93,0.91,2016-05-28,Kumba,2016,5,149,21,95.75000000000003,188.94,299.82,790.86,0.2516918736030904,-0.3423333333333325,25.45,equatorial
6.86,23.89,25.82,22.17,94.43,28.33,2.07,2.07,0.95,0.93,2016-05-29,Kumba,2016,5,150,21,98.07000000000002,197.23,326.4,816.1,0.29838760318176805,-1.1170000000000009,25.45,equatorial
15.95,24.61,28.65,21.36,83.62,2.53,1.52,4.89,0.95,0.91,2016-05-30,Kumba,2016,5,151,22,91.03000000000002,184.5,327.42,812.98,0.2922638626044405,-0.3653333333333322,25.45,equatorial
19.23,25.31,29.5,21.75,84.98,3.38,1.3,5.55,0.94,0.9,2016-05-31,Kumba,2016,5,152,22,92.63000000000002,176.57,323.66,809.53,0.28552795607262094,0.34299999999999997,25.45,equatorial
15.15,24.75,27.81,22.39,92.25,17.06,1.76,2.68,0.94,0.91,2016-06-01,Kumba,2016,6,153,22,105.14000000000001,183.95,337.14,818.1400000000001,0.30129027146099474,-0.2013333333333307,25.45,equatorial
17.89,25.2,27.97,23.11,90.85,9.45,1.89,3.82,0.95,0.91,2016-06-02,Kumba,2016,6,154,22,103.02000000000001,189.28,342.82,815.08,0.29526133119974773,0.2519999999999989,25.31,equatorial
17.18,25.36,29.06,23.09,87.66,3.3,1.18,4.21,0.94,0.91,2016-06-03,Kumba,2016,6,155,22,91.74000000000001,180.34,341.49,803.3000000000001,0.2729409438186421,0.4239999999999995,25.36,equatorial
17.14,25.15,28.71,22.34,90.46,4.17,2.12,4.68,0.94,0.9,2016-06-04,Kumba,2016,6,156,22,68.22000000000001,163.97,342.53000000000003,798.98,0.26458007112608245,0.216666666666665,25.36,equatorial
15.2,24.61,26.48,23.03,94.4,12.74,1.77,1.88,0.94,0.91,2016-06-05,Kumba,2016,6,157,22,52.630000000000024,150.7,353.78999999999996,811.0400000000001,0.28688530508150395,-0.2956666666666692,25.36,equatorial
16.82,24.49,27.32,22.43,91.81,5.29,1.9,3.46,0.94,0.91,2016-06-06,Kumba,2016,6,158,23,55.39000000000002,146.42000000000002,356.15,814.77,0.2935773253880532,-0.386333333333333,25.36,equatorial
15.19,24.42,27.02,22.72,92.67,4.49,1.93,2.73,0.94,0.91,2016-06-07,Kumba,2016,6,159,23,56.50000000000002,149.13,353.14,817.19,0.29781146048019475,-0.4383333333333326,25.36,equatorial
17.68,25.1,28.35,23.12,91.43,5.13,1.61,3.36,0.94,0.91,2016-06-08,Kumba,2016,6,160,23,44.57000000000002,149.71,357.38,820.21,0.30317112609581637,0.25900000000000034,25.36,equatorial
15.95,24.86,27.63,22.97,92.48,13.41,1.56,1.8,0.94,0.91,2016-06-09,Kumba,2016,6,161,23,48.530000000000015,151.55,367.86,832.53,0.32599908548084344,0.04266666666666197,25.36,equatorial
16.78,24.19,25.31,22.93,96.56,8.5,2.08,1.14,0.95,0.91,2016-06-10,Kumba,2016,6,162,23,53.73000000000002,145.47,361.88,838.53,0.33693718713563314,-0.5799999999999983,25.15,equatorial
10.76,24.4,25.79,23.31,95.88,12.8,2.94,1.86,0.95,0.92,2016-06-11,Kumba,2016,6,163,23,62.36000000000002,130.57999999999998,354.47999999999996,843.1700000000001,0.34531262730584816,-0.3243333333333318,25.1,equatorial
11.26,23.23,24.13,22.23,95.43,15.7,2.5,1.84,0.96,0.93,2016-06-12,Kumba,2016,6,164,23,65.32000000000002,117.94999999999999,349.86,857.2099999999999,0.3713857187617488,-1.4283333333333346,25.1,equatorial
9.23,23.81,27.06,21.91,92.14,11.39,2.35,4.31,0.96,0.93,2016-06-13,Kumba,2016,6,165,24,71.42000000000002,126.81,346.61,866.3499999999999,0.3882118638336057,-0.8336666666666694,25.1,equatorial
15.09,23.46,26.26,21.57,92.56,6.67,2.21,3.19,0.96,0.92,2016-06-14,Kumba,2016,6,166,24,73.60000000000002,130.1,333.23999999999995,870.6600000000001,0.3959202481733587,-1.1379999999999981,25.1,equatorial
13.36,22.77,25.12,20.69,93.21,47.65,2.44,2.99,0.97,0.95,2016-06-15,Kumba,2016,6,167,24,116.12000000000003,160.69,365.63,915.71,0.4805119290024883,-1.737333333333332,24.86,equatorial
14.09,21.91,24.19,20.34,89.75,0.54,1.97,2.84,0.97,0.94,2016-06-16,Kumba,2016,6,168,24,103.25000000000001,151.78,354.86,903.56,0.45701236952976837,-2.5386666666666677,24.4,equatorial
17.16,23.7,28.05,19.51,83.03,1.58,1.79,5.77,0.97,0.93,2016-06-17,Kumba,2016,6,169,24,96.33000000000001,150.06,346.76,904.5,0.4582721956839988,-0.7236666666666665,24.4,equatorial
14.97,24.17,28.17,21.38,90.31,25.48,2.18,4.7,0.97,0.94,2016-06-18,Kumba,2016,6,170,24,109.01000000000002,171.37,368.12,926.88,0.5000810542204355,-0.2203333333333326,24.17,equatorial
12.37,23.17,24.32,22.09,97.14,29.91,3.18,1.28,0.98,0.95,2016-06-19,Kumba,2016,6,171,24,123.22000000000001,188.54,385.79,956.01,0.5546224528344,-1.1586666666666652,24.17,equatorial
14.34,23.3,26.12,21.55,92.51,64.55,2.51,4.12,0.99,0.97,2016-06-20,Kumba,2016,6,172,25,176.38,247.8,429.8,1015.4000000000001,0.666377190220477,-0.972999999999999,24.17,equatorial
17.0,23.69,27.38,20.93,89.4,7.5,1.89,5.05,0.99,0.96,2016-06-21,Kumba,2016,6,173,25,177.21000000000004,250.81,411.29,1007.0,0.6495761958520267,-0.5693333333333328,24.17,equatorial
16.06,24.26,28.08,21.32,88.97,11.36,1.6,4.78,0.98,0.96,2016-06-22,Kumba,2016,6,174,25,140.92000000000002,257.04,413.08000000000004,970.2199999999999,0.5790196783376497,-0.030999999999998806,24.26,equatorial
8.56,23.33,24.91,21.95,95.62,94.05,2.57,2.02,0.99,0.98,2016-06-23,Kumba,2016,6,175,25,234.43,337.68,505.34999999999997,1044.17,0.7185140245072826,-0.9116666666666688,24.26,equatorial
13.8,22.98,24.43,21.85,94.68,79.62,2.25,2.15,1.0,0.99,2016-06-24,Kumba,2016,6,176,25,312.47,408.8,580.42,1110.9299999999998,0.8440759222479944,-1.1883333333333361,24.26,equatorial
14.52,23.37,26.06,21.42,92.05,9.97,2.58,4.24,1.0,0.98,2016-06-25,Kumba,2016,6,177,25,296.96,405.97,578.82,1086.62,0.7966504948165205,-0.7289999999999992,24.26,equatorial
12.15,23.18,25.78,21.52,93.27,4.16,2.53,3.47,0.99,0.97,2016-06-26,Kumba,2016,6,178,25,271.21000000000004,394.43,568.4,1074.97,0.7733522820207772,-0.8659999999999997,24.26,equatorial
11.84,23.18,25.86,21.3,91.05,4.12,2.21,3.92,0.99,0.97,2016-06-27,Kumba,2016,6,179,26,210.78000000000003,387.16,544.8299999999999,1060.74,0.7452098636955473,-0.8149999999999977,24.26,equatorial
12.55,23.3,26.8,20.36,87.6,7.17,1.59,4.47,0.99,0.96,2016-06-28,Kumba,2016,6,180,26,210.45000000000002,387.66,523.67,1059.86,0.7424764256739425,-0.6753333333333309,24.26,equatorial
11.64,23.9,27.49,21.19,91.28,18.02,2.16,5.09,0.98,0.96,2016-06-29,Kumba,2016,6,181,26,217.11000000000004,358.03,539.1600000000001,1056.74,0.7354956193900819,-0.05166666666666586,23.9,equatorial
14.86,24.05,26.96,21.9,93.04,16.64,1.96,2.94,0.99,0.96,2016-06-30,Kumba,2016,6,182,26,139.70000000000002,374.13,552.4200000000001,1053.53,0.7283598237667042,0.1403333333333343,24.05,equatorial
15.69,24.15,26.75,22.39,92.62,11.75,2.46,4.16,0.99,0.96,2016-07-01,Kumba,2016,7,183,26,71.83000000000001,384.3,547.11,1049.03,0.718787207253964,0.26033333333333175,24.15,equatorial
15.17,24.18,26.62,22.16,92.89,5.55,2.07,3.11,0.98,0.95,2016-07-02,Kumba,2016,7,184,26,67.41000000000001,364.37,543.21,1053.13,0.7255944802964599,0.32433333333333536,24.18,equatorial
16.98,24.56,27.92,22.35,92.51,10.71,2.7,4.53,0.98,0.95,2016-07-03,Kumba,2016,7,185,26,73.96000000000001,345.16999999999996,550.62,1056.6000000000001,0.7311919825888741,0.7310000000000016,24.56,equatorial
15.86,23.96,26.34,22.55,94.91,13.12,2.91,2.64,0.98,0.95,2016-07-04,Kumba,2016,7,186,27,82.96000000000001,293.74,559.57,1059.73,0.7361335406422773,0.1706666666666692,24.56,equatorial
13.25,23.81,26.42,22.24,93.65,21.16,3.18,3.73,0.98,0.95,2016-07-05,Kumba,2016,7,187,27,96.95000000000002,307.40000000000003,567.99,1076.98,0.7679586132192745,0.047333333333330785,24.56,equatorial
14.65,23.22,25.16,21.97,94.94,10.63,2.27,2.2,0.98,0.95,2016-07-06,Kumba,2016,7,188,27,89.56000000000002,306.67,573.3299999999999,1085.8899999999999,0.7838293084258672,-0.5003333333333337,24.56,equatorial
16.57,24.23,27.76,21.71,90.89,11.08,2.09,4.77,0.98,0.95,2016-07-07,Kumba,2016,7,189,27,84.00000000000001,223.70000000000002,579.9200000000001,1096.8,0.8034776256136982,0.5160000000000018,24.56,equatorial
13.57,23.9,26.86,22.21,94.05,17.61,2.77,3.31,0.98,0.95,2016-07-08,Kumba,2016,7,190,27,89.86000000000001,161.69,592.4000000000001,1113.09,0.8333354112024294,0.22600000000000264,24.56,equatorial
15.92,23.99,27.58,21.64,91.83,16.63,2.51,5.22,0.98,0.95,2016-07-09,Kumba,2016,7,191,27,100.94000000000001,168.35,595.62,1128.74,0.8618992097866373,0.3450000000000024,24.56,equatorial
13.84,23.71,26.83,21.76,93.27,33.42,2.82,4.05,0.99,0.96,2016-07-10,Kumba,2016,7,192,27,123.65000000000002,197.61,620.54,1150.1699999999998,0.9014056262062591,0.08099999999999952,24.23,equatorial
13.0,23.53,26.59,21.9,93.68,50.39,2.74,3.59,0.99,0.97,2016-07-11,Kumba,2016,7,193,28,160.92000000000002,243.88,658.13,1194.38,0.9842131002809571,-0.07000000000000028,24.23,equatorial
12.33,22.91,25.13,21.62,94.7,40.67,2.39,2.2,1.0,0.98,2016-07-12,Kumba,2016,7,194,28,180.43,277.38,683.1,1231.2900000000002,1.0528112254185042,-0.6793333333333358,24.23,equatorial
12.91,22.66,25.29,21.11,91.91,9.69,2.48,4.48,0.99,0.97,2016-07-13,Kumba,2016,7,195,28,179.49000000000004,269.05,681.4,1230.3,1.0489453004544775,-0.8909999999999982,24.23,equatorial
12.99,23.36,26.85,21.06,88.96,2.22,1.66,4.52,0.99,0.96,2016-07-14,Kumba,2016,7,196,28,170.63000000000002,254.63,676.95,1215.87,1.019495371137665,-0.18766666666666865,23.99,equatorial
6.99,23.2,26.12,21.52,94.38,19.27,2.42,2.7,0.99,0.96,2016-07-15,Kumba,2016,7,197,28,172.29000000000002,262.15,648.57,1223.3899999999999,1.0319726540530871,-0.3620000000000019,23.99,equatorial
10.11,23.05,25.56,21.3,94.25,16.87,2.62,2.9,0.99,0.96,2016-07-16,Kumba,2016,7,198,28,172.53,273.46999999999997,664.9,1231.27,1.045091156074244,-0.5500000000000007,23.71,equatorial
14.31,23.23,25.92,21.18,91.24,5.43,1.5,2.92,0.99,0.96,2016-07-17,Kumba,2016,7,199,28,144.54000000000002,268.19,668.75,1231.5300000000002,1.0436497005195524,-0.3543333333333365,23.53,equatorial
11.97,23.19,25.54,21.26,93.57,13.48,2.1,2.68,0.99,0.96,2016-07-18,Kumba,2016,7,200,29,107.63000000000002,268.55,656.75,1234.99,1.048311039134189,-0.3616666666666646,23.36,equatorial
13.92,23.28,25.63,21.91,95.21,21.74,2.41,2.33,0.99,0.96,2016-07-19,Kumba,2016,7,201,29,88.70000000000002,269.13,648.5799999999999,1232.23,1.0411134186758066,-0.2753333333333323,23.36,equatorial
14.62,23.28,26.04,21.75,94.0,10.34,2.21,2.73,0.99,0.96,2016-07-20,Kumba,2016,7,202,29,89.35000000000002,268.84000000000003,594.37,1239.81,1.0536347384143212,-0.2746666666666684,23.36,equatorial
13.35,23.46,26.39,21.53,92.77,8.1,2.49,3.85,0.99,0.96,2016-07-21,Kumba,2016,7,203,29,95.23000000000002,265.86,594.97,1246.23,1.0639015758926864,-0.08699999999999974,23.46,equatorial
9.7,22.51,23.93,21.47,96.19,10.05,2.38,1.38,0.98,0.96,2016-07-22,Kumba,2016,7,204,29,86.01,258.3,593.66,1254.6499999999999,1.0779371866630847,-0.9786666666666655,23.46,equatorial
11.77,22.75,25.07,21.36,95.05,13.14,2.81,2.67,0.98,0.96,2016-07-23,Kumba,2016,7,205,29,82.28000000000002,254.81000000000003,512.75,1266.19,1.0978552213968642,-0.7193333333333314,23.46,equatorial
12.71,22.84,25.65,20.97,93.06,8.65,2.15,3.09,0.98,0.96,2016-07-24,Kumba,2016,7,206,29,85.50000000000001,230.04,441.78000000000003,1272.7900000000002,1.108293591463078,-0.6246666666666663,23.46,equatorial
13.43,23.06,26.19,21.11,91.73,14.88,2.8,5.09,0.98,0.96,2016-07-25,Kumba,2016,7,207,30,86.9,194.53,446.69,1285.69,1.1306717334370018,-0.39433333333333564,23.46,equatorial
10.62,22.38,24.2,21.07,95.47,5.43,2.2,1.64,0.98,0.95,2016-07-26,Kumba,2016,7,208,30,70.59000000000002,159.29,447.96000000000004,1290.06,1.1367347948986168,-1.047666666666668,23.46,equatorial
9.68,22.88,25.94,21.08,92.31,9.48,2.01,3.46,0.98,0.95,2016-07-27,Kumba,2016,7,209,30,69.73000000000002,159.08,453.32000000000005,1297.97,1.1495021744607423,-0.5376666666666701,23.46,equatorial
15.27,23.53,27.53,21.07,89.43,10.63,1.9,5.68,0.98,0.95,2016-07-28,Kumba,2016,7,210,30,72.26000000000002,167.49,456.78000000000003,1306.85,1.1640566329220188,0.10466666666666669,23.53,equatorial
8.55,22.63,25.79,20.79,93.95,10.0,2.08,2.54,0.98,0.94,2016-07-29,Kumba,2016,7,211,30,72.21000000000002,158.22,448.76000000000005,1315.34,1.177804565285019,-0.7530000000000001,23.53,equatorial
11.27,22.76,25.94,21.15,93.16,48.61,2.44,3.81,0.99,0.96,2016-07-30,Kumba,2016,7,212,30,107.68000000000002,189.95999999999998,480.73,1356.8100000000002,1.2540864502235791,-0.5799999999999983,23.53,equatorial
11.0,23.37,27.53,20.56,91.28,22.5,2.33,5.53,0.99,0.96,2016-07-31,Kumba,2016,7,213,30,121.53000000000002,207.03000000000003,491.48,1375.73,1.287181233662954,0.05600000000000094,23.53,equatorial
12.2,23.35,27.06,20.78,92.87,29.4,2.79,5.25,0.99,0.96,2016-08-01,Kumba,2016,8,214,31,136.05,222.95,515.33,1401.36,1.3327996987866162,0.06366666666666632,23.53,equatorial
10.94,22.94,25.17,21.35,94.15,27.73,2.67,3.26,0.99,0.96,2016-08-02,Kumba,2016,8,215,31,158.35000000000002,228.94000000000003,532.35,1424.46,1.3733456243078088,-0.2923333333333282,23.53,equatorial
13.64,22.72,25.19,21.06,94.25,22.72,2.31,2.86,0.99,0.97,2016-08-03,Kumba,2016,8,216,31,171.59000000000003,241.32000000000002,541.95,1444.05,1.4069882560284974,-0.4710000000000001,23.53,equatorial
14.95,23.07,25.97,21.11,94.24,35.32,2.43,3.04,0.99,0.97,2016-08-04,Kumba,2016,8,217,31,196.28000000000003,268.54,556.11,1477.8899999999999,1.4673147270289086,-0.09633333333333383,23.37,equatorial
10.2,22.78,24.48,21.41,95.88,60.67,2.79,2.06,1.0,0.98,2016-08-05,Kumba,2016,8,218,31,246.95000000000005,319.16,606.1500000000001,1535.63,1.5722458397495165,-0.37166666666666615,23.37,equatorial
12.15,23.02,26.11,20.97,93.54,70.72,3.14,4.99,1.0,0.99,2016-08-06,Kumba,2016,8,219,31,269.06,376.74,665.79,1598.8500000000001,1.6865524560449336,-0.09133333333333482,23.37,equatorial
7.61,22.72,25.07,21.21,94.17,63.13,3.14,3.8,1.0,0.99,2016-08-07,Kumba,2016,8,220,31,309.69,431.21999999999997,711.31,1661.09,1.7978515172212415,-0.35200000000000387,23.35,equatorial
11.52,22.85,25.94,20.77,92.37,26.74,2.11,4.16,1.0,0.99,2016-08-08,Kumba,2016,8,221,32,307.03000000000003,443.08,721.42,1684.8999999999999,1.8359544903857838,-0.18400000000000105,23.07,equatorial
14.59,23.26,27.17,20.9,91.62,5.97,2.16,4.7,0.99,0.97,2016-08-09,Kumba,2016,8,222,32,285.27000000000004,443.62,693.97,1676.3899999999999,1.8132403642554185,0.24099999999999966,23.26,equatorial
9.94,22.81,25.92,21.02,94.2,17.2,2.62,3.25,0.99,0.97,2016-08-10,Kumba,2016,8,223,32,279.75,451.34000000000003,660.7800000000001,1673.39,1.8010530588685647,-0.18500000000000227,23.26,equatorial
13.22,23.36,27.07,20.93,92.32,9.17,2.65,4.87,0.99,0.96,2016-08-11,Kumba,2016,8,224,32,253.6,449.88000000000005,629.28,1662.24,1.77382449494995,0.3500000000000014,23.36,equatorial
13.56,23.18,26.13,21.12,93.24,7.89,2.33,3.25,0.99,0.96,2016-08-12,Kumba,2016,8,225,32,200.82000000000002,447.77000000000004,627.48,1655.49,1.7550616750661994,0.1526666666666685,23.36,equatorial
7.87,22.83,24.69,21.48,96.01,42.82,2.92,1.95,0.99,0.97,2016-08-13,Kumba,2016,8,226,32,172.92000000000002,441.98,668.08,1678.2700000000002,1.7912831708570904,-0.17966666666666598,23.36,equatorial
12.55,22.74,24.72,21.22,95.21,13.15,2.27,1.87,0.99,0.97,2016-08-14,Kumba,2016,8,227,32,122.94000000000003,432.63,661.96,1676.1599999999999,1.7810263366273886,-0.2543333333333351,23.36,equatorial
13.67,22.91,25.77,21.19,93.72,4.01,2.11,3.1,0.99,0.97,2016-08-15,Kumba,2016,8,228,33,100.21000000000001,407.24,649.1,1668.86,1.7612840391768527,-0.07966666666666455,23.36,equatorial
11.98,23.34,26.8,21.34,93.19,6.73,2.29,3.88,0.99,0.96,2016-08-16,Kumba,2016,8,229,33,100.97000000000001,386.24,650.4000000000001,1665.91,1.749774178130605,0.34666666666666757,23.36,equatorial
12.44,23.54,27.2,21.41,92.51,7.19,2.5,4.25,0.98,0.96,2016-08-17,Kumba,2016,8,230,33,90.96000000000001,370.71,644.11,1668.98,1.7494733516997691,0.5350000000000001,23.54,equatorial
13.7,22.89,24.68,21.58,95.15,8.85,2.53,1.88,0.98,0.95,2016-08-18,Kumba,2016,8,231,33,90.64000000000001,344.24,631.22,1665.59,1.7372937249214375,-0.10200000000000031,23.54,equatorial
10.45,22.79,24.28,21.77,96.32,70.31,2.09,1.3,0.99,0.98,2016-08-19,Kumba,2016,8,232,33,153.06,353.88,691.19,1715.3600000000001,1.8228189419043113,-0.1856666666666662,23.54,equatorial
15.14,22.77,25.0,21.43,94.42,24.28,2.48,2.88,1.0,0.98,2016-08-20,Kumba,2016,8,233,33,134.52,307.44000000000005,707.37,1713.63,1.813081181419987,-0.18266666666666964,23.54,equatorial
13.87,23.5,27.09,21.03,91.91,21.98,2.25,4.7,0.99,0.97,2016-08-21,Kumba,2016,8,234,33,143.35,266.29,719.3000000000001,1726.0400000000002,1.8292944056489284,0.5143333333333331,23.54,equatorial
12.5,23.83,27.91,21.37,92.04,25.69,2.6,5.33,0.99,0.97,2016-08-22,Kumba,2016,8,235,34,165.03000000000003,265.24,731.85,1749.9499999999998,1.8662952326364664,0.80833333333333,23.83,equatorial
11.59,23.12,25.61,21.6,94.96,29.79,2.71,2.86,0.99,0.97,2016-08-23,Kumba,2016,8,236,34,188.09,289.06,752.99,1775.19,1.9052771188587092,0.08899999999999864,23.83,equatorial
12.59,23.08,25.54,21.49,94.54,11.38,2.48,2.94,0.99,0.97,2016-08-24,Kumba,2016,8,237,34,192.28,283.24,749.4899999999999,1775.0,1.897628430161638,0.04833333333333556,23.83,equatorial
9.32,23.29,26.04,21.6,92.59,11.53,1.76,3.17,0.99,0.97,2016-08-25,Kumba,2016,8,238,34,194.96,285.59999999999997,755.59,1771.95,1.8848865559385415,0.22800000000000153,23.83,equatorial
14.16,23.18,25.85,21.26,90.42,12.99,1.83,4.51,0.99,0.96,2016-08-26,Kumba,2016,8,239,34,137.64000000000001,290.7,759.1,1757.25,1.8512271487450755,0.10800000000000054,23.83,equatorial
13.84,22.72,24.43,21.18,91.39,3.26,1.8,2.73,0.98,0.96,2016-08-27,Kumba,2016,8,240,34,116.62,251.14000000000001,751.73,1732.18,1.7992210430886144,-0.32500000000000284,23.83,equatorial
13.6,23.65,27.8,20.77,86.12,5.25,1.19,4.62,0.98,0.95,2016-08-28,Kumba,2016,8,241,34,99.89,243.24,746.98,1734.8999999999999,1.7978498317288498,0.570999999999998,23.83,equatorial
11.63,22.43,24.3,21.21,94.32,17.3,2.26,2.15,0.98,0.95,2016-08-29,Kumba,2016,8,242,35,91.5,256.53000000000003,715.67,1748.82,1.816636986144867,-0.6379999999999981,23.65,equatorial
15.84,23.22,26.03,20.92,91.68,18.12,1.5,2.77,0.98,0.96,2016-08-30,Kumba,2016,8,243,35,79.83,267.92,711.29,1749.88,1.8121334602116081,0.15700000000000003,23.65,equatorial
14.67,23.48,26.71,21.3,91.61,7.88,2.02,3.92,0.98,0.95,2016-08-31,Kumba,2016,8,244,35,76.33000000000001,268.61,689.77,1748.31,1.8029642059172253,0.4126666666666665,23.65,equatorial
13.45,23.44,26.31,21.46,91.97,10.06,2.16,4.26,0.98,0.95,2016-09-01,Kumba,2016,9,245,35,74.86000000000001,269.82000000000005,672.1,1755.0700000000002,1.8087906305237047,0.35600000000000165,23.65,equatorial
17.34,23.12,26.18,21.18,92.13,7.16,2.2,3.86,0.98,0.95,2016-09-02,Kumba,2016,9,246,35,69.03,206.67000000000002,656.54,1758.06,1.8078228987991953,0.0226666666666695,23.65,equatorial
14.72,23.75,27.85,20.44,89.73,8.37,1.85,5.72,0.97,0.94,2016-09-03,Kumba,2016,9,247,35,74.14,190.76,629.59,1753.69,1.7937482410949324,0.6300000000000026,23.75,equatorial
14.19,23.68,27.31,21.44,93.43,15.99,2.7,3.97,0.97,0.94,2016-09-04,Kumba,2016,9,248,35,84.88,184.77,584.9100000000001,1764.39,1.8066279629589563,0.5300000000000011,23.75,equatorial
11.39,23.1,25.07,21.83,95.67,71.28,2.47,2.02,0.98,0.97,2016-09-05,Kumba,2016,9,249,36,138.86,230.35999999999999,585.47,1831.18,1.9188964381146112,-0.052666666666667084,23.75,equatorial
14.49,23.26,25.76,21.49,92.82,28.71,1.67,2.55,1.0,0.97,2016-09-06,Kumba,2016,9,250,36,149.45,229.28,551.0500000000001,1854.76,1.9533399151276643,0.08933333333333593,23.75,equatorial
13.16,23.87,27.23,21.57,91.28,12.51,1.7,3.77,0.99,0.97,2016-09-07,Kumba,2016,9,251,36,154.08,230.41,536.82,1853.8600000000001,1.9441411608342645,0.6653333333333364,23.87,equatorial
13.87,23.97,27.48,21.71,92.5,12.41,2.64,5.25,0.99,0.96,2016-09-08,Kumba,2016,9,252,36,156.43,231.29,543.26,1857.77,1.9435221181461269,0.7416666666666671,23.97,equatorial
11.06,23.56,26.36,21.83,93.87,23.46,2.5,3.43,0.99,0.96,2016-09-09,Kumba,2016,9,253,36,172.73000000000002,241.76,549.52,1868.43,1.9547672859817105,0.30666666666666487,23.97,equatorial
14.76,23.45,26.69,21.57,93.55,11.07,2.75,3.57,0.99,0.96,2016-09-10,Kumba,2016,9,254,36,175.43,249.57,551.42,1863.8000000000002,1.9390618194188958,0.19366666666666887,23.97,equatorial
12.75,23.46,26.52,21.63,93.5,15.47,2.61,3.54,0.99,0.96,2016-09-11,Kumba,2016,9,255,36,174.91,259.79,559.0,1867.8799999999999,1.9387803838173694,0.1943333333333328,23.97,equatorial
10.6,23.29,25.75,21.62,94.72,31.22,2.74,2.98,0.99,0.97,2016-09-12,Kumba,2016,9,256,37,134.85,273.71,547.4,1892.43,1.974224422705928,0.009000000000000341,23.97,equatorial
14.26,22.84,24.55,21.64,95.26,22.96,2.07,1.77,0.99,0.97,2016-09-13,Kumba,2016,9,257,37,129.1,278.55,557.21,1867.74,1.9234818674125915,-0.4443333333333328,23.97,equatorial
16.4,23.76,27.59,20.9,89.12,0.05,1.8,5.35,0.99,0.96,2016-09-14,Kumba,2016,9,258,37,116.64,270.72,553.25,1867.25,1.9153976342331263,0.44733333333333647,23.97,equatorial
14.71,22.88,25.48,21.55,92.47,8.12,2.21,3.24,0.98,0.96,2016-09-15,Kumba,2016,9,259,37,112.35000000000001,268.78000000000003,554.64,1873.79,1.9195975179174072,-0.4173333333333318,23.76,equatorial
16.06,23.35,26.56,21.13,91.18,7.65,1.67,3.64,0.98,0.95,2016-09-16,Kumba,2016,9,260,37,96.53999999999999,269.27,555.1,1855.96,1.8815618363407052,0.05900000000000105,23.76,equatorial
15.99,23.33,26.25,21.44,92.23,10.33,2.33,4.16,0.98,0.95,2016-09-17,Kumba,2016,9,261,37,95.80000000000001,271.22999999999996,556.58,1836.38,1.8409226044561586,0.024333333333327545,23.76,equatorial
15.29,23.49,26.7,21.18,91.83,13.36,2.24,3.96,0.98,0.95,2016-09-18,Kumba,2016,9,262,37,93.69,268.6,499.63,1785.19,1.7461527172116307,0.1609999999999978,23.76,equatorial
11.95,23.24,25.9,21.47,93.77,21.99,2.19,2.72,0.98,0.95,2016-09-19,Kumba,2016,9,263,38,84.46000000000001,219.31,497.34000000000003,1799.68,1.7655114967074137,-0.10466666666667024,23.76,equatorial
15.46,23.51,26.72,21.42,91.9,27.57,2.05,3.95,0.99,0.96,2016-09-20,Kumba,2016,9,264,38,89.07,218.17,502.93,1815.8899999999999,1.7876348342651527,0.16499999999999915,23.76,equatorial
14.3,23.49,26.43,21.4,92.41,10.51,2.22,3.99,0.99,0.96,2016-09-21,Kumba,2016,9,265,38,99.53,216.17000000000002,487.75,1732.35,1.6381540613215273,0.15633333333333255,23.51,equatorial
10.89,23.31,25.96,21.66,93.12,7.86,1.88,2.69,0.98,0.95,2016-09-22,Kumba,2016,9,266,38,99.27,211.62,465.82,1660.5900000000001,1.5101104271098313,-0.030000000000001137,23.51,equatorial
12.56,23.72,27.49,21.05,90.43,3.2,2.24,5.07,0.98,0.95,2016-09-23,Kumba,2016,9,267,38,94.82000000000001,191.36,457.64,1653.8200000000002,1.4945737581535283,0.35866666666666447,23.72,equatorial
13.0,23.23,25.95,21.47,93.0,5.09,2.0,2.74,0.97,0.94,2016-09-24,Kumba,2016,9,268,38,89.58,185.38,451.20000000000005,1654.75,1.4923578061425788,-0.12933333333333508,23.72,equatorial
16.61,23.64,26.94,21.19,91.92,5.86,2.51,4.81,0.97,0.94,2016-09-25,Kumba,2016,9,269,38,82.08,175.77,444.07,1656.49,1.4915479112044365,0.2653333333333343,23.72,equatorial
12.38,23.19,25.87,21.55,93.54,11.53,2.03,2.8,0.97,0.94,2016-09-26,Kumba,2016,9,270,39,71.62,156.08,452.34000000000003,1660.8500000000001,1.4952317591959137,-0.20033333333332948,23.72,equatorial
13.93,23.73,27.87,20.96,90.78,4.0,1.98,4.58,0.97,0.93,2016-09-27,Kumba,2016,9,271,39,48.05,137.12,451.09000000000003,1646.8300000000002,1.4674514852992586,0.3370000000000033,23.73,equatorial
17.13,24.32,28.52,21.63,90.46,2.06,1.59,4.01,0.96,0.93,2016-09-28,Kumba,2016,9,272,39,39.6,139.13,435.85,1632.25,1.4389017114276685,0.8639999999999972,24.32,equatorial
16.59,24.16,26.72,22.53,93.82,2.23,1.7,2.19,0.96,0.92,2016-09-29,Kumba,2016,9,273,39,33.97,133.24,419.96000000000004,1622.73,1.419181809278739,0.6726666666666681,24.32,equatorial
9.76,23.83,25.99,22.5,94.15,19.1,1.39,1.57,0.96,0.93,2016-09-30,Kumba,2016,9,274,39,49.870000000000005,144.69,431.18,1636.28,1.4389682008975024,0.33099999999999596,24.32,equatorial
16.7,23.76,26.69,22.08,92.39,1.88,2.22,3.4,0.96,0.93,2016-10-01,Kumba,2016,10,275,39,46.66,136.24,423.0,1627.45,1.420461994805217,0.25033333333333374,24.32,equatorial
16.43,23.65,26.48,21.91,92.43,1.84,2.08,3.25,0.96,0.92,2016-10-02,Kumba,2016,10,276,39,42.64,124.72,417.68,1616.17,1.3978979988795788,0.12266666666666382,24.32,equatorial
16.57,24.18,27.5,21.63,91.31,2.67,2.14,4.53,0.96,0.92,2016-10-03,Kumba,2016,10,277,40,33.78,105.4,411.97999999999996,1597.68,1.3631901371591684,0.6383333333333319,24.32,equatorial
16.2,23.79,26.13,22.3,93.76,5.26,2.1,2.49,0.95,0.92,2016-10-04,Kumba,2016,10,278,40,35.04,83.09,401.25,1592.3100000000002,1.3510216208974826,0.2446666666666637,24.32,equatorial
14.89,23.52,25.73,21.86,94.68,7.97,2.03,2.19,0.95,0.92,2016-10-05,Kumba,2016,10,279,40,40.949999999999996,80.55,337.94,1589.2,1.3427700644986684,-0.039333333333331666,24.18,equatorial
15.16,23.8,26.0,22.3,94.04,9.89,1.69,2.03,0.96,0.92,2016-10-06,Kumba,2016,10,280,40,48.61,82.58,319.12,1581.48,1.3267271450368818,0.2226666666666688,24.18,equatorial
13.31,23.97,26.79,22.21,94.35,4.73,2.28,2.75,0.96,0.92,2016-10-07,Kumba,2016,10,281,40,34.24,84.11,311.34,1569.58,1.3036680805387166,0.3893333333333331,24.18,equatorial
18.66,23.47,25.14,22.07,95.67,5.78,2.26,1.63,0.95,0.92,2016-10-08,Kumba,2016,10,282,40,38.14,84.8,304.71000000000004,1541.94,1.2539828518195453,-0.09400000000000475,24.18,equatorial
15.88,24.63,28.52,22.05,89.79,8.67,1.59,3.9,0.96,0.92,2016-10-09,Kumba,2016,10,283,40,44.97,87.61,289.91999999999996,1500.22,1.1806074656776258,1.0303333333333313,24.63,equatorial
14.43,24.2,27.52,22.44,91.39,9.89,1.64,3.35,0.96,0.92,2016-10-10,Kumba,2016,10,284,41,52.19,85.97,288.74,1469.44,1.1261293679884974,0.575333333333333,24.63,equatorial
12.59,24.25,27.44,22.34,92.18,6.0,1.72,3.12,0.96,0.92,2016-10-11,Kumba,2016,10,285,41,52.93000000000001,87.97,279.27,1465.75,1.117896328612663,0.5990000000000002,24.63,equatorial
17.79,24.99,28.75,22.37,88.38,3.42,1.41,4.54,0.95,0.92,2016-10-12,Kumba,2016,10,286,41,48.38,89.33,251.47,1466.95,1.1180051338549404,1.2823333333333302,24.99,equatorial
18.15,24.27,26.7,22.69,93.49,12.88,1.67,2.26,0.95,0.92,2016-10-13,Kumba,2016,10,287,41,51.370000000000005,99.98,241.39000000000001,1460.5600000000002,1.1052235386003308,0.5146666666666668,24.99,equatorial
14.26,24.21,26.89,22.53,90.36,5.51,1.15,2.51,0.95,0.92,2016-10-14,Kumba,2016,10,288,41,52.15,86.39,246.85,1449.2,1.0840502171423148,0.43966666666666754,24.99,equatorial
15.39,23.99,26.46,22.28,90.82,17.94,1.31,2.84,0.96,0.93,2016-10-15,Kumba,2016,10,289,41,64.31,102.45,256.67,1461.71,1.1034945362366477,0.18266666666666254,24.99,equatorial
15.58,23.77,26.33,22.24,89.75,10.36,0.91,2.44,0.96,0.93,2016-10-16,Kumba,2016,10,290,41,66.0,110.97,259.38,1458.5900000000001,1.096330417913464,-0.05133333333333212,24.99,equatorial
16.93,24.2,27.26,22.19,89.37,4.12,1.28,3.8,0.96,0.92,2016-10-17,Kumba,2016,10,291,42,60.23,112.42,253.17,1440.97,1.0645756236343196,0.3496666666666677,24.99,equatorial
15.55,23.85,26.61,22.18,93.2,21.02,2.27,3.21,0.96,0.93,2016-10-18,Kumba,2016,10,292,42,75.25,128.18,260.83000000000004,1451.65,1.0809807704668177,-0.012333333333330643,24.99,equatorial
16.53,23.56,26.4,21.46,90.5,20.96,1.69,2.72,0.97,0.94,2016-10-19,Kumba,2016,10,293,42,92.79,141.17000000000002,259.8,1464.51,1.1010295380143542,-0.31299999999999883,24.27,equatorial
17.88,24.55,28.5,21.87,88.71,7.03,1.49,4.78,0.97,0.93,2016-10-20,Kumba,2016,10,294,42,86.94,138.31,239.26000000000002,1461.49,1.094057870906939,0.6423333333333368,24.55,equatorial
19.45,23.58,25.56,22.27,94.29,29.4,1.67,1.48,0.98,0.95,2016-10-21,Kumba,2016,10,295,42,110.83000000000001,162.98000000000002,258.15,1477.75,1.1198275929615786,-0.3306666666666658,24.55,equatorial
16.15,24.64,28.27,22.34,89.82,22.15,1.48,3.9,0.98,0.95,2016-10-22,Kumba,2016,10,296,42,115.04,179.35,272.44,1491.25,1.140818972405962,0.6850000000000023,24.64,equatorial
12.24,24.4,27.96,22.0,90.17,21.25,1.44,3.29,0.98,0.95,2016-10-23,Kumba,2016,10,297,42,125.93,191.93,290.49,1497.6200000000001,1.1496393905479325,0.42233333333333434,24.64,equatorial
17.09,24.86,28.6,22.19,90.09,9.66,1.5,3.98,0.98,0.95,2016-10-24,Kumba,2016,10,298,43,131.47,191.7,295.06,1501.85,1.1547992182644076,0.828000000000003,24.86,equatorial
13.59,24.79,28.31,22.85,91.33,23.7,1.39,2.07,0.98,0.96,2016-10-25,Kumba,2016,10,299,43,134.14999999999998,209.4,312.90000000000003,1516.07,1.1768705228048275,0.7196666666666651,24.86,equatorial
9.54,23.84,25.13,22.81,95.67,24.01,1.76,1.17,0.99,0.96,2016-10-26,Kumba,2016,10,300,43,137.2,229.99,325.38,1529.45,1.1974281311205235,-0.2519999999999989,24.86,equatorial
16.17,24.5,28.07,21.82,89.82,18.41,1.48,4.41,0.99,0.96,2016-10-27,Kumba,2016,10,301,43,148.57999999999998,235.51999999999998,339.79,1537.8600000000001,1.2094832020722905,0.3823333333333352,24.86,equatorial
15.07,24.29,28.06,22.29,91.82,20.9,1.67,3.18,0.99,0.96,2016-10-28,Kumba,2016,10,302,43,140.07999999999998,250.91,358.63,1510.1499999999999,1.1603417870315211,0.173333333333332,24.86,equatorial
18.31,23.91,28.12,21.23,89.01,11.78,1.78,3.96,0.99,0.96,2016-10-29,Kumba,2016,10,303,43,129.71,244.75,368.17999999999995,1499.4299999999998,1.1401590638622179,-0.19833333333333414,24.86,equatorial
7.1,24.89,28.24,22.21,87.13,9.04,1.4,3.97,0.98,0.96,2016-10-30,Kumba,2016,10,304,43,117.5,243.42999999999998,358.12,1479.0700000000002,1.1037383745410676,0.746333333333336,24.89,equatorial
19.47,24.15,27.6,21.19,89.54,13.53,1.44,3.56,0.98,0.95,2016-10-31,Kumba,2016,10,305,44,121.37,252.84,369.77000000000004,1464.8700000000001,1.077877139694939,-0.006666666666664156,24.89,equatorial
8.81,23.71,26.19,21.89,92.83,17.52,1.54,1.78,0.98,0.96,2016-11-01,Kumba,2016,11,306,44,115.19,249.34,385.45,1459.67,1.0673406786331905,-0.4486666666666643,24.89,equatorial
19.33,23.85,27.35,21.36,91.45,4.37,1.44,3.01,0.98,0.95,2016-11-02,Kumba,2016,11,307,44,95.55,232.75,387.15000000000003,1428.72,1.0132544271423207,-0.2976666666666681,24.89,equatorial
13.06,23.11,25.19,21.81,94.07,8.08,1.94,2.17,0.98,0.95,2016-11-03,Kumba,2016,11,308,44,85.22,233.79999999999998,389.96999999999997,1376.13,0.9226839958694155,-1.0150000000000006,24.89,equatorial
18.64,24.32,28.14,21.2,88.27,1.19,1.18,3.67,0.98,0.95,2016-11-04,Kumba,2016,11,309,44,65.50999999999999,205.58999999999997,383.19,1306.6,0.8036250601995705,0.16833333333333655,24.89,equatorial
13.19,24.8,29.23,21.9,89.37,3.57,1.64,4.38,0.97,0.94,2016-11-05,Kumba,2016,11,310,44,57.3,187.01,376.87,1247.0400000000002,0.7016767564979539,0.615000000000002,24.89,equatorial
14.5,23.7,25.79,22.35,92.93,4.11,1.57,1.92,0.97,0.94,2016-11-06,Kumba,2016,11,311,44,52.37,169.87,376.25,1224.41,0.662515943948848,-0.4759999999999991,24.8,equatorial
13.44,23.97,27.17,21.94,89.77,1.77,1.07,1.34,0.97,0.94,2016-11-07,Kumba,2016,11,312,45,40.61,161.98000000000002,372.23999999999995,1220.21,0.6546845042053322,-0.22266666666666524,24.8,equatorial
18.53,24.82,28.25,22.01,87.5,0.85,1.24,3.52,0.97,0.93,2016-11-08,Kumba,2016,11,313,45,23.939999999999998,139.13,364.42,1203.8600000000001,0.6262342667192756,0.6210000000000022,24.82,equatorial
18.75,25.27,29.08,22.37,87.83,1.16,1.49,3.42,0.96,0.92,2016-11-09,Kumba,2016,11,314,45,20.729999999999997,116.28,355.68999999999994,1195.85,0.6119854478135414,1.0353333333333303,25.27,equatorial
16.05,25.03,28.03,23.11,89.65,2.18,1.3,2.96,0.96,0.92,2016-11-10,Kumba,2016,11,315,45,14.83,100.05,351.86999999999995,1190.14,0.6016624736112343,0.7693333333333321,25.27,equatorial
16.52,24.42,27.72,22.65,92.53,3.68,2.06,3.01,0.95,0.92,2016-11-11,Kumba,2016,11,316,45,17.32,82.83,352.13,1151.0,0.5344996196296676,0.17833333333333456,25.27,equatorial
13.74,23.37,25.41,21.85,92.21,0.64,1.85,2.08,0.95,0.91,2016-11-12,Kumba,2016,11,317,45,14.39,71.69,339.89,1138.49,0.5127081210951856,-0.841666666666665,25.27,equatorial
19.61,24.99,29.69,21.37,83.89,0.13,1.15,4.38,0.95,0.91,2016-11-13,Kumba,2016,11,318,45,10.41,62.779999999999994,334.51000000000005,1134.6100000000001,0.5056281496520051,0.7523333333333326,25.27,equatorial
20.56,24.59,27.9,22.37,88.18,0.19,1.39,3.31,0.94,0.9,2016-11-14,Kumba,2016,11,319,46,8.83,49.440000000000005,316.76000000000005,1128.0700000000002,0.4940226439642253,0.3323333333333309,25.27,equatorial
17.38,25.4,30.1,22.04,85.99,0.57,1.29,4.54,0.93,0.9,2016-11-15,Kumba,2016,11,320,46,8.55,32.49,306.97,1121.45,0.48228978460980637,1.0879999999999974,25.4,equatorial
15.43,24.86,28.04,22.82,91.13,0.73,1.71,2.91,0.93,0.89,2016-11-16,Kumba,2016,11,321,46,8.12,28.849999999999998,303.58,1113.3300000000002,0.46800712533589095,0.5259999999999998,25.4,equatorial
13.46,24.63,28.13,22.53,91.22,4.33,1.84,3.33,0.93,0.89,2016-11-17,Kumba,2016,11,322,46,10.27,25.1,286.89,1047.35,0.3549767040076361,0.2699999999999996,25.4,equatorial
17.64,24.87,27.97,22.53,89.69,4.44,1.34,3.25,0.92,0.89,2016-11-18,Kumba,2016,11,323,46,11.030000000000001,28.35,270.37,1027.51,0.3207975084962545,0.4663333333333348,25.4,equatorial
13.82,25.07,28.49,22.84,89.8,4.99,1.32,3.31,0.92,0.89,2016-11-19,Kumba,2016,11,324,46,15.38,29.77,268.33000000000004,1010.5200000000001,0.2914998370552094,0.6490000000000009,25.4,equatorial
15.31,25.64,29.37,22.9,88.33,6.29,1.54,4.12,0.92,0.89,2016-11-20,Kumba,2016,11,325,46,21.54,31.95,245.21999999999997,991.12,0.2580868543731962,1.1503333333333323,25.64,equatorial
6.81,24.71,27.32,23.25,92.54,8.07,1.36,1.48,0.93,0.89,2016-11-21,Kumba,2016,11,326,47,29.42,38.25,231.14000000000001,969.4,0.22070873362911175,0.21799999999999997,25.64,equatorial
19.47,25.0,28.47,22.62,89.05,0.21,1.26,2.97,0.92,0.89,2016-11-22,Kumba,2016,11,327,47,29.060000000000002,37.61,210.1,958.23,0.20140770517110232,0.48799999999999955,25.64,equatorial
19.23,25.09,28.32,22.21,88.84,0.47,1.39,2.82,0.92,0.88,2016-11-23,Kumba,2016,11,328,47,28.8,36.92,200.91,947.1700000000001,0.1822976121355703,0.5703333333333305,25.64,equatorial
15.06,25.48,29.64,22.69,88.3,1.24,1.4,3.55,0.91,0.88,2016-11-24,Kumba,2016,11,329,47,25.71,35.980000000000004,178.45,935.4200000000001,0.16200579464024953,0.9373333333333349,25.64,equatorial
16.51,24.83,27.94,23.01,92.29,0.99,1.59,2.11,0.91,0.88,2016-11-25,Kumba,2016,11,330,47,22.26,33.29,155.43,933.1500000000001,0.15798951465519848,0.2543333333333315,25.64,equatorial
17.25,25.14,28.26,23.16,90.56,1.38,1.54,3.1,0.91,0.88,2016-11-26,Kumba,2016,11,331,47,18.65,34.03,138.4,929.2800000000001,0.15122516757727206,0.5429999999999993,25.64,equatorial
17.24,25.27,29.21,22.75,88.93,1.27,1.61,3.73,0.9,0.87,2016-11-27,Kumba,2016,11,332,47,13.63,35.17,118.77,913.25,0.1235572432525376,0.6403333333333343,25.48,equatorial
12.61,24.54,26.85,23.07,92.76,1.85,1.9,1.76,0.9,0.87,2016-11-28,Kumba,2016,11,333,48,7.41,36.83,108.83999999999999,896.98,0.09547756752775556,-0.11066666666666691,25.48,equatorial
15.13,24.87,28.32,22.78,89.59,0.69,1.39,2.83,0.9,0.87,2016-11-29,Kumba,2016,11,334,48,7.89,36.95,100.49000000000001,889.79,0.08303056337704005,0.22000000000000242,25.48,equatorial
18.02,25.15,28.86,22.31,88.45,0.96,1.24,3.65,0.89,0.87,2016-11-30,Kumba,2016,11,335,48,8.38,37.18,87.92,880.69,0.06729328319096281,0.466666666666665,25.48,equatorial
16.25,24.99,28.04,23.29,91.11,1.26,1.47,2.44,0.89,0.86,2016-12-01,Kumba,2016,12,336,48,8.4,34.11,71.66000000000001,874.79,0.05707320837236352,0.26399999999999935,25.27,equatorial
17.08,25.26,29.0,23.02,88.1,0.32,1.45,3.33,0.88,0.86,2016-12-02,Kumba,2016,12,337,48,7.7299999999999995,29.990000000000002,67.61,866.74,0.04314389907048625,0.4870000000000019,25.27,equatorial
14.44,25.15,28.69,23.24,88.11,0.32,1.15,2.46,0.88,0.86,2016-12-03,Kumba,2016,12,338,48,6.67,25.32,59.85,851.0699999999999,0.016058535696450257,0.30900000000000105,25.27,equatorial
10.65,22.87,25.07,21.48,88.95,0.39,1.54,1.41,0.88,0.86,2016-12-04,Kumba,2016,12,339,48,5.79,19.42,59.05,780.18,-0.1064330007167673,-1.9226666666666645,25.26,equatorial
16.88,24.1,28.31,20.6,86.12,0.22,1.21,2.84,0.87,0.85,2016-12-05,Kumba,2016,12,340,49,4.16,11.57,55.699999999999996,751.69,-0.15561353691474172,-0.6693333333333342,25.26,equatorial
16.33,23.95,26.81,21.75,91.48,0.24,1.65,2.06,0.87,0.85,2016-12-06,Kumba,2016,12,341,49,3.7100000000000004,11.6,51.83,739.42,-0.1767288409009034,-0.8276666666666692,25.26,equatorial
17.75,23.84,26.14,22.54,91.43,1.96,1.52,1.96,0.87,0.85,2016-12-07,Kumba,2016,12,342,49,4.71,13.09,52.02,728.97,-0.19469159447835224,-0.93333333333333,25.26,equatorial
15.38,24.12,27.32,22.17,88.6,2.45,1.05,2.09,0.87,0.85,2016-12-08,Kumba,2016,12,343,49,5.9,14.3,53.620000000000005,707.9599999999999,-0.2309464999733592,-0.629999999999999,25.26,equatorial
18.26,24.34,28.15,21.61,89.59,1.17,1.58,2.49,0.86,0.85,2016-12-09,Kumba,2016,12,344,49,6.75,14.48,53.629999999999995,698.0600000000001,-0.24793683043635137,-0.3789999999999978,25.15,equatorial
16.21,24.46,27.45,22.36,90.61,1.75,1.25,1.65,0.86,0.85,2016-12-10,Kumba,2016,12,345,49,8.18,14.850000000000001,53.199999999999996,684.34,-0.27155068120605885,-0.23999999999999844,24.46,equatorial
18.02,24.95,28.62,22.64,88.02,1.53,1.33,3.36,0.86,0.85,2016-12-11,Kumba,2016,12,346,49,9.32,15.11,51.05,654.65,-0.3228781886383838,0.23233333333333306,24.95,equatorial
17.34,24.18,27.09,22.48,92.19,1.74,1.75,1.95,0.86,0.85,2016-12-12,Kumba,2016,12,347,50,10.84,15.0,52.15,633.4300000000001,-0.3594803062138748,-0.5646666666666675,24.95,equatorial
16.58,25.35,30.02,22.49,85.39,0.95,1.1,3.72,0.86,0.84,2016-12-13,Kumba,2016,12,348,50,11.55,15.26,52.970000000000006,634.3299999999999,-0.357631957970025,0.5933333333333337,25.35,equatorial
17.24,25.25,29.75,22.66,85.07,0.55,1.14,3.41,0.85,0.84,2016-12-14,Kumba,2016,12,349,50,10.14,14.85,53.33,626.76,-0.37051208002483976,0.4713333333333338,25.35,equatorial
15.91,25.18,29.43,22.97,86.28,0.7,1.16,4.01,0.85,0.84,2016-12-15,Kumba,2016,12,350,50,8.39,14.29,53.46,619.81,-0.3823090908009224,0.4086666666666652,25.35,equatorial
14.68,25.02,28.92,22.53,87.08,1.62,1.31,3.18,0.84,0.84,2016-12-16,Kumba,2016,12,351,50,8.84,15.59,54.35,611.1,-0.39716554524393705,0.24333333333333584,25.35,equatorial
19.07,24.82,29.07,21.34,86.14,0.04,1.39,3.18,0.84,0.83,2016-12-17,Kumba,2016,12,352,50,7.13,15.31,50.06,597.7800000000001,-0.4200453153817426,0.036999999999999034,25.35,equatorial
18.72,25.55,29.91,22.41,85.89,0.0,1.66,4.51,0.83,0.83,2016-12-18,Kumba,2016,12,353,50,5.6,14.92,45.62,575.7900000000001,-0.458022656381216,0.7443333333333371,25.55,equatorial
17.69,25.92,30.65,22.66,81.86,0.0,1.14,4.8,0.83,0.82,2016-12-19,Kumba,2016,12,354,51,3.86,14.7,40.629999999999995,548.22,-0.5057054694918756,1.0859999999999985,25.92,equatorial
17.89,25.46,30.39,21.96,82.55,0.0,1.38,4.39,0.82,0.82,2016-12-20,Kumba,2016,12,355,51,2.91,14.459999999999999,34.339999999999996,537.71,-0.5235971049778043,0.632000000000005,25.92,equatorial
17.45,25.5,29.52,22.64,83.79,0.0,1.38,4.34,0.81,0.81,2016-12-21,Kumba,2016,12,356,51,2.36,12.5,26.27,529.85,-0.5368512557529085,0.645666666666667,25.92,equatorial
18.38,25.84,30.19,22.89,84.79,1.42,1.33,4.62,0.8,0.81,2016-12-22,Kumba,2016,12,357,51,3.08,11.47,27.48,528.07,-0.5394804293725773,0.9576666666666647,25.92,equatorial
18.94,25.75,30.36,22.56,83.71,1.05,1.46,4.14,0.8,0.81,2016-12-23,Kumba,2016,12,358,51,2.51,11.350000000000001,28.06,524.03,-0.5460560853199202,0.8456666666666663,25.92,equatorial
14.76,25.34,29.11,23.06,87.98,2.22,1.4,3.17,0.8,0.81,2016-12-24,Kumba,2016,12,359,51,4.69,11.82,29.040000000000003,520.39,-0.5519281579413493,0.44033333333333147,25.92,equatorial
19.87,25.34,29.79,22.36,86.19,1.36,1.72,4.44,0.79,0.8,2016-12-25,Kumba,2016,12,360,51,6.050000000000001,11.65,29.41,510.22,-0.5692131640742496,0.423333333333332,25.92,equatorial
16.54,25.22,28.9,22.49,78.79,0.86,1.76,3.98,0.79,0.8,2016-12-26,Kumba,2016,12,361,52,6.91,10.77,28.89,507.08000000000004,-0.5741869021927253,0.3006666666666682,25.84,equatorial
13.71,24.65,29.13,21.4,79.08,4.21,1.46,3.21,0.79,0.8,2016-12-27,Kumba,2016,12,362,52,11.120000000000001,14.030000000000001,31.830000000000002,509.23,-0.5698996956867356,-0.24866666666666504,25.84,equatorial
18.07,24.41,28.52,20.98,78.89,0.31,1.2,3.16,0.78,0.79,2016-12-28,Kumba,2016,12,363,52,11.43,13.79,30.29,507.31,-0.5727430648605757,-0.4843333333333355,25.84,equatorial
17.05,25.23,30.31,21.73,76.14,4.95,1.39,3.9,0.78,0.8,2016-12-29,Kumba,2016,12,364,52,14.96,18.04,34.55,493.15999999999997,-0.5970063600937352,0.3236666666666643,25.75,equatorial
17.66,24.83,30.5,21.24,81.29,5.23,1.24,4.68,0.78,0.8,2016-12-30,Kumba,2016,12,365,52,19.14,21.65,38.82,496.51,-0.5905818666824308,-0.06566666666666876,25.34,equatorial
18.13,24.64,30.23,20.89,83.03,5.58,1.5,4.21,0.78,0.8,2016-12-31,Kumba,2016,12,366,52,22.5,27.19,43.14,500.25,-0.5834807222922819,-0.24399999999999977,25.34,equatorial
17.74,24.86,29.68,21.36,83.77,0.0,1.34,3.88,0.78,0.79,2017-01-01,Kumba,2017,1,1,52,21.14,27.19,42.82,497.58,-0.587629814858387,-0.010666666666669045,25.23,equatorial
18.35,25.07,29.62,21.21,80.77,0.0,1.34,4.07,0.77,0.78,2017-01-02,Kumba,2017,1,2,1,20.279999999999998,27.19,42.5,492.32,-0.5963205584725854,0.20199999999999818,25.23,equatorial
20.67,24.66,30.14,20.48,81.27,0.0,1.63,4.6,0.76,0.78,2017-01-03,Kumba,2017,1,3,1,16.07,27.19,42.11,484.34999999999997,-0.6097608926145455,-0.26766666666666694,25.23,equatorial
19.28,24.53,29.82,20.97,83.59,0.01,1.45,4.1,0.75,0.77,2017-01-04,Kumba,2017,1,4,1,15.770000000000001,27.2,41.9,474.46999999999997,-0.6265425132383505,-0.41199999999999903,25.23,equatorial
19.49,25.07,30.04,21.88,84.44,0.07,1.42,4.21,0.74,0.77,2017-01-05,Kumba,2017,1,5,1,10.889999999999999,25.849999999999998,41.73,469.80999999999995,-0.6341367513264858,0.09066666666666734,25.07,equatorial
19.94,24.8,28.42,22.5,88.78,0.05,1.48,2.84,0.74,0.76,2017-01-06,Kumba,2017,1,6,1,5.71,24.85,39.82,464.08,-0.6436041481854142,-0.21133333333333226,25.07,equatorial
18.45,25.16,28.97,23.04,87.07,0.09,1.31,3.14,0.73,0.76,2017-01-07,Kumba,2017,1,7,1,0.22,22.72,37.46,455.5,-0.6580724068265655,0.11400000000000077,25.16,equatorial
16.71,24.92,28.85,22.12,86.5,0.1,1.77,2.88,0.73,0.76,2017-01-08,Kumba,2017,1,8,1,0.32,21.46,36.39,445.71,-0.6746525259521019,-0.14533333333333331,25.16,equatorial
21.03,24.83,30.87,20.53,70.88,0.0,1.83,5.31,0.72,0.75,2017-01-09,Kumba,2017,1,9,2,0.32,20.6,34.64,439.71,-0.6845454155022157,-0.24766666666666737,25.16,equatorial
19.42,24.33,29.04,20.41,81.4,0.01,1.44,3.75,0.71,0.74,2017-01-10,Kumba,2017,1,10,2,0.33,16.4,33.12,436.29999999999995,-0.6898687391086388,-0.7270000000000039,25.16,equatorial
18.59,24.78,29.14,22.01,85.59,0.17,1.76,4.04,0.71,0.74,2017-01-11,Kumba,2017,1,11,2,0.49,16.26,31.55,423.59,-0.7115584900751358,-0.29699999999999704,25.16,equatorial
10.83,23.98,26.85,22.03,90.52,0.2,1.89,2.12,0.7,0.74,2017-01-12,Kumba,2017,1,12,2,0.62,11.510000000000002,30.8,418.28,-0.7201884151680711,-1.0513333333333321,25.16,equatorial
16.49,24.79,28.86,21.77,87.55,0.1,1.63,3.12,0.7,0.73,2017-01-13,Kumba,2017,1,13,2,0.6700000000000002,6.38,30.35,400.44,-0.7508780337403425,-0.22600000000000264,25.16,equatorial
15.71,24.89,29.02,22.08,87.63,0.13,1.51,2.79,0.7,0.73,2017-01-14,Kumba,2017,1,14,2,0.71,0.93,29.78,390.21,-0.7681140576969916,-0.1163333333333334,24.92,equatorial
14.45,24.76,28.16,22.64,88.31,0.28,1.13,1.99,0.69,0.73,2017-01-15,Kumba,2017,1,15,2,0.8900000000000001,1.21,28.44,386.37,-0.7740630899111182,-0.2376666666666658,24.89,equatorial
18.33,24.73,28.17,22.67,88.88,0.05,1.47,1.9,0.69,0.73,2017-01-16,Kumba,2017,1,16,3,0.9400000000000001,1.26,28.45,365.4,-0.8101973345168978,-0.2646666666666668,24.89,equatorial
19.57,25.34,29.64,22.62,87.21,0.02,1.71,3.5,0.68,0.72,2017-01-17,Kumba,2017,1,17,3,0.9500000000000001,1.28,28.47,344.46000000000004,-0.8462144661859226,0.35233333333333405,25.34,equatorial
16.66,24.89,27.93,22.91,90.86,0.04,1.54,1.93,0.68,0.72,2017-01-18,Kumba,2017,1,18,3,0.8200000000000001,1.31,28.51,337.46999999999997,-0.8575692196188575,-0.06333333333332902,25.34,equatorial
17.5,25.1,28.92,22.85,88.35,0.02,1.58,2.68,0.68,0.71,2017-01-19,Kumba,2017,1,19,3,0.64,1.26,28.53,308.09000000000003,-0.9083791131955808,0.15866666666666873,25.34,equatorial
15.45,24.98,28.55,22.64,88.64,0.03,1.32,2.13,0.67,0.71,2017-01-20,Kumba,2017,1,20,3,0.5700000000000001,1.24,28.56,285.96999999999997,-0.9462753282347741,0.05600000000000094,25.34,equatorial
17.67,25.13,28.35,23.0,90.11,0.8,1.56,2.38,0.67,0.71,2017-01-21,Kumba,2017,1,21,3,1.24,1.9500000000000002,27.939999999999998,265.52,-0.9811361762793003,0.22966666666666669,25.34,equatorial
16.16,25.03,28.07,22.96,91.04,0.98,1.99,2.23,0.67,0.71,2017-01-22,Kumba,2017,1,22,3,1.94,2.83,27.87,256.84000000000003,-0.9951598956095925,0.15366666666666973,25.34,equatorial
12.78,24.32,26.79,22.5,92.86,1.47,2.11,1.44,0.67,0.71,2017-01-23,Kumba,2017,1,23,4,3.36,4.3,27.119999999999997,234.60999999999999,-1.0330316573801688,-0.5223333333333322,25.34,equatorial
15.04,23.86,26.37,22.15,91.89,0.98,2.19,1.87,0.67,0.71,2017-01-24,Kumba,2017,1,24,4,4.32,5.2700000000000005,26.74,211.58,-1.0722047985519403,-0.9330000000000034,25.13,equatorial
14.56,24.4,27.9,22.02,90.76,1.57,2.37,2.74,0.66,0.7,2017-01-25,Kumba,2017,1,25,4,5.85,6.67,27.45,194.74,-1.1003519906629795,-0.36566666666666947,25.13,equatorial
14.36,24.89,28.67,22.18,88.14,1.68,1.78,2.89,0.66,0.7,2017-01-26,Kumba,2017,1,26,4,7.51,8.15,24.919999999999998,175.52,-1.1326011111849152,0.1163333333333334,25.13,equatorial
16.97,24.85,28.12,22.89,89.24,0.55,1.65,2.1,0.66,0.7,2017-01-27,Kumba,2017,1,27,4,8.03,8.600000000000001,25.16,164.29,-1.1506719575753916,0.061666666666667425,25.13,equatorial
17.67,24.6,27.65,22.93,91.01,0.76,1.79,2.03,0.66,0.69,2017-01-28,Kumba,2017,1,28,4,7.99,9.23,20.970000000000002,156.01,-1.1634878967789235,-0.16733333333333533,25.03,equatorial
16.52,24.62,27.45,22.73,90.49,0.61,1.45,1.81,0.65,0.69,2017-01-29,Kumba,2017,1,29,4,7.62,9.56,16.35,143.09,-1.1844252109339874,-0.1403333333333343,24.89,equatorial
18.7,25.66,30.51,22.87,84.55,0.6,1.42,3.85,0.65,0.68,2017-01-30,Kumba,2017,1,30,5,6.75,10.11,11.37,126.16999999999999,-1.212322608661154,0.8656666666666659,25.66,equatorial
14.38,24.86,28.1,22.83,88.7,3.12,1.74,2.47,0.65,0.69,2017-01-31,Kumba,2017,1,31,5,8.89,13.21,14.490000000000002,124.92,-1.2125578657734357,0.06566666666666521,25.66,equatorial
16.86,24.51,27.44,22.58,90.12,3.36,1.97,2.36,0.65,0.7,2017-02-01,Kumba,2017,2,32,5,10.68,16.529999999999998,17.85,120.2,-1.2188943566320551,-0.2656666666666645,25.66,equatorial
17.75,24.96,29.2,22.41,87.37,4.76,2.12,3.94,0.65,0.7,2017-02-02,Kumba,2017,2,33,5,13.76,21.27,22.61,123.77000000000001,-1.2106391822425904,0.17433333333333323,25.66,equatorial
17.26,25.41,30.33,22.17,84.94,2.39,1.6,4.41,0.65,0.69,2017-02-03,Kumba,2017,2,34,5,15.6,23.63,24.99,122.59,-1.2107630675703083,0.5949999999999989,25.66,equatorial
18.46,25.91,31.34,22.25,81.58,1.22,1.15,3.99,0.64,0.68,2017-02-04,Kumba,2017,2,35,5,16.06,24.05,26.14,119.7,-1.2138918536165104,1.0670000000000002,25.91,equatorial
18.68,25.58,29.9,22.8,84.38,1.23,1.56,3.25,0.64,0.67,2017-02-05,Kumba,2017,2,36,5,16.68,24.3,27.32,119.16000000000001,-1.212884336355579,0.710999999999995,25.91,equatorial
15.15,24.76,27.93,22.55,89.04,0.99,2.05,2.45,0.63,0.67,2017-02-06,Kumba,2017,2,37,6,17.07,23.82,28.22,119.3,-1.210689007141994,-0.09566666666666634,25.91,equatorial
17.3,25.01,28.78,22.64,87.61,0.88,1.94,3.09,0.63,0.66,2017-02-07,Kumba,2017,2,38,6,14.83,23.720000000000002,29.0,119.02,-1.209241007726517,0.15133333333333354,25.91,equatorial
19.54,25.53,30.35,22.59,83.02,0.91,1.49,3.83,0.63,0.66,2017-02-08,Kumba,2017,2,39,6,12.379999999999999,23.060000000000002,29.91,117.75,-1.2095371941330324,0.6479999999999997,25.91,equatorial
19.81,25.75,30.86,22.69,82.37,0.68,1.5,4.14,0.62,0.65,2017-02-09,Kumba,2017,2,40,6,8.3,22.060000000000002,30.58,114.75,-1.2128681676981012,0.8206666666666678,25.91,equatorial
20.51,25.56,30.16,22.52,84.71,0.37,1.92,3.62,0.61,0.64,2017-02-10,Kumba,2017,2,41,6,6.279999999999999,21.880000000000003,30.78,114.48,-1.2114021025671253,0.6046666666666631,25.91,equatorial
19.79,25.61,29.97,22.72,84.62,0.4,1.69,3.34,0.61,0.63,2017-02-11,Kumba,2017,2,42,6,5.46,21.52,30.98,114.75,-1.20899706425219,0.6003333333333316,25.75,equatorial
19.7,25.86,30.33,23.09,83.49,0.23,1.73,3.39,0.6,0.63,2017-02-12,Kumba,2017,2,43,6,4.46,21.14,31.11,114.79,-1.2070060292655338,0.8146666666666711,25.86,equatorial
20.26,26.39,32.3,22.31,79.51,0.18,1.76,4.63,0.6,0.61,2017-02-13,Kumba,2017,2,44,7,3.65,20.72,31.16,114.39999999999999,-1.2057776220790868,1.294666666666668,26.39,equatorial
20.39,25.82,30.4,22.74,84.16,0.15,2.0,3.49,0.59,0.61,2017-02-14,Kumba,2017,2,45,7,2.9200000000000004,17.75,31.03,113.82,-1.20488845122108,0.6893333333333338,26.39,equatorial
16.97,25.67,30.51,22.81,83.45,0.28,2.12,3.42,0.59,0.6,2017-02-15,Kumba,2017,2,46,7,2.29,14.67,31.26,109.77,-1.2100793617670245,0.5080000000000027,26.39,equatorial
16.25,25.12,28.55,22.69,84.52,0.54,1.96,2.53,0.58,0.6,2017-02-16,Kumba,2017,2,47,7,2.15,10.45,31.78,105.87,-1.2149900242336673,-0.034666666666669954,26.39,equatorial
14.51,24.69,28.12,22.16,82.99,0.61,1.67,2.24,0.58,0.6,2017-02-17,Kumba,2017,2,48,7,2.39,8.67,32.35,101.49000000000001,-1.2207236562494563,-0.45800000000000196,26.39,equatorial
17.64,25.36,29.98,21.97,79.33,0.43,1.45,3.47,0.58,0.59,2017-02-18,Kumba,2017,2,49,7,2.42,7.88,32.76,95.63,-1.2290255552426224,0.2033333333333296,26.39,equatorial
18.32,24.98,29.79,21.9,83.62,0.31,1.69,2.72,0.57,0.59,2017-02-19,Kumba,2017,2,50,7,2.5,6.96,33.040000000000006,87.87,-1.2406187021803625,-0.17666666666666941,26.39,equatorial
18.47,25.66,31.27,22.21,80.31,0.06,1.68,3.36,0.57,0.57,2017-02-20,Kumba,2017,2,51,8,2.38,6.03,32.3,87.72,-1.238868502050348,0.4856666666666669,25.82,equatorial
19.55,26.23,32.45,22.16,77.57,0.0,1.62,3.71,0.56,0.56,2017-02-21,Kumba,2017,2,52,8,2.23,5.15,31.32,87.25,-1.237686106383645,1.0156666666666645,26.23,equatorial
20.1,26.38,32.19,23.03,80.16,0.0,1.64,3.52,0.55,0.55,2017-02-22,Kumba,2017,2,53,8,1.95,4.24,29.85,86.01,-1.2378550007485065,1.0969999999999978,26.38,equatorial
20.46,26.48,32.21,22.79,79.94,0.0,1.96,3.47,0.55,0.54,2017-02-23,Kumba,2017,2,54,8,1.41,3.56,28.87,85.02000000000001,-1.237588631026304,1.1096666666666657,26.48,equatorial
17.59,26.6,31.86,23.35,79.73,0.0,1.76,3.09,0.54,0.53,2017-02-24,Kumba,2017,2,55,8,0.8,3.1900000000000004,27.3,83.64,-1.2380058335925663,1.1563333333333325,26.6,equatorial
19.2,26.32,31.32,23.46,81.29,0.99,1.56,2.9,0.54,0.53,2017-02-25,Kumba,2017,2,56,8,1.36,3.78,26.61,83.36,-1.2365040767418602,0.8286666666666669,26.6,equatorial
17.64,25.69,29.94,23.19,83.28,1.16,1.72,2.4,0.54,0.54,2017-02-26,Kumba,2017,2,57,8,2.21,4.71,27.22,82.67,-1.2357251074403135,0.17066666666666563,26.6,equatorial
18.94,26.43,32.18,22.94,79.61,0.57,1.79,3.38,0.53,0.53,2017-02-27,Kumba,2017,2,58,9,2.7199999999999998,5.1,27.03,82.55,-1.2339571630242354,0.8496666666666677,26.6,equatorial
18.05,26.25,30.95,23.56,81.36,0.74,1.71,2.76,0.53,0.52,2017-02-28,Kumba,2017,2,59,9,3.46,5.6899999999999995,27.16,82.33,-1.232372182293622,0.6153333333333357,26.6,equatorial
18.19,25.76,29.97,23.03,84.67,1.33,1.8,2.27,0.53,0.53,2017-03-01,Kumba,2017,3,60,9,4.79,6.739999999999999,27.89,82.39999999999999,-1.230289812035955,0.12200000000000344,26.6,equatorial
18.13,26.67,32.27,23.56,80.47,2.92,1.37,3.29,0.53,0.53,2017-03-02,Kumba,2017,3,61,9,7.71,9.12,27.689999999999998,85.0,-1.223810105234917,0.9716666666666676,26.67,equatorial
16.99,26.06,30.13,23.4,84.5,4.3,1.54,2.57,0.53,0.55,2017-03-03,Kumba,2017,3,62,9,12.01,12.809999999999999,28.63,88.97999999999999,-1.2149533871575129,0.3099999999999987,26.67,equatorial
17.61,26.18,30.32,23.51,83.96,2.11,1.63,2.46,0.53,0.54,2017-03-04,Kumba,2017,3,63,9,13.129999999999999,14.49,25.979999999999997,90.69999999999999,-1.2100660130238403,0.38933333333333664,26.67,equatorial
17.55,26.06,29.84,23.62,85.58,3.33,1.55,2.36,0.53,0.54,2017-03-05,Kumba,2017,3,64,9,15.299999999999999,17.509999999999998,26.92,93.81,-1.2027790481538594,0.24766666666666382,26.67,equatorial
12.4,25.27,28.26,23.15,89.43,5.34,1.99,1.86,0.54,0.57,2017-03-06,Kumba,2017,3,65,10,20.07,22.79,31.04,98.91,-1.1920573831501458,-0.5210000000000008,26.67,equatorial
13.86,24.52,27.12,22.83,89.78,11.45,1.72,1.56,0.55,0.61,2017-03-07,Kumba,2017,3,66,10,30.78,34.24,41.26,108.39999999999999,-1.1737377072740822,-1.235666666666667,26.67,equatorial
17.17,25.24,29.09,22.63,86.71,11.76,1.45,2.35,0.56,0.64,2017-03-08,Kumba,2017,3,67,10,41.209999999999994,46.0,52.029999999999994,117.71000000000001,-1.15579553682827,-0.5316666666666663,26.67,equatorial
12.26,24.96,28.03,23.12,91.58,23.05,1.88,2.02,0.59,0.71,2017-03-09,Kumba,2017,3,68,10,61.339999999999996,69.05,74.2,139.59,-1.1160497838322878,-0.8099999999999987,26.18,equatorial
18.47,25.13,28.2,23.08,89.02,3.97,1.62,2.49,0.6,0.66,2017-03-10,Kumba,2017,3,69,10,61.01,73.02,77.26,141.81,-1.1106233545385864,-0.6266666666666687,26.18,equatorial
14.29,24.87,27.68,23.14,88.34,9.09,1.32,2.16,0.61,0.68,2017-03-11,Kumba,2017,3,70,10,67.99,81.12,85.67,149.37,-1.0959284245920349,-0.8573333333333331,26.06,equatorial
13.9,24.83,27.46,22.7,86.42,12.25,1.3,2.62,0.62,0.7,2017-03-12,Kumba,2017,3,71,10,76.91,92.21,97.55,159.88,-1.0761485926141645,-0.8729999999999976,25.27,equatorial
19.12,25.03,28.84,21.94,86.5,14.07,1.71,3.64,0.63,0.71,2017-03-13,Kumba,2017,3,72,11,85.64,105.71000000000001,111.22,173.0,-1.0518878169804073,-0.6536666666666662,25.24,equatorial
9.78,24.45,26.99,22.71,90.71,11.42,1.63,2.14,0.65,0.73,2017-03-14,Kumba,2017,3,73,11,85.61,116.38999999999999,122.41,183.87,-1.0316073959257734,-1.1866666666666674,25.24,equatorial
17.56,24.87,28.29,22.46,89.12,8.67,1.56,2.86,0.65,0.72,2017-03-15,Kumba,2017,3,74,11,82.52000000000001,123.72999999999999,130.9,191.84,-1.0164250258433554,-0.7159999999999975,25.13,equatorial
20.0,26.07,30.61,23.16,85.39,11.21,1.3,4.72,0.66,0.74,2017-03-16,Kumba,2017,3,75,11,70.68,132.02,141.96,201.43,-0.9984652293318561,0.47566666666666535,26.07,equatorial
19.45,25.54,29.13,23.24,89.22,11.37,1.8,3.98,0.67,0.74,2017-03-17,Kumba,2017,3,76,11,78.08,139.09,153.05,212.76000000000002,-0.9775243214752292,-0.04999999999999716,26.07,equatorial
17.8,25.93,30.16,23.3,87.03,5.87,1.65,4.48,0.67,0.73,2017-03-18,Kumba,2017,3,77,11,74.86,142.85000000000002,158.38,218.63,-0.9661314949768055,0.31299999999999883,26.07,equatorial
16.68,25.37,29.01,23.28,89.8,8.06,2.03,3.73,0.67,0.74,2017-03-19,Kumba,2017,3,78,11,70.67,147.57999999999998,165.82999999999998,226.69,-0.9509564054432134,-0.26966666666666583,26.07,equatorial
15.87,25.49,28.95,23.02,88.48,10.21,1.68,3.43,0.68,0.75,2017-03-20,Kumba,2017,3,79,12,66.81,152.45,175.61,236.9,-0.9320755639935069,-0.15399999999999991,26.07,equatorial
14.17,25.38,28.39,23.51,92.25,15.0,1.92,2.39,0.69,0.77,2017-03-21,Kumba,2017,3,80,12,70.39,156.0,190.3,251.9,-0.9049006397786539,-0.27733333333333476,26.07,equatorial
13.87,24.22,25.87,22.36,93.99,12.3,2.46,1.9,0.71,0.78,2017-03-22,Kumba,2017,3,81,12,74.02000000000001,156.54000000000002,202.54000000000002,262.78,-0.8849516807071393,-1.389333333333333,26.07,equatorial
17.86,24.49,27.84,22.02,89.22,3.11,1.89,3.33,0.71,0.75,2017-03-23,Kumba,2017,3,82,12,65.92,136.6,205.65,264.84,-0.8803958005277029,-1.0613333333333337,25.93,equatorial
22.19,25.29,29.36,22.59,86.08,1.84,1.53,4.26,0.7,0.74,2017-03-24,Kumba,2017,3,83,12,56.39,134.47,207.49,264.46000000000004,-0.8800979823493976,-0.22499999999999787,25.93,equatorial
19.2,25.17,28.74,22.58,88.65,6.63,1.74,3.59,0.7,0.75,2017-03-25,Kumba,2017,3,84,12,57.15,132.01,214.12,269.73,-0.8699637808440358,-0.3013333333333321,25.49,equatorial
18.52,25.46,29.37,23.1,89.94,9.66,1.8,3.77,0.71,0.77,2017-03-26,Kumba,2017,3,85,12,58.75000000000001,129.42000000000002,223.78,278.53,-0.8537015019263412,0.026666666666667282,25.49,equatorial
13.6,24.96,27.74,23.29,92.83,10.29,1.99,2.26,0.72,0.78,2017-03-27,Kumba,2017,3,86,13,58.830000000000005,125.64,233.08,284.61,-0.8422074486480285,-0.42799999999999727,25.46,equatorial
13.53,25.43,29.06,23.39,89.81,4.55,1.41,3.36,0.72,0.76,2017-03-28,Kumba,2017,3,87,13,48.379999999999995,118.77,236.47,288.85,-0.8339403768730543,0.05066666666666819,25.46,equatorial
20.68,25.75,29.97,22.62,87.09,4.08,1.46,3.3,0.72,0.76,2017-03-29,Kumba,2017,3,88,13,40.16,114.18,239.98000000000002,287.98,-0.83459381712118,0.39333333333333087,25.75,equatorial
17.65,25.61,28.75,23.45,88.37,10.79,1.42,2.38,0.73,0.78,2017-03-30,Kumba,2017,3,89,13,47.84,113.75999999999999,250.03,293.54,-0.8240394955481348,0.27466666666666484,25.75,equatorial
11.62,25.24,28.12,23.28,88.57,8.54,1.29,2.95,0.74,0.78,2017-03-31,Kumba,2017,3,90,13,54.53999999999999,110.92999999999999,257.24,296.5,-0.8180367147093264,-0.0779999999999994,25.75,equatorial
21.61,25.05,28.16,23.06,89.87,5.09,1.6,3.07,0.74,0.78,2017-04-01,Kumba,2017,4,91,13,53.0,110.15,259.41,301.59000000000003,-0.8083304205303613,-0.21399999999999864,25.75,equatorial
21.29,25.33,28.81,23.04,88.95,4.57,1.22,2.82,0.74,0.78,2017-04-02,Kumba,2017,4,92,13,47.91,106.66,259.68,306.16,-0.7995476047591761,0.0903333333333336,25.75,equatorial
6.77,26.04,28.78,23.66,83.17,4.96,1.06,2.64,0.74,0.78,2017-04-03,Kumba,2017,4,93,14,42.58,101.41,262.53,311.12,-0.790099018612999,0.8049999999999962,26.04,equatorial
19.59,25.33,28.8,22.63,86.3,6.13,1.58,3.48,0.74,0.78,2017-04-04,Kumba,2017,4,94,14,44.16,92.53999999999999,265.33,317.24,-0.7786413363854412,0.11933333333333351,26.04,equatorial
14.11,25.22,28.2,23.04,90.03,7.23,1.57,2.9,0.74,0.79,2017-04-05,Kumba,2017,4,95,14,47.31,87.47,267.22,324.40000000000003,-0.7653859162489682,0.010999999999999233,26.04,equatorial
8.95,24.54,26.16,23.05,87.92,6.94,1.77,2.59,0.75,0.79,2017-04-06,Kumba,2017,4,96,14,43.459999999999994,91.3,262.71,331.29,-0.7526215869491957,-0.669666666666668,26.04,equatorial
20.42,25.05,28.83,21.87,85.88,6.33,1.77,4.45,0.75,0.79,2017-04-07,Kumba,2017,4,97,14,41.25000000000001,95.78999999999999,257.28000000000003,337.53,-0.7410109092156444,-0.15333333333333243,26.04,equatorial
22.52,25.41,29.12,22.88,88.18,4.63,1.45,3.79,0.75,0.78,2017-04-08,Kumba,2017,4,98,14,40.79,93.78999999999999,238.85999999999999,342.06,-0.7324041995091047,0.19166666666666998,26.04,equatorial
16.06,25.05,27.73,23.26,91.77,9.92,1.95,2.89,0.76,0.8,2017-04-09,Kumba,2017,4,99,14,46.14,94.05,244.81,351.98,-0.714389121385905,-0.16566666666666663,26.04,equatorial
20.38,25.34,28.49,23.16,89.8,5.78,1.66,3.64,0.76,0.79,2017-04-10,Kumba,2017,4,100,15,46.96,89.53999999999999,241.5,357.75,-0.703652447070105,0.10866666666666802,25.41,equatorial
21.91,25.3,29.3,22.53,88.59,3.51,1.94,4.21,0.76,0.79,2017-04-11,Kumba,2017,4,101,15,44.339999999999996,88.5,232.76,361.09000000000003,-0.6971792400785599,0.05299999999999727,25.41,equatorial
19.26,25.22,28.14,23.26,91.67,4.37,2.02,3.12,0.75,0.78,2017-04-12,Kumba,2017,4,102,15,41.480000000000004,88.78999999999999,223.06,365.26000000000005,-0.6892624067337322,-0.03333333333333144,25.41,equatorial
14.11,24.22,26.1,22.5,93.74,39.62,2.02,2.04,0.77,0.85,2017-04-13,Kumba,2017,4,103,15,74.16,117.62,251.26,404.78,-0.6194856509054983,-1.0256666666666696,25.41,equatorial
21.3,25.02,28.58,22.17,88.01,6.48,1.5,3.85,0.81,0.83,2017-04-14,Kumba,2017,4,104,15,74.31,115.56,249.07,411.13,-0.6078537589520334,-0.2306666666666679,25.41,equatorial
18.69,25.14,28.54,23.17,90.02,12.51,1.81,3.7,0.81,0.83,2017-04-15,Kumba,2017,4,105,15,82.18999999999998,122.97999999999999,250.36999999999998,423.35999999999996,-0.5859324689211024,-0.07966666666666455,25.34,equatorial
22.97,24.99,30.12,21.11,84.41,4.75,2.23,4.86,0.81,0.82,2017-04-16,Kumba,2017,4,106,15,77.01999999999998,123.16,243.75,428.06,-0.5772258937280401,-0.21133333333333226,25.34,equatorial
19.0,24.96,27.22,23.21,90.79,12.7,1.15,1.92,0.8,0.83,2017-04-17,Kumba,2017,4,107,16,83.94,130.9,250.58,440.74,-0.554535916598266,-0.20899999999999608,25.3,equatorial
16.81,25.11,27.94,23.56,90.93,50.45,1.41,2.03,0.86,0.89,2017-04-18,Kumba,2017,4,108,16,130.88,175.22,292.97,491.15000000000003,-0.4656771075351594,-0.0503333333333309,25.22,equatorial
20.0,25.71,29.09,22.88,87.41,1.93,1.41,3.57,0.85,0.84,2017-04-19,Kumba,2017,4,109,16,128.44,169.92000000000002,284.69,493.06,-0.46198775108490997,0.5423333333333318,25.71,equatorial
6.21,25.52,28.62,23.81,91.65,7.31,1.59,1.93,0.85,0.85,2017-04-20,Kumba,2017,4,110,16,96.13,170.29000000000002,277.0,500.34000000000003,-0.4488712172214629,0.34766666666666524,25.71,equatorial
14.96,25.05,27.68,23.38,89.99,7.94,1.55,3.22,0.85,0.85,2017-04-21,Kumba,2017,4,111,16,97.59,171.9,272.64,507.48,-0.43600730630391965,-0.14999999999999858,25.71,equatorial
14.71,25.53,28.7,23.05,87.93,10.33,1.28,3.14,0.86,0.86,2017-04-22,Kumba,2017,4,112,16,95.41000000000001,177.6,279.86,516.8299999999999,-0.41926494355426674,0.29533333333333545,25.71,equatorial
11.74,24.8,27.52,22.93,92.44,7.14,1.74,2.7,0.86,0.85,2017-04-23,Kumba,2017,4,113,16,97.80000000000001,174.82,285.15999999999997,522.5,-0.4090016629033875,-0.41833333333333655,25.71,equatorial
16.98,25.15,28.09,22.94,89.2,3.31,1.45,3.09,0.86,0.85,2017-04-24,Kumba,2017,4,114,17,88.41,172.35,281.84,524.83,-0.4046196773956619,-0.06766666666666765,25.71,equatorial
13.69,24.78,27.23,23.11,90.9,4.53,1.44,3.05,0.85,0.85,2017-04-25,Kumba,2017,4,115,17,42.49,173.37,276.71,527.79,-0.3991307760048938,-0.4149999999999956,25.71,equatorial
22.53,25.15,28.91,21.94,88.27,1.47,1.72,4.67,0.85,0.84,2017-04-26,Kumba,2017,4,116,17,42.03,170.47,267.89,527.58,-0.39922769068448105,-0.05133333333333212,25.53,equatorial
20.87,26.03,30.25,22.88,87.12,7.69,1.44,5.43,0.85,0.85,2017-04-27,Kumba,2017,4,117,17,42.41,138.54000000000002,271.03,534.72,-0.3863729598289864,0.8086666666666673,26.03,equatorial
17.03,24.9,27.32,23.44,92.9,13.05,1.55,2.34,0.86,0.86,2017-04-28,Kumba,2017,4,118,17,47.52,145.10999999999999,280.0,547.01,-0.36444294191329313,-0.29299999999999926,26.03,equatorial
20.38,25.16,27.76,23.32,91.31,5.68,1.47,2.5,0.86,0.85,2017-04-29,Kumba,2017,4,119,17,42.870000000000005,138.28,274.89000000000004,552.0799999999999,-0.3552565068877616,-0.01799999999999713,26.03,equatorial
9.16,24.76,27.23,23.23,94.01,8.7,2.01,2.07,0.86,0.86,2017-04-30,Kumba,2017,4,120,17,44.43,142.23000000000002,275.05,560.18,-0.34072517622260584,-0.40199999999999747,26.03,equatorial
16.48,24.71,26.97,23.0,92.21,3.0,1.66,2.25,0.87,0.85,2017-05-01,Kumba,2017,5,121,18,44.12,132.53,272.96,560.06,-0.34071408284648463,-0.4406666666666652,26.03,equatorial
18.7,25.02,28.17,22.77,88.86,2.73,1.27,3.52,0.86,0.85,2017-05-02,Kumba,2017,5,122,18,42.32,84.81,271.12,559.4300000000001,-0.3416044609714187,-0.12033333333333474,26.03,equatorial
8.09,24.47,26.87,22.54,92.1,5.45,1.41,2.44,0.86,0.85,2017-05-03,Kumba,2017,5,123,18,46.3,88.33,271.61,560.12,-0.34016152656459264,-0.6180000000000021,26.03,equatorial
12.28,24.78,27.81,22.35,88.45,2.24,1.2,3.54,0.86,0.85,2017-05-04,Kumba,2017,5,124,18,40.85,83.26,267.72,559.9699999999999,-0.3402050505000665,-0.2896666666666654,25.16,equatorial
18.35,24.54,27.25,22.58,90.75,3.37,1.51,2.78,0.86,0.85,2017-05-05,Kumba,2017,5,125,18,31.169999999999998,78.69,263.86,562.12,-0.33617884189716524,-0.5070000000000014,25.16,equatorial
17.92,25.17,28.2,22.71,86.81,7.08,1.5,3.48,0.86,0.85,2017-05-06,Kumba,2017,5,126,18,32.57,75.44,264.0,567.97,-0.32560302804504115,0.10200000000000031,25.17,equatorial
22.98,24.82,30.04,20.01,83.18,0.31,1.96,6.12,0.85,0.84,2017-05-07,Kumba,2017,5,127,18,24.18,68.61,257.98,567.29,-0.32659792826810063,-0.24033333333333218,25.17,equatorial
21.84,25.57,29.15,22.83,88.04,4.64,1.28,4.38,0.85,0.84,2017-05-08,Kumba,2017,5,128,19,25.819999999999997,69.94000000000001,257.99,571.0500000000001,-0.3197234408451156,0.5043333333333315,25.57,equatorial
4.25,25.52,28.97,23.39,89.18,14.75,1.13,2.49,0.85,0.86,2017-05-09,Kumba,2017,5,129,19,37.84,80.16,262.82,584.8900000000001,-0.2949752572720162,0.43866666666666987,25.57,equatorial
17.99,24.99,27.14,22.89,90.52,10.76,1.33,2.35,0.87,0.86,2017-05-10,Kumba,2017,5,130,19,43.15,89.45,267.8,594.97,-0.27690370111168344,-0.0796666666666681,25.57,equatorial
14.76,24.54,27.23,22.9,91.31,7.54,1.45,2.53,0.87,0.86,2017-05-11,Kumba,2017,5,131,19,48.449999999999996,89.3,271.83,602.14,-0.264001742158167,-0.5043333333333315,25.57,equatorial
15.69,24.7,27.26,22.91,91.3,3.24,1.41,2.65,0.87,0.86,2017-05-12,Kumba,2017,5,132,19,48.32,79.49,270.70000000000005,604.98,-0.25879352614686285,-0.32700000000000173,25.57,equatorial
11.92,24.85,28.19,22.48,92.09,4.04,1.72,2.71,0.87,0.85,2017-05-13,Kumba,2017,5,133,19,45.28,77.85000000000001,235.12,608.79,-0.251862397659017,-0.1980000000000004,25.57,equatorial
20.84,25.17,28.54,23.0,90.68,3.04,1.63,3.81,0.87,0.85,2017-05-14,Kumba,2017,5,134,19,48.01,72.19,231.68,611.6500000000001,-0.24662187033803395,0.11700000000000088,25.57,equatorial
17.75,24.7,27.58,22.99,90.39,4.04,1.75,2.58,0.86,0.85,2017-05-15,Kumba,2017,5,135,20,47.41,73.23,223.21,615.54,-0.23954969459733033,-0.33833333333333826,25.52,equatorial
15.08,24.37,28.1,21.84,88.0,15.79,2.06,5.26,0.87,0.87,2017-05-16,Kumba,2017,5,136,20,48.449999999999996,86.28999999999999,234.25,631.05,-0.21179226698882897,-0.6476666666666695,25.17,equatorial
21.98,24.36,28.14,21.25,85.55,1.59,1.58,4.72,0.87,0.85,2017-05-17,Kumba,2017,5,137,20,39.28,82.42999999999999,223.14,632.1,-0.20979459449587637,-0.6376666666666679,25.17,equatorial
20.43,25.07,29.18,21.76,86.95,3.63,1.44,5.31,0.86,0.85,2017-05-18,Kumba,2017,5,138,20,35.37,83.82,176.32,635.12,-0.2042863394643541,0.07366666666666788,25.17,equatorial
20.22,25.98,29.86,23.39,87.14,19.53,1.15,5.15,0.87,0.87,2017-05-19,Kumba,2017,5,139,20,51.66,99.97999999999999,193.92,654.22,-0.170104261849622,0.9746666666666677,25.98,equatorial
9.7,25.68,28.86,23.14,90.13,18.54,1.31,3.49,0.88,0.88,2017-05-20,Kumba,2017,5,140,20,66.16,111.44,205.15,672.4499999999999,-0.13747657581538017,0.6693333333333342,25.98,equatorial
16.68,25.77,29.42,23.49,89.86,18.88,1.14,3.21,0.89,0.89,2017-05-21,Kumba,2017,5,141,20,82.0,130.01,216.09,691.27,-0.10379680917957457,0.7353333333333296,25.98,equatorial
20.3,25.33,28.62,23.42,91.6,14.69,1.65,3.43,0.9,0.89,2017-05-22,Kumba,2017,5,142,21,92.65,140.06,220.45,705.96,-0.07749537027843476,0.30199999999999605,25.98,equatorial
12.88,24.81,27.42,23.37,93.34,33.83,1.74,2.6,0.92,0.91,2017-05-23,Kumba,2017,5,143,21,110.69,159.14,247.14,739.7900000000001,-0.01698366359691794,-0.2183333333333337,25.98,equatorial
13.02,24.87,27.79,23.15,92.71,31.05,1.79,2.99,0.94,0.92,2017-05-24,Kumba,2017,5,144,21,140.15,179.43,274.88,770.84,0.03855630435113138,-0.1490000000000009,25.98,equatorial
10.96,24.01,25.37,22.48,94.4,64.79,1.92,1.7,0.97,0.96,2017-05-25,Kumba,2017,5,145,21,201.31,236.68,335.14000000000004,835.63,0.15446997563200082,-0.9833333333333343,25.98,equatorial
15.33,24.83,28.45,21.62,85.8,2.48,1.12,4.27,0.97,0.93,2017-05-26,Kumba,2017,5,146,21,184.26,235.92,336.15,837.12,0.1570475250876235,-0.1526666666666685,25.77,equatorial
14.01,25.17,28.84,22.23,85.52,14.66,1.39,4.85,0.96,0.94,2017-05-27,Kumba,2017,5,147,21,180.38,246.54000000000002,343.12,850.6199999999999,0.1811391887502905,0.21600000000000108,25.77,equatorial
20.25,25.66,29.76,22.66,86.58,0.97,1.26,5.52,0.96,0.92,2017-05-28,Kumba,2017,5,148,21,162.47000000000003,244.47,331.04,851.02,0.18174978795688548,0.6806666666666672,25.66,equatorial
17.4,25.47,29.27,23.08,90.31,2.16,1.92,4.71,0.95,0.91,2017-05-29,Kumba,2017,5,149,22,149.94000000000003,242.59,327.52,852.44,0.18418970260417927,0.4803333333333306,25.66,equatorial
18.88,25.07,27.69,23.26,91.63,2.68,1.75,3.12,0.94,0.91,2017-05-30,Kumba,2017,5,150,22,118.79,229.48,321.5,853.79,0.18650401302099492,0.07000000000000028,25.66,equatorial
18.06,24.84,27.49,23.19,92.21,16.21,1.78,2.27,0.94,0.92,2017-05-31,Kumba,2017,5,151,22,103.95,244.1,334.71,867.08,0.21025383322851418,-0.16433333333333167,25.66,equatorial
15.89,24.48,27.04,22.58,91.6,43.7,1.94,3.38,0.97,0.95,2017-06-01,Kumba,2017,6,152,22,82.86,284.17,375.67999999999995,906.48,0.28089913087994667,-0.506333333333334,25.66,equatorial
14.79,24.25,27.27,22.46,91.91,11.75,2.03,3.37,0.97,0.94,2017-06-02,Kumba,2017,6,153,22,92.13,276.39,381.98,916.12,0.2980514070676127,-0.7289999999999992,25.66,equatorial
18.12,24.98,28.74,22.17,88.81,1.32,1.99,5.51,0.97,0.93,2017-06-03,Kumba,2017,6,154,22,78.78999999999999,259.17,381.06,914.11,0.29425427827139106,-0.005666666666666487,25.66,equatorial
15.77,24.53,27.19,22.83,92.56,6.66,2.12,3.31,0.96,0.93,2017-06-04,Kumba,2017,6,155,22,84.48,246.95000000000002,384.34999999999997,915.43,0.2964485242612646,-0.4553333333333356,25.47,equatorial
14.18,25.41,29.35,22.91,89.71,3.81,1.39,3.94,0.96,0.92,2017-06-05,Kumba,2017,6,156,23,86.13000000000001,236.07,381.08,907.7900000000001,0.2825160902506314,0.41666666666666785,25.41,equatorial
14.4,24.9,27.53,23.31,91.12,9.69,1.38,2.59,0.96,0.93,2017-06-06,Kumba,2017,6,157,23,93.14,211.93,390.46,905.72,0.27861680812943096,-0.09600000000000009,25.41,equatorial
17.31,25.13,28.57,22.76,90.61,18.92,1.5,3.87,0.96,0.93,2017-06-07,Kumba,2017,6,158,23,95.85000000000001,199.79999999999998,404.74,901.5899999999999,0.27100688083791513,0.14866666666666717,25.41,equatorial
17.18,25.44,28.93,22.98,89.85,3.28,1.64,4.47,0.96,0.92,2017-06-08,Kumba,2017,6,159,23,55.43,138.29,393.27,900.9,0.2695997147449135,0.4613333333333358,25.44,equatorial
16.21,26.19,30.51,23.1,88.11,3.54,1.33,5.12,0.95,0.92,2017-06-09,Kumba,2017,6,160,23,47.22,139.35000000000002,386.05,895.35,0.2594273396563892,1.1713333333333367,26.19,equatorial
14.12,25.43,28.1,23.97,93.28,2.5,1.7,2.49,0.95,0.92,2017-06-10,Kumba,2017,6,161,23,48.4,127.19,381.01,885.6,0.24167729896226098,0.38166666666666416,26.19,equatorial
12.26,25.07,27.43,23.55,94.48,28.04,2.24,2.88,0.95,0.93,2017-06-11,Kumba,2017,6,162,23,69.78,154.26,405.81,899.5699999999999,0.2667578665248802,0.009333333333334082,26.19,equatorial
12.61,24.84,27.45,23.2,93.04,8.16,2.02,3.19,0.96,0.93,2017-06-12,Kumba,2017,6,163,24,74.13,160.26,409.93,896.3100000000001,0.2607090265250519,-0.2203333333333326,26.19,equatorial
10.06,24.01,26.4,22.4,92.05,19.05,1.49,2.63,0.97,0.94,2017-06-13,Kumba,2017,6,164,24,83.49,176.63,425.94,906.6899999999999,0.27931464048876165,-1.0116666666666632,26.19,equatorial
16.06,24.65,28.38,21.91,87.78,1.26,1.35,5.06,0.96,0.93,2017-06-14,Kumba,2017,6,165,24,65.83,161.67999999999998,423.15999999999997,896.74,0.26115359458317094,-0.36999999999999744,26.19,equatorial
13.82,24.4,27.22,22.69,92.94,14.47,1.99,2.99,0.96,0.93,2017-06-15,Kumba,2017,6,166,24,77.02000000000001,132.45,421.84000000000003,899.84,0.26660707350222573,-0.6210000000000022,26.19,equatorial
12.03,23.83,25.94,22.46,93.35,10.83,2.19,3.01,0.96,0.93,2017-06-16,Kumba,2017,6,167,24,84.31,131.53,431.08,904.8000000000001,0.27542697800087623,-1.173333333333332,25.43,equatorial
10.03,23.24,25.28,21.58,93.75,20.54,2.14,2.81,0.97,0.94,2017-06-17,Kumba,2017,6,168,24,102.35,150.75,447.99,917.28,0.2978654010870402,-1.7023333333333355,25.07,equatorial
17.33,24.1,28.32,20.31,87.55,2.94,1.66,5.4,0.97,0.93,2017-06-18,Kumba,2017,6,169,24,77.25,147.03,431.40000000000003,910.01,0.2845116962537558,-0.7796666666666638,24.84,equatorial
14.81,23.75,26.08,22.0,93.98,23.37,1.73,1.62,0.97,0.94,2017-06-19,Kumba,2017,6,170,25,92.46000000000001,166.59,436.23,918.38,0.2995158510828553,-1.065333333333335,24.65,equatorial
15.17,23.61,25.87,21.83,92.01,7.0,1.76,3.0,0.97,0.94,2017-06-20,Kumba,2017,6,171,25,80.41,163.9,424.35,913.0799999999999,0.2897213848299389,-1.1333333333333329,24.65,equatorial
17.18,24.35,27.99,21.24,89.22,4.95,2.17,5.13,0.97,0.93,2017-06-21,Kumba,2017,6,172,25,84.10000000000001,149.93,414.61,914.92,0.292886913515297,-0.3606666666666669,24.4,equatorial
15.35,24.24,26.69,22.81,92.84,8.7,1.64,2.23,0.96,0.93,2017-06-22,Kumba,2017,6,173,25,78.32999999999998,155.35,389.48,921.78,0.3051671189125153,-0.451666666666668,24.35,equatorial
13.27,23.69,25.29,22.58,91.19,13.84,1.36,2.03,0.97,0.94,2017-06-23,Kumba,2017,6,174,25,81.33999999999999,165.65,372.27,928.99,0.31808084849853385,-0.9623333333333299,24.35,equatorial
13.85,24.3,27.92,21.27,88.0,10.8,1.35,5.07,0.97,0.94,2017-06-24,Kumba,2017,6,175,25,71.6,173.95,318.28,930.13,0.3199596576166889,-0.3619999999999983,24.35,equatorial
14.6,24.47,28.14,21.94,90.03,7.54,1.8,3.97,0.97,0.93,2017-06-25,Kumba,2017,6,176,25,76.2,153.45000000000002,323.34000000000003,927.38,0.3147646794318407,-0.17999999999999972,24.47,equatorial
15.1,24.55,28.45,22.06,90.05,24.6,1.78,4.15,0.97,0.94,2017-06-26,Kumba,2017,6,177,26,77.43,169.89000000000001,333.28,947.4300000000001,0.3510513347743296,-0.07933333333333081,24.55,equatorial
8.74,23.76,26.59,22.12,92.96,18.86,1.95,3.12,0.98,0.94,2017-06-27,Kumba,2017,6,178,26,89.28999999999999,169.7,351.16999999999996,962.21,0.3777359383222942,-0.8059999999999974,24.55,equatorial
16.59,23.78,26.72,21.76,88.75,15.1,1.48,4.12,0.98,0.95,2017-06-28,Kumba,2017,6,179,26,99.44,183.54000000000002,364.11,966.52,0.38534719347471214,-0.7296666666666631,24.55,equatorial
14.51,23.57,26.66,21.61,91.69,13.9,2.04,3.75,0.98,0.94,2017-06-29,Kumba,2017,6,180,26,104.64000000000001,182.96999999999997,375.33,971.88,0.39486917457614606,-0.8896666666666704,24.55,equatorial
13.51,23.39,26.22,21.64,93.96,14.32,2.65,2.91,0.98,0.95,2017-06-30,Kumba,2017,6,181,26,105.12,186.46,373.44,981.11,0.41144162779081994,-1.0213333333333345,24.55,equatorial
13.38,23.82,27.34,21.59,91.95,18.89,2.66,5.18,0.98,0.95,2017-07-01,Kumba,2017,7,182,26,113.21,184.81,348.63000000000005,995.43,0.43728902997604524,-0.5693333333333328,24.55,equatorial
13.0,23.41,25.69,21.96,94.4,26.6,2.26,2.29,0.98,0.96,2017-07-02,Kumba,2017,7,183,26,132.27,208.47000000000003,363.47999999999996,1017.0699999999999,0.4764777166626346,-0.9513333333333343,24.55,equatorial
11.2,23.76,27.11,21.51,92.63,18.46,2.49,4.11,0.98,0.95,2017-07-03,Kumba,2017,7,184,27,126.13000000000001,203.56,380.62,1029.3999999999999,0.4986580287535543,-0.5606666666666662,23.82,equatorial
11.2,22.99,24.36,21.78,95.16,92.32,2.54,2.04,0.99,0.98,2017-07-04,Kumba,2017,7,185,27,199.59,288.88,466.28,1114.49,0.6536288237179224,-1.2793333333333372,23.82,equatorial
13.1,23.25,26.24,21.25,91.53,1.3,2.33,3.85,0.99,0.97,2017-07-05,Kumba,2017,7,186,27,185.79000000000002,285.23,463.77,1108.85,0.6428242404611991,-0.9473333333333365,23.82,equatorial
15.16,22.71,25.05,21.16,91.65,0.34,2.05,3.27,0.99,0.96,2017-07-06,Kumba,2017,7,187,27,172.23,276.86999999999995,454.42,1102.8600000000001,0.6313907877859611,-1.4143333333333317,23.82,equatorial
14.48,23.63,27.29,20.85,88.37,0.21,1.74,5.22,0.98,0.95,2017-07-07,Kumba,2017,7,188,27,158.11999999999998,263.24,435.71,1098.44,0.6228359651660907,-0.44433333333333636,23.82,equatorial
18.09,23.67,27.3,20.92,89.68,0.13,2.0,4.95,0.97,0.94,2017-07-08,Kumba,2017,7,189,27,139.35999999999999,252.56999999999996,432.56,1088.6499999999999,0.604475221972093,-0.3453333333333326,23.76,equatorial
16.12,23.41,27.13,20.84,89.93,0.17,2.31,4.94,0.97,0.93,2017-07-09,Kumba,2017,7,190,27,112.93,245.2,429.19,1083.04,0.5937712921085831,-0.5126666666666644,23.76,equatorial
12.33,22.74,25.63,21.04,92.14,5.4,2.18,3.35,0.96,0.93,2017-07-10,Kumba,2017,7,191,28,99.86999999999999,226.0,432.09,1084.9299999999998,0.5967925065097239,-1.0930000000000035,23.67,equatorial
14.2,23.15,26.77,20.58,91.34,5.93,2.12,4.15,0.96,0.92,2017-07-11,Kumba,2017,7,192,28,13.48,213.06999999999996,409.97999999999996,1086.49,0.599208285411489,-0.6190000000000033,23.67,equatorial
14.77,23.36,26.39,21.36,91.4,7.83,1.66,3.04,0.96,0.92,2017-07-12,Kumba,2017,7,193,28,20.009999999999998,205.79999999999998,409.65,1054.6999999999998,0.5405855361512565,-0.35966666666666924,23.67,equatorial
11.54,23.06,25.47,21.34,92.95,14.72,2.82,3.57,0.96,0.93,2017-07-13,Kumba,2017,7,194,28,34.39,206.61999999999998,405.32,1062.9399999999998,0.5552954705152912,-0.6280000000000001,23.67,equatorial
14.56,23.24,26.37,20.89,92.05,12.4,2.41,3.99,0.96,0.93,2017-07-14,Kumba,2017,7,195,28,46.58,204.7,416.46,1062.83,0.5547019145057346,-0.40100000000000335,23.67,equatorial
13.31,23.15,25.81,21.34,94.05,26.25,2.88,3.08,0.97,0.94,2017-07-15,Kumba,2017,7,196,28,72.7,212.06,428.23999999999995,1084.33,0.5937047576427451,-0.44933333333333536,23.41,equatorial
12.98,23.37,26.39,21.45,92.61,45.41,3.19,4.89,0.99,0.96,2017-07-16,Kumba,2017,7,197,28,117.94,230.86999999999998,462.82,1117.04,0.6532213007014971,-0.21399999999999864,23.37,equatorial
13.53,22.98,26.03,21.04,93.58,17.12,2.41,3.21,0.99,0.95,2017-07-17,Kumba,2017,7,198,29,129.66,229.53,459.4,1083.71,0.5916156176288719,-0.5953333333333326,23.37,equatorial
13.48,24.5,28.84,21.61,87.49,15.74,1.28,4.56,0.98,0.95,2017-07-18,Kumba,2017,7,199,29,139.47,152.95,472.2,1097.52,0.6165143405873558,0.9113333333333351,24.5,equatorial
13.4,24.48,28.44,21.95,89.61,17.32,1.72,5.31,0.98,0.95,2017-07-19,Kumba,2017,7,200,29,148.95999999999998,168.96999999999997,466.15,1107.53,0.6344215941211185,0.8670000000000009,24.5,equatorial
12.3,24.04,27.54,21.8,92.71,33.65,2.46,4.31,0.99,0.96,2017-07-20,Kumba,2017,7,201,29,167.89,202.28,492.79999999999995,1133.24,0.6811231375086795,0.4126666666666665,24.5,equatorial
8.92,22.91,24.8,21.88,95.47,52.38,2.36,2.15,0.99,0.97,2017-07-21,Kumba,2017,7,202,29,207.86999999999998,254.45,540.23,1175.29,0.7577638110643988,-0.6693333333333342,24.5,equatorial
10.99,23.24,26.37,21.44,93.24,25.26,2.34,3.94,0.99,0.97,2017-07-22,Kumba,2017,7,203,29,206.88000000000002,279.58,556.79,1193.4099999999999,0.7903846433755861,-0.30600000000000094,24.5,equatorial
8.96,23.4,27.39,21.09,92.2,18.56,2.4,4.85,0.99,0.97,2017-07-23,Kumba,2017,7,204,29,180.03000000000003,297.96999999999997,561.51,1208.66,0.8176930570552692,-0.13633333333333653,24.5,equatorial
13.52,23.2,26.17,21.52,92.95,28.76,2.64,4.18,0.99,0.97,2017-07-24,Kumba,2017,7,205,30,191.67000000000002,321.33000000000004,579.4699999999999,1232.89,0.8614479216921733,-0.2996666666666634,24.5,equatorial
8.27,22.58,25.06,21.15,94.4,22.23,2.29,2.82,0.99,0.97,2017-07-25,Kumba,2017,7,206,30,198.16,337.63,594.16,1253.65,0.8987614219386585,-0.8566666666666691,24.48,equatorial
12.91,23.23,26.51,20.99,91.55,7.43,1.83,4.12,0.99,0.96,2017-07-26,Kumba,2017,7,207,30,188.27,337.23,576.99,1253.3899999999999,0.897418406854608,-0.16266666666666652,24.04,equatorial
12.77,23.5,27.3,21.04,92.4,7.11,2.13,4.32,0.99,0.96,2017-07-27,Kumba,2017,7,208,30,161.73000000000002,329.62,565.2399999999999,1247.45,0.885648760199148,0.11599999999999966,23.5,equatorial
12.58,23.7,27.09,21.56,92.73,5.73,2.1,3.6,0.98,0.95,2017-07-28,Kumba,2017,7,209,30,115.08000000000001,322.95000000000005,555.87,1247.5,0.8849003958909379,0.3186666666666653,23.7,equatorial
12.62,23.6,27.06,21.89,93.52,104.57,2.43,3.57,0.99,0.98,2017-07-29,Kumba,2017,7,210,30,194.39,401.27,646.54,1343.37,1.0601022863204586,0.21766666666666978,23.7,equatorial
13.39,23.28,25.48,21.58,94.41,13.44,2.86,3.35,0.99,0.97,2017-07-30,Kumba,2017,7,211,30,189.27,369.3,645.66,1353.81,1.0780710350242806,-0.09866666666666646,23.7,equatorial
11.7,22.89,24.97,21.53,95.25,21.63,2.63,2.38,0.99,0.97,2017-07-31,Kumba,2017,7,212,31,182.14000000000001,373.81,648.4,1372.71,1.1115216143606517,-0.4576666666666682,23.7,equatorial
9.78,22.42,24.5,21.07,94.83,12.37,2.34,2.4,0.99,0.97,2017-08-01,Kumba,2017,8,213,31,172.28,370.44,634.17,1379.63,1.1229035397560554,-0.8946666666666623,23.7,equatorial
11.71,23.21,27.08,20.67,91.42,5.32,2.32,5.44,0.99,0.96,2017-08-02,Kumba,2017,8,214,31,170.17000000000002,358.44,621.03,1382.71,1.1272115265893414,-0.08633333333333226,23.7,equatorial
9.97,22.77,25.69,20.95,93.97,7.18,2.54,3.19,0.98,0.96,2017-08-03,Kumba,2017,8,215,31,170.24,331.97,535.89,1386.52,1.132848133149506,-0.5189999999999984,23.7,equatorial
7.15,22.89,26.23,21.06,93.94,21.51,2.86,4.11,0.99,0.96,2017-08-04,Kumba,2017,8,216,31,186.02,301.1,556.0999999999999,1400.95,1.1579463045098357,-0.3869999999999969,23.6,equatorial
10.26,23.09,26.21,20.98,93.08,7.46,1.9,3.1,0.98,0.95,2017-08-05,Kumba,2017,8,217,31,88.91,283.3,563.22,1408.1000000000001,1.1696267018865096,-0.1996666666666691,23.28,equatorial
7.54,23.21,25.84,21.49,92.51,9.96,1.39,2.58,0.98,0.95,2017-08-06,Kumba,2017,8,218,31,85.43,274.70000000000005,572.97,1413.4199999999998,1.1779200463344004,-0.06566666666666521,23.21,equatorial
12.7,22.86,25.52,21.39,94.26,11.1,2.46,2.71,0.98,0.95,2017-08-07,Kumba,2017,8,219,32,74.9,257.04,583.94,1409.77,1.1697517106141566,-0.3886666666666656,23.21,equatorial
11.22,22.96,26.17,21.05,93.09,38.23,2.1,3.54,0.99,0.96,2017-08-08,Kumba,2017,8,220,32,100.76,273.03999999999996,622.0,1437.24,1.2186254425575438,-0.27366666666666717,23.21,equatorial
11.78,23.04,26.6,20.8,93.21,21.01,3.03,4.38,0.99,0.96,2017-08-09,Kumba,2017,8,221,32,116.45,286.61999999999995,637.6099999999999,1450.71,1.2417055399140533,-0.20366666666666688,23.21,equatorial
12.07,23.31,26.89,21.0,91.58,15.25,2.16,4.7,0.99,0.96,2017-08-10,Kumba,2017,8,222,32,124.52000000000001,294.76,646.93,1462.72,1.2620383135814164,0.06099999999999639,23.31,equatorial
12.78,23.23,25.73,21.74,94.27,25.71,1.81,2.06,0.99,0.96,2017-08-11,Kumba,2017,8,223,32,128.72,314.74,664.81,1484.39,1.2999804541342033,-0.014666666666666828,23.31,equatorial
12.15,23.28,26.25,21.53,93.9,99.97,2.98,4.37,1.0,0.98,2017-08-12,Kumba,2017,8,224,32,221.23000000000002,310.14,750.06,1581.32,1.47538762847845,0.027999999999998693,23.31,equatorial
11.65,22.74,25.11,21.16,94.99,15.02,2.22,2.22,1.0,0.98,2017-08-13,Kumba,2017,8,225,32,226.29,311.72,752.68,1592.3000000000002,1.4929948211921051,-0.4953333333333383,23.31,equatorial
11.34,22.94,25.74,21.49,94.68,12.65,2.57,3.15,0.99,0.97,2017-08-14,Kumba,2017,8,226,33,227.84,302.74,739.0799999999999,1589.1599999999999,1.4847471005570438,-0.288333333333334,23.31,equatorial
10.82,22.98,26.03,21.23,93.83,8.66,2.89,4.19,0.99,0.97,2017-08-15,Kumba,2017,8,227,33,198.27,299.03000000000003,702.33,1596.23,1.4951637978038945,-0.23533333333333317,23.31,equatorial
5.16,22.58,24.82,21.36,95.03,13.4,3.19,2.93,0.99,0.96,2017-08-16,Kumba,2017,8,228,33,190.66,307.11,698.61,1606.0,1.5104544246748655,-0.6220000000000034,23.31,equatorial
7.49,22.49,24.4,21.07,95.13,12.66,2.68,2.2,0.99,0.96,2017-08-17,Kumba,2017,8,229,33,188.07,312.59000000000003,695.53,1599.1299999999999,1.495360550341377,-0.6450000000000031,23.28,equatorial
13.3,23.11,26.99,20.85,92.0,6.47,2.47,5.11,0.99,0.96,2017-08-18,Kumba,2017,8,230,33,168.82999999999998,297.55,684.6800000000001,1587.06,1.4708694288767739,0.020666666666663502,23.28,equatorial
11.08,23.72,28.46,20.42,90.11,3.5,2.05,5.28,0.98,0.95,2017-08-19,Kumba,2017,8,231,33,72.36,293.59,654.53,1571.68,1.440464243423475,0.641333333333332,23.72,equatorial
10.97,22.73,24.74,21.52,94.81,10.12,2.35,2.18,0.98,0.95,2017-08-20,Kumba,2017,8,232,33,67.46000000000001,293.75,612.27,1567.11,1.4298539162202695,-0.34266666666666623,23.72,equatorial
8.52,22.45,24.35,21.22,95.63,37.21,2.65,2.13,0.99,0.96,2017-08-21,Kumba,2017,8,233,34,92.02,319.85999999999996,624.2199999999999,1570.49,1.433743251740437,-0.5963333333333338,23.72,equatorial
6.94,22.95,25.58,21.17,94.54,10.03,2.85,2.98,0.99,0.96,2017-08-22,Kumba,2017,8,234,34,93.39,291.66,615.69,1549.4699999999998,1.3932779517966014,-0.08133333333333326,23.72,equatorial
14.35,22.98,25.5,20.9,92.06,16.86,2.0,3.06,0.99,0.96,2017-08-23,Kumba,2017,8,235,34,96.85,287.51,603.79,1501.54,1.3040784552890572,-0.04400000000000048,23.72,equatorial
14.38,23.43,26.67,21.43,93.46,14.86,1.92,2.78,0.98,0.96,2017-08-24,Kumba,2017,8,236,34,99.05,287.12,596.42,1513.9199999999998,1.32474625057811,0.3776666666666664,23.72,equatorial
12.58,23.48,27.28,21.71,93.35,62.32,2.43,3.94,0.99,0.98,2017-08-25,Kumba,2017,8,237,34,154.9,323.72999999999996,651.31,1561.58,1.4093808147544404,0.4193333333333342,23.72,equatorial
9.87,22.99,25.98,21.1,93.57,6.1,2.6,3.96,0.99,0.96,2017-08-26,Kumba,2017,8,238,34,157.5,229.86,650.3000000000001,1566.71,1.4165171006176236,-0.05366666666666475,23.48,equatorial
5.29,23.58,27.27,21.01,90.3,7.01,2.2,5.18,0.99,0.96,2017-08-27,Kumba,2017,8,239,34,154.39,221.85,651.58,1571.56,1.4231172061409403,0.5403333333333329,23.58,equatorial
17.23,23.77,27.53,21.35,88.54,1.78,1.54,5.16,0.98,0.95,2017-08-28,Kumba,2017,8,240,35,118.96,210.98,548.79,1570.66,1.4192715119698414,0.7246666666666641,23.77,equatorial
11.0,23.21,26.1,21.08,92.29,13.57,2.46,4.64,0.98,0.95,2017-08-29,Kumba,2017,8,241,35,122.5,215.89,548.9200000000001,1568.02,1.4122913912894899,0.1670000000000016,23.77,equatorial
4.86,22.8,24.95,21.39,94.97,15.01,2.71,2.53,0.98,0.94,2017-08-30,Kumba,2017,8,242,35,120.65,217.5,542.3000000000001,1539.33,1.3581770656158039,-0.23999999999999844,23.77,equatorial
12.67,22.95,26.28,20.93,92.19,8.46,2.45,4.46,0.98,0.95,2017-08-31,Kumba,2017,8,243,35,114.25,213.3,538.39,1536.04,1.3502407026013181,-0.1076666666666668,23.77,equatorial
12.46,23.18,26.17,21.08,90.36,3.15,1.28,2.75,0.97,0.94,2017-09-01,Kumba,2017,9,244,35,55.08,209.98,536.22,1537.8700000000001,1.351598377341283,0.12333333333333485,23.77,equatorial
11.34,22.62,24.63,21.11,95.54,18.63,2.35,1.76,0.97,0.95,2017-09-02,Kumba,2017,9,245,35,67.61,225.10999999999999,547.6700000000001,1549.84,1.371288858517737,-0.43166666666666487,23.77,equatorial
10.62,22.38,24.17,21.3,96.34,17.63,2.66,1.66,0.98,0.95,2017-09-03,Kumba,2017,9,246,35,78.22999999999999,232.62,543.7900000000001,1563.66,1.3942473343475659,-0.6546666666666674,23.77,equatorial
14.01,23.0,26.03,20.95,93.48,10.73,2.48,3.5,0.98,0.95,2017-09-04,Kumba,2017,9,247,36,87.17999999999999,206.14000000000001,547.06,1564.7,1.3940294815398029,-0.031666666666662735,23.21,equatorial
12.4,23.12,26.48,21.25,93.39,10.76,2.06,3.01,0.98,0.95,2017-09-05,Kumba,2017,9,248,36,84.37,206.87,547.86,1556.54,1.3772018858811566,0.09133333333333482,23.18,equatorial
11.83,23.58,27.62,21.11,91.83,20.87,2.64,5.05,0.98,0.95,2017-09-06,Kumba,2017,9,249,36,90.22999999999999,210.88,557.6299999999999,1574.1299999999999,1.4069139826891774,0.5273333333333312,23.58,equatorial
6.15,22.86,24.85,21.45,94.47,37.53,2.69,2.8,0.99,0.96,2017-09-07,Kumba,2017,9,250,36,119.29999999999998,233.54999999999998,556.9300000000001,1608.12,1.466080762137129,-0.1893333333333338,23.58,equatorial
14.68,23.04,26.09,21.04,93.16,6.13,1.82,2.78,0.99,0.96,2017-09-08,Kumba,2017,9,251,36,122.28,177.35999999999999,542.0500000000001,1611.75,1.4702741929782417,-0.009333333333334082,23.58,equatorial
15.25,24.27,28.34,21.31,89.53,4.32,1.56,4.27,0.98,0.95,2017-09-09,Kumba,2017,9,252,36,107.97,175.57999999999998,531.12,1588.03,1.4251852080542529,1.1886666666666699,24.27,equatorial
11.5,23.79,26.99,21.78,92.64,12.78,1.77,2.92,0.98,0.95,2017-09-10,Kumba,2017,9,253,36,103.12,181.35,518.19,1592.6499999999999,1.4313105692102577,0.6899999999999977,24.27,equatorial
12.3,23.51,26.61,21.77,93.62,14.56,2.23,3.6,0.98,0.95,2017-09-11,Kumba,2017,9,254,37,106.95,194.13,432.78,1588.16,1.4210175880450364,0.40233333333333476,24.27,equatorial
15.11,23.74,27.44,21.17,91.95,8.76,2.52,4.76,0.98,0.95,2017-09-12,Kumba,2017,9,255,37,104.95,189.32000000000002,426.52,1595.66,1.4323337540521648,0.5989999999999966,24.27,equatorial
11.75,23.27,26.08,21.53,93.6,30.69,2.42,3.18,0.99,0.96,2017-09-13,Kumba,2017,9,256,37,114.77000000000001,205.0,444.56,1611.8799999999999,1.4592776582792135,0.11799999999999855,24.27,equatorial
13.2,23.18,26.78,20.75,90.75,6.83,2.41,5.62,0.98,0.95,2017-09-14,Kumba,2017,9,257,37,84.07000000000001,203.37,442.73,1607.88,1.4497830708164292,0.021333333333334537,24.27,equatorial
10.46,23.42,26.56,21.2,93.5,16.5,2.46,3.04,0.98,0.95,2017-09-15,Kumba,2017,9,258,37,94.44,216.72,445.83000000000004,1603.8400000000001,1.4402578877229903,0.23333333333333783,24.27,equatorial
5.08,23.0,25.06,21.63,94.81,16.62,3.1,2.84,0.98,0.95,2017-09-16,Kumba,2017,9,259,37,106.74000000000001,214.71,449.79,1617.52,1.4625724155967017,-0.20366666666666333,23.79,equatorial
13.32,22.84,24.95,21.25,93.52,6.63,2.09,2.48,0.98,0.95,2017-09-17,Kumba,2017,9,260,37,100.59,203.70999999999998,449.95,1600.78,1.43023506212219,-0.35466666666666313,23.74,equatorial
17.2,23.64,27.06,21.31,92.34,9.36,2.1,4.15,0.98,0.95,2017-09-18,Kumba,2017,9,261,38,95.39,202.34,455.80999999999995,1603.1399999999999,1.4322723536261854,0.4480000000000004,23.74,equatorial
13.54,23.83,27.1,21.51,92.74,8.64,2.52,4.45,0.98,0.95,2017-09-19,Kumba,2017,9,262,38,95.27,200.22,454.33000000000004,1606.8300000000002,1.4366852071491434,0.6013333333333328,23.83,equatorial
13.82,24.26,27.85,21.92,91.48,5.48,1.87,4.1,0.97,0.94,2017-09-20,Kumba,2017,9,263,38,70.06,184.83,422.59999999999997,1603.6100000000001,1.4287067392455812,0.9710000000000036,24.26,equatorial
12.75,24.09,27.56,22.14,92.94,10.53,2.35,3.98,0.97,0.94,2017-09-21,Kumba,2017,9,264,38,73.76,157.83,423.1,1600.3,1.420600858444286,0.7629999999999981,24.26,equatorial
13.52,23.25,25.55,21.93,95.02,21.93,2.75,2.43,0.98,0.94,2017-09-22,Kumba,2017,9,265,38,79.19,173.63,428.17,1611.4299999999998,1.438361352364653,-0.08600000000000207,24.26,equatorial
13.16,23.5,26.81,21.51,91.4,9.17,2.53,4.94,0.98,0.94,2017-09-23,Kumba,2017,9,266,38,71.74,178.48000000000002,422.47999999999996,1613.06,1.4390640342945713,0.16166666666666885,24.26,equatorial
15.36,23.62,27.1,21.38,91.74,7.31,2.27,4.91,0.97,0.94,2017-09-24,Kumba,2017,9,267,38,72.42,173.01000000000002,367.46999999999997,1595.77,1.4059535789600386,0.27699999999999747,24.26,equatorial
16.28,24.14,27.79,21.6,90.56,2.55,1.99,4.51,0.97,0.93,2017-09-25,Kumba,2017,9,268,39,65.61,161.0,363.92,1579.46,1.3747238854644415,0.7586666666666666,24.26,equatorial
14.8,23.69,26.62,21.82,92.82,5.18,2.17,3.29,0.96,0.93,2017-09-26,Kumba,2017,9,269,39,62.15,157.42,362.09,1569.54,1.3550236597842256,0.30500000000000327,24.26,equatorial
12.36,23.37,25.38,21.87,94.88,4.24,2.43,2.22,0.96,0.93,2017-09-27,Kumba,2017,9,270,39,60.91,130.97,364.55,1559.8799999999999,1.3358602849762486,-0.0016666666666651508,24.14,equatorial
9.95,23.2,25.1,21.6,94.41,17.71,2.09,2.15,0.97,0.94,2017-09-28,Kumba,2017,9,271,39,68.09,141.85,368.69,1563.27,1.3400554016531898,-0.17133333333333312,24.14,equatorial
15.59,23.55,26.02,21.86,90.67,7.09,1.51,3.15,0.97,0.93,2017-09-29,Kumba,2017,9,272,39,53.25,132.44,360.77000000000004,1551.4699999999998,1.3171386067298194,0.15366666666666617,24.14,equatorial
16.54,24.26,28.36,21.27,88.75,2.01,1.61,4.89,0.96,0.93,2017-09-30,Kumba,2017,9,273,39,46.089999999999996,117.83,354.32,1526.8799999999999,1.2714887226518001,0.8200000000000038,24.26,equatorial
17.16,24.53,28.38,21.77,89.38,12.09,1.66,4.12,0.96,0.93,2017-10-01,Kumba,2017,10,274,39,50.870000000000005,123.28999999999999,363.26,1520.51,1.2584756691639476,1.0449999999999982,24.53,equatorial
11.26,23.81,26.12,22.21,94.03,4.52,1.97,2.05,0.96,0.92,2017-10-02,Kumba,2017,10,275,40,52.839999999999996,118.45,349.15000000000003,1432.71,1.1002925004048858,0.28533333333333033,24.53,equatorial
12.76,24.5,28.09,22.08,90.62,3.85,1.57,3.61,0.96,0.92,2017-10-03,Kumba,2017,10,276,40,51.51,113.66000000000001,335.37,1435.26,1.1036334484711623,0.9046666666666674,24.53,equatorial
18.2,24.1,27.14,22.2,91.63,5.45,1.85,3.77,0.95,0.92,2017-10-04,Kumba,2017,10,277,40,52.72,113.63,330.09,1440.37,1.1115325962016847,0.46799999999999997,24.53,equatorial
18.23,24.08,27.82,22.09,92.09,11.36,2.19,4.23,0.95,0.92,2017-10-05,Kumba,2017,10,278,40,46.370000000000005,114.46,330.69,1451.52,1.130182632775408,0.4159999999999968,24.53,equatorial
15.09,24.14,27.69,21.87,92.04,10.48,2.42,4.54,0.96,0.92,2017-10-06,Kumba,2017,10,279,40,49.76,103.01,320.3,1461.87,1.1473598631729398,0.4573333333333345,24.53,equatorial
16.84,24.23,27.57,22.23,92.53,6.83,2.17,3.51,0.95,0.92,2017-10-07,Kumba,2017,10,280,40,54.58,100.67,289.59999999999997,1468.53,1.1579163929939384,0.5016666666666652,24.53,equatorial
15.75,24.06,27.25,21.84,92.0,93.78,2.25,4.51,0.98,0.96,2017-10-08,Kumba,2017,10,281,40,136.26999999999998,187.14,377.25,1556.91,1.3140252006858808,0.2976666666666645,24.5,equatorial
15.15,23.71,26.36,21.91,93.34,6.34,2.25,3.24,0.98,0.94,2017-10-09,Kumba,2017,10,282,41,138.08999999999997,190.92999999999998,379.27,1557.32,1.3129880308366815,-0.03366666666666873,24.5,equatorial
16.63,23.58,26.96,21.81,92.92,6.0,2.21,3.36,0.98,0.94,2017-10-10,Kumba,2017,10,283,41,140.23999999999998,191.75,372.49,1555.49,1.3079689474159446,-0.1566666666666663,24.23,equatorial
9.58,23.63,26.58,21.39,90.97,11.65,1.5,3.32,0.98,0.94,2017-10-11,Kumba,2017,10,284,41,146.44,199.16,369.58,1552.42,1.3007617207573252,-0.11066666666666336,24.23,equatorial
14.8,24.17,28.04,21.44,89.52,4.34,1.97,5.18,0.97,0.94,2017-10-12,Kumba,2017,10,285,41,139.42,185.79,365.16,1544.36,1.2847041782459938,0.4150000000000027,24.23,equatorial
8.48,23.42,25.7,21.9,93.94,9.96,2.28,2.95,0.97,0.94,2017-10-13,Kumba,2017,10,286,41,138.9,188.66,344.43,1528.07,1.2540644529558476,-0.3399999999999963,24.23,equatorial
14.91,23.91,27.28,21.78,90.68,10.34,1.49,3.35,0.97,0.94,2017-10-14,Kumba,2017,10,287,41,142.41,196.99,347.94,1493.0,1.1901261038243907,0.12566666666666748,24.17,equatorial
16.53,24.33,27.63,21.82,90.71,2.57,1.5,3.33,0.97,0.93,2017-10-15,Kumba,2017,10,288,41,51.2,187.47,334.01,1478.45,1.162846912275235,0.5153333333333343,24.33,equatorial
16.24,24.23,26.76,22.36,93.73,4.26,1.48,2.03,0.96,0.93,2017-10-16,Kumba,2017,10,289,42,49.12,187.20999999999998,321.65,1466.97,1.1410979731403588,0.3743333333333325,24.33,equatorial
15.18,23.58,26.07,22.19,94.28,6.73,2.4,2.59,0.96,0.93,2017-10-17,Kumba,2017,10,290,42,49.85000000000001,190.09,321.75,1456.38,1.120987006404949,-0.300333333333338,24.33,equatorial
10.77,23.03,25.09,21.73,93.21,3.24,1.52,1.9,0.96,0.93,2017-10-18,Kumba,2017,10,291,42,41.44,187.88,315.63,1425.97,1.0656919747988274,-0.8300000000000018,24.33,equatorial
18.05,23.8,27.05,21.5,91.23,2.45,1.28,2.49,0.96,0.93,2017-10-19,Kumba,2017,10,292,42,39.550000000000004,178.97,309.44,1376.04,0.9758082062105224,-0.0589999999999975,24.33,equatorial
18.24,24.44,27.93,22.32,91.44,1.69,1.52,2.98,0.96,0.92,2017-10-20,Kumba,2017,10,293,42,31.28,170.18,305.65000000000003,1352.47,0.9329635944120576,0.5749999999999993,24.44,equatorial
7.63,24.22,26.23,22.51,93.98,7.19,1.63,1.76,0.96,0.92,2017-10-21,Kumba,2017,10,294,42,28.13,170.54,302.31,1341.1,0.9118902150350104,0.3506666666666689,24.44,equatorial
11.29,23.7,26.19,21.82,92.68,10.04,1.49,2.18,0.96,0.92,2017-10-22,Kumba,2017,10,295,42,35.6,86.8,290.41999999999996,1322.3799999999999,0.8777762863052555,-0.1843333333333348,24.44,equatorial
13.85,23.97,26.88,22.2,91.79,18.6,1.92,3.11,0.97,0.94,2017-10-23,Kumba,2017,10,296,43,49.94,99.06,299.85,1318.7499999999998,0.8705616423654835,0.07000000000000028,24.44,equatorial
12.94,24.09,26.75,21.82,91.27,5.18,1.35,2.19,0.97,0.93,2017-10-24,Kumba,2017,10,297,43,48.39,98.24,297.72,1316.5,0.8658139879533615,0.17433333333333323,24.44,equatorial
15.33,24.38,26.45,22.49,87.82,25.39,1.17,2.22,0.97,0.94,2017-10-25,Kumba,2017,10,298,43,70.54,111.98,320.56,1334.78,0.8976085871903319,0.4563333333333297,24.44,equatorial
11.89,24.1,27.42,21.81,90.04,1.34,1.22,2.26,0.97,0.94,2017-10-26,Kumba,2017,10,299,43,69.43,108.98,316.72,1330.3899999999999,0.8890093546062491,0.16266666666666652,24.44,equatorial
9.0,23.97,26.61,22.28,89.63,4.16,1.21,1.7,0.97,0.94,2017-10-27,Kumba,2017,10,300,43,71.9,103.17999999999999,316.64,1229.98,0.7094811866017289,0.012666666666664383,24.38,equatorial
9.86,23.78,26.4,22.34,92.24,7.81,1.52,1.95,0.97,0.94,2017-10-28,Kumba,2017,10,301,43,72.52000000000001,100.65,306.74,1224.35,0.6989371918294467,-0.19666666666666544,24.38,equatorial
16.37,24.26,28.0,21.75,90.44,1.17,1.88,3.63,0.97,0.93,2017-10-29,Kumba,2017,10,302,43,63.65,99.25,300.82,1203.89,0.6619822153283342,0.2596666666666678,24.38,equatorial
10.37,24.53,28.12,22.13,90.54,5.27,1.41,3.1,0.96,0.93,2017-10-30,Kumba,2017,10,303,44,50.31999999999999,100.26,304.08,1196.79,0.6488685729979196,0.5206666666666635,24.53,equatorial
16.91,24.77,28.27,22.61,89.67,6.43,1.37,3.58,0.96,0.93,2017-10-31,Kumba,2017,10,304,44,51.57,99.96000000000001,298.42,1197.8999999999999,0.6504021325652585,0.7526666666666664,24.77,equatorial
15.5,24.94,29.09,21.8,87.31,14.3,1.57,5.46,0.96,0.93,2017-11-01,Kumba,2017,11,305,44,40.480000000000004,111.02,308.2,1205.02,0.6626518572441543,0.8850000000000016,24.94,equatorial
15.7,23.61,25.74,22.03,93.45,3.11,1.95,2.35,0.96,0.92,2017-11-02,Kumba,2017,11,306,44,42.25,111.68,307.46000000000004,1186.62,0.6293722637157109,-0.4153333333333329,24.94,equatorial
17.29,24.57,28.78,21.59,88.5,6.18,1.5,4.4,0.96,0.92,2017-11-03,Kumba,2017,11,307,44,44.269999999999996,116.16999999999999,308.19,1185.34,0.6266653323737045,0.5289999999999999,24.94,equatorial
17.96,24.01,27.19,22.14,91.45,58.2,1.83,3.31,0.98,0.96,2017-11-04,Kumba,2017,11,308,44,94.66,167.18,355.03000000000003,1233.5800000000002,0.7123375585944166,-0.02866666666666262,24.94,equatorial
16.21,24.44,28.97,21.45,88.74,3.3,1.33,4.64,0.97,0.94,2017-11-05,Kumba,2017,11,309,44,96.78999999999999,160.44,347.84999999999997,1225.78,0.6978988386362827,0.39133333333333553,24.94,equatorial
12.73,23.37,25.65,21.7,92.42,4.79,1.63,2.0,0.97,0.94,2017-11-06,Kumba,2017,11,310,45,96.31,146.63000000000002,345.81,1192.34,0.6376922821097668,-0.649999999999995,24.94,equatorial
17.49,23.83,27.63,20.94,86.34,3.64,1.32,3.82,0.97,0.93,2017-11-07,Kumba,2017,11,311,45,93.52000000000001,145.09,255.67000000000002,1174.97,0.606235766158892,-0.1823333333333359,24.94,equatorial
19.07,23.65,26.99,21.18,90.64,8.11,1.69,2.94,0.96,0.93,2017-11-08,Kumba,2017,11,312,45,87.33,127.81,257.44,1167.83,0.5930806672522498,-0.3603333333333332,24.57,equatorial
17.31,23.89,26.33,22.25,90.94,10.25,1.34,1.74,0.97,0.93,2017-11-09,Kumba,2017,11,313,45,94.47,136.72,261.69,1152.37,0.5650631617816833,-0.1306666666666665,24.57,equatorial
7.37,23.63,25.53,22.09,93.57,16.01,1.64,1.44,0.97,0.94,2017-11-10,Kumba,2017,11,314,45,104.30000000000001,148.57,266.05,1068.41,0.4145643294799129,-0.39066666666666805,24.44,equatorial
13.65,24.8,28.93,22.24,86.8,8.1,1.26,3.69,0.97,0.94,2017-11-11,Kumba,2017,11,315,45,54.2,148.86,269.81,1061.4899999999998,0.4019512205901626,0.7583333333333329,24.8,equatorial
15.61,24.26,28.05,22.01,90.66,3.23,1.58,3.42,0.97,0.93,2017-11-12,Kumba,2017,11,316,45,54.13,150.92000000000002,263.08,1052.07,0.3848673909628087,0.19033333333333502,24.8,equatorial
18.0,25.44,29.64,22.1,86.86,4.27,1.03,4.51,0.96,0.93,2017-11-13,Kumba,2017,11,317,46,53.61000000000001,149.92000000000002,257.01,1047.6799999999998,0.37679565523064995,1.3193333333333328,25.44,equatorial
15.68,25.5,29.31,22.93,86.15,14.9,1.28,2.25,0.97,0.94,2017-11-14,Kumba,2017,11,318,46,64.87,158.39,269.34000000000003,1049.18,0.3792777937396411,1.3403333333333336,25.5,equatorial
6.66,24.37,26.46,22.98,93.45,3.82,1.46,1.38,0.97,0.93,2017-11-15,Kumba,2017,11,319,46,60.580000000000005,147.91,268.90000000000003,1040.34,0.3632286598403296,0.20566666666666933,25.5,equatorial
15.46,23.44,24.69,22.08,92.95,6.69,1.84,1.65,0.97,0.93,2017-11-16,Kumba,2017,11,320,46,57.019999999999996,151.49,268.86,1040.56,0.36342761582987004,-0.7196666666666651,25.5,equatorial
14.48,23.44,26.4,21.31,92.23,22.42,1.58,2.38,0.98,0.95,2017-11-17,Kumba,2017,11,321,46,63.43,167.73,288.04,1059.48,0.397167562883016,-0.7333333333333307,25.5,equatorial
13.95,23.9,27.4,21.34,91.41,10.42,1.83,3.38,0.97,0.94,2017-11-18,Kumba,2017,11,322,46,65.75,119.95,296.01,1059.78,0.3974876430549007,-0.27666666666667084,25.5,equatorial
7.14,23.38,25.09,22.11,93.86,17.46,1.72,1.41,0.98,0.95,2017-11-19,Kumba,2017,11,323,46,79.98,134.11,311.78000000000003,1040.03,0.3618168628655348,-0.761333333333333,25.5,equatorial
17.21,23.94,26.72,21.82,91.39,2.71,1.83,2.38,0.97,0.94,2017-11-20,Kumba,2017,11,324,47,78.42,132.03,307.3,1032.71,0.3484773961224806,-0.19200000000000017,25.5,equatorial
18.38,24.12,27.03,22.17,92.35,4.83,1.69,2.68,0.97,0.94,2017-11-21,Kumba,2017,11,325,47,68.35000000000001,133.22,302.09,1020.68,0.3266789443559259,-0.0259999999999998,24.37,equatorial
12.09,23.77,25.59,22.37,95.97,5.74,1.75,1.25,0.97,0.94,2017-11-22,Kumba,2017,11,326,47,70.27000000000001,130.85,289.23,1011.5600000000001,0.31011546424517555,-0.3693333333333335,24.12,equatorial
10.28,24.22,26.87,22.38,93.26,30.12,1.9,1.86,0.98,0.96,2017-11-23,Kumba,2017,11,327,47,93.7,150.72,314.17,979.36,0.2520510315522437,0.07633333333333425,24.22,equatorial
16.3,23.97,27.4,21.61,90.94,4.12,1.6,2.83,0.98,0.95,2017-11-24,Kumba,2017,11,328,47,75.4,138.82999999999998,292.9,977.38,0.2483623345342244,-0.16000000000000014,24.22,equatorial
18.46,24.31,28.95,20.79,86.08,1.4,1.32,4.55,0.97,0.94,2017-11-25,Kumba,2017,11,329,47,66.38000000000001,132.13,292.96000000000004,971.77,0.23814056449651258,0.17299999999999827,24.31,equatorial
18.66,24.79,29.69,20.99,80.17,0.38,1.56,4.7,0.97,0.93,2017-11-26,Kumba,2017,11,330,47,49.300000000000004,129.28,289.18,970.37,0.2355010487676544,0.6256666666666639,24.79,equatorial
19.14,24.23,28.86,20.25,82.09,0.32,1.55,5.05,0.96,0.92,2017-11-27,Kumba,2017,11,331,48,46.910000000000004,125.33000000000001,281.69,957.12,0.21151374655324695,0.05066666666666819,24.79,equatorial
18.62,24.48,28.81,21.36,86.72,0.43,1.71,4.75,0.95,0.91,2017-11-28,Kumba,2017,11,332,48,42.510000000000005,110.86,280.95000000000005,942.54,0.18513123962655365,0.293333333333333,24.79,equatorial
18.93,24.7,28.81,22.08,87.36,0.61,1.37,4.42,0.95,0.91,2017-11-29,Kumba,2017,11,333,48,37.38,107.65,276.28999999999996,934.69,0.1708860743359902,0.5076666666666654,24.79,equatorial
18.12,25.31,29.63,22.35,84.39,0.35,1.2,4.62,0.94,0.9,2017-11-30,Kumba,2017,11,334,48,7.61,101.31,270.21000000000004,931.89,0.1657522203779708,1.0996666666666677,25.31,equatorial
20.55,24.32,28.24,21.94,88.3,0.18,1.69,3.26,0.93,0.9,2017-12-01,Kumba,2017,12,335,48,3.67,79.07000000000001,256.09000000000003,913.4399999999999,0.1323721604073778,0.13033333333333275,25.31,equatorial
18.57,24.7,28.37,22.44,87.94,0.33,1.15,2.99,0.93,0.89,2017-12-02,Kumba,2017,12,336,48,2.6,68.98,253.31,896.14,0.10106967229094542,0.47399999999999665,25.31,equatorial
18.68,24.96,29.26,21.84,86.38,0.32,1.37,3.97,0.92,0.89,2017-12-03,Kumba,2017,12,337,48,2.54,51.84,247.45,885.73,0.08221520259201948,0.7210000000000036,25.31,equatorial
18.84,25.27,29.69,22.18,84.68,0.26,1.28,3.95,0.91,0.88,2017-12-04,Kumba,2017,12,338,49,2.48,49.39,189.51000000000002,875.2299999999999,0.06319829254645336,0.9890000000000008,25.31,equatorial
18.83,25.31,30.37,21.27,80.1,0.12,1.41,4.61,0.91,0.88,2017-12-05,Kumba,2017,12,339,49,2.17,44.68,186.33,854.4799999999999,0.025646393277687123,0.9999999999999964,25.31,equatorial
13.53,24.64,27.76,22.54,89.29,0.28,1.5,2.75,0.9,0.87,2017-12-06,Kumba,2017,12,340,49,1.84,39.22,181.82000000000002,817.23,-0.04175652754849673,0.2876666666666665,25.31,equatorial
19.18,24.96,28.62,22.68,87.21,0.11,1.46,3.39,0.9,0.87,2017-12-07,Kumba,2017,12,341,49,1.6,9.21,178.29,811.21,-0.05263319347201294,0.5700000000000003,25.31,equatorial
15.22,24.61,28.45,21.96,85.28,0.14,1.81,3.8,0.89,0.86,2017-12-08,Kumba,2017,12,342,49,1.56,5.2299999999999995,170.32000000000002,807.0300000000001,-0.06017790830244701,0.18799999999999528,25.31,equatorial
15.25,24.02,26.99,21.71,89.44,0.07,1.86,2.58,0.89,0.86,2017-12-09,Kumba,2017,12,343,49,1.2999999999999998,3.9,160.14000000000001,794.3199999999999,-0.0831761774127045,-0.4063333333333361,25.31,equatorial
12.61,24.2,27.55,21.62,83.52,0.04,1.65,3.1,0.88,0.86,2017-12-10,Kumba,2017,12,344,49,1.02,3.56,144.17,779.8000000000001,-0.10945478586381438,-0.24533333333333474,25.31,equatorial
17.08,24.27,27.7,21.23,79.15,0.04,1.34,3.32,0.88,0.86,2017-12-11,Kumba,2017,12,345,50,0.8,3.28,136.10999999999999,771.08,-0.1252155549428612,-0.15766666666666396,25.31,equatorial
16.69,25.03,29.59,21.66,84.52,0.22,1.47,3.73,0.87,0.85,2017-12-12,Kumba,2017,12,346,50,0.8999999999999999,3.0700000000000003,133.1,740.61,-0.18043318402703248,0.576666666666668,25.03,equatorial
19.68,25.26,30.9,21.66,77.01,0.01,1.43,4.41,0.86,0.85,2017-12-13,Kumba,2017,12,347,50,0.6299999999999999,2.4699999999999998,128.84,733.7900000000001,-0.19272459278755616,0.8126666666666651,25.26,equatorial
17.62,25.05,29.49,22.05,83.67,0.07,1.66,4.48,0.86,0.84,2017-12-14,Kumba,2017,12,348,50,0.59,2.19,114.01,717.36,-0.22246419660919514,0.6176666666666648,25.26,equatorial
18.17,24.94,29.04,22.31,88.18,0.2,1.76,3.68,0.85,0.84,2017-12-15,Kumba,2017,12,349,50,0.65,2.21,110.39000000000001,700.94,-0.2521828047683721,0.488666666666667,25.26,equatorial
14.16,25.0,29.2,22.65,89.94,0.53,1.68,2.7,0.85,0.84,2017-12-16,Kumba,2017,12,350,50,1.11,2.41,104.23,694.84,-0.2631440220337561,0.49666666666666615,25.26,equatorial
17.6,25.32,29.69,22.62,88.46,0.07,1.56,3.65,0.84,0.83,2017-12-17,Kumba,2017,12,351,50,1.1400000000000001,2.16,81.88,685.5500000000001,-0.2799034131155989,0.7540000000000013,25.32,equatorial
17.73,25.51,29.99,22.84,86.69,0.03,1.43,4.3,0.84,0.83,2017-12-18,Kumba,2017,12,352,51,1.1300000000000001,1.9300000000000002,71.49000000000001,676.94,-0.2954237206227578,0.8903333333333379,25.51,equatorial
16.47,24.84,28.33,22.68,90.73,0.04,2.03,2.99,0.83,0.83,2017-12-19,Kumba,2017,12,353,51,0.9500000000000001,1.8499999999999999,54.07,671.5,-0.30517381652778724,0.17166666666666686,25.51,equatorial
16.98,25.06,28.77,22.63,88.7,0.04,1.53,3.01,0.83,0.82,2017-12-20,Kumba,2017,12,354,51,0.9800000000000001,1.6099999999999999,51.4,661.0100000000001,-0.32411466880000267,0.3543333333333294,25.51,equatorial
17.34,25.0,28.52,22.68,90.01,0.03,1.74,2.83,0.82,0.82,2017-12-21,Kumba,2017,12,355,51,0.9400000000000001,1.53,46.6,639.11,-0.3638288992688691,0.264999999999997,25.51,equatorial
14.18,24.34,26.91,22.8,92.96,0.54,2.1,1.92,0.82,0.82,2017-12-22,Kumba,2017,12,356,51,1.28,1.93,41.4,630.48,-0.3793602567161804,-0.4140000000000015,25.51,equatorial
12.91,24.13,26.78,22.5,92.57,0.77,1.64,1.59,0.82,0.82,2017-12-23,Kumba,2017,12,357,51,1.52,2.63,12.05,623.9399999999999,-0.39107900475894664,-0.6209999999999987,25.51,equatorial
15.55,24.3,27.75,22.03,88.42,0.22,1.63,2.64,0.82,0.82,2017-12-24,Kumba,2017,12,358,51,1.67,2.81,8.15,621.61,-0.3951197583190443,-0.46199999999999974,25.51,equatorial
19.13,23.92,29.0,20.02,78.89,0.0,2.17,5.13,0.81,0.81,2017-12-25,Kumba,2017,12,359,52,1.64,2.77,6.75,616.4300000000001,-0.404357227427004,-0.8290000000000006,25.06,equatorial
17.55,24.11,29.3,20.1,79.62,0.0,1.55,4.39,0.8,0.81,2017-12-26,Kumba,2017,12,360,52,1.6,2.5500000000000003,6.37,612.19,-0.41187722998568055,-0.6163333333333334,25.06,equatorial
16.56,24.3,29.35,20.99,82.17,0.0,1.44,4.23,0.8,0.8,2017-12-27,Kumba,2017,12,361,52,1.56,2.54,6.050000000000001,594.48,-0.4439786703883907,-0.42866666666666475,25.0,equatorial
18.19,25.01,30.3,21.61,84.86,0.0,1.38,3.89,0.79,0.79,2017-12-28,Kumba,2017,12,362,52,1.53,2.47,5.62,587.39,-0.45667979638876083,0.26366666666666916,25.01,equatorial
17.18,24.98,29.28,22.14,86.33,0.01,1.52,3.67,0.78,0.79,2017-12-29,Kumba,2017,12,363,52,1.0,2.28,5.0200000000000005,585.39,-0.46008034352281013,0.22433333333333394,25.01,equatorial
18.2,25.06,29.77,22.29,83.44,0.01,1.41,4.12,0.78,0.79,2017-12-30,Kumba,2017,12,364,52,0.24,1.76,4.68,573.31,-0.48189565423281866,0.31266666666666154,25.06,equatorial
18.4,24.79,29.78,21.06,80.12,0.0,1.34,4.47,0.77,0.78,2017-12-31,Kumba,2017,12,365,52,0.02,1.69,4.5,568.79,-0.48988551765284544,0.027000000000001023,25.06,equatorial
19.27,24.49,29.39,20.4,81.06,0.01,1.84,4.61,0.76,0.78,2018-01-01,Kumba,2018,1,1,1,0.03,1.67,4.18,564.9499999999999,-0.49662903229818633,-0.26599999999999824,25.06,equatorial
19.61,24.64,29.61,21.44,83.58,0.03,1.56,4.29,0.75,0.77,2018-01-02,Kumba,2018,1,2,1,0.06,1.6600000000000001,3.89,559.53,-0.5062593311135912,-0.10533333333333417,25.06,equatorial
18.22,24.29,28.88,20.33,79.82,0.01,1.52,4.13,0.75,0.77,2018-01-03,Kumba,2018,1,3,1,0.06999999999999999,1.6300000000000001,3.6399999999999997,548.1800000000001,-0.5267335978761178,-0.4226666666666681,25.06,equatorial
17.64,24.23,28.28,21.05,80.3,0.01,1.31,3.91,0.74,0.76,2018-01-04,Kumba,2018,1,4,1,0.08,1.61,3.5300000000000002,537.71,-0.5455872985067894,-0.44666666666666544,25.06,equatorial
15.44,23.74,27.39,20.88,86.63,0.22,2.06,3.77,0.73,0.76,2018-01-05,Kumba,2018,1,5,1,0.29000000000000004,1.29,3.4699999999999998,531.0999999999999,-0.557365391314498,-0.9066666666666663,25.06,equatorial
17.82,23.81,28.62,20.66,83.41,0.65,1.65,4.37,0.73,0.75,2018-01-06,Kumba,2018,1,6,1,0.93,1.17,4.01,437.96999999999997,-0.7275343202546221,-0.7983333333333356,24.79,equatorial
18.31,23.61,28.57,19.51,81.46,1.33,1.51,3.98,0.72,0.75,2018-01-07,Kumba,2018,1,7,1,2.2600000000000002,2.2800000000000002,5.2,432.96,-0.7362028214436761,-0.9649999999999999,24.64,equatorial
18.28,24.67,29.56,21.44,82.04,3.76,1.37,4.13,0.72,0.76,2018-01-08,Kumba,2018,1,8,2,6.01,6.04,8.89,430.72,-0.7397908463666527,0.07333333333333414,24.67,equatorial
17.15,24.3,29.47,20.56,82.49,0.93,1.46,4.24,0.72,0.74,2018-01-09,Kumba,2018,1,9,2,6.91,6.97,9.780000000000001,420.00000000000006,-0.7589074819891485,-0.3000000000000007,24.67,equatorial
18.03,24.43,28.92,21.35,87.11,3.43,1.9,4.13,0.71,0.75,2018-01-10,Kumba,2018,1,10,2,10.33,10.4,13.17,419.09,-0.7600340298309753,-0.175333333333338,24.67,equatorial
18.16,24.75,29.57,21.42,84.79,0.74,2.0,4.87,0.71,0.74,2018-01-11,Kumba,2018,1,11,2,11.06,11.14,13.690000000000001,409.87,-0.7763855421700466,0.15399999999999991,24.75,equatorial
18.04,24.69,29.41,21.6,83.1,0.21,1.7,4.16,0.7,0.73,2018-01-12,Kumba,2018,1,12,2,11.05,11.34,13.889999999999999,399.74,-0.7943870892745327,0.1130000000000031,24.75,equatorial
17.91,24.44,28.6,21.92,85.76,0.51,1.83,3.71,0.69,0.73,2018-01-13,Kumba,2018,1,13,2,10.91,11.84,14.330000000000002,397.68,-0.7975785805698538,-0.11666666666666714,24.75,equatorial
18.78,24.55,29.0,21.67,84.6,0.59,1.77,3.94,0.69,0.72,2018-01-14,Kumba,2018,1,14,2,10.17,12.430000000000001,14.72,394.01,-0.8037181675044588,0.006333333333337521,24.75,equatorial
18.42,24.62,29.1,21.66,84.11,0.6,1.46,4.26,0.68,0.72,2018-01-15,Kumba,2018,1,15,3,7.01,13.020000000000001,14.790000000000001,387.88,-0.8143610238827703,0.08900000000000219,24.75,equatorial
18.83,25.03,30.65,21.38,82.17,0.05,1.5,4.51,0.67,0.71,2018-01-16,Kumba,2018,1,16,3,6.13,13.04,14.77,384.69000000000005,-0.8196012017979851,0.5086666666666666,25.03,equatorial
20.18,24.83,30.42,21.41,81.43,0.01,1.78,4.4,0.67,0.7,2018-01-17,Kumba,2018,1,17,3,2.71,13.04,14.75,382.25,-0.8234603399642083,0.3313333333333297,25.03,equatorial
20.6,24.79,29.65,21.65,83.15,0.01,1.65,4.09,0.66,0.69,2018-01-18,Kumba,2018,1,18,3,1.98,13.040000000000001,14.72,380.57,-0.8259215500234139,0.29299999999999926,25.03,equatorial
20.02,24.85,30.23,20.8,82.64,0.02,1.88,4.21,0.65,0.68,2018-01-19,Kumba,2018,1,19,3,1.79,12.84,14.700000000000001,373.4,-0.8384504687426172,0.360000000000003,25.03,equatorial
18.32,24.22,27.71,21.92,86.02,0.06,1.67,2.73,0.65,0.68,2018-01-20,Kumba,2018,1,20,3,1.3399999999999999,12.250000000000002,14.73,363.42,-0.8561187965270718,-0.24399999999999977,25.03,equatorial
19.64,25.59,31.11,21.69,77.98,0.12,1.03,4.6,0.64,0.66,2018-01-21,Kumba,2018,1,21,3,0.87,11.040000000000001,14.31,344.94,-0.8893576778860398,1.0843333333333298,25.59,equatorial
20.13,24.79,29.7,21.61,81.31,0.27,1.68,3.72,0.63,0.66,2018-01-22,Kumba,2018,1,22,4,0.54,7.550000000000001,13.81,340.03,-0.8976537388604433,0.26233333333333064,25.59,equatorial
17.54,23.86,27.36,21.49,85.57,0.48,1.5,2.41,0.63,0.66,2018-01-23,Kumba,2018,1,23,4,0.97,7.1000000000000005,14.07,315.12,-0.9426318256349848,-0.6529999999999987,25.59,equatorial
18.77,24.87,30.17,21.41,81.12,0.14,1.36,3.88,0.62,0.65,2018-01-24,Kumba,2018,1,24,4,1.1,3.81,14.21,313.91999999999996,-0.9440390364977425,0.32533333333333303,25.59,equatorial
19.93,24.89,30.01,21.65,81.63,0.08,1.36,3.72,0.62,0.64,2018-01-25,Kumba,2018,1,25,4,1.17,3.1500000000000004,14.290000000000001,309.84000000000003,-0.9507288154760968,0.3193333333333328,25.59,equatorial
17.57,24.54,29.62,20.76,80.14,0.01,1.55,3.41,0.61,0.63,2018-01-26,Kumba,2018,1,26,4,1.16,2.9499999999999997,14.3,302.04,-0.9642338265264339,-0.03866666666666774,25.59,equatorial
18.76,25.4,31.2,21.55,79.79,0.01,1.67,4.09,0.61,0.62,2018-01-27,Kumba,2018,1,27,4,1.1099999999999999,2.45,14.31,300.88,-0.9655340962178874,0.8083333333333336,25.59,equatorial
19.3,25.45,31.4,21.54,79.05,0.0,1.79,4.28,0.6,0.61,2018-01-28,Kumba,2018,1,28,4,0.9900000000000001,1.86,14.3,295.61,-0.9743741405434807,0.8426666666666662,25.45,equatorial
18.77,25.6,31.2,22.19,80.2,0.01,1.5,3.69,0.59,0.61,2018-01-29,Kumba,2018,1,29,5,0.7300000000000001,1.27,14.3,289.19,-0.9853099547195467,0.9746666666666677,25.6,equatorial
18.02,25.68,31.15,22.16,79.27,0.01,1.34,3.45,0.59,0.6,2018-01-30,Kumba,2018,1,30,5,0.26000000000000006,1.23,14.31,274.9,-1.0106669604774743,1.0250000000000021,25.68,equatorial
20.91,25.52,31.1,22.19,76.17,0.72,1.76,3.94,0.58,0.6,2018-01-31,Kumba,2018,1,31,5,0.8400000000000001,1.94,15.020000000000001,272.51,-1.0141458780835484,0.8306666666666693,25.68,equatorial
19.33,25.85,32.09,21.81,77.28,1.74,1.47,4.19,0.58,0.59,2018-02-01,Kumba,2018,2,32,5,2.5,3.67,16.73,268.07000000000005,-1.0213802180183362,1.1203333333333347,25.85,equatorial
19.49,26.53,32.89,22.11,77.79,1.39,1.65,4.14,0.57,0.58,2018-02-02,Kumba,2018,2,33,5,3.88,5.04,18.110000000000003,211.26000000000002,-1.124664299047343,1.7256666666666653,26.53,equatorial
20.74,26.82,33.23,22.84,78.48,1.29,1.66,4.21,0.57,0.58,2018-02-03,Kumba,2018,2,34,5,5.16,6.2700000000000005,19.39,209.25,-1.1272237866481887,1.9293333333333322,26.82,equatorial
20.12,26.83,33.13,22.81,78.23,0.94,1.5,3.94,0.56,0.57,2018-02-04,Kumba,2018,2,35,5,6.1,7.09,20.11,205.4,-1.133152157038871,1.8363333333333287,26.83,equatorial
20.11,26.52,31.77,23.11,84.15,15.7,2.1,4.83,0.57,0.64,2018-02-05,Kumba,2018,2,36,6,21.79,22.52,35.16,217.45999999999998,-1.1098986833927569,1.436,26.83,equatorial
19.26,26.51,31.43,23.46,84.74,11.0,2.0,4.48,0.59,0.66,2018-02-06,Kumba,2018,2,37,6,32.78,33.04,44.83,220.35000000000002,-1.1035078070451254,1.329333333333338,26.83,equatorial
18.02,26.09,30.44,23.4,86.58,21.86,2.37,4.64,0.61,0.71,2018-02-07,Kumba,2018,2,38,6,53.92,54.76,62.93,231.96,-1.0811457924277514,0.8619999999999983,26.83,equatorial
17.27,25.89,30.44,23.11,87.11,8.88,2.05,3.91,0.62,0.68,2018-02-08,Kumba,2018,2,39,6,61.059999999999995,63.56,70.88,224.82999999999998,-1.0931832932888206,0.6089999999999982,26.83,equatorial
13.08,25.06,28.29,23.38,91.48,18.55,2.84,2.76,0.64,0.74,2018-02-09,Kumba,2018,2,40,6,78.22,82.1,86.0,235.28,-1.0729731841967851,-0.24200000000000088,26.83,equatorial
15.51,25.53,29.69,22.86,88.4,10.15,2.28,3.91,0.65,0.72,2018-02-10,Kumba,2018,2,41,6,87.08000000000001,92.24,95.41,242.20000000000002,-1.0592747156837672,0.2020000000000053,26.83,equatorial
13.55,24.9,26.93,23.39,94.74,19.84,1.76,1.16,0.66,0.76,2018-02-11,Kumba,2018,2,42,6,105.97999999999999,112.08,115.03999999999999,257.77,-1.029748580080032,-0.4350000000000023,26.52,equatorial
13.9,24.92,27.33,23.44,89.11,12.02,1.16,1.85,0.69,0.77,2018-02-12,Kumba,2018,2,43,7,102.30000000000001,124.09,126.55,254.89000000000001,-1.0340965582550292,-0.4309999999999974,26.51,equatorial
15.81,25.15,28.19,22.4,88.66,15.34,1.39,2.34,0.69,0.77,2018-02-13,Kumba,2018,2,44,7,106.64000000000001,139.42000000000002,141.3,266.40999999999997,-1.012042808274092,-0.22100000000000009,26.09,equatorial
16.63,24.7,26.49,23.36,94.03,6.51,1.97,1.18,0.71,0.77,2018-02-14,Kumba,2018,2,45,7,91.29,145.21,147.21,266.23,-1.011475420124722,-0.6736666666666693,25.89,equatorial
18.65,26.11,30.86,22.94,84.66,0.28,1.51,4.06,0.71,0.74,2018-02-15,Kumba,2018,2,46,7,82.69,143.75,147.44,244.09,-1.0511598095669326,0.7003333333333295,26.11,equatorial
12.81,25.7,29.7,23.08,86.57,1.67,1.77,3.83,0.7,0.73,2018-02-16,Kumba,2018,2,47,7,65.81,144.03,149.1,235.34,-1.0662281157921454,0.261333333333333,26.11,equatorial
13.88,25.52,29.18,23.32,89.19,3.92,1.86,3.42,0.69,0.74,2018-02-17,Kumba,2018,2,48,7,59.580000000000005,146.66,153.01000000000002,221.79999999999998,-1.0900441797733125,0.05699999999999861,26.11,equatorial
14.25,25.06,28.42,23.11,90.6,5.93,2.16,2.71,0.69,0.75,2018-02-18,Kumba,2018,2,49,7,45.67,151.64999999999998,158.92,225.02,-1.083103227440244,-0.4100000000000037,26.11,equatorial
15.66,24.93,28.64,22.12,86.98,2.02,1.62,3.42,0.7,0.74,2018-02-19,Kumba,2018,2,50,8,35.67,137.97,160.88,222.21,-1.0872250814839293,-0.5636666666666663,26.11,equatorial
14.29,24.96,28.56,22.78,88.84,8.77,1.72,3.25,0.7,0.76,2018-02-20,Kumba,2018,2,51,8,29.1,135.74,169.53,225.24,-1.080640472506821,-0.5126666666666644,26.11,equatorial
15.14,24.44,27.41,22.51,91.33,7.9,2.33,2.74,0.71,0.76,2018-02-21,Kumba,2018,2,52,8,30.490000000000002,121.78,177.16000000000003,203.02,-1.1203226673238265,-1.0210000000000008,26.11,equatorial
13.27,24.35,27.05,22.37,89.33,7.09,1.96,2.77,0.71,0.76,2018-02-22,Kumba,2018,2,53,8,37.3,119.99000000000001,183.76999999999998,205.99,-1.1137842933115683,-1.127333333333329,25.7,equatorial
13.51,24.69,28.29,22.17,88.78,4.34,1.61,3.17,0.71,0.76,2018-02-23,Kumba,2018,2,54,8,39.97,105.78,187.97,208.93,-1.1073157472946793,-0.7813333333333325,25.52,equatorial
18.28,24.24,26.63,22.64,92.12,18.24,2.08,1.87,0.73,0.8,2018-02-24,Kumba,2018,2,55,8,54.28999999999999,113.87,206.13,226.79,-1.0735391979517837,-1.2096666666666671,25.06,equatorial
17.06,24.38,27.31,22.74,91.87,7.36,2.0,2.21,0.74,0.78,2018-02-25,Kumba,2018,2,56,8,55.72,101.39,213.48,233.83,-1.059644654165189,-1.0643333333333374,24.96,equatorial
12.85,24.42,27.84,22.6,92.01,16.69,2.39,3.08,0.74,0.8,2018-02-26,Kumba,2018,2,57,9,70.39,106.06,230.16000000000003,250.09,-1.0288930530863092,-0.9916666666666671,24.96,equatorial
15.66,24.28,27.09,22.75,91.61,29.86,2.1,2.63,0.79,0.85,2018-02-27,Kumba,2018,2,58,9,91.47999999999999,120.58,260.02,279.34,-0.974406108747206,-1.0926666666666662,24.69,equatorial
18.58,24.56,27.91,22.25,87.14,7.32,1.57,3.45,0.79,0.81,2018-02-28,Kumba,2018,2,59,9,90.89999999999999,121.38999999999999,267.33000000000004,286.31,-0.9608175799215486,-0.7780000000000022,24.69,equatorial
13.02,23.72,25.79,22.45,91.73,7.83,2.12,2.3,0.79,0.82,2018-03-01,Kumba,2018,3,60,9,91.64,128.94,275.15,293.96000000000004,-0.9460056389400476,-1.5526666666666706,24.69,equatorial
19.32,24.65,28.36,22.14,85.98,0.24,1.41,3.48,0.79,0.8,2018-03-02,Kumba,2018,3,61,9,87.53999999999999,127.51,274.67,293.86999999999995,-0.9453961475343602,-0.593666666666671,24.65,equatorial
16.78,24.55,28.12,22.15,89.36,0.58,1.85,3.38,0.78,0.79,2018-03-03,Kumba,2018,3,62,9,69.88000000000001,124.17,273.51,294.13,-0.944147107964128,-0.6503333333333323,24.65,equatorial
20.21,24.26,27.56,22.14,90.11,0.36,1.8,2.75,0.78,0.79,2018-03-04,Kumba,2018,3,63,9,62.879999999999995,118.6,272.48,294.23,-0.9431938231788751,-0.8646666666666647,24.65,equatorial
17.35,24.54,28.48,21.81,87.43,0.38,1.71,4.14,0.77,0.78,2018-03-05,Kumba,2018,3,64,10,46.57,116.96,271.57,294.49,-0.9419495534158449,-0.5086666666666702,24.65,equatorial
19.11,24.78,29.41,21.43,86.14,0.19,1.79,5.08,0.76,0.78,2018-03-06,Kumba,2018,3,65,10,16.9,108.38000000000001,270.82,294.40000000000003,-0.9413491752857167,-0.20033333333332948,24.78,equatorial
15.74,24.92,29.36,22.14,89.01,7.88,1.96,4.3,0.76,0.79,2018-03-07,Kumba,2018,3,66,10,17.46,108.36,263.0,302.17,-0.926347826281989,-0.006999999999997897,24.92,equatorial
14.57,24.28,26.63,22.9,93.93,7.87,1.97,1.68,0.77,0.8,2018-03-08,Kumba,2018,3,67,10,17.5,109.14,259.87,309.90000000000003,-0.9114423519304932,-0.5726666666666667,24.92,equatorial
12.43,24.59,27.85,22.13,89.9,5.53,1.69,2.93,0.77,0.8,2018-03-09,Kumba,2018,3,68,10,22.790000000000003,110.33000000000001,243.54,315.36,-0.9007190140952592,-0.21266666666666367,24.92,equatorial
16.37,24.91,27.95,22.9,91.03,4.29,2.11,3.03,0.77,0.8,2018-03-10,Kumba,2018,3,69,10,26.5,96.38,238.95,319.61,-0.8922290464618629,0.14000000000000057,24.92,equatorial
14.87,24.33,26.16,22.9,94.6,15.45,2.3,1.5,0.78,0.83,2018-03-11,Kumba,2018,3,70,10,41.59,104.47,235.85,335.02,-0.8632926392446022,-0.4156666666666702,24.92,equatorial
16.16,24.23,27.02,22.36,90.23,1.16,1.76,2.41,0.79,0.8,2018-03-12,Kumba,2018,3,71,11,42.37,88.94,226.86,335.96000000000004,-0.8609239027475571,-0.4723333333333315,24.92,equatorial
15.9,25.03,28.74,22.42,88.78,0.68,2.02,4.0,0.78,0.79,2018-03-13,Kumba,2018,3,72,11,42.86,59.76,207.7,336.63,-0.859053882635157,0.3233333333333377,25.03,equatorial
17.3,24.7,27.95,22.49,90.69,0.61,2.12,3.25,0.78,0.79,2018-03-14,Kumba,2018,3,73,11,35.589999999999996,53.05,196.29,337.17,-0.8574252458797934,0.0006666666666639287,25.03,equatorial
14.46,24.19,25.67,23.01,94.5,1.85,2.54,1.42,0.77,0.79,2018-03-15,Kumba,2018,3,74,11,29.57,47.07,182.79999999999998,338.82,-0.8537634082269968,-0.4773333333333305,25.03,equatorial
16.89,24.56,27.9,22.21,90.02,1.8,1.9,3.38,0.77,0.79,2018-03-16,Kumba,2018,3,75,11,25.84,48.63,178.09,340.09000000000003,-0.8508037800730036,-0.1026666666666678,25.03,equatorial
17.16,24.61,27.63,22.76,91.66,2.21,2.54,2.96,0.77,0.79,2018-03-17,Kumba,2018,3,76,11,23.759999999999998,50.26,180.01999999999998,342.23,-0.8462523299940088,-0.002666666666666373,25.03,equatorial
18.18,24.02,26.39,22.46,92.02,3.63,2.28,2.75,0.77,0.79,2018-03-18,Kumba,2018,3,77,11,11.94,53.53,181.98000000000002,345.83,-0.8390281784511447,-0.5366666666666688,25.03,equatorial
17.56,24.3,27.18,22.71,90.59,15.41,2.45,3.48,0.78,0.82,2018-03-19,Kumba,2018,3,78,12,26.189999999999998,68.56,193.47,361.20000000000005,-0.8102137133158039,-0.21600000000000108,25.03,equatorial
17.34,25.07,28.69,22.61,88.55,3.52,2.08,4.39,0.78,0.8,2018-03-20,Kumba,2018,3,79,12,29.03,71.89,191.06,364.68,-0.8032554352923607,0.5536666666666683,25.07,equatorial
11.55,23.46,25.32,22.07,93.19,2.75,2.42,1.85,0.78,0.8,2018-03-21,Kumba,2018,3,80,12,31.17,66.76,191.79,367.4,-0.7977005002026453,-1.0073333333333352,25.07,equatorial
17.8,24.19,28.36,20.97,86.37,3.19,1.91,4.3,0.78,0.79,2018-03-22,Kumba,2018,3,81,12,32.51,62.08,186.20999999999998,370.05,-0.7922806270504192,-0.25166666666666515,25.07,equatorial
13.87,24.21,26.98,22.24,88.68,18.32,1.17,2.37,0.79,0.83,2018-03-23,Kumba,2018,3,82,12,49.03,74.87,196.63000000000002,387.6,-0.7595040952154265,-0.2240000000000002,25.07,equatorial
19.19,24.23,27.63,21.45,89.04,1.45,2.0,3.81,0.79,0.8,2018-03-24,Kumba,2018,3,83,12,48.269999999999996,72.03,190.99,388.83,-0.7567370950352212,-0.20000000000000284,25.07,equatorial
16.65,23.5,25.48,21.77,94.66,7.72,1.94,1.33,0.79,0.81,2018-03-25,Kumba,2018,3,84,12,52.36,64.3,194.37,396.55,-0.7420498868183624,-0.8903333333333343,25.07,equatorial
16.22,24.94,29.48,21.41,86.09,3.62,1.69,4.69,0.8,0.81,2018-03-26,Kumba,2018,3,85,13,40.57,66.76,179.75,400.17,-0.7349108737584914,0.5263333333333371,25.07,equatorial
13.89,25.51,29.87,22.81,87.67,0.7,1.65,4.86,0.79,0.8,2018-03-27,Kumba,2018,3,86,13,37.75,66.78,173.09,400.87,-0.7331457090526304,1.0586666666666709,25.51,equatorial
14.87,24.77,27.56,22.89,91.85,0.65,1.87,2.43,0.78,0.8,2018-03-28,Kumba,2018,3,87,13,35.65,66.82,157.04999999999998,401.52,-0.7314745591431383,0.3069999999999986,25.51,equatorial
14.27,25.31,28.42,23.34,90.56,1.36,1.81,3.37,0.78,0.79,2018-03-29,Kumba,2018,3,88,13,33.81999999999999,66.33,128.55,402.87,-0.7285183233256453,0.8126666666666651,25.51,equatorial
16.42,25.34,28.82,22.99,89.57,0.32,1.48,2.61,0.78,0.79,2018-03-30,Kumba,2018,3,89,13,15.82,64.85000000000001,121.55000000000001,403.18,-0.7274778560741096,0.8166666666666664,25.51,equatorial
10.76,25.39,28.34,23.52,90.37,0.37,1.31,2.25,0.77,0.79,2018-03-31,Kumba,2018,3,90,13,14.74,63.010000000000005,114.08999999999999,403.55,-0.7263284395492278,0.8109999999999999,25.51,equatorial
10.12,24.72,26.23,23.75,95.8,7.54,2.44,1.21,0.77,0.81,2018-04-01,Kumba,2018,4,91,13,14.56,66.92,121.39,411.08000000000004,-0.7120073082845207,0.13866666666666205,25.51,equatorial
6.08,24.29,26.17,22.68,95.06,9.27,2.05,1.38,0.79,0.82,2018-04-02,Kumba,2018,4,92,14,20.21,60.78,130.08,420.32,-0.6945517938163155,-0.28266666666667106,25.51,equatorial
10.22,25.12,29.04,22.06,88.62,1.58,1.54,4.05,0.79,0.8,2018-04-03,Kumba,2018,4,93,14,21.090000000000003,58.84,131.29999999999998,421.89,-0.6912290797101013,0.5186666666666646,25.39,equatorial
13.83,25.17,28.61,22.83,89.68,2.58,1.57,3.29,0.78,0.8,2018-04-04,Kumba,2018,4,94,14,23.02,58.67,133.5,424.46000000000004,-0.6860683485712606,0.5476666666666681,25.39,equatorial
14.12,24.7,27.12,23.01,92.92,8.48,1.79,2.27,0.78,0.81,2018-04-05,Kumba,2018,4,95,14,30.14,63.96000000000001,141.79,432.71999999999997,-0.6704335394193688,0.08033333333333204,25.39,equatorial
11.4,24.42,26.2,22.41,89.23,4.99,1.89,2.86,0.79,0.81,2018-04-06,Kumba,2018,4,96,14,34.81,50.629999999999995,138.9,437.06,-0.6620316331308407,-0.18299999999999983,25.39,equatorial
13.74,24.6,27.99,21.92,86.55,3.88,1.75,4.06,0.79,0.8,2018-04-07,Kumba,2018,4,97,14,38.32,53.06,134.91,439.61,-0.6569343576480485,-0.013666666666665606,25.17,equatorial
16.48,24.4,27.27,22.34,89.89,1.51,1.67,2.85,0.78,0.8,2018-04-08,Kumba,2018,4,98,14,32.29,46.85,130.89,437.35999999999996,-0.6606872997848132,-0.20733333333333448,25.17,equatorial
8.33,24.18,26.51,22.66,94.49,10.06,2.4,2.0,0.79,0.82,2018-04-09,Kumba,2018,4,99,15,33.08,53.29,136.66,446.48999999999995,-0.6434601666517572,-0.40300000000000225,25.17,equatorial
11.92,23.59,25.14,22.06,95.75,9.81,2.09,1.18,0.8,0.83,2018-04-10,Kumba,2018,4,100,15,41.31,62.400000000000006,131.02,452.87,-0.631315906875514,-0.9683333333333337,25.17,equatorial
17.34,24.67,29.12,21.73,87.95,2.38,1.8,5.53,0.8,0.81,2018-04-11,Kumba,2018,4,101,15,41.11000000000001,64.13000000000001,132.24,454.51,-0.6279224611700497,0.09700000000000131,24.7,equatorial
17.92,24.74,28.55,22.11,89.16,2.66,2.19,4.99,0.79,0.8,2018-04-12,Kumba,2018,4,102,15,35.29,65.43,134.22,456.96,-0.6230372979884106,0.1766666666666623,24.74,equatorial
18.07,24.01,26.36,22.63,93.47,5.33,1.96,2.32,0.79,0.81,2018-04-13,Kumba,2018,4,103,15,35.63,70.44,138.94000000000003,461.78,-0.6137821699540431,-0.5303333333333313,24.74,equatorial
16.22,24.11,26.42,22.46,92.78,1.96,1.9,2.01,0.79,0.81,2018-04-14,Kumba,2018,4,104,15,33.71,72.03,139.04999999999998,463.15000000000003,-0.6109014067933662,-0.42766666666667064,24.74,equatorial
17.1,24.02,26.22,22.52,92.99,1.59,1.74,1.77,0.79,0.81,2018-04-15,Kumba,2018,4,105,15,33.790000000000006,66.08,138.84,464.14,-0.6087244219542551,-0.4996666666666698,24.74,equatorial
18.45,24.75,28.2,22.38,88.93,3.13,1.55,3.58,0.79,0.81,2018-04-16,Kumba,2018,4,106,16,26.86,59.940000000000005,139.76,467.21999999999997,-0.6026892537553954,0.22566666666666535,24.75,equatorial
18.74,24.85,28.05,22.71,90.78,2.61,1.6,2.99,0.79,0.8,2018-04-17,Kumba,2018,4,107,16,19.659999999999997,60.97,138.74,469.82,-0.597544807886607,0.2980000000000018,24.85,equatorial
16.94,25.53,29.05,23.01,90.02,2.22,1.71,4.05,0.79,0.8,2018-04-18,Kumba,2018,4,108,16,19.5,60.61,125.55000000000001,472.03,-0.5931244299756873,0.9369999999999976,25.53,equatorial
19.46,24.9,27.13,23.31,92.82,3.44,2.55,2.99,0.78,0.8,2018-04-19,Kumba,2018,4,109,16,20.279999999999998,55.57,125.47,475.45,-0.58647044992531,0.3126666666666651,25.53,equatorial
13.77,24.36,28.09,22.11,88.07,2.01,2.31,4.68,0.78,0.8,2018-04-20,Kumba,2018,4,110,16,16.96,52.59,124.72999999999999,477.40000000000003,-0.5825384731285546,-0.25733333333333164,25.53,equatorial
21.27,24.81,28.98,21.82,87.07,0.55,1.94,5.3,0.77,0.79,2018-04-21,Kumba,2018,4,111,16,15.549999999999999,49.26,122.09,477.83,-0.5814201548358533,0.1720000000000006,25.53,equatorial
20.25,24.93,29.02,21.86,88.24,1.61,2.06,5.42,0.76,0.78,2018-04-22,Kumba,2018,4,112,16,15.57,49.36,105.38000000000001,479.17,-0.5786193896361258,0.2680000000000007,25.53,equatorial
12.94,25.15,28.33,22.61,89.14,4.2,1.69,3.65,0.76,0.79,2018-04-23,Kumba,2018,4,113,17,16.64,43.5,108.13,482.89,-0.5714164596018038,0.4573333333333345,25.53,equatorial
18.8,25.18,28.23,23.2,89.19,2.37,1.83,3.88,0.76,0.78,2018-04-24,Kumba,2018,4,114,17,16.4,36.059999999999995,102.78,485.12,-0.5669756934002845,0.4313333333333347,25.53,equatorial
15.05,24.44,26.81,22.9,91.37,3.59,1.85,2.57,0.76,0.79,2018-04-25,Kumba,2018,4,115,17,17.77,37.27,102.75,488.63,-0.5601676718316069,-0.2920000000000016,25.18,equatorial
20.55,25.08,28.66,22.41,87.19,1.94,1.6,4.64,0.76,0.78,2018-04-26,Kumba,2018,4,116,17,16.27,36.55,103.99,490.56,-0.5562897337431422,0.36233333333333206,25.18,equatorial
16.93,24.7,28.07,22.48,89.16,2.61,2.06,4.49,0.75,0.78,2018-04-27,Kumba,2018,4,117,17,16.869999999999997,33.83,105.95,493.16,-0.5511728569803199,-0.01533333333333431,25.18,equatorial
14.95,24.44,27.15,22.41,88.07,1.87,1.46,2.75,0.75,0.78,2018-04-28,Kumba,2018,4,118,17,18.189999999999998,33.74,106.46000000000001,495.03,-0.5474116460132781,-0.2463333333333324,25.18,equatorial
13.19,25.05,29.01,21.87,87.62,1.73,1.44,5.14,0.74,0.77,2018-04-29,Kumba,2018,4,119,17,18.31,33.879999999999995,107.87,496.75,-0.5439306589071738,0.37333333333333485,25.18,equatorial
20.35,25.12,28.69,23.03,90.18,2.19,1.83,3.64,0.74,0.77,2018-04-30,Kumba,2018,4,120,18,16.3,32.94,109.69000000000001,498.93,-0.5395987314870125,0.4523333333333355,25.18,equatorial
19.25,25.31,28.83,22.6,89.26,1.8,1.94,4.36,0.73,0.76,2018-05-01,Kumba,2018,5,121,18,15.729999999999999,32.13,103.95,500.01,-0.5373094477066964,0.6226666666666674,25.31,equatorial
17.47,25.37,28.55,23.1,90.72,12.51,1.59,3.09,0.74,0.79,2018-05-02,Kumba,2018,5,122,18,24.65,42.42,107.19,510.78,-0.5170431700576877,0.6466666666666683,25.37,equatorial
13.02,24.81,27.9,23.03,92.17,17.74,1.77,2.96,0.76,0.82,2018-05-03,Kumba,2018,5,123,18,40.45,56.72,123.35000000000001,527.13,-0.4864293663919083,0.09699999999999775,25.37,equatorial
21.61,25.16,28.55,22.78,89.62,2.44,1.54,3.34,0.76,0.79,2018-05-04,Kumba,2018,5,124,18,40.28,57.15,123.21000000000001,528.28,-0.4840478683023023,0.4473333333333329,25.37,equatorial
18.47,24.5,26.93,22.89,92.35,3.24,1.76,2.38,0.76,0.79,2018-05-05,Kumba,2018,5,125,18,41.650000000000006,59.839999999999996,117.97,530.5799999999999,-0.4795317922966734,-0.20599999999999952,25.37,equatorial
17.85,25.1,28.8,22.5,88.93,2.85,1.81,4.7,0.76,0.78,2018-05-06,Kumba,2018,5,126,18,42.769999999999996,61.08,115.83,517.73,-0.5031626725110518,0.37133333333333596,25.37,equatorial
15.72,24.24,26.14,22.78,93.72,12.41,2.22,2.07,0.77,0.81,2018-05-07,Kumba,2018,5,127,19,52.99,69.28999999999999,124.36,519.14,-0.5002847989427079,-0.47666666666666657,25.37,equatorial
12.66,24.55,27.73,22.1,89.99,2.64,1.89,3.83,0.77,0.79,2018-05-08,Kumba,2018,5,128,19,53.83,69.56,125.49,499.91999999999996,-0.5357561103857832,-0.17166666666666686,25.37,equatorial
21.02,24.83,28.35,22.19,88.92,3.11,1.92,4.84,0.76,0.79,2018-05-09,Kumba,2018,5,129,19,44.43,69.08,118.54,494.15,-0.5462030509221414,0.086666666666666,25.16,equatorial
13.11,24.1,26.74,22.42,93.0,5.7,1.96,2.57,0.76,0.8,2018-05-10,Kumba,2018,5,130,19,32.39000000000001,72.84,114.43,481.3,-0.5698125090902652,-0.6603333333333339,25.16,equatorial
18.13,24.62,28.33,21.84,89.82,1.51,1.9,4.17,0.76,0.78,2018-05-11,Kumba,2018,5,131,19,31.460000000000004,71.74000000000001,113.55999999999999,472.65999999999997,-0.5855778021673412,-0.1386666666666656,25.1,equatorial
11.39,23.94,26.16,22.23,92.02,1.74,2.54,2.61,0.76,0.78,2018-05-12,Kumba,2018,5,132,19,29.960000000000004,71.61,112.64,454.56,-0.6189365328701298,-0.7919999999999945,25.1,equatorial
15.29,23.9,26.87,22.08,91.45,2.59,1.81,3.19,0.75,0.78,2018-05-13,Kumba,2018,5,133,19,29.700000000000003,72.47,109.9,445.13,-0.6361386230464599,-0.8283333333333331,24.83,equatorial
16.09,24.59,28.1,21.79,88.33,4.09,1.62,4.14,0.75,0.78,2018-05-14,Kumba,2018,5,134,20,21.380000000000003,74.37,112.02999999999999,433.88,-0.65671743225545,-0.1543333333333301,24.83,equatorial
18.23,24.82,28.08,22.28,86.79,0.57,1.28,3.68,0.75,0.77,2018-05-15,Kumba,2018,5,135,20,19.310000000000002,73.14,111.01,427.94,-0.6673954152267922,0.04899999999999949,24.83,equatorial
16.51,25.17,28.7,22.33,87.47,1.29,1.5,4.49,0.74,0.77,2018-05-16,Kumba,2018,5,136,20,17.490000000000002,61.919999999999995,109.16999999999999,428.95,-0.6651231405118869,0.38500000000000156,25.17,equatorial
16.31,24.67,27.49,22.83,91.37,1.85,1.83,3.05,0.74,0.77,2018-05-17,Kumba,2018,5,137,20,13.640000000000004,46.03,108.41,429.13,-0.6643989605755524,-0.10899999999999821,25.17,equatorial
16.83,24.86,28.29,22.61,90.99,1.15,1.82,3.24,0.74,0.77,2018-05-18,Kumba,2018,5,138,20,13.280000000000003,44.74,107.33999999999999,426.36,-0.6691719729523342,0.10333333333333528,25.17,equatorial
17.45,24.64,27.39,22.61,91.86,1.01,2.3,2.81,0.73,0.76,2018-05-19,Kumba,2018,5,139,20,12.550000000000002,42.51,104.91,421.44,-0.6779485054762576,-0.10799999999999699,25.17,equatorial
16.34,24.16,26.06,22.93,94.57,8.15,2.33,2.13,0.73,0.78,2018-05-20,Kumba,2018,5,140,20,18.110000000000007,47.81,111.05000000000001,427.57,-0.6661223135158466,-0.5813333333333333,25.17,equatorial
16.6,24.52,27.5,22.6,91.54,1.13,1.77,3.02,0.74,0.77,2018-05-21,Kumba,2018,5,141,21,15.150000000000006,36.53,111.63,419.92999999999995,-0.6799775487054692,-0.21166666666666956,25.17,equatorial
17.57,24.9,28.53,22.67,88.88,1.11,1.55,3.8,0.73,0.76,2018-05-22,Kumba,2018,5,142,21,15.690000000000005,35.0,111.13,413.14,-0.6922376742902729,0.16933333333333422,25.17,equatorial
18.46,25.06,28.06,23.0,91.23,1.27,1.6,2.7,0.73,0.76,2018-05-23,Kumba,2018,5,143,21,15.670000000000003,33.160000000000004,108.2,407.32000000000005,-0.7026794814895497,0.3323333333333309,25.06,equatorial
11.4,24.77,27.23,23.32,93.13,2.77,1.61,1.94,0.73,0.76,2018-05-24,Kumba,2018,5,144,21,16.590000000000003,30.23,108.60000000000001,405.75,-0.7051851718895311,0.055999999999997385,25.06,equatorial
15.99,23.59,25.04,22.26,93.22,11.85,1.94,2.02,0.74,0.79,2018-05-25,Kumba,2018,5,145,21,27.290000000000006,40.57,116.86,399.36,-0.7166824971974654,-1.0956666666666663,25.06,equatorial
14.75,23.94,27.56,21.04,87.89,8.19,1.68,4.72,0.74,0.79,2018-05-26,Kumba,2018,5,146,21,34.470000000000006,47.019999999999996,123.11,400.19000000000005,-0.7146970238179892,-0.7076666666666682,25.06,equatorial
18.83,24.65,28.88,21.46,88.4,8.1,2.02,5.48,0.74,0.78,2018-05-27,Kumba,2018,5,147,21,34.42,52.53,128.6,391.59999999999997,-0.7302962307062977,0.003999999999997783,25.06,equatorial
13.27,24.25,26.76,22.91,93.89,22.35,2.46,2.54,0.76,0.82,2018-05-28,Kumba,2018,5,148,22,55.64,70.78999999999999,149.07999999999998,384.09000000000003,-0.7438661485863785,-0.3896666666666633,25.06,equatorial
16.4,24.41,27.81,22.22,90.16,5.48,2.01,4.15,0.77,0.8,2018-05-29,Kumba,2018,5,149,22,60.010000000000005,75.7,152.83,382.25,-0.7468377918268619,-0.20833333333333215,25.06,equatorial
16.49,23.99,26.98,21.77,91.54,9.18,2.04,3.65,0.77,0.8,2018-05-30,Kumba,2018,5,150,22,67.92,83.59,159.82000000000002,383.59999999999997,-0.7438500312522827,-0.5906666666666673,24.77,equatorial
16.03,24.61,28.59,22.02,89.89,3.89,1.86,4.45,0.77,0.8,2018-05-31,Kumba,2018,5,151,22,69.04,85.63000000000001,161.91,387.25000000000006,-0.73656937989935,0.05266666666666353,24.65,equatorial
14.67,24.88,28.23,22.31,88.67,5.43,1.54,4.32,0.77,0.8,2018-06-01,Kumba,2018,6,152,22,62.620000000000005,89.91,154.83,392.09999999999997,-0.72705362223426,0.33899999999999864,24.88,equatorial
19.16,25.06,28.67,22.56,90.68,4.94,1.64,3.59,0.77,0.8,2018-06-02,Kumba,2018,6,153,22,59.370000000000005,93.84,142.03,396.67999999999995,-0.7180508039778373,0.5106666666666655,25.06,equatorial
17.71,24.97,28.28,22.69,92.46,24.86,2.36,3.52,0.77,0.82,2018-06-03,Kumba,2018,6,154,22,76.13000000000001,110.55000000000001,164.45,421.15999999999997,-0.6718618853085282,0.4269999999999996,25.06,equatorial
14.47,24.64,26.76,23.01,94.57,29.59,1.89,1.94,0.83,0.87,2018-06-04,Kumba,2018,6,155,23,83.37,139.01000000000002,190.79999999999998,450.56,-0.6165063168664068,0.09233333333333249,25.06,equatorial
18.05,24.58,27.33,22.63,92.01,10.63,1.53,2.49,0.83,0.85,2018-06-05,Kumba,2018,6,156,23,88.52000000000001,148.53,198.58,453.31,-0.6110237697754503,0.04966666666666697,25.06,equatorial
17.84,24.4,27.2,22.75,93.7,6.45,2.11,2.63,0.83,0.84,2018-06-06,Kumba,2018,6,157,23,85.79,153.71,192.62,451.89,-0.613345318869225,-0.1356666666666655,25.06,equatorial
15.42,24.72,27.72,22.56,92.52,4.58,1.89,2.83,0.83,0.84,2018-06-07,Kumba,2018,6,158,23,86.48,155.52,194.56000000000003,450.94,-0.6147864183559261,0.17866666666666475,25.06,equatorial
15.88,24.28,26.12,22.9,95.56,13.07,2.23,1.59,0.84,0.85,2018-06-08,Kumba,2018,6,159,23,94.12,156.74,204.52,459.71999999999997,-0.5980166952921767,-0.24299999999999855,25.06,equatorial
16.17,23.77,25.97,22.38,94.48,2.32,1.95,1.73,0.84,0.84,2018-06-09,Kumba,2018,6,160,23,91.5,150.87,201.14000000000001,446.59,-0.6222734487583595,-0.7420000000000009,24.97,equatorial
17.05,23.94,26.6,21.51,89.19,0.39,2.27,3.72,0.84,0.83,2018-06-10,Kumba,2018,6,161,23,67.03,143.16,200.01999999999998,445.82,-0.6233720039041174,-0.5493333333333297,24.72,equatorial
17.1,24.25,29.05,19.81,85.69,0.57,1.69,5.31,0.83,0.83,2018-06-11,Kumba,2018,6,162,24,38.010000000000005,121.38,198.85000000000002,445.71000000000004,-0.6232341143765674,-0.24966666666666626,24.72,equatorial
16.03,25.26,29.92,21.92,88.39,1.47,1.73,4.5,0.83,0.82,2018-06-12,Kumba,2018,6,163,24,28.85,117.37,197.73000000000002,446.57,-0.6212794934500969,0.7149999999999999,25.26,equatorial
17.78,25.22,28.73,22.79,89.37,1.12,1.89,4.56,0.82,0.82,2018-06-13,Kumba,2018,6,164,24,23.520000000000003,109.31,194.76000000000002,445.84,-0.6223058229200068,0.6539999999999999,25.26,equatorial
16.29,24.56,27.16,22.97,92.31,1.9,1.55,2.24,0.82,0.82,2018-06-14,Kumba,2018,6,165,24,20.840000000000003,107.32,196.09,445.94,-0.6217762159863687,0.0026666666666699257,25.26,equatorial
17.26,24.78,28.47,22.59,92.02,10.35,2.46,3.98,0.82,0.83,2018-06-15,Kumba,2018,6,166,24,18.120000000000005,112.24000000000001,205.15,454.08,-0.6061741257223868,0.2356666666666669,25.26,equatorial
13.25,24.44,27.48,22.39,92.81,18.65,2.39,3.28,0.83,0.85,2018-06-16,Kumba,2018,6,167,24,34.45,125.95,221.95,469.1,-0.5776790670649168,-0.09666666666666757,25.26,equatorial
13.56,23.93,26.49,22.29,93.85,14.22,2.32,2.67,0.84,0.86,2018-06-17,Kumba,2018,6,168,24,48.28,115.31,235.01999999999998,467.90999999999997,-0.5796066591789564,-0.5756666666666703,25.26,equatorial
9.42,23.71,25.04,22.5,96.32,153.28,2.58,1.43,0.89,0.94,2018-06-18,Kumba,2018,6,169,25,200.99,239.0,387.28999999999996,617.67,-0.29825667636445236,-0.7646666666666668,25.26,equatorial
9.78,22.31,24.44,20.74,93.06,39.85,2.71,3.49,0.96,0.93,2018-06-19,Kumba,2018,6,170,25,239.37,268.22,418.99,654.77,-0.22846967657275277,-2.1030000000000015,25.22,equatorial
11.11,22.69,25.34,21.11,91.89,85.12,2.17,3.52,0.98,0.96,2018-06-20,Kumba,2018,6,171,25,323.37,346.89,502.98,736.7,-0.0744775624188329,-1.6619999999999955,24.78,equatorial
14.09,23.33,26.71,21.2,88.13,7.62,1.63,5.24,0.97,0.94,2018-06-21,Kumba,2018,6,172,25,329.09000000000003,349.92999999999995,509.49,726.0,-0.09455525455967292,-0.9696666666666687,24.78,equatorial
17.21,23.75,27.32,21.13,88.87,11.83,1.8,5.22,0.96,0.93,2018-06-22,Kumba,2018,6,173,25,330.57,348.69,520.05,736.38,-0.07500418019998606,-0.5059999999999967,24.44,equatorial
12.14,22.86,25.01,21.53,94.34,55.7,2.21,2.18,0.98,0.96,2018-06-23,Kumba,2018,6,174,25,367.62,402.07,572.98,784.36,0.015259790840444,-1.3323333333333345,23.93,equatorial
15.83,23.56,26.84,21.16,89.85,17.08,2.09,4.74,0.98,0.96,2018-06-24,Kumba,2018,6,175,25,370.48,418.76,578.2099999999999,797.82,0.04057754442600842,-0.631333333333334,23.75,equatorial
15.64,23.28,26.38,20.28,90.44,30.62,1.87,3.38,0.98,0.96,2018-06-25,Kumba,2018,6,176,26,247.82,448.81,600.64,827.74,0.09687519074180803,-0.8893333333333331,23.75,equatorial
17.33,23.68,26.72,21.84,93.02,6.53,2.62,3.85,0.98,0.96,2018-06-26,Kumba,2018,6,177,26,214.5,453.87,599.07,833.62,0.10790803305914443,-0.45700000000000074,23.75,equatorial
14.77,23.66,26.64,22.03,93.27,19.55,2.37,3.34,0.98,0.96,2018-06-27,Kumba,2018,6,178,26,148.93,472.29999999999995,596.27,851.81,0.14212758299906456,-0.4573333333333309,23.75,equatorial
14.45,23.45,26.51,21.27,91.36,16.54,2.15,4.23,0.98,0.96,2018-06-28,Kumba,2018,6,179,26,157.85,486.94,607.3299999999999,868.03,0.17263390960344538,-0.6353333333333353,23.75,equatorial
15.47,23.3,26.32,21.37,91.23,16.4,2.18,4.11,0.98,0.95,2018-06-29,Kumba,2018,6,180,26,162.42000000000002,492.99,614.55,884.06,0.202780573308385,-0.7623333333333342,23.68,equatorial
13.6,23.02,25.71,21.28,92.21,6.14,2.71,4.43,0.98,0.95,2018-06-30,Kumba,2018,6,181,26,112.86,480.48,616.8000000000001,882.66,0.2000580022297677,-0.9893333333333345,23.68,equatorial
14.82,23.13,25.96,21.24,91.48,8.51,1.9,3.34,0.98,0.95,2018-07-01,Kumba,2018,7,182,26,104.28999999999999,474.77,619.88,881.9,0.19854298502265705,-0.8210000000000015,23.68,equatorial
15.35,23.05,26.2,20.86,90.41,4.25,1.65,3.3,0.98,0.94,2018-07-02,Kumba,2018,7,183,27,77.91999999999999,325.74,619.19,884.5699999999999,0.20350091855681648,-0.8339999999999996,23.68,equatorial
16.07,23.59,27.16,21.33,91.47,3.48,2.13,4.03,0.97,0.94,2018-07-03,Kumba,2018,7,184,27,74.86999999999999,289.37,597.8100000000001,885.47,0.20511720744494996,-0.24800000000000466,23.66,equatorial
11.36,23.5,26.12,21.5,92.7,1.84,1.8,2.56,0.97,0.93,2018-07-04,Kumba,2018,7,185,27,57.16,206.09,570.06,878.83,0.1924940388528094,-0.3000000000000007,23.59,equatorial
15.22,23.92,27.32,21.8,90.74,10.21,1.45,2.73,0.97,0.93,2018-07-05,Kumba,2018,7,186,27,50.83,208.68,569.64,884.05,0.20227802800212266,0.14199999999999946,23.92,equatorial
15.08,23.86,27.06,21.47,90.58,2.37,1.67,3.71,0.97,0.93,2018-07-06,Kumba,2018,7,187,27,36.8,199.22000000000003,565.5600000000001,882.54,0.1993422084743212,0.09999999999999787,23.92,equatorial
14.79,24.7,28.95,21.68,86.09,2.4,1.27,4.6,0.96,0.92,2018-07-07,Kumba,2018,7,188,27,33.06,145.92,563.38,883.4300000000001,0.2009442203931987,0.9406666666666652,24.7,equatorial
13.2,24.09,27.1,21.8,90.36,0.97,1.7,3.51,0.95,0.92,2018-07-08,Kumba,2018,7,189,27,25.52,129.80999999999997,551.28,874.3399999999999,0.1836704207208553,0.33699999999999974,24.7,equatorial
13.65,23.48,25.58,21.93,93.16,6.5,1.67,1.9,0.95,0.92,2018-07-09,Kumba,2018,7,190,28,27.770000000000003,105.69,555.46,871.03,0.17733383477038836,-0.26333333333333186,24.7,equatorial
15.57,24.24,27.91,21.56,88.02,0.64,1.86,5.12,0.95,0.91,2018-07-10,Kumba,2018,7,191,28,24.93,99.8,555.71,869.29,0.17396933374458165,0.4866666666666646,24.7,equatorial
18.72,24.58,28.7,21.36,87.88,1.4,1.45,4.6,0.94,0.9,2018-07-11,Kumba,2018,7,192,28,24.490000000000002,81.64999999999999,556.54,868.0300000000001,0.17151395688656387,0.8156666666666617,24.7,equatorial
13.71,23.84,26.45,22.23,93.2,5.89,2.45,3.17,0.94,0.9,2018-07-12,Kumba,2018,7,193,28,20.17,70.99999999999999,560.9599999999999,868.59,0.17250628061320444,0.12300000000000111,24.7,equatorial
13.87,23.67,27.04,21.65,91.94,10.12,2.41,4.15,0.94,0.91,2018-07-13,Kumba,2018,7,194,28,27.919999999999998,64.72,569.9599999999999,876.75,0.18790021694457487,0.004666666666668817,24.7,equatorial
15.71,23.67,27.21,21.61,89.81,2.23,2.36,5.15,0.94,0.9,2018-07-14,Kumba,2018,7,195,28,27.75,60.809999999999995,570.29,877.39,0.18903813081264445,0.03433333333333266,24.58,equatorial
14.42,23.9,28.05,21.04,90.94,10.3,2.58,5.17,0.93,0.9,2018-07-15,Kumba,2018,7,196,28,37.08,62.6,570.24,884.56,0.2025592423154542,0.29366666666666674,24.58,equatorial
13.56,23.11,24.37,21.71,96.5,8.98,2.38,1.24,0.94,0.9,2018-07-16,Kumba,2018,7,197,29,39.56,67.33,560.5699999999999,890.9300000000001,0.21456192432419424,-0.45200000000000173,24.58,equatorial
15.76,23.47,26.03,21.75,92.68,10.64,1.97,2.95,0.94,0.91,2018-07-17,Kumba,2018,7,198,29,49.56,74.49000000000001,556.9899999999999,899.35,0.23045416609022493,-0.07666666666666799,24.58,equatorial
9.18,23.67,27.66,21.37,91.36,28.76,2.61,4.67,0.94,0.92,2018-07-18,Kumba,2018,7,199,29,76.92,101.41,432.46999999999997,924.67,0.27842789243193317,0.12466666666666626,23.9,equatorial
12.59,23.02,25.17,21.6,95.18,52.27,2.52,2.04,0.98,0.95,2018-07-19,Kumba,2018,7,200,29,123.30000000000001,143.47,444.89,974.93,0.37375497482694403,-0.5489999999999995,23.9,equatorial
10.88,23.32,26.58,21.28,92.08,4.4,2.56,4.36,0.98,0.94,2018-07-20,Kumba,2018,7,201,29,117.58000000000001,145.5,364.17,978.78,0.3809040495009016,-0.2699999999999996,23.9,equatorial
12.4,23.99,27.84,21.4,90.36,3.23,1.86,4.66,0.97,0.93,2018-07-21,Kumba,2018,7,202,29,118.58000000000001,146.33,359.78000000000003,980.4,0.38381436200879093,0.37799999999999656,23.99,equatorial
14.09,23.48,25.66,21.82,94.59,4.47,2.19,2.08,0.96,0.93,2018-07-22,Kumba,2018,7,203,29,112.75,149.83,352.42,980.67,0.3841581528586414,-0.12300000000000111,23.99,equatorial
13.34,23.49,25.38,22.23,95.62,15.92,2.52,1.96,0.97,0.94,2018-07-23,Kumba,2018,7,204,30,119.69000000000001,159.25000000000003,312.64000000000004,994.2199999999999,0.40975237224495004,-0.1340000000000039,23.99,equatorial
6.95,23.47,25.71,22.04,94.3,9.04,2.97,3.19,0.97,0.93,2018-07-24,Kumba,2018,7,205,30,118.09000000000002,167.65,304.59999999999997,999.6700000000001,0.4199342125739782,-0.1509999999999998,23.99,equatorial
6.25,23.49,26.48,21.58,93.18,53.3,2.67,4.24,0.98,0.96,2018-07-25,Kumba,2018,7,206,30,142.63,219.55,327.28,1051.03,0.5174547229144313,-0.13799999999999812,23.99,equatorial
5.18,23.13,25.25,21.7,94.47,57.57,3.09,2.96,0.99,0.98,2018-07-26,Kumba,2018,7,207,30,147.93,271.23,378.32,1105.99,0.6217789051581801,-0.4796666666666667,23.99,equatorial
8.79,22.59,25.66,20.69,90.36,7.17,2.15,4.21,0.99,0.96,2018-07-27,Kumba,2018,7,208,30,150.7,268.28000000000003,365.94,1111.29,0.6315346825797414,-0.9840000000000018,23.99,equatorial
13.48,22.73,26.11,20.21,91.99,7.37,2.2,3.86,0.99,0.96,2018-07-28,Kumba,2018,7,209,30,154.84,273.42,356.77,1116.93,0.6419319414952579,-0.8200000000000003,23.49,equatorial
10.37,22.69,25.53,20.93,93.02,23.36,2.56,3.87,0.99,0.96,2018-07-29,Kumba,2018,7,210,30,173.73000000000002,286.47999999999996,363.73,1138.1,0.681889218635474,-0.8396666666666661,23.49,equatorial
13.51,22.95,26.29,20.62,91.61,6.35,2.44,4.78,0.98,0.96,2018-07-30,Kumba,2018,7,211,31,164.16,283.85,363.94,1142.6499999999999,0.6901711093472079,-0.5773333333333355,23.49,equatorial
12.55,22.72,26.29,20.52,92.07,8.99,2.95,4.94,0.98,0.95,2018-07-31,Kumba,2018,7,212,31,164.10999999999999,282.20000000000005,364.42,1139.1299999999999,0.6830777795410851,-0.7936666666666703,23.49,equatorial
16.4,22.59,26.2,20.31,92.06,4.93,2.58,4.37,0.98,0.94,2018-08-01,Kumba,2018,8,213,31,115.74,258.37,365.1,1126.32,0.6582925378363365,-0.9083333333333314,23.13,equatorial
17.8,22.76,26.47,20.02,90.87,4.56,2.41,5.01,0.97,0.94,2018-08-02,Kumba,2018,8,214,31,62.73,210.66,366.18,1128.44,0.6619720168166936,-0.7106666666666612,22.95,equatorial
15.19,23.28,27.63,20.72,90.45,7.89,2.06,4.95,0.97,0.93,2018-08-03,Kumba,2018,8,215,31,63.449999999999996,214.14999999999998,372.23,1133.0900000000001,0.6704710684674958,-0.18333333333333002,23.28,equatorial
14.0,23.25,27.03,20.59,91.4,7.36,2.53,4.76,0.96,0.93,2018-08-04,Kumba,2018,8,216,31,63.44,218.28,369.38,1137.6,0.6786977346533436,-0.19099999999999895,23.28,equatorial
11.63,22.7,25.26,21.14,93.57,20.26,2.5,3.28,0.97,0.94,2018-08-05,Kumba,2018,8,217,31,60.34,234.07,387.27,1145.45,0.6932867679236243,-0.7023333333333319,23.28,equatorial
10.62,22.6,26.07,20.52,91.46,5.77,2.67,4.76,0.97,0.93,2018-08-06,Kumba,2018,8,218,32,59.76,223.92,390.64,1148.58,0.6988648855230056,-0.7323333333333331,23.28,equatorial
15.51,22.89,27.28,19.71,90.2,2.76,2.4,5.61,0.96,0.92,2018-08-07,Kumba,2018,8,219,32,53.529999999999994,217.64,392.43,1148.2299999999998,0.6978019691577324,-0.4023333333333312,23.28,equatorial
14.05,22.83,26.19,20.67,93.16,13.44,2.11,3.03,0.96,0.92,2018-08-08,Kumba,2018,8,220,32,62.03999999999999,177.77999999999997,399.37,1155.97,0.7121728366569731,-0.44066666666666876,23.28,equatorial
13.21,23.3,26.49,21.56,92.15,9.27,1.71,3.06,0.96,0.92,2018-08-09,Kumba,2018,8,221,32,66.75,129.48,408.0,1163.73,0.7265710066141857,0.060666666666669755,23.3,equatorial
14.64,23.6,27.55,20.97,91.47,3.73,2.76,5.71,0.96,0.92,2018-08-10,Kumba,2018,8,222,32,62.589999999999996,126.04,410.33000000000004,1165.72,0.7299474185788998,0.393333333333338,23.6,equatorial
13.76,23.6,27.23,21.12,92.3,7.09,2.85,4.45,0.95,0.92,2018-08-11,Kumba,2018,8,223,32,62.32,125.75999999999999,411.53,1170.22,0.7381119776663609,0.40133333333333354,23.6,equatorial
10.97,23.67,27.34,21.67,91.85,13.16,2.09,3.84,0.95,0.92,2018-08-12,Kumba,2018,8,224,32,55.22,115.56,414.57,1179.29,0.754993556785823,0.4713333333333374,23.67,equatorial
17.78,23.44,27.03,20.95,90.74,4.28,2.35,5.31,0.95,0.91,2018-08-13,Kumba,2018,8,225,33,53.73,113.49000000000001,416.62,1183.0,0.7616279330318461,0.24900000000000233,23.67,equatorial
16.23,23.88,27.83,20.95,90.43,14.9,2.33,5.5,0.95,0.92,2018-08-14,Kumba,2018,8,226,33,65.87,119.39999999999999,421.22,1196.6100000000001,0.7871596416826062,0.689666666666664,23.88,equatorial
13.33,23.71,27.31,21.59,92.15,18.97,2.63,4.31,0.95,0.92,2018-08-15,Kumba,2018,8,227,33,71.4,133.44,431.21,1213.73,0.8193696669665991,0.49966666666666626,23.88,equatorial
8.87,23.36,26.46,21.47,93.99,47.1,3.05,3.68,0.97,0.95,2018-08-16,Kumba,2018,8,228,33,109.22999999999999,175.98000000000002,467.67,1259.68,0.9065980053982818,0.15333333333333599,23.88,equatorial
10.25,23.0,25.5,21.54,93.65,49.38,2.5,3.41,0.99,0.96,2018-08-17,Kumba,2018,8,229,33,154.88,217.47000000000003,488.29,1308.0500000000002,0.9983307160867969,-0.18433333333333124,23.88,equatorial
13.76,23.13,26.32,20.97,91.75,14.5,2.16,4.26,0.99,0.95,2018-08-18,Kumba,2018,8,230,33,162.29,224.61,450.52,1314.4,1.0097024586781294,-0.05799999999999983,23.88,equatorial
14.14,23.52,27.12,20.96,91.36,13.65,2.79,5.59,0.98,0.95,2018-08-19,Kumba,2018,8,231,33,162.78,218.00000000000003,459.77,1326.9199999999998,1.0328358786485625,0.32533333333333303,23.88,equatorial
12.0,23.1,26.02,21.32,91.46,12.23,2.62,5.23,0.98,0.95,2018-08-20,Kumba,2018,8,232,34,170.73,224.46,468.77,1338.04,1.0532596543199468,-0.06499999999999773,23.88,equatorial
3.37,22.61,24.93,20.89,94.22,36.17,2.82,3.07,0.99,0.96,2018-08-21,Kumba,2018,8,233,34,192.0,257.87,500.47,1372.94,1.1190357142016762,-0.5259999999999998,23.71,equatorial
9.49,22.73,25.32,21.17,94.51,14.14,2.21,2.5,0.99,0.96,2018-08-22,Kumba,2018,8,234,34,187.17,258.57000000000005,498.69,1384.31,1.1397854994022796,-0.38066666666666293,23.52,equatorial
11.09,23.16,26.45,21.01,92.38,11.84,2.35,4.26,0.99,0.96,2018-08-23,Kumba,2018,8,235,34,151.91,261.14,501.49,1384.3,1.1387824510975437,0.05966666666666853,23.52,equatorial
13.78,22.98,25.99,21.12,92.9,6.43,2.33,3.68,0.98,0.95,2018-08-24,Kumba,2018,8,236,34,108.96000000000001,263.84,454.62,1382.5400000000002,1.134443340068263,-0.10333333333333172,23.52,equatorial
16.0,23.3,27.04,20.75,90.08,0.63,2.2,5.44,0.98,0.94,2018-08-25,Kumba,2018,8,237,34,95.09,257.38,397.68,1375.07,1.1192205426574926,0.21099999999999852,23.52,equatorial
13.86,23.44,27.35,20.59,90.79,1.0,2.32,5.06,0.97,0.93,2018-08-26,Kumba,2018,8,238,34,82.44,245.22000000000003,391.51,1353.72,1.0775487721308283,0.3226666666666702,23.44,equatorial
14.62,23.27,26.17,21.67,90.76,1.17,1.42,2.6,0.96,0.93,2018-08-27,Kumba,2018,8,239,35,71.38,242.11,385.31,1349.41,1.068455191244737,0.13466666666666782,23.44,equatorial
13.59,23.9,27.58,21.27,90.48,1.78,1.88,3.84,0.96,0.92,2018-08-28,Kumba,2018,8,240,35,36.989999999999995,228.99,363.73,1342.01,1.0534832501291653,0.7243333333333304,23.9,equatorial
15.26,23.56,26.54,21.66,93.23,23.38,2.65,3.97,0.96,0.93,2018-08-29,Kumba,2018,8,241,35,46.22999999999999,233.4,380.76000000000005,1361.5,1.0898282056995632,0.3639999999999972,23.9,equatorial
8.41,23.05,25.25,21.45,93.41,28.34,1.97,2.6,0.97,0.94,2018-08-30,Kumba,2018,8,242,35,62.72999999999999,214.64000000000001,400.11,1384.41,1.13262958630115,-0.15699999999999648,23.9,equatorial
9.43,23.3,26.3,21.12,92.2,29.35,2.33,4.22,0.98,0.95,2018-08-31,Kumba,2018,8,243,35,85.64999999999999,194.60999999999999,424.53000000000003,1408.82,1.1782070471259416,0.0693333333333328,23.9,equatorial
14.21,23.07,26.15,20.79,91.4,36.27,2.18,4.72,0.99,0.96,2018-09-01,Kumba,2018,9,244,35,121.28999999999999,216.38,456.24,1420.23,1.1989080475671334,-0.17099999999999937,23.9,equatorial
11.97,23.48,26.66,21.27,90.63,22.89,1.84,4.63,0.99,0.96,2018-09-02,Kumba,2018,9,245,35,143.18,225.62,471.24,1413.53,1.1850492683345248,0.2323333333333366,23.9,equatorial
16.01,23.5,26.48,21.39,91.96,5.13,2.35,4.32,0.98,0.95,2018-09-03,Kumba,2018,9,246,36,147.14000000000001,218.52,469.01,1408.03,1.1735067865454312,0.24400000000000333,23.9,equatorial
13.81,23.92,27.06,21.62,91.76,8.32,1.99,4.26,0.98,0.95,2018-09-04,Kumba,2018,9,247,36,153.68,190.67000000000002,457.07,1409.9,1.1760319360407367,0.6233333333333313,23.92,equatorial
10.3,23.21,25.34,21.82,94.49,14.37,2.06,2.11,0.98,0.95,2018-09-05,Kumba,2018,9,248,36,144.67000000000002,190.9,465.66999999999996,1419.69,1.1936411936034041,-0.10699999999999932,23.92,equatorial
12.08,23.33,26.47,21.6,92.95,27.95,2.64,4.15,0.99,0.96,2018-09-06,Kumba,2018,9,249,36,144.28,207.01,490.86,1434.57,1.2209081775948705,-0.0016666666666687036,23.92,equatorial
11.99,23.28,26.26,21.42,92.51,7.79,2.51,4.09,0.98,0.95,2018-09-07,Kumba,2018,9,250,36,122.72,208.36999999999998,485.21,1440.04,1.230195646320082,-0.06666666666666643,23.92,equatorial
14.16,23.41,26.25,21.32,92.44,4.74,2.18,3.6,0.98,0.95,2018-09-08,Kumba,2018,9,251,36,91.19,212.48,480.68,1444.39,1.237330421815933,0.05966666666666853,23.92,equatorial
11.86,23.06,25.81,21.49,94.0,16.44,2.21,2.68,0.98,0.95,2018-09-09,Kumba,2018,9,252,36,84.74,227.92,493.39,1460.26,1.2663766734388635,-0.27233333333333576,23.92,equatorial
12.02,23.52,26.74,21.47,87.55,17.0,0.86,3.14,0.98,0.95,2018-09-10,Kumba,2018,9,253,37,96.61,243.75,503.3,1475.79,1.2947063143220277,0.19033333333333502,23.92,equatorial
16.37,23.97,28.23,20.56,87.62,0.4,1.49,5.09,0.98,0.94,2018-09-11,Kumba,2018,9,254,37,88.69,242.37,490.53999999999996,1475.07,1.2920540541773715,0.6303333333333292,23.97,equatorial
14.59,23.8,27.31,21.63,92.09,3.07,1.87,3.32,0.97,0.94,2018-09-12,Kumba,2018,9,255,37,77.39,222.06,489.33000000000004,1476.24,1.2930034370914687,0.44833333333333414,23.97,equatorial
18.05,23.22,25.81,21.63,92.35,4.63,1.91,3.14,0.97,0.94,2018-09-13,Kumba,2018,9,256,37,54.07,198.35,479.06,1470.52,1.2808505712026728,-0.10966666666666569,23.97,equatorial
17.34,23.7,27.27,21.25,91.06,4.35,2.11,4.57,0.96,0.93,2018-09-14,Kumba,2018,9,257,37,50.63,173.35000000000002,464.44,1456.22,1.2524163680977738,0.3706666666666649,23.97,equatorial
14.73,23.13,25.01,21.68,94.59,8.36,1.77,1.5,0.96,0.93,2018-09-15,Kumba,2018,9,258,37,54.25,145.44,425.7,1450.36,1.2400906168273356,-0.19166666666666998,23.97,equatorial
17.24,24.13,28.7,20.88,89.4,5.02,1.9,5.22,0.96,0.93,2018-09-16,Kumba,2018,9,259,37,42.83,127.57,381.34,1302.1,0.9570729440034406,0.7706666666666635,24.13,equatorial
17.28,23.9,26.75,21.74,92.51,6.74,1.94,3.4,0.96,0.92,2018-09-17,Kumba,2018,9,260,38,32.57,129.18,373.58,1268.99,0.8934247323369182,0.514999999999997,24.13,equatorial
15.19,23.52,26.15,22.04,93.8,3.93,2.23,2.33,0.96,0.92,2018-09-18,Kumba,2018,9,261,38,36.1,124.78999999999999,363.86,1187.8,0.7383728916671743,0.13500000000000156,24.13,equatorial
19.58,24.51,28.6,20.98,86.95,2.52,1.39,5.16,0.96,0.92,2018-09-19,Kumba,2018,9,262,38,35.55,112.94,354.15,1182.7,0.7282474206211148,1.0779999999999994,24.51,equatorial
18.16,24.85,29.0,21.8,88.61,6.1,1.56,4.63,0.95,0.91,2018-09-20,Kumba,2018,9,263,38,37.019999999999996,91.09,324.08,1176.97,0.71693098953133,1.3433333333333337,24.85,equatorial
16.32,24.4,27.32,22.51,92.98,12.15,1.6,2.37,0.95,0.91,2018-09-21,Kumba,2018,9,264,38,44.82000000000001,95.44999999999999,322.09,1133.42,0.6336176990009558,0.8376666666666637,24.85,equatorial
17.95,23.89,25.86,22.47,94.26,53.58,1.48,1.82,0.98,0.95,2018-09-22,Kumba,2018,9,265,38,90.04,144.29,363.83000000000004,1169.92,0.7027996235934462,0.30333333333333456,24.85,equatorial
15.88,23.9,26.97,21.69,92.18,5.2,2.49,4.38,0.98,0.94,2018-09-23,Kumba,2018,9,266,38,90.22000000000001,133.05,362.6,1144.5,0.6539979344812431,0.2826666666666675,24.85,equatorial
13.89,23.56,25.82,22.2,93.26,6.14,1.77,2.51,0.97,0.94,2018-09-24,Kumba,2018,9,267,39,89.62,122.19,368.11,1144.1100000000001,0.6529125284367171,-0.06599999999999895,24.85,equatorial
17.31,23.85,27.08,22.09,91.81,5.13,1.74,3.01,0.97,0.94,2018-09-25,Kumba,2018,9,268,39,90.82000000000001,126.92,372.24,1129.69,0.6250929564221916,0.2103333333333346,24.85,equatorial
15.16,23.35,25.48,21.68,94.75,5.32,2.07,1.93,0.97,0.94,2018-09-26,Kumba,2018,9,269,39,93.62,129.17000000000002,376.39,1118.47,0.6033886062449944,-0.2923333333333318,24.85,equatorial
15.49,23.72,26.13,22.02,92.24,6.03,2.1,3.01,0.97,0.93,2018-09-27,Kumba,2018,9,270,39,93.55000000000001,130.57,380.64,1108.1,0.5833164074652145,0.08366666666666944,24.4,equatorial
16.2,23.62,25.76,22.07,92.06,0.9,1.33,2.15,0.97,0.93,2018-09-28,Kumba,2018,9,271,39,82.3,127.12,358.15999999999997,1102.86,0.5730375638436117,-0.01833333333333087,23.9,equatorial
16.52,24.69,28.95,21.29,87.83,1.21,1.61,5.6,0.96,0.92,2018-09-29,Kumba,2018,9,272,39,29.93,119.97,331.03000000000003,1095.56,0.5588342632895783,0.9969999999999999,24.69,equatorial
14.58,24.55,28.02,22.53,91.19,3.7,1.79,3.54,0.95,0.92,2018-09-30,Kumba,2018,9,273,39,28.43,118.65,305.38,1095.01,0.5575170869499326,0.815333333333335,24.69,equatorial
13.85,23.93,26.3,22.44,93.99,4.42,2.23,2.54,0.95,0.92,2018-10-01,Kumba,2018,10,274,40,26.71,116.33,273.53,1095.9499999999998,0.5590444957921542,0.1666666666666643,24.69,equatorial
14.97,23.44,25.85,21.83,91.84,3.41,1.61,2.78,0.95,0.92,2018-10-02,Kumba,2018,10,275,40,24.990000000000002,115.81,254.05,1097.52,0.5617741479796248,-0.3219999999999992,24.69,equatorial
16.75,23.92,27.39,21.3,90.64,5.28,2.07,4.55,0.95,0.91,2018-10-03,Kumba,2018,10,276,40,24.950000000000003,118.57000000000001,254.2,1092.59,0.5520910665070375,0.1440000000000019,24.69,equatorial
10.17,23.88,27.2,21.74,92.53,98.97,2.27,4.24,0.98,0.96,2018-10-04,Kumba,2018,10,277,40,117.89,211.44,344.85,1189.19,0.7363118224628139,0.10533333333333061,24.69,equatorial
19.63,23.83,26.99,21.86,91.44,15.2,1.85,3.67,0.99,0.95,2018-10-05,Kumba,2018,10,278,40,132.19,214.48999999999998,345.68,1201.99,0.7603439920944511,0.03466666666666285,24.69,equatorial
10.8,23.73,26.52,21.67,88.68,24.57,0.95,2.19,0.99,0.96,2018-10-06,Kumba,2018,10,279,40,155.54999999999998,185.48000000000002,342.3,1225.59,0.8049830829823397,-0.07866666666666688,24.55,equatorial
17.1,24.79,29.55,21.21,87.16,4.37,1.48,5.31,0.98,0.95,2018-10-07,Kumba,2018,10,280,40,156.22,184.64999999999998,338.88,1223.46,0.8004325687338996,0.9310000000000009,24.79,equatorial
18.26,24.33,27.96,22.17,91.58,7.09,1.75,3.59,0.98,0.95,2018-10-08,Kumba,2018,10,281,41,158.89000000000001,185.6,341.23,1229.91,0.8122778718243758,0.44033333333333147,24.79,equatorial
14.69,23.88,26.44,22.43,94.33,11.25,2.32,2.6,0.98,0.95,2018-10-09,Kumba,2018,10,282,41,166.73000000000002,191.72,336.03999999999996,1239.76,0.8306079980741506,-0.036999999999999034,24.79,equatorial
11.85,23.28,24.88,22.21,95.45,18.8,1.8,1.52,0.98,0.95,2018-10-10,Kumba,2018,10,283,41,180.25,205.2,337.84,1252.67,0.8547665872528276,-0.6289999999999978,24.79,equatorial
14.62,23.7,26.66,21.79,92.82,9.32,1.89,2.96,0.98,0.95,2018-10-11,Kumba,2018,10,284,41,90.6,208.49,346.76,1251.87,0.8527020987422779,-0.1999999999999993,24.79,equatorial
5.89,23.14,24.73,21.88,95.56,10.58,1.8,1.37,0.98,0.96,2018-10-12,Kumba,2018,10,285,41,85.98,218.17000000000002,354.27,1260.22,0.8681261995870061,-0.7379999999999995,24.79,equatorial
17.41,23.63,27.14,21.24,91.39,1.32,2.19,3.77,0.98,0.95,2018-10-13,Kumba,2018,10,286,41,62.730000000000004,218.28,350.96000000000004,1251.24,0.8504129322187987,-0.2616666666666667,24.79,equatorial
6.03,22.91,24.59,21.57,94.47,19.36,2.32,2.31,0.98,0.95,2018-10-14,Kumba,2018,10,287,41,77.72,233.94,365.96999999999997,1261.62,0.8697236277069367,-0.955333333333332,24.33,equatorial
20.21,22.98,25.33,21.46,93.51,10.34,1.32,1.54,0.98,0.95,2018-10-15,Kumba,2018,10,288,42,80.97,239.85999999999999,367.95000000000005,1261.3200000000002,0.868598470286437,-0.8803333333333327,23.88,equatorial
15.67,24.0,27.59,21.46,90.67,1.69,1.64,3.54,0.98,0.95,2018-10-16,Kumba,2018,10,289,42,71.41,238.14,364.62,1234.25,0.8162960197950979,0.1440000000000019,24.0,equatorial
8.89,23.09,24.92,21.94,94.09,8.63,2.17,2.1,0.98,0.95,2018-10-17,Kumba,2018,10,290,42,61.239999999999995,241.49,366.51,1190.61,0.7323543976361969,-0.7390000000000008,24.0,equatorial
16.42,24.02,27.72,21.27,89.45,0.56,1.52,4.09,0.97,0.94,2018-10-18,Kumba,2018,10,291,42,52.48,143.08,363.14,1186.77,0.7246040562694237,0.17433333333333323,24.02,equatorial
18.86,25.28,29.71,21.77,86.18,0.36,1.08,4.87,0.97,0.93,2018-10-19,Kumba,2018,10,292,42,42.26,128.24,360.98,1183.9,0.7187155834806921,1.4086666666666687,25.28,equatorial
18.63,25.39,29.29,22.38,87.84,0.56,1.58,5.02,0.96,0.92,2018-10-20,Kumba,2018,10,293,42,41.5,104.23,355.44,1179.99,0.7108418397850392,1.5006666666666675,25.39,equatorial
16.33,24.77,27.18,23.18,93.38,1.87,1.43,1.76,0.96,0.92,2018-10-21,Kumba,2018,10,294,42,24.01,101.73,345.15999999999997,1165.9399999999998,0.6835678325556314,0.8683333333333358,25.39,equatorial
14.36,24.63,26.42,23.15,94.29,18.34,1.51,1.76,0.96,0.93,2018-10-22,Kumba,2018,10,295,43,32.010000000000005,112.97999999999999,309.92,1175.24,0.7010095523295157,0.7036666666666669,25.39,equatorial
15.56,24.2,26.16,22.78,93.97,4.41,2.17,2.19,0.96,0.93,2018-10-23,Kumba,2018,10,296,43,34.730000000000004,106.14,309.13,1126.35,0.6070262585267066,0.2636666666666656,25.39,equatorial
17.39,24.5,27.73,22.03,88.1,5.02,1.51,3.72,0.96,0.92,2018-10-24,Kumba,2018,10,297,43,31.12,92.36,308.01,1073.8000000000002,0.5060769530346378,0.5323333333333338,25.39,equatorial
13.61,24.47,27.41,22.29,89.64,3.67,1.23,2.88,0.96,0.92,2018-10-25,Kumba,2018,10,298,43,34.230000000000004,86.71,306.54999999999995,1070.3,0.4991431191401539,0.4816666666666656,25.39,equatorial
19.1,24.39,27.6,21.66,84.66,2.8,1.55,3.13,0.96,0.92,2018-10-26,Kumba,2018,10,299,43,36.67,78.92999999999999,304.03,1065.7299999999998,0.4901612837110054,0.36699999999999733,25.39,equatorial
21.42,24.61,29.73,20.15,83.38,0.62,2.04,5.89,0.95,0.91,2018-10-27,Kumba,2018,10,300,43,36.73,78.23,298.62,1042.99,0.44634913877499244,0.5573333333333323,24.77,equatorial
10.01,25.04,28.99,22.19,89.04,8.75,1.35,4.0,0.94,0.91,2018-10-28,Kumba,2018,10,301,43,43.61,67.62,306.46999999999997,1045.39,0.45076005157415266,0.9399999999999977,25.04,equatorial
13.9,24.33,27.12,22.53,91.91,10.61,1.62,2.79,0.95,0.91,2018-10-29,Kumba,2018,10,302,44,35.879999999999995,67.89,315.87,1047.01,0.4536736645668415,0.24199999999999733,25.04,equatorial
20.51,25.13,28.7,22.59,89.2,16.22,1.13,2.85,0.95,0.92,2018-10-30,Kumba,2018,10,303,44,47.69,82.42,328.39,1058.3,0.47514077536237415,1.022666666666666,25.13,equatorial
15.63,24.21,26.68,22.8,94.74,7.98,2.12,1.89,0.96,0.92,2018-10-31,Kumba,2018,10,304,44,50.650000000000006,81.77000000000001,331.95,1061.72,0.4814966651363305,0.09333333333333371,25.13,equatorial
11.57,24.43,27.99,22.06,90.89,42.91,2.36,5.3,0.96,0.94,2018-11-01,Kumba,2018,11,305,44,89.89,124.12,371.45,1096.74,0.5485127886344688,0.2803333333333313,25.13,equatorial
10.54,24.17,27.39,22.34,92.27,17.61,2.44,4.45,0.97,0.94,2018-11-02,Kumba,2018,11,306,44,104.7,141.37,383.78,1106.99,0.567939236340906,0.012000000000000455,25.13,equatorial
19.75,24.5,28.72,21.75,87.05,6.11,1.48,5.04,0.97,0.93,2018-11-03,Kumba,2018,11,307,44,110.19,146.92,290.91999999999996,1092.8400000000001,0.5404957902368127,0.32133333333333525,25.13,equatorial
16.9,24.3,27.73,22.15,90.73,6.73,1.41,2.93,0.96,0.93,2018-11-04,Kumba,2018,11,308,44,108.17,151.78,282.45,1093.8000000000002,0.5420913935561098,0.10566666666666436,25.13,equatorial
17.02,24.49,27.81,22.05,89.45,13.1,1.19,2.8,0.96,0.93,2018-11-05,Kumba,2018,11,309,45,110.66,146.54,270.97999999999996,1104.14,0.5617105086913146,0.27033333333332976,25.13,equatorial
12.11,24.24,26.76,22.5,94.54,19.75,1.9,1.92,0.97,0.94,2018-11-06,Kumba,2018,11,310,45,114.19,161.88,286.35999999999996,1110.45,0.5735754162929051,0.038666666666664185,24.5,equatorial
10.97,24.03,26.49,22.42,93.36,3.71,1.52,1.92,0.97,0.94,2018-11-07,Kumba,2018,11,311,45,109.92,160.57000000000002,282.98,1104.89,0.5626159534745022,-0.16133333333333155,24.5,equatorial
13.72,24.37,27.8,21.96,89.01,1.16,1.43,2.76,0.97,0.93,2018-11-08,Kumba,2018,11,312,45,68.17,158.06,272.89,1102.32,0.5574111347039644,0.16233333333333277,24.5,equatorial
10.78,24.22,26.97,22.55,90.77,4.49,1.23,1.89,0.97,0.93,2018-11-09,Kumba,2018,11,313,45,55.050000000000004,159.74999999999997,258.58,1099.7199999999998,0.5521511405471201,-0.019000000000001904,24.5,equatorial
19.08,25.12,28.91,22.27,87.46,0.36,1.14,4.06,0.96,0.93,2018-11-10,Kumba,2018,11,314,45,49.300000000000004,159.49,249.62,1086.92,0.5272697732736652,0.8336666666666694,25.12,equatorial
17.67,24.95,28.87,22.4,89.4,1.33,1.49,3.08,0.96,0.92,2018-11-11,Kumba,2018,11,315,45,43.9,152.07,240.36999999999998,1083.97,0.5213540019481915,0.6033333333333317,25.12,equatorial
17.43,25.08,28.15,22.82,90.74,4.74,1.51,2.8,0.95,0.92,2018-11-12,Kumba,2018,11,316,46,35.54,146.2,243.79,1073.81,0.5015617349199644,0.6849999999999987,25.12,equatorial
10.07,25.37,28.52,23.36,89.82,6.63,1.24,2.62,0.95,0.92,2018-11-13,Kumba,2018,11,317,46,22.42,136.60999999999999,231.06,1061.47,0.4775788605535189,0.8930000000000007,25.37,equatorial
14.06,24.32,26.56,23.0,93.76,8.06,1.73,2.09,0.96,0.92,2018-11-14,Kumba,2018,11,318,46,26.77,136.69,228.78,1022.4300000000001,0.4021752811240288,-0.20166666666666444,25.37,equatorial
16.7,24.75,28.63,22.35,89.04,7.14,1.5,3.47,0.96,0.92,2018-11-15,Kumba,2018,11,319,46,32.75,100.92,234.23000000000002,980.19,0.320620757496745,0.20333333333333314,25.37,equatorial
17.27,24.43,28.09,22.07,91.34,4.95,1.73,3.33,0.95,0.92,2018-11-16,Kumba,2018,11,320,46,33.21,88.26,230.54999999999998,970.6400000000001,0.30208817714441677,-0.1613333333333351,25.37,equatorial
18.67,25.01,29.32,22.03,88.24,6.42,1.42,4.19,0.95,0.92,2018-11-17,Kumba,2018,11,321,46,39.27,88.57,236.41,963.41,0.2880313348106605,0.38566666666666904,25.37,equatorial
15.36,25.02,28.54,22.7,90.07,8.85,1.53,2.91,0.95,0.92,2018-11-18,Kumba,2018,11,322,46,46.790000000000006,90.69,244.9,960.0300000000001,0.28140207256063476,0.40433333333333366,25.37,equatorial
7.93,24.66,27.3,22.82,92.11,8.56,1.38,2.38,0.95,0.92,2018-11-19,Kumba,2018,11,323,47,50.61,86.14999999999999,252.9,932.42,0.2280228751088122,0.06866666666666532,25.37,equatorial
19.28,25.16,28.72,23.11,90.25,7.25,1.01,2.41,0.95,0.92,2018-11-20,Kumba,2018,11,324,47,51.23,73.64999999999999,258.28,925.53,0.21463983331660075,0.5556666666666672,25.16,equatorial
16.26,24.51,27.28,22.73,92.31,5.29,1.69,2.3,0.95,0.92,2018-11-21,Kumba,2018,11,325,47,48.46,75.23,245.23,918.9799999999999,0.20191416509780677,-0.0903333333333336,25.16,equatorial
17.03,24.71,27.66,22.82,90.93,0.86,1.65,3.25,0.95,0.91,2018-11-22,Kumba,2018,11,326,47,42.18,74.93,241.67999999999998,913.41,0.19108209431023118,0.09266666666666978,25.16,equatorial
18.99,25.74,29.83,22.9,85.41,0.24,1.2,4.5,0.95,0.91,2018-11-23,Kumba,2018,11,327,47,37.47,70.67999999999999,236.89999999999998,913.02,0.1902590110869298,1.0813333333333333,25.74,equatorial
18.37,25.4,29.05,22.94,88.3,0.48,1.42,3.43,0.94,0.9,2018-11-24,Kumba,2018,11,328,47,31.529999999999998,70.8,233.71,912.5,0.18918478048965814,0.7103333333333346,25.74,equatorial
17.37,24.57,26.24,23.31,94.37,0.71,1.79,1.18,0.93,0.9,2018-11-25,Kumba,2018,11,329,47,23.39,70.17999999999999,231.61999999999998,912.04,0.18822668031806875,-0.12566666666666748,25.74,equatorial
11.76,24.92,28.41,23.04,89.72,0.42,1.19,1.9,0.93,0.9,2018-11-26,Kumba,2018,11,330,48,15.25,65.86,231.42000000000002,910.68,0.18552801912340203,0.2140000000000022,25.74,equatorial
17.16,25.28,29.23,22.47,86.83,0.39,1.24,4.16,0.93,0.89,2018-11-27,Kumba,2018,11,331,48,8.39,59.620000000000005,223.06,887.6899999999999,0.14098067712843682,0.565999999999999,25.74,equatorial
19.34,25.96,30.19,22.99,84.73,0.11,1.06,4.51,0.92,0.89,2018-11-28,Kumba,2018,11,332,48,3.21,51.67,212.56,859.4599999999999,0.08629250597777088,1.19166666666667,25.96,equatorial
19.38,25.88,29.46,23.18,86.69,0.18,1.37,4.07,0.91,0.88,2018-11-29,Kumba,2018,11,333,48,2.5300000000000002,44.71,196.51999999999998,830.2900000000001,0.02978470014652652,1.086666666666666,25.96,equatorial
16.31,24.87,27.65,23.27,92.05,0.42,1.61,2.06,0.91,0.88,2018-11-30,Kumba,2018,11,334,48,2.71,40.18000000000001,188.96,794.4399999999999,-0.03966112798488569,0.05466666666666953,25.96,equatorial
13.75,23.85,25.32,22.55,92.39,0.8,1.68,1.32,0.91,0.88,2018-12-01,Kumba,2018,12,335,48,3.03,34.56,146.85,772.3499999999999,-0.08244667371201915,-0.945999999999998,25.96,equatorial
17.41,24.22,27.07,22.21,90.29,0.19,1.56,2.58,0.9,0.87,2018-12-02,Kumba,2018,12,336,48,2.51,25.900000000000002,129.43,767.41,-0.09199225590100614,-0.5776666666666692,25.96,equatorial
16.35,24.03,26.23,22.16,92.13,0.34,1.61,1.51,0.9,0.87,2018-12-03,Kumba,2018,12,337,49,2.4299999999999997,17.680000000000003,123.66,759.4300000000001,-0.10743181108250487,-0.7519999999999989,25.96,equatorial
15.16,24.08,27.25,21.8,88.19,0.05,1.55,2.62,0.9,0.87,2018-12-04,Kumba,2018,12,338,49,2.09,10.48,116.98,745.11,-0.1351675189831901,-0.6946666666666701,25.96,equatorial
19.14,24.93,28.39,22.55,85.49,0.02,1.23,2.67,0.89,0.87,2018-12-05,Kumba,2018,12,339,49,2.0,5.21,103.89999999999999,717.18,-0.18930761372569763,0.14066666666666805,25.88,equatorial
19.69,25.35,29.27,22.75,87.18,0.01,1.49,3.41,0.89,0.86,2018-12-06,Kumba,2018,12,340,49,1.83,4.359999999999999,84.16,709.4,-0.20433852487437482,0.5236666666666707,25.35,equatorial
15.67,23.99,26.39,22.25,91.65,0.03,2.18,2.26,0.88,0.86,2018-12-07,Kumba,2018,12,341,49,1.4400000000000002,4.15,80.48,704.6899999999999,-0.21340850770420844,-0.8350000000000009,25.35,equatorial
15.98,24.11,28.01,21.34,86.04,0.12,1.79,3.88,0.88,0.86,2018-12-08,Kumba,2018,12,342,49,0.76,3.79,79.44000000000001,688.3699999999999,-0.24502492699384879,-0.7063333333333333,25.35,equatorial
18.1,24.63,29.07,20.87,82.87,0.15,1.86,4.8,0.87,0.85,2018-12-09,Kumba,2018,12,343,49,0.7200000000000001,3.23,75.1,671.52,-0.2776681407150796,-0.1999999999999993,25.35,equatorial
15.87,24.13,27.8,21.65,82.17,0.02,1.65,2.6,0.87,0.85,2018-12-10,Kumba,2018,12,344,50,0.4,2.83,74.75999999999999,671.14,-0.2783027749085024,-0.6670000000000051,25.35,equatorial
16.66,24.21,27.21,22.45,88.37,0.04,1.26,2.05,0.86,0.85,2018-12-11,Kumba,2018,12,345,50,0.39,2.48,73.47,668.11,-0.28408868139379634,-0.5623333333333314,25.35,equatorial
16.37,25.09,29.49,22.11,85.24,1.09,1.12,3.64,0.86,0.85,2018-12-12,Kumba,2018,12,346,50,1.46,3.46,69.82000000000001,664.57,-0.2908657226359188,0.3173333333333339,25.35,equatorial
18.03,25.45,29.81,22.58,84.58,0.55,1.21,3.99,0.85,0.84,2018-12-13,Kumba,2018,12,347,50,2.0,3.83,63.74,660.77,-0.29814779089978843,0.674666666666667,25.45,equatorial
18.72,25.01,29.25,22.17,86.26,0.03,1.54,4.22,0.85,0.84,2018-12-14,Kumba,2018,12,348,50,2.0,3.44,55.71,652.4399999999999,-0.31424300925895915,0.211666666666666,25.45,equatorial
18.92,25.01,29.53,22.07,86.44,0.53,1.79,4.81,0.84,0.83,2018-12-15,Kumba,2018,12,349,50,2.41,3.17,49.1,647.95,-0.32286239189806154,0.2029999999999994,25.45,equatorial
20.31,25.23,30.35,21.59,83.25,0.54,1.3,4.87,0.84,0.83,2018-12-16,Kumba,2018,12,350,50,2.8000000000000007,3.5200000000000005,44.690000000000005,641.75,-0.3348097756760797,0.39633333333333454,25.45,equatorial
19.67,25.03,29.18,22.51,85.6,0.07,1.32,3.61,0.83,0.82,2018-12-17,Kumba,2018,12,351,51,2.8500000000000005,3.2500000000000004,38.34,637.89,-0.3421983601827533,0.19566666666666777,25.45,equatorial
19.02,24.76,29.54,21.5,82.71,0.0,1.39,4.01,0.82,0.82,2018-12-18,Kumba,2018,12,352,51,2.8100000000000005,3.2,29.490000000000002,635.37,-0.34697549182914245,-0.06566666666666521,25.45,equatorial
18.57,24.85,29.44,21.97,86.75,0.0,1.67,4.02,0.82,0.82,2018-12-19,Kumba,2018,12,353,51,1.7200000000000002,3.18,20.93,629.2700000000001,-0.35872802692163996,0.018000000000000682,25.45,equatorial
18.34,24.87,29.32,22.36,84.72,0.0,1.29,3.2,0.81,0.81,2018-12-20,Kumba,2018,12,354,51,1.1700000000000002,3.1700000000000004,13.68,617.12,-0.3822710995049723,0.047666666666664526,25.23,equatorial
19.64,24.53,28.95,21.29,82.63,0.0,1.45,4.12,0.8,0.81,2018-12-21,Kumba,2018,12,355,51,1.1400000000000001,3.14,8.39,563.5400000000001,-0.4865828261292491,-0.2929999999999957,25.23,equatorial
18.49,24.96,29.73,21.98,82.53,0.0,1.12,4.55,0.8,0.8,2018-12-22,Kumba,2018,12,356,51,0.6100000000000001,3.02,7.529999999999999,558.34,-0.49651602275399037,0.12866666666666404,25.23,equatorial
17.59,24.8,28.99,21.98,84.12,0.0,1.26,3.64,0.79,0.8,2018-12-23,Kumba,2018,12,357,51,0.07,2.87,7.29,552.2,-0.5082795110971304,0.0,25.03,equatorial
17.62,24.75,29.15,21.36,82.84,0.0,1.37,4.16,0.79,0.79,2018-12-24,Kumba,2018,12,358,52,0.0,2.85,6.81,547.07,-0.5180684289114551,-0.028333333333332433,24.96,equatorial
19.37,24.81,29.33,21.33,81.25,0.0,1.29,3.99,0.78,0.79,2018-12-25,Kumba,2018,12,359,52,0.0,2.81,6.1,541.75,-0.5282246807227466,0.023666666666663616,24.96,equatorial
18.08,24.01,26.95,21.39,85.03,0.0,1.24,2.31,0.77,0.79,2018-12-26,Kumba,2018,12,360,52,0.0,1.7200000000000002,5.68,535.72,-0.5397630871701723,-0.7460000000000022,24.96,equatorial
18.46,24.79,29.2,22.13,84.39,0.04,1.36,4.04,0.77,0.78,2018-12-27,Kumba,2018,12,361,52,0.04,1.2100000000000002,5.33,534.86,-0.5412030603342631,0.05033333333333445,24.96,equatorial
18.42,25.23,29.81,22.33,84.52,0.06,1.26,4.35,0.76,0.78,2018-12-28,Kumba,2018,12,362,52,0.1,1.24,5.28,533.7099999999999,-0.5432090162285491,0.5146666666666668,25.23,equatorial
17.36,24.94,29.32,21.83,86.58,0.08,1.53,3.75,0.75,0.77,2018-12-29,Kumba,2018,12,363,52,0.18,0.79,5.180000000000001,530.09,-0.5500391746224764,0.2560000000000002,25.23,equatorial
15.06,24.68,28.0,22.64,86.94,0.09,1.27,2.07,0.75,0.77,2018-12-30,Kumba,2018,12,364,52,0.27,0.33999999999999997,4.8500000000000005,525.76,-0.5582539037807803,0.0023333333333326323,25.23,equatorial
19.75,25.37,30.09,22.19,81.73,0.0,1.33,4.23,0.74,0.77,2018-12-31,Kumba,2018,12,365,1,0.27,0.27,4.050000000000001,522.35,-0.5646674136251836,0.6416666666666657,25.37,equatorial
18.56,25.0,29.36,22.51,84.65,0.0,1.57,3.48,0.74,0.76,2019-01-01,Kumba,2019,1,1,1,0.27,0.27,3.8600000000000003,517.07,-0.5747336014604522,0.24566666666666848,25.37,equatorial
20.35,24.67,28.63,22.09,87.48,0.0,1.67,3.44,0.73,0.76,2019-01-02,Kumba,2019,1,2,1,0.27,0.27,3.5200000000000005,418.1,-0.7679472959532595,-0.10566666666666436,25.37,equatorial
19.23,24.68,28.76,22.17,86.56,0.05,1.57,3.16,0.73,0.75,2019-01-03,Kumba,2019,1,3,1,0.27999999999999997,0.32,3.52,402.95,-0.7971463224865446,-0.11566666666666592,25.37,equatorial
18.25,25.44,31.14,21.62,81.94,0.04,1.39,4.28,0.72,0.75,2019-01-04,Kumba,2019,1,4,1,0.26,0.36,3.54,378.42,-0.8446567547203785,0.6273333333333362,25.44,equatorial
20.11,24.53,28.79,21.89,86.3,0.02,1.99,3.6,0.71,0.74,2019-01-05,Kumba,2019,1,5,1,0.2,0.38,3.5500000000000003,374.07,-0.8526678182244799,-0.2553333333333292,25.44,equatorial
17.99,24.63,28.89,21.6,85.7,0.03,1.61,4.11,0.71,0.74,2019-01-06,Kumba,2019,1,6,1,0.14,0.41,3.5500000000000003,367.01,-0.8659698488189117,-0.17666666666666941,25.44,equatorial
13.83,24.39,27.82,22.12,88.14,0.39,1.77,3.3,0.7,0.73,2019-01-07,Kumba,2019,1,7,2,0.53,0.8,3.82,356.15,-0.886688639031102,-0.4259999999999984,25.44,equatorial
19.49,24.67,29.16,22.07,84.96,0.04,1.45,4.12,0.7,0.73,2019-01-08,Kumba,2019,1,8,2,0.5700000000000001,0.84,3.71,337.39000000000004,-0.9228323020759986,-0.1473333333333322,25.44,equatorial
19.96,24.72,29.72,21.43,84.78,0.01,1.94,4.4,0.69,0.72,2019-01-09,Kumba,2019,1,9,2,0.5800000000000001,0.85,3.7,328.08,-0.9404557127910712,-0.11700000000000088,25.44,equatorial
16.65,24.7,28.51,22.19,87.22,0.56,1.68,3.51,0.68,0.72,2019-01-10,Kumba,2019,1,10,2,1.09,1.37,4.22,318.06,-0.9594463407806151,-0.15333333333333599,25.44,equatorial
17.18,25.28,29.89,22.12,85.01,0.24,1.71,3.59,0.68,0.71,2019-01-11,Kumba,2019,1,11,2,1.29,1.5499999999999998,3.37,316.98,-0.9609324630809779,0.4203333333333319,25.28,equatorial
18.57,25.82,30.95,22.57,82.82,0.26,1.4,4.56,0.67,0.7,2019-01-12,Kumba,2019,1,12,2,1.53,1.73,3.0800000000000005,297.88,-0.9976527741264459,0.9480000000000004,25.82,equatorial
17.91,25.3,29.06,22.96,87.18,0.49,1.53,3.23,0.66,0.7,2019-01-13,Kumba,2019,1,13,2,1.9900000000000002,2.13,3.54,288.03000000000003,-1.016237073957553,0.418333333333333,25.82,equatorial
17.57,25.29,29.48,22.83,88.07,0.88,2.06,3.36,0.66,0.69,2019-01-14,Kumba,2019,1,14,3,2.48,3.01,3.8899999999999997,287.22,-1.0171207762819026,0.39899999999999736,25.82,equatorial
18.05,25.77,30.33,22.88,84.85,0.44,1.45,3.77,0.66,0.69,2019-01-15,Kumba,2019,1,15,3,2.88,3.45,3.79,279.03000000000003,-1.0324326644435529,0.8610000000000007,25.82,equatorial
19.15,26.12,31.13,23.01,82.71,0.14,1.47,4.07,0.65,0.68,2019-01-16,Kumba,2019,1,16,3,3.0100000000000002,3.59,3.86,278.61,-1.032532003244224,1.174666666666667,26.12,equatorial
16.69,25.99,30.2,23.34,83.27,0.23,1.28,3.36,0.64,0.67,2019-01-17,Kumba,2019,1,17,3,2.68,3.77,4.09,278.48,-1.032064712656935,1.003666666666664,26.12,equatorial
16.42,24.87,27.95,23.11,88.33,0.42,1.54,2.12,0.64,0.67,2019-01-18,Kumba,2019,1,18,3,2.86,4.15,4.51,278.34,-1.0316181170661267,-0.11700000000000088,26.12,equatorial
18.6,25.35,29.57,22.63,85.76,0.3,2.17,3.59,0.64,0.66,2019-01-19,Kumba,2019,1,19,3,2.9,4.43,4.81,276.77,-1.033968207475839,0.3470000000000013,26.12,equatorial
17.34,25.15,28.6,23.04,88.78,0.34,1.96,2.41,0.63,0.66,2019-01-20,Kumba,2019,1,20,3,2.75,4.74,5.15,258.77000000000004,-1.0684330516713956,0.1263333333333314,26.12,equatorial
19.29,24.98,28.75,22.84,88.19,0.83,1.74,2.47,0.63,0.66,2019-01-21,Kumba,2019,1,21,4,2.7,5.18,5.98,255.19,-1.0746590099778004,-0.044333333333334224,26.12,equatorial
16.55,25.57,30.05,22.88,85.48,1.69,1.47,3.49,0.62,0.66,2019-01-22,Kumba,2019,1,22,4,3.95,6.83,7.67,251.86,-1.0803870817979624,0.5199999999999996,26.12,equatorial
17.05,24.59,27.22,22.92,92.45,2.84,2.25,1.69,0.62,0.67,2019-01-23,Kumba,2019,1,23,4,6.65,9.66,10.51,251.03,-1.081220625002893,-0.4546666666666681,25.99,equatorial
15.47,24.95,28.28,22.82,90.39,2.94,2.33,2.56,0.63,0.67,2019-01-24,Kumba,2019,1,24,4,9.36,12.04,13.45,251.17,-1.0801576836821447,-0.09933333333333394,25.57,equatorial
14.38,23.18,24.11,21.38,88.42,2.18,2.04,1.32,0.63,0.67,2019-01-25,Kumba,2019,1,25,4,11.12,13.979999999999999,15.629999999999999,252.73000000000002,-1.0763219443961891,-1.841666666666665,25.57,equatorial
11.41,24.95,29.82,21.23,81.34,2.52,1.96,4.15,0.63,0.66,2019-01-26,Kumba,2019,1,26,4,13.34,16.24,18.11,246.5,-1.0877149319287776,-0.07700000000000173,25.57,equatorial
13.48,24.87,28.37,22.87,89.96,4.34,2.77,2.62,0.62,0.67,2019-01-27,Kumba,2019,1,27,4,17.34,20.09,22.39,240.23,-1.09916828966786,-0.14499999999999957,25.57,equatorial
15.8,24.2,26.84,22.42,91.55,8.64,2.15,1.93,0.64,0.7,2019-01-28,Kumba,2019,1,28,5,25.15,27.85,30.950000000000003,232.65,-1.1131627240365753,-0.7903333333333329,25.57,equatorial
14.63,24.19,26.47,22.47,92.59,9.53,2.21,1.72,0.65,0.71,2019-01-29,Kumba,2019,1,29,5,32.99,36.94,40.39,234.20000000000002,-1.1092986483188068,-0.7839999999999989,24.95,equatorial
15.86,24.91,28.9,22.19,86.89,1.37,1.55,3.04,0.65,0.68,2019-01-30,Kumba,2019,1,30,5,31.52,38.17,41.76,192.66,-1.1896057842542511,-0.04866666666666575,24.95,equatorial
14.05,25.17,29.42,22.46,84.72,9.48,1.5,3.36,0.65,0.71,2019-01-31,Kumba,2019,1,31,5,38.06,47.42,51.24,184.53,-1.2045190310428213,0.20566666666666933,25.17,equatorial
18.78,25.83,31.05,22.4,82.87,1.65,1.74,4.55,0.65,0.68,2019-02-01,Kumba,2019,2,32,5,37.53,48.65,52.89,180.07000000000002,-1.2122384237247472,0.8269999999999982,25.83,equatorial
17.27,25.15,28.48,23.04,88.72,4.22,2.08,3.05,0.65,0.69,2019-02-02,Kumba,2019,2,33,5,39.23,52.57,57.06,177.56,-1.2161366122117527,0.13133333333333397,25.83,equatorial
16.0,25.41,29.5,22.73,87.63,5.17,2.34,3.54,0.65,0.7,2019-02-03,Kumba,2019,2,34,5,40.06,57.4,62.19,169.63,-1.2306056756960309,0.3923333333333332,25.83,equatorial
16.51,25.22,28.11,23.3,90.68,11.07,1.71,2.12,0.65,0.72,2019-02-04,Kumba,2019,2,35,6,42.489999999999995,67.64,73.24000000000001,160.95,-1.2465091144776062,0.17933333333333223,25.83,equatorial
18.75,24.49,25.92,22.54,94.0,0.78,2.43,1.13,0.66,0.71,2019-02-05,Kumba,2019,2,36,6,33.739999999999995,66.73,73.99,158.01999999999998,-1.2511624357513336,-0.5459999999999994,25.83,equatorial
18.8,25.11,29.03,22.29,88.2,0.0,1.45,2.49,0.65,0.69,2019-02-06,Kumba,2019,2,37,6,32.37,63.89,73.6,156.85999999999999,-1.2523541664866107,0.05000000000000071,25.83,equatorial
15.16,25.64,29.58,23.44,87.19,0.0,1.38,2.68,0.65,0.68,2019-02-07,Kumba,2019,2,38,6,22.89,60.95,73.55999999999999,152.37,-1.2600377298958607,0.5476666666666681,25.83,equatorial
16.27,25.83,31.21,22.6,81.56,0.0,1.7,3.96,0.64,0.67,2019-02-08,Kumba,2019,2,39,6,21.240000000000002,58.77,73.55,152.01,-1.2596532749677212,0.7006666666666668,25.83,equatorial
17.79,25.68,31.39,21.59,77.28,0.0,1.6,4.34,0.64,0.66,2019-02-09,Kumba,2019,2,40,6,17.020000000000003,56.25,72.99,150.68,-1.2611609823501941,0.5180000000000007,25.83,equatorial
18.74,25.66,30.75,22.05,74.51,0.0,1.84,4.21,0.63,0.65,2019-02-10,Kumba,2019,2,41,6,11.85,51.910000000000004,72.75,145.94,-1.2693117741123479,0.4853333333333332,25.83,equatorial
17.99,25.67,30.94,20.64,75.94,0.0,1.56,3.94,0.62,0.64,2019-02-11,Kumba,2019,2,42,7,0.78,43.269999999999996,72.49,139.31,-1.2811280673787482,0.5003333333333337,25.83,equatorial
17.49,25.86,31.53,21.84,80.19,0.0,1.98,4.2,0.61,0.63,2019-02-12,Kumba,2019,2,43,7,0.0,33.74,72.0,131.25,-1.2957044606579073,0.6716666666666669,25.86,equatorial
17.97,25.68,30.65,22.24,83.45,0.0,2.01,3.96,0.6,0.62,2019-02-13,Kumba,2019,2,44,7,0.0,32.37,71.11999999999999,124.11,-1.3084568983809741,0.478666666666669,25.86,equatorial
16.74,24.96,27.49,23.29,89.01,0.0,1.99,1.65,0.6,0.63,2019-02-14,Kumba,2019,2,45,7,0.0,22.89,70.67999999999999,119.16,-1.3169168334569716,-0.21433333333333238,25.86,equatorial
17.1,24.85,29.18,22.27,78.88,0.72,1.73,2.64,0.6,0.62,2019-02-15,Kumba,2019,2,46,7,0.72,21.96,71.25999999999999,113.46000000000001,-1.3268175097790529,-0.28200000000000003,25.86,equatorial
17.33,25.21,30.52,21.35,67.32,0.21,1.75,4.22,0.59,0.61,2019-02-16,Kumba,2019,2,47,7,0.9299999999999999,17.950000000000003,71.24,104.82000000000001,-1.342416262840264,0.10400000000000276,25.86,equatorial
18.05,25.66,29.96,22.83,82.46,0.22,1.99,3.36,0.59,0.61,2019-02-17,Kumba,2019,2,48,7,1.15,13.0,71.04,96.48,-1.3573943301654574,0.527666666666665,25.86,equatorial
17.52,25.45,30.34,21.62,82.03,0.37,2.03,3.4,0.58,0.6,2019-02-18,Kumba,2019,2,49,8,1.52,2.3,71.11,89.60000000000001,-1.3694968344627332,0.3143333333333338,25.86,equatorial
16.87,25.32,29.41,22.33,85.05,1.04,1.84,2.7,0.58,0.6,2019-02-19,Kumba,2019,2,50,8,2.56,2.56,71.81,85.35,-1.3764567509608265,0.1786666666666683,25.68,equatorial
17.84,25.24,28.16,23.22,86.19,0.19,1.7,1.81,0.58,0.59,2019-02-20,Kumba,2019,2,51,8,2.75,2.75,71.17,84.67999999999999,-1.3764420595800204,0.08999999999999986,25.66,equatorial
18.17,24.94,27.42,23.27,91.55,0.11,2.21,1.17,0.57,0.6,2019-02-21,Kumba,2019,2,52,8,2.86,2.86,69.58999999999999,84.55,-1.3753787184041255,-0.18900000000000006,25.66,equatorial
15.71,24.86,27.64,23.16,91.22,0.18,2.42,1.26,0.57,0.59,2019-02-22,Kumba,2019,2,53,8,2.32,3.04,66.93,84.25,-1.3746487130161378,-0.2779999999999987,25.66,equatorial
15.46,25.54,29.75,23.08,86.82,0.16,2.16,2.51,0.57,0.58,2019-02-23,Kumba,2019,2,54,8,2.27,3.2,64.15,83.7,-1.3744064524623072,0.3823333333333352,25.66,equatorial
18.4,25.56,29.54,23.03,84.96,0.11,2.12,2.64,0.57,0.58,2019-02-24,Kumba,2019,2,55,8,2.16,3.31,62.080000000000005,83.39,-1.3736993868685399,0.32299999999999685,25.56,equatorial
11.91,25.48,29.12,23.17,86.48,0.7,1.65,2.17,0.56,0.57,2019-02-25,Kumba,2019,2,56,9,2.49,4.01,60.26,83.7,-1.371791360042847,0.22533333333333516,25.56,equatorial
16.35,24.49,27.38,22.57,86.77,4.09,1.75,1.66,0.56,0.59,2019-02-26,Kumba,2019,2,57,9,5.54,8.1,60.010000000000005,87.68,-1.3627683204532641,-0.7520000000000024,25.56,equatorial
14.62,25.54,30.59,21.17,77.82,0.73,1.17,3.04,0.57,0.58,2019-02-27,Kumba,2019,2,58,9,6.08,8.83,52.1,88.23,-1.3604206151155354,0.2533333333333303,25.56,equatorial
16.59,25.02,28.62,23.08,85.98,2.62,1.28,2.02,0.56,0.58,2019-02-28,Kumba,2019,2,59,9,8.59,11.45,45.19,90.42999999999999,-1.3548796271957377,-0.29433333333333067,25.56,equatorial
15.21,24.69,28.71,22.35,87.31,1.75,2.12,2.33,0.56,0.58,2019-03-01,Kumba,2019,3,60,9,10.16,12.479999999999999,45.57,91.38,-1.3517756855926395,-0.6170000000000009,25.56,equatorial
18.07,24.43,27.55,22.43,88.49,3.02,2.13,1.94,0.56,0.59,2019-03-02,Kumba,2019,3,61,9,13.02,15.29,39.11,94.21000000000001,-1.3450361017875552,-0.852333333333334,25.56,equatorial
12.92,25.13,29.18,22.68,88.79,8.54,2.1,2.44,0.56,0.61,2019-03-03,Kumba,2019,3,62,9,21.45,23.61,46.0,102.41,-1.327907912051633,-0.12900000000000134,25.54,equatorial
15.21,24.46,27.49,22.3,90.4,8.42,2.47,2.13,0.58,0.64,2019-03-04,Kumba,2019,3,63,10,29.17,31.659999999999997,50.2,110.78,-1.3104901573848375,-0.7759999999999998,25.54,equatorial
22.88,25.38,29.57,22.38,86.19,22.78,1.78,3.26,0.61,0.71,2019-03-05,Kumba,2019,3,64,10,47.86,53.4,67.81,133.54000000000002,-1.2652389621001867,0.14499999999999602,25.54,equatorial
14.67,25.06,27.98,23.23,91.44,4.04,2.0,2.0,0.61,0.66,2019-03-06,Kumba,2019,3,65,10,51.17,57.25,60.78,137.57,-1.2563564985753113,-0.16966666666666796,25.38,equatorial
17.62,24.65,27.61,22.36,88.96,0.91,1.9,2.14,0.61,0.64,2019-03-07,Kumba,2019,3,66,10,49.46,58.050000000000004,60.910000000000004,138.45000000000002,-1.2535923042497172,-0.5850000000000009,25.38,equatorial
16.6,25.14,29.16,22.67,85.46,3.48,1.45,2.84,0.61,0.65,2019-03-08,Kumba,2019,3,67,10,51.19,61.35,64.39,141.81,-1.2460330104388642,-0.09600000000000009,25.38,equatorial
18.37,24.98,28.26,22.63,88.67,0.22,1.65,2.02,0.6,0.63,2019-03-09,Kumba,2019,3,68,10,48.39,61.41,64.61,141.88,-1.2448578898198666,-0.2339999999999982,25.38,equatorial
19.5,24.99,28.31,23.14,92.24,0.64,2.17,1.63,0.6,0.63,2019-03-10,Kumba,2019,3,69,10,40.49,61.94,65.25,142.5,-1.2426212118183666,-0.19599999999999795,25.38,equatorial
17.07,25.13,28.32,22.94,90.47,2.05,1.99,2.24,0.6,0.64,2019-03-11,Kumba,2019,3,70,11,34.120000000000005,63.28999999999999,67.3,144.51,-1.237699879262236,-0.037666666666666515,25.38,equatorial
18.36,26.03,29.94,23.32,86.52,0.21,1.59,3.13,0.6,0.62,2019-03-12,Kumba,2019,3,71,11,11.55,59.41,67.51,143.63,-1.2383800942091805,0.8500000000000014,26.03,equatorial
19.41,25.45,28.22,23.49,90.27,0.1,1.68,1.57,0.59,0.62,2019-03-13,Kumba,2019,3,72,11,7.609999999999999,58.78,67.61,143.17999999999998,-1.2382276727575805,0.27733333333333476,26.03,equatorial
18.71,25.54,28.75,23.57,88.74,0.1,1.75,2.21,0.59,0.61,2019-03-14,Kumba,2019,3,73,11,6.8,56.26,67.71,143.25,-1.2370703631056563,0.3780000000000001,26.03,equatorial
16.24,26.0,29.96,23.28,85.48,0.16,1.3,2.23,0.59,0.61,2019-03-15,Kumba,2019,3,74,11,3.4799999999999995,54.669999999999995,67.87,142.88000000000002,-1.2367666671686766,0.8273333333333319,26.03,equatorial
5.92,25.96,30.04,23.61,83.93,0.14,1.04,2.08,0.58,0.6,2019-03-16,Kumba,2019,3,75,11,3.3999999999999995,51.79,68.01,142.48,-1.236522064458047,0.7540000000000013,26.03,equatorial
19.34,25.54,29.06,23.32,86.11,0.49,1.3,2.1,0.58,0.6,2019-03-17,Kumba,2019,3,76,11,3.25,43.74,67.78,142.9,-1.2346933620288774,0.31099999999999994,26.03,equatorial
18.82,26.02,30.05,23.34,84.84,0.9,1.61,2.82,0.58,0.59,2019-03-18,Kumba,2019,3,77,12,2.1,36.22,68.47000000000001,143.8,-1.2319410723401911,0.7639999999999958,26.03,equatorial
17.38,25.7,29.37,23.67,89.57,1.78,2.12,2.23,0.57,0.59,2019-03-19,Kumba,2019,3,78,12,3.67,15.22,70.03,145.58,-1.2274941813767521,0.44266666666666765,26.02,equatorial
17.94,25.49,28.58,23.57,88.36,1.01,2.07,2.2,0.57,0.59,2019-03-20,Kumba,2019,3,79,12,4.58,12.19,70.67,146.59,-1.2245441769691567,0.23133333333333184,26.02,equatorial
17.99,25.63,29.02,23.22,88.48,1.08,1.82,2.19,0.57,0.59,2019-03-21,Kumba,2019,3,80,12,5.5600000000000005,12.360000000000001,70.71,147.67,-1.2214651649466655,0.36100000000000065,26.02,equatorial
10.61,25.28,27.79,23.74,92.28,2.03,2.32,1.52,0.57,0.6,2019-03-22,Kumba,2019,3,81,12,7.43,10.91,72.55,149.7,-1.2165576511506,0.009666666666671375,26.02,equatorial
19.92,25.27,28.55,23.23,90.0,1.9,2.49,2.34,0.57,0.59,2019-03-23,Kumba,2019,3,82,12,9.19,12.59,74.34,151.6,-1.2119110722366886,-0.011333333333336526,26.02,equatorial
9.71,25.3,28.29,23.32,86.14,4.25,1.31,1.79,0.57,0.61,2019-03-24,Kumba,2019,3,83,12,12.95,16.2,78.41000000000001,155.85,-1.2027360000289513,0.004000000000001336,26.02,equatorial
20.06,24.92,28.24,22.59,87.74,0.86,1.56,2.05,0.57,0.59,2019-03-25,Kumba,2019,3,84,13,12.91,15.01,79.11,156.71,-1.2001236935835016,-0.3553333333333306,25.7,equatorial
18.54,25.7,29.42,22.83,84.83,1.56,1.54,2.96,0.57,0.59,2019-03-26,Kumba,2019,3,85,13,12.69,16.36,80.56,158.27,-1.1961654050145398,0.4200000000000017,25.7,equatorial
17.86,26.52,30.96,23.47,81.79,0.09,1.14,2.73,0.57,0.58,2019-03-27,Kumba,2019,3,86,13,11.77,16.35,79.95,158.32000000000002,-1.195129515750049,1.2053333333333356,26.52,equatorial
13.04,26.08,29.75,23.65,85.48,0.09,1.5,2.3,0.56,0.57,2019-03-28,Kumba,2019,3,87,13,10.78,16.34,75.95,158.35,-1.1941346131267199,0.7123333333333335,26.52,equatorial
20.03,25.95,29.61,23.26,85.84,0.19,1.59,2.05,0.56,0.56,2019-03-29,Kumba,2019,3,88,13,8.94,16.37,75.41,158.45999999999998,-1.1929876433570679,0.5686666666666689,26.52,equatorial
9.42,25.52,27.99,23.81,90.58,0.48,1.41,1.28,0.56,0.57,2019-03-30,Kumba,2019,3,89,13,7.52,16.71,73.27,158.85,-1.1913030156279572,0.12199999999999633,26.52,equatorial
17.64,25.47,28.18,23.58,88.09,0.18,1.78,1.62,0.55,0.56,2019-03-31,Kumba,2019,3,90,13,3.4499999999999997,16.400000000000002,71.7,159.03,-1.1900270696162007,0.04600000000000293,26.52,equatorial
21.15,26.26,30.35,23.26,83.57,1.21,1.21,2.39,0.55,0.56,2019-04-01,Kumba,2019,4,91,14,3.8,16.71,69.89,160.23999999999998,-1.1867671331825356,0.7750000000000021,26.52,equatorial
14.93,26.92,31.13,23.54,82.49,1.14,1.33,3.21,0.55,0.55,2019-04-02,Kumba,2019,4,92,14,3.38,16.07,62.49,161.38,-1.183648581520932,1.3753333333333337,26.92,equatorial
20.99,26.59,29.55,24.43,84.89,3.07,1.22,1.95,0.55,0.57,2019-04-03,Kumba,2019,4,93,14,6.359999999999999,18.13,57.14,164.4,-1.1769106052125622,0.9743333333333339,26.92,equatorial
8.89,26.65,30.36,24.27,86.63,8.0,1.39,2.83,0.55,0.6,2019-04-04,Kumba,2019,4,94,14,14.27,25.05,42.36,172.36,-1.1606593365823448,0.9919999999999973,26.92,equatorial
16.74,25.64,28.85,23.59,89.4,10.26,1.98,2.69,0.56,0.62,2019-04-05,Kumba,2019,4,95,14,24.34,33.28,48.58,182.6,-1.140040171418602,-0.037333333333332774,26.92,equatorial
17.73,25.41,28.45,23.38,90.2,5.6,2.08,2.61,0.58,0.63,2019-04-06,Kumba,2019,4,96,14,29.46,36.980000000000004,53.269999999999996,188.17000000000002,-1.1284594981212601,-0.2926666666666691,26.92,equatorial
15.37,25.54,29.05,23.5,89.25,6.99,2.31,3.33,0.58,0.63,2019-04-07,Kumba,2019,4,97,14,36.269999999999996,39.72,56.78,194.76999999999998,-1.1149123143764443,-0.17599999999999838,26.92,equatorial
20.28,25.38,28.61,23.25,89.27,3.08,2.4,2.84,0.58,0.61,2019-04-08,Kumba,2019,4,98,15,38.14,41.94,59.64,197.81,-1.1082500577454037,-0.34933333333333394,26.92,equatorial
20.79,26.09,30.81,22.99,85.81,2.44,2.03,4.16,0.58,0.6,2019-04-09,Kumba,2019,4,99,15,39.44,42.82,61.44,200.24,-1.1027745952317007,0.32399999999999807,26.65,equatorial
8.53,25.79,29.52,23.44,87.33,3.72,1.77,2.94,0.57,0.6,2019-04-10,Kumba,2019,4,100,15,40.089999999999996,46.449999999999996,63.11,203.4,-1.0959009484718119,0.0019999999999988916,26.65,equatorial
14.29,25.51,29.04,23.18,86.17,0.47,1.93,2.92,0.57,0.59,2019-04-11,Kumba,2019,4,101,15,32.559999999999995,46.83,63.370000000000005,203.63,-1.0946857953771114,-0.2606666666666655,26.09,equatorial
18.59,25.92,29.67,23.29,86.32,0.45,1.81,2.74,0.57,0.58,2019-04-12,Kumba,2019,4,102,15,22.75,47.09,63.72,203.82,-1.0935500434791101,0.1336666666666666,26.09,equatorial
18.25,25.07,27.75,23.64,89.06,1.63,1.84,2.13,0.56,0.58,2019-04-13,Kumba,2019,4,103,15,18.779999999999998,48.239999999999995,65.25,204.95999999999998,-1.0905855911450175,-0.7006666666666632,26.09,equatorial
17.28,24.82,27.51,22.47,84.57,2.51,1.23,2.21,0.56,0.59,2019-04-14,Kumba,2019,4,104,15,14.3,50.57,67.60000000000001,206.59,-1.0866817794203734,-0.9113333333333316,26.09,equatorial
22.55,26.16,31.18,21.95,78.21,0.65,1.61,4.66,0.56,0.56,2019-04-15,Kumba,2019,4,105,16,11.87,50.01,68.11,206.8,-1.085520688751011,0.4220000000000006,26.16,equatorial
12.51,25.16,27.82,22.97,85.96,0.14,1.62,1.7,0.55,0.56,2019-04-16,Kumba,2019,4,106,16,9.57,49.01,67.75999999999999,206.8,-1.08476643957708,-0.5653333333333315,26.16,equatorial
21.16,26.63,31.34,22.37,80.29,0.15,1.42,3.4,0.55,0.55,2019-04-17,Kumba,2019,4,107,16,6.0,46.089999999999996,67.01,206.72,-1.0841679072047956,0.8843333333333305,26.63,equatorial
8.35,25.77,28.97,23.8,88.0,0.46,1.47,1.64,0.54,0.55,2019-04-18,Kumba,2019,4,108,16,5.99,38.550000000000004,65.69,206.76000000000002,-1.0833395020716077,0.021999999999998465,26.63,equatorial
18.15,25.87,28.87,23.76,85.81,0.26,1.32,1.71,0.54,0.54,2019-04-19,Kumba,2019,4,109,16,5.8,28.549999999999997,64.94,206.72,-1.0826669020876822,0.10933333333333195,26.63,equatorial
19.14,25.92,29.09,23.63,85.49,0.91,1.39,2.13,0.54,0.54,2019-04-20,Kumba,2019,4,110,16,5.08,23.86,64.77,207.29,-1.080820561769732,0.1496666666666684,26.63,equatorial
16.94,26.13,29.59,23.59,85.38,0.17,1.51,1.95,0.54,0.54,2019-04-21,Kumba,2019,4,111,16,2.74,17.04,62.91,206.63,-1.0813469044763695,0.33133333333333326,26.63,equatorial
13.77,26.06,29.83,23.43,84.78,0.22,1.81,2.2,0.54,0.53,2019-04-22,Kumba,2019,4,112,17,2.31,14.18,61.23,205.16000000000003,-1.083433213412313,0.23499999999999943,26.63,equatorial
18.73,26.58,31.14,23.46,82.03,0.18,1.85,2.87,0.53,0.52,2019-04-23,Kumba,2019,4,113,17,2.35,11.92,57.16,202.5,-1.087809009165387,0.7123333333333335,26.63,equatorial
18.63,26.91,31.66,23.65,80.23,0.18,1.85,3.03,0.53,0.51,2019-04-24,Kumba,2019,4,114,17,2.38,8.379999999999999,56.48,199.74,-1.0923712468060893,0.9759999999999955,26.91,equatorial
18.24,26.28,30.24,23.75,84.03,0.2,1.98,2.12,0.52,0.51,2019-04-25,Kumba,2019,4,115,17,2.12,8.11,55.120000000000005,197.76,-1.0954247621349726,0.326666666666668,26.91,equatorial
17.33,26.34,30.23,23.6,82.04,0.08,2.02,2.31,0.52,0.51,2019-04-26,Kumba,2019,4,116,17,1.94,7.739999999999999,55.11,195.32,-1.0993599202660063,0.3926666666666634,26.91,equatorial
17.81,27.56,32.97,23.17,76.12,0.04,1.51,3.36,0.51,0.49,2019-04-27,Kumba,2019,4,117,17,1.07,6.1499999999999995,55.059999999999995,191.01999999999998,-1.106871166276064,1.5633333333333326,27.56,equatorial
17.72,26.75,30.39,24.29,83.12,0.17,1.69,1.71,0.51,0.5,2019-04-28,Kumba,2019,4,118,17,1.07,3.81,55.04,182.55,-1.1224002712871501,0.7266666666666666,27.56,equatorial
12.52,26.65,30.71,24.47,83.96,0.2,1.41,1.79,0.51,0.49,2019-04-29,Kumba,2019,4,119,18,1.05,3.3600000000000003,54.76,173.22,-1.1395604640060875,0.5890000000000022,27.56,equatorial
18.13,26.64,31.56,23.25,78.81,0.12,1.95,2.73,0.5,0.48,2019-04-30,Kumba,2019,4,120,18,0.9900000000000001,3.34,54.7,171.97,-1.1411386617830461,0.5399999999999991,27.56,equatorial
13.4,26.46,30.14,23.72,80.79,0.31,1.45,1.71,0.5,0.48,2019-05-01,Kumba,2019,5,121,18,1.12,3.5,53.8,162.8,-1.1579591227287513,0.3533333333333317,27.56,equatorial
19.78,27.12,32.11,23.61,77.48,0.19,1.38,2.72,0.5,0.48,2019-05-02,Kumba,2019,5,122,18,1.11,3.23,52.85,161.34,-1.159913140889459,1.0066666666666677,27.56,equatorial
16.61,26.76,30.96,24.02,81.23,0.16,1.6,1.88,0.49,0.47,2019-05-03,Kumba,2019,5,123,18,1.19,3.13,49.94,157.28,-1.1668675301153462,0.6410000000000053,27.56,equatorial
22.59,26.25,29.51,23.88,85.63,0.35,1.85,1.24,0.49,0.48,2019-05-04,Kumba,2019,5,124,18,1.5,2.57,42.29,152.46,-1.1752726484248068,0.14433333333333564,27.12,equatorial
16.94,26.02,28.86,23.89,87.38,0.59,2.26,1.32,0.49,0.48,2019-05-05,Kumba,2019,5,125,18,1.92,2.9899999999999998,32.620000000000005,141.98,-1.1945520336153204,-0.09833333333333272,27.12,equatorial
17.76,25.66,28.57,24.11,90.28,2.17,2.23,1.35,0.49,0.49,2019-05-06,Kumba,2019,5,126,19,3.8899999999999997,4.9399999999999995,29.19,143.37,-1.1909653426306652,-0.466666666666665,27.12,equatorial
21.77,26.24,30.01,23.81,84.47,1.25,1.51,1.75,0.49,0.49,2019-05-07,Kumba,2019,5,127,19,5.02,6.01,23.450000000000003,144.62,-1.1876547579718757,0.08999999999999986,27.12,equatorial
19.44,26.83,31.47,23.68,79.57,0.9,1.58,2.19,0.49,0.48,2019-05-08,Kumba,2019,5,128,19,5.61,6.7299999999999995,21.27,145.51999999999998,-1.185023554549975,0.6316666666666642,27.12,equatorial
14.68,25.44,27.37,23.65,86.43,1.19,0.93,1.32,0.49,0.48,2019-05-09,Kumba,2019,5,129,19,6.609999999999999,7.719999999999999,20.02,146.70999999999998,-1.1818398320108323,-0.7366666666666681,26.83,equatorial
18.06,25.53,29.03,22.89,87.34,6.95,1.32,2.4,0.49,0.52,2019-05-10,Kumba,2019,5,130,19,13.399999999999999,14.59,23.25,153.66,-1.16758796610638,-0.6380000000000017,26.83,equatorial
19.73,25.67,29.0,23.21,85.73,0.14,1.48,1.6,0.5,0.49,2019-05-11,Kumba,2019,5,131,19,13.19,14.69,22.92,153.79999999999998,-1.1664525462294648,-0.5033333333333303,26.83,equatorial
20.19,26.36,29.91,23.53,80.97,0.29,1.22,1.7,0.5,0.48,2019-05-12,Kumba,2019,5,132,19,12.89,14.81,22.759999999999998,154.09,-1.1650311810202996,0.1720000000000006,26.83,equatorial
15.74,25.28,28.23,23.35,88.69,0.29,1.97,0.95,0.49,0.48,2019-05-13,Kumba,2019,5,133,20,11.01,14.9,21.419999999999998,154.38,-1.1636126799759499,-0.9149999999999956,26.83,equatorial
20.51,25.37,28.73,22.94,83.14,0.1,1.45,1.27,0.49,0.48,2019-05-14,Kumba,2019,5,134,20,9.86,14.879999999999999,19.01,154.48,-1.1625621688928993,-0.8433333333333302,26.83,equatorial
18.08,25.16,27.86,23.38,88.28,0.35,1.64,1.04,0.49,0.48,2019-05-15,Kumba,2019,5,135,20,9.309999999999999,14.920000000000002,18.71,154.82999999999998,-1.1610334852100652,-1.0200000000000031,26.36,equatorial
6.25,24.7,26.98,22.89,88.88,2.35,1.94,1.57,0.49,0.48,2019-05-16,Kumba,2019,5,136,20,10.47,17.08,20.919999999999998,156.46,-1.1570484543982145,-1.4646666666666661,26.36,equatorial
19.16,25.55,30.1,22.7,83.01,2.56,1.82,2.43,0.49,0.49,2019-05-17,Kumba,2019,5,137,20,6.08,19.48,23.33,158.81,-1.15168726148707,-0.5786666666666669,26.36,equatorial
21.49,24.8,26.79,22.87,85.2,0.7,1.61,0.93,0.49,0.48,2019-05-18,Kumba,2019,5,138,20,6.640000000000001,19.830000000000002,23.57,159.29,-1.1499276956422946,-1.2963333333333331,26.36,equatorial
19.36,26.3,32.01,21.87,75.5,1.04,1.44,2.72,0.49,0.48,2019-05-19,Kumba,2019,5,139,20,7.390000000000001,20.28,24.35,159.96,-1.1478065160703395,0.18933333333333735,26.3,equatorial
19.62,26.58,31.78,23.2,80.02,1.12,1.99,2.65,0.49,0.47,2019-05-20,Kumba,2019,5,140,21,8.22,19.23,24.560000000000002,160.04,-1.1468224465612102,0.44733333333332936,26.58,equatorial
15.0,25.61,29.2,23.42,84.96,1.78,2.5,1.86,0.48,0.47,2019-05-21,Kumba,2019,5,141,21,9.9,19.76,26.169999999999998,161.63,-1.1429405163844943,-0.5053333333333363,26.58,equatorial
19.52,24.63,26.58,23.28,89.55,2.59,2.67,1.21,0.48,0.48,2019-05-22,Kumba,2019,5,142,21,12.14,21.450000000000003,28.54,164.11,-1.1373562556019117,-1.437666666666665,26.58,equatorial
16.98,26.37,31.45,23.21,78.06,0.77,1.46,2.52,0.49,0.47,2019-05-23,Kumba,2019,5,143,21,10.559999999999999,21.03,29.130000000000003,164.7,-1.1354105078793097,0.30933333333333124,26.58,equatorial
16.57,25.74,29.22,23.33,86.02,2.4,1.41,1.75,0.48,0.47,2019-05-24,Kumba,2019,5,144,21,10.4,16.48,31.35,166.94,-1.1303003257224704,-0.2816666666666663,26.58,equatorial
16.24,25.71,28.45,23.82,90.13,11.56,1.66,1.86,0.5,0.56,2019-05-25,Kumba,2019,5,145,21,21.26,27.9,42.71,178.39,-1.1075164790465273,-0.29266666666666197,26.58,equatorial
13.28,24.46,26.43,22.52,90.12,1.28,2.52,1.1,0.5,0.5,2019-05-26,Kumba,2019,5,146,21,21.500000000000004,28.89,43.910000000000004,178.97,-1.1056360029005792,-1.4799999999999969,26.58,equatorial
15.52,24.41,27.65,22.13,88.52,0.88,2.04,1.39,0.5,0.5,2019-05-27,Kumba,2019,5,147,22,21.26,29.48,44.75,175.76,-1.1110343237752893,-1.4249999999999972,26.37,equatorial
15.63,25.95,31.42,22.54,83.34,2.07,1.89,3.14,0.5,0.49,2019-05-28,Kumba,2019,5,148,22,21.55,31.45,46.650000000000006,177.10000000000002,-1.1076910060453917,0.14166666666666572,26.37,equatorial
11.49,25.01,28.32,23.31,89.52,3.21,2.26,1.82,0.5,0.51,2019-05-29,Kumba,2019,5,149,22,22.17,34.31,49.660000000000004,177.69,-1.1057927463199886,-0.743666666666666,26.37,equatorial
13.29,24.71,27.49,22.78,86.94,1.72,1.97,1.69,0.5,0.5,2019-05-30,Kumba,2019,5,150,22,23.12,33.68,51.260000000000005,177.66,-1.105087733784167,-0.979333333333333,25.95,equatorial
16.99,25.48,29.89,22.33,79.53,1.37,1.37,2.63,0.5,0.49,2019-05-31,Kumba,2019,5,151,22,22.090000000000003,32.49,52.32,176.01,-1.1074932036015548,-0.17666666666666941,25.95,equatorial
13.7,25.54,30.54,22.6,84.0,2.33,2.76,2.82,0.5,0.49,2019-06-01,Kumba,2019,6,152,22,12.86,34.12,54.46,169.8,-1.1186459077376958,-0.06400000000000006,25.95,equatorial
14.44,25.12,29.47,23.05,86.93,2.95,2.75,2.66,0.5,0.49,2019-06-02,Kumba,2019,6,153,22,14.530000000000001,36.03,57.25,164.33,-1.1283617200496774,-0.42933333333333223,25.95,equatorial
15.58,25.32,29.44,22.29,83.26,0.41,1.78,1.94,0.49,0.48,2019-06-03,Kumba,2019,6,154,23,14.06,35.32,57.309999999999995,141.96,-1.1704850615673588,-0.19833333333333059,25.95,equatorial
16.02,26.25,31.24,22.77,81.68,1.35,2.43,2.89,0.49,0.47,2019-06-04,Kumba,2019,6,155,23,13.34,34.89,58.07,139.26999999999998,-1.1747870293430538,0.7240000000000002,26.25,equatorial
10.34,24.68,27.56,23.16,90.18,5.36,2.71,2.15,0.49,0.5,2019-06-05,Kumba,2019,6,156,23,15.490000000000002,37.66,61.26,143.72,-1.1653877181984877,-0.8133333333333326,26.25,equatorial
12.41,23.64,25.26,22.36,94.31,14.85,2.52,1.53,0.52,0.59,2019-06-06,Kumba,2019,6,157,23,28.619999999999997,51.74,74.86,155.09,-1.1427329506486923,-1.7666666666666693,26.25,equatorial
14.14,24.65,28.33,21.98,86.38,1.45,2.16,2.64,0.52,0.52,2019-06-07,Kumba,2019,6,158,23,28.7,50.790000000000006,75.41,156.32000000000002,-1.1395607017810558,-0.684000000000001,26.25,equatorial
13.71,25.7,30.81,21.95,79.68,0.81,1.86,3.4,0.51,0.5,2019-06-08,Kumba,2019,6,159,23,27.18,40.04,75.03,156.48999999999998,-1.1384265607172146,0.35733333333333306,26.25,equatorial
18.12,26.14,31.94,21.61,77.32,0.33,1.81,3.43,0.51,0.48,2019-06-09,Kumba,2019,6,160,23,24.56,39.09,68.41000000000001,154.77,-1.1409184872643945,0.777000000000001,26.25,equatorial
13.96,25.98,30.95,22.43,78.02,0.12,2.49,2.76,0.5,0.48,2019-06-10,Kumba,2019,6,161,24,24.27,38.33,68.39,154.68,-1.140281822482561,0.6066666666666656,26.25,equatorial
12.18,25.2,28.94,22.86,80.18,0.23,2.78,2.01,0.5,0.47,2019-06-11,Kumba,2019,6,162,24,23.15,36.489999999999995,68.33,154.81,-1.1392248580963895,-0.13466666666666782,26.14,equatorial
12.17,25.01,28.66,22.18,83.37,0.29,2.59,1.53,0.49,0.47,2019-06-12,Kumba,2019,6,163,24,18.08,33.56999999999999,68.33,155.0,-1.1380549949164676,-0.3156666666666652,26.14,equatorial
10.15,24.71,28.14,22.46,84.98,0.15,2.92,1.37,0.49,0.47,2019-06-13,Kumba,2019,6,164,24,3.379999999999998,32.0,68.38,154.98999999999998,-1.1372707536358546,-0.5936666666666675,26.14,equatorial
14.28,24.83,29.34,21.86,81.75,0.33,2.22,1.74,0.49,0.47,2019-06-14,Kumba,2019,6,165,24,2.259999999999998,30.96,68.36,155.18,-1.1361048797111843,-0.4626666666666672,26.14,equatorial
14.59,25.62,30.3,22.44,82.13,5.39,1.99,2.93,0.49,0.5,2019-06-15,Kumba,2019,6,166,24,6.839999999999998,34.019999999999996,71.39999999999999,160.07999999999998,-1.1259152130144767,0.29666666666666686,26.14,equatorial
9.96,24.04,26.76,22.09,91.4,10.54,3.13,1.89,0.51,0.57,2019-06-16,Kumba,2019,6,167,24,17.049999999999997,41.61,79.38,169.72,-1.1066585624868361,-1.2330000000000005,25.98,equatorial
11.91,25.47,30.67,21.17,78.08,3.19,1.41,3.87,0.51,0.51,2019-06-17,Kumba,2019,6,168,25,20.119999999999997,44.39,81.87,171.13,-1.1032013464721029,0.17466666666666342,25.62,equatorial
16.29,24.85,27.99,22.43,86.97,3.18,1.56,2.09,0.51,0.51,2019-06-18,Kumba,2019,6,169,25,23.069999999999997,46.22,84.01,173.29999999999998,-1.0982934809652316,-0.397000000000002,25.62,equatorial
15.34,25.11,29.32,22.71,89.08,9.38,2.03,2.73,0.51,0.55,2019-06-19,Kumba,2019,6,170,25,32.16,50.24,92.27,181.60000000000002,-1.081648212718174,-0.08800000000000097,25.62,equatorial
9.56,24.57,28.37,22.54,86.41,1.94,2.67,2.35,0.52,0.54,2019-06-20,Kumba,2019,6,171,25,33.949999999999996,37.33,92.42999999999999,181.51000000000002,-1.081101789409875,-0.5933333333333337,25.62,equatorial
14.31,24.36,27.92,22.21,85.74,0.69,2.5,1.86,0.52,0.51,2019-06-21,Kumba,2019,6,172,25,34.31,36.57,90.53,180.3,-1.0827022710431633,-0.7943333333333342,25.62,equatorial
13.16,24.04,26.48,22.28,91.63,4.15,1.68,1.68,0.52,0.53,2019-06-22,Kumba,2019,6,173,25,33.07,39.910000000000004,93.91,180.20000000000002,-1.082174411422266,-1.0366666666666653,25.47,equatorial
13.48,24.84,29.29,22.12,86.31,1.81,3.05,2.98,0.52,0.52,2019-06-23,Kumba,2019,6,174,25,24.34,41.39,93.32000000000001,181.15,-1.0796363033612963,-0.206666666666667,25.47,equatorial
9.03,23.72,25.99,21.86,87.68,0.6,2.98,1.43,0.52,0.51,2019-06-24,Kumba,2019,6,175,26,21.75,41.87,82.36,180.19,-1.080760883155279,-1.2603333333333389,25.11,equatorial
13.95,24.32,28.81,21.36,83.31,2.87,2.65,2.96,0.51,0.51,2019-06-25,Kumba,2019,6,176,26,21.439999999999998,44.510000000000005,83.95,182.97,-1.0747205059765206,-0.6556666666666651,25.11,equatorial
8.09,24.0,27.88,21.67,86.01,2.25,2.75,2.39,0.51,0.51,2019-06-26,Kumba,2019,6,177,26,14.309999999999997,46.470000000000006,85.32000000000001,185.13000000000002,-1.0698765546619824,-0.9619999999999997,24.84,equatorial
13.72,24.32,28.64,21.56,83.67,1.5,2.3,2.46,0.51,0.5,2019-06-27,Kumba,2019,6,178,26,13.869999999999997,47.82,84.75,186.44000000000003,-1.0666677648465877,-0.5876666666666672,24.84,equatorial
15.55,24.86,29.45,21.61,81.11,0.9,1.79,2.51,0.51,0.5,2019-06-28,Kumba,2019,6,179,26,14.079999999999997,48.39,82.44,186.85999999999999,-1.0651683800500855,-0.04266666666666907,24.86,equatorial
14.69,25.9,31.67,21.73,79.92,2.99,1.54,3.64,0.51,0.49,2019-06-29,Kumba,2019,6,180,26,12.919999999999996,45.99,83.71000000000001,189.67,-1.0590941938411729,0.9576666666666647,25.9,equatorial
9.62,24.36,27.34,22.66,90.73,7.21,2.31,1.98,0.51,0.54,2019-06-30,Kumba,2019,6,181,26,18.319999999999997,42.66,89.55,195.67000000000002,-1.0469193482190475,-0.5449999999999982,25.9,equatorial
13.82,25.27,30.8,21.97,83.36,0.26,2.23,2.36,0.51,0.5,2019-07-01,Kumba,2019,7,182,27,17.979999999999997,39.730000000000004,87.48,194.79,-1.0479370543341169,0.3739999999999988,25.9,equatorial
14.54,25.91,31.19,22.24,80.68,0.27,2.24,2.79,0.51,0.48,2019-07-02,Kumba,2019,7,183,27,15.379999999999995,36.82,84.8,191.99,-1.0526306496366518,0.9876666666666694,25.91,equatorial
11.52,25.87,31.64,22.35,81.76,1.18,2.38,2.45,0.5,0.48,2019-07-03,Kumba,2019,7,184,27,14.309999999999995,28.62,85.57000000000001,185.17,-1.065016315245162,0.9293333333333358,25.91,equatorial
11.58,25.25,29.75,22.79,83.53,1.06,2.55,1.98,0.5,0.49,2019-07-04,Kumba,2019,7,185,27,13.869999999999996,27.74,85.28,175.97,-1.0819423346414607,0.34266666666666623,25.91,equatorial
12.28,25.12,30.03,22.44,83.86,1.3,2.37,2.19,0.5,0.49,2019-07-05,Kumba,2019,7,186,27,14.269999999999996,28.35,81.22,171.67000000000002,-1.089462688233814,0.1980000000000004,25.91,equatorial
12.16,25.55,30.58,22.43,82.24,0.63,2.69,2.17,0.5,0.48,2019-07-06,Kumba,2019,7,187,27,11.909999999999995,24.83,67.0,165.31,-1.1009164295158649,0.5643333333333338,25.91,equatorial
6.86,23.85,26.47,21.91,92.35,5.81,1.93,1.37,0.5,0.52,2019-07-07,Kumba,2019,7,188,27,10.509999999999996,28.83,71.36,168.04,-1.0949519944833304,-1.1089999999999982,25.91,equatorial
9.34,23.55,27.4,21.85,85.13,2.07,2.55,2.31,0.5,0.5,2019-07-08,Kumba,2019,7,189,28,12.319999999999997,30.299999999999997,72.61999999999999,167.67,-1.0949309183228568,-1.3373333333333335,25.91,equatorial
15.06,24.75,29.66,21.39,79.78,0.7,2.89,2.77,0.5,0.48,2019-07-09,Kumba,2019,7,190,28,12.749999999999996,28.130000000000003,72.99,164.65,-1.0999828010754984,-0.09100000000000108,25.87,equatorial
7.13,24.78,29.7,21.82,78.8,1.28,2.76,2.62,0.5,0.48,2019-07-10,Kumba,2019,7,191,28,12.849999999999998,27.16,74.15,165.46,-1.097696930229621,-0.020999999999997243,25.55,equatorial
13.08,23.46,26.76,21.57,88.44,12.45,2.92,2.6,0.51,0.55,2019-07-11,Kumba,2019,7,192,28,24.239999999999995,38.11,86.37,177.46,-1.0739974362983908,-1.2830000000000013,25.55,equatorial
14.86,22.95,24.49,22.03,93.39,9.02,1.37,1.24,0.53,0.59,2019-07-12,Kumba,2019,7,193,28,31.959999999999994,46.23,95.1,184.85000000000002,-1.0591543880634113,-1.7243333333333304,25.55,equatorial
13.97,24.55,29.46,21.18,82.06,2.0,1.51,3.17,0.53,0.52,2019-07-13,Kumba,2019,7,194,28,33.33,45.239999999999995,96.95,184.34,-1.059451752450594,-0.11899999999999977,24.78,equatorial
10.13,24.05,28.35,21.8,90.4,32.54,2.27,2.28,0.53,0.61,2019-07-14,Kumba,2019,7,195,28,60.059999999999995,70.57,129.16,216.23,-0.9977371047180337,-0.5929999999999964,24.78,equatorial
9.89,23.18,25.62,21.75,91.52,39.09,2.4,2.61,0.63,0.76,2019-07-15,Kumba,2019,7,196,29,97.08,109.4,162.86,255.18,-0.9225787454995775,-1.3816666666666677,24.78,equatorial
16.9,24.58,29.12,20.71,83.63,7.92,1.26,4.64,0.63,0.69,2019-07-16,Kumba,2019,7,197,29,104.3,117.05,160.24,262.95,-0.9071887679212026,0.0003333333333337407,24.78,equatorial
14.14,24.19,27.91,21.82,90.18,8.58,2.16,3.21,0.62,0.68,2019-07-17,Kumba,2019,7,198,29,111.6,124.44999999999999,165.63,271.07000000000005,-0.8911440914782303,-0.34699999999999775,24.58,equatorial
11.84,23.75,25.86,22.48,94.08,96.42,3.01,2.73,0.72,0.92,2019-07-18,Kumba,2019,7,199,29,195.57,219.81,258.87,367.23,-0.7065172634814868,-0.7503333333333337,24.58,equatorial
15.12,22.69,24.06,21.21,93.43,41.02,2.38,2.04,0.79,0.88,2019-07-19,Kumba,2019,7,200,29,227.57,259.53000000000003,290.51,407.34000000000003,-0.6293631595363444,-1.7296666666666631,24.58,equatorial
17.34,23.05,26.52,20.44,88.22,6.1,1.75,3.92,0.79,0.82,2019-07-20,Kumba,2019,7,201,29,231.67,265.0,294.67,413.27,-0.6177366333934644,-1.3190000000000026,24.58,equatorial
15.31,23.26,26.69,20.65,89.27,9.09,2.37,4.83,0.78,0.81,2019-07-21,Kumba,2019,7,202,29,208.22,268.28000000000003,303.07,422.14000000000004,-0.6004811623039632,-1.072333333333333,24.58,equatorial
14.12,23.17,26.56,21.05,90.26,9.58,1.95,4.0,0.79,0.81,2019-07-22,Kumba,2019,7,203,30,178.71,275.79,308.5,431.54,-0.5822172597606873,-1.1333333333333329,24.58,equatorial
14.88,24.03,27.84,21.6,89.03,13.21,1.65,4.46,0.79,0.82,2019-07-23,Kumba,2019,7,204,30,184.00000000000003,288.3,319.9,444.57,-0.5570009981499889,-0.2463333333333324,24.19,equatorial
13.98,23.75,26.82,21.74,92.01,14.37,2.36,3.46,0.8,0.83,2019-07-24,Kumba,2019,7,205,30,189.79,301.39,333.67,458.74,-0.5296077460538018,-0.5273333333333312,24.03,equatorial
12.09,23.86,26.95,22.03,93.22,43.97,3.1,3.89,0.83,0.89,2019-07-25,Kumba,2019,7,206,30,137.34,332.91,374.77,502.63000000000005,-0.4452125181924898,-0.402000000000001,24.03,equatorial
11.39,23.83,27.12,21.85,92.56,42.04,2.76,4.19,0.88,0.9,2019-07-26,Kumba,2019,7,207,30,138.35999999999999,365.93,414.56,544.63,-0.3644614988470935,-0.4263333333333357,24.03,equatorial
11.47,23.25,25.89,21.75,93.38,44.01,2.82,3.29,0.89,0.91,2019-07-27,Kumba,2019,7,208,30,176.26999999999998,407.94000000000005,457.07,588.47,-0.28018958274335104,-0.9706666666666663,24.03,equatorial
11.8,22.71,25.08,21.14,93.33,68.08,2.59,3.51,0.95,0.95,2019-07-28,Kumba,2019,7,209,30,235.26,443.48,524.25,656.35,-0.14976482381871442,-1.439,24.03,equatorial
11.25,23.52,27.52,20.89,90.28,9.25,2.37,5.56,0.95,0.91,2019-07-29,Kumba,2019,7,210,31,234.93,413.64,530.51,665.48,-0.1321832141260253,-0.549666666666667,24.03,equatorial
10.27,23.59,27.86,20.95,90.97,10.84,2.49,5.28,0.94,0.91,2019-07-30,Kumba,2019,7,211,31,232.56,416.56,534.14,676.0100000000001,-0.1119122023476706,-0.4539999999999971,23.86,equatorial
10.89,23.3,26.77,21.44,92.17,10.58,2.14,3.61,0.94,0.91,2019-07-31,Kumba,2019,7,212,31,228.76999999999998,418.56,544.46,686.4,-0.09191053183365833,-0.6783333333333346,23.86,equatorial
5.73,22.59,24.46,21.38,95.52,40.97,2.25,1.63,0.95,0.93,2019-08-01,Kumba,2019,8,213,31,225.76999999999998,363.10999999999996,585.16,727.21,-0.013429170571923957,-1.2776666666666685,23.83,equatorial
11.27,22.62,24.89,21.3,94.54,56.71,2.32,2.4,0.98,0.96,2019-08-02,Kumba,2019,8,214,31,240.44,378.8,640.69,783.57,0.0949545260196642,-1.1393333333333366,23.59,equatorial
15.56,23.64,27.57,21.27,90.91,12.84,2.18,5.25,0.98,0.95,2019-08-03,Kumba,2019,8,215,31,209.27,385.54,652.4699999999999,795.8199999999999,0.11848937130649984,-0.06566666666666876,23.64,equatorial
14.31,23.23,26.22,21.19,93.05,17.92,2.03,3.13,0.98,0.95,2019-08-04,Kumba,2019,8,216,31,159.11,394.37,669.09,811.57,0.14875813335460392,-0.41266666666667007,23.64,equatorial
9.01,22.91,25.35,21.41,94.12,25.37,2.17,2.58,0.98,0.95,2019-08-05,Kumba,2019,8,217,32,175.23000000000002,410.16,693.83,835.69,0.19513519334221635,-0.6446666666666658,23.64,equatorial
13.71,23.57,27.64,21.51,91.43,17.01,2.04,4.61,0.98,0.96,2019-08-06,Kumba,2019,8,218,32,181.4,413.96,705.0300000000001,851.8000000000001,0.22608936107259076,0.024666666666664838,23.64,equatorial
9.98,22.78,24.92,21.4,94.66,22.96,2.5,2.55,0.98,0.96,2019-08-07,Kumba,2019,8,219,32,193.78000000000003,422.55,725.92,873.57,0.267940818667816,-0.7396666666666682,23.64,equatorial
8.45,23.23,26.64,20.96,92.88,40.46,2.25,3.85,0.99,0.97,2019-08-08,Kumba,2019,8,220,32,193.26999999999998,419.04,765.68,907.08,0.33240129899536075,-0.23899999999999721,23.64,equatorial
10.22,22.96,25.64,21.24,94.17,33.58,2.48,3.21,0.99,0.97,2019-08-09,Kumba,2019,8,221,32,170.14000000000001,410.58,797.98,940.52,0.39671725598768937,-0.44833333333333414,23.64,equatorial
11.69,23.32,26.97,20.74,91.35,18.5,2.43,5.61,0.99,0.97,2019-08-10,Kumba,2019,8,222,32,175.8,385.07,804.0300000000001,958.73,0.4316719598492304,-0.08366666666666589,23.57,equatorial
13.89,23.47,27.31,20.97,92.0,19.05,2.51,5.3,0.99,0.96,2019-08-11,Kumba,2019,8,223,32,176.93,336.04,814.06,977.49,0.4676786553813856,0.04899999999999949,23.57,equatorial
13.46,23.59,27.18,21.29,92.55,20.68,2.54,4.61,0.99,0.96,2019-08-12,Kumba,2019,8,224,33,172.23999999999998,347.47,832.74,998.07,0.5071841780957631,0.2010000000000005,23.59,equatorial
14.32,23.69,27.4,21.53,92.4,20.68,2.38,4.61,0.99,0.96,2019-08-13,Kumba,2019,8,225,33,175.91,357.31000000000006,820.88,1018.4,0.546195046523105,0.31299999999999883,23.69,equatorial
15.41,23.92,27.61,21.39,91.48,13.1,2.49,5.73,0.99,0.96,2019-08-14,Kumba,2019,8,226,33,166.04999999999998,359.83,794.89,1029.1499999999999,0.5667166035090256,0.518333333333338,23.92,equatorial
14.87,23.86,27.36,21.61,91.52,11.88,2.13,4.55,0.98,0.95,2019-08-15,Kumba,2019,8,227,33,137.47,330.74,798.85,1038.47,0.5844720459258147,0.48233333333333306,23.92,equatorial
14.58,23.56,26.71,21.52,92.63,14.2,2.44,4.1,0.98,0.95,2019-08-16,Kumba,2019,8,228,33,118.09,288.22999999999996,804.4699999999999,1051.97,0.6102843555909472,0.20333333333333314,23.92,equatorial
12.44,23.42,26.29,21.47,92.67,17.82,2.38,3.6,0.98,0.95,2019-08-17,Kumba,2019,8,229,33,117.41,293.21000000000004,725.87,1068.75,0.6424138187518196,0.07433333333333536,23.92,equatorial
13.37,23.88,27.55,21.39,90.69,19.02,2.47,5.72,0.98,0.95,2019-08-18,Kumba,2019,8,230,33,117.38,294.31,703.87,1086.65,0.6766885101222128,0.4946666666666637,23.92,equatorial
11.7,23.34,26.37,21.56,92.11,42.95,2.32,4.65,0.99,0.96,2019-08-19,Kumba,2019,8,231,34,139.65,311.89,740.72,1127.82,0.7558531031605736,-0.054999999999999716,23.92,equatorial
12.78,23.53,26.7,20.92,91.56,10.15,2.04,4.32,0.99,0.95,2019-08-20,Kumba,2019,8,232,34,129.12,305.03000000000003,741.78,1135.38,0.7700938251469791,0.12600000000000122,23.92,equatorial
12.61,23.42,26.33,21.71,92.64,7.87,1.81,2.73,0.98,0.95,2019-08-21,Kumba,2019,8,233,34,123.89,289.94,740.07,1142.48,0.7834367730001828,0.007666666666668931,23.88,equatorial
14.26,24.01,27.62,21.79,89.2,8.13,1.47,4.13,0.98,0.95,2019-08-22,Kumba,2019,8,234,34,120.14,257.61,734.99,1148.21,0.7941254823233858,0.5983333333333327,24.01,equatorial
11.67,22.79,24.4,21.34,93.88,44.05,2.69,2.93,0.98,0.96,2019-08-23,Kumba,2019,8,235,34,149.99,268.08,764.67,1180.7,0.8564681641413076,-0.5896666666666697,24.01,equatorial
14.67,22.87,25.83,21.1,90.38,29.02,1.45,3.89,0.99,0.97,2019-08-24,Kumba,2019,8,236,34,161.19,278.6,749.72,1208.44,0.9095845068320666,-0.4766666666666701,24.01,equatorial
15.03,22.26,24.41,20.72,92.78,0.8,1.78,2.24,0.99,0.96,2019-08-25,Kumba,2019,8,237,34,142.97,260.34999999999997,708.48,1208.36,0.9089407589558278,-1.0343333333333327,24.01,equatorial
15.57,23.04,26.64,20.51,90.73,8.8,2.0,4.8,0.98,0.96,2019-08-26,Kumba,2019,8,238,35,108.82000000000001,248.47,673.27,1215.09,0.9214457373989053,-0.24733333333333363,24.01,equatorial
15.36,22.78,25.81,21.14,92.15,17.67,2.0,3.65,0.98,0.96,2019-08-27,Kumba,2019,8,239,35,116.34,245.46,622.86,1229.55,0.9488624219972619,-0.5096666666666643,24.01,equatorial
14.22,23.36,26.87,20.78,90.65,7.59,1.96,4.82,0.98,0.95,2019-08-28,Kumba,2019,8,240,35,116.06,239.95000000000002,621.1999999999999,1235.4199999999998,0.9596656240929713,0.07566666666666677,24.01,equatorial
16.5,23.85,27.37,21.33,91.8,10.67,2.11,4.1,0.98,0.95,2019-08-29,Kumba,2019,8,241,35,118.6,238.73999999999998,621.0300000000001,1244.72,0.9770795220481349,0.5569999999999986,23.85,equatorial
17.34,24.1,27.25,22.08,90.98,9.36,2.31,4.98,0.98,0.95,2019-08-30,Kumba,2019,8,242,35,83.91,233.9,619.8100000000001,1251.75,0.990091442446932,0.7803333333333349,24.1,equatorial
11.31,23.54,26.72,21.49,91.78,11.47,2.63,5.16,0.97,0.94,2019-08-31,Kumba,2019,8,243,35,66.36000000000001,227.55,590.31,1260.27,1.0059651622366355,0.18866666666666632,24.1,equatorial
14.72,23.26,26.31,21.13,90.62,16.91,1.77,3.96,0.97,0.94,2019-09-01,Kumba,2019,9,244,35,82.47000000000001,225.44,550.51,1276.77,1.037225559031249,-0.11266666666666225,24.1,equatorial
14.98,23.8,27.45,21.4,91.25,41.59,2.31,4.89,0.99,0.96,2019-09-02,Kumba,2019,9,245,36,115.26,224.08,579.26,1317.01,1.114269792028913,0.4220000000000006,24.1,equatorial
14.79,23.54,26.7,21.75,91.36,5.58,1.97,4.32,0.98,0.95,2019-09-03,Kumba,2019,9,246,36,103.17,219.51000000000002,566.92,1317.23,1.1139630236190936,0.15166666666666728,24.1,equatorial
13.47,23.69,26.62,21.24,92.18,9.5,2.19,4.23,0.98,0.94,2019-09-04,Kumba,2019,9,247,36,105.08000000000001,221.14000000000001,551.05,1311.88,1.1029075168292422,0.2756666666666696,24.1,equatorial
10.61,23.81,26.72,21.94,93.73,18.66,2.3,2.9,0.98,0.95,2019-09-05,Kumba,2019,9,248,36,113.07000000000002,231.67000000000002,552.6999999999999,1329.09,1.1354034329015126,0.3876666666666644,24.1,equatorial
17.3,23.84,26.73,22.18,92.69,20.81,1.94,3.43,0.98,0.95,2019-09-06,Kumba,2019,9,249,36,124.52000000000001,208.43,550.5500000000001,1349.0900000000001,1.1732326107849187,0.38233333333333164,23.84,equatorial
13.2,23.93,27.2,22.08,92.64,29.39,2.43,4.06,0.99,0.96,2019-09-07,Kumba,2019,9,250,36,142.44000000000003,208.8,539.48,1378.15,1.2284762404712783,0.44899999999999807,23.93,equatorial
13.62,23.65,26.66,21.45,88.57,22.0,1.62,3.72,0.99,0.96,2019-09-08,Kumba,2019,9,251,36,147.53,230.0,527.9,1400.03,1.2697732703187283,0.14599999999999724,23.93,equatorial
14.12,23.07,26.39,20.63,89.33,10.0,1.77,4.4,0.99,0.96,2019-09-09,Kumba,2019,9,252,37,115.94,231.20000000000002,519.4,1409.8,1.2876429270236858,-0.4256666666666682,23.93,equatorial
13.36,22.78,26.68,19.9,89.34,4.05,2.36,5.95,0.98,0.95,2019-09-10,Kumba,2019,9,253,37,114.41,217.58,504.40000000000003,1413.56,1.293892977353906,-0.6926666666666677,23.93,equatorial
15.19,22.93,26.32,20.57,88.88,5.06,1.86,5.19,0.97,0.94,2019-09-11,Kumba,2019,9,254,37,109.97,215.05,488.78000000000003,1418.47,1.3023474939256106,-0.520666666666667,23.93,equatorial
17.41,23.95,28.36,20.73,88.74,8.21,1.68,5.15,0.97,0.94,2019-09-12,Kumba,2019,9,255,37,99.52000000000001,212.59,476.31,1426.35,1.3165081862311947,0.4906666666666659,23.95,equatorial
14.42,24.16,27.83,21.63,91.6,7.64,2.56,5.07,0.97,0.93,2019-09-13,Kumba,2019,9,256,37,86.35000000000001,210.87,470.84999999999997,1428.6000000000001,1.319795158223735,0.6926666666666677,24.16,equatorial
12.11,23.71,26.55,22.12,93.94,7.4,2.57,3.07,0.96,0.93,2019-09-14,Kumba,2019,9,257,37,64.36,206.8,466.37,1425.46,1.312694945515567,0.24766666666666737,24.16,equatorial
14.47,24.12,27.4,22.15,92.36,7.23,2.12,3.82,0.96,0.93,2019-09-15,Kumba,2019,9,258,37,49.59,197.12,459.40000000000003,1429.5,1.3194349170295523,0.6389999999999993,24.16,equatorial
16.18,24.12,27.26,21.96,91.88,10.33,2.21,3.54,0.96,0.93,2019-09-16,Kumba,2019,9,259,38,49.92,165.86,451.91,1436.65,1.3321485837144431,0.6156666666666695,24.16,equatorial
14.08,23.76,26.68,21.82,91.55,5.63,2.01,3.86,0.96,0.92,2019-09-17,Kumba,2019,9,260,38,51.5,165.91,438.52000000000004,1432.8999999999999,1.3238577553582607,0.2596666666666678,24.16,equatorial
14.51,24.14,28.22,21.54,90.36,24.05,2.1,5.04,0.96,0.93,2019-09-18,Kumba,2019,9,261,38,70.49,180.45999999999998,419.62,1455.01,1.3653434460785399,0.6130000000000031,24.16,equatorial
12.91,23.65,26.4,21.73,90.73,12.54,1.62,3.76,0.97,0.94,2019-09-19,Kumba,2019,9,262,38,74.82000000000001,174.34,422.01,1466.8600000000001,1.3870031324932168,0.11899999999999977,24.16,equatorial
16.69,24.51,28.97,21.14,87.35,4.85,1.62,6.22,0.96,0.92,2019-09-20,Kumba,2019,9,263,38,72.03,158.38,418.99,1467.56,1.387173684512165,0.9426666666666677,24.51,equatorial
14.91,23.97,26.64,22.24,92.73,3.39,1.53,2.2,0.96,0.92,2019-09-21,Kumba,2019,9,264,38,68.02,132.38,414.25,1469.14,1.3890359800981325,0.4039999999999999,24.51,equatorial
17.85,24.45,27.78,22.3,91.09,10.94,1.77,4.27,0.96,0.92,2019-09-22,Kumba,2019,9,265,38,71.73,121.32000000000001,381.14,1479.48,1.4077301657155072,0.8286666666666669,24.51,equatorial
16.82,24.28,27.26,22.55,92.99,20.05,1.83,2.91,0.96,0.93,2019-09-23,Kumba,2019,9,266,39,81.45,131.37,372.17,1496.66,1.4395222136830286,0.6116666666666681,24.51,equatorial
13.95,24.15,26.98,22.33,93.37,8.09,2.48,3.47,0.96,0.93,2019-09-24,Kumba,2019,9,267,39,83.91,135.41,379.46,1502.5,1.4494591468348712,0.41866666666666674,24.51,equatorial
13.7,23.87,26.43,22.22,92.85,23.72,2.51,3.79,0.97,0.94,2019-09-25,Kumba,2019,9,268,39,83.58,154.07,394.38,1524.72,1.4908179103412,0.11100000000000065,24.51,equatorial
11.41,23.8,26.71,21.88,90.65,4.25,1.99,4.4,0.97,0.93,2019-09-26,Kumba,2019,9,269,39,75.29,150.10999999999999,380.96000000000004,1528.0700000000002,1.4958588969628979,0.006999999999997897,24.51,equatorial
9.88,23.38,26.22,21.55,91.16,10.4,1.92,3.88,0.97,0.93,2019-09-27,Kumba,2019,9,270,39,80.83999999999999,152.87,383.77,1535.48,1.5086752385351836,-0.4136666666666713,24.45,equatorial
15.17,23.53,26.52,21.42,89.96,2.01,2.0,4.35,0.96,0.92,2019-09-28,Kumba,2019,9,271,39,79.46,147.48000000000002,375.11,1530.28,1.4972779546462032,-0.2530000000000001,24.45,equatorial
14.87,22.97,26.02,20.88,90.87,8.64,2.14,4.24,0.96,0.92,2019-09-29,Kumba,2019,9,272,39,77.16,148.89,374.39000000000004,1538.66,1.5119417054733646,-0.7753333333333359,24.28,equatorial
14.89,23.42,26.91,21.13,89.13,4.67,2.25,5.54,0.96,0.92,2019-09-30,Kumba,2019,9,273,40,61.78,143.23,367.59,1543.0600000000002,1.5189408619285272,-0.3213333333333317,24.15,equatorial
16.15,24.45,28.81,21.2,86.13,5.94,1.54,5.95,0.95,0.91,2019-10-01,Kumba,2019,10,274,40,59.629999999999995,143.54000000000002,356.62000000000006,1547.82,1.526611136163174,0.6689999999999969,24.45,equatorial
12.62,23.03,24.7,21.94,95.87,33.85,2.81,1.72,0.96,0.93,2019-10-02,Kumba,2019,10,275,40,69.75999999999999,153.34,348.88,1580.6100000000001,1.5879219431443108,-0.7253333333333316,24.45,equatorial
14.86,22.8,24.98,21.39,93.2,41.23,2.1,2.95,0.98,0.95,2019-10-03,Kumba,2019,10,276,40,106.74,182.03,384.53000000000003,1620.5400000000002,1.6627089977554403,-0.9306666666666636,24.45,equatorial
15.96,22.9,25.28,21.38,94.34,15.65,2.11,2.04,0.98,0.95,2019-10-04,Kumba,2019,10,277,40,111.99000000000001,192.83,390.68,1635.56,1.689627726132424,-0.8043333333333358,24.45,equatorial
16.6,23.92,28.02,20.33,87.86,0.71,1.67,5.55,0.98,0.94,2019-10-05,Kumba,2019,10,278,40,110.69,190.15,372.73,1630.46,1.6780108117966954,0.21199999999999974,24.45,equatorial
13.83,23.21,25.47,21.29,93.3,3.3,2.27,2.47,0.97,0.94,2019-10-06,Kumba,2019,10,279,40,105.35,182.51,355.21999999999997,1631.6899999999998,1.6785216379572396,-0.47699999999999676,24.45,equatorial
8.79,23.6,27.09,21.61,90.28,16.39,2.07,4.3,0.97,0.94,2019-10-07,Kumba,2019,10,280,41,117.07,178.85,342.22,1647.38,1.7066332915865736,-0.07599999999999696,24.45,equatorial
16.27,23.63,27.67,20.89,88.23,1.67,1.99,5.58,0.97,0.93,2019-10-08,Kumba,2019,10,281,41,112.8,172.43,321.89,1647.7700000000002,1.7054623266445925,-0.045333333333335446,23.92,equatorial
17.64,23.92,27.92,20.8,87.43,0.61,1.59,5.09,0.96,0.92,2019-10-09,Kumba,2019,10,282,41,79.55999999999999,149.32000000000002,312.5,1635.93,1.6809753082959562,0.21633333333333482,23.92,equatorial
16.0,23.64,27.2,21.07,87.8,3.03,1.61,3.87,0.95,0.92,2019-10-10,Kumba,2019,10,283,41,41.36,148.10000000000002,311.48,1629.94,1.6677167495393825,-0.09233333333333249,23.92,equatorial
12.04,23.83,27.22,21.94,92.31,13.48,2.15,3.76,0.96,0.92,2019-10-11,Kumba,2019,10,284,41,39.19,151.18,319.9,1641.42,1.68777955763002,0.0676666666666641,23.92,equatorial
17.97,23.18,25.12,21.6,93.1,13.42,1.79,2.09,0.96,0.93,2019-10-12,Kumba,2019,10,285,41,51.9,162.59,325.11,1622.3000000000002,1.6495174731814568,-0.5566666666666684,23.92,equatorial
16.7,24.12,27.97,21.22,90.87,6.25,2.2,4.27,0.96,0.92,2019-10-13,Kumba,2019,10,286,41,54.849999999999994,160.2,323.72,1589.46,1.5852583316773772,0.38466666666666427,24.12,equatorial
11.45,23.73,25.59,22.44,96.18,17.47,2.43,1.54,0.96,0.93,2019-10-14,Kumba,2019,10,287,42,55.92999999999999,173.0,333.78999999999996,1599.01,1.601836133716163,-0.006000000000000227,24.12,equatorial
15.92,23.38,25.71,21.66,93.57,16.13,1.91,2.62,0.97,0.93,2019-10-15,Kumba,2019,10,288,42,70.39,183.18999999999997,342.68999999999994,1606.56,1.6145618809740556,-0.3313333333333368,24.12,equatorial
16.24,23.23,25.72,21.48,91.61,17.44,1.79,3.18,0.97,0.94,2019-10-16,Kumba,2019,10,289,42,87.22,166.77999999999997,349.79999999999995,1527.58,1.4627472766923582,-0.451666666666668,24.12,equatorial
13.65,23.49,26.74,21.12,90.09,3.56,1.99,4.71,0.97,0.93,2019-10-17,Kumba,2019,10,290,42,87.75,129.10999999999999,347.72999999999996,1490.12,1.3902227244725347,-0.18266666666666964,24.12,equatorial
12.76,23.43,27.08,21.12,89.35,4.18,2.13,5.69,0.96,0.93,2019-10-18,Kumba,2019,10,291,42,78.44999999999999,117.63999999999999,327.85999999999996,1488.2,1.3854103279130658,-0.2190000000000012,24.12,equatorial
10.84,23.15,26.55,20.44,87.79,0.75,1.42,3.92,0.96,0.92,2019-10-19,Kumba,2019,10,292,42,65.77999999999999,117.67999999999999,316.07,1479.8600000000001,1.3684088958503517,-0.4823333333333366,24.12,equatorial
15.18,23.66,28.0,20.84,81.94,0.37,1.43,4.31,0.95,0.91,2019-10-20,Kumba,2019,10,293,42,59.9,114.75,311.59,1470.6499999999999,1.349790867618762,0.05600000000000094,23.73,equatorial
14.83,23.8,27.7,20.24,85.47,1.03,1.46,4.71,0.94,0.9,2019-10-21,Kumba,2019,10,294,43,43.46,99.39,309.23,1458.4699999999998,1.3255697195535872,0.20166666666666444,23.8,equatorial
14.74,23.18,24.93,21.84,95.69,44.01,2.25,1.69,0.95,0.93,2019-10-22,Kumba,2019,10,295,43,71.34,141.73,342.3,1488.1100000000001,1.3808179278697057,-0.37599999999999767,23.8,equatorial
13.88,23.19,24.73,21.84,96.16,5.99,1.87,1.08,0.97,0.93,2019-10-23,Kumba,2019,10,296,43,59.89,147.10999999999999,328.24,1450.1299999999999,1.3075667987256032,-0.3296666666666681,23.8,equatorial
12.84,23.78,27.38,21.34,89.84,1.19,1.97,4.73,0.96,0.92,2019-10-24,Kumba,2019,10,297,43,57.519999999999996,145.26999999999998,321.34000000000003,1409.28,1.2290034504807004,0.27266666666666595,23.8,equatorial
18.54,24.52,28.55,21.3,88.23,2.39,1.74,5.52,0.96,0.92,2019-10-25,Kumba,2019,10,298,43,55.73,134.18,300.01,1367.66,1.149107117918081,0.9909999999999997,24.52,equatorial
14.81,23.76,26.16,21.63,91.95,4.15,2.26,3.25,0.95,0.92,2019-10-26,Kumba,2019,10,299,43,59.129999999999995,124.91,299.90999999999997,1303.73,1.0269597357808253,0.2323333333333366,24.52,equatorial
13.84,23.27,26.49,21.4,90.77,9.11,2.19,4.19,0.95,0.91,2019-10-27,Kumba,2019,10,300,43,67.86999999999999,127.77,298.62,1303.5900000000001,1.0260949508517563,-0.2539999999999978,24.52,equatorial
15.39,23.07,25.88,21.04,89.15,5.4,1.49,3.4,0.95,0.91,2019-10-28,Kumba,2019,10,301,44,72.24,115.7,302.01000000000005,1298.1499999999999,1.0151669681708826,-0.4386666666666663,24.52,equatorial
17.89,23.84,28.09,20.15,84.42,0.7,1.38,4.37,0.94,0.91,2019-10-29,Kumba,2019,10,302,44,28.93,100.27,294.07,1288.27,0.9958203249305592,0.30233333333333334,24.52,equatorial
18.72,24.35,28.91,20.73,88.72,4.18,1.95,4.92,0.94,0.9,2019-10-30,Kumba,2019,10,303,44,27.119999999999997,87.01,293.58000000000004,1251.48,0.9253884017270283,0.7813333333333325,24.52,equatorial
14.95,23.89,25.9,22.17,93.5,12.49,1.71,1.84,0.94,0.91,2019-10-31,Kumba,2019,10,304,44,38.42,95.94,300.13,1207.26,0.8409076051115586,0.33999999999999986,24.52,equatorial
17.9,24.36,28.07,21.53,88.13,3.46,1.67,4.43,0.94,0.9,2019-11-01,Kumba,2019,11,305,44,39.49,95.22,269.74,1197.88,0.8226814729962133,0.7656666666666645,24.36,equatorial
16.05,24.31,27.44,22.14,89.48,3.88,1.52,3.56,0.94,0.9,2019-11-02,Kumba,2019,11,306,44,39.22,98.35000000000001,232.39,1183.84,0.7956152272152225,0.6653333333333293,24.36,equatorial
15.9,24.05,26.17,22.33,92.28,7.56,1.34,1.66,0.94,0.9,2019-11-03,Kumba,2019,11,307,44,37.67,105.54,224.3,1166.0300000000002,0.7614039589453271,0.3670000000000009,24.36,equatorial
9.26,23.84,26.12,22.17,92.36,6.17,1.46,1.92,0.94,0.9,2019-11-04,Kumba,2019,11,308,45,38.44,110.67999999999999,229.76,1155.19,0.740461878081736,0.1596666666666664,24.36,equatorial
16.4,23.77,26.59,21.95,92.86,4.32,1.3,1.47,0.94,0.9,2019-11-05,Kumba,2019,11,309,45,42.06,70.99,230.77999999999997,1136.55,0.7047056575717433,0.07099999999999795,24.36,equatorial
16.47,25.11,29.72,21.67,87.68,16.08,1.6,5.28,0.94,0.91,2019-11-06,Kumba,2019,11,310,45,53.96,81.08,230.47,1112.17,0.6580555771401695,1.360666666666667,25.11,equatorial
17.08,24.26,26.45,22.82,93.81,58.96,1.88,2.13,0.97,0.95,2019-11-07,Kumba,2019,11,311,45,100.43,138.85,287.76,1137.5500000000002,0.7060509106411292,0.48966666666666825,25.11,equatorial
17.43,24.71,27.17,23.18,92.73,3.19,1.48,2.22,0.97,0.93,2019-11-08,Kumba,2019,11,312,45,100.16000000000001,139.64999999999998,290.34,1122.24,0.676636057374078,0.913333333333334,25.11,equatorial
13.18,24.61,27.64,22.49,92.71,8.25,1.85,2.48,0.96,0.93,2019-11-09,Kumba,2019,11,313,45,104.53,143.75,295.56,1111.4399999999998,0.6558149229136236,0.7809999999999988,25.11,equatorial
13.23,24.39,26.48,22.67,91.0,10.61,1.35,2.18,0.97,0.94,2019-11-10,Kumba,2019,11,314,45,107.58,145.25,292.69,1101.3700000000001,0.6363926712271138,0.5423333333333318,25.11,equatorial
12.52,24.45,27.75,22.58,92.4,4.91,2.04,2.85,0.96,0.93,2019-11-11,Kumba,2019,11,315,46,106.32000000000001,144.76,284.18,1085.6,0.606132816730615,0.5599999999999987,25.11,equatorial
3.56,24.23,26.77,22.64,87.69,10.49,0.98,2.12,0.97,0.93,2019-11-12,Kumba,2019,11,316,46,112.49,154.55,288.42,1082.99,0.6009322135030603,0.3363333333333358,25.11,equatorial
20.24,24.28,28.37,21.1,87.91,0.74,1.25,3.05,0.96,0.93,2019-11-13,Kumba,2019,11,317,46,97.15,151.10999999999999,271.69,1071.85,0.5794960521178889,0.3680000000000021,24.71,equatorial
15.49,24.73,28.8,21.86,90.26,2.88,1.82,3.92,0.96,0.92,2019-11-14,Kumba,2019,11,318,46,41.07,141.5,258.44,1060.53,0.5577251995255039,0.7730000000000032,24.73,equatorial
15.08,25.03,28.17,23.02,88.73,3.28,1.09,1.74,0.96,0.92,2019-11-15,Kumba,2019,11,319,46,41.160000000000004,141.32,244.28,1045.99,0.5298295975073266,1.0130000000000017,25.03,equatorial
15.23,24.75,27.74,22.76,92.54,13.94,1.67,2.63,0.96,0.92,2019-11-16,Kumba,2019,11,320,46,46.85,151.38,254.66,1040.91,0.5199625757868701,0.690999999999999,25.03,equatorial
17.34,24.3,25.84,22.49,93.84,14.63,1.36,1.5,0.97,0.93,2019-11-17,Kumba,2019,11,321,46,50.870000000000005,158.45000000000002,265.11,1012.59,0.4658197368618322,0.21199999999999974,25.03,equatorial
19.88,25.47,29.55,22.25,87.68,0.45,1.43,4.78,0.96,0.92,2019-11-18,Kumba,2019,11,322,47,46.41,152.73,264.81,1002.89,0.4471749783862307,1.304666666666666,25.47,equatorial
18.12,25.71,29.86,22.97,86.25,0.78,1.29,4.77,0.95,0.92,2019-11-19,Kumba,2019,11,323,47,36.7,149.19,265.21999999999997,995.8000000000001,0.4335096213885242,1.4763333333333293,25.71,equatorial
9.91,24.63,27.92,22.69,92.94,4.94,2.01,2.61,0.95,0.91,2019-11-20,Kumba,2019,11,324,47,40.900000000000006,138.05,269.13,992.61,0.4272831816986449,0.36866666666666603,25.71,equatorial
9.79,23.83,25.48,22.33,93.89,4.25,1.96,2.0,0.95,0.91,2019-11-21,Kumba,2019,11,325,47,42.269999999999996,83.34,229.37,952.81,0.35123730889194094,-0.45300000000000296,25.71,equatorial
15.99,24.36,27.68,21.95,88.65,0.68,1.58,3.47,0.95,0.91,2019-11-22,Kumba,2019,11,326,47,39.67,80.83,224.06,924.4699999999999,0.29706298617333954,0.038000000000000256,25.71,equatorial
17.48,25.57,30.02,22.16,84.63,0.34,1.02,4.48,0.94,0.9,2019-11-23,Kumba,2019,11,327,47,26.07,72.92,223.20999999999998,924.01,0.2960948423374721,1.1883333333333326,25.71,equatorial
18.07,26.11,30.84,22.89,83.03,0.28,1.05,5.12,0.93,0.9,2019-11-24,Kumba,2019,11,328,47,11.72,62.59,221.1,915.49,0.27974272464755134,1.675333333333331,26.11,equatorial
15.66,25.6,29.84,22.63,87.06,0.68,1.47,4.38,0.92,0.89,2019-11-25,Kumba,2019,11,329,48,11.950000000000001,58.36,217.63,898.5,0.24722092025229875,1.1040000000000028,26.11,equatorial
16.95,25.24,28.12,23.24,89.5,1.1,1.36,2.7,0.92,0.89,2019-11-26,Kumba,2019,11,330,48,12.27,48.970000000000006,209.62,892.01,0.23475352664140625,0.678333333333331,26.11,equatorial
18.32,25.38,29.31,22.98,87.03,4.54,1.31,4.18,0.92,0.89,2019-11-27,Kumba,2019,11,331,48,11.870000000000001,52.77,208.76,885.88,0.22297461321885625,0.7413333333333334,26.11,equatorial
16.95,25.04,28.41,23.07,88.94,3.88,1.23,3.48,0.91,0.88,2019-11-28,Kumba,2019,11,332,48,11.5,53.769999999999996,211.94,880.4,0.21243837640153995,0.36133333333333084,26.11,equatorial
19.51,25.48,29.5,22.64,86.79,3.39,1.47,4.75,0.91,0.88,2019-11-29,Kumba,2019,11,333,48,14.21,53.879999999999995,211.15,872.3199999999999,0.19693335165055287,0.7636666666666692,26.11,equatorial
16.02,25.59,29.58,22.33,86.88,3.79,1.87,4.52,0.91,0.88,2019-11-30,Kumba,2019,11,334,48,17.66,43.730000000000004,202.45,859.1999999999999,0.17179346026486084,0.8170000000000002,26.11,equatorial
15.86,24.93,27.68,23.15,91.63,3.78,1.79,2.31,0.9,0.88,2019-12-01,Kumba,2019,12,335,48,21.16,32.879999999999995,202.76999999999998,821.39,0.09943826276279638,0.13800000000000168,25.6,equatorial
15.4,25.42,29.53,22.91,87.73,1.31,1.83,4.3,0.9,0.87,2019-12-02,Kumba,2019,12,336,49,21.79,33.74,200.2,817.12,0.09124227468776995,0.5910000000000011,25.59,equatorial
15.45,24.63,27.62,22.78,90.42,1.71,1.52,2.65,0.9,0.87,2019-12-03,Kumba,2019,12,337,49,22.4,34.67,194.35,809.33,0.07631111143316223,-0.21833333333333727,25.59,equatorial
16.92,25.23,29.49,22.68,83.5,1.36,1.52,3.87,0.89,0.87,2019-12-04,Kumba,2019,12,338,49,19.22,31.09,189.54000000000002,792.03,0.04317825686189545,0.33533333333333104,25.59,equatorial
18.12,25.01,29.46,21.75,83.54,2.21,1.82,5.01,0.89,0.86,2019-12-05,Kumba,2019,12,339,49,17.55,29.05,187.43,773.43,0.0075565877934626905,0.07400000000000162,25.59,equatorial
19.19,24.69,28.52,22.24,87.83,1.88,1.6,3.75,0.88,0.86,2019-12-06,Kumba,2019,12,340,49,16.04,30.25,173.23,745.92,-0.045128000565809116,-0.23199999999999932,25.59,equatorial
17.38,24.99,29.92,21.91,84.21,1.03,1.5,4.64,0.88,0.86,2019-12-07,Kumba,2019,12,341,49,13.28,30.94,115.3,724.95,-0.0852846657897924,0.04366666666666674,25.42,equatorial
19.55,24.99,30.07,21.52,83.41,0.61,1.63,5.16,0.87,0.85,2019-12-08,Kumba,2019,12,342,49,10.110000000000001,31.27,112.72,715.5600000000001,-0.10325281701956704,0.03433333333333266,25.42,equatorial
20.3,24.63,30.04,20.8,82.16,0.19,1.83,5.51,0.86,0.85,2019-12-09,Kumba,2019,12,343,50,8.99,30.779999999999998,104.66,711.6999999999999,-0.11062198046462271,-0.3263333333333307,25.23,equatorial
17.58,24.95,29.04,22.19,81.84,0.35,1.07,3.76,0.86,0.84,2019-12-10,Kumba,2019,12,344,50,7.629999999999999,30.029999999999998,94.39999999999999,706.99,-0.11962062056178552,-0.02500000000000213,25.23,equatorial
18.4,24.13,28.35,20.73,83.61,0.2,1.8,4.28,0.85,0.84,2019-12-11,Kumba,2019,12,345,50,6.47,25.689999999999998,89.69,698.98,-0.13494735332483504,-0.8343333333333334,25.01,equatorial
17.05,24.56,29.42,20.8,83.08,0.01,1.28,4.53,0.84,0.83,2019-12-12,Kumba,2019,12,346,50,4.27,21.82,79.21000000000001,691.35,-0.14954488941808497,-0.4153333333333329,24.99,equatorial
17.09,24.82,29.6,21.07,82.88,0.0,1.37,4.45,0.84,0.83,2019-12-13,Kumba,2019,12,347,50,2.39,18.43,78.47,683.95,-0.16370078485629805,-0.173333333333332,24.99,equatorial
15.79,24.41,29.23,21.42,82.47,0.0,1.62,4.54,0.83,0.83,2019-12-14,Kumba,2019,12,348,50,1.3599999999999999,14.64,75.59,676.72,-0.17753001709790325,-0.5726666666666667,24.99,equatorial
17.55,24.7,30.05,20.76,80.25,0.0,1.47,4.71,0.82,0.82,2019-12-15,Kumba,2019,12,349,50,0.75,10.86,72.31,666.39,-0.19730979693262662,-0.2716666666666683,24.95,equatorial
18.67,24.91,29.45,21.0,82.47,0.0,1.74,4.62,0.82,0.81,2019-12-16,Kumba,2019,12,350,51,0.56,9.55,58.37,660.76,-0.2080638705983308,-0.06699999999999662,24.95,equatorial
19.15,25.66,30.36,22.21,84.79,0.01,1.75,4.48,0.81,0.81,2019-12-17,Kumba,2019,12,351,51,0.22,7.85,43.75,636.72,-0.25417700370708174,0.6376666666666679,25.66,equatorial
16.1,25.22,30.31,20.73,80.52,0.0,1.92,4.84,0.8,0.81,2019-12-18,Kumba,2019,12,352,51,0.02,6.49,43.300000000000004,624.1800000000001,-0.27819354052515,0.20599999999999952,25.66,equatorial
16.56,25.45,30.03,21.84,81.28,0.02,1.11,4.36,0.79,0.8,2019-12-19,Kumba,2019,12,353,51,0.03,4.3,42.54,619.35,-0.2873923738860312,0.44466666666666654,25.66,equatorial
19.63,25.37,30.0,22.42,83.75,0.03,1.36,4.64,0.79,0.79,2019-12-20,Kumba,2019,12,354,51,0.06,2.45,37.629999999999995,615.99,-0.29376494399275493,0.3400000000000034,25.66,equatorial
18.63,25.04,29.18,22.3,85.98,0.03,1.69,4.16,0.78,0.79,2019-12-21,Kumba,2019,12,355,51,0.09,1.45,33.41,605.0799999999999,-0.314652349342057,-0.030333333333334878,25.66,equatorial
19.21,25.15,30.05,20.88,80.57,0.01,1.72,4.97,0.77,0.78,2019-12-22,Kumba,2019,12,356,51,0.1,0.85,32.739999999999995,585.04,-0.35309449120830005,0.05333333333333101,25.66,equatorial
19.64,24.76,29.33,21.16,85.05,0.03,1.62,4.52,0.77,0.78,2019-12-23,Kumba,2019,12,357,52,0.13,0.69,32.43,576.98,-0.3684883316770783,-0.3096666666666614,25.66,equatorial
20.03,25.06,30.0,20.8,83.53,0.17,1.59,4.7,0.76,0.77,2019-12-24,Kumba,2019,12,358,52,0.29000000000000004,0.51,32.32,553.43,-0.41368054531707854,0.02533333333333232,25.45,equatorial
19.38,25.57,30.63,21.94,82.46,0.3,1.32,4.52,0.75,0.77,2019-12-25,Kumba,2019,12,359,52,0.59,0.61,31.939999999999998,549.4799999999999,-0.42114839269357673,0.5363333333333351,25.57,equatorial
20.44,25.3,30.27,21.0,80.27,0.04,1.85,5.35,0.74,0.76,2019-12-26,Kumba,2019,12,360,52,0.61,0.64,30.88,539.12,-0.4409521427386417,0.2643333333333331,25.57,equatorial
19.66,25.24,29.37,22.13,81.55,0.0,1.55,3.95,0.73,0.76,2019-12-27,Kumba,2019,12,361,52,0.58,0.64,26.34,537.11,-0.4446771158057039,0.20899999999999608,25.57,equatorial
18.87,25.42,30.26,21.48,81.5,0.0,1.44,4.62,0.73,0.75,2019-12-28,Kumba,2019,12,362,52,0.55,0.64,22.46,528.47,-0.4611675466749693,0.3763333333333385,25.57,equatorial
20.9,25.2,29.24,22.51,84.09,0.0,1.35,3.22,0.72,0.75,2019-12-29,Kumba,2019,12,363,52,0.54,0.64,19.07,523.8000000000001,-0.47000831441958296,0.16566666666666308,25.57,equatorial
19.48,25.47,29.58,22.54,80.66,0.0,1.42,4.25,0.71,0.74,2019-12-30,Kumba,2019,12,364,1,0.51,0.64,15.28,517.86,-0.4812934404965982,0.43966666666666754,25.57,equatorial
18.64,25.3,29.61,22.01,79.4,0.0,1.54,4.13,0.71,0.74,2019-12-31,Kumba,2019,12,365,1,0.3399999999999999,0.63,11.5,484.01,-0.5463485471200258,0.2573333333333352,25.57,equatorial
16.94,25.7,31.13,21.52,80.62,0.0,1.35,4.61,0.7,0.73,2020-01-01,Kumba,2020,1,1,1,0.04,0.63,10.19,442.78,-0.6256006608344663,0.6479999999999997,25.7,equatorial
18.48,24.89,29.57,20.77,81.8,0.0,2.02,4.6,0.69,0.72,2020-01-02,Kumba,2020,1,2,1,0.0,0.61,8.479999999999999,427.13,-0.6555220570822966,-0.17066666666666563,25.7,equatorial
19.14,24.68,29.62,19.94,76.7,0.0,2.18,4.95,0.68,0.71,2020-01-03,Kumba,2020,1,3,1,0.0,0.5800000000000001,7.12,426.41999999999996,-0.6566343623037931,-0.36233333333333206,25.7,equatorial
19.69,24.63,29.18,20.06,76.32,0.0,2.15,4.67,0.67,0.71,2020-01-04,Kumba,2020,1,4,1,0.0,0.55,4.91,423.11999999999995,-0.6627390164391801,-0.3996666666666684,25.7,equatorial
19.47,24.51,29.43,19.83,73.46,0.0,2.22,4.86,0.67,0.7,2020-01-05,Kumba,2020,1,5,1,0.0,0.54,3.03,406.72999999999996,-0.6940775326002977,-0.5136666666666656,25.7,equatorial
17.03,25.05,30.54,20.62,78.78,0.0,1.58,4.19,0.66,0.69,2020-01-06,Kumba,2020,1,6,2,0.0,0.51,2.0,405.05999999999995,-0.6970169670008111,0.02433333333333465,25.7,equatorial
18.58,25.6,31.17,21.25,77.54,0.0,1.71,4.04,0.65,0.68,2020-01-07,Kumba,2020,1,7,2,0.0,0.33999999999999997,1.3900000000000001,404.45,-0.6979108864426607,0.554000000000002,25.7,equatorial
19.71,25.53,30.96,22.06,80.75,0.0,1.26,4.17,0.65,0.67,2020-01-08,Kumba,2020,1,8,2,0.0,0.04,1.2,401.41999999999996,-0.7034719900819387,0.4539999999999971,25.6,equatorial
18.24,25.17,30.04,21.72,83.08,0.03,1.48,3.64,0.64,0.67,2020-01-09,Kumba,2020,1,9,2,0.03,0.03,0.88,387.97,-0.7291297318359437,0.08666666666666956,25.6,equatorial
16.85,24.8,28.75,22.57,86.2,0.34,1.3,2.27,0.64,0.66,2020-01-10,Kumba,2020,1,10,2,0.37,0.37,1.02,374.89,-0.7540586524024804,-0.30566666666666364,25.6,equatorial
16.53,25.08,29.36,22.21,85.1,0.03,1.69,3.4,0.63,0.66,2020-01-11,Kumba,2020,1,11,2,0.4,0.4,1.04,368.67,-0.765737100057039,-0.043000000000002814,25.6,equatorial
19.11,25.96,31.23,22.19,81.17,0.0,1.79,4.13,0.62,0.65,2020-01-12,Kumba,2020,1,12,2,0.4,0.4,1.04,351.2,-0.7991146385383763,0.7989999999999995,25.96,equatorial
20.59,25.69,30.59,21.84,82.15,0.0,1.85,4.05,0.62,0.64,2020-01-13,Kumba,2020,1,13,3,0.4,0.4,1.04,335.07,-0.8298828959500801,0.4863333333333344,25.96,equatorial
19.34,26.54,31.47,22.98,79.32,0.0,1.09,3.41,0.61,0.63,2020-01-14,Kumba,2020,1,14,3,0.4,0.4,1.04,317.63,-0.8631555064165441,1.2750000000000021,26.54,equatorial
17.73,26.21,30.4,23.45,84.85,0.0,1.71,2.69,0.61,0.63,2020-01-15,Kumba,2020,1,15,3,0.4,0.4,1.04,314.07,-0.8696164184667504,0.9016666666666673,26.54,equatorial
16.93,25.8,30.48,22.71,84.15,0.0,1.73,3.18,0.6,0.62,2020-01-16,Kumba,2020,1,16,3,0.37,0.4,1.03,309.89,-0.877268749875161,0.4869999999999983,26.54,equatorial
19.83,25.28,30.93,21.12,74.5,0.0,1.76,4.02,0.6,0.61,2020-01-17,Kumba,2020,1,17,3,0.030000000000000054,0.4,1.03,309.14,-0.8782951621601722,-0.03500000000000014,26.54,equatorial
19.82,24.92,30.25,20.33,74.63,0.0,1.67,3.97,0.59,0.6,2020-01-18,Kumba,2020,1,18,3,0.0,0.4,1.01,308.77,-0.8785875389783713,-0.3773333333333291,26.54,equatorial
18.44,25.77,31.15,20.7,73.88,0.0,1.64,4.05,0.58,0.59,2020-01-19,Kumba,2020,1,19,3,0.0,0.4,0.9800000000000001,307.74,-0.8801538575271022,0.45933333333333337,26.54,equatorial
17.13,25.26,29.03,21.71,80.84,0.0,1.27,2.28,0.58,0.59,2020-01-20,Kumba,2020,1,20,4,0.0,0.4,0.9500000000000001,263.73,-0.964678831028182,-0.05799999999999628,26.54,equatorial
19.07,26.55,32.53,22.41,75.75,0.0,1.4,3.77,0.57,0.58,2020-01-21,Kumba,2020,1,21,4,0.0,0.4,0.9400000000000001,257.74,-0.9757360443602106,1.1853333333333325,26.55,equatorial
18.82,26.4,32.35,22.7,76.14,0.0,1.58,3.97,0.57,0.57,2020-01-22,Kumba,2020,1,22,4,0.0,0.4,0.91,256.55,-0.9775176583295928,0.9806666666666644,26.55,equatorial
18.08,26.44,32.53,22.39,72.07,0.0,1.45,3.57,0.56,0.56,2020-01-23,Kumba,2020,1,23,4,0.0,0.37,0.74,254.16000000000003,-0.9816138457638219,0.9746666666666677,26.55,equatorial
21.47,26.04,32.38,20.79,58.85,0.0,2.0,4.42,0.55,0.54,2020-01-24,Kumba,2020,1,24,4,0.0,0.030000000000000054,0.44000000000000006,250.01000000000002,-0.9891030289210937,0.5589999999999975,26.55,equatorial
21.93,24.91,32.31,18.83,51.55,0.0,2.2,3.93,0.54,0.53,2020-01-25,Kumba,2020,1,25,4,0.0,0.0,0.4,240.9,-1.0061577187783022,-0.5579999999999998,26.55,equatorial
22.38,25.1,33.45,18.58,60.84,0.0,2.22,3.87,0.54,0.52,2020-01-26,Kumba,2020,1,26,4,0.0,0.0,0.4,235.5,-1.0160334566382128,-0.36333333333332973,26.55,equatorial
21.01,25.69,31.94,21.1,71.45,0.0,1.63,3.39,0.53,0.52,2020-01-27,Kumba,2020,1,27,5,0.0,0.0,0.4,234.8,-1.0168274358276184,0.21766666666666623,26.55,equatorial
19.67,26.33,33.06,21.59,75.35,0.0,1.68,3.09,0.53,0.51,2020-01-28,Kumba,2020,1,28,5,0.0,0.0,0.4,230.62,-1.024337143936803,0.8200000000000003,26.44,equatorial
18.69,26.42,33.37,21.05,71.85,0.0,1.64,3.21,0.52,0.5,2020-01-29,Kumba,2020,1,29,5,0.0,0.0,0.4,218.13,-1.0478759988189537,0.8783333333333339,26.44,equatorial
18.08,26.29,32.11,22.51,75.08,0.01,1.65,2.56,0.52,0.5,2020-01-30,Kumba,2020,1,30,5,0.010000000000000056,0.010000000000000056,0.41000000000000003,214.68,-1.0539417318107773,0.7153333333333336,26.42,equatorial
16.96,26.37,32.5,22.29,72.75,0.0,1.48,2.5,0.51,0.49,2020-01-31,Kumba,2020,1,31,5,0.010000000000000056,0.010000000000000056,0.41000000000000003,210.8,-1.0608302560150733,0.7729999999999997,26.42,equatorial
19.34,26.26,31.87,22.16,72.59,0.0,1.15,2.41,0.51,0.49,2020-02-01,Kumba,2020,2,32,5,0.010000000000000056,0.010000000000000056,0.41000000000000003,203.24,-1.0748116854509315,0.6173333333333346,26.42,equatorial
15.71,26.05,32.02,21.34,71.78,0.0,1.73,2.72,0.51,0.48,2020-02-02,Kumba,2020,2,33,5,0.010000000000000056,0.010000000000000056,0.41000000000000003,197.07,-1.0860938874818011,0.36166666666666814,26.42,equatorial
14.33,26.35,31.51,22.93,75.0,0.0,2.13,2.56,0.5,0.48,2020-02-03,Kumba,2020,2,34,6,0.010000000000000056,0.010000000000000056,0.41000000000000003,192.75,-1.0937926511719192,0.604333333333333,26.42,equatorial
18.17,27.18,33.34,22.98,72.17,0.0,1.32,2.72,0.5,0.47,2020-02-04,Kumba,2020,2,35,6,0.010000000000000056,0.010000000000000056,0.41000000000000003,176.67000000000002,-1.1241691846845434,1.345333333333329,27.18,equatorial
14.15,26.63,32.31,22.74,75.0,0.01,2.12,2.55,0.49,0.46,2020-02-05,Kumba,2020,2,36,6,0.020000000000000056,0.020000000000000056,0.42000000000000004,117.72000000000001,-1.2371901671790255,0.7426666666666613,27.18,equatorial
16.65,27.29,33.6,23.38,68.67,0.0,1.24,2.61,0.49,0.46,2020-02-06,Kumba,2020,2,37,6,0.010000000000000056,0.020000000000000056,0.42000000000000004,114.53,-1.2425015653943658,1.3463333333333303,27.29,equatorial
16.94,27.71,34.24,23.22,65.51,0.0,1.62,2.48,0.48,0.45,2020-02-07,Kumba,2020,2,38,6,0.010000000000000056,0.020000000000000056,0.42000000000000004,106.28,-1.2575601258469755,1.6936666666666689,27.71,equatorial
18.69,27.65,34.57,23.19,71.77,0.0,2.0,2.61,0.48,0.45,2020-02-08,Kumba,2020,2,39,6,0.010000000000000056,0.020000000000000056,0.39,95.67,-1.277142393916122,1.5509999999999984,27.71,equatorial
17.19,27.44,33.43,23.59,72.64,0.0,1.85,2.24,0.48,0.44,2020-02-09,Kumba,2020,2,40,6,0.010000000000000056,0.020000000000000056,0.05,90.76,-1.285705196900397,1.2530000000000001,27.71,equatorial
19.55,27.98,34.63,23.92,67.48,0.01,1.48,2.13,0.47,0.44,2020-02-10,Kumba,2020,2,41,7,0.020000000000000056,0.030000000000000054,0.03,80.28,-1.3049856304335616,1.6963333333333352,27.98,equatorial
20.23,27.56,34.98,22.09,65.32,0.0,2.08,2.54,0.47,0.43,2020-02-11,Kumba,2020,2,42,7,0.020000000000000056,0.030000000000000054,0.03,79.53999999999999,-1.305467448768929,1.222999999999999,27.98,equatorial
18.92,27.41,33.78,23.41,68.61,0.0,1.44,2.04,0.47,0.43,2020-02-12,Kumba,2020,2,43,7,0.010000000000000056,0.030000000000000054,0.03,76.66,-1.3100705489669864,1.0156666666666645,27.98,equatorial
18.22,27.5,34.51,21.79,65.4,0.0,1.51,2.26,0.46,0.42,2020-02-13,Kumba,2020,2,44,7,0.010000000000000056,0.020000000000000052,0.03,73.38,-1.3154357773146228,1.0736666666666643,27.98,equatorial
18.89,27.88,35.34,22.44,65.04,0.0,1.48,2.2,0.46,0.42,2020-02-14,Kumba,2020,2,45,7,0.010000000000000056,0.020000000000000052,0.03,59.44,-1.3413145673660742,1.3979999999999961,27.98,equatorial
19.61,28.23,35.88,22.98,68.51,0.01,1.8,2.14,0.46,0.41,2020-02-15,Kumba,2020,2,46,7,0.020000000000000056,0.030000000000000054,0.04,44.82,-1.3684519772315484,1.6670000000000016,28.23,equatorial
19.5,28.41,35.77,23.98,69.25,0.02,1.93,2.08,0.45,0.41,2020-02-16,Kumba,2020,2,47,7,0.040000000000000056,0.05000000000000006,0.06,44.39,-1.3682304651326491,1.7426666666666684,28.41,equatorial
18.33,27.34,32.51,24.08,74.47,0.03,1.92,1.38,0.45,0.41,2020-02-17,Kumba,2020,2,48,8,0.06000000000000005,0.08000000000000006,0.09,43.64,-1.3686253247995617,0.5919999999999987,28.41,equatorial
15.81,27.74,33.38,24.04,71.46,0.03,2.18,1.73,0.45,0.41,2020-02-18,Kumba,2020,2,49,8,0.09000000000000005,0.11000000000000006,0.12,38.730000000000004,-1.377020741078247,0.9263333333333286,28.41,equatorial
18.82,27.98,34.68,24.0,68.57,0.02,1.22,1.74,0.45,0.41,2020-02-19,Kumba,2020,2,50,8,0.11000000000000006,0.12000000000000005,0.14,34.5,-1.3840918978781593,1.0756666666666632,28.41,equatorial
19.08,28.05,34.38,24.07,68.34,0.02,1.64,1.56,0.44,0.4,2020-02-20,Kumba,2020,2,51,8,0.13000000000000006,0.14000000000000007,0.16,33.839999999999996,-1.3842861336236725,1.0956666666666663,28.41,equatorial
18.49,28.02,34.17,24.37,69.34,0.04,1.55,1.37,0.44,0.4,2020-02-21,Kumba,2020,2,52,8,0.17000000000000004,0.18000000000000005,0.2,33.54,-1.3837884054977436,1.0116666666666667,28.41,equatorial
18.81,29.0,36.53,24.37,68.8,0.13,2.45,1.93,0.44,0.39,2020-02-22,Kumba,2020,2,53,8,0.29000000000000004,0.31000000000000005,0.33,33.39,-1.383003789229358,1.906333333333336,29.0,equatorial
18.69,27.75,32.74,24.61,75.97,0.22,2.78,1.14,0.44,0.4,2020-02-23,Kumba,2020,2,54,8,0.49,0.53,0.55,32.93,-1.382816575577889,0.5993333333333339,29.0,equatorial
21.06,27.84,33.4,24.31,74.94,0.02,2.58,1.33,0.43,0.4,2020-02-24,Kumba,2020,2,55,9,0.48000000000000004,0.54,0.5700000000000001,31.849999999999998,-1.3838207542544727,0.591666666666665,29.0,equatorial
16.24,26.71,30.26,24.52,78.99,5.74,1.93,1.92,0.44,0.46,2020-02-25,Kumba,2020,2,56,9,6.19,6.28,6.3100000000000005,33.05,-1.3804455432924227,-0.5919999999999987,29.0,equatorial
15.52,28.0,34.11,23.51,70.92,0.84,1.73,1.99,0.44,0.43,2020-02-26,Kumba,2020,2,57,9,7.01,7.12,7.15,30.01,-1.3852164339531623,0.6210000000000022,29.0,equatorial
14.99,27.14,31.04,24.21,75.44,1.62,1.5,1.0,0.44,0.42,2020-02-27,Kumba,2020,2,58,9,8.61,8.74,8.77,28.24,-1.3875406677049387,-0.2660000000000018,29.0,equatorial
14.39,28.02,34.46,23.88,74.29,4.08,1.83,2.25,0.45,0.46,2020-02-28,Kumba,2020,2,59,9,12.650000000000002,12.82,12.850000000000001,28.53,-1.3859081329234835,0.5606666666666662,29.0,equatorial
17.42,27.77,32.95,24.62,77.77,2.29,2.12,1.6,0.45,0.45,2020-02-29,Kumba,2020,2,60,9,14.81,15.100000000000001,15.13,27.04,-1.3876935217344952,0.261333333333333,28.02,equatorial
16.57,27.17,31.4,24.58,79.87,2.2,2.04,1.55,0.45,0.43,2020-03-01,Kumba,2020,3,61,9,16.79,17.28,17.330000000000002,27.93,-1.3849115205152625,-0.3653333333333286,28.02,equatorial
13.72,26.75,30.54,24.24,79.03,0.82,1.43,1.16,0.45,0.44,2020-03-02,Kumba,2020,3,62,10,17.59,18.07,18.150000000000002,27.04,-1.385548115826792,-0.8016666666666659,28.02,equatorial
16.59,26.74,30.36,24.24,78.75,0.51,1.51,1.08,0.45,0.43,2020-03-03,Kumba,2020,3,63,10,12.36,18.549999999999997,18.66,26.19,-1.3861070528035992,-0.8346666666666671,28.02,equatorial
15.67,25.67,28.21,23.72,83.24,1.39,1.66,0.84,0.45,0.44,2020-03-04,Kumba,2020,3,64,10,12.91,19.919999999999998,20.05,25.369999999999997,-1.386607670130127,-1.8820000000000014,28.02,equatorial
20.53,27.0,31.58,23.1,77.72,0.68,1.6,1.26,0.45,0.43,2020-03-05,Kumba,2020,3,65,10,11.969999999999999,20.58,20.73,24.17,-1.3878355779907696,-0.5459999999999994,28.02,equatorial
18.55,26.86,30.66,24.41,80.12,1.69,2.04,1.2,0.45,0.44,2020-03-06,Kumba,2020,3,66,10,9.58,22.23,22.41,24.83,-1.385498769077111,-0.6936666666666653,27.77,equatorial
13.12,26.38,30.4,23.47,78.12,4.17,2.29,2.01,0.45,0.47,2020-03-07,Kumba,2020,3,67,10,11.46,26.270000000000003,26.58,28.39,-1.3776138000062,-1.1433333333333309,27.17,equatorial
16.87,27.63,34.13,22.99,74.01,2.74,2.45,2.6,0.45,0.43,2020-03-08,Kumba,2020,3,68,10,12.0,28.79,29.32,30.94,-1.3716785080947729,0.1093333333333355,27.63,equatorial
18.82,27.71,33.59,24.2,77.07,7.86,1.89,2.95,0.46,0.49,2020-03-09,Kumba,2020,3,69,11,19.04,36.63,37.18,38.45,-1.3562614439769423,0.1873333333333349,27.71,equatorial
17.28,27.28,31.72,24.27,80.32,7.25,2.38,2.67,0.47,0.51,2020-03-10,Kumba,2020,3,70,11,25.78,38.14,44.43,45.5,-1.3417546850918889,-0.23733333333333206,27.71,equatorial
13.64,26.24,28.85,23.9,82.36,0.91,2.72,0.98,0.47,0.45,2020-03-11,Kumba,2020,3,71,11,25.299999999999997,38.21,45.33,46.4,-1.3390427715620117,-1.219333333333335,27.71,equatorial
17.48,25.91,29.33,23.37,81.97,13.03,1.55,2.23,0.48,0.55,2020-03-12,Kumba,2020,3,72,11,37.65,49.62,58.36,59.43,-1.31313158175064,-1.4943333333333335,27.71,equatorial
17.71,26.36,29.76,23.98,80.82,12.32,1.42,2.29,0.5,0.57,2020-03-13,Kumba,2020,3,73,11,48.28,57.86,70.68,71.75,-1.2886251725445166,-1.0093333333333305,27.71,equatorial
11.67,27.41,34.03,23.3,73.79,2.95,1.66,3.77,0.51,0.51,2020-03-14,Kumba,2020,3,74,11,47.06,58.52,73.63,74.7,-1.2820815362305353,0.04366666666666674,27.71,equatorial
18.68,27.86,35.07,23.58,74.11,1.57,1.97,3.42,0.5,0.47,2020-03-15,Kumba,2020,3,75,11,45.89,57.89,75.2,76.27,-1.2781882923757337,0.4943333333333335,27.86,equatorial
18.96,27.53,32.82,24.06,78.05,6.9,2.38,3.47,0.5,0.52,2020-03-16,Kumba,2020,3,76,12,44.93,63.97,82.09,83.16,-1.264130830156815,0.18766666666666865,27.86,equatorial
16.75,27.95,34.16,24.14,75.75,9.26,2.05,3.84,0.51,0.55,2020-03-17,Kumba,2020,3,77,12,46.94,72.72,91.33,92.41999999999999,-1.2455664687471608,0.6230000000000011,27.95,equatorial
16.55,26.42,29.88,24.5,87.56,55.77,1.93,3.54,0.55,0.73,2020-03-18,Kumba,2020,3,78,12,101.80000000000001,127.10000000000001,147.07,148.17000000000002,-1.1381608832524384,-0.8763333333333314,27.95,equatorial
17.21,26.29,29.62,24.25,90.92,73.13,1.86,3.42,0.66,0.87,2020-03-19,Kumba,2020,3,79,12,161.9,199.55,220.17000000000002,221.26999999999998,-0.997717917635623,-0.9579999999999984,27.95,equatorial
14.41,24.06,25.98,22.63,91.85,111.16,2.21,2.28,0.79,0.93,2020-03-20,Kumba,2020,3,80,12,260.74,309.02,331.31,332.4,-0.784672067031466,-3.0573333333333395,27.95,equatorial
19.62,24.96,28.54,22.43,90.29,51.01,1.69,3.9,0.83,0.89,2020-03-21,Kumba,2020,3,81,12,308.8,355.85999999999996,382.3,383.4,-0.6867784045829506,-2.0543333333333322,27.95,equatorial
13.26,24.37,26.09,23.16,91.9,7.22,1.78,1.69,0.85,0.85,2020-03-22,Kumba,2020,3,82,12,314.45000000000005,360.34000000000003,389.47999999999996,390.59,-0.6727565966580644,-2.522666666666666,27.95,equatorial
15.47,25.18,28.42,22.51,85.89,2.68,1.41,3.56,0.83,0.83,2020-03-23,Kumba,2020,3,83,13,310.23,355.16,392.03,393.1,-0.6676974444582173,-1.5853333333333346,27.95,equatorial
7.58,24.62,27.13,23.18,93.06,16.97,2.6,2.69,0.84,0.86,2020-03-24,Kumba,2020,3,84,13,317.94,364.88,408.78000000000003,409.77,-0.6355390188385264,-2.0410000000000004,26.42,equatorial
17.08,24.63,27.95,22.28,87.87,3.11,2.07,4.25,0.84,0.83,2020-03-25,Kumba,2020,3,85,13,265.28000000000003,367.08,411.87,412.84,-0.6294287276304295,-1.9239999999999995,26.29,equatorial
16.74,24.71,28.19,22.52,89.89,0.8,2.17,3.76,0.83,0.83,2020-03-26,Kumba,2020,3,86,13,192.95,354.85,406.92999999999995,413.64,-0.627667286013305,-1.7773333333333312,25.18,equatorial
19.72,25.15,28.9,22.83,89.5,1.61,1.51,3.23,0.82,0.82,2020-03-27,Kumba,2020,3,87,13,83.39999999999999,344.14000000000004,407.7,415.25,-0.6243556381830978,-1.2423333333333382,25.18,equatorial
16.73,25.37,28.52,23.24,90.77,1.98,1.66,2.88,0.82,0.82,2020-03-28,Kumba,2020,3,88,13,34.37,343.16999999999996,408.06,417.22999999999996,-0.6203368515424489,-0.9633333333333312,25.37,equatorial
15.39,25.39,28.09,23.57,93.8,2.53,1.82,1.9,0.82,0.82,2020-03-29,Kumba,2020,3,89,13,29.68,344.13,406.51,419.76,-0.6152662712722432,-0.8556666666666679,25.39,equatorial
15.8,25.62,28.47,23.67,91.11,4.44,1.55,2.77,0.82,0.83,2020-03-30,Kumba,2020,3,90,14,31.439999999999998,341.67,408.65999999999997,424.2,-0.6065385059620186,-0.5539999999999985,25.62,equatorial
18.04,25.58,28.3,23.83,91.28,4.85,1.46,2.53,0.82,0.83,2020-03-31,Kumba,2020,3,91,14,19.32,337.26,411.31,429.04999999999995,-0.5970285550540112,-0.5410000000000004,25.62,equatorial
7.41,24.92,27.42,23.29,92.85,57.47,1.82,2.48,0.85,0.9,2020-04-01,Kumba,2020,4,92,14,73.68,338.96,467.96,486.52,-0.4866687006652323,-1.1400000000000006,25.62,equatorial
24.5,25.42,29.07,22.67,89.16,0.88,1.61,4.32,0.88,0.85,2020-04-02,Kumba,2020,4,93,14,73.76,266.71,468.33,487.4,-0.48482486068750447,-0.5960000000000001,25.62,equatorial
15.33,25.14,27.33,23.79,93.81,10.04,1.79,1.92,0.87,0.86,2020-04-03,Kumba,2020,4,94,14,82.19,165.59,476.97999999999996,497.44,-0.4654172780855063,-0.8583333333333307,25.62,equatorial
5.19,25.01,27.36,23.17,92.32,1.12,1.81,2.37,0.87,0.85,2020-04-04,Kumba,2020,4,95,14,81.33,115.69999999999999,477.42,498.56,-0.463121885730819,-0.921999999999997,25.62,equatorial
22.99,26.17,29.62,23.41,86.61,1.22,1.36,4.11,0.86,0.85,2020-04-05,Kumba,2020,4,96,14,80.02,109.69999999999999,476.95000000000005,499.78,-0.46063527909051877,0.26099999999999923,26.17,equatorial
15.61,25.44,27.88,23.73,90.95,7.23,1.83,3.3,0.86,0.86,2020-04-06,Kumba,2020,4,97,15,82.81,114.25,480.01,507.01,-0.44661787953467164,-0.4376666666666651,26.17,equatorial
22.17,25.59,28.82,22.96,90.07,5.23,1.62,3.55,0.86,0.85,2020-04-07,Kumba,2020,4,98,15,83.19000000000001,102.51,482.5,512.24,-0.43644168444827214,-0.21966666666666868,26.17,equatorial
12.95,24.9,26.9,23.65,93.92,9.8,2.23,2.32,0.86,0.86,2020-04-08,Kumba,2020,4,99,15,35.52,109.2,484.44,522.01,-0.4175527896378271,-0.8160000000000025,26.17,equatorial
16.94,24.67,27.3,22.6,92.0,18.01,1.87,3.04,0.88,0.88,2020-04-09,Kumba,2020,4,100,15,52.65,126.41,495.2,539.68,-0.38349925887453723,-0.9589999999999996,26.17,equatorial
20.0,24.77,28.04,22.22,89.33,8.84,1.91,3.86,0.88,0.87,2020-04-10,Kumba,2020,4,101,15,51.45,133.64000000000001,503.13,548.49,-0.3664660035586712,-0.8100000000000023,26.17,equatorial
7.92,23.7,26.74,21.33,90.67,1.75,1.88,2.73,0.88,0.86,2020-04-11,Kumba,2020,4,102,15,52.08,133.41000000000003,491.84999999999997,550.24,-0.3629966760643961,-1.8063333333333311,26.17,equatorial
21.8,24.24,27.41,21.31,84.17,0.15,1.93,4.16,0.87,0.85,2020-04-12,Kumba,2020,4,103,15,51.010000000000005,131.03,479.68,550.39,-0.3626020238529065,-1.1956666666666678,25.59,equatorial
17.5,25.28,30.05,21.13,84.19,0.42,1.64,5.51,0.86,0.85,2020-04-13,Kumba,2020,4,104,16,44.199999999999996,127.01,477.15,550.81,-0.3616886287650815,-0.08466666666666356,25.59,equatorial
18.12,26.05,29.78,23.09,85.84,0.74,1.28,4.48,0.86,0.84,2020-04-14,Kumba,2020,4,105,16,39.71,122.89999999999999,476.32,551.55,-0.3601603328773878,0.7456666666666685,26.05,equatorial
14.15,25.32,27.48,23.79,94.13,1.74,1.62,2.0,0.85,0.84,2020-04-15,Kumba,2020,4,106,16,31.65,67.17,471.15999999999997,553.29,-0.3567096862282945,0.08933333333333593,26.05,equatorial
14.16,25.39,29.73,21.99,88.65,4.57,1.75,4.54,0.85,0.85,2020-04-16,Kumba,2020,4,107,16,18.21,70.86,466.46999999999997,557.86,-0.34781726267348473,0.24466666666666725,26.05,equatorial
13.53,24.85,27.31,23.29,93.02,1.49,2.14,2.62,0.85,0.84,2020-04-17,Kumba,2020,4,108,16,10.86,62.31,412.19,559.35,-0.344850453034925,-0.24299999999999855,26.05,equatorial
17.46,25.49,29.31,22.95,90.28,3.3,1.97,4.21,0.85,0.84,2020-04-18,Kumba,2020,4,109,16,12.41,64.49000000000001,342.36,562.65,-0.33840170559779503,0.42366666666666575,26.05,equatorial
14.16,23.97,25.54,21.9,94.16,3.07,2.43,1.85,0.85,0.84,2020-04-19,Kumba,2020,4,110,16,15.33,66.34,234.26999999999998,565.72,-0.33239639594738124,-1.0933333333333337,26.05,equatorial
12.08,23.69,26.8,21.63,89.05,1.19,1.62,3.44,0.85,0.84,2020-04-20,Kumba,2020,4,111,17,16.1,60.3,184.45,566.91,-0.33001056653798483,-1.3309999999999995,26.05,equatorial
17.14,24.88,29.03,21.15,84.87,0.09,1.21,3.87,0.84,0.83,2020-04-21,Kumba,2020,4,112,17,15.45,55.160000000000004,177.32,567.0,-0.3297429058277775,-0.1580000000000048,25.49,equatorial
15.65,24.27,26.65,22.6,92.31,0.6,2.15,2.63,0.84,0.83,2020-04-22,Kumba,2020,4,113,17,14.31,45.96,175.23999999999998,567.6,-0.32849321536033044,-0.7376666666666694,25.49,equatorial
16.79,25.37,28.98,22.51,88.57,0.27,1.7,4.56,0.83,0.83,2020-04-23,Kumba,2020,4,114,17,10.009999999999998,28.22,158.54,567.87,-0.32787937591440336,0.3373333333333335,25.49,equatorial
17.21,25.2,28.19,22.85,90.56,0.26,1.42,2.6,0.83,0.82,2020-04-24,Kumba,2020,4,115,17,8.780000000000001,19.64,155.69,568.13,-0.327284940286229,0.14833333333333343,25.49,equatorial
17.04,24.99,27.8,23.08,93.22,0.56,2.28,2.38,0.82,0.82,2020-04-25,Kumba,2020,4,116,17,6.04,18.45,155.45,568.69,-0.3261125158068315,-0.0710000000000015,25.37,equatorial
16.77,24.56,27.02,22.88,93.44,12.17,2.06,2.71,0.83,0.84,2020-04-26,Kumba,2020,4,117,17,15.14,30.47,166.01,580.86,-0.30256160546858135,-0.4813333333333354,25.37,equatorial
15.74,25.09,28.28,22.93,88.16,4.68,1.42,3.93,0.83,0.83,2020-04-27,Kumba,2020,4,118,18,18.630000000000003,34.73,168.70999999999998,585.54,-0.29345364660761475,0.05800000000000338,25.37,equatorial
20.67,25.61,29.68,22.88,87.01,6.94,1.32,5.17,0.83,0.84,2020-04-28,Kumba,2020,4,119,18,25.48,40.93,173.12,592.48,-0.27998819571924727,0.5706666666666678,25.61,equatorial
19.87,25.73,29.65,22.97,89.55,10.7,1.73,4.82,0.83,0.84,2020-04-29,Kumba,2020,4,120,18,35.58,49.89,179.38,603.17,-0.2592903141577248,0.6870000000000012,25.73,equatorial
16.02,25.36,28.27,23.1,91.68,14.66,1.79,3.28,0.84,0.85,2020-04-30,Kumba,2020,4,121,18,49.97,59.980000000000004,189.19,617.83,-0.23093400639989795,0.3243333333333318,25.73,equatorial
18.28,25.45,28.9,22.99,91.68,25.7,1.99,3.67,0.86,0.88,2020-05-01,Kumba,2020,5,122,18,75.41,84.19,157.42,643.53,-0.181272808384202,0.3966666666666683,25.73,equatorial
16.1,25.17,27.97,23.04,90.64,9.0,1.67,3.23,0.87,0.86,2020-05-02,Kumba,2020,5,123,18,83.85,89.89,165.54,652.53,-0.16385107919590342,0.125,25.73,equatorial
19.68,25.48,28.7,23.27,88.35,4.5,1.52,4.42,0.86,0.85,2020-05-03,Kumba,2020,5,124,18,76.17999999999999,91.32,160.0,657.03,-0.15511889573124782,0.42366666666666575,25.73,equatorial
19.62,25.77,29.22,23.05,85.95,5.67,1.41,4.98,0.86,0.85,2020-05-04,Kumba,2020,5,125,19,77.17,95.8,164.55,662.7,-0.1441272177321128,0.6883333333333326,25.77,equatorial
22.2,25.78,29.66,23.21,87.4,5.66,1.2,4.25,0.86,0.85,2020-05-05,Kumba,2020,5,126,19,75.89,101.36999999999999,168.99,668.35,-0.1331744229811541,0.7113333333333358,25.78,equatorial
16.68,25.76,29.36,23.36,89.89,4.19,1.62,4.13,0.86,0.85,2020-05-06,Kumba,2020,5,127,19,69.38,104.96,165.95000000000002,672.54,-0.1250431022010464,0.6806666666666672,25.78,equatorial
14.39,25.63,28.62,23.78,90.18,44.68,1.21,2.89,0.87,0.89,2020-05-07,Kumba,2020,5,128,19,99.4,149.37,205.39999999999998,717.22,-0.03864987371480554,0.5493333333333332,25.78,equatorial
13.2,25.62,29.01,23.48,88.31,10.72,1.55,4.28,0.9,0.88,2020-05-08,Kumba,2020,5,129,19,84.42,159.83,206.32000000000002,727.94,-0.017914179748617858,0.5153333333333343,25.78,equatorial
16.86,26.1,29.74,23.55,86.51,8.88,1.27,5.07,0.9,0.88,2020-05-09,Kumba,2020,5,130,19,84.30000000000001,168.15,197.19,736.82,-0.0007368105349148372,0.9476666666666667,26.1,equatorial
15.11,24.44,26.28,22.71,93.1,18.76,1.96,2.31,0.9,0.89,2020-05-10,Kumba,2020,5,131,19,98.56,174.74,207.10999999999999,755.57,0.03553276571699234,-0.7013333333333307,26.1,equatorial
19.16,24.88,27.97,22.53,86.29,8.52,1.49,4.34,0.91,0.89,2020-05-11,Kumba,2020,5,132,20,101.41,178.57999999999998,213.88,764.09,0.052008685979914836,-0.30066666666667174,26.1,equatorial
15.37,25.38,29.17,22.65,87.08,8.34,1.36,5.12,0.9,0.88,2020-05-12,Kumba,2020,5,133,20,104.09,179.98,222.07000000000002,772.4300000000001,0.06813620258238313,0.16133333333333155,26.1,equatorial
13.5,24.78,27.56,23.01,92.15,15.52,1.92,3.72,0.91,0.89,2020-05-13,Kumba,2020,5,134,20,115.42000000000002,184.8,237.17,787.95,0.09816294811064658,-0.4220000000000006,26.1,equatorial
23.28,25.48,29.09,22.73,87.8,0.59,1.28,3.53,0.91,0.88,2020-05-14,Kumba,2020,5,135,20,71.33,170.73000000000002,237.01999999999998,788.5400000000001,0.09928011845891688,0.2970000000000006,26.1,equatorial
22.08,25.65,28.98,23.06,89.81,6.41,1.41,3.67,0.9,0.88,2020-05-15,Kumba,2020,5,136,20,67.02000000000001,151.44000000000003,241.69,794.94,0.11165016752724816,0.45599999999999596,26.1,equatorial
20.36,25.25,27.78,23.39,91.97,1.55,1.87,2.95,0.9,0.88,2020-05-16,Kumba,2020,5,137,20,59.69,143.98999999999998,238.67000000000002,796.4699999999999,0.11458544884011054,0.0606666666666662,25.65,equatorial
19.06,25.31,28.36,23.5,90.05,4.78,1.41,2.67,0.9,0.88,2020-05-17,Kumba,2020,5,138,20,45.709999999999994,144.27,241.96,801.2199999999999,0.12376037043003657,0.10533333333333417,25.65,equatorial
17.59,25.1,28.21,22.88,91.53,6.17,1.81,3.24,0.9,0.88,2020-05-18,Kumba,2020,5,139,21,43.36,144.77,244.82999999999998,807.36,0.13562935396123738,-0.09166666666666501,25.65,equatorial
16.92,24.77,26.56,23.18,94.61,3.73,2.33,1.95,0.9,0.88,2020-05-19,Kumba,2020,5,140,21,38.74999999999999,142.84,245.49,811.07,0.14278698535028678,-0.4483333333333306,25.65,equatorial
12.26,24.05,26.64,22.62,92.95,3.93,2.57,3.25,0.9,0.88,2020-05-20,Kumba,2020,5,141,21,27.16,142.58,248.23,814.98,0.15033233830774695,-1.180333333333337,25.65,equatorial
18.37,24.42,27.21,22.43,89.27,2.06,1.76,3.96,0.9,0.87,2020-05-21,Kumba,2020,5,142,21,28.63,99.96000000000001,250.2,817.0,0.15421150199921632,-0.7949999999999946,25.65,equatorial
17.33,24.59,27.94,22.17,90.6,1.67,2.1,4.51,0.89,0.87,2020-05-22,Kumba,2020,5,143,21,23.89,90.91,251.27,818.54,0.15715931282065107,-0.6356666666666655,25.31,equatorial
18.09,25.02,28.63,22.36,89.19,1.18,1.75,4.89,0.89,0.86,2020-05-23,Kumba,2020,5,144,21,23.52,83.21000000000001,252.17999999999998,819.5,0.15898149438435713,-0.19399999999999906,25.31,equatorial
17.27,25.37,29.56,22.84,90.61,3.31,2.2,4.8,0.88,0.86,2020-05-24,Kumba,2020,5,145,21,22.05,67.76,255.23,822.79,0.16532652860758673,0.15033333333333232,25.37,equatorial
17.24,24.69,26.71,23.24,93.71,46.47,1.6,1.88,0.89,0.91,2020-05-25,Kumba,2020,5,146,22,62.349999999999994,105.71000000000001,301.14,863.52,0.2443648972835382,-0.5196666666666658,25.37,equatorial
21.04,24.96,28.1,22.7,91.72,2.18,1.98,3.34,0.92,0.89,2020-05-26,Kumba,2020,5,147,22,60.8,99.55,291.15,864.86,0.2469016262811674,-0.2629999999999981,25.37,equatorial
17.68,25.0,28.41,22.67,91.08,0.96,2.05,3.65,0.91,0.88,2020-05-27,Kumba,2020,5,148,22,57.82999999999999,84.99,287.42999999999995,864.2,0.24555324786880595,-0.22000000000000242,25.37,equatorial
16.65,25.56,29.16,23.19,90.99,1.17,1.69,3.6,0.9,0.88,2020-05-28,Kumba,2020,5,149,22,56.94,85.57,281.65999999999997,861.29,0.2398333246263473,0.34166666666666146,25.56,equatorial
15.29,25.26,28.59,23.2,92.03,3.2,1.88,3.27,0.9,0.88,2020-05-29,Kumba,2020,5,150,22,58.46999999999999,82.36,274.15999999999997,862.2,0.2415376928617044,0.05733333333333235,25.56,equatorial
18.37,24.9,27.74,23.06,91.4,9.81,1.35,2.3,0.9,0.89,2020-05-30,Kumba,2020,5,151,22,67.1,90.62,269.31,869.81,0.2562660669232227,-0.2873333333333363,25.56,equatorial
17.15,25.0,28.49,23.17,91.73,5.73,1.78,3.36,0.9,0.88,2020-05-31,Kumba,2020,5,152,22,69.52,91.57000000000001,249.34,874.72,0.2657437709781951,-0.17233333333333434,25.56,equatorial
10.64,25.22,28.73,22.86,90.49,30.04,1.44,3.39,0.91,0.9,2020-06-01,Kumba,2020,6,153,23,53.08999999999999,115.44,270.38,904.25,0.3231009880212554,0.045999999999999375,25.56,equatorial
17.49,25.09,28.54,23.0,91.31,5.03,1.67,3.48,0.92,0.89,2020-06-02,Kumba,2020,6,154,23,55.93999999999999,116.74,270.91,907.89,0.3300913717215852,-0.07099999999999795,25.56,equatorial
17.19,24.76,27.43,23.07,92.14,14.75,1.61,2.95,0.93,0.9,2020-06-03,Kumba,2020,6,155,23,69.72999999999999,127.56,279.99,921.96,0.35737365182231,-0.36733333333333107,25.56,equatorial
15.41,24.97,27.63,22.99,90.49,14.19,1.29,3.14,0.93,0.91,2020-06-04,Kumba,2020,6,156,23,82.74999999999999,139.69,288.52000000000004,934.4599999999999,0.3815970845117066,-0.13033333333333275,25.26,equatorial
19.16,25.35,29.15,22.69,90.17,3.26,1.77,4.47,0.93,0.9,2020-06-05,Kumba,2020,6,157,23,82.80999999999999,141.28000000000003,287.59000000000003,933.55,0.3797156540331715,0.2633333333333354,25.35,equatorial
16.5,25.35,28.87,23.14,89.36,3.48,1.59,4.56,0.93,0.9,2020-06-06,Kumba,2020,6,158,23,76.48,143.58,246.39000000000001,934.29,0.3810468529354359,0.27266666666666595,25.35,equatorial
17.05,24.84,28.54,22.35,89.32,3.22,2.16,5.04,0.92,0.89,2020-06-07,Kumba,2020,6,159,23,73.97,143.49,238.89,929.65,0.3719016873928802,-0.21133333333333582,25.35,equatorial
14.7,23.85,26.25,21.86,93.03,4.77,2.04,2.62,0.92,0.89,2020-06-08,Kumba,2020,6,160,24,48.69999999999999,101.79,234.78,927.17,0.3669648680158079,-1.1263333333333314,25.35,equatorial
14.14,23.51,26.42,21.68,91.23,6.18,2.02,3.54,0.92,0.89,2020-06-09,Kumba,2020,6,161,24,49.849999999999994,105.79,222.20000000000002,932.4399999999999,0.3771266749861822,-1.435333333333329,25.35,equatorial
14.74,23.98,27.19,22.09,88.27,8.78,1.54,4.06,0.92,0.9,2020-06-10,Kumba,2020,6,162,24,43.879999999999995,113.61000000000001,222.45999999999998,928.19,0.36873710468157067,-0.9353333333333289,25.35,equatorial
14.18,23.86,27.43,21.58,90.65,8.52,2.45,4.83,0.92,0.89,2020-06-11,Kumba,2020,6,163,24,38.209999999999994,120.96000000000001,222.64,924.39,0.36122577218787705,-1.0046666666666653,25.35,equatorial
16.89,23.28,25.92,21.57,93.52,42.97,2.4,3.12,0.94,0.93,2020-06-12,Kumba,2020,6,164,24,77.91999999999999,160.73000000000002,250.09,964.4100000000001,0.4391362473852174,-1.5346666666666628,25.35,equatorial
15.53,24.44,28.5,21.25,88.45,5.5,1.52,5.22,0.94,0.91,2020-06-13,Kumba,2020,6,165,24,79.94,156.42000000000002,255.0,968.3399999999999,0.44666704081829073,-0.3399999999999963,24.84,equatorial
19.69,24.99,29.29,22.6,90.15,5.2,1.72,4.51,0.94,0.9,2020-06-14,Kumba,2020,6,166,24,81.91999999999999,155.89000000000001,253.79,966.64,0.4432174506638276,0.23199999999999932,24.99,equatorial
18.8,24.67,28.03,22.41,91.47,9.85,1.74,3.69,0.93,0.91,2020-06-15,Kumba,2020,6,167,25,87.0,135.70000000000002,262.09,967.23,0.44423523580735325,-0.06866666666666532,24.99,equatorial
14.63,24.48,27.13,22.78,92.88,14.93,1.74,2.67,0.94,0.91,2020-06-16,Kumba,2020,6,168,25,95.74999999999999,145.6,272.24,926.39,0.36442621693446997,-0.23100000000000165,24.99,equatorial
14.01,24.05,26.34,22.39,91.93,7.91,1.99,3.41,0.94,0.91,2020-06-17,Kumba,2020,6,169,25,94.88,138.76,273.98,861.1700000000001,0.23704897801177346,-0.6260000000000012,24.99,equatorial
16.63,24.19,27.39,22.25,89.7,12.91,1.65,4.31,0.94,0.92,2020-06-18,Kumba,2020,6,170,25,99.27,137.48000000000002,283.15999999999997,762.92,0.045200615700707214,-0.46666666666666856,24.99,equatorial
16.7,24.15,27.44,21.53,87.87,7.34,1.98,4.41,0.94,0.91,2020-06-19,Kumba,2020,6,171,25,63.63999999999999,141.56,286.57,719.25,-0.04007807472453862,-0.5100000000000016,24.99,equatorial
14.58,23.64,27.14,20.82,90.58,50.69,2.29,4.0,0.95,0.93,2020-06-20,Kumba,2020,6,172,25,108.82999999999998,188.76999999999998,335.2,762.72,0.04483006049243924,-0.9939999999999998,24.99,equatorial
9.19,22.92,24.39,21.99,94.93,22.25,1.86,1.62,0.97,0.94,2020-06-21,Kumba,2020,6,173,25,125.88,207.8,355.78000000000003,782.29,0.08304902698445965,-1.6583333333333314,24.67,equatorial
16.49,23.85,27.26,21.5,91.99,11.35,2.13,4.07,0.97,0.94,2020-06-22,Kumba,2020,6,174,26,127.38,214.38,365.95,776.67,0.07204668506209122,-0.6893333333333338,24.48,equatorial
17.78,24.64,28.83,21.9,89.22,9.45,1.83,5.43,0.97,0.94,2020-06-23,Kumba,2020,6,175,26,121.89999999999999,217.65,372.09000000000003,783.01,0.08441999956632029,0.125,24.64,equatorial
7.4,24.38,27.46,22.39,92.25,7.71,1.62,2.69,0.97,0.94,2020-06-24,Kumba,2020,6,176,26,121.69999999999999,216.58,333.33,789.92,0.09790756386751925,-0.12466666666666626,24.64,equatorial
16.72,24.52,27.55,22.58,90.68,11.64,1.42,2.72,0.97,0.94,2020-06-25,Kumba,2020,6,177,26,120.42999999999999,219.7,342.78999999999996,799.9499999999999,0.11749598031242349,0.029999999999997584,24.64,equatorial
11.75,23.71,26.45,22.24,94.15,19.45,2.61,3.08,0.97,0.94,2020-06-26,Kumba,2020,6,178,26,132.54,196.18,361.28,817.42,0.15163609374025622,-0.7370000000000019,24.64,equatorial
13.49,23.17,25.22,21.83,94.4,9.32,2.32,2.41,0.97,0.94,2020-06-27,Kumba,2020,6,179,26,91.16999999999999,200.0,369.42999999999995,824.2099999999999,0.16488125544770024,-1.1973333333333294,24.64,equatorial
8.54,23.63,27.09,21.4,91.85,7.49,2.87,4.99,0.97,0.94,2020-06-28,Kumba,2020,6,180,26,76.41,202.29000000000002,373.71999999999997,827.26,0.17080745616756138,-0.6829999999999998,24.64,equatorial
9.55,23.49,27.0,21.26,91.89,13.21,2.77,4.93,0.97,0.94,2020-06-29,Kumba,2020,6,181,27,78.27,205.64999999999998,377.12,835.62,0.18712688040598308,-0.7760000000000034,24.64,equatorial
10.09,23.24,25.91,21.42,92.38,10.07,1.8,2.95,0.97,0.94,2020-06-30,Kumba,2020,6,182,27,78.89,200.79000000000002,381.46,788.22,0.094278521796284,-0.967333333333336,24.52,equatorial
17.98,23.24,26.1,21.16,92.44,2.89,1.63,2.3,0.97,0.93,2020-07-01,Kumba,2020,7,183,27,74.07,195.76999999999998,354.31,790.23,0.09819105971227313,-0.9013333333333335,24.52,equatorial
16.2,24.34,28.52,21.51,90.27,6.49,1.78,4.4,0.96,0.93,2020-07-02,Kumba,2020,7,184,27,68.91999999999999,189.35,355.77,786.6800000000001,0.091212692025,0.22366666666666646,24.34,equatorial
6.98,23.45,25.0,22.17,95.78,15.78,2.45,1.78,0.97,0.94,2020-07-03,Kumba,2020,7,185,27,65.24999999999999,197.79,356.79999999999995,801.34,0.11991278622256371,-0.6226666666666709,24.34,equatorial
13.32,23.54,26.54,21.72,91.96,16.12,2.08,4.19,0.97,0.94,2020-07-04,Kumba,2020,7,186,27,72.05,163.22000000000003,358.72999999999996,816.24,0.1490827604871687,-0.48499999999999943,24.34,equatorial
14.54,23.76,27.46,21.58,92.43,32.05,2.19,3.65,0.97,0.95,2020-07-05,Kumba,2020,7,187,27,96.60999999999999,173.02,387.52,841.06,0.1976971728990558,-0.2119999999999962,24.34,equatorial
13.32,23.87,26.85,22.02,92.44,53.13,2.56,4.12,0.99,0.96,2020-07-06,Kumba,2020,7,188,28,136.53,214.79999999999998,437.16999999999996,888.9599999999999,0.29156026100727916,-0.05266666666666353,24.34,equatorial
12.43,23.16,24.79,22.07,95.7,33.04,2.7,2.24,0.99,0.97,2020-07-07,Kumba,2020,7,189,28,159.5,238.39,466.99,912.2,0.3370558405708836,-0.706666666666667,24.34,equatorial
16.77,23.59,26.61,21.55,91.44,7.31,1.47,3.17,0.99,0.97,2020-07-08,Kumba,2020,7,190,28,163.92,237.98999999999998,469.53000000000003,901.5,0.3159753858973482,-0.2680000000000007,24.34,equatorial
15.32,23.91,27.68,21.45,91.26,8.98,2.52,5.03,0.99,0.96,2020-07-09,Kumba,2020,7,191,28,166.41,235.33,472.33,901.64,0.31616392919834335,0.038666666666664185,23.91,equatorial
11.03,22.85,24.38,21.73,96.46,125.94,2.2,1.07,1.0,0.99,2020-07-10,Kumba,2020,7,192,28,276.57,341.82,589.49,1025.83,0.559761407539263,-0.9836666666666645,23.91,equatorial
13.94,22.88,25.27,21.45,93.75,20.55,2.39,3.1,1.0,0.98,2020-07-11,Kumba,2020,7,193,28,281.0,353.05,601.52,1046.2299999999998,0.5996106197856198,-0.9209999999999994,23.91,equatorial
13.91,23.46,27.35,20.9,91.05,8.4,2.34,5.27,0.99,0.97,2020-07-12,Kumba,2020,7,194,28,257.35,353.96,566.9499999999999,1054.21,0.6150702708533382,-0.3470000000000013,23.91,equatorial
11.12,23.39,26.85,21.16,92.79,19.44,2.58,4.31,0.99,0.97,2020-07-13,Kumba,2020,7,195,29,223.66000000000003,360.19,580.89,1072.91,0.6515655935985403,-0.3819999999999979,23.91,equatorial
7.38,23.0,24.9,21.66,95.11,65.17,2.76,2.33,0.99,0.98,2020-07-14,Kumba,2020,7,196,29,255.79,415.29,640.86,1136.3400000000001,0.7758463831083229,-0.7056666666666658,23.91,equatorial
14.5,23.72,27.18,21.56,87.82,9.78,1.46,4.91,1.0,0.98,2020-07-15,Kumba,2020,7,197,29,258.26,422.17999999999995,640.79,1141.5500000000002,0.7857665258072819,0.045999999999999375,23.91,equatorial
11.49,23.05,25.97,21.13,91.94,18.77,2.32,4.41,0.99,0.97,2020-07-16,Kumba,2020,7,198,29,268.05,434.46000000000004,644.63,1158.8300000000002,0.8193757095818154,-0.5763333333333307,23.72,equatorial
16.63,22.86,25.58,21.23,91.53,2.57,1.67,3.16,0.99,0.96,2020-07-17,Kumba,2020,7,199,29,144.68,421.25,639.29,1158.1,0.8176044577519157,-0.726666666666663,23.72,equatorial
15.58,23.4,26.88,21.33,90.22,2.1,1.67,4.73,0.98,0.96,2020-07-18,Kumba,2020,7,200,29,126.23,407.22999999999996,628.48,1157.1299999999999,0.815363343617045,-0.16033333333333744,23.72,equatorial
8.63,23.24,26.6,21.0,91.98,5.41,2.32,3.89,0.98,0.95,2020-07-19,Kumba,2020,7,201,29,123.24,380.59,626.55,1161.35,0.8233149142658982,-0.28999999999999915,23.72,equatorial
12.83,22.83,25.64,20.78,91.51,49.76,2.16,4.09,0.99,0.96,2020-07-20,Kumba,2020,7,202,30,153.56,377.21999999999997,625.62,1211.02,0.920507042616814,-0.6730000000000018,23.72,equatorial
12.31,23.26,26.72,21.08,91.21,48.83,2.06,4.4,1.0,0.97,2020-07-21,Kumba,2020,7,203,30,137.22,393.01,652.2,1259.25,1.0147843862957406,-0.2543333333333315,23.72,equatorial
13.79,23.67,27.19,21.17,89.52,9.94,1.94,5.65,0.99,0.96,2020-07-22,Kumba,2020,7,204,30,137.38,395.64,650.79,1268.92,1.033261855884785,0.16166666666666885,23.67,equatorial
10.37,23.23,26.8,21.16,92.07,23.33,2.47,4.55,0.99,0.97,2020-07-23,Kumba,2020,7,205,30,141.94,409.99,664.67,1291.9899999999998,1.078025403551625,-0.23133333333333184,23.67,equatorial
12.43,23.38,26.72,21.25,92.3,24.41,2.51,4.3,0.99,0.96,2020-07-24,Kumba,2020,7,206,30,163.78,308.46,681.37,1315.84,1.1242673787254216,-0.047999999999998266,23.67,equatorial
10.05,23.06,25.56,21.55,94.05,28.76,2.58,3.17,0.99,0.97,2020-07-25,Kumba,2020,7,207,30,190.44,316.66999999999996,698.4899999999999,1332.43,1.1562019925744524,-0.3193333333333328,23.67,equatorial
9.86,22.55,24.28,21.43,95.79,27.49,2.61,1.87,0.99,0.97,2020-07-26,Kumba,2020,7,208,30,212.51999999999998,335.76,706.53,1355.24,1.2002995648749857,-0.7906666666666631,23.67,equatorial
13.62,22.71,25.13,21.25,94.46,32.82,2.6,2.8,0.99,0.98,2020-07-27,Kumba,2020,7,209,31,195.57999999999998,349.14,730.03,1381.12,1.2503562637462162,-0.6153333333333322,23.67,equatorial
9.85,22.97,25.89,21.2,93.28,26.63,2.91,4.2,0.99,0.98,2020-07-28,Kumba,2020,7,210,31,173.38,310.59999999999997,749.17,1397.05,1.2808172745732964,-0.3333333333333357,23.67,equatorial
13.27,22.58,25.56,20.76,93.39,16.53,2.54,3.46,0.99,0.97,2020-07-29,Kumba,2020,7,211,31,179.97,317.35,752.49,1398.92,1.283654887039202,-0.6930000000000014,23.38,equatorial
6.88,22.42,25.19,20.74,94.38,21.68,2.74,3.15,0.99,0.97,2020-07-30,Kumba,2020,7,212,31,178.32,320.26,764.1,1394.9,1.2749384947546891,-0.8256666666666668,23.38,equatorial
9.8,23.02,26.3,21.16,92.5,5.17,2.78,5.27,0.99,0.97,2020-07-31,Kumba,2020,7,213,31,159.07999999999998,322.85999999999996,766.38,1391.07,1.2666087355195723,-0.2183333333333337,23.06,equatorial
12.68,23.53,27.82,20.73,90.18,2.73,2.24,5.84,0.98,0.96,2020-08-01,Kumba,2020,8,214,31,133.05,323.49,762.62,1389.3,1.262330682824064,0.3186666666666653,23.53,equatorial
10.54,22.31,24.26,21.01,94.93,19.87,2.77,2.33,0.98,0.96,2020-08-02,Kumba,2020,8,215,31,125.42999999999999,337.95,766.71,1403.5,1.289361543185318,-0.8633333333333368,23.53,equatorial
14.27,22.9,26.65,20.49,92.0,2.28,3.2,5.81,0.98,0.95,2020-08-03,Kumba,2020,8,216,32,94.89,290.46999999999997,752.87,1400.1200000000001,1.281897539607707,-0.25200000000000244,23.53,equatorial
13.28,22.9,26.48,20.32,91.25,8.09,2.71,5.14,0.97,0.94,2020-08-04,Kumba,2020,8,217,32,76.35000000000001,249.73,728.91,1404.02,1.2887101597793826,-0.22333333333333627,23.53,equatorial
20.12,22.83,26.38,20.73,91.65,9.67,2.88,5.34,0.97,0.94,2020-08-05,Kumba,2020,8,218,32,69.49000000000001,249.45999999999998,685.4499999999999,1369.01,1.2192808069083492,-0.25866666666667015,23.53,equatorial
11.83,21.7,24.39,19.8,91.86,8.53,2.85,3.72,0.97,0.93,2020-08-06,Kumba,2020,8,219,32,56.339999999999996,234.66,660.9399999999999,1366.82,1.214249364346713,-1.3399999999999999,23.53,equatorial
11.71,22.18,26.28,19.38,90.39,8.03,2.58,5.36,0.97,0.93,2020-08-07,Kumba,2020,8,220,32,59.2,218.28,661.6600000000001,1365.97,1.2118503189649272,-0.8130000000000024,23.53,equatorial
14.18,22.42,26.7,19.27,89.81,3.7,2.32,5.28,0.96,0.92,2020-08-08,Kumba,2020,8,221,32,60.169999999999995,193.22,656.38,1350.91,1.1816218338222324,-0.5233333333333299,22.9,equatorial
12.04,22.13,25.15,19.95,92.75,6.23,2.78,3.33,0.96,0.92,2020-08-09,Kumba,2020,8,222,32,46.53,171.96,536.67,1348.6200000000001,1.1764456515960073,-0.7893333333333352,22.9,equatorial
11.53,22.56,26.49,19.94,91.1,2.52,2.98,5.46,0.95,0.91,2020-08-10,Kumba,2020,8,223,33,46.769999999999996,141.66,518.64,1342.8,1.1643634751587244,-0.34866666666666646,22.9,equatorial
13.12,23.02,27.18,20.1,90.08,3.5,2.58,5.98,0.95,0.91,2020-08-11,Kumba,2020,8,224,33,42.18,118.53,513.74,1330.78,1.1401558073645182,0.12599999999999767,23.02,equatorial
17.05,23.51,27.79,20.3,90.4,3.67,2.39,5.76,0.94,0.9,2020-08-12,Kumba,2020,8,225,33,36.18,105.67,497.96999999999997,1333.8600000000001,1.1455479614629076,0.6119999999999983,23.51,equatorial
13.22,23.58,27.59,20.83,91.86,7.46,3.0,5.3,0.94,0.9,2020-08-13,Kumba,2020,8,226,33,35.11,91.44999999999999,440.25999999999993,1334.9099999999999,1.1469586624538368,0.6626666666666665,23.58,equatorial
14.59,23.65,27.41,21.21,91.8,8.71,3.26,5.58,0.93,0.9,2020-08-14,Kumba,2020,8,227,33,35.79,94.99,439.19,1342.07,1.160330337067322,0.7349999999999959,23.65,equatorial
13.42,23.72,27.42,21.18,91.52,12.0,2.84,5.23,0.93,0.9,2020-08-15,Kumba,2020,8,228,33,44.089999999999996,104.26,432.42,1349.29,1.1738020458945178,0.782666666666664,23.72,equatorial
13.84,23.41,26.68,21.39,92.28,25.61,2.98,4.31,0.95,0.92,2020-08-16,Kumba,2020,8,229,33,63.47,110.0,455.46000000000004,1368.73,1.2111747810603566,0.4543333333333308,23.72,equatorial
10.76,23.55,26.65,21.92,93.67,18.14,2.95,3.87,0.95,0.92,2020-08-17,Kumba,2020,8,230,34,79.09,125.86,471.5,1383.1399999999999,1.238649538998966,0.5893333333333359,23.72,equatorial
12.15,23.57,27.21,21.51,93.01,8.03,2.55,4.08,0.95,0.91,2020-08-18,Kumba,2020,8,231,34,83.61999999999999,125.8,474.11999999999995,1387.2399999999998,1.2459094108968825,0.5983333333333292,23.72,equatorial
11.01,23.8,27.62,21.48,92.74,32.2,3.33,5.36,0.96,0.93,2020-08-19,Kumba,2020,8,232,34,112.15,148.32999999999998,456.55999999999995,1417.3799999999999,1.304101777230479,0.7959999999999994,23.8,equatorial
8.11,23.07,24.73,22.05,95.77,88.27,3.38,2.15,0.98,0.97,2020-08-20,Kumba,2020,8,233,34,192.95999999999998,228.07,496.0,1503.98,1.4726012404480116,0.07233333333333292,23.8,equatorial
6.39,23.11,25.73,21.62,93.51,39.62,2.63,3.65,1.0,0.97,2020-08-21,Kumba,2020,8,234,34,223.86999999999998,259.65999999999997,525.68,1542.42,1.546601839546481,0.13100000000000378,23.8,equatorial
13.13,23.41,26.86,21.1,92.02,8.16,2.02,4.22,0.99,0.96,2020-08-22,Kumba,2020,8,235,34,220.02999999999997,264.12,510.51,1547.27,1.5548053081794815,0.42499999999999716,23.8,equatorial
7.64,22.95,25.81,21.43,94.56,59.29,2.59,2.9,0.99,0.98,2020-08-23,Kumba,2020,8,236,34,253.70999999999998,317.17999999999995,545.39,1560.0900000000001,1.5785545737465683,-0.020666666666667055,23.8,equatorial
10.97,22.68,25.25,21.01,92.88,15.32,2.22,3.7,0.99,0.97,2020-08-24,Kumba,2020,8,237,35,250.89,329.98,531.9499999999999,1573.23,1.6028706322146684,-0.27800000000000225,23.8,equatorial
16.84,23.47,27.57,20.55,89.6,2.33,1.57,4.5,0.99,0.96,2020-08-25,Kumba,2020,8,238,35,245.18999999999997,328.81,506.78999999999996,1574.6,1.604158918046324,0.48133333333333184,23.8,equatorial
17.16,23.59,27.43,20.84,91.37,4.38,2.11,4.77,0.98,0.96,2020-08-26,Kumba,2020,8,239,35,217.36999999999998,329.52,478.34999999999997,1577.81,1.6090332084314105,0.5720000000000027,23.59,equatorial
16.31,23.4,26.67,21.52,93.61,10.65,2.77,3.73,0.98,0.95,2020-08-27,Kumba,2020,8,240,35,139.74999999999997,332.71,462.37,1585.26,1.622162478211599,0.36766666666666836,23.59,equatorial
10.89,23.19,24.94,22.02,95.71,19.55,2.54,1.73,0.98,0.96,2020-08-28,Kumba,2020,8,241,35,119.67999999999998,343.55,465.39,1594.9999999999998,1.6397212731434447,0.1373333333333342,23.59,equatorial
14.92,23.08,24.86,21.47,94.83,13.49,2.53,2.01,0.99,0.96,2020-08-29,Kumba,2020,8,242,35,125.00999999999998,345.04,457.2,1602.7599999999998,1.6533770056948756,0.005333333333332746,23.59,equatorial
13.01,22.61,24.8,21.11,93.95,12.66,1.99,2.18,0.99,0.96,2020-08-30,Kumba,2020,8,243,35,78.37999999999998,332.09000000000003,464.69,1585.3799999999999,1.6180416279427359,-0.45099999999999696,23.59,equatorial
10.47,23.46,27.33,20.96,90.95,16.04,2.44,5.35,0.98,0.96,2020-08-31,Kumba,2020,8,244,36,79.1,329.99,478.0,1596.3899999999999,1.6380605096077598,0.40133333333333354,23.59,equatorial
9.82,22.78,24.88,21.14,95.17,59.94,2.47,2.19,0.99,0.97,2020-09-01,Kumba,2020,9,245,36,136.70999999999998,381.9,518.0699999999999,1641.58,1.7245246368680047,-0.29433333333333067,23.59,equatorial
13.17,23.14,26.13,21.06,92.51,8.15,1.82,3.13,0.99,0.97,2020-09-02,Kumba,2020,9,246,36,140.48,357.85,523.9399999999999,1635.54,1.7111275142934326,0.05766666666666964,23.46,equatorial
14.63,23.54,26.6,21.61,92.57,21.49,1.57,2.81,0.99,0.97,2020-09-03,Kumba,2020,9,247,36,151.32,291.07000000000005,537.3399999999999,1653.77,1.7449376126186755,0.4363333333333337,23.54,equatorial
11.31,23.45,26.22,21.81,93.62,30.87,2.36,3.4,0.99,0.97,2020-09-04,Kumba,2020,9,248,36,162.64,282.32,558.54,1681.1599999999999,1.7964379466681997,0.3256666666666703,23.54,equatorial
6.28,22.94,25.47,21.3,94.19,55.4,2.85,3.41,1.0,0.98,2020-09-05,Kumba,2020,9,249,36,204.55,329.56,605.4100000000001,1733.3400000000001,1.895886227009502,-0.22566666666666535,23.54,equatorial
9.09,23.22,26.74,20.61,91.65,33.82,2.44,4.87,1.0,0.98,2020-09-06,Kumba,2020,9,250,36,225.71,304.09,631.1999999999999,1762.39,1.9501266584183656,0.019666666666665833,23.54,equatorial
14.42,23.2,25.86,21.17,92.88,41.31,2.25,3.81,1.0,0.98,2020-09-07,Kumba,2020,9,251,37,250.98,330.08,668.8100000000001,1797.52,2.0159438274466903,-0.026333333333333542,23.54,equatorial
5.43,23.12,26.05,21.17,93.53,16.6,2.9,4.09,0.99,0.98,2020-09-08,Kumba,2020,9,252,37,207.64,344.35,679.18,1805.3400000000001,2.0286295800120264,-0.1393333333333331,23.54,equatorial
13.06,23.4,26.96,21.43,92.28,9.09,2.32,4.99,0.99,0.97,2020-09-09,Kumba,2020,9,253,37,208.57999999999998,349.06,685.75,1805.91,2.027239227089123,0.1126666666666658,23.54,equatorial
14.91,23.51,26.99,21.09,91.59,8.55,2.37,5.21,0.99,0.96,2020-09-10,Kumba,2020,9,254,37,195.64,346.96,690.8,1771.49,1.9582085775896858,0.2063333333333368,23.51,equatorial
11.91,23.13,25.37,21.44,94.6,21.21,3.01,2.95,0.99,0.96,2020-09-11,Kumba,2020,9,255,37,185.98,348.62,708.34,1787.2,1.9862889580256344,-0.16100000000000136,23.51,equatorial
10.22,22.82,24.96,21.35,94.09,17.98,2.55,3.09,0.99,0.96,2020-09-12,Kumba,2020,9,256,37,148.56,353.10999999999996,718.86,1799.98,2.008604943932543,-0.44566666666666777,23.51,equatorial
9.5,23.01,25.29,21.12,92.88,19.89,1.9,2.82,0.99,0.96,2020-09-13,Kumba,2020,9,257,37,134.63,360.34000000000003,730.04,1810.02,2.025547760104431,-0.2343333333333284,23.51,equatorial
7.79,22.97,25.49,20.93,92.86,17.76,1.8,2.91,0.99,0.96,2020-09-14,Kumba,2020,9,258,38,111.08,362.06,735.8,1812.85,2.028525516602986,-0.24933333333333607,23.51,equatorial
8.14,23.61,27.22,21.38,91.93,22.21,2.44,4.78,0.99,0.97,2020-09-15,Kumba,2020,9,259,38,116.69,324.33,732.4,1827.1499999999999,2.0535822796699157,0.38400000000000034,23.61,equatorial
9.11,23.52,26.59,21.53,92.63,19.87,2.54,4.18,0.99,0.96,2020-09-16,Kumba,2020,9,260,38,127.46999999999998,336.05,734.13,1834.1100000000001,2.0644111928053643,0.29499999999999815,23.61,equatorial
13.5,23.64,27.29,21.31,91.71,18.49,1.82,3.45,0.99,0.96,2020-09-17,Kumba,2020,9,261,38,137.41,333.05,744.59,1845.26,2.0832515306365846,0.41266666666667007,23.64,equatorial
15.26,23.26,25.25,21.75,95.07,79.83,1.63,1.41,0.99,0.98,2020-09-18,Kumba,2020,9,262,38,196.02999999999997,382.01,792.22,1874.3999999999999,2.1365718104232405,0.05066666666666819,23.64,equatorial
9.38,23.41,26.7,21.47,92.4,9.01,2.53,5.15,0.99,0.98,2020-09-19,Kumba,2020,9,263,38,187.05999999999997,335.62,712.96,1861.1599999999999,2.10831660125206,0.18933333333333735,23.64,equatorial
17.49,23.06,25.53,21.12,93.63,6.36,2.3,2.82,0.99,0.97,2020-09-20,Kumba,2020,9,264,38,173.52999999999997,308.16,679.6999999999999,1856.17,2.096002973567364,-0.15900000000000247,23.64,equatorial
15.58,22.93,25.84,20.96,91.07,1.56,1.97,3.66,0.99,0.96,2020-09-21,Kumba,2020,9,265,39,157.32999999999998,268.41,673.1,1848.28,2.078182134713198,-0.27299999999999613,23.64,equatorial
16.72,23.09,26.6,20.38,90.12,3.38,1.74,4.42,0.98,0.96,2020-09-22,Kumba,2020,9,266,39,138.49999999999997,255.19,617.19,1843.9499999999998,2.0672512084073964,-0.11766666666666836,23.64,equatorial
10.89,22.92,25.14,21.09,90.99,25.5,1.4,2.26,0.98,0.96,2020-09-23,Kumba,2020,9,267,39,144.12999999999997,271.59999999999997,627.37,1857.81,2.0911707359867653,-0.2956666666666621,23.64,equatorial
13.68,23.38,26.71,21.1,90.79,5.65,1.97,4.41,0.98,0.96,2020-09-24,Kumba,2020,9,268,39,131.28999999999996,268.7,630.6899999999999,1844.01,2.0621058704264703,0.16733333333332823,23.41,equatorial
15.46,23.28,26.4,21.07,91.1,14.44,1.84,4.21,0.98,0.95,2020-09-25,Kumba,2020,9,269,39,65.89999999999998,261.93,640.75,1849.13,2.0693057816350704,0.07766666666666566,23.41,equatorial
9.81,22.31,24.49,20.68,92.1,5.52,2.64,3.61,0.98,0.95,2020-09-26,Kumba,2020,9,270,39,62.40999999999998,249.46999999999997,635.62,1847.16,2.0629405019204,-0.8560000000000016,23.38,equatorial
12.4,22.63,26.07,20.1,90.8,9.76,2.28,5.3,0.98,0.95,2020-09-27,Kumba,2020,9,271,39,65.80999999999999,239.34,625.83,1843.71,2.0537769565766273,-0.5173333333333332,23.38,equatorial
10.92,23.09,26.68,20.5,91.15,19.9,2.59,5.2,0.98,0.95,2020-09-28,Kumba,2020,9,272,40,84.14999999999998,241.47999999999996,632.24,1853.54,2.0699628815240185,-0.05766666666666609,23.38,equatorial
7.63,23.18,25.9,21.35,92.36,16.94,1.7,3.15,0.98,0.95,2020-09-29,Kumba,2020,9,273,40,97.71,236.21,636.5200000000001,1867.59,2.0941183565104793,0.013333333333331865,23.38,equatorial
14.66,23.76,27.42,21.49,90.54,6.14,1.87,4.7,0.97,0.94,2020-09-30,Kumba,2020,9,274,40,78.35,222.48,626.62,1867.24,2.0907702889591655,0.5833333333333357,23.76,equatorial
13.9,23.11,25.95,21.05,92.53,9.1,1.6,2.67,0.97,0.94,2020-10-01,Kumba,2020,10,275,40,81.79999999999998,213.08999999999997,575.7800000000001,1860.56,2.0753991171333768,-0.07766666666666566,23.76,equatorial
11.06,23.1,25.04,21.49,95.41,15.36,1.89,1.55,0.98,0.95,2020-10-02,Kumba,2020,10,276,40,82.71999999999998,148.62,582.99,1859.8000000000002,2.0713379918009256,-0.08633333333333226,23.76,equatorial
15.69,24.17,26.89,22.2,89.42,4.26,1.14,2.98,0.98,0.94,2020-10-03,Kumba,2020,10,277,40,81.46,143.87,565.7600000000001,1832.01,2.015971190700531,0.9626666666666672,24.17,equatorial
11.52,24.72,28.83,22.1,90.09,44.82,1.82,4.54,0.97,0.95,2020-10-04,Kumba,2020,10,278,40,116.51999999999998,182.32999999999998,579.71,1823.7,1.9977793729554052,1.4703333333333326,24.72,equatorial
20.75,24.43,27.49,22.05,86.74,49.34,1.44,3.12,0.99,0.97,2020-10-05,Kumba,2020,10,279,41,145.95999999999998,230.10999999999999,573.65,1840.0,2.026320115344544,1.1306666666666665,24.72,equatorial
10.93,22.78,24.73,20.49,93.22,3.41,2.33,2.89,0.99,0.96,2020-10-06,Kumba,2020,10,280,41,132.42999999999998,230.14,543.24,1836.1,2.016477086821268,-0.5046666666666653,24.72,equatorial
15.57,22.79,26.97,19.25,88.82,1.72,1.94,5.27,0.98,0.95,2020-10-07,Kumba,2020,10,281,41,128.01,206.35999999999999,503.65000000000003,1828.8400000000001,2.0003095277517695,-0.48100000000000165,24.72,equatorial
16.85,23.66,27.76,20.54,87.91,1.36,1.57,5.1,0.97,0.94,2020-10-08,Kumba,2020,10,282,41,120.26999999999998,202.07,488.40999999999997,1704.26,1.762149455587763,0.37099999999999866,24.72,equatorial
15.97,23.79,27.13,21.54,88.45,7.01,1.86,5.14,0.97,0.94,2020-10-09,Kumba,2020,10,283,41,111.91999999999999,194.64,486.33000000000004,1690.72,1.7348128050924416,0.487999999999996,24.72,equatorial
17.69,23.55,26.93,21.32,88.76,2.03,1.61,4.34,0.96,0.93,2020-10-10,Kumba,2020,10,284,41,109.68999999999998,191.15,479.81,1684.35,1.7211163000477911,0.2466666666666697,24.72,equatorial
13.21,22.98,26.23,20.8,91.32,3.3,2.06,3.94,0.96,0.92,2020-10-11,Kumba,2020,10,285,41,68.16999999999999,184.69,461.90000000000003,1668.21,1.6889845674700168,-0.3183333333333316,24.43,equatorial
17.52,23.49,27.47,20.47,90.02,1.69,2.62,5.36,0.95,0.91,2020-10-12,Kumba,2020,10,286,42,20.519999999999985,166.48000000000002,445.61,1604.7299999999998,1.5674474951043842,0.16933333333333067,23.79,equatorial
15.59,23.28,25.2,21.73,94.75,27.19,2.42,2.14,0.96,0.93,2020-10-13,Kumba,2020,10,287,42,44.29999999999998,176.73,452.91,1622.1399999999999,1.5990685720674906,-0.04966666666666342,23.79,equatorial
15.23,23.47,26.41,21.62,92.21,6.32,2.22,3.76,0.96,0.93,2020-10-14,Kumba,2020,10,288,42,48.89999999999999,176.91,441.46999999999997,1609.6899999999998,1.5742040782824465,0.12366666666666504,23.79,equatorial
15.33,23.45,26.35,21.36,92.27,7.63,1.97,3.04,0.96,0.92,2020-10-15,Kumba,2020,10,289,42,55.16999999999999,175.44,426.89,1614.75,1.5824663750834331,0.10899999999999821,23.79,equatorial
16.0,22.66,24.49,21.24,93.36,4.44,2.08,2.55,0.96,0.92,2020-10-16,Kumba,2020,10,290,42,52.59999999999998,164.51999999999998,411.46,1617.0900000000001,1.5855743299810836,-0.6523333333333348,23.55,equatorial
14.65,23.46,26.65,20.92,90.56,3.61,1.51,3.27,0.96,0.92,2020-10-17,Kumba,2020,10,291,42,54.17999999999999,163.87,396.58,1615.29,1.5808622223828048,0.15366666666666617,23.49,equatorial
16.25,24.23,27.86,21.47,89.19,1.19,1.66,4.09,0.95,0.91,2020-10-18,Kumba,2020,10,292,42,52.069999999999986,120.24000000000001,317.94,1566.72,1.4879201422148227,0.8913333333333355,24.23,equatorial
17.9,23.57,26.53,21.95,91.77,7.65,1.61,2.24,0.95,0.92,2020-10-19,Kumba,2020,10,293,43,58.02999999999999,78.55000000000001,316.58,1525.54,1.4091062035044764,0.2259999999999991,24.23,equatorial
16.19,23.6,26.73,21.69,92.42,4.6,1.99,2.85,0.95,0.91,2020-10-20,Kumba,2020,10,294,43,35.43999999999998,79.74,314.82,1520.2,1.3980419180391308,0.23799999999999955,24.23,equatorial
13.6,23.09,25.64,21.37,91.64,4.55,1.78,2.67,0.95,0.91,2020-10-21,Kumba,2020,10,295,43,33.66999999999999,82.57,317.81,1501.42,1.3616514224459721,-0.2773333333333383,24.23,equatorial
15.82,24.03,28.36,20.96,89.11,2.81,1.7,4.71,0.95,0.91,2020-10-22,Kumba,2020,10,296,43,28.849999999999987,84.02,317.24,1479.82,1.3200057899199096,0.631333333333334,24.23,equatorial
12.0,23.59,26.05,22.22,94.05,19.59,2.07,2.25,0.95,0.92,2020-10-23,Kumba,2020,10,297,43,43.999999999999986,96.6,311.33,1470.65,1.3018640725264057,0.16899999999999693,24.23,equatorial
15.23,23.71,26.07,21.98,94.07,11.13,1.79,1.76,0.96,0.92,2020-10-24,Kumba,2020,10,298,43,51.51999999999999,105.7,316.81,1454.29,1.2701963576497712,0.27800000000000225,24.23,equatorial
13.61,23.65,25.94,22.11,94.33,12.4,1.95,2.06,0.96,0.93,2020-10-25,Kumba,2020,10,299,43,62.72999999999999,114.8,314.77000000000004,1433.8700000000001,1.2309225480260653,0.20566666666666933,24.03,equatorial
14.62,24.0,26.53,22.09,92.0,16.22,1.69,2.7,0.96,0.93,2020-10-26,Kumba,2020,10,300,44,71.29999999999998,129.32999999999998,325.46999999999997,1423.46,1.210572490465719,0.4993333333333325,24.03,equatorial
13.9,24.71,28.03,22.02,89.55,16.77,1.26,3.49,0.97,0.94,2020-10-27,Kumba,2020,10,301,44,83.46999999999998,118.91,332.48,1423.7,1.2103234410449417,1.1400000000000006,24.71,equatorial
11.72,23.83,26.32,22.64,91.6,6.61,1.08,1.92,0.97,0.93,2020-10-28,Kumba,2020,10,302,44,85.52999999999999,119.2,319.19,1408.6299999999999,1.1812217176913193,0.23533333333332962,24.71,equatorial
9.88,23.37,25.52,21.69,92.85,9.41,1.48,1.97,0.97,0.94,2020-10-29,Kumba,2020,10,303,44,92.13,120.97999999999999,311.66,1412.8700000000001,1.188547559176718,-0.23100000000000165,24.71,equatorial
16.12,24.61,29.06,20.9,87.76,2.65,1.77,5.76,0.96,0.93,2020-10-30,Kumba,2020,10,304,44,75.18999999999998,119.19,308.16999999999996,1412.79,1.187723886859462,0.9806666666666679,24.71,equatorial
11.05,25.22,29.63,21.98,87.31,17.52,1.15,5.01,0.96,0.93,2020-10-31,Kumba,2020,10,305,44,81.57999999999998,133.1,316.59000000000003,1410.44,1.1826246487598517,1.5203333333333333,25.22,equatorial
12.31,24.07,25.58,22.77,94.94,17.32,1.25,1.04,0.97,0.94,2020-11-01,Kumba,2020,11,306,44,86.49999999999999,149.23,318.55,1425.48,1.2102932727394253,0.3379999999999974,25.22,equatorial
10.35,23.48,25.59,22.04,93.88,4.7,1.82,2.33,0.97,0.93,2020-11-02,Kumba,2020,11,307,45,74.97999999999999,146.28,318.99,1422.0900000000001,1.203208629089671,-0.2289999999999992,25.22,equatorial
14.93,24.41,27.46,22.05,89.45,0.67,1.87,3.29,0.96,0.93,2020-11-03,Kumba,2020,11,308,45,58.87999999999999,142.35,274.84000000000003,1413.09,1.1855673578430577,0.7113333333333323,25.22,equatorial
15.09,23.75,25.81,22.29,91.66,4.21,1.81,2.05,0.96,0.93,2020-11-04,Kumba,2020,11,309,45,56.47999999999998,142.01,229.71,1408.77,1.17676354936189,0.07400000000000162,25.22,equatorial
18.01,24.46,27.84,22.0,89.39,1.29,1.24,2.91,0.96,0.92,2020-11-05,Kumba,2020,11,310,45,48.359999999999985,140.48999999999998,227.59,1402.03,1.163413918841197,0.727999999999998,25.22,equatorial
15.7,24.99,28.64,22.6,89.28,5.89,1.42,2.95,0.96,0.92,2020-11-06,Kumba,2020,11,311,45,51.59999999999999,126.78999999999999,231.76000000000002,1404.22,1.1668974037598352,1.1846666666666614,25.22,equatorial
9.91,24.0,27.04,21.21,91.38,47.26,2.53,3.89,0.97,0.95,2020-11-07,Kumba,2020,11,312,45,81.33999999999997,162.92000000000002,277.65999999999997,1445.25,1.2435042637412703,0.18333333333333357,24.99,equatorial
13.02,22.82,26.24,20.36,88.61,1.84,1.82,3.82,0.97,0.93,2020-11-08,Kumba,2020,11,313,45,65.85999999999999,152.35999999999999,272.49,1444.57,1.241484302487435,-0.9643333333333324,24.99,equatorial
18.47,23.76,27.87,20.2,84.91,1.89,1.5,3.7,0.96,0.93,2020-11-09,Kumba,2020,11,314,46,63.04999999999998,138.03,272.34999999999997,1442.96,1.2377170438097405,-0.03133333333333255,24.99,equatorial
17.18,24.94,29.36,21.81,85.33,3.74,1.01,4.86,0.96,0.92,2020-11-10,Kumba,2020,11,315,46,66.11999999999999,125.0,272.79,1443.03,1.2371171568197699,1.0833333333333321,24.99,equatorial
15.85,24.51,28.24,22.08,89.04,3.72,1.45,3.62,0.95,0.92,2020-11-11,Kumba,2020,11,316,46,65.62999999999998,122.11,274.82000000000005,1439.2900000000002,1.229348858630521,0.6193333333333335,24.99,equatorial
18.37,24.79,28.64,21.75,86.63,4.55,1.33,2.99,0.95,0.92,2020-11-12,Kumba,2020,11,317,46,68.88999999999999,117.24999999999999,252.18,1435.13,1.2208014583144318,0.8490000000000002,24.99,equatorial
17.06,25.05,28.27,22.87,88.8,0.86,1.2,2.58,0.95,0.91,2020-11-13,Kumba,2020,11,318,46,63.859999999999985,115.46,246.72,1423.99,1.1991338748249385,1.0563333333333311,25.05,equatorial
16.16,24.79,27.68,22.95,89.96,3.33,1.17,2.47,0.94,0.91,2020-11-14,Kumba,2020,11,319,46,19.929999999999986,101.27000000000001,242.42000000000002,1401.71,1.156537063729777,0.7516666666666652,25.05,equatorial
17.49,25.35,29.44,22.52,85.63,5.13,1.37,5.04,0.94,0.91,2020-11-15,Kumba,2020,11,320,46,23.219999999999985,89.08,243.11,1388.7,1.131432086254136,1.2220000000000013,25.35,equatorial
15.91,24.61,28.53,22.39,88.82,7.79,1.6,4.35,0.94,0.91,2020-11-16,Kumba,2020,11,321,47,29.119999999999987,92.16999999999999,247.29,1388.46,1.1303799698382786,0.4436666666666653,25.35,equatorial
20.18,24.54,28.78,21.26,87.03,0.65,1.57,4.42,0.94,0.9,2020-11-17,Kumba,2020,11,322,47,26.029999999999987,92.15,246.75,1356.91,1.070430500246517,0.36333333333332973,25.35,equatorial
17.79,24.95,29.15,21.81,87.4,0.65,1.5,4.35,0.93,0.89,2020-11-18,Kumba,2020,11,323,47,22.959999999999987,88.59,239.75,1269.29,0.9050484717351583,0.7273333333333305,25.35,equatorial
18.4,24.62,27.38,23.09,91.26,2.47,1.28,2.19,0.92,0.89,2020-11-19,Kumba,2020,11,324,47,20.87999999999999,89.77000000000001,237.62,1232.1399999999999,0.8347581492316738,0.36333333333333684,25.35,equatorial
15.61,24.16,27.17,22.27,91.98,0.33,1.94,3.0,0.92,0.89,2020-11-20,Kumba,2020,11,325,47,20.349999999999984,84.21000000000001,233.39999999999998,1224.3100000000002,0.8196929649227479,-0.13233333333333164,25.35,equatorial
17.48,24.48,28.41,22.19,90.75,0.43,1.75,2.98,0.92,0.88,2020-11-21,Kumba,2020,11,326,47,17.44999999999999,37.38,231.01999999999998,1165.4499999999998,0.7085843623782767,0.17266666666666453,25.35,equatorial
17.51,24.79,28.38,22.3,89.21,0.56,1.5,3.05,0.91,0.88,2020-11-22,Kumba,2020,11,327,47,12.879999999999987,36.099999999999994,211.99,1150.69,0.6805497603626791,0.44266666666666765,24.95,equatorial
17.43,25.36,29.97,22.46,88.64,0.1,1.89,4.76,0.91,0.87,2020-11-23,Kumba,2020,11,328,48,5.189999999999986,34.31,200.95999999999998,1148.46,0.6761198384199986,0.9576666666666647,25.36,equatorial
15.68,25.2,28.89,22.89,89.73,0.65,1.6,3.55,0.9,0.87,2020-11-24,Kumba,2020,11,329,48,5.189999999999986,31.220000000000002,189.21,1144.73,0.6688672168417981,0.7459999999999987,25.36,equatorial
15.49,25.83,29.8,23.32,87.22,1.83,1.22,4.67,0.9,0.87,2020-11-25,Kumba,2020,11,330,48,6.369999999999987,29.33,174.82000000000002,1135.91,0.6520311969884748,1.3149999999999977,25.83,equatorial
16.16,25.76,29.46,23.57,87.7,1.07,1.28,3.68,0.89,0.86,2020-11-26,Kumba,2020,11,331,48,4.969999999999986,25.85,159.12,1117.43,0.6170052202125564,1.2100000000000009,25.83,equatorial
16.58,25.38,29.37,23.17,90.14,10.41,1.95,3.89,0.89,0.87,2020-11-27,Kumba,2020,11,332,48,15.049999999999986,35.4,162.92,1114.3500000000001,0.611005174515103,0.7783333333333324,25.83,equatorial
17.43,25.18,29.38,22.38,87.85,10.04,1.76,4.97,0.89,0.88,2020-11-28,Kumba,2020,11,333,48,24.659999999999986,42.11,163.54999999999998,1111.73,0.6058740776316619,0.5180000000000007,25.83,equatorial
19.7,25.19,29.65,21.95,84.5,4.64,1.62,4.9,0.89,0.87,2020-11-29,Kumba,2020,11,334,48,28.739999999999988,41.62,165.54,1100.3300000000002,0.5841982076385047,0.5086666666666702,25.83,equatorial
19.43,25.52,30.26,22.11,83.27,5.75,1.26,5.6,0.89,0.87,2020-11-30,Kumba,2020,11,335,49,34.389999999999986,39.58,153.77,1046.14,0.481871194900814,0.8286666666666669,25.83,equatorial
18.13,25.96,30.51,23.4,84.86,7.15,1.4,5.22,0.88,0.87,2020-12-01,Kumba,2020,12,336,49,40.889999999999986,46.08,143.60000000000002,1045.1399999999999,0.47984855037899776,1.2056666666666693,25.96,equatorial
18.16,25.48,30.0,22.52,87.56,0.25,1.68,5.02,0.88,0.86,2020-12-02,Kumba,2020,12,337,49,39.30999999999999,45.68,139.15,1023.9,0.4396593525063509,0.6589999999999989,25.96,equatorial
17.56,24.64,27.9,22.5,89.61,0.03,1.57,2.99,0.87,0.85,2020-12-03,Kumba,2020,12,338,49,38.26999999999999,43.239999999999995,138.51000000000002,993.0600000000001,0.3813698603985317,-0.18866666666666632,25.96,equatorial
19.55,25.19,30.38,21.84,84.83,0.03,1.3,4.92,0.87,0.85,2020-12-04,Kumba,2020,12,339,49,27.889999999999986,42.94,134.33,937.69,0.27680891908476796,0.31333333333333613,25.96,equatorial
19.57,24.53,28.58,21.79,88.0,0.04,1.89,4.43,0.86,0.84,2020-12-05,Kumba,2020,12,340,49,17.889999999999986,42.55,133.08,903.91,0.21299561281554374,-0.3490000000000002,25.96,equatorial
16.37,24.78,29.09,21.73,84.8,0.02,1.23,3.52,0.85,0.84,2020-12-06,Kumba,2020,12,341,49,13.269999999999985,42.010000000000005,127.21000000000001,862.62,0.1350091921013813,-0.09199999999999875,25.96,equatorial
15.59,24.42,28.7,21.97,88.57,0.26,1.61,3.55,0.85,0.84,2020-12-07,Kumba,2020,12,342,50,7.779999999999986,42.17,80.21000000000001,846.28,0.10412832810844583,-0.4659999999999975,25.96,equatorial
16.9,24.59,28.62,21.9,88.54,0.07,1.73,3.44,0.84,0.83,2020-12-08,Kumba,2020,12,343,50,0.6999999999999857,41.59,78.44,837.26,0.08707077487734641,-0.3550000000000004,25.48,equatorial
16.39,24.99,29.04,22.48,87.83,0.08,1.48,3.65,0.84,0.83,2020-12-09,Kumba,2020,12,344,50,0.5299999999999858,39.839999999999996,76.63,828.7900000000001,0.07105218969735985,0.003999999999997783,25.19,equatorial
14.69,24.54,27.43,22.81,92.08,0.63,1.69,2.15,0.83,0.83,2020-12-10,Kumba,2020,12,345,50,1.1299999999999857,39.4,73.52,808.21,0.03215464127389734,-0.4326666666666661,25.19,equatorial
16.17,24.36,26.77,22.81,93.43,0.62,2.01,1.74,0.83,0.83,2020-12-11,Kumba,2020,12,346,50,1.7199999999999858,29.61,70.42,790.85,-0.0006580457666920214,-0.6076666666666668,24.99,equatorial
14.3,24.44,27.69,22.5,91.93,2.55,1.71,2.33,0.83,0.83,2020-12-12,Kumba,2020,12,347,50,4.229999999999985,22.12,68.42,773.51,-0.03343293191694967,-0.5160000000000018,24.99,equatorial
15.69,24.22,26.92,22.39,92.21,1.72,1.58,1.93,0.83,0.83,2020-12-13,Kumba,2020,12,348,50,5.9299999999999855,19.200000000000003,69.28,757.47,-0.06375002545614936,-0.7083333333333321,24.99,equatorial
14.91,24.38,27.82,22.15,90.23,1.77,1.49,2.5,0.83,0.83,2020-12-14,Kumba,2020,12,349,51,7.439999999999985,15.22,67.72,737.03,-0.10238736546599465,-0.5346666666666664,24.99,equatorial
17.06,24.4,27.51,22.27,90.09,2.08,1.41,2.37,0.83,0.83,2020-12-15,Kumba,2020,12,350,51,9.449999999999985,10.150000000000002,64.67,719.24,-0.1360119921270502,-0.48300000000000054,24.99,equatorial
16.57,24.27,27.28,22.63,88.88,1.59,1.05,1.77,0.83,0.83,2020-12-16,Kumba,2020,12,351,51,10.959999999999987,11.490000000000002,58.47,702.3399999999999,-0.16795223545145946,-0.6016666666666666,24.54,equatorial
17.15,24.17,26.75,22.41,92.02,0.13,1.33,1.57,0.82,0.82,2020-12-17,Kumba,2020,12,352,51,10.459999999999985,11.59,57.95,622.64,-0.31872178534293105,-0.6893333333333302,24.44,equatorial
18.67,24.17,26.68,22.64,92.72,0.02,1.61,1.59,0.82,0.82,2020-12-18,Kumba,2020,12,353,51,9.859999999999985,11.58,57.32,613.6500000000001,-0.3356551923371479,-0.6633333333333304,24.44,equatorial
16.91,24.89,29.09,22.2,88.07,0.01,1.59,3.37,0.82,0.82,2020-12-19,Kumba,2020,12,354,51,7.319999999999986,11.55,54.86,607.3000000000001,-0.347589567280157,0.047666666666664526,24.89,equatorial
17.67,24.78,28.68,22.6,87.97,0.02,1.05,2.63,0.81,0.82,2020-12-20,Kumba,2020,12,355,51,5.619999999999987,11.55,54.55,605.76,-0.35041594674693993,-0.08299999999999841,24.89,equatorial
18.74,24.69,28.99,21.85,86.97,0.01,1.52,3.44,0.81,0.81,2020-12-21,Kumba,2020,12,356,52,3.859999999999986,11.3,54.129999999999995,602.39,-0.3567074753191822,-0.17999999999999616,24.89,equatorial
18.7,24.45,27.47,22.56,89.38,0.0,1.45,2.19,0.8,0.81,2020-12-22,Kumba,2020,12,357,52,1.7799999999999858,11.23,53.57,576.89,-0.4049129267652328,-0.40866666666666873,24.89,equatorial
17.71,24.92,28.67,22.49,88.2,0.0,1.53,3.67,0.8,0.81,2020-12-23,Kumba,2020,12,358,52,0.1899999999999858,11.15,53.47,571.24,-0.4155081558791468,0.07600000000000406,24.92,equatorial
17.63,25.16,29.04,22.85,87.4,0.0,1.54,3.66,0.79,0.8,2020-12-24,Kumba,2020,12,359,52,0.059999999999985794,10.520000000000001,52.82,556.8000000000001,-0.44275604512813677,0.31733333333333036,25.16,equatorial
19.74,25.32,30.1,21.69,84.74,0.0,1.9,4.58,0.79,0.79,2020-12-25,Kumba,2020,12,360,52,0.0399999999999858,9.9,50.989999999999995,551.28,-0.4530954641972284,0.4943333333333335,25.32,equatorial
18.22,24.96,29.31,22.27,85.32,0.0,1.53,4.5,0.78,0.79,2020-12-26,Kumba,2020,12,361,52,0.029999999999985795,7.3500000000000005,49.919999999999995,541.52,-0.47146923885670394,0.16100000000000136,25.32,equatorial
16.03,25.21,30.05,22.31,84.67,0.01,1.36,4.54,0.77,0.78,2020-12-27,Kumba,2020,12,362,52,0.01999999999998579,5.640000000000001,39.52,521.63,-0.5090420790130916,0.4166666666666643,25.32,equatorial
16.67,25.6,30.06,22.63,83.66,0.02,1.21,4.34,0.76,0.78,2020-12-28,Kumba,2020,12,363,53,0.029999999999985788,3.89,29.500000000000004,504.71,-0.5409747895607021,0.7926666666666726,25.6,equatorial
16.94,25.63,29.96,22.78,86.39,0.02,1.49,3.94,0.76,0.77,2020-12-29,Kumba,2020,12,364,53,0.04999999999998579,1.83,24.880000000000003,498.59,-0.5524199354231577,0.8079999999999998,25.63,equatorial
17.47,25.46,29.77,22.94,86.19,0.03,1.62,4.1,0.75,0.77,2020-12-30,Kumba,2020,12,365,53,0.07999999999998579,0.27,19.16,489.52,-0.5694565481795927,0.6400000000000006,25.63,equatorial
17.65,25.35,29.79,22.65,86.5,0.05,1.4,3.08,0.74,0.77,2020-12-31,Kumba,2020,12,366,53,0.1299999999999858,0.19,12.059999999999999,474.21000000000004,-0.5983237060601913,0.5503333333333345,25.63,equatorial
17.29,25.2,28.64,23.14,89.4,0.01,1.56,2.67,0.74,0.76,2021-01-01,Kumba,2021,1,1,53,0.1399999999999858,0.18000000000000002,11.82,469.96,-0.6062007155051939,0.4096666666666664,25.63,equatorial
17.96,25.28,29.06,22.99,87.3,0.01,1.38,3.14,0.74,0.76,2021-01-02,Kumba,2021,1,2,53,0.14999999999998578,0.18,11.8,425.15,-0.6910249776320894,0.4683333333333337,25.63,equatorial
18.05,24.8,27.79,22.85,88.9,0.01,1.41,2.41,0.73,0.76,2021-01-03,Kumba,2021,1,3,53,0.14999999999998578,0.16999999999999998,11.780000000000001,375.82,-0.7843841503629102,0.0013333333333314101,25.63,equatorial
18.28,25.35,29.88,22.54,85.23,0.01,1.12,3.19,0.73,0.75,2021-01-04,Kumba,2021,1,4,1,0.1399999999999858,0.17,11.75,372.41999999999996,-0.7905466445397957,0.5240000000000009,25.63,equatorial
18.9,25.18,28.77,22.79,88.15,0.02,1.62,3.29,0.72,0.75,2021-01-05,Kumba,2021,1,5,1,0.1399999999999858,0.19,11.75,370.72,-0.7934800646713348,0.34066666666666734,25.46,equatorial
14.67,25.57,29.39,23.37,87.89,2.37,1.35,2.94,0.72,0.75,2021-01-06,Kumba,2021,1,6,1,2.4799999999999858,2.56,13.860000000000001,371.73,-0.7912693633275086,0.6923333333333339,25.57,equatorial
15.38,25.06,28.53,22.94,88.64,2.5,1.38,2.52,0.72,0.75,2021-01-07,Kumba,2021,1,7,1,4.9299999999999855,5.0600000000000005,16.29,367.22,-0.7995359180651661,0.16666666666666785,25.57,equatorial
16.82,25.19,29.78,22.49,85.95,2.26,1.55,4.35,0.71,0.75,2021-01-08,Kumba,2021,1,8,1,7.1799999999999855,7.32,18.470000000000002,367.45,-0.7988015779031948,0.2900000000000027,25.57,equatorial
17.57,25.21,29.97,22.36,85.18,1.31,1.48,4.53,0.71,0.74,2021-01-09,Kumba,2021,1,9,1,8.479999999999986,8.629999999999999,19.15,365.46000000000004,-0.802281600899618,0.2876666666666665,25.57,equatorial
16.36,25.41,30.35,22.25,83.57,2.61,1.43,5.1,0.7,0.74,2021-01-10,Kumba,2021,1,10,1,11.079999999999986,11.23,21.14,366.38000000000005,-0.8002358450162388,0.45266666666666566,25.57,equatorial
18.41,25.42,30.61,22.32,83.14,0.09,1.44,4.88,0.7,0.73,2021-01-11,Kumba,2021,1,11,2,11.159999999999986,11.3,18.68,339.28000000000003,-0.8513833691508876,0.43000000000000327,25.57,equatorial
19.4,25.3,30.26,22.32,83.27,0.06,1.99,4.97,0.69,0.72,2021-01-12,Kumba,2021,1,12,2,11.199999999999987,11.34,17.02,333.02,-0.8629343075980372,0.27399999999999736,25.57,equatorial
19.07,24.99,30.06,21.9,82.86,0.06,1.73,4.75,0.68,0.71,2021-01-13,Kumba,2021,1,13,2,8.889999999999985,11.37,15.31,325.45,-0.8769645379682867,-0.05633333333333823,25.42,equatorial
18.58,24.86,29.21,22.17,84.15,0.06,1.74,4.59,0.67,0.7,2021-01-14,Kumba,2021,1,14,2,6.449999999999985,11.379999999999999,13.290000000000001,321.07,-0.8849286801668315,-0.201666666666668,25.42,equatorial
19.85,25.14,30.34,21.72,80.83,0.02,1.1,4.1,0.66,0.7,2021-01-15,Kumba,2021,1,15,2,4.209999999999985,11.389999999999999,11.719999999999999,317.47999999999996,-0.8913873918089266,0.04933333333333323,25.42,equatorial
17.59,25.16,30.19,22.0,80.96,0.0,1.11,3.78,0.66,0.69,2021-01-16,Kumba,2021,1,16,2,2.8999999999999857,11.379999999999999,11.59,316.28999999999996,-0.893284701678005,0.03633333333333155,25.42,equatorial
18.21,25.2,30.49,21.39,80.46,0.0,1.29,3.97,0.65,0.68,2021-01-17,Kumba,2021,1,17,2,0.28999999999998577,11.37,11.57,308.64,-0.9074469730547404,0.04199999999999804,25.42,equatorial
19.94,25.95,31.6,22.35,77.91,0.0,1.42,4.81,0.64,0.67,2021-01-18,Kumba,2021,1,18,3,0.19999999999998577,11.36,11.559999999999999,304.03999999999996,-0.9158073423138392,0.7566666666666677,25.95,equatorial
20.02,25.07,29.23,22.51,85.45,0.0,1.85,3.39,0.64,0.66,2021-01-19,Kumba,2021,1,19,3,0.13999999999998577,11.34,11.54,299.49,-0.9240665649723105,-0.13299999999999912,25.95,equatorial
19.81,25.74,31.38,22.05,79.09,0.0,1.21,4.44,0.63,0.65,2021-01-20,Kumba,2021,1,20,3,0.07999999999998579,8.969999999999999,11.53,296.68,-0.9290154227108419,0.5019999999999953,25.95,equatorial
18.0,25.83,31.1,22.87,74.79,0.0,1.44,4.61,0.62,0.64,2021-01-21,Kumba,2021,1,21,3,0.01999999999998579,6.469999999999999,11.53,277.09,-0.965824777516244,0.5459999999999994,25.95,equatorial
18.69,25.83,30.88,22.72,80.05,0.0,1.51,4.23,0.61,0.63,2021-01-22,Kumba,2021,1,22,3,0.0,4.209999999999999,11.53,265.96,-0.9865380796102644,0.5156666666666645,25.95,equatorial
19.29,25.15,30.49,21.25,78.13,0.0,1.77,3.58,0.61,0.63,2021-01-23,Kumba,2021,1,23,3,0.0,2.9,11.53,253.56,-1.0096446005123068,-0.16400000000000148,25.95,equatorial
20.23,25.42,31.15,21.81,80.43,0.0,1.54,3.94,0.6,0.62,2021-01-24,Kumba,2021,1,24,3,0.0,0.29,11.53,237.33999999999997,-1.0399829203813242,0.1026666666666678,25.95,equatorial
18.38,25.94,31.64,22.76,78.38,0.0,1.13,3.57,0.6,0.61,2021-01-25,Kumba,2021,1,25,4,0.0,0.19999999999999998,11.53,220.57,-1.0713354261494292,0.5899999999999999,25.94,equatorial
20.1,25.78,31.19,22.39,81.34,0.17,1.48,3.67,0.59,0.61,2021-01-26,Kumba,2021,1,26,4,0.1699999999999858,0.31,11.69,214.13,-1.083043469947919,0.4110000000000049,25.94,equatorial
18.58,25.4,29.58,22.87,84.92,0.34,1.96,2.88,0.59,0.6,2021-01-27,Kumba,2021,1,27,4,0.5099999999999858,0.5900000000000001,12.01,205.06,-1.0997320752568869,0.037666666666666515,25.94,equatorial
18.64,25.06,28.47,23.16,86.15,0.33,1.42,1.86,0.58,0.6,2021-01-28,Kumba,2021,1,28,4,0.8399999999999859,0.86,12.319999999999999,202.73999999999998,-1.1035890561845245,-0.28333333333333854,25.94,equatorial
18.48,25.15,28.92,22.98,85.6,0.22,1.64,2.32,0.58,0.6,2021-01-29,Kumba,2021,1,29,4,1.0599999999999858,1.06,12.51,185.44,-1.1358764848545313,-0.18300000000000338,25.94,equatorial
18.2,25.38,29.86,22.58,83.26,0.15,1.66,3.09,0.58,0.59,2021-01-30,Kumba,2021,1,30,4,1.2099999999999858,1.21,12.610000000000001,168.27,-1.1678790922870197,0.045999999999999375,25.94,equatorial
18.3,25.09,28.68,22.42,84.69,0.02,2.0,2.4,0.57,0.59,2021-01-31,Kumba,2021,1,31,4,1.2299999999999858,1.23,12.62,163.59,-1.1761397107266105,-0.24033333333333218,25.94,equatorial
16.26,25.13,29.03,22.48,84.98,0.01,1.99,2.33,0.57,0.58,2021-02-01,Kumba,2021,2,32,5,1.2399999999999858,1.24,12.62,162.93,-1.1767620848946463,-0.19533333333333402,25.78,equatorial
18.48,26.39,32.27,22.58,78.48,0.01,1.58,3.58,0.56,0.56,2021-02-02,Kumba,2021,2,33,5,1.0799999999999859,1.25,12.62,158.73,-1.184100647919504,1.0116666666666667,26.39,equatorial
18.26,25.56,29.67,22.68,83.99,0.02,1.87,2.19,0.56,0.56,2021-02-03,Kumba,2021,2,34,5,0.7599999999999859,1.27,12.63,157.46,-1.1858713877442995,0.17466666666666697,26.39,equatorial
19.33,25.65,29.58,23.3,83.48,0.01,1.36,2.13,0.55,0.56,2021-02-04,Kumba,2021,2,35,5,0.43999999999998585,1.28,12.620000000000001,151.57999999999998,-1.1963853107305313,0.24899999999999523,26.39,equatorial
20.25,26.42,32.05,22.96,77.98,0.01,1.52,3.2,0.55,0.55,2021-02-05,Kumba,2021,2,36,5,0.22999999999998583,1.29,10.26,104.33,-1.2853503780219393,0.9906666666666695,26.42,equatorial
20.66,26.26,31.59,22.93,79.13,0.01,2.15,3.17,0.54,0.54,2021-02-06,Kumba,2021,2,37,5,0.08999999999998584,1.3,7.77,102.5,-1.2880560905541727,0.7906666666666702,26.42,equatorial
19.43,25.98,31.62,22.71,75.87,0.0,1.69,2.87,0.54,0.53,2021-02-07,Kumba,2021,2,38,5,0.06999999999998584,1.3,5.51,100.61,-1.290871757031638,0.48433333333333195,26.42,equatorial
18.93,26.15,31.44,22.69,77.58,0.0,1.56,2.66,0.53,0.52,2021-02-08,Kumba,2021,2,39,6,0.05999999999998585,1.3,4.2,96.87,-1.2971903983348767,0.6230000000000011,26.42,equatorial
17.22,27.3,33.79,23.3,72.9,0.01,1.42,3.89,0.53,0.51,2021-02-09,Kumba,2021,2,40,6,0.05999999999998584,1.14,1.6,93.16,-1.3034428434750769,1.7100000000000009,27.3,equatorial
18.57,27.22,33.38,23.3,74.31,0.54,1.38,3.58,0.52,0.5,2021-02-10,Kumba,2021,2,41,6,0.5799999999999859,1.34,2.05,89.15,-1.3102544714252886,1.5700000000000003,27.3,equatorial
19.77,27.18,32.94,23.4,76.78,1.11,1.86,3.43,0.52,0.5,2021-02-11,Kumba,2021,2,42,6,1.679999999999986,2.12,3.1000000000000005,89.4,-1.3089843676148594,1.4673333333333325,27.3,equatorial
20.24,27.06,32.48,23.7,78.26,0.98,2.26,3.12,0.52,0.5,2021-02-12,Kumba,2021,2,43,6,2.649999999999986,2.88,4.0200000000000005,87.05,-1.3126419137325072,1.278333333333336,27.3,equatorial
18.81,26.0,29.57,23.69,83.07,1.1,1.6,1.8,0.51,0.51,2021-02-13,Kumba,2021,2,44,6,3.739999999999986,3.83,5.0600000000000005,83.02,-1.3194760940570716,0.180333333333337,27.3,equatorial
17.88,25.58,29.19,23.3,85.11,0.96,1.36,1.47,0.51,0.51,2021-02-14,Kumba,2021,2,45,6,4.699999999999986,4.7700000000000005,6.000000000000001,76.19000000000001,-1.3316022649537351,-0.2543333333333351,27.3,equatorial
16.74,25.97,30.47,23.11,81.13,0.45,1.75,2.04,0.51,0.5,2021-02-15,Kumba,2021,2,46,7,5.149999999999986,5.210000000000001,6.450000000000001,75.99,-1.3311562279592044,0.10866666666666447,27.3,equatorial
17.07,26.7,32.32,23.05,77.23,0.24,1.57,2.71,0.51,0.49,2021-02-16,Kumba,2021,2,47,7,5.379999999999987,5.4399999999999995,6.69,75.58,-1.3311086681555218,0.7886666666666677,27.22,equatorial
17.55,26.26,32.04,22.95,74.36,0.15,1.76,2.34,0.51,0.48,2021-02-17,Kumba,2021,2,48,7,4.989999999999985,5.57,6.840000000000001,73.25999999999999,-1.3346765413743724,0.3383333333333347,27.18,equatorial
15.88,26.51,32.31,22.72,73.19,0.1,1.92,3.07,0.5,0.47,2021-02-18,Kumba,2021,2,49,7,3.979999999999986,5.66,6.94,73.03,-1.3342838417870013,0.5403333333333364,27.06,equatorial
14.54,26.37,32.55,21.4,70.86,0.07,1.74,2.84,0.49,0.47,2021-02-19,Kumba,2021,2,50,7,3.0699999999999856,5.72,7.010000000000001,72.67,-1.3341379610742732,0.37933333333333863,26.7,equatorial
16.8,26.64,32.43,22.34,72.35,0.06,1.83,2.62,0.49,0.46,2021-02-20,Kumba,2021,2,51,7,2.0299999999999856,5.77,7.07,72.17,-1.3342573815844239,0.6223333333333336,26.7,equatorial
16.3,25.85,30.79,22.69,75.88,0.15,1.5,1.59,0.49,0.46,2021-02-21,Kumba,2021,2,52,7,1.2199999999999858,5.92,7.220000000000001,72.22,-1.3333365560450519,-0.16833333333332945,26.7,equatorial
15.0,26.35,31.87,22.99,74.75,0.03,1.8,1.95,0.48,0.46,2021-02-22,Kumba,2021,2,53,8,0.7999999999999858,5.95,7.250000000000001,71.60000000000001,-1.3336844475153493,0.29166666666666785,26.7,equatorial
14.54,26.31,31.52,22.92,75.2,0.07,1.48,1.86,0.48,0.46,2021-02-23,Kumba,2021,2,54,8,0.6299999999999859,6.01,7.32,69.84,-1.3361874799716464,0.2219999999999942,26.64,equatorial
20.04,26.6,32.11,22.55,72.51,0.04,2.11,2.01,0.48,0.45,2021-02-24,Kumba,2021,2,55,8,0.5199999999999858,5.51,7.36,68.81,-1.337306743651387,0.490000000000002,26.64,equatorial
17.55,25.75,30.09,22.95,79.12,0.52,2.73,1.46,0.48,0.45,2021-02-25,Kumba,2021,2,56,8,0.9399999999999857,4.92,7.71,58.92,-1.3551703850898529,-0.3589999999999982,26.64,equatorial
17.54,25.41,28.95,23.07,83.08,2.15,2.02,1.63,0.48,0.47,2021-02-26,Kumba,2021,2,57,8,3.0199999999999854,6.09,9.52,51.03,-1.369225520143308,-0.6993333333333354,26.64,equatorial
18.23,26.51,32.19,22.96,77.98,1.21,1.47,2.18,0.48,0.46,2021-02-27,Kumba,2021,2,58,8,4.169999999999986,6.199999999999999,10.4,47.6,-1.3748312885618699,0.35233333333333405,26.6,equatorial
20.08,26.94,33.42,23.13,76.64,0.48,1.64,2.2,0.48,0.45,2021-02-28,Kumba,2021,2,59,8,4.499999999999986,5.72,10.66,42.33,-1.3839033071341935,0.7226666666666688,26.94,equatorial
18.62,26.91,32.2,23.74,78.52,1.49,2.4,2.25,0.47,0.45,2021-03-01,Kumba,2021,3,60,9,5.959999999999986,6.76,12.0,36.67,-1.3936965147557394,0.6416666666666657,26.94,equatorial
18.82,27.17,32.26,23.91,77.78,0.07,2.27,1.91,0.47,0.44,2021-03-02,Kumba,2021,3,61,9,5.959999999999986,6.59,12.049999999999999,36.49,-1.393126643248507,0.8323333333333345,27.17,equatorial
17.79,27.13,32.18,24.12,76.6,0.0,2.01,1.62,0.47,0.44,2021-03-03,Kumba,2021,3,62,9,5.919999999999986,6.4399999999999995,12.04,36.46,-1.3922748207628048,0.7256666666666653,27.17,equatorial
15.89,27.91,34.76,23.87,73.02,0.0,1.68,2.22,0.46,0.43,2021-03-04,Kumba,2021,3,63,9,5.399999999999986,6.34,12.03,36.43,-1.3914246762001792,1.4550000000000018,27.91,equatorial
18.32,27.49,33.24,23.92,75.32,0.01,1.92,1.71,0.46,0.43,2021-03-05,Kumba,2021,3,64,9,3.2599999999999856,6.28,12.02,36.4,-1.390576204230165,0.9706666666666628,27.91,equatorial
16.97,26.58,30.58,24.06,78.96,0.01,2.14,1.16,0.46,0.43,2021-03-06,Kumba,2021,3,65,9,2.059999999999986,6.23,12.02,36.39,-1.3896916700293869,0.029666666666663843,27.91,equatorial
18.35,25.79,29.9,22.96,81.24,1.82,2.1,1.48,0.46,0.44,2021-03-07,Kumba,2021,3,66,9,3.399999999999986,7.9,13.83,37.95,-1.3858476923781253,-0.7393333333333345,27.91,equatorial
18.38,26.9,32.65,23.23,77.86,3.98,1.79,2.56,0.46,0.46,2021-03-08,Kumba,2021,3,67,10,5.8899999999999855,11.85,17.8,41.86,-1.377578970529146,0.34933333333333394,27.91,equatorial
18.54,27.32,33.21,23.03,76.45,3.76,2.04,2.77,0.46,0.47,2021-03-09,Kumba,2021,3,68,10,9.579999999999984,15.54,21.560000000000002,45.54,-1.369757935597239,0.7246666666666677,27.91,equatorial
15.19,26.21,30.06,23.83,83.76,5.35,2.0,1.9,0.47,0.49,2021-03-10,Kumba,2021,3,69,10,14.929999999999986,20.85,26.91,50.26,-1.3599895815675203,-0.3873333333333342,27.91,equatorial
18.46,25.2,27.76,23.71,89.86,5.06,1.88,1.09,0.48,0.51,2021-03-11,Kumba,2021,3,70,10,19.989999999999984,25.39,31.959999999999997,54.7,-1.350765069415955,-1.327333333333332,27.49,equatorial
17.04,25.57,29.8,22.92,84.55,8.31,1.84,2.27,0.49,0.53,2021-03-12,Kumba,2021,3,71,10,28.289999999999985,31.549999999999997,39.730000000000004,60.459999999999994,-1.3390681251396856,-0.9023333333333348,27.32,equatorial
14.78,25.5,29.69,22.97,85.16,5.06,2.13,2.23,0.49,0.52,2021-03-13,Kumba,2021,3,72,10,33.33999999999998,35.4,43.68,63.8,-1.3319494401520566,-0.9163333333333341,27.32,equatorial
8.86,24.6,27.64,22.94,88.51,5.5,2.6,1.79,0.5,0.53,2021-03-14,Kumba,2021,3,73,10,37.01999999999998,40.419999999999995,48.199999999999996,67.53,-1.3241073908662027,-1.734333333333332,27.32,equatorial
16.53,24.65,28.13,22.65,83.67,1.51,1.53,1.49,0.5,0.51,2021-03-15,Kumba,2021,3,74,11,34.54999999999999,40.44,48.61,66.96000000000001,-1.3243768664079296,-1.6393333333333366,27.32,equatorial
14.53,25.16,29.78,22.27,81.78,1.68,1.41,1.66,0.5,0.49,2021-03-16,Kumba,2021,3,75,11,32.469999999999985,42.05,49.33,67.05,-1.3234032247592025,-1.1153333333333322,26.21,equatorial
16.41,24.42,27.55,22.82,87.04,1.31,1.62,1.4,0.5,0.5,2021-03-17,Kumba,2021,3,76,11,28.429999999999986,43.36,50.19,68.23,-1.3203789348270127,-1.8036666666666612,25.57,equatorial
16.88,24.69,28.66,21.96,83.22,1.06,1.39,1.67,0.5,0.48,2021-03-18,Kumba,2021,3,77,11,24.429999999999986,44.42,51.01,69.27,-1.3176230736271477,-1.4666666666666686,25.57,equatorial
16.18,24.72,28.25,22.77,86.43,6.73,1.51,1.93,0.5,0.53,2021-03-19,Kumba,2021,3,78,11,22.849999999999984,51.13999999999999,57.589999999999996,75.99000000000001,-1.3041799707370023,-1.3853333333333389,25.5,equatorial
15.24,24.71,28.18,22.86,85.73,1.79,1.47,1.67,0.5,0.51,2021-03-20,Kumba,2021,3,79,11,19.579999999999984,52.919999999999995,59.279999999999994,77.75999999999999,-1.3000734382563652,-1.3353333333333346,25.16,equatorial
21.53,25.43,30.23,22.35,80.9,0.53,1.61,2.1,0.5,0.49,2021-03-21,Kumba,2021,3,80,11,14.609999999999985,51.629999999999995,59.739999999999995,78.28,-1.2983254776353277,-0.5840000000000032,25.43,equatorial
10.57,25.0,28.84,22.76,85.48,5.38,1.88,2.16,0.5,0.52,2021-03-22,Kumba,2021,3,81,12,18.479999999999983,53.03,65.06,83.66,-1.287436071539151,-0.9593333333333369,25.43,equatorial
21.05,25.35,29.91,22.19,83.4,5.05,1.61,2.34,0.51,0.52,2021-03-23,Kumba,2021,3,82,12,21.849999999999984,54.31999999999999,69.96,88.71000000000001,-1.277183501139971,-0.5926666666666698,25.43,equatorial
9.06,23.74,25.71,22.2,92.89,27.69,2.44,1.91,0.54,0.67,2021-03-24,Kumba,2021,3,83,12,48.22999999999999,76.66,97.62,116.4,-1.2243565724077172,-2.115666666666666,25.43,equatorial
15.27,24.09,27.9,21.61,89.39,5.94,1.79,2.71,0.56,0.61,2021-03-25,Kumba,2021,3,84,12,53.109999999999985,77.54,103.49000000000001,122.34,-1.2125112982425157,-1.6916666666666629,25.43,equatorial
17.55,24.92,28.24,22.43,86.8,2.54,1.12,1.97,0.56,0.58,2021-03-26,Kumba,2021,3,85,12,48.91999999999999,71.77,105.99,124.88000000000001,-1.2070764153942095,-0.8056666666666672,25.43,equatorial
14.53,25.86,30.38,22.92,83.71,0.33,1.2,2.43,0.55,0.57,2021-03-27,Kumba,2021,3,86,12,47.45999999999999,67.03999999999999,105.8,125.2,-1.2058238133213934,0.1306666666666665,25.86,equatorial
18.37,26.41,31.52,23.19,81.68,0.09,1.36,3.44,0.54,0.54,2021-03-28,Kumba,2021,3,87,12,47.01999999999999,61.63,103.74,125.27000000000001,-1.205043153916843,0.6473333333333322,26.41,equatorial
15.6,26.18,30.85,23.33,81.05,0.07,1.38,2.92,0.54,0.54,2021-03-29,Kumba,2021,3,88,13,41.70999999999999,60.190000000000005,102.60000000000001,125.32000000000001,-1.204301315219248,0.42833333333333456,26.41,equatorial
17.73,26.86,32.4,23.33,78.49,0.04,1.86,3.63,0.53,0.52,2021-03-30,Kumba,2021,3,89,13,36.69999999999999,58.550000000000004,102.16,125.33000000000001,-1.2036358449436664,1.110999999999997,26.86,equatorial
16.33,26.77,32.83,23.04,77.49,0.06,1.69,3.5,0.53,0.51,2021-03-31,Kumba,2021,3,90,13,9.069999999999983,57.300000000000004,100.73,125.34,-1.2029714392518511,1.0256666666666696,26.86,equatorial
17.07,27.3,33.38,23.32,73.94,0.04,1.24,3.23,0.52,0.5,2021-04-01,Kumba,2021,4,91,13,3.169999999999982,56.28,100.7,125.37,-1.2022704999303968,1.5513333333333321,27.3,equatorial
16.49,26.0,29.54,23.63,81.0,0.1,1.53,1.95,0.51,0.5,2021-04-02,Kumba,2021,4,92,13,0.7299999999999822,49.650000000000006,100.8,125.46,-1.2014578917899208,0.2889999999999979,27.3,equatorial
18.76,26.11,30.3,23.18,80.28,0.03,1.22,1.94,0.51,0.5,2021-04-03,Kumba,2021,4,93,13,0.42999999999998223,47.89000000000001,100.83,125.48,-1.2007780876321617,0.45899999999999963,27.3,equatorial
20.73,26.36,30.83,23.63,79.72,0.07,1.27,1.94,0.51,0.49,2021-04-04,Kumba,2021,4,94,13,0.4099999999999822,47.43000000000001,100.89,125.54,-1.2000241906305762,0.7466666666666661,27.3,equatorial
18.35,26.43,30.46,23.6,82.26,0.08,1.8,2.06,0.51,0.49,2021-04-05,Kumba,2021,4,95,14,0.4199999999999822,42.13,100.96,125.60000000000001,-1.1992714614501379,0.8216666666666654,27.3,equatorial
15.21,25.15,27.76,23.42,91.69,63.4,1.73,2.22,0.57,0.77,2021-04-06,Kumba,2021,4,96,14,63.77999999999998,100.48,162.54000000000002,186.63,-1.0839550796875363,-0.43700000000000117,27.3,equatorial
18.38,25.88,29.6,22.97,86.92,34.53,1.34,3.46,0.65,0.79,2021-04-07,Kumba,2021,4,97,14,98.24999999999997,107.32,193.08999999999997,218.66,-1.0232493411544,0.3269999999999982,27.3,equatorial
15.57,25.11,27.68,23.48,92.55,58.15,1.5,1.76,0.7,0.87,2021-04-08,Kumba,2021,4,98,14,156.35999999999999,159.53,247.48,274.55,-0.9177529275355718,-0.3693333333333335,26.43,equatorial
15.87,25.05,28.02,22.86,90.02,62.94,1.47,2.64,0.78,0.9,2021-04-09,Kumba,2021,4,99,14,219.2,219.93,305.07,336.18,-0.8015377195229408,-0.39066666666666805,26.43,equatorial
19.48,25.54,28.86,23.09,87.3,52.06,1.47,3.36,0.84,0.9,2021-04-10,Kumba,2021,4,100,14,271.23,271.65999999999997,352.07,385.63,-0.7082815166405436,0.08799999999999741,26.43,equatorial
12.77,24.6,26.33,23.18,91.5,29.36,1.65,2.31,0.86,0.89,2021-04-11,Kumba,2021,4,101,14,300.52,300.93,373.12,414.90000000000003,-0.6530103690786377,-0.819666666666663,26.43,equatorial
16.06,24.65,27.41,21.86,88.88,1.54,1.42,2.5,0.86,0.85,2021-04-12,Kumba,2021,4,102,15,301.97999999999996,302.40000000000003,369.6,416.38,-0.6500239779428961,-0.7413333333333334,25.88,equatorial
16.49,24.55,26.33,22.72,90.46,12.77,1.38,2.08,0.85,0.86,2021-04-13,Kumba,2021,4,103,15,251.34999999999997,315.13,376.87,429.09000000000003,-0.6259158019976886,-0.8396666666666661,25.88,equatorial
20.49,24.17,26.88,22.47,89.29,7.29,2.11,3.48,0.86,0.86,2021-04-14,Kumba,2021,4,104,15,224.10999999999999,322.36,382.65,436.32,-0.6121249128831873,-1.2036666666666633,25.54,equatorial
19.06,25.01,28.83,21.98,87.87,4.09,1.45,3.34,0.85,0.85,2021-04-15,Kumba,2021,4,105,15,170.04999999999998,326.40999999999997,385.06,440.39,-0.6042841032159656,-0.35866666666666447,25.54,equatorial
12.14,24.68,27.02,22.91,92.33,15.06,1.49,2.22,0.85,0.86,2021-04-16,Kumba,2021,4,106,15,122.16999999999997,341.37,398.81,455.45,-0.5757650350163929,-0.6973333333333365,25.54,equatorial
17.76,24.46,26.39,23.19,93.8,7.43,1.55,1.4,0.87,0.86,2021-04-17,Kumba,2021,4,107,15,77.53999999999999,348.77,405.18,462.88,-0.5616144462796017,-0.9096666666666664,25.01,equatorial
19.23,24.5,27.11,22.93,90.74,6.48,2.03,2.77,0.87,0.86,2021-04-18,Kumba,2021,4,108,15,54.65999999999998,355.18,404.92999999999995,469.35999999999996,-0.5492560332212255,-0.8623333333333321,25.01,equatorial
6.78,25.32,28.93,22.57,88.56,5.31,1.61,4.68,0.87,0.86,2021-04-19,Kumba,2021,4,109,16,58.42999999999998,360.41,408.45,474.66999999999996,-0.5391036488558089,-0.06266666666666865,25.32,equatorial
20.72,24.89,27.14,23.27,92.44,7.85,1.64,2.2,0.87,0.86,2021-04-20,Kumba,2021,4,110,16,53.509999999999984,304.85999999999996,415.77,482.52,-0.5241710617271561,-0.4746666666666641,25.32,equatorial
19.22,25.32,28.63,23.03,89.99,6.79,1.46,3.4,0.87,0.86,2021-04-21,Kumba,2021,4,111,16,53.00999999999998,277.12,417.18,489.30999999999995,-0.5112383635610452,-0.055333333333333456,25.32,equatorial
17.86,24.51,26.5,22.39,93.47,6.14,2.21,1.99,0.87,0.86,2021-04-22,Kumba,2021,4,112,16,55.05999999999998,225.10999999999999,418.27,495.45,-0.4995329886672999,-0.8373333333333299,25.32,equatorial
19.16,24.29,27.07,21.5,91.3,14.05,2.03,3.67,0.88,0.87,2021-04-23,Kumba,2021,4,113,16,54.04999999999998,176.22,404.63,509.5,-0.4729280324830483,-1.0756666666666668,25.32,equatorial
10.3,24.59,27.74,22.57,90.78,7.15,1.72,3.67,0.88,0.87,2021-04-24,Kumba,2021,4,114,16,53.76999999999998,131.31,405.84,516.65,-0.45932985475393506,-0.7923333333333353,25.32,equatorial
20.19,25.34,28.92,22.42,88.54,0.97,1.36,3.81,0.88,0.86,2021-04-25,Kumba,2021,4,115,16,48.25999999999998,102.92,404.27000000000004,517.62,-0.45738123824629,-0.05633333333333468,25.34,equatorial
19.1,25.44,28.82,23.47,89.12,1.97,1.32,3.23,0.87,0.86,2021-04-26,Kumba,2021,4,116,17,44.91999999999998,103.35000000000001,405.90999999999997,519.4200000000001,-0.4538685316434543,0.05766666666666609,25.44,equatorial
16.87,24.82,27.15,23.24,92.95,6.85,2.02,2.46,0.87,0.86,2021-04-27,Kumba,2021,4,117,17,43.91999999999998,97.43,412.67,525.93,-0.441476796235267,-0.5093333333333341,25.44,equatorial
10.16,25.41,29.12,23.11,88.42,5.0,1.38,3.46,0.88,0.86,2021-04-28,Kumba,2021,4,118,17,42.12999999999998,95.14,417.6,530.6,-0.432556748123379,0.10633333333333184,25.44,equatorial
19.29,24.89,27.63,23.28,91.89,5.91,1.62,2.49,0.88,0.86,2021-04-29,Kumba,2021,4,119,17,41.89999999999998,96.96,423.46999999999997,536.2900000000001,-0.4217144913549293,-0.347999999999999,25.44,equatorial
19.79,25.15,28.32,23.05,91.72,6.74,1.95,3.34,0.88,0.86,2021-04-30,Kumba,2021,4,120,17,34.589999999999975,88.64000000000001,430.15,542.8800000000001,-0.40917624080816273,-0.03400000000000247,25.44,equatorial
15.52,24.63,26.52,23.19,94.36,214.0,1.84,1.51,0.92,0.96,2021-05-01,Kumba,2021,5,121,17,241.43999999999997,295.21000000000004,644.11,756.8599999999999,-0.005334797914044208,-0.4649999999999963,25.44,equatorial
19.01,24.84,28.33,22.4,89.61,30.22,1.75,4.4,0.97,0.94,2021-05-02,Kumba,2021,5,122,17,270.68999999999994,318.95,674.23,787.0699999999999,0.05168108530847715,-0.21633333333333127,25.44,equatorial
19.27,24.28,26.04,23.06,93.02,24.37,1.47,1.7,0.96,0.94,2021-05-03,Kumba,2021,5,123,18,293.0899999999999,338.01,698.57,811.43,0.09765381110517005,-0.7153333333333336,25.41,equatorial
16.12,23.77,25.84,22.36,93.35,21.02,1.96,2.5,0.97,0.94,2021-05-04,Kumba,2021,5,124,18,307.26,351.18,719.52,832.43,0.1372821199603398,-1.1389999999999993,25.41,equatorial
18.1,24.42,27.98,21.73,87.27,22.37,1.68,4.68,0.97,0.95,2021-05-05,Kumba,2021,5,125,18,324.63,366.76,741.8100000000001,854.79,0.17947795848985434,-0.42199999999999704,25.15,equatorial
6.06,23.67,25.59,22.42,94.35,21.34,2.0,1.88,0.97,0.95,2021-05-06,Kumba,2021,5,126,18,340.05999999999995,381.96000000000004,699.75,876.12,0.2197269442480352,-1.1226666666666638,25.15,equatorial
13.51,23.4,25.45,21.81,92.38,5.97,1.91,2.81,0.97,0.95,2021-05-07,Kumba,2021,5,127,18,339.28999999999996,373.88,671.1899999999999,882.08,0.23093701169107458,-1.3099999999999987,24.84,equatorial
14.47,23.64,27.31,21.43,91.65,23.86,2.39,4.13,0.97,0.95,2021-05-08,Kumba,2021,5,128,18,149.14999999999998,390.59000000000003,636.9,905.94,0.275970061958986,-1.0210000000000008,24.84,equatorial
15.4,23.32,26.18,20.91,85.49,33.24,1.67,4.26,0.98,0.96,2021-05-09,Kumba,2021,5,129,18,152.16999999999996,422.86,607.1999999999999,939.1800000000001,0.33872714146401933,-1.283333333333335,24.42,equatorial
20.89,24.27,28.65,20.17,82.91,0.21,1.51,6.0,0.97,0.95,2021-05-10,Kumba,2021,5,130,19,128.00999999999996,421.1,555.35,939.38,0.33902390806745897,-0.2909999999999968,24.42,equatorial
21.47,24.86,28.63,22.1,89.28,4.66,1.92,4.93,0.97,0.94,2021-05-11,Kumba,2021,5,131,19,111.64999999999998,418.91,530.65,943.5,0.34673191307407286,0.2903333333333329,24.86,equatorial
13.4,24.2,26.17,22.9,94.25,19.33,1.94,2.01,0.97,0.94,2021-05-12,Kumba,2021,5,132,19,108.60999999999997,433.24,548.44,961.72,0.38110160583848296,-0.3546666666666667,24.86,equatorial
13.26,24.26,26.75,22.76,92.61,7.76,1.93,3.07,0.97,0.94,2021-05-13,Kumba,2021,5,133,19,95.02999999999997,435.09,543.4300000000001,968.5,0.393830673383743,-0.28500000000000014,24.86,equatorial
22.02,24.63,27.31,22.44,89.15,1.29,1.47,3.16,0.97,0.94,2021-05-14,Kumba,2021,5,134,19,90.34999999999997,429.64000000000004,537.43,968.69,0.3940923175682059,0.06966666666666299,24.86,equatorial
18.57,25.21,29.19,22.49,89.5,4.62,1.63,4.53,0.96,0.93,2021-05-15,Kumba,2021,5,135,19,71.10999999999999,220.26,537.96,972.35,0.40091909504030254,0.6429999999999971,25.21,equatorial
11.98,23.89,25.32,22.75,95.45,12.73,2.22,1.74,0.97,0.94,2021-05-16,Kumba,2021,5,136,19,50.59999999999997,202.77,535.63,984.63,0.42405648139015045,-0.6506666666666661,25.21,equatorial
18.41,25.02,28.2,22.35,88.43,2.29,1.49,4.28,0.96,0.93,2021-05-17,Kumba,2021,5,137,20,52.67999999999997,180.69,530.49,986.6800000000001,0.42782894778154396,0.46066666666666833,25.21,equatorial
12.82,25.11,28.84,22.77,90.1,5.36,1.55,3.86,0.96,0.93,2021-05-18,Kumba,2021,5,138,20,53.379999999999974,165.03000000000003,529.37,991.8900000000001,0.437582550336525,0.5303333333333349,25.21,equatorial
21.21,25.38,28.46,23.2,89.22,3.15,1.2,3.42,0.96,0.92,2021-05-19,Kumba,2021,5,139,20,37.19999999999997,145.81,527.2099999999999,994.94,0.44324517228030696,0.798333333333332,25.38,equatorial
11.63,24.59,26.71,23.28,95.01,6.62,1.97,1.89,0.96,0.92,2021-05-20,Kumba,2021,5,140,20,36.059999999999974,131.09,525.98,1001.49,0.45553439198597406,0.018333333333334423,25.38,equatorial
18.73,24.54,26.87,22.97,93.62,7.65,1.88,2.41,0.96,0.92,2021-05-21,Kumba,2021,5,141,20,42.41999999999997,132.76999999999998,526.8399999999999,1009.08,0.4697910805277015,-0.005666666666666487,25.38,equatorial
12.07,23.84,25.28,22.82,93.91,12.25,2.28,2.29,0.96,0.93,2021-05-22,Kumba,2021,5,142,20,50.049999999999976,121.16000000000001,532.9499999999999,1021.18,0.49258777778453555,-0.6833333333333336,25.38,equatorial
20.58,23.83,26.59,21.64,91.68,2.49,1.48,2.21,0.96,0.93,2021-05-23,Kumba,2021,5,143,20,39.809999999999974,90.41,521.39,1023.64,0.49711712379053263,-0.6780000000000008,25.38,equatorial
17.26,25.53,29.36,22.5,88.94,3.02,1.44,4.56,0.96,0.92,2021-05-24,Kumba,2021,5,144,21,40.53999999999997,93.22000000000001,517.26,1026.5900000000001,0.5025740178283871,0.9906666666666695,25.53,equatorial
18.74,25.92,29.26,23.76,89.83,7.35,1.47,3.92,0.95,0.92,2021-05-25,Kumba,2021,5,145,21,42.52999999999997,95.91,523.64,1033.9,0.516292242569868,1.3613333333333344,25.92,equatorial
12.01,24.87,26.39,23.26,94.49,14.69,2.36,2.4,0.96,0.92,2021-05-26,Kumba,2021,5,146,21,54.06999999999997,91.27,536.36,1048.0700000000002,0.5430092671884749,0.33033333333333204,25.92,equatorial
16.67,25.06,27.96,22.9,90.38,8.5,1.68,3.99,0.96,0.92,2021-05-27,Kumba,2021,5,147,21,55.949999999999974,92.01,538.01,1054.42,0.5548960050055924,0.5123333333333342,25.92,equatorial
17.85,25.29,28.71,22.78,88.41,6.81,1.6,4.77,0.96,0.92,2021-05-28,Kumba,2021,5,148,21,55.10999999999997,97.53,539.8199999999999,1060.02,0.565357766532773,0.746333333333336,25.92,equatorial
18.72,25.14,27.91,23.39,90.86,9.22,1.48,3.0,0.95,0.92,2021-05-29,Kumba,2021,5,149,21,52.07999999999997,102.13,543.13,1068.76,0.5817705017230029,0.5879999999999974,25.92,equatorial
16.56,25.22,27.98,23.36,92.03,7.89,1.63,2.96,0.95,0.92,2021-05-30,Kumba,2021,5,150,21,57.479999999999976,97.29,544.28,1075.1599999999999,0.5937410233587168,0.6656666666666666,25.92,equatorial
5.39,25.46,27.9,23.77,94.13,11.03,1.76,1.22,0.96,0.93,2021-05-31,Kumba,2021,5,151,22,65.48999999999997,106.03,341.31,1086.12,0.6143564526000992,0.8780000000000001,25.92,equatorial
13.44,24.08,26.83,21.28,91.17,7.44,2.23,3.94,0.96,0.92,2021-06-01,Kumba,2021,6,152,22,65.57999999999997,108.11,318.53000000000003,1093.56,0.6282883904442673,-0.4766666666666701,25.46,equatorial
11.79,24.24,27.0,22.41,91.01,2.15,1.67,3.2,0.96,0.92,2021-06-02,Kumba,2021,6,153,22,53.03999999999997,107.11,296.31,1095.71,0.63218026566729,-0.3153333333333386,25.46,equatorial
16.94,24.62,28.54,21.72,88.97,1.9,1.66,4.89,0.95,0.91,2021-06-03,Kumba,2021,6,154,22,46.43999999999997,102.39,277.19,1097.6,0.6355776162884652,0.03633333333333155,25.46,equatorial
14.98,24.44,26.65,23.06,93.47,7.76,1.83,2.06,0.95,0.92,2021-06-04,Kumba,2021,6,155,22,47.38999999999997,102.5,262.58,1105.35,0.6500933880923413,-0.1443333333333321,25.46,equatorial
15.05,23.89,25.72,22.59,94.73,16.47,2.23,1.92,0.96,0.92,2021-06-05,Kumba,2021,6,156,22,54.63999999999997,106.72,257.71,1120.0,0.6776981896121321,-0.7016666666666644,25.46,equatorial
14.33,24.46,28.23,22.03,86.82,2.11,1.34,3.77,0.96,0.92,2021-06-06,Kumba,2021,6,157,22,48.85999999999997,106.34,253.85,1118.13,0.6739386039618015,-0.1670000000000016,25.46,equatorial
19.94,24.95,29.31,20.86,84.58,1.17,1.45,5.05,0.95,0.91,2021-06-07,Kumba,2021,6,158,23,38.999999999999964,104.49,231.16,1115.54,0.6688139049525957,0.2793333333333372,24.95,equatorial
16.32,25.26,29.26,22.39,87.68,4.57,1.34,4.06,0.94,0.91,2021-06-08,Kumba,2021,6,159,23,36.12999999999997,101.71,202.49,1114.76,0.6671273399544386,0.5246666666666648,25.26,equatorial
15.8,24.96,27.88,23.32,91.07,9.39,1.28,2.97,0.94,0.91,2021-06-09,Kumba,2021,6,160,23,43.36999999999997,96.41,211.67000000000002,1119.09,0.6751433951552349,0.201666666666668,25.26,equatorial
19.52,25.54,29.67,22.85,89.13,3.53,1.47,3.95,0.94,0.91,2021-06-10,Kumba,2021,6,161,23,44.99999999999997,91.44,210.54000000000002,1114.31,0.665858194931642,0.7589999999999968,25.54,equatorial
9.1,24.58,26.76,22.91,94.41,10.47,1.98,1.76,0.94,0.91,2021-06-11,Kumba,2021,6,162,23,47.709999999999965,95.1,201.68,1119.72,0.6759279558818747,-0.2136666666666649,25.54,equatorial
15.12,24.27,26.78,22.55,92.35,4.53,1.98,2.55,0.95,0.91,2021-06-12,Kumba,2021,6,163,23,35.769999999999975,90.41,198.45000000000002,1118.75,0.6738766372277004,-0.5239999999999974,25.54,equatorial
15.56,25.28,28.68,21.77,86.82,1.79,1.45,3.81,0.94,0.91,2021-06-13,Kumba,2021,6,164,23,35.449999999999974,84.31,198.95000000000002,1119.0300000000002,0.6742005776460471,0.4643333333333324,25.54,equatorial
15.37,25.33,29.33,23.09,90.7,3.33,1.91,4.06,0.94,0.9,2021-06-14,Kumba,2021,6,165,24,37.60999999999997,76.61,197.66,1120.68,0.6771270969714442,0.5103333333333353,25.54,equatorial
13.32,24.25,27.17,22.57,93.41,20.29,2.13,3.04,0.94,0.92,2021-06-15,Kumba,2021,6,166,24,53.32999999999997,89.46,205.22,1139.66,0.7129776132212771,-0.5816666666666634,25.54,equatorial
16.75,24.24,27.52,21.64,90.27,6.55,1.93,3.82,0.95,0.91,2021-06-16,Kumba,2021,6,167,24,50.48999999999997,93.85999999999999,209.48,1145.1499999999999,0.7231809834369833,-0.5656666666666652,25.54,equatorial
15.73,23.22,25.24,21.89,92.53,6.72,2.19,2.79,0.94,0.91,2021-06-17,Kumba,2021,6,168,24,53.679999999999964,98.68,210.84,1145.1399999999999,0.7229286791460525,-1.522666666666666,25.33,equatorial
15.08,24.26,28.02,21.74,88.57,13.7,1.48,4.09,0.95,0.92,2021-06-18,Kumba,2021,6,169,24,56.90999999999997,104.61999999999999,221.39000000000001,1157.05,0.7453294384100804,-0.44533333333333047,25.33,equatorial
10.4,23.92,26.34,22.27,92.51,19.38,2.17,3.07,0.95,0.92,2021-06-19,Kumba,2021,6,170,24,71.75999999999996,107.53,234.15,1175.8999999999999,0.780909092320755,-0.7629999999999981,25.33,equatorial
18.66,24.35,27.68,22.18,89.61,10.41,1.99,5.21,0.96,0.92,2021-06-20,Kumba,2021,6,171,24,80.37999999999997,115.83,236.91,1180.93,0.7902033993605151,-0.32666666666666444,25.33,equatorial
9.14,23.36,25.19,21.81,95.18,19.02,2.67,1.95,0.96,0.93,2021-06-21,Kumba,2021,6,172,25,96.06999999999996,133.68,243.68,1194.8999999999999,0.8164856445358758,-1.3006666666666682,24.35,equatorial
14.77,23.7,27.02,21.56,90.73,7.4,1.97,4.27,0.96,0.92,2021-06-22,Kumba,2021,6,173,25,83.17999999999996,136.51,248.58999999999997,1174.6100000000001,0.7776285080584907,-0.9563333333333368,24.35,equatorial
12.58,23.46,26.83,21.26,90.44,6.77,1.62,3.23,0.96,0.92,2021-06-23,Kumba,2021,6,174,25,83.39999999999998,133.89,252.34,1175.44,0.7789427690816173,-1.1273333333333326,24.35,equatorial
18.24,24.3,27.81,21.42,86.34,5.54,1.19,4.94,0.96,0.92,2021-06-24,Kumba,2021,6,175,25,82.21999999999997,135.9,250.53,1178.44,0.7843822176753649,-0.23333333333333428,24.35,equatorial
16.38,24.67,28.85,21.68,88.52,6.95,1.39,4.24,0.95,0.92,2021-06-25,Kumba,2021,6,176,25,75.46999999999997,132.38,242.79,1185.06,0.7967019968023245,0.14333333333333798,24.67,equatorial
15.82,23.94,26.54,22.54,93.73,21.42,2.25,2.78,0.96,0.93,2021-06-26,Kumba,2021,6,177,25,77.50999999999998,149.27,255.71,1206.39,0.8369860152792772,-0.5493333333333332,24.67,equatorial
12.56,23.29,24.93,22.03,94.6,11.01,1.76,1.87,0.96,0.93,2021-06-27,Kumba,2021,6,178,25,78.10999999999997,158.49,259.91,1217.3300000000002,0.8574887817404472,-1.132666666666669,24.67,equatorial
12.72,23.28,25.64,21.55,91.72,11.8,1.67,2.96,0.96,0.93,2021-06-28,Kumba,2021,6,179,26,70.88999999999997,166.96,262.49,1229.0900000000001,0.8795380542350195,-1.0806666666666622,24.67,equatorial
15.07,22.99,26.19,20.86,90.07,5.7,2.46,5.16,0.96,0.93,2021-06-29,Kumba,2021,6,180,26,69.18999999999997,152.37,260.3,1234.73,0.889934729649361,-1.2963333333333367,24.67,equatorial
18.1,23.81,27.75,20.86,88.16,0.57,1.73,4.86,0.96,0.92,2021-06-30,Kumba,2021,6,181,26,62.989999999999974,146.39,249.84,1235.26,0.8906067001286894,-0.42133333333333667,24.67,equatorial
16.28,23.8,27.61,21.7,92.47,3.05,2.25,3.64,0.95,0.91,2021-07-01,Kumba,2021,7,182,26,60.49999999999998,142.72,245.45,1238.21,0.8958807841769668,-0.42199999999999704,24.67,equatorial
14.22,24.12,27.42,21.8,91.72,4.01,1.99,3.52,0.95,0.91,2021-07-02,Kumba,2021,7,183,26,57.559999999999974,133.03,247.31,1242.19,0.9031103823101652,-0.09799999999999898,24.12,equatorial
12.42,23.4,25.45,21.69,95.08,38.28,2.6,2.09,0.96,0.94,2021-07-03,Kumba,2021,7,184,26,74.41999999999997,151.93,283.69,1280.3999999999999,0.9754360008196835,-0.7773333333333312,24.12,equatorial
13.38,23.0,26.04,21.34,92.4,4.83,2.3,3.24,0.97,0.93,2021-07-04,Kumba,2021,7,185,26,68.23999999999998,146.35000000000002,280.76,1285.15,0.9840692305442702,-1.1293333333333315,24.12,equatorial
12.04,22.44,24.77,20.93,92.15,27.15,2.04,3.04,0.97,0.94,2021-07-05,Kumba,2021,7,186,27,83.58999999999997,154.48,291.44,1248.8999999999999,0.914718732270512,-1.6410000000000018,24.12,equatorial
16.07,23.1,26.67,20.67,90.21,24.3,1.86,4.51,0.98,0.95,2021-07-06,Kumba,2021,7,187,27,102.18999999999997,171.38,313.63,1238.6699999999998,0.8949077292290644,-0.9356666666666626,24.12,equatorial
12.25,23.74,27.35,21.04,91.07,7.2,2.01,4.54,0.97,0.94,2021-07-07,Kumba,2021,7,188,27,108.81999999999998,171.81,319.65999999999997,1187.72,0.7976494937735892,-0.25533333333333275,24.12,equatorial
8.42,23.06,25.59,21.85,94.25,14.14,2.28,2.31,0.97,0.94,2021-07-08,Kumba,2021,7,189,27,119.90999999999997,180.41,329.23,1138.92,0.7045295593838107,-0.8620000000000019,24.12,equatorial
12.58,23.57,26.79,21.34,90.11,5.81,1.89,4.0,0.97,0.94,2021-07-09,Kumba,2021,7,190,27,121.70999999999997,179.27,325.65000000000003,1092.67,0.6162975477583078,-0.3056666666666672,23.74,equatorial
13.03,23.11,25.69,21.2,91.84,8.68,1.8,2.76,0.97,0.94,2021-07-10,Kumba,2021,7,191,27,92.10999999999997,166.52999999999997,330.79999999999995,1071.99,0.5767593161138516,-0.684666666666665,23.74,equatorial
15.02,23.67,27.69,20.98,91.69,9.03,2.54,4.49,0.97,0.94,2021-07-11,Kumba,2021,7,192,27,96.30999999999997,164.54999999999998,329.36,1079.48,0.5908558529895735,-0.09433333333333493,23.74,equatorial
13.17,23.01,24.79,21.53,94.76,20.56,2.56,2.17,0.97,0.94,2021-07-12,Kumba,2021,7,193,28,89.71999999999997,173.30999999999997,345.39,1087.27,0.6055194202331355,-0.7123333333333335,23.74,equatorial
11.39,23.4,26.67,21.0,92.58,11.75,2.43,3.58,0.97,0.94,2021-07-13,Kumba,2021,7,194,28,77.16999999999996,179.35999999999999,355.35,1091.73,0.6138380694964978,-0.2596666666666678,23.74,equatorial
13.45,23.65,26.4,21.94,93.33,17.31,2.89,3.44,0.98,0.95,2021-07-14,Kumba,2021,7,195,28,87.27999999999996,196.1,369.33,1104.95,0.638835483562817,0.046333333333333115,23.67,equatorial
8.81,22.94,24.52,21.81,96.62,27.09,2.82,1.43,0.98,0.95,2021-07-15,Kumba,2021,7,196,28,100.22999999999996,220.14,376.13,1116.98,0.6615579088777515,-0.620000000000001,23.67,equatorial
11.88,22.61,25.0,20.27,94.18,12.56,2.72,2.77,0.98,0.96,2021-07-16,Kumba,2021,7,197,28,106.97999999999998,228.69,382.14,1122.1100000000001,0.6711298283188871,-0.8956666666666706,23.67,equatorial
14.59,22.87,27.16,19.41,88.44,2.33,1.66,5.13,0.98,0.95,2021-07-17,Kumba,2021,7,198,28,100.62999999999997,192.74,377.75,1117.96,0.663020953469853,-0.6240000000000023,23.67,equatorial
13.93,23.11,25.72,21.16,93.5,3.19,2.47,3.05,0.97,0.94,2021-07-18,Kumba,2021,7,199,28,94.78999999999996,191.1,367.24,1115.84,0.6587825429965514,-0.34566666666666634,23.65,equatorial
11.47,23.6,27.46,21.14,91.88,5.97,2.5,4.92,0.97,0.94,2021-07-19,Kumba,2021,7,200,29,80.19999999999996,169.92000000000002,353.83,1113.96,0.6550030541718184,0.15500000000000114,23.65,equatorial
9.84,23.62,27.45,21.2,91.8,6.81,2.53,5.17,0.97,0.93,2021-07-20,Kumba,2021,7,201,29,75.25999999999996,152.43,350.23,1113.98,0.6548456300886948,0.19933333333333536,23.65,equatorial
13.33,23.27,26.46,21.64,94.01,5.41,2.55,2.99,0.96,0.93,2021-07-21,Kumba,2021,7,202,29,63.35999999999998,150.64000000000001,336.62,1113.25,0.6532590093808954,-0.14766666666666595,23.62,equatorial
12.91,23.55,27.01,21.43,92.27,7.47,2.73,4.74,0.96,0.93,2021-07-22,Kumba,2021,7,203,29,43.739999999999974,143.97,336.69,1106.67,0.6405226559463502,0.1373333333333342,23.62,equatorial
9.57,22.99,25.8,21.33,93.99,7.3,2.67,3.07,0.96,0.93,2021-07-23,Kumba,2021,7,204,29,38.47999999999997,145.45999999999998,337.22,1106.8200000000002,0.6406201340762611,-0.4070000000000036,23.62,equatorial
9.0,23.0,26.74,20.55,91.92,5.85,3.01,5.12,0.96,0.92,2021-07-24,Kumba,2021,7,205,29,41.99999999999997,142.63,337.53,1111.7,0.649735535074333,-0.35366666666666546,23.62,equatorial
15.8,23.0,26.65,20.66,90.98,0.87,2.77,5.02,0.95,0.91,2021-07-25,Kumba,2021,7,206,29,39.67999999999997,134.47,331.45,1110.6000000000001,0.6474454840233519,-0.2980000000000018,23.62,equatorial
17.11,22.97,26.4,20.82,91.12,0.18,2.57,4.28,0.95,0.91,2021-07-26,Kumba,2021,7,207,30,33.889999999999965,114.09,310.21,1103.9299999999998,0.6345343829794335,-0.29566666666666563,23.62,equatorial
13.57,22.97,26.78,20.2,90.21,0.93,2.65,5.2,0.94,0.9,2021-07-27,Kumba,2021,7,208,30,28.009999999999973,103.27000000000001,300.13,1099.86,0.6265865112830248,-0.28500000000000014,23.55,equatorial
12.86,23.36,27.03,21.14,90.86,0.62,2.42,4.58,0.93,0.89,2021-07-28,Kumba,2021,7,209,30,23.21999999999997,86.58,288.95,1094.5700000000002,0.6163141553491717,0.1023333333333305,23.55,equatorial
11.75,23.21,27.13,20.58,91.64,0.75,2.9,4.71,0.92,0.89,2021-07-29,Kumba,2021,7,210,30,16.49999999999997,60.24,284.0,1088.5800000000002,0.6047096650206585,-0.054999999999999716,23.36,equatorial
8.45,23.32,27.07,21.17,91.02,2.31,2.84,5.15,0.92,0.88,2021-07-30,Kumba,2021,7,211,30,11.50999999999997,49.989999999999995,285.74,876.8900000000001,0.20058027026127392,0.07133333333333525,23.36,equatorial
12.26,23.48,27.02,20.71,91.21,8.66,2.31,4.61,0.91,0.89,2021-07-31,Kumba,2021,7,212,30,14.319999999999972,56.32,291.35,855.33,0.159383095116766,0.24200000000000088,23.48,equatorial
12.36,23.32,26.28,21.44,92.62,5.28,2.7,3.62,0.91,0.89,2021-08-01,Kumba,2021,8,213,30,18.729999999999972,58.410000000000004,292.62,836.24,0.12290240016247711,0.10866666666666447,23.48,equatorial
10.0,23.23,25.73,21.42,93.54,7.31,2.5,2.96,0.92,0.89,2021-08-02,Kumba,2021,8,214,31,25.85999999999997,59.75,261.65,822.5300000000001,0.09669578267439784,0.024333333333331097,23.48,equatorial
12.97,23.59,26.86,21.7,92.51,10.72,1.99,3.07,0.92,0.89,2021-08-03,Kumba,2021,8,215,31,35.64999999999998,63.660000000000004,267.54,810.88,0.07442395316720123,0.36466666666666825,23.59,equatorial
16.43,23.8,27.55,21.64,92.34,2.04,2.28,3.45,0.92,0.88,2021-08-04,Kumba,2021,8,216,31,37.06999999999997,60.29,242.42999999999998,791.58,0.037537598515577586,0.5293333333333337,23.8,equatorial
13.81,24.07,27.82,21.69,91.29,3.11,2.01,3.77,0.91,0.88,2021-08-05,Kumba,2021,8,217,31,39.42999999999997,55.93,221.24,788.7199999999999,0.032064898846655955,0.767000000000003,24.07,equatorial
13.73,22.48,23.49,21.19,94.16,3.48,2.76,1.94,0.91,0.88,2021-08-06,Kumba,2021,8,218,31,40.59999999999997,52.11,217.51999999999998,768.3399999999999,-0.006892053997448717,-0.7810000000000024,24.07,equatorial
15.09,22.26,24.72,20.69,93.92,1.38,2.11,2.09,0.91,0.88,2021-08-07,Kumba,2021,8,219,31,33.31999999999997,47.64,204.76,736.4799999999999,-0.06779411198079927,-0.9743333333333304,24.07,equatorial
10.62,22.75,25.24,21.17,94.31,1.18,1.92,1.93,0.91,0.88,2021-08-08,Kumba,2021,8,220,31,29.219999999999974,47.95,200.13,737.45,-0.0659253689401985,-0.45700000000000074,24.07,equatorial
15.82,23.33,27.23,20.57,90.03,13.11,1.94,4.63,0.91,0.89,2021-08-09,Kumba,2021,8,221,32,35.019999999999975,60.88,204.56,745.9,-0.04975199701318287,0.11566666666666237,24.07,equatorial
14.95,23.73,27.54,21.01,90.3,29.11,2.19,5.13,0.92,0.91,2021-08-10,Kumba,2021,8,222,32,53.40999999999997,89.06,224.64,755.6800000000001,-0.03103465077538378,0.5136666666666656,24.07,equatorial
10.34,23.32,25.96,21.72,93.81,33.62,3.07,3.31,0.94,0.92,2021-08-11,Kumba,2021,8,223,32,84.98999999999998,122.06,237.7,781.54,0.018446641379357254,0.09333333333333371,24.07,equatorial
12.59,22.99,25.64,21.21,92.51,16.31,2.16,3.26,0.95,0.92,2021-08-12,Kumba,2021,8,224,32,98.18999999999997,137.62,242.26,796.56,0.04718474151478761,-0.22300000000000253,23.73,equatorial
18.34,23.68,27.91,20.99,90.02,9.5,2.39,5.9,0.95,0.92,2021-08-13,Kumba,2021,8,225,32,104.20999999999997,144.81,234.45,801.4399999999999,0.0565151362232616,0.4659999999999975,23.73,equatorial
15.49,23.55,27.59,21.02,90.94,2.61,2.12,4.39,0.94,0.91,2021-08-14,Kumba,2021,8,226,32,105.43999999999997,138.76,209.97,791.32,0.0371300337161426,0.31566666666666876,23.73,equatorial
10.34,23.84,27.99,21.29,91.87,6.0,2.65,4.84,0.94,0.91,2021-08-15,Kumba,2021,8,227,32,110.25999999999996,139.48,203.41,795.03,0.04422611894135828,0.5646666666666675,23.84,equatorial
11.77,23.59,26.99,21.95,93.28,6.83,2.74,3.45,0.94,0.91,2021-08-16,Kumba,2021,8,228,33,103.97999999999996,139.0,207.91,796.4999999999999,0.04703224740993408,0.2906666666666702,23.84,equatorial
11.47,23.22,26.0,21.62,94.17,5.94,2.79,2.73,0.94,0.9,2021-08-17,Kumba,2021,8,229,33,80.80999999999999,134.22,210.66,799.29,0.05236690573689889,-0.08300000000000196,23.84,equatorial
15.37,23.07,26.1,21.39,93.13,5.24,2.59,3.1,0.94,0.9,2021-08-18,Kumba,2021,8,230,33,52.42999999999998,137.42,209.93,797.91,0.04971206209256308,-0.2153333333333336,23.84,equatorial
15.49,22.42,24.98,20.74,92.49,13.8,2.53,3.31,0.94,0.91,2021-08-19,Kumba,2021,8,231,33,49.91999999999997,148.10999999999999,216.92,804.06,0.06148728036933803,-0.825333333333333,23.84,equatorial
13.56,22.92,26.43,20.14,90.22,3.44,2.47,5.66,0.94,0.9,2021-08-20,Kumba,2021,8,232,33,43.85999999999998,148.07,214.95,795.25,0.04458810924043491,-0.3136666666666663,23.84,equatorial
11.13,23.34,26.94,20.93,89.12,9.21,1.47,3.95,0.93,0.9,2021-08-21,Kumba,2021,8,233,33,50.45999999999998,155.9,216.69,801.97,0.057462022582352175,0.11333333333333329,23.84,equatorial
15.77,23.14,25.92,21.12,90.82,11.27,1.92,3.67,0.94,0.91,2021-08-22,Kumba,2021,8,234,33,55.729999999999976,165.99,220.66,810.22,0.0732697148638263,-0.09166666666666501,23.59,equatorial
16.31,23.72,28.25,20.56,89.17,3.36,1.91,5.56,0.93,0.9,2021-08-23,Kumba,2021,8,235,34,52.25999999999998,156.23999999999998,218.17,806.23,0.06560205646995874,0.4643333333333324,23.72,equatorial
15.43,24.08,28.16,21.33,90.64,4.72,2.53,5.4,0.93,0.9,2021-08-24,Kumba,2021,8,236,34,51.03999999999998,131.85,222.01999999999998,796.26,0.04646291788594895,0.7883333333333304,24.08,equatorial
14.85,24.26,27.76,22.17,91.25,8.41,1.96,3.91,0.93,0.9,2021-08-25,Kumba,2021,8,237,34,54.20999999999998,106.63999999999999,230.25,796.1700000000001,0.046280652236339946,0.9253333333333309,24.26,equatorial
15.16,23.56,26.14,22.1,94.05,5.88,2.38,2.69,0.93,0.9,2021-08-26,Kumba,2021,8,238,34,46.289999999999985,96.21000000000001,235.20000000000002,795.24,0.04448634625514535,0.20566666666666578,24.26,equatorial
17.49,24.08,27.73,21.69,91.08,6.4,2.17,4.49,0.93,0.89,2021-08-27,Kumba,2021,8,239,34,49.24999999999998,93.11,240.98,792.42,0.039064197160497346,0.7016666666666644,24.26,equatorial
13.95,23.27,24.96,22.06,95.25,12.11,2.88,2.15,0.93,0.9,2021-08-28,Kumba,2021,8,240,34,52.14999999999998,102.61000000000001,252.34,796.64,0.04715810191805567,-0.11033333333333317,24.26,equatorial
9.86,23.59,26.77,21.59,91.07,8.12,1.96,4.07,0.93,0.9,2021-08-29,Kumba,2021,8,241,34,48.99999999999998,104.73,258.15,793.73,0.04156035818912286,0.20066666666666322,24.26,equatorial
15.29,24.34,28.09,21.55,88.63,5.89,1.38,4.62,0.93,0.9,2021-08-30,Kumba,2021,8,242,35,51.52999999999998,103.79,255.38,792.1800000000001,0.03857475249851599,0.9220000000000006,24.34,equatorial
15.65,23.64,25.81,22.21,94.47,27.16,2.43,2.32,0.93,0.91,2021-08-31,Kumba,2021,8,243,35,73.96999999999997,125.00999999999999,277.26,817.1899999999999,0.08661285321100651,0.21133333333333226,24.34,equatorial
5.4,23.3,25.15,22.0,93.16,231.65,2.39,2.83,0.99,0.99,2021-09-01,Kumba,2021,9,244,35,297.21,351.42,501.6,1046.94,0.5280224845902479,-0.13099999999999667,24.34,equatorial
11.19,22.88,24.91,21.52,92.97,40.81,1.8,2.7,1.0,0.97,2021-09-02,Kumba,2021,9,245,35,332.14,378.42999999999995,531.6899999999999,1079.99,0.5913856914066992,-0.5273333333333348,24.34,equatorial
9.56,23.42,26.72,21.27,89.6,22.85,1.88,4.86,1.0,0.97,2021-09-03,Kumba,2021,9,246,35,348.59000000000003,397.84,552.5,1086.37,0.6034817581032258,0.025333333333339425,24.34,equatorial
13.66,22.71,25.41,20.94,91.39,1.73,2.79,4.65,0.99,0.96,2021-09-04,Kumba,2021,9,247,35,338.21,390.36,551.12,1085.99,0.6025827250690481,-0.6393333333333331,24.34,equatorial
14.25,22.82,26.07,20.45,90.97,3.49,2.51,5.05,0.98,0.95,2021-09-05,Kumba,2021,9,248,35,333.58,382.58,551.13,1088.31,0.6068736699947331,-0.5406666666666666,24.34,equatorial
9.56,23.08,26.02,20.75,90.16,0.59,1.72,3.41,0.98,0.94,2021-09-06,Kumba,2021,9,249,36,328.28000000000003,379.81,550.34,1084.3300000000002,0.5990527294655116,-0.30799999999999983,23.64,equatorial
15.22,23.42,26.66,21.07,92.52,3.11,2.37,3.86,0.97,0.94,2021-09-07,Kumba,2021,9,250,36,304.22999999999996,378.2,552.27,1078.05,0.5868121636525309,0.009666666666667822,23.42,equatorial
14.52,24.51,28.11,21.71,87.93,1.64,1.39,4.63,0.97,0.93,2021-09-08,Kumba,2021,9,251,36,74.21999999999997,371.43,540.8000000000001,1076.16,0.5830165159286097,1.060333333333336,24.51,equatorial
14.65,24.74,28.7,22.36,90.25,2.64,1.61,3.89,0.96,0.92,2021-09-09,Kumba,2021,9,252,36,36.049999999999976,368.19,514.33,1068.33,0.5677985233880117,1.2566666666666642,24.74,equatorial
16.22,24.28,27.62,22.34,93.0,88.58,1.66,2.84,0.98,0.96,2021-09-10,Kumba,2021,9,253,36,101.77999999999997,450.37,569.29,1152.3799999999999,0.729298497458622,0.7646666666666668,24.74,equatorial
14.19,24.34,28.37,21.45,90.67,2.88,1.93,4.32,0.99,0.95,2021-09-11,Kumba,2021,9,254,36,102.92999999999996,441.14,555.86,1153.47,0.7311666257903352,0.7796666666666638,24.74,equatorial
11.09,23.16,25.3,21.45,92.7,2.29,2.59,3.4,0.98,0.95,2021-09-12,Kumba,2021,9,255,36,101.72999999999998,435.30999999999995,548.6500000000001,1152.43,0.7289369164245995,-0.3829999999999991,24.74,equatorial
14.58,23.21,26.62,21.18,88.93,10.2,1.81,4.85,0.98,0.95,2021-09-13,Kumba,2021,9,256,37,111.33999999999997,439.61999999999995,556.24,1142.34,0.7092984002098285,-0.321666666666669,24.74,equatorial
12.29,23.55,27.64,20.62,85.86,0.47,1.69,5.83,0.97,0.93,2021-09-14,Kumba,2021,9,257,37,108.69999999999997,412.93,550.71,1136.26,0.697383063298925,0.028000000000002245,24.74,equatorial
17.04,23.75,27.79,20.65,87.24,3.86,1.62,4.96,0.96,0.92,2021-09-15,Kumba,2021,9,258,37,110.91999999999997,185.13999999999996,547.74,1133.3999999999999,0.6916684022245163,0.22266666666666524,24.74,equatorial
13.99,23.7,26.78,21.56,93.0,15.94,1.92,2.57,0.96,0.93,2021-09-16,Kumba,2021,9,259,37,124.21999999999997,160.26999999999995,557.7399999999999,1135.64,0.6957704697251317,0.15666666666666273,24.34,equatorial
15.76,23.92,27.39,21.63,89.21,47.95,1.98,4.77,0.98,0.95,2021-09-17,Kumba,2021,9,260,37,83.58999999999997,185.36999999999998,600.45,1164.21,0.7505441121503289,0.34833333333333627,24.34,equatorial
14.74,23.96,27.38,21.67,89.82,8.7,1.95,5.09,0.98,0.94,2021-09-18,Kumba,2021,9,261,37,89.40999999999998,192.33999999999995,595.35,1162.5,0.7470138071898056,0.33699999999999974,23.96,equatorial
16.29,24.12,28.08,21.59,91.35,11.97,2.36,5.1,0.97,0.94,2021-09-19,Kumba,2021,9,262,37,99.08999999999997,200.81999999999996,603.88,1155.4499999999998,0.7332064596528962,0.4569999999999972,24.12,equatorial
14.55,23.34,25.44,21.78,92.95,17.56,2.28,3.36,0.98,0.94,2021-09-20,Kumba,2021,9,263,38,106.44999999999996,217.78999999999996,612.23,1165.6100000000001,0.7525352575044778,-0.3230000000000004,24.12,equatorial
13.54,23.55,25.78,21.91,94.62,18.19,2.53,2.55,0.98,0.95,2021-09-21,Kumba,2021,9,264,38,124.16999999999997,232.86999999999995,619.15,1177.03,0.774280776763247,-0.1266666666666687,24.12,equatorial
14.12,23.1,25.14,21.55,94.57,16.99,2.32,2.35,0.98,0.95,2021-09-22,Kumba,2021,9,265,38,137.29999999999995,248.21999999999997,632.78,1188.4799999999998,0.7960733367144637,-0.5560000000000009,24.12,equatorial
13.19,24.9,30.02,20.19,80.2,2.07,1.25,5.88,0.98,0.94,2021-09-23,Kumba,2021,9,266,38,123.42999999999996,247.64999999999995,630.13,1183.6000000000001,0.786412774999663,1.216666666666665,24.9,equatorial
16.23,24.01,26.99,22.34,91.44,9.07,1.85,3.39,0.97,0.94,2021-09-24,Kumba,2021,9,267,38,84.54999999999997,168.14,630.79,1171.25,0.7623728496915357,0.33500000000000085,24.9,equatorial
9.66,22.77,24.85,21.11,90.38,4.26,1.28,2.52,0.97,0.94,2021-09-25,Kumba,2021,9,268,38,80.10999999999997,169.51999999999998,629.17,1164.5,0.7491287348573177,-0.8786666666666676,24.9,equatorial
18.28,22.87,26.09,20.5,89.72,1.34,1.72,3.82,0.97,0.93,2021-09-26,Kumba,2021,9,269,38,69.47999999999996,168.57,624.11,1154.04,0.7287451945983424,-0.7383333333333333,24.9,equatorial
15.21,23.04,26.04,20.95,92.29,8.45,2.21,3.59,0.96,0.93,2021-09-27,Kumba,2021,9,270,39,60.36999999999997,166.81999999999996,620.45,1156.79,0.7338156852821331,-0.5606666666666662,24.9,equatorial
17.49,23.64,27.02,21.25,91.97,1.57,2.42,3.99,0.96,0.92,2021-09-28,Kumba,2021,9,271,39,43.749999999999964,167.91999999999996,613.9,1157.79,0.7355129160082444,0.03766666666667007,24.9,equatorial
14.08,23.52,26.4,21.76,91.44,3.12,1.69,3.3,0.96,0.92,2021-09-29,Kumba,2021,9,272,39,29.87999999999997,167.17999999999998,611.13,1157.86,0.7354178230598336,-0.05500000000000327,24.9,equatorial
17.99,23.8,27.24,21.2,91.3,4.73,1.67,3.16,0.95,0.92,2021-09-30,Kumba,2021,9,273,39,32.53999999999997,155.97,588.6999999999999,1158.58,0.7365752616559469,0.21966666666666868,24.01,equatorial
6.36,23.65,25.86,21.89,95.13,7.2,2.19,1.91,0.96,0.92,2021-10-01,Kumba,2021,10,274,39,30.669999999999973,115.21999999999997,364.24999999999994,1127.5,0.6764550204204307,0.05799999999999983,23.8,equatorial
17.98,23.98,27.48,21.44,90.66,3.2,2.07,4.76,0.95,0.92,2021-10-02,Kumba,2021,10,275,39,29.609999999999975,109.71999999999997,326.64,1125.87,0.6731138462600355,0.35133333333333283,23.98,equatorial
16.33,24.15,27.86,21.81,91.47,8.41,2.15,4.24,0.95,0.92,2021-10-03,Kumba,2021,10,276,39,36.67999999999997,106.15999999999997,312.2,1107.1299999999999,0.6367949637420603,0.49699999999999633,24.15,equatorial
19.19,24.57,28.18,21.88,90.46,5.59,1.6,4.07,0.95,0.91,2021-10-04,Kumba,2021,10,277,40,33.81999999999998,94.18999999999997,316.06,1088.4199999999998,0.6005454401455543,0.8550000000000004,24.57,equatorial
16.61,24.72,28.31,22.59,89.73,8.5,1.41,3.88,0.95,0.91,2021-10-05,Kumba,2021,10,278,40,40.74999999999997,84.49999999999997,321.07,1089.7199999999998,0.6028865000649974,0.94166666666667,24.72,equatorial
17.27,24.95,28.49,22.37,87.53,15.45,1.25,4.49,0.95,0.91,2021-10-06,Kumba,2021,10,279,40,53.07999999999997,82.95999999999998,335.93,1091.03,0.6052462407858141,1.109333333333332,24.95,equatorial
13.51,24.35,27.77,22.48,91.68,24.85,1.8,3.71,0.96,0.93,2021-10-07,Kumba,2021,10,280,40,73.19999999999997,105.73999999999998,357.66999999999996,1110.0700000000002,0.6417975564437965,0.4783333333333353,24.95,equatorial
18.44,24.55,27.67,22.43,92.08,3.85,1.7,3.15,0.96,0.92,2021-10-08,Kumba,2021,10,281,40,69.84999999999997,100.51999999999997,359.88,1105.24,0.6322987355628761,0.6770000000000032,24.95,equatorial
4.22,24.16,26.12,22.85,95.5,6.42,2.28,1.91,0.95,0.92,2021-10-09,Kumba,2021,10,282,40,73.06999999999996,102.67999999999996,363.66,1102.63,0.6270853301483588,0.3063333333333347,24.95,equatorial
7.18,24.55,27.8,22.59,89.78,6.78,1.06,3.05,0.96,0.92,2021-10-10,Kumba,2021,10,283,40,71.43999999999997,108.11999999999998,281.86,1088.8500000000001,0.6003243387420507,0.6873333333333349,24.95,equatorial
15.52,24.39,27.67,22.51,92.73,12.53,2.05,3.59,0.95,0.92,2021-10-11,Kumba,2021,10,284,41,78.37999999999997,112.19999999999997,291.51,1089.63,0.6016644466258547,0.5256666666666696,24.95,equatorial
16.19,24.79,28.78,21.9,88.55,60.59,1.67,5.22,0.97,0.95,2021-10-12,Kumba,2021,10,285,41,130.46999999999997,171.21999999999997,349.81,1132.9099999999999,0.6850149838259073,0.871333333333336,24.95,equatorial
15.49,24.42,27.25,22.36,91.39,1.97,1.84,3.63,0.97,0.93,2021-10-13,Kumba,2021,10,286,41,116.98999999999998,170.06999999999996,341.58000000000004,1107.79,0.6363341958074121,0.4610000000000021,24.79,equatorial
15.92,23.86,26.21,22.13,90.52,1.36,1.65,3.01,0.96,0.93,2021-10-14,Kumba,2021,10,287,41,93.49999999999997,166.7,342.47,1096.5900000000001,0.6145364377856587,-0.1093333333333355,24.79,equatorial
16.88,24.0,27.21,21.71,90.84,1.65,2.32,4.49,0.96,0.92,2021-10-15,Kumba,2021,10,288,41,91.29999999999998,161.14999999999998,340.26,1095.9099999999999,0.613053115522415,0.022333333333332206,24.79,equatorial
14.64,23.61,26.08,22.06,92.05,1.84,2.07,3.08,0.95,0.92,2021-10-16,Kumba,2021,10,289,41,86.71999999999997,159.78999999999996,326.15999999999997,1094.5600000000002,0.6102768036909938,-0.36466666666666825,24.79,equatorial
15.65,23.9,27.42,21.5,90.05,4.18,2.0,5.04,0.95,0.91,2021-10-17,Kumba,2021,10,290,41,84.11999999999998,155.55999999999997,282.39,1092.77,0.6066518204067195,-0.07400000000000162,24.79,equatorial
19.37,24.27,28.13,21.42,89.5,3.44,2.2,5.32,0.94,0.91,2021-10-18,Kumba,2021,10,291,42,75.02999999999997,153.40999999999997,277.13,1089.3999999999999,0.5999767892284505,0.2856666666666676,24.79,equatorial
12.95,23.29,24.48,21.78,96.05,21.51,3.35,1.69,0.95,0.92,2021-10-19,Kumba,2021,10,292,42,35.949999999999974,166.41999999999996,286.66999999999996,1105.5,0.630907682195229,-0.6666666666666643,24.42,equatorial
16.31,23.04,25.93,20.91,91.24,7.41,2.18,3.77,0.95,0.92,2021-10-20,Kumba,2021,10,293,42,41.38999999999997,158.38,276.52,1105.44,0.6306143490852428,-0.9066666666666698,24.27,equatorial
16.43,23.55,26.96,21.4,91.55,20.28,2.07,3.82,0.96,0.93,2021-10-21,Kumba,2021,10,294,42,60.309999999999974,153.80999999999997,278.61,1118.42,0.6555118926140924,-0.3966666666666647,24.27,equatorial
5.29,24.08,27.79,21.89,91.34,11.51,2.2,4.68,0.96,0.92,2021-10-22,Kumba,2021,10,295,42,70.16999999999997,161.46999999999997,273.13,1124.08,0.6662586109836097,0.10066666666666535,24.27,equatorial
17.57,22.75,24.21,21.04,93.22,6.81,1.93,2.17,0.96,0.92,2021-10-23,Kumba,2021,10,296,42,75.13999999999997,161.85999999999999,277.87,1130.02,0.6775425591317563,-1.1576666666666675,24.27,equatorial
17.29,24.53,29.46,20.48,85.2,1.52,1.75,5.37,0.95,0.91,2021-10-24,Kumba,2021,10,297,42,72.47999999999998,156.59999999999997,270.32,1131.36,0.6799334166768107,0.6050000000000004,24.53,equatorial
16.07,23.69,25.78,22.11,93.17,30.13,1.69,2.02,0.96,0.93,2021-10-25,Kumba,2021,10,298,43,99.16999999999997,174.2,296.19,1160.56,0.7361644616657502,-0.2656666666666645,24.53,equatorial
16.75,24.44,27.92,22.35,89.21,4.28,1.64,5.04,0.96,0.92,2021-10-26,Kumba,2021,10,299,43,81.93999999999997,117.88999999999997,299.13000000000005,1164.22,0.743010275865371,0.43200000000000216,24.53,equatorial
13.26,24.69,28.66,21.69,88.05,2.98,1.58,4.96,0.96,0.92,2021-10-27,Kumba,2021,10,300,43,77.50999999999996,118.89999999999998,293.65999999999997,1166.45,0.7470891863965881,0.6270000000000024,24.69,equatorial
17.17,24.48,27.62,22.44,90.22,8.36,1.34,3.23,0.95,0.92,2021-10-28,Kumba,2021,10,301,43,65.58999999999996,125.89999999999998,300.45,1172.5,0.7585504427056465,0.38899999999999935,24.69,equatorial
18.13,24.48,27.75,22.49,92.09,12.06,1.71,2.78,0.95,0.92,2021-10-29,Kumba,2021,10,302,43,66.13999999999997,136.30999999999997,309.39,1175.8999999999999,0.7648836330665734,0.35700000000000287,24.69,equatorial
14.39,24.06,26.39,22.66,93.56,9.3,1.85,2.16,0.96,0.92,2021-10-30,Kumba,2021,10,303,43,68.62999999999997,143.76999999999998,313.96000000000004,1179.92,0.7724125962631921,-0.07166666666666899,24.69,equatorial
12.52,23.53,25.35,22.02,93.12,1.89,2.26,2.27,0.96,0.92,2021-10-31,Kumba,2021,10,304,43,68.99999999999997,141.47999999999996,308.65000000000003,1174.5,0.7616862248991598,-0.5976666666666652,24.69,equatorial
7.4,23.46,25.26,21.91,95.55,18.64,1.85,1.21,0.96,0.93,2021-11-01,Kumba,2021,11,305,44,57.50999999999997,156.67999999999995,324.09,1182.42,0.7767595503295869,-0.6503333333333323,24.69,equatorial
14.24,23.83,26.54,22.18,91.91,2.14,1.61,2.73,0.96,0.92,2021-11-02,Kumba,2021,11,306,44,55.369999999999976,137.30999999999997,317.82,1182.52,0.7767036877835269,-0.2696666666666694,24.69,equatorial
16.51,24.26,28.19,21.5,89.28,1.28,1.47,3.85,0.96,0.92,2021-11-03,Kumba,2021,11,307,44,53.66999999999997,131.17999999999998,313.51,1180.6899999999998,0.7729155056753115,0.1706666666666692,24.48,equatorial
18.64,24.68,27.83,22.13,88.4,0.97,1.45,4.34,0.95,0.91,2021-11-04,Kumba,2021,11,308,44,46.27999999999997,111.86999999999998,305.97999999999996,1178.1799999999998,0.7678140668888592,0.5919999999999952,24.68,equatorial
17.84,24.74,28.07,22.45,89.25,2.35,1.31,3.26,0.95,0.91,2021-11-05,Kumba,2021,11,309,44,36.56999999999997,102.70999999999997,292.88,1179.15,0.7694463340126358,0.6589999999999954,24.74,equatorial
18.18,24.32,26.89,22.46,93.29,3.3,1.65,2.14,0.94,0.91,2021-11-06,Kumba,2021,11,310,44,30.569999999999972,99.19999999999997,271.33,1181.27,0.77330250347478,0.240000000000002,24.74,equatorial
10.83,24.43,26.85,22.88,92.33,2.11,1.73,2.02,0.94,0.91,2021-11-07,Kumba,2021,11,311,44,30.78999999999997,99.78999999999998,269.59000000000003,1170.27,0.7517754070267305,0.35399999999999565,24.74,equatorial
10.07,23.97,26.17,22.13,93.7,2.0,1.77,1.86,0.94,0.91,2021-11-08,Kumba,2021,11,312,45,14.149999999999972,71.65999999999998,265.17,1143.1599999999999,0.6990879541960662,-0.09966666666666413,24.74,equatorial
16.06,24.43,28.55,21.41,90.74,5.8,1.84,3.74,0.94,0.9,2021-11-09,Kumba,2021,11,313,45,17.80999999999997,73.17999999999998,264.19,1115.3400000000001,0.6450460932997745,0.36433333333333096,24.74,equatorial
15.58,23.89,25.36,22.32,94.96,4.11,1.69,1.31,0.94,0.9,2021-11-10,Kumba,2021,11,314,45,20.63999999999997,74.30999999999997,255.76999999999998,1103.14,0.6212523181867123,-0.15899999999999892,24.74,equatorial
13.06,24.22,27.88,21.74,92.68,2.82,2.18,3.43,0.94,0.9,2021-11-11,Kumba,2021,11,315,45,22.48999999999997,68.76999999999997,198.00000000000003,1096.46,0.60815056493063,0.18999999999999417,24.74,equatorial
13.7,23.07,24.8,21.61,95.12,1.15,2.22,1.56,0.93,0.9,2021-11-12,Kumba,2021,11,316,45,21.28999999999997,57.85999999999997,197.17999999999998,1095.0,0.6051581101133401,-0.9149999999999991,24.43,equatorial
18.27,23.9,26.76,21.4,90.16,3.03,1.36,2.6,0.93,0.9,2021-11-13,Kumba,2021,11,317,45,21.01999999999997,51.589999999999975,198.85,1092.03,0.5992430311698009,-0.08633333333333226,24.43,equatorial
8.89,24.2,28.81,21.45,88.94,5.88,2.01,3.95,0.93,0.9,2021-11-14,Kumba,2021,11,318,45,24.78999999999997,55.57999999999997,203.08,1091.0800000000002,0.5972412488147895,0.20700000000000074,24.43,equatorial
15.3,24.36,27.18,22.39,93.21,5.16,1.76,2.43,0.93,0.9,2021-11-15,Kumba,2021,11,319,46,27.949999999999974,42.09999999999997,206.4,1090.3,0.5955693492223665,0.3420000000000023,24.43,equatorial
15.2,24.17,27.67,22.26,91.86,10.05,1.82,3.49,0.93,0.9,2021-11-16,Kumba,2021,11,320,46,32.199999999999974,50.00999999999997,212.27,1095.11,0.6047252422816998,0.14300000000000423,24.36,equatorial
18.44,24.57,28.68,21.98,88.33,2.3,1.62,4.22,0.93,0.9,2021-11-17,Kumba,2021,11,321,46,30.389999999999972,51.02999999999997,211.13,1083.6100000000001,0.58228376472131,0.5330000000000013,24.57,equatorial
20.28,25.0,28.94,21.76,87.4,3.26,1.39,4.22,0.93,0.89,2021-11-18,Kumba,2021,11,322,46,30.829999999999973,53.31999999999997,192.88,1083.43,0.5817799867275976,0.9059999999999988,25.0,equatorial
14.82,24.8,28.45,22.76,92.06,16.09,1.81,2.88,0.93,0.9,2021-11-19,Kumba,2021,11,323,46,45.76999999999997,67.05999999999997,201.56,1090.31,0.5949563397281744,0.6473333333333358,25.0,equatorial
15.9,24.02,27.07,21.93,91.82,4.32,2.02,3.01,0.93,0.9,2021-11-20,Kumba,2021,11,324,46,47.059999999999974,68.07999999999997,185.6,1083.36,0.5813277810914228,-0.14833333333333343,25.0,equatorial
18.0,24.17,27.51,21.56,89.39,3.5,1.26,2.34,0.93,0.9,2021-11-21,Kumba,2021,11,325,46,44.67999999999998,69.46999999999997,177.59,1083.5,0.5814446507898366,-0.0013333333333314101,25.0,equatorial
16.52,24.57,28.09,21.98,90.88,2.31,1.53,2.5,0.93,0.89,2021-11-22,Kumba,2021,11,326,47,41.82999999999997,69.77999999999997,173.09,1081.0900000000001,0.5766185564204842,0.3380000000000045,25.0,equatorial
7.89,24.37,26.63,22.78,94.02,2.78,1.68,1.52,0.93,0.89,2021-11-23,Kumba,2021,11,327,47,34.559999999999974,66.75999999999998,174.35,1075.46,0.5655511683641534,0.14333333333333442,25.0,equatorial
19.39,24.91,28.58,22.96,88.29,1.83,1.33,2.48,0.92,0.89,2021-11-24,Kumba,2021,11,328,47,34.08999999999997,64.47999999999998,146.05,1071.41,0.5575502264672496,0.6426666666666669,25.0,equatorial
17.35,25.4,29.84,22.53,86.34,2.55,1.27,5.03,0.92,0.89,2021-11-25,Kumba,2021,11,329,47,33.379999999999974,64.20999999999997,144.32,1067.56,0.5499391657929705,1.1006666666666653,25.4,equatorial
19.37,25.14,29.72,22.2,88.31,2.5,1.68,4.41,0.91,0.88,2021-11-26,Kumba,2021,11,330,47,19.78999999999997,65.55999999999997,143.84,1057.95,0.5311582056210947,0.8256666666666668,25.4,equatorial
18.36,25.47,29.65,22.71,86.5,0.52,1.35,4.69,0.91,0.88,2021-11-27,Kumba,2021,11,331,47,15.989999999999972,63.04999999999997,136.0,1050.35,0.5162805041671955,1.1226666666666638,25.47,equatorial
18.04,24.87,28.58,22.53,89.37,0.65,1.72,3.63,0.9,0.87,2021-11-28,Kumba,2021,11,332,47,13.139999999999972,57.81999999999997,124.59,1045.1100000000001,0.5059846869240767,0.5096666666666643,25.47,equatorial
17.68,25.49,30.08,22.71,84.69,0.65,1.21,5.14,0.9,0.87,2021-11-29,Kumba,2021,11,333,48,11.47999999999997,53.309999999999974,115.94,1018.6,0.4544173546183938,1.0820000000000007,25.49,equatorial
14.43,25.5,30.05,22.45,85.53,0.45,1.28,4.75,0.89,0.86,2021-11-30,Kumba,2021,11,334,48,9.149999999999972,43.70999999999997,114.5,787.4000000000001,0.005561665180101877,1.026333333333337,25.5,equatorial
16.41,25.28,29.98,22.28,86.09,0.34,1.71,4.94,0.88,0.86,2021-12-01,Kumba,2021,12,335,48,7.659999999999972,41.74999999999997,96.2,746.93,-0.07300834301146134,0.7456666666666649,25.5,equatorial
18.73,24.58,27.21,22.79,90.58,0.79,2.09,3.34,0.88,0.86,2021-12-02,Kumba,2021,12,336,48,5.899999999999972,39.27999999999997,94.85,724.87,-0.115829609091668,0.020666666666667055,25.5,equatorial
12.5,23.95,26.2,22.49,90.77,1.07,1.9,2.37,0.87,0.85,2021-12-03,Kumba,2021,12,337,48,4.469999999999972,24.259999999999973,94.64,724.21,-0.11708823338850526,-0.5990000000000002,25.5,equatorial
19.35,24.89,28.83,21.12,86.13,0.19,1.16,2.91,0.87,0.85,2021-12-04,Kumba,2021,12,338,48,4.139999999999972,20.12999999999997,93.86,720.9100000000001,-0.12347515606694999,0.3340000000000032,25.5,equatorial
14.55,23.98,26.83,22.47,91.76,1.88,1.63,2.11,0.87,0.85,2021-12-05,Kumba,2021,12,339,48,5.369999999999972,18.50999999999997,93.39,722.2,-0.12094403812824082,-0.5506666666666646,25.5,equatorial
13.84,24.0,26.93,22.44,90.09,0.56,1.58,2.18,0.86,0.85,2021-12-06,Kumba,2021,12,340,49,5.279999999999971,16.759999999999973,90.64999999999999,719.65,-0.12587521115011943,-0.5199999999999996,25.5,equatorial
18.05,24.55,27.9,21.96,89.24,0.18,1.41,2.26,0.86,0.85,2021-12-07,Kumba,2021,12,341,49,5.009999999999971,14.159999999999972,88.72,718.19,-0.12868773658948907,0.026000000000003354,25.28,equatorial
18.2,24.33,27.12,22.18,91.2,0.22,1.47,1.74,0.86,0.84,2021-12-08,Kumba,2021,12,342,49,4.889999999999971,12.549999999999972,86.94,715.77,-0.13336652529200746,-0.20600000000000307,24.89,equatorial
18.59,25.01,29.51,21.41,85.07,0.03,1.74,4.46,0.85,0.84,2021-12-09,Kumba,2021,12,343,49,4.1299999999999715,10.029999999999971,81.17,627.22,-0.3055151199318295,0.4546666666666681,25.01,equatorial
19.67,25.48,30.33,21.91,82.74,0.02,1.65,5.02,0.85,0.84,2021-12-10,Kumba,2021,12,344,49,3.0799999999999716,7.549999999999971,77.08,624.36,-0.3110110715694875,0.8716666666666661,25.48,equatorial
16.7,24.74,29.87,20.71,84.39,0.05,1.7,4.59,0.84,0.83,2021-12-11,Kumba,2021,12,345,49,2.9399999999999715,7.079999999999972,74.31,622.12,-0.31530072303507267,0.11433333333333096,25.48,equatorial
18.76,24.96,30.09,21.77,80.65,0.04,1.78,4.45,0.83,0.83,2021-12-12,Kumba,2021,12,346,49,1.0999999999999717,6.469999999999971,73.2,611.9599999999999,-0.33499733558878914,0.27133333333333454,25.48,equatorial
18.81,25.24,29.83,22.23,86.48,0.2,1.51,4.41,0.83,0.82,2021-12-13,Kumba,2021,12,347,50,0.7399999999999716,6.019999999999971,70.37,611.69,-0.3354493180313805,0.5066666666666642,25.48,equatorial
15.36,24.86,28.44,22.67,87.98,0.1,1.62,3.37,0.82,0.82,2021-12-14,Kumba,2021,12,348,50,0.6599999999999717,5.6699999999999715,64.59,607.9300000000001,-0.3426929579584358,0.10466666666666669,25.48,equatorial
18.03,25.23,30.14,21.67,83.32,0.0,1.84,4.98,0.81,0.81,2021-12-15,Kumba,2021,12,349,50,0.4399999999999716,5.329999999999972,59.43,591.99,-0.3736425469736429,0.44566666666666777,25.48,equatorial
16.77,24.18,28.26,21.6,86.23,0.05,1.78,3.51,0.81,0.81,2021-12-16,Kumba,2021,12,350,50,0.4599999999999716,4.589999999999971,49.43,544.0899999999999,-0.4668023973367779,-0.6046666666666667,25.48,equatorial
16.21,24.58,29.27,21.38,84.03,1.59,1.46,4.19,0.8,0.81,2021-12-17,Kumba,2021,12,351,50,2.029999999999972,5.109999999999972,48.72,536.98,-0.48053292827176675,-0.20500000000000185,25.24,equatorial
16.6,24.74,30.15,20.26,80.94,1.5,1.7,4.6,0.8,0.81,2021-12-18,Kumba,2021,12,352,50,3.4799999999999716,6.4199999999999715,46.96,526.51,-0.5008033812499941,-0.036333333333335105,25.24,equatorial
16.35,25.64,30.26,21.64,81.41,0.28,1.83,5.15,0.79,0.8,2021-12-19,Kumba,2021,12,353,50,3.7199999999999713,4.819999999999972,31.15,509.22999999999996,-0.5343315485715084,0.8356666666666683,25.64,equatorial
18.16,25.79,30.39,21.67,82.83,0.04,1.92,4.89,0.78,0.79,2021-12-20,Kumba,2021,12,354,51,3.5599999999999716,4.299999999999971,26.87,491.08,-0.569546335738437,0.9266666666666659,25.79,equatorial
20.16,26.14,30.7,22.79,80.55,0.18,2.18,5.54,0.77,0.78,2021-12-21,Kumba,2021,12,355,51,3.6399999999999717,4.299999999999972,23.55,474.27000000000004,-0.6021417148620299,1.211000000000002,26.14,equatorial
19.37,26.1,30.42,22.27,82.29,2.34,1.6,4.94,0.77,0.78,2021-12-22,Kumba,2021,12,356,51,5.979999999999972,6.4199999999999715,23.580000000000002,474.53999999999996,-0.6014547637823725,1.120000000000001,26.14,equatorial
19.12,26.01,30.83,22.0,81.17,0.4,1.63,4.84,0.76,0.78,2021-12-23,Kumba,2021,12,357,51,6.329999999999972,6.7899999999999725,21.2,465.87,-0.6181859832402625,0.9753333333333352,26.14,equatorial
17.35,25.71,29.85,22.63,84.01,5.07,1.57,4.7,0.75,0.78,2021-12-24,Kumba,2021,12,358,51,9.809999999999972,11.839999999999971,24.439999999999998,466.68,-0.6164401660959997,0.6486666666666707,26.14,equatorial
13.53,24.82,28.05,22.81,90.07,48.6,2.37,3.42,0.79,0.88,2021-12-25,Kumba,2021,12,359,51,56.909999999999975,60.38999999999997,70.49000000000001,513.94,-0.5241714570525978,-0.22199999999999775,26.14,equatorial
17.03,24.8,30.06,20.88,75.69,0.7,1.99,5.46,0.81,0.81,2021-12-26,Kumba,2021,12,360,51,57.32999999999998,61.049999999999976,68.69,506.19,-0.5391465852677032,-0.23066666666666436,26.14,equatorial
14.7,24.48,28.75,20.92,80.83,0.47,1.55,3.53,0.8,0.81,2021-12-27,Kumba,2021,12,361,52,57.75999999999998,61.31999999999997,68.64,505.09,-0.541154695820073,-0.5176666666666634,26.14,equatorial
13.21,24.16,26.1,22.66,89.0,1.94,1.06,1.38,0.8,0.81,2021-12-28,Kumba,2021,12,362,52,59.519999999999975,63.159999999999975,69.93,503.90999999999997,-0.5433183925551441,-0.8139999999999965,26.1,equatorial
12.46,23.86,28.0,21.31,84.14,0.39,1.72,2.99,0.79,0.8,2021-12-29,Kumba,2021,12,363,52,57.56999999999997,63.549999999999976,69.66999999999999,499.57000000000005,-0.5516435141608347,-1.0596666666666685,26.01,equatorial
19.66,24.39,29.67,20.83,76.28,0.02,1.54,4.19,0.79,0.79,2021-12-30,Kumba,2021,12,364,52,57.189999999999976,63.519999999999975,69.24000000000001,492.39000000000004,-0.5655052775099295,-0.49266666666666836,25.71,equatorial
15.86,24.57,29.01,20.84,83.85,0.88,1.61,4.44,0.78,0.79,2021-12-31,Kumba,2021,12,365,52,52.99999999999997,62.809999999999974,69.78,490.07,-0.5698844192045107,-0.2889999999999979,24.82,equatorial
12.66,24.56,28.44,22.1,86.67,1.37,1.78,3.77,0.77,0.79,2022-01-01,Kumba,2022,1,1,52,5.769999999999971,62.67999999999998,70.36,483.03000000000003,-0.5834698154719283,-0.29833333333333556,24.8,equatorial
17.33,24.64,29.41,21.17,82.91,0.33,1.54,4.0,0.77,0.78,2022-01-02,Kumba,2022,1,2,52,5.399999999999971,62.729999999999976,69.62,477.77,-0.5935789611343332,-0.24133333333332985,24.64,equatorial
16.87,24.26,28.36,21.18,85.79,0.02,2.15,3.98,0.76,0.78,2022-01-03,Kumba,2022,1,3,1,4.949999999999972,62.70999999999997,69.45,469.29,-0.6099681032233695,-0.6003333333333352,24.64,equatorial
16.65,24.63,29.04,21.49,82.97,0.03,1.52,4.1,0.75,0.77,2022-01-04,Kumba,2022,1,4,1,3.0399999999999716,62.559999999999974,67.6,453.87,-0.6398949220859892,-0.25200000000000244,24.64,equatorial
18.59,25.1,30.06,21.11,82.05,0.37,1.24,4.62,0.75,0.77,2022-01-05,Kumba,2022,1,5,1,3.0199999999999716,60.589999999999975,67.41000000000001,429.39,-0.6874926847819126,0.18133333333333823,25.1,equatorial
16.6,25.09,29.86,21.25,84.31,0.31,1.94,4.98,0.74,0.76,2022-01-06,Kumba,2022,1,6,1,3.3099999999999716,60.49999999999997,67.54,425.85,-0.6942042339168982,0.15333333333333243,25.1,equatorial
17.85,25.57,30.32,22.37,83.81,1.18,1.4,4.5,0.73,0.76,2022-01-07,Kumba,2022,1,7,1,3.609999999999972,56.60999999999997,68.5,420.61,-0.7042315363056236,0.5919999999999987,25.57,equatorial
17.73,25.21,29.3,22.54,87.8,4.09,1.98,3.72,0.73,0.76,2022-01-08,Kumba,2022,1,8,1,6.329999999999972,12.099999999999971,72.56,417.92,-0.7092772719657326,0.22533333333333516,25.57,equatorial
13.95,24.85,27.71,23.21,91.11,5.8,1.83,2.24,0.73,0.77,2022-01-09,Kumba,2022,1,9,1,11.799999999999972,17.19999999999997,78.34,411.19,-0.7222081551855092,-0.11366666666666347,25.57,equatorial
16.39,24.88,28.85,22.57,88.52,3.64,1.74,3.19,0.74,0.77,2022-01-10,Kumba,2022,1,10,2,15.419999999999972,20.36999999999997,81.93,354.24,-0.8331785752301771,-0.08833333333333115,25.57,equatorial
16.45,24.94,29.24,22.09,87.35,0.61,2.02,4.18,0.73,0.76,2022-01-11,Kumba,2022,1,11,2,15.999999999999972,19.03999999999997,82.5,352.88,-0.8355589561104931,-0.027666666666668505,25.57,equatorial
18.14,24.82,28.45,22.25,87.75,0.57,1.81,3.4,0.72,0.75,2022-01-12,Kumba,2022,1,12,2,16.19999999999997,19.21999999999997,82.87,352.09,-0.8368252733869422,-0.1336666666666666,25.57,equatorial
17.38,24.77,28.58,22.52,89.2,0.94,1.5,2.61,0.72,0.75,2022-01-13,Kumba,2022,1,13,2,16.82999999999997,20.139999999999972,83.71000000000001,351.38,-0.8379348192933576,-0.1806666666666672,25.57,equatorial
16.02,24.6,27.6,22.56,90.49,1.03,1.69,2.22,0.72,0.75,2022-01-14,Kumba,2022,1,14,2,16.67999999999997,20.28999999999997,84.74000000000001,350.57000000000005,-0.8392391487930656,-0.32966666666666455,25.21,equatorial
15.25,24.66,28.18,22.47,89.4,1.22,1.7,2.73,0.72,0.75,2022-01-15,Kumba,2022,1,15,2,13.809999999999972,20.139999999999972,85.91000000000001,347.61,-0.844741342328975,-0.2856666666666712,24.94,equatorial
15.9,24.11,26.95,22.3,91.07,4.22,2.0,2.48,0.72,0.76,2022-01-16,Kumba,2022,1,16,2,12.229999999999972,24.02999999999997,88.54,348.39000000000004,-0.842936853765774,-0.8200000000000003,24.94,equatorial
15.26,24.13,27.64,22.16,90.4,3.12,1.94,2.38,0.72,0.76,2022-01-17,Kumba,2022,1,17,3,11.709999999999972,27.12999999999997,90.16,330.0,-0.878571648327851,-0.7796666666666674,24.94,equatorial
15.12,24.55,28.94,21.89,86.2,1.52,1.68,3.66,0.72,0.75,2022-01-18,Kumba,2022,1,18,3,12.61999999999997,28.619999999999973,91.4,324.11,-0.889772564372209,-0.32333333333333414,24.82,equatorial
17.93,24.51,29.52,20.47,74.92,0.1,2.12,4.81,0.71,0.74,2022-01-19,Kumba,2022,1,19,3,12.149999999999972,28.34999999999997,91.46,303.93,-0.9288751878861848,-0.32066666666666777,24.77,equatorial
17.5,24.14,28.71,20.0,71.99,0.0,2.14,4.15,0.7,0.73,2022-01-20,Kumba,2022,1,20,3,11.20999999999997,28.03999999999997,91.28,292.42,-0.9510186826765026,-0.6239999999999988,24.66,equatorial
17.58,24.69,29.83,20.9,79.85,0.15,1.59,4.54,0.69,0.72,2022-01-21,Kumba,2022,1,21,3,10.329999999999972,27.00999999999997,89.09,285.76,-0.9636745241562604,-0.027000000000001023,24.69,equatorial
19.8,25.23,30.68,21.44,82.48,0.34,1.62,4.9,0.68,0.71,2022-01-22,Kumba,2022,1,22,3,9.44999999999997,23.259999999999973,89.02999999999999,284.58,-0.9656188221173899,0.539000000000005,25.23,equatorial
19.07,25.07,30.11,21.82,83.94,0.47,1.64,4.32,0.68,0.71,2022-01-23,Kumba,2022,1,23,3,5.699999999999972,17.92999999999997,84.43,254.92000000000002,-1.0231826861937257,0.4003333333333323,25.23,equatorial
21.56,25.05,30.42,21.26,82.34,0.06,1.66,4.09,0.67,0.7,2022-01-24,Kumba,2022,1,24,4,2.6399999999999717,14.349999999999971,35.89,250.70000000000002,-1.0310182329527438,0.3726666666666709,25.23,equatorial
20.25,25.02,30.5,20.55,79.56,0.0,1.5,4.56,0.66,0.69,2022-01-25,Kumba,2022,1,25,4,1.1199999999999717,13.73999999999997,35.19,247.72000000000003,-1.0364259209893598,0.33533333333333104,25.23,equatorial
18.23,24.77,29.95,20.08,81.42,0.04,2.35,4.52,0.65,0.68,2022-01-26,Kumba,2022,1,26,4,1.0599999999999714,13.209999999999972,34.76,239.4,-1.0522571489160284,0.07566666666666322,25.23,equatorial
18.97,25.48,30.88,21.87,80.91,0.28,1.3,4.69,0.65,0.67,2022-01-27,Kumba,2022,1,27,4,1.3399999999999714,12.54999999999997,33.1,227.62,-1.0748311212257866,0.7416666666666636,25.48,equatorial
19.21,25.49,31.19,21.81,79.18,0.08,1.75,4.49,0.64,0.66,2022-01-28,Kumba,2022,1,28,4,1.2699999999999716,11.599999999999971,32.79,218.39999999999998,-1.0923861540338309,0.6973333333333329,25.49,equatorial
17.78,25.14,31.46,20.52,75.44,0.02,1.75,4.68,0.63,0.65,2022-01-29,Kumba,2022,1,29,4,0.9499999999999715,10.39999999999997,32.79,216.53,-1.095574188580539,0.32233333333332936,25.49,equatorial
18.83,23.97,28.67,20.0,71.2,0.0,2.12,3.38,0.62,0.65,2022-01-30,Kumba,2022,1,30,4,0.47999999999997156,6.179999999999971,31.91,197.89,-1.131500789100012,-0.8276666666666657,25.49,equatorial
20.62,24.16,30.12,18.52,70.0,0.01,1.8,4.3,0.62,0.64,2022-01-31,Kumba,2022,1,31,5,0.42999999999997157,3.0699999999999714,30.55,195.76,-1.1351606603371132,-0.6243333333333361,25.49,equatorial
17.41,24.45,28.79,21.01,82.66,1.22,1.95,3.69,0.61,0.64,2022-02-01,Kumba,2022,2,32,5,1.6499999999999715,2.7699999999999716,31.439999999999998,195.7,-1.1347761794564333,-0.32800000000000296,25.49,equatorial
18.76,24.76,30.52,20.26,77.62,2.05,2.04,4.03,0.61,0.64,2022-02-02,Kumba,2022,2,33,5,3.6599999999999713,4.719999999999971,33.47,196.78,-1.1321669558502405,-0.03466666666666285,25.49,equatorial
16.94,24.85,29.75,21.21,82.73,3.78,1.55,3.67,0.61,0.64,2022-02-03,Kumba,2022,2,34,5,7.159999999999972,8.499999999999972,37.22,198.21,-1.1288773058724564,0.04800000000000182,25.49,equatorial
16.4,24.94,29.51,22.17,80.03,1.41,1.33,3.21,0.61,0.64,2022-02-04,Kumba,2022,2,35,5,8.489999999999972,9.759999999999971,38.26,196.32,-1.132071066385811,0.14333333333333087,25.14,equatorial
18.82,24.6,29.06,21.63,80.33,0.02,1.74,3.28,0.6,0.62,2022-02-05,Kumba,2022,2,36,5,8.489999999999972,9.439999999999971,37.97,194.23000000000002,-1.1356521650036642,-0.1803333333333299,24.94,equatorial
19.87,25.12,30.85,21.09,78.25,0.0,1.46,4.04,0.6,0.61,2022-02-06,Kumba,2022,2,37,5,8.489999999999972,8.969999999999972,36.79,192.23000000000002,-1.139054216700961,0.35466666666667024,25.12,equatorial
18.44,25.6,31.98,21.38,80.79,0.0,2.04,4.15,0.59,0.6,2022-02-07,Kumba,2022,2,38,6,8.479999999999972,8.909999999999972,32.7,186.43,-1.1498685027566136,0.821666666666669,25.6,equatorial
19.85,25.49,31.29,21.84,81.15,0.0,2.24,4.0,0.58,0.59,2022-02-08,Kumba,2022,2,39,6,7.259999999999971,8.909999999999972,26.9,182.32000000000002,-1.1573741805091036,0.6903333333333315,25.6,equatorial
20.31,25.76,31.59,21.81,80.04,0.0,2.02,3.94,0.57,0.58,2022-02-09,Kumba,2022,2,40,6,5.2099999999999715,8.86999999999997,23.259999999999998,179.5,-1.1623552597283808,0.9310000000000009,25.76,equatorial
20.15,25.97,32.51,22.04,76.24,0.05,1.58,4.39,0.57,0.57,2022-02-10,Kumba,2022,2,41,6,1.4799999999999716,8.63999999999997,22.7,178.4,-1.163975566121663,1.1066666666666656,25.97,equatorial
19.31,25.11,30.57,21.18,80.83,0.12,1.75,3.3,0.56,0.56,2022-02-11,Kumba,2022,2,42,6,0.18999999999997158,8.679999999999971,22.25,175.49,-1.1691254306895003,0.23699999999999832,25.97,equatorial
19.4,25.78,31.71,22.23,78.38,0.1,1.82,3.8,0.55,0.55,2022-02-12,Kumba,2022,2,43,6,0.2699999999999716,8.759999999999971,21.41,169.70999999999998,-1.1798685701418328,0.8733333333333313,25.97,equatorial
18.02,25.97,31.95,21.91,77.17,0.07,2.15,3.54,0.55,0.54,2022-02-13,Kumba,2022,2,44,6,0.3399999999999716,8.829999999999972,20.45,164.62,-1.1892544282489759,1.0176666666666634,25.97,equatorial
19.99,26.34,32.88,22.34,78.18,0.07,1.72,3.64,0.54,0.53,2022-02-14,Kumba,2022,2,45,7,0.4099999999999716,8.889999999999972,19.299999999999997,154.64000000000001,-1.208167346621225,1.331666666666667,26.34,equatorial
20.81,26.2,31.98,22.79,78.77,0.36,1.7,3.28,0.54,0.53,2022-02-15,Kumba,2022,2,46,7,0.7699999999999716,8.029999999999971,15.44,152.7,-1.2113799635664415,1.1219999999999999,26.34,equatorial
19.51,26.27,31.84,22.85,78.25,0.72,2.0,3.51,0.53,0.52,2022-02-16,Kumba,2022,2,47,7,1.4899999999999716,6.699999999999971,13.040000000000001,150.16,-1.2157590965762655,1.120666666666665,26.34,equatorial
19.26,26.26,31.96,22.45,78.83,0.46,1.94,3.25,0.53,0.52,2022-02-17,Kumba,2022,2,48,7,1.8999999999999715,3.3799999999999715,11.979999999999999,134.53,-1.2456554252727423,1.0536666666666719,26.34,equatorial
18.29,25.35,28.9,23.09,84.83,0.51,2.0,1.7,0.53,0.52,2022-02-18,Kumba,2022,2,49,7,2.2899999999999716,2.4799999999999716,12.389999999999999,130.72000000000003,-1.2524732797637754,0.11566666666666947,26.34,equatorial
18.57,25.54,29.38,22.83,84.03,0.44,2.23,2.14,0.52,0.52,2022-02-19,Kumba,2022,2,50,7,2.6299999999999715,2.8999999999999715,12.83,127.66,-1.257821129604996,0.2589999999999968,26.34,equatorial
19.14,26.12,31.62,22.32,77.38,0.12,1.96,2.74,0.52,0.51,2022-02-20,Kumba,2022,2,51,7,2.6799999999999717,3.0199999999999716,12.799999999999999,125.47,-1.2614669936588871,0.7913333333333341,26.34,equatorial
19.23,25.97,31.21,22.97,76.64,0.07,1.83,2.51,0.52,0.5,2022-02-21,Kumba,2022,2,52,8,2.6799999999999713,3.0899999999999714,12.53,122.75999999999999,-1.266121936706711,0.6166666666666636,26.27,equatorial
18.32,26.77,33.09,22.63,76.48,0.18,1.99,3.04,0.51,0.49,2022-02-22,Kumba,2022,2,53,8,2.4999999999999716,3.2699999999999716,12.24,121.11,-1.2687058506348996,1.3599999999999994,26.77,equatorial
18.69,26.93,33.03,23.26,74.96,0.11,1.58,3.03,0.51,0.48,2022-02-23,Kumba,2022,2,54,8,1.8899999999999715,3.3799999999999715,12.29,118.67,-1.2728259106930468,1.457333333333331,26.93,equatorial
19.64,26.76,32.73,23.3,75.2,0.14,1.24,2.42,0.5,0.48,2022-02-24,Kumba,2022,2,55,8,1.5699999999999716,3.4699999999999718,12.43,116.31,-1.276785168545037,1.2293333333333365,26.93,equatorial
20.66,27.27,34.28,23.0,72.44,0.02,1.57,3.05,0.5,0.47,2022-02-25,Kumba,2022,2,56,8,1.0799999999999716,3.3699999999999717,12.409999999999998,115.81,-1.277116677178564,1.6560000000000024,27.27,equatorial
20.67,27.24,34.02,22.38,71.61,0.01,1.88,2.84,0.49,0.46,2022-02-26,Kumba,2022,2,57,8,0.6499999999999716,3.2799999999999714,12.139999999999999,115.17,-1.2777206041365918,1.567333333333334,27.27,equatorial
17.38,26.66,31.66,23.44,76.27,0.04,2.15,1.98,0.49,0.46,2022-02-27,Kumba,2022,2,58,8,0.5699999999999716,3.2499999999999716,12.1,114.56,-1.2782655238233394,0.9483333333333341,27.27,equatorial
15.82,25.86,29.68,23.61,82.51,0.05,2.58,1.41,0.49,0.46,2022-02-28,Kumba,2022,2,59,9,0.5499999999999716,3.2299999999999716,12.13,114.16000000000001,-1.2784010340402665,0.12433333333333607,27.27,equatorial
19.57,25.83,29.64,23.04,82.12,0.03,2.26,1.35,0.49,0.46,2022-03-01,Kumba,2022,3,60,9,0.3999999999999716,2.8999999999999715,12.16,113.85,-1.2783613227446462,0.032333333333330216,27.27,equatorial
16.66,26.34,30.93,23.17,81.89,5.21,2.16,2.63,0.49,0.5,2022-03-02,Kumba,2022,3,61,9,5.499999999999972,7.389999999999971,17.36,118.27000000000001,-1.2691140878945193,0.4696666666666651,27.27,equatorial
15.49,25.64,29.12,23.54,84.97,5.85,2.28,1.93,0.5,0.53,2022-03-03,Kumba,2022,3,62,9,11.209999999999972,12.779999999999971,21.990000000000002,123.05,-1.2591776036007938,-0.2700000000000031,27.27,equatorial
9.71,25.12,28.24,23.24,86.98,7.41,1.69,1.85,0.51,0.55,2022-03-04,Kumba,2022,3,63,9,18.599999999999973,19.67999999999997,27.35,130.27,-1.2445042750670254,-0.8020000000000032,27.24,equatorial
18.33,25.67,29.5,23.1,83.03,1.28,2.21,2.04,0.51,0.51,2022-03-05,Kumba,2022,3,64,9,19.86999999999997,20.51999999999997,24.849999999999998,129.67000000000002,-1.2450669887642345,-0.27933333333333366,26.66,equatorial
19.75,24.4,26.64,22.09,88.03,1.52,2.0,1.17,0.51,0.51,2022-03-06,Kumba,2022,3,65,9,21.349999999999973,21.919999999999973,24.96,130.63,-1.2425935993968893,-1.5313333333333325,26.34,equatorial
16.57,24.79,28.6,21.48,83.64,1.51,2.02,1.86,0.51,0.5,2022-03-07,Kumba,2022,3,66,10,22.80999999999997,23.35999999999997,26.45,131.96,-1.2394033729671716,-1.1476666666666695,26.34,equatorial
16.69,26.39,31.74,22.39,79.09,1.68,1.71,2.75,0.5,0.5,2022-03-08,Kumba,2022,3,67,10,24.459999999999972,24.85999999999997,28.13,133.42,-1.2359641251321216,0.4099999999999966,26.39,equatorial
12.18,25.58,28.73,23.48,86.72,8.86,1.83,1.72,0.51,0.54,2022-03-09,Kumba,2022,3,68,10,28.10999999999997,33.60999999999997,36.989999999999995,142.25,-1.218191759985087,-0.39933333333333465,26.39,equatorial
13.34,26.2,31.04,23.02,83.38,9.96,1.48,3.04,0.52,0.58,2022-03-10,Kumba,2022,3,69,10,32.21999999999997,43.42999999999997,46.95,152.19,-1.1982802117830769,0.19699999999999918,26.39,equatorial
13.97,25.9,30.28,23.21,84.98,5.39,2.11,2.73,0.53,0.56,2022-03-11,Kumba,2022,3,70,10,30.19999999999997,48.799999999999976,52.339999999999996,157.53,-1.1873379362928678,-0.10766666666667035,26.39,equatorial
13.25,26.06,30.4,23.19,83.27,2.1,2.17,2.74,0.53,0.54,2022-03-12,Kumba,2022,3,71,10,31.01999999999997,50.889999999999965,54.39,159.59,-1.1827870500784656,0.04933333333333323,26.39,equatorial
13.17,24.99,28.04,23.47,90.24,0.98,1.47,1.1,0.53,0.53,2022-03-13,Kumba,2022,3,72,10,30.47999999999997,51.82999999999997,55.25,160.37,-1.1807305562592036,-1.0166666666666657,26.39,equatorial
14.47,26.6,32.64,22.84,78.99,0.7,1.6,3.01,0.52,0.51,2022-03-14,Kumba,2022,3,73,11,29.66999999999997,52.47999999999997,55.849999999999994,160.97,-1.1790264503644905,0.5660000000000025,26.6,equatorial
15.92,25.61,29.04,23.61,86.59,1.38,2.01,1.94,0.52,0.52,2022-03-15,Kumba,2022,3,74,11,29.369999999999973,53.82999999999997,57.160000000000004,162.35,-1.175807551368303,-0.41199999999999903,26.6,equatorial
17.65,26.61,31.85,23.43,80.07,0.97,2.02,3.21,0.52,0.5,2022-03-16,Kumba,2022,3,75,11,21.479999999999972,49.58999999999997,58.06,163.26999999999998,-1.1734866287863448,0.5790000000000006,26.61,equatorial
16.26,26.62,31.46,23.49,79.89,1.02,1.56,2.69,0.51,0.5,2022-03-17,Kumba,2022,3,76,11,12.53999999999997,44.75999999999997,58.72,162.70000000000002,-1.174065286854226,0.5749999999999993,26.62,equatorial
16.53,27.01,32.39,23.55,77.65,1.26,1.36,3.02,0.51,0.5,2022-03-18,Kumba,2022,3,77,11,8.409999999999972,38.60999999999997,59.26,162.46,-1.1740019337521155,0.940333333333335,27.01,equatorial
13.74,26.87,32.29,23.75,78.76,1.74,1.5,2.88,0.51,0.5,2022-03-19,Kumba,2022,3,78,11,8.049999999999972,39.06999999999997,60.54,163.92000000000002,-1.17063398884639,0.7800000000000011,27.01,equatorial
13.7,26.0,30.17,23.6,82.83,1.58,1.7,2.15,0.5,0.5,2022-03-20,Kumba,2022,3,79,11,8.649999999999972,39.129999999999974,61.61,165.46,-1.1671141911669758,-0.11166666666666814,27.01,equatorial
15.09,26.28,31.5,22.79,80.91,1.23,1.94,2.79,0.5,0.49,2022-03-21,Kumba,2022,3,80,12,9.179999999999971,38.849999999999966,62.4,166.51000000000002,-1.164550629986398,0.14366666666667172,27.01,equatorial
17.37,26.37,31.05,23.44,81.56,1.32,1.94,2.34,0.5,0.49,2022-03-22,Kumba,2022,3,81,12,9.11999999999997,38.48999999999997,63.599999999999994,165.49,-1.166013185223952,0.22533333333333871,27.01,equatorial
15.43,26.1,29.8,23.6,83.62,2.26,1.67,2.17,0.5,0.49,2022-03-23,Kumba,2022,3,82,12,10.409999999999972,31.889999999999972,65.79,167.35,-1.161877113757662,-0.04899999999999949,27.01,equatorial
16.55,25.79,29.11,23.73,86.59,3.52,1.44,1.58,0.5,0.52,2022-03-24,Kumba,2022,3,83,12,12.909999999999972,25.44999999999997,69.13,165.8,-1.1643723527526961,-0.32633333333333425,27.01,equatorial
9.6,26.19,29.95,23.59,83.27,3.15,1.08,1.8,0.51,0.52,2022-03-25,Kumba,2022,3,84,12,14.799999999999972,23.209999999999972,72.17,120.35,-1.2521682703745087,0.09833333333333627,26.87,equatorial
18.64,27.07,32.79,23.26,80.83,4.65,1.31,3.49,0.51,0.52,2022-03-26,Kumba,2022,3,85,12,17.709999999999972,25.75999999999997,76.67999999999999,124.3,-1.2438857986185938,0.9680000000000035,27.07,equatorial
18.95,27.17,32.89,23.97,80.91,2.77,1.88,3.39,0.51,0.51,2022-03-27,Kumba,2022,3,86,12,18.899999999999974,27.549999999999972,79.43,126.60000000000001,-1.23881849887103,1.0713333333333352,27.17,equatorial
18.8,26.77,32.19,23.73,81.76,3.12,2.52,3.8,0.51,0.5,2022-03-28,Kumba,2022,3,87,13,20.789999999999974,29.96999999999997,82.53999999999999,127.77999999999999,-1.2359327738084898,0.6869999999999976,27.17,equatorial
16.34,26.33,31.39,23.38,81.08,4.79,2.48,3.91,0.51,0.51,2022-03-29,Kumba,2022,3,88,13,24.259999999999973,33.379999999999974,87.29,132.18,-1.2267964340573903,0.25799999999999557,27.17,equatorial
18.24,27.43,34.21,23.08,75.21,0.55,1.66,3.63,0.5,0.48,2022-03-30,Kumba,2022,3,89,13,22.549999999999972,32.95999999999997,87.79,132.71,-1.225186553525451,1.3056666666666672,27.43,equatorial
18.12,26.8,31.3,23.61,80.57,2.47,1.72,2.91,0.5,0.49,2022-03-31,Kumba,2022,3,90,13,21.49999999999997,34.40999999999997,90.23,134.3,-1.2215202255737105,0.643333333333338,27.43,equatorial
10.79,25.05,27.75,23.15,90.09,37.07,1.88,2.26,0.53,0.67,2022-04-01,Kumba,2022,4,91,13,55.41999999999997,70.21999999999997,122.09,170.0,-1.1516220013990073,-1.0636666666666663,27.43,equatorial
16.37,24.93,28.24,22.51,87.31,5.78,1.87,3.21,0.57,0.63,2022-04-02,Kumba,2022,4,92,13,56.549999999999976,74.25999999999998,122.02,175.45000000000002,-1.1405335370237681,-1.1599999999999966,27.43,equatorial
16.34,25.13,28.51,23.1,86.45,2.74,1.96,3.05,0.56,0.59,2022-04-03,Kumba,2022,4,93,13,56.519999999999975,75.41999999999996,117.35000000000001,178.17,-1.134757009985731,-0.960333333333331,27.43,equatorial
10.45,25.07,28.59,22.76,84.57,3.27,1.74,3.37,0.56,0.59,2022-04-04,Kumba,2022,4,94,14,56.66999999999997,77.45999999999998,119.34,181.41,-1.127976575472328,-1.0003333333333337,27.43,equatorial
20.06,25.83,30.77,22.91,81.62,5.0,1.75,4.34,0.55,0.58,2022-04-05,Kumba,2022,4,95,14,56.87999999999997,81.13999999999997,122.82,186.04,-1.1185039922029318,-0.28800000000000026,27.43,equatorial
22.42,26.13,30.74,22.63,80.31,2.75,1.9,3.18,0.56,0.58,2022-04-06,Kumba,2022,4,96,14,59.07999999999997,81.62999999999998,124.06,188.48,-1.1132923357728692,-0.03266666666667106,26.8,equatorial
16.55,25.52,29.41,22.92,87.08,4.73,1.73,3.05,0.55,0.59,2022-04-07,Kumba,2022,4,97,14,61.339999999999975,82.83999999999996,127.11,192.02999999999997,-1.1059307059190395,-0.613666666666667,26.13,equatorial
15.38,25.06,27.91,23.16,90.24,8.17,1.97,2.21,0.56,0.62,2022-04-08,Kumba,2022,4,98,14,32.43999999999997,87.85999999999997,126.42,196.11,-1.0975470587878562,-1.0563333333333347,26.13,equatorial
11.21,24.29,27.35,22.39,92.74,15.3,2.44,2.06,0.58,0.68,2022-04-09,Kumba,2022,4,99,14,41.95999999999997,98.50999999999996,131.76,205.61,-1.0786491482024043,-1.7626666666666644,26.13,equatorial
18.51,24.95,30.14,20.91,82.6,2.2,1.94,4.71,0.58,0.62,2022-04-10,Kumba,2022,4,100,14,41.41999999999997,97.93999999999997,128.57,204.17,-1.0810055264990557,-1.0710000000000015,26.13,equatorial
21.13,24.93,28.09,22.69,88.25,3.18,1.53,2.29,0.58,0.63,2022-04-11,Kumba,2022,4,101,15,41.32999999999998,97.99999999999997,129.65,206.74,-1.0755757081984019,-1.0533333333333346,26.13,equatorial
16.04,24.87,27.99,22.81,89.65,6.36,1.63,2.61,0.58,0.64,2022-04-12,Kumba,2022,4,102,15,42.689999999999976,99.56999999999998,135.03,212.53,-1.0639001261424512,-1.109333333333332,26.13,equatorial
17.41,24.18,26.9,22.57,91.18,3.43,2.23,2.16,0.59,0.64,2022-04-13,Kumba,2022,4,103,15,43.369999999999976,102.44999999999996,137.76,215.02,-1.058640402841722,-1.7186666666666675,25.52,equatorial
11.73,24.14,27.54,22.2,88.96,9.56,1.86,3.23,0.6,0.67,2022-04-14,Kumba,2022,4,104,15,48.199999999999974,109.53999999999996,145.94,223.55,-1.0416607507053124,-1.7096666666666671,25.06,equatorial
12.18,24.88,29.11,21.95,86.95,1.43,1.84,4.23,0.59,0.63,2022-04-15,Kumba,2022,4,105,15,41.45999999999997,73.89999999999998,146.4,223.76000000000002,-1.0408452451736454,-0.911999999999999,24.95,equatorial
21.41,25.4,29.02,22.8,86.79,5.1,1.72,4.02,0.59,0.64,2022-04-16,Kumba,2022,4,106,15,31.25999999999997,73.21999999999997,150.48000000000002,224.64000000000001,-1.0387300130694497,-0.35133333333333283,25.4,equatorial
14.95,25.22,28.44,22.99,89.94,11.52,1.68,3.15,0.6,0.68,2022-04-17,Kumba,2022,4,107,15,40.57999999999997,81.99999999999997,160.73999999999998,233.04,-1.0220196137428084,-0.47166666666666757,25.4,equatorial
17.6,24.22,26.24,22.84,94.47,20.74,2.17,1.85,0.61,0.72,2022-04-18,Kumba,2022,4,108,16,58.13999999999997,99.46999999999997,179.74,252.26,-0.9843190132229341,-1.3833333333333364,25.4,equatorial
10.41,24.16,27.49,22.03,87.93,10.7,1.59,2.28,0.65,0.74,2022-04-19,Kumba,2022,4,109,16,62.479999999999976,105.16999999999996,188.85999999999999,262.86,-0.9633787700113875,-1.381999999999998,25.4,equatorial
18.71,24.74,28.36,21.68,85.88,1.36,1.36,3.65,0.64,0.69,2022-04-20,Kumba,2022,4,110,16,60.409999999999975,103.77999999999996,188.99,264.21999999999997,-0.9603904790580046,-0.7506666666666675,25.4,equatorial
16.82,24.96,28.45,22.86,90.54,15.62,1.97,3.95,0.65,0.74,2022-04-21,Kumba,2022,4,111,16,66.46999999999997,114.66999999999997,203.29,279.69,-0.9300122246545497,-0.483666666666668,25.4,equatorial
17.63,24.77,27.52,22.64,90.65,1.0,2.07,3.03,0.65,0.7,2022-04-22,Kumba,2022,4,112,16,66.03999999999996,107.49999999999997,202.03,280.34999999999997,-0.9284060360649696,-0.6293333333333351,25.4,equatorial
15.68,25.02,27.81,23.07,91.7,9.75,1.74,2.3,0.65,0.73,2022-04-23,Kumba,2022,4,113,16,70.68999999999997,101.94999999999996,208.26,289.63,-0.9100654452251439,-0.353666666666669,25.22,equatorial
16.9,24.48,26.52,23.03,94.02,8.86,1.92,1.93,0.66,0.74,2022-04-24,Kumba,2022,4,114,16,68.02999999999997,108.60999999999997,213.97,298.43,-0.8926681544053964,-0.836666666666666,25.02,equatorial
16.53,24.63,27.33,22.32,90.94,3.98,1.67,2.72,0.66,0.72,2022-04-25,Kumba,2022,4,115,17,51.26999999999997,109.40999999999997,213.3,302.41,-0.8846401812120442,-0.6053333333333377,25.02,equatorial
17.92,24.84,28.03,22.71,90.41,2.52,2.08,3.42,0.66,0.72,2022-04-26,Kumba,2022,4,116,17,43.08999999999997,105.56999999999996,213.04999999999998,304.89,-0.8795296662220431,-0.31766666666666765,25.02,equatorial
8.44,24.34,27.19,22.43,91.13,13.04,1.94,3.64,0.67,0.75,2022-04-27,Kumba,2022,4,117,17,54.76999999999997,115.17999999999996,222.96999999999997,317.65000000000003,-0.8544596359821302,-0.7366666666666646,25.02,equatorial
20.04,24.6,27.79,22.24,86.56,1.89,1.26,2.83,0.67,0.72,2022-04-28,Kumba,2022,4,118,17,41.03999999999997,107.50999999999996,220.07,319.46,-0.8506683333269277,-0.41899999999999693,25.02,equatorial
12.33,24.33,27.43,22.07,89.62,3.19,1.55,3.09,0.67,0.72,2022-04-29,Kumba,2022,4,119,17,43.22999999999997,109.26999999999995,222.71,322.63,-0.8442379086789865,-0.5856666666666683,25.02,equatorial
17.56,24.34,27.73,21.93,89.73,1.18,1.34,2.77,0.67,0.71,2022-04-30,Kumba,2022,4,120,17,34.65999999999997,105.34999999999997,221.42,323.81,-0.8416760529750619,-0.49366666666666603,24.84,equatorial
17.08,24.21,26.66,22.32,93.42,6.39,1.94,1.96,0.67,0.73,2022-05-01,Kumba,2022,5,121,17,32.18999999999997,100.21999999999997,190.73999999999998,330.19,-0.8290154366408055,-0.5956666666666628,24.84,equatorial
14.26,24.29,26.72,22.78,93.98,9.49,1.94,2.08,0.68,0.75,2022-05-02,Kumba,2022,5,122,18,37.699999999999974,88.96999999999996,194.45,338.46,-0.8126900309550478,-0.4943333333333335,24.84,equatorial
21.7,25.57,29.46,22.75,86.68,1.91,1.54,4.92,0.68,0.72,2022-05-03,Kumba,2022,5,123,18,37.08999999999997,80.17999999999996,193.62,338.31999999999994,-0.8127102792321896,0.7710000000000008,25.57,equatorial
15.89,24.49,26.6,23.01,91.89,8.83,1.65,2.37,0.68,0.75,2022-05-04,Kumba,2022,5,124,18,32.87999999999997,87.64999999999998,199.18,343.37,-0.8026477056069886,-0.28966666666666896,25.57,equatorial
18.22,25.56,29.52,21.85,86.07,5.07,1.45,5.12,0.68,0.73,2022-05-05,Kumba,2022,5,125,18,36.059999999999974,77.09999999999997,199.25,347.03,-0.7952906792136644,0.7893333333333352,25.57,equatorial
21.26,24.38,26.55,22.8,92.88,3.5,1.88,2.14,0.68,0.74,2022-05-06,Kumba,2022,5,126,18,36.369999999999976,79.59999999999997,200.0,350.51,-0.788286955417142,-0.3323333333333309,25.57,equatorial
15.97,24.69,27.85,22.25,88.48,2.24,1.59,3.4,0.68,0.73,2022-05-07,Kumba,2022,5,127,18,37.429999999999964,72.08999999999997,197.51,352.75,-0.7836961317249129,0.005333333333336299,25.57,equatorial
16.42,25.12,28.65,22.37,88.85,1.26,1.35,3.2,0.68,0.72,2022-05-08,Kumba,2022,5,128,18,32.29999999999997,64.48999999999997,190.6,354.01,-0.7810119850044596,0.43333333333333357,25.57,equatorial
15.04,24.91,27.32,23.18,93.67,4.56,1.7,1.74,0.67,0.73,2022-05-09,Kumba,2022,5,129,19,27.369999999999973,65.06999999999996,179.86,358.57,-0.7719156171262634,0.20266666666666566,25.57,equatorial
15.42,25.2,28.53,23.49,89.94,3.92,1.37,2.66,0.68,0.74,2022-05-10,Kumba,2022,5,130,19,29.37999999999997,66.46999999999997,181.57999999999998,362.49,-0.7640672964029279,0.48433333333333195,25.56,equatorial
16.54,25.12,28.01,23.37,89.29,1.87,1.13,2.87,0.68,0.73,2022-05-11,Kumba,2022,5,131,19,22.41999999999997,55.29999999999997,180.26999999999998,364.30999999999995,-0.7603044891880075,0.39800000000000324,25.56,equatorial
17.31,25.22,28.36,23.14,89.4,2.44,1.37,3.26,0.68,0.72,2022-05-12,Kumba,2022,5,132,19,19.789999999999974,55.849999999999966,176.35,366.63,-0.7555714048715665,0.48633333333333084,25.22,equatorial
13.12,25.19,28.12,23.23,91.02,5.99,1.39,2.71,0.68,0.74,2022-05-13,Kumba,2022,5,133,19,22.27999999999997,58.64999999999997,178.91,372.52,-0.7438998070632268,0.4226666666666681,25.22,equatorial
17.47,25.17,27.93,23.1,91.37,8.43,1.58,2.68,0.68,0.75,2022-05-14,Kumba,2022,5,134,19,28.46999999999997,65.89999999999998,177.77999999999997,380.88,-0.7274305342495213,0.36833333333333584,25.22,equatorial
17.36,25.71,28.97,22.98,86.91,4.55,1.34,4.04,0.69,0.74,2022-05-15,Kumba,2022,5,135,19,31.75999999999997,64.05999999999997,180.89999999999998,385.36,-0.7185125126887013,0.8806666666666665,25.71,equatorial
18.59,25.47,28.78,23.45,90.63,10.67,1.67,3.34,0.69,0.76,2022-05-16,Kumba,2022,5,136,20,37.86999999999997,65.23999999999998,186.46999999999997,395.67,-0.6982602252655203,0.6383333333333319,25.71,equatorial
12.57,24.92,27.58,22.81,91.11,6.84,1.54,2.39,0.7,0.76,2022-05-17,Kumba,2022,5,137,20,40.789999999999964,70.16999999999997,181.79,401.78999999999996,-0.6861645143837964,0.09833333333333627,25.71,equatorial
18.99,24.78,27.21,23.2,89.83,14.19,1.37,2.77,0.71,0.78,2022-05-18,Kumba,2022,5,138,20,53.10999999999997,75.52999999999997,175.23999999999998,415.52,-0.6592704158641478,-0.06033333333332891,25.71,equatorial
13.96,24.28,26.89,22.74,92.5,17.34,1.95,2.89,0.74,0.8,2022-05-19,Kumba,2022,5,139,20,68.00999999999996,87.79999999999995,181.88,432.35,-0.6263540278541471,-0.5643333333333338,25.71,equatorial
12.1,24.38,27.63,22.36,90.37,4.06,2.26,3.48,0.73,0.77,2022-05-20,Kumba,2022,5,140,20,66.07999999999997,88.35999999999996,184.57999999999998,435.97,-0.6191491528279232,-0.4523333333333355,25.71,equatorial
12.37,24.78,27.82,22.64,86.85,9.12,1.46,3.26,0.74,0.79,2022-05-21,Kumba,2022,5,141,20,66.76999999999997,95.23999999999997,178.07999999999998,444.97,-0.6014775130708676,-0.04633333333332956,25.71,equatorial
11.48,23.92,27.0,21.85,90.74,0.87,2.03,3.53,0.73,0.77,2022-05-22,Kumba,2022,5,142,20,63.08999999999997,94.84999999999997,177.95,445.77,-0.5997689030821148,-0.8779999999999966,25.47,equatorial
8.69,23.36,25.32,21.79,93.28,4.18,2.45,2.36,0.73,0.77,2022-05-23,Kumba,2022,5,143,21,56.599999999999966,94.46999999999997,172.38,449.77,-0.5918324566024739,-1.3826666666666654,24.92,equatorial
15.48,23.65,27.16,21.23,88.95,4.67,1.72,4.22,0.73,0.77,2022-05-24,Kumba,2022,5,144,21,54.429999999999964,95.21999999999997,168.19,454.33,-0.5828080169934459,-1.0649999999999977,24.78,equatorial
13.97,24.29,27.86,21.86,87.95,1.25,1.51,4.1,0.73,0.76,2022-05-25,Kumba,2022,5,145,21,41.48999999999997,94.59999999999997,165.45999999999998,455.44,-0.5805025562255882,-0.41366666666666774,24.78,equatorial
13.68,23.83,27.08,21.63,91.86,17.94,2.18,3.59,0.74,0.8,2022-05-26,Kumba,2022,5,146,21,42.089999999999975,110.09999999999997,180.88,473.35999999999996,-0.5454666947722757,-0.8399999999999999,24.78,equatorial
14.09,24.47,28.98,21.97,86.16,9.24,1.01,2.79,0.75,0.8,2022-05-27,Kumba,2022,5,147,21,47.26999999999997,113.34999999999997,177.08,482.59,-0.5273613336281524,-0.20433333333333437,24.78,equatorial
17.04,24.43,28.44,21.49,87.66,7.04,1.49,5.34,0.75,0.79,2022-05-28,Kumba,2022,5,148,21,45.18999999999997,111.95999999999997,182.23,489.59000000000003,-0.5136030107312838,-0.23866666666667058,24.47,equatorial
17.72,24.48,28.43,22.18,90.55,10.55,1.94,4.42,0.75,0.8,2022-05-29,Kumba,2022,5,149,21,54.869999999999976,117.95999999999998,189.59,500.09,-0.493029476378993,-0.19366666666666532,24.48,equatorial
14.67,24.6,27.84,22.46,91.05,22.98,1.36,2.88,0.77,0.83,2022-05-30,Kumba,2022,5,150,22,73.66999999999997,130.26999999999998,211.39,523.04,-0.4482034728111368,-0.08233333333333448,24.6,equatorial
14.47,25.47,29.06,22.66,85.8,10.44,1.26,4.6,0.79,0.82,2022-05-31,Kumba,2022,5,151,22,79.43999999999997,133.86999999999998,215.44,528.2700000000001,-0.4379130061498853,0.7456666666666649,25.47,equatorial
17.19,24.92,28.23,22.61,88.32,9.16,1.33,3.81,0.79,0.82,2022-06-01,Kumba,2022,6,152,22,87.34999999999998,128.83999999999997,215.10999999999999,531.58,-0.4313658895607064,0.17466666666666697,25.47,equatorial
18.39,24.64,27.36,22.68,88.61,1.3,1.17,2.74,0.79,0.8,2022-06-02,Kumba,2022,6,153,22,70.70999999999998,112.79999999999997,214.5,525.4699999999999,-0.4431809798708768,-0.07433333333333181,25.47,equatorial
17.41,24.58,27.76,22.37,89.89,4.5,1.62,3.64,0.78,0.8,2022-06-03,Kumba,2022,6,154,22,65.96999999999997,113.23999999999998,210.17,528.6899999999999,-0.43680593750425034,-0.1373333333333342,25.47,equatorial
15.73,24.74,27.76,22.73,89.87,18.11,1.59,3.34,0.79,0.82,2022-06-04,Kumba,2022,6,155,22,77.03999999999998,122.22999999999998,223.20999999999998,545.28,-0.40436333604605723,0.04999999999999716,25.47,equatorial
14.71,23.04,24.46,21.62,91.0,17.76,2.22,2.08,0.82,0.86,2022-06-05,Kumba,2022,6,156,22,84.24999999999997,139.11999999999998,237.47,561.53,-0.3725874969203218,-1.6053333333333342,25.47,equatorial
14.54,24.46,28.82,20.98,85.16,2.92,1.24,4.14,0.82,0.82,2022-06-06,Kumba,2022,6,157,23,64.18999999999997,137.85999999999996,238.15,562.7700000000001,-0.37009081614823547,-0.17766666666666708,25.47,equatorial
14.73,24.04,27.29,21.54,92.13,6.16,2.29,3.28,0.81,0.82,2022-06-07,Kumba,2022,6,158,23,59.90999999999997,139.34999999999997,243.04999999999998,560.07,-0.37528032599582484,-0.5616666666666674,24.92,equatorial
13.38,23.53,24.86,22.44,96.36,9.03,2.11,1.14,0.82,0.84,2022-06-08,Kumba,2022,6,159,23,59.77999999999997,147.12999999999997,247.51999999999998,559.14,-0.37701599511335543,-1.0256666666666696,24.74,equatorial
12.47,24.05,26.61,22.38,90.52,4.47,1.34,2.52,0.82,0.83,2022-06-09,Kumba,2022,6,160,23,62.94999999999997,133.65999999999997,248.07,558.22,-0.3787320104247718,-0.4673333333333325,24.74,equatorial
19.18,24.69,28.15,22.49,87.53,2.64,1.57,4.02,0.82,0.82,2022-06-10,Kumba,2022,6,161,23,61.08999999999997,127.05999999999997,248.84,558.76,-0.37759846943004255,0.18700000000000472,24.74,equatorial
18.47,24.75,28.24,22.2,88.23,4.34,1.77,5.04,0.82,0.82,2022-06-11,Kumba,2022,6,162,23,47.31999999999998,124.35999999999997,250.74,562.12,-0.3709605395508039,0.26266666666666794,24.75,equatorial
14.55,24.73,28.64,22.16,89.57,3.95,1.36,3.79,0.81,0.82,2022-06-12,Kumba,2022,6,163,23,33.50999999999997,117.75999999999998,248.7,565.37,-0.3645380637519274,0.25800000000000267,24.75,equatorial
15.85,24.11,27.4,21.9,89.35,0.37,1.76,2.78,0.81,0.82,2022-06-13,Kumba,2022,6,164,24,30.95999999999997,95.14999999999998,240.64,564.36,-0.36643431501027635,-0.326666666666668,24.75,equatorial
16.18,24.35,28.09,21.51,90.01,2.24,2.05,4.33,0.81,0.81,2022-06-14,Kumba,2022,6,165,24,27.03999999999997,86.94999999999997,238.33,565.63,-0.3638777925381821,-0.04133333333333056,24.75,equatorial
15.22,24.48,27.6,22.48,92.77,25.39,2.0,2.99,0.81,0.85,2022-06-15,Kumba,2022,6,166,24,43.39999999999998,103.17999999999996,253.05,590.0,-0.3162017482303958,0.12166666666666615,24.75,equatorial
6.02,23.04,24.86,21.31,95.78,34.63,2.31,1.59,0.86,0.89,2022-06-16,Kumba,2022,6,167,24,73.55999999999997,136.50999999999996,280.84000000000003,623.37,-0.2509463404127815,-1.2556666666666665,24.75,equatorial
11.31,22.85,25.51,21.22,92.76,2.77,2.11,2.59,0.86,0.85,2022-06-17,Kumba,2022,6,168,24,73.68999999999997,134.77999999999997,269.42,624.4,-0.2488848346002322,-1.381333333333334,24.75,equatorial
13.25,23.47,26.96,21.05,89.89,3.07,1.42,3.53,0.86,0.85,2022-06-18,Kumba,2022,6,169,24,72.41999999999997,119.73999999999997,255.15,625.89,-0.24592447287233205,-0.7343333333333355,24.73,equatorial
14.25,23.27,26.13,21.51,93.25,8.07,1.88,2.43,0.86,0.85,2022-06-19,Kumba,2022,6,170,24,76.53999999999996,110.04999999999997,259.16,632.73,-0.23250697084595703,-0.8973333333333322,24.48,equatorial
9.35,23.18,26.48,21.25,93.2,25.52,2.01,2.74,0.87,0.88,2022-06-20,Kumba,2022,6,171,25,101.68999999999997,132.64999999999998,275.56,656.9300000000001,-0.18515135884698697,-0.9339999999999975,24.48,equatorial
11.57,23.45,26.37,21.52,92.11,19.49,1.98,2.65,0.89,0.88,2022-06-21,Kumba,2022,6,172,25,118.93999999999997,145.97999999999996,294.18,674.1600000000001,-0.15142558890952929,-0.648333333333337,24.48,equatorial
11.65,23.09,26.53,21.15,92.29,8.81,2.34,3.75,0.89,0.88,2022-06-22,Kumba,2022,6,173,25,102.35999999999999,145.75999999999996,298.81,679.4499999999999,-0.14105152789963746,-0.9993333333333361,23.47,equatorial
14.56,22.93,25.31,21.3,93.12,6.22,1.68,1.98,0.89,0.87,2022-06-23,Kumba,2022,6,174,25,73.94999999999997,147.50999999999996,300.35999999999996,682.52,-0.13502008469691046,-1.1353333333333353,23.47,equatorial
12.01,22.61,24.42,21.26,95.48,10.96,2.12,1.5,0.9,0.88,2022-06-24,Kumba,2022,6,175,25,82.13999999999997,155.82999999999998,310.07,688.83,-0.12264993745468133,-1.3993333333333347,23.47,equatorial
12.65,23.71,27.82,20.92,90.73,8.19,1.99,4.58,0.9,0.88,2022-06-25,Kumba,2022,6,176,25,87.25999999999996,159.67999999999998,300.32,694.25,-0.11202145608027379,-0.29533333333333545,23.71,equatorial
13.31,23.02,25.18,21.48,94.78,20.36,2.17,2.04,0.91,0.9,2022-06-26,Kumba,2022,6,177,25,99.54999999999998,176.08999999999997,311.44000000000005,711.49,-0.07825976002665688,-0.9370000000000012,23.71,equatorial
7.07,22.86,25.8,21.28,90.91,12.77,1.46,2.0,0.92,0.9,2022-06-27,Kumba,2022,6,178,26,86.79999999999997,188.48999999999998,317.17,719.47,-0.06262457755297011,-1.044666666666668,23.71,equatorial
13.5,23.97,27.67,20.75,88.94,7.23,1.64,5.04,0.92,0.89,2022-06-28,Kumba,2022,6,179,26,74.53999999999996,193.47999999999996,313.85,726.15,-0.04953464345927598,0.08233333333333093,23.97,equatorial
16.49,23.78,26.68,21.94,92.07,16.02,2.14,3.65,0.92,0.9,2022-06-29,Kumba,2022,6,180,26,81.74999999999997,184.10999999999999,306.89,739.6999999999999,-0.022991820217930944,-0.08033333333333559,23.97,equatorial
9.71,23.24,25.31,21.58,94.65,15.34,2.13,1.7,0.93,0.91,2022-06-30,Kumba,2022,6,181,26,90.86999999999998,164.81999999999996,311.78999999999996,717.97,-0.06554729810101885,-0.5460000000000029,23.97,equatorial
12.92,22.97,24.98,21.39,92.33,13.56,1.43,1.89,0.93,0.91,2022-07-01,Kumba,2022,7,182,26,93.46999999999997,175.60999999999999,316.19,725.75,-0.050294864258810704,-0.7510000000000012,23.97,equatorial
14.46,23.93,27.75,21.27,85.19,3.98,1.26,4.68,0.93,0.9,2022-07-02,Kumba,2022,7,183,26,89.25999999999998,176.51999999999995,318.87,726.99,-0.047856157232881065,0.23266666666666325,23.97,equatorial
15.13,23.56,26.53,21.43,92.57,8.37,2.35,3.1,0.93,0.9,2022-07-03,Kumba,2022,7,184,26,77.26999999999998,176.81999999999996,322.74,732.0899999999999,-0.0378532527404076,-0.10333333333333528,23.97,equatorial
14.17,23.28,25.27,21.92,95.3,13.86,2.36,1.8,0.94,0.91,2022-07-04,Kumba,2022,7,185,27,78.35999999999997,165.15999999999997,318.49,740.9499999999999,-0.02048076864897168,-0.33466666666666356,23.97,equatorial
11.97,23.7,27.2,21.55,92.2,24.68,2.33,3.85,0.95,0.92,2022-07-05,Kumba,2022,7,186,27,95.80999999999996,170.34999999999997,325.40999999999997,762.8799999999999,0.022513559203632526,0.06333333333333258,23.93,equatorial
15.73,23.09,25.36,21.59,92.8,11.61,1.93,2.64,0.95,0.92,2022-07-06,Kumba,2022,7,187,27,91.39999999999996,173.14999999999998,334.09999999999997,769.76,0.03599915552618733,-0.5010000000000012,23.93,equatorial
12.9,24.08,28.16,21.66,90.01,18.24,1.47,3.87,0.95,0.93,2022-07-07,Kumba,2022,7,188,27,94.29999999999998,185.16999999999996,346.18,779.8299999999999,0.055740545980910654,0.4876666666666658,24.08,equatorial
16.2,24.02,27.96,21.61,91.97,14.93,2.53,4.73,0.96,0.93,2022-07-08,Kumba,2022,7,189,27,95.66999999999997,189.13999999999996,352.08,779.46,0.055004641141370186,0.41133333333333155,24.08,equatorial
10.43,23.45,26.81,21.66,93.37,21.49,2.67,3.91,0.96,0.93,2022-07-09,Kumba,2022,7,190,27,113.17999999999996,202.43999999999997,369.1,798.75,0.09283728288745804,-0.1386666666666656,24.08,equatorial
12.3,22.93,25.29,21.48,93.99,26.13,2.34,2.65,0.97,0.94,2022-07-10,Kumba,2022,7,191,27,130.93999999999997,208.20999999999998,392.59000000000003,821.7,0.1378509739333382,-0.600000000000005,24.08,equatorial
9.82,23.11,26.84,21.02,92.13,25.72,2.81,5.08,0.98,0.95,2022-07-11,Kumba,2022,7,192,28,142.79999999999995,221.15999999999997,413.96999999999997,841.06,0.1758186874397571,-0.3653333333333322,24.08,equatorial
10.58,22.64,25.36,21.01,93.46,47.13,2.12,2.98,0.99,0.96,2022-07-12,Kumba,2022,7,193,28,165.24999999999997,261.05999999999995,457.15,884.76,0.26155933298071393,-0.765666666666668,24.08,equatorial
10.65,22.73,25.16,21.22,94.11,20.08,2.36,3.01,0.99,0.96,2022-07-13,Kumba,2022,7,194,28,173.71999999999997,265.11999999999995,476.86,895.28,0.28216023913160104,-0.6296666666666653,24.08,equatorial
10.34,23.24,26.7,21.12,92.22,19.11,2.64,4.8,0.99,0.96,2022-07-14,Kumba,2022,7,195,28,174.58999999999997,268.89,493.72999999999996,912.96,0.3168178131807014,-0.08266666666666822,24.02,equatorial
9.88,23.11,26.31,21.03,92.75,14.91,2.53,4.32,0.98,0.96,2022-07-15,Kumba,2022,7,196,28,174.56999999999996,270.23999999999995,483.25,922.77,0.33601843846245866,-0.16699999999999804,23.45,equatorial
9.74,23.17,26.46,21.06,91.61,6.73,2.49,5.06,0.98,0.95,2022-07-16,Kumba,2022,7,197,28,159.80999999999995,272.98999999999995,455.35,917.98,0.3265429221675076,-0.1113333333333344,23.24,equatorial
13.57,22.83,25.67,20.91,93.21,9.68,2.18,3.09,0.98,0.95,2022-07-17,Kumba,2022,7,198,28,143.35999999999996,274.29999999999995,462.26,906.9200000000001,0.30475168697074484,-0.45066666666666677,23.24,equatorial
15.31,22.97,26.07,20.93,92.1,7.01,2.57,4.19,0.98,0.95,2022-07-18,Kumba,2022,7,199,29,124.64999999999996,267.45,466.2,903.23,0.29744161040275313,-0.2940000000000005,23.24,equatorial
10.32,22.34,24.87,20.74,93.7,8.71,2.64,2.86,0.97,0.94,2022-07-19,Kumba,2022,7,200,29,86.22999999999998,251.48,466.84,910.5799999999999,0.3118256766649461,-0.8930000000000007,23.24,equatorial
9.88,22.5,25.21,20.69,93.71,13.97,2.65,3.27,0.98,0.95,2022-07-20,Kumba,2022,7,201,29,80.11999999999998,253.83999999999997,455.29,908.93,0.3085208838305468,-0.7103333333333346,23.24,equatorial
7.93,22.61,25.5,20.93,94.29,28.69,2.45,2.65,0.98,0.95,2022-07-21,Kumba,2022,7,202,29,89.69999999999997,264.28999999999996,464.49,936.62,0.3628878403662949,-0.5723333333333365,23.17,equatorial
8.32,22.89,25.78,21.11,94.11,50.48,2.55,3.35,0.99,0.97,2022-07-22,Kumba,2022,7,203,29,125.26999999999998,299.84,506.15999999999997,977.3499999999999,0.4428838339236081,-0.28566666666666407,23.17,equatorial
9.01,22.93,26.12,21.26,93.14,49.85,1.99,3.1,0.99,0.98,2022-07-23,Kumba,2022,7,204,29,168.39,328.2,549.79,1018.3399999999999,0.5233780567977233,-0.24566666666666492,22.97,equatorial
12.95,23.38,27.28,21.01,91.45,8.92,2.16,4.67,0.99,0.97,2022-07-24,Kumba,2022,7,205,29,167.62999999999997,310.98999999999995,547.75,1023.2800000000001,0.5329709192261511,0.1786666666666683,23.38,equatorial
6.82,22.7,24.86,21.49,95.4,18.26,2.5,2.14,0.99,0.97,2022-07-25,Kumba,2022,7,206,30,178.87999999999997,303.53,557.82,1039.02,0.563800363988473,-0.46766666666666623,23.38,equatorial
12.19,22.83,24.89,21.4,94.88,20.73,2.72,2.89,0.99,0.97,2022-07-26,Kumba,2022,7,207,30,190.89999999999998,277.12999999999994,558.19,1046.71,0.5787902951174442,-0.33133333333333326,23.38,equatorial
13.3,23.3,26.33,21.47,93.45,17.01,2.44,3.62,0.99,0.97,2022-07-27,Kumba,2022,7,208,30,193.93999999999997,274.05999999999995,562.4300000000001,1061.8300000000002,0.6083910340761264,0.12400000000000233,23.38,equatorial
13.48,22.94,25.49,21.24,92.47,21.39,2.7,3.94,0.99,0.97,2022-07-28,Kumba,2022,7,209,30,186.64,276.34,576.59,1080.03,0.6440423647954012,-0.20166666666666444,23.38,equatorial
13.74,22.43,25.26,20.54,89.44,38.61,1.81,3.4,0.99,0.97,2022-07-29,Kumba,2022,7,210,30,174.76999999999998,300.03999999999996,599.1800000000001,1117.46,0.7175128130378907,-0.6666666666666679,23.38,equatorial
15.77,22.85,26.01,20.43,92.37,40.78,2.17,3.7,0.99,0.97,2022-07-30,Kumba,2022,7,211,30,165.7,334.09,624.62,1151.85,0.7849733143691723,-0.23366666666666447,23.38,equatorial
8.48,22.83,25.74,21.08,93.53,47.6,2.94,3.92,1.0,0.98,2022-07-31,Kumba,2022,7,212,30,204.38,372.01,658.66,1189.96,0.8597202357680142,-0.24900000000000233,23.3,equatorial
10.55,22.86,26.18,20.78,92.16,41.11,2.8,5.13,1.0,0.98,2022-08-01,Kumba,2022,8,213,31,227.22999999999996,406.11,695.7900000000001,1229.16,0.9365689787517062,-0.18333333333333357,23.3,equatorial
13.73,22.18,25.03,20.24,93.5,21.17,2.32,3.13,1.0,0.98,2022-08-02,Kumba,2022,8,214,31,227.67,418.56999999999994,708.59,1241.5,0.9605277423397897,-0.8173333333333375,23.3,equatorial
13.48,22.32,25.23,20.16,93.02,28.49,2.37,3.78,0.99,0.98,2022-08-03,Kumba,2022,8,215,31,239.14999999999995,433.09,723.22,1264.9199999999998,1.0062668035518703,-0.6453333333333333,22.94,equatorial
13.61,23.1,26.9,20.49,91.12,4.13,2.27,5.42,0.99,0.97,2022-08-04,Kumba,2022,8,216,31,221.89,408.53,702.67,1265.55,1.007141018419098,0.1546666666666674,23.1,equatorial
12.49,23.1,26.6,20.76,92.47,6.43,2.35,3.88,0.99,0.96,2022-08-05,Kumba,2022,8,217,31,189.70999999999995,364.47999999999996,697.49,1269.74,1.0150177545697594,0.15433333333333366,23.1,equatorial
12.84,22.85,25.38,21.24,94.28,13.04,2.75,2.97,0.98,0.96,2022-08-06,Kumba,2022,8,218,31,161.96999999999997,327.66999999999996,692.29,1281.52,1.0378189661852486,-0.05466666666666953,23.1,equatorial
12.8,23.32,26.81,21.1,93.14,14.43,2.79,4.34,0.98,0.96,2022-08-07,Kumba,2022,8,219,31,128.79999999999995,333.18,691.79,1291.3899999999999,1.056845344980897,0.43866666666666987,23.32,equatorial
11.5,23.36,26.62,21.5,93.83,9.37,2.36,3.11,0.98,0.95,2022-08-08,Kumba,2022,8,220,32,97.05999999999997,324.28999999999996,679.67,1296.84,1.0671625023976112,0.4816666666666656,23.36,equatorial
10.55,23.53,27.35,21.45,93.01,30.04,2.61,4.7,0.99,0.96,2022-08-09,Kumba,2022,8,221,32,105.92999999999995,333.59999999999997,683.5799999999999,1325.01,1.1221573729791279,0.6316666666666713,23.53,equatorial
9.67,22.91,25.14,21.23,95.41,38.21,2.67,2.19,0.99,0.97,2022-08-10,Kumba,2022,8,222,32,115.64999999999996,354.8,696.0699999999999,1360.78,1.1920462257616917,0.018333333333334423,23.53,equatorial
5.42,22.8,24.75,21.54,95.54,141.97,2.98,2.49,1.0,0.99,2022-08-11,Kumba,2022,8,223,32,253.48999999999995,475.37999999999994,790.91,1496.76,1.4588627402143313,-0.09699999999999775,23.53,equatorial
11.12,23.07,25.87,21.09,93.71,30.61,2.36,3.17,1.0,0.99,2022-08-12,Kumba,2022,8,224,32,277.66999999999996,467.38,801.44,1518.9399999999998,1.501629268297392,0.1616666666666653,23.53,equatorial
5.95,22.76,24.4,21.59,95.75,18.9,3.32,2.22,1.0,0.98,2022-08-13,Kumba,2022,8,225,32,283.53000000000003,445.49999999999994,801.23,1533.29,1.5289429369891196,-0.1323333333333352,23.53,equatorial
5.47,22.84,25.19,21.53,94.16,7.23,3.62,3.86,0.99,0.98,2022-08-14,Kumba,2022,8,226,32,276.33,405.13,793.5500000000001,1529.8500000000001,1.5212700297709625,-0.043333333333333,23.53,equatorial
11.07,22.47,25.43,20.46,92.85,2.34,2.86,4.44,0.99,0.97,2022-08-15,Kumba,2022,8,227,33,269.3,366.35999999999996,789.1600000000001,1525.35,1.5115284711085935,-0.39000000000000057,23.53,equatorial
15.44,23.09,26.96,20.32,90.21,1.07,1.81,4.6,0.98,0.96,2022-08-16,Kumba,2022,8,228,33,240.32999999999998,346.25999999999993,780.55,1512.2299999999998,1.4848796020315753,0.22133333333333027,23.09,equatorial
13.79,22.9,25.98,20.78,92.52,1.56,1.85,2.71,0.98,0.95,2022-08-17,Kumba,2022,8,229,33,203.68,319.3299999999999,775.1,1496.45,1.4530510175468507,0.03366666666666518,23.09,equatorial
13.58,22.12,24.72,19.81,91.86,3.18,1.82,2.34,0.98,0.95,2022-08-18,Kumba,2022,8,230,33,64.88999999999997,318.37999999999994,769.5699999999999,1495.57,1.4505131516226446,-0.7389999999999972,23.09,equatorial
14.56,22.59,26.15,19.63,90.87,0.44,2.34,4.5,0.97,0.94,2022-08-19,Kumba,2022,8,231,33,34.71999999999997,312.38999999999993,756.0400000000001,1486.8899999999999,1.4326738894508961,-0.272000000000002,23.09,equatorial
9.77,23.4,27.04,21.0,90.58,3.3,2.23,5.27,0.97,0.93,2022-08-20,Kumba,2022,8,232,33,19.119999999999973,302.65,730.65,1489.32,1.4366574771517717,0.5116666666666667,23.4,equatorial
15.43,23.8,27.68,20.77,90.93,4.63,1.96,4.13,0.96,0.93,2022-08-21,Kumba,2022,8,233,33,16.51999999999997,292.84999999999997,684.8,1489.77,1.4367515473648285,0.8813333333333375,23.8,equatorial
9.72,22.93,25.03,21.38,95.43,10.7,2.91,2.2,0.96,0.93,2022-08-22,Kumba,2022,8,234,34,24.87999999999997,294.17999999999995,645.6500000000001,1495.8,1.4477885539667945,0.01133333333332942,23.8,equatorial
10.78,22.78,24.91,21.31,94.65,13.17,2.43,2.12,0.97,0.93,2022-08-23,Kumba,2022,8,235,34,36.97999999999997,277.30999999999995,649.9,1507.7199999999998,1.4703572349117378,-0.11866666666666603,23.8,equatorial
6.29,23.13,26.59,21.03,92.47,24.64,2.2,3.47,0.97,0.94,2022-08-24,Kumba,2022,8,236,34,60.05999999999997,263.73999999999995,656.28,1514.42,1.482658610315795,0.21699999999999875,23.8,equatorial
13.95,23.28,26.63,21.06,92.33,18.25,2.43,3.99,0.97,0.94,2022-08-25,Kumba,2022,8,237,34,75.12999999999997,140.01999999999998,653.8,1523.43,1.4994675734330343,0.3520000000000003,23.8,equatorial
6.73,22.82,25.51,21.24,93.2,55.69,3.16,4.72,0.99,0.97,2022-08-26,Kumba,2022,8,238,34,130.37999999999997,165.09999999999997,692.48,1572.0800000000002,1.593907870721293,-0.09199999999999875,23.8,equatorial
7.28,22.6,25.28,21.11,93.55,31.95,2.69,3.86,0.99,0.96,2022-08-27,Kumba,2022,8,239,34,159.02999999999997,178.14999999999995,703.04,1593.4799999999998,1.6348080193860544,-0.3006666666666682,23.8,equatorial
13.77,22.88,25.55,21.06,92.75,29.69,1.87,2.85,0.99,0.97,2022-08-28,Kumba,2022,8,240,34,184.08999999999997,200.60999999999996,694.12,1600.1899999999998,1.6468712798895797,-0.035666666666667624,23.28,equatorial
14.66,23.55,26.99,21.12,90.62,9.26,1.92,4.53,0.99,0.97,2022-08-29,Kumba,2022,8,241,35,182.64999999999995,207.52999999999997,662.6,1599.01,1.6434699792365484,0.6110000000000007,23.55,equatorial
8.69,23.39,26.94,20.88,91.51,23.14,2.7,5.69,0.99,0.96,2022-08-30,Kumba,2022,8,242,35,192.61999999999998,229.59999999999997,638.14,1612.99,1.6697349070478447,0.43233333333333235,23.55,equatorial
6.19,23.07,25.81,21.39,93.93,18.87,2.21,2.76,0.99,0.96,2022-08-31,Kumba,2022,8,243,35,186.84999999999997,246.90999999999997,615.9,1630.56,1.7029677532801375,0.10533333333333061,23.55,equatorial
8.83,23.11,26.09,21.15,93.0,20.77,2.79,4.24,0.99,0.96,2022-09-01,Kumba,2022,9,244,35,189.36999999999995,264.49999999999994,615.5,1646.83,1.7335894518397796,0.11433333333333096,23.55,equatorial
12.98,22.62,24.83,20.9,94.08,16.25,2.19,2.22,0.99,0.96,2022-09-02,Kumba,2022,9,245,35,149.92999999999995,280.30999999999995,603.26,1644.9699999999998,1.7287162920140586,-0.38566666666666904,23.55,equatorial
16.1,23.2,26.86,20.42,90.76,42.32,2.16,4.95,0.99,0.97,2022-09-03,Kumba,2022,9,246,35,160.29999999999995,319.3299999999999,641.45,1669.53,1.7754628583475285,0.19099999999999895,23.55,equatorial
7.25,23.41,26.89,20.97,91.47,123.19,2.43,5.41,1.0,0.99,2022-09-04,Kumba,2022,9,247,35,253.79999999999995,437.89,758.2099999999999,1789.8,2.008931080331966,0.39066666666666805,23.55,equatorial
14.9,23.24,26.73,20.86,86.33,100.75,1.74,5.21,1.0,0.99,2022-09-05,Kumba,2022,9,248,36,345.28999999999996,527.9399999999999,845.92,1884.3899999999999,2.19159885409867,0.20766666666666467,23.41,equatorial
14.06,23.08,25.89,20.74,91.34,130.28,1.4,2.98,1.0,1.0,2022-09-06,Kumba,2022,9,249,36,452.43,645.05,961.77,2005.6399999999999,2.4255202613478555,0.055666666666663644,23.41,equatorial
14.75,23.57,26.95,21.46,92.84,148.36,2.74,5.37,1.0,1.0,2022-09-07,Kumba,2022,9,250,36,581.9200000000001,768.77,1100.76,2149.5299999999997,2.7024058664697876,0.5386666666666677,23.57,equatorial
12.43,23.46,26.91,21.07,92.51,37.86,2.88,5.89,1.0,0.99,2022-09-08,Kumba,2022,9,251,36,599.01,788.3799999999999,1108.5800000000002,2184.75,2.766807476501119,0.43100000000000094,23.57,equatorial
11.66,23.27,26.08,21.39,92.23,54.3,1.84,3.28,1.0,0.98,2022-09-09,Kumba,2022,9,252,36,637.0600000000001,786.99,1124.67,2234.71,2.8594273915235418,0.2289999999999992,23.57,equatorial
13.89,23.34,26.41,21.23,92.47,53.65,2.18,3.67,1.0,0.99,2022-09-10,Kumba,2022,9,253,36,648.39,808.6899999999999,1036.35,2284.4100000000003,2.9509879598562256,0.2809999999999988,23.57,equatorial
11.95,23.3,26.41,21.32,92.54,31.58,2.55,4.87,1.0,0.98,2022-09-11,Kumba,2022,9,254,36,556.7800000000001,810.58,1037.32,2315.62,3.0062288447547205,0.23333333333333428,23.57,equatorial
12.12,23.5,27.27,20.88,91.77,29.13,2.66,5.78,1.0,0.98,2022-09-12,Kumba,2022,9,255,37,485.15999999999997,830.45,1047.55,2342.51,3.0527681620547504,0.40866666666666873,23.57,equatorial
9.67,23.33,26.03,21.35,92.24,20.16,2.22,4.07,0.99,0.97,2022-09-13,Kumba,2022,9,256,37,375.04,827.47,1060.48,2337.28,3.0371027610988435,0.2223333333333315,23.57,equatorial
14.39,23.71,27.51,21.59,91.42,13.36,1.77,3.96,0.99,0.97,2022-09-14,Kumba,2022,9,257,37,240.04,821.96,1071.5,2316.01,2.9906675796787474,0.5609999999999999,23.71,equatorial
12.44,23.66,26.49,21.81,93.89,15.09,2.59,3.4,0.99,0.97,2022-09-15,Kumba,2022,9,258,37,217.27,816.28,1085.52,2328.33,3.009070513570662,0.4920000000000009,23.71,equatorial
10.87,23.21,25.36,21.66,93.42,18.31,2.03,2.62,0.99,0.97,2022-09-16,Kumba,2022,9,259,37,181.28,818.34,1102.27,2343.5699999999997,3.03295146267844,0.03166666666666629,23.71,equatorial
11.98,23.27,26.48,21.18,92.31,7.59,2.24,4.77,0.99,0.96,2022-09-17,Kumba,2022,9,260,37,135.22,783.61,1106.6799999999998,2343.09,3.026552870696785,0.053333333333334565,23.71,equatorial
10.37,23.53,27.09,21.06,91.77,12.5,2.79,5.74,0.98,0.96,2022-09-18,Kumba,2022,9,261,37,116.14,672.9200000000001,1118.74,2330.07,2.996197600248655,0.2820000000000036,23.71,equatorial
7.68,22.97,25.23,21.62,93.62,23.97,2.19,2.86,0.99,0.96,2022-09-19,Kumba,2022,9,262,38,110.97999999999999,596.14,1139.4099999999999,2334.5499999999997,2.9994656880413975,-0.26366666666666916,23.71,equatorial
16.45,24.01,27.52,21.19,87.93,7.0,1.13,4.57,0.98,0.95,2022-09-20,Kumba,2022,9,263,38,97.82,472.85999999999996,1141.78,2332.74,2.9907065545759672,0.7693333333333356,24.01,equatorial
15.29,23.59,26.73,21.7,93.0,10.86,1.91,2.71,0.98,0.95,2022-09-21,Kumba,2022,9,264,38,95.32,335.36,1141.94,2337.38,2.994286215306845,0.3273333333333319,24.01,equatorial
13.81,23.7,26.84,21.68,92.58,15.3,2.09,3.52,0.98,0.95,2022-09-22,Kumba,2022,9,265,38,95.53,312.79999999999995,1144.07,2341.7200000000003,2.9972667834034894,0.4066666666666663,24.01,equatorial
17.03,24.49,28.51,21.4,88.03,166.19,1.4,5.11,1.0,0.99,2022-09-23,Kumba,2022,9,266,38,243.41,424.68999999999994,1285.6200000000001,2499.7200000000003,3.292006717772594,1.1513333333333335,24.49,equatorial
14.03,23.66,26.56,21.7,92.89,56.4,2.07,3.34,1.0,0.99,2022-09-24,Kumba,2022,9,267,38,292.21999999999997,427.44,1323.77,2535.7599999999998,3.3534005953702604,0.3086666666666673,24.49,equatorial
16.46,23.71,27.42,21.29,92.79,90.74,2.46,4.27,1.0,0.99,2022-09-25,Kumba,2022,9,268,38,370.46,486.5999999999999,1358.82,2613.73,3.4935408134745236,0.3290000000000042,24.49,equatorial
14.74,22.69,25.26,21.47,93.45,30.54,2.71,3.4,1.0,0.99,2022-09-26,Kumba,2022,9,269,39,377.03000000000003,488.00999999999993,1357.4099999999999,2637.04,3.5293640059081683,-0.6939999999999991,24.49,equatorial
15.72,22.57,24.99,21.1,93.37,159.41,2.15,2.99,1.0,0.99,2022-09-27,Kumba,2022,9,270,39,529.44,627.26,1487.13,2780.43,3.7907154882322054,-0.8036666666666648,24.49,equatorial
15.3,22.72,26.4,20.28,91.25,18.35,2.38,5.4,1.0,0.99,2022-09-28,Kumba,2022,9,271,39,536.93,632.25,1496.22,2783.44,3.786095482561646,-0.6260000000000012,24.49,equatorial
14.6,22.77,25.15,20.89,91.39,1.18,1.3,2.46,0.99,0.98,2022-09-29,Kumba,2022,9,272,39,522.8100000000001,618.3399999999999,1474.26,2771.06,3.7527012300183933,-0.5553333333333335,24.49,equatorial
16.0,23.37,26.71,21.02,89.96,9.31,1.23,3.6,0.99,0.97,2022-09-30,Kumba,2022,9,273,39,365.92999999999995,609.3399999999999,1464.7,2776.39,3.752686372212633,0.034666666666669954,23.71,equatorial
14.28,23.66,27.42,21.46,91.33,9.35,1.95,4.41,0.99,0.96,2022-10-01,Kumba,2022,10,274,39,318.88,611.0999999999999,1453.28,2777.37,3.744548679540415,0.30633333333333823,23.71,equatorial
15.69,23.46,27.28,21.04,90.19,2.42,2.06,4.92,0.98,0.96,2022-10-02,Kumba,2022,10,275,39,230.56,601.02,1439.4499999999998,2765.93,3.7133863948665367,0.07833333333333314,23.66,equatorial
14.82,23.51,26.88,21.17,91.01,7.03,2.24,5.06,0.98,0.95,2022-10-03,Kumba,2022,10,276,40,207.05,584.0799999999999,1404.1599999999999,2748.28,3.670987743595449,0.1180000000000021,23.66,equatorial
16.01,23.48,26.28,21.35,90.38,3.04,1.57,2.98,0.97,0.94,2022-10-04,Kumba,2022,10,277,40,50.68,580.1199999999999,1284.01,2739.71,3.6457788086283998,0.08566666666666478,23.66,equatorial
14.73,23.75,27.25,21.65,90.66,9.04,2.03,4.5,0.97,0.94,2022-10-05,Kumba,2022,10,278,40,41.37,578.3,1192.3,2730.51,3.6196242713631137,0.3386666666666649,23.75,equatorial
16.88,23.73,27.0,21.47,90.37,12.65,2.07,4.45,0.97,0.94,2022-10-06,Kumba,2022,10,279,40,52.84,575.65,1074.6699999999998,2728.23,3.6064499653779865,0.2970000000000006,23.75,equatorial
10.14,23.32,27.16,21.13,89.91,18.24,2.09,5.25,0.97,0.94,2022-10-07,Kumba,2022,10,280,40,61.769999999999996,427.69999999999993,944.5500000000001,2724.98,3.591595902463742,-0.10466666666666669,23.75,equatorial
16.8,23.02,27.06,19.83,84.73,7.67,1.51,4.72,0.97,0.94,2022-10-08,Kumba,2022,10,281,40,60.09,378.96999999999997,914.36,2706.52,3.54893715713857,-0.3900000000000041,23.75,equatorial
16.59,23.49,26.56,20.85,85.2,8.7,1.44,3.9,0.97,0.93,2022-10-09,Kumba,2022,10,282,40,66.37,296.92999999999995,868.76,2689.5,3.5092774638086963,0.07266666666666666,23.75,equatorial
16.07,24.1,28.01,20.8,87.94,16.04,1.82,5.2,0.97,0.93,2022-10-10,Kumba,2022,10,283,41,75.38,282.42999999999995,831.15,2658.41,3.4442081059848157,0.6573333333333373,24.1,equatorial
18.68,23.11,25.06,21.74,93.32,18.5,1.8,2.1,0.97,0.94,2022-10-11,Kumba,2022,10,284,41,90.83999999999999,141.51999999999998,818.0699999999999,2656.83,3.4335478303985703,-0.32633333333333425,24.1,equatorial
16.26,24.13,27.99,21.51,89.22,21.81,1.53,4.55,0.98,0.95,2022-10-12,Kumba,2022,10,285,41,103.61,144.97999999999996,810.7499999999999,2659.5299999999997,3.4307637161084696,0.6726666666666645,24.13,equatorial
16.33,24.16,28.16,21.92,90.59,4.28,1.55,4.12,0.97,0.94,2022-10-13,Kumba,2022,10,286,41,95.24,148.07999999999996,794.87,2648.9,3.403742900478809,0.6750000000000007,24.16,equatorial
5.65,23.65,26.41,21.59,92.73,7.27,2.09,3.12,0.97,0.94,2022-10-14,Kumba,2022,10,287,41,84.27,146.03999999999996,788.78,2649.44,3.3972122397111826,0.16699999999999804,24.16,equatorial
13.46,23.59,26.54,21.81,91.7,9.57,2.0,3.6,0.97,0.94,2022-10-15,Kumba,2022,10,288,41,86.16999999999999,146.25999999999996,783.26,2649.33,3.389545089544861,0.1093333333333355,24.16,equatorial
16.48,24.08,27.89,21.42,89.09,8.05,1.71,4.97,0.97,0.93,2022-10-16,Kumba,2022,10,289,41,85.52,151.88999999999996,773.0,2650.37,3.384009101027331,0.570333333333334,24.16,equatorial
17.64,24.21,27.3,22.07,89.39,2.6,1.22,2.82,0.96,0.93,2022-10-17,Kumba,2022,10,290,42,72.08,147.45999999999995,768.01,2644.26,3.3655943580980683,0.6690000000000005,24.21,equatorial
17.5,24.43,27.71,22.34,91.84,21.12,1.54,2.47,0.96,0.93,2022-10-18,Kumba,2022,10,291,42,74.7,165.53999999999996,776.6299999999999,2651.41,3.371218556087865,0.8589999999999982,24.43,equatorial
7.79,23.96,26.09,22.56,94.41,41.64,2.04,2.38,0.98,0.96,2022-10-19,Kumba,2022,10,292,42,94.53,198.14,794.3000000000001,2664.36,3.3872229506054037,0.35600000000000165,24.43,equatorial
9.8,23.96,25.63,22.64,96.3,33.37,2.87,1.77,0.99,0.96,2022-10-20,Kumba,2022,10,293,42,123.62,218.85999999999996,820.6700000000001,2647.25,3.3490992771939494,0.3576666666666668,24.43,equatorial
11.87,23.91,26.71,21.92,90.45,3.19,1.84,3.88,0.99,0.96,2022-10-21,Kumba,2022,10,294,42,119.54,203.80999999999995,813.0,2600.5899999999997,3.2582685746877873,0.2970000000000006,24.43,equatorial
15.1,24.6,28.42,21.9,89.17,6.95,1.8,5.49,0.98,0.95,2022-10-22,Kumba,2022,10,295,42,116.91999999999999,203.08999999999997,804.65,2598.6200000000003,3.248121634579751,0.9569999999999972,24.6,equatorial
9.21,24.25,27.16,22.44,92.09,28.9,1.72,3.18,0.98,0.96,2022-10-23,Kumba,2022,10,296,42,137.76999999999998,223.28999999999996,667.36,2609.2599999999998,3.260581819147734,0.6149999999999984,24.6,equatorial
17.95,24.8,28.08,22.16,89.49,3.79,1.62,4.41,0.98,0.95,2022-10-24,Kumba,2022,10,297,43,138.96,211.03999999999996,614.75,2592.3199999999997,3.2237225556844855,1.126999999999999,24.8,equatorial
10.24,24.05,25.78,22.65,95.47,4.27,1.34,1.1,0.98,0.95,2022-10-25,Kumba,2022,10,298,43,122.11,196.80999999999995,528.28,2579.58,3.1946049338969162,0.36566666666666947,24.8,equatorial
15.24,24.95,29.72,21.25,86.99,2.89,1.5,5.66,0.97,0.94,2022-10-26,Kumba,2022,10,299,43,83.36,177.89,500.63,2561.08,3.155437379790101,1.190333333333335,24.95,equatorial
13.47,23.52,25.92,22.14,91.16,3.18,1.89,2.72,0.97,0.94,2022-10-27,Kumba,2022,10,300,43,53.17,176.79,344.40000000000003,2525.65,3.0864513147216845,-0.27133333333333454,24.95,equatorial
11.52,23.95,27.62,20.88,88.88,19.31,1.45,3.12,0.97,0.94,2022-10-28,Kumba,2022,10,301,43,69.28999999999999,188.82999999999998,345.36,2504.18,3.042683553701778,0.11766666666666481,24.95,equatorial
13.41,23.6,25.99,22.08,91.58,47.62,1.43,2.2,0.98,0.96,2022-10-29,Kumba,2022,10,302,43,109.96,226.87999999999997,391.8,2504.2,3.037271723757729,-0.26000000000000156,24.95,equatorial
16.25,24.91,28.61,22.03,87.87,16.59,1.28,4.78,0.99,0.96,2022-10-30,Kumba,2022,10,303,43,97.65,235.41999999999996,399.08,2479.68,2.9884637849846327,0.998666666666665,24.95,equatorial
13.31,25.23,29.4,22.62,87.9,18.29,1.14,4.62,0.98,0.96,2022-10-31,Kumba,2022,10,304,44,112.14999999999999,251.10999999999996,408.02,2476.7999999999997,2.9781975842519968,1.266333333333332,25.23,equatorial
18.49,25.26,29.95,22.46,84.05,15.78,1.48,2.53,0.99,0.96,2022-11-01,Kumba,2022,11,305,44,123.66,245.76999999999995,421.38,2464.09,2.950640009191568,1.2363333333333344,25.26,equatorial
11.06,24.05,26.29,22.67,91.85,9.6,1.27,1.71,0.99,0.96,2022-11-02,Kumba,2022,11,306,44,130.37,213.72999999999996,423.95,2469.56,2.955289447002757,0.00833333333333286,25.26,equatorial
13.33,23.29,24.76,21.83,96.24,10.49,2.3,1.4,0.98,0.96,2022-11-03,Kumba,2022,11,307,44,137.67999999999998,190.84999999999997,431.40000000000003,2473.62,2.9574236046876696,-0.7453333333333347,25.26,equatorial
16.62,23.6,25.89,21.53,92.89,6.34,1.34,1.59,0.98,0.96,2022-11-04,Kumba,2022,11,308,44,124.71,193.99999999999997,428.7,2466.92,2.940625048609798,-0.4303333333333299,25.26,equatorial
18.57,24.81,28.95,22.35,86.68,6.3,1.15,3.75,0.98,0.96,2022-11-05,Kumba,2022,11,309,44,83.39,193.34999999999997,422.35,2458.79,2.9214118727835814,0.743666666666666,25.26,equatorial
15.81,24.08,27.34,22.34,90.06,7.67,1.27,3.13,0.98,0.95,2022-11-06,Kumba,2022,11,310,44,74.47,172.11999999999998,411.78000000000003,2457.09,2.9135823561964775,-0.011666666666666714,25.26,equatorial
19.96,24.96,29.15,21.95,88.19,2.03,1.24,4.11,0.98,0.95,2022-11-07,Kumba,2022,11,311,45,58.21,170.35999999999996,406.14,2429.08,2.8597182690938743,0.8036666666666683,25.26,equatorial
17.85,25.5,29.35,22.63,86.74,0.62,1.6,5.12,0.97,0.93,2022-11-08,Kumba,2022,11,312,45,43.050000000000004,166.70999999999998,398.06,2391.49,2.7893921383062326,1.2766666666666637,25.5,equatorial
15.11,24.57,27.55,23.02,93.95,12.35,3.0,2.8,0.97,0.93,2022-11-09,Kumba,2022,11,313,45,45.8,176.16999999999996,394.37,2261.8700000000003,2.5585448396978876,0.3309999999999995,25.5,equatorial
15.02,23.97,25.46,22.61,95.27,10.2,2.24,1.3,0.97,0.94,2022-11-10,Kumba,2022,11,314,45,45.51,183.18999999999994,386.07,2241.46,2.5195297826435725,-0.2976666666666681,25.5,equatorial
16.18,24.59,29.01,21.24,87.99,1.61,1.32,4.32,0.97,0.93,2022-11-11,Kumba,2022,11,315,45,40.78,165.48999999999995,365.86999999999995,2224.17,2.486129749761353,0.3069999999999986,25.5,equatorial
16.54,24.45,27.46,22.66,90.43,5.05,1.63,3.33,0.96,0.93,2022-11-12,Kumba,2022,11,316,45,39.529999999999994,122.91999999999997,366.64,2221.99,2.479224621312126,0.15733333333333377,25.5,equatorial
16.43,24.01,26.67,22.01,92.59,4.07,1.48,2.56,0.96,0.93,2022-11-13,Kumba,2022,11,317,45,35.93,110.39999999999998,363.44,2223.72,2.4791606896041127,-0.2946666666666644,25.5,equatorial
13.3,25.19,29.12,22.17,86.43,0.91,1.93,5.28,0.96,0.92,2022-11-14,Kumba,2022,11,318,46,34.809999999999995,93.01999999999997,354.78,2223.56,2.4758048637298224,0.8320000000000007,25.5,equatorial
14.68,24.75,28.66,22.43,88.38,1.87,0.93,3.35,0.95,0.91,2022-11-15,Kumba,2022,11,319,46,36.06,79.10999999999997,348.6,2223.87,2.4732791991801744,0.36966666666666725,25.19,equatorial
17.43,23.85,26.56,21.7,93.15,5.98,2.39,3.2,0.95,0.91,2022-11-16,Kumba,2022,11,320,46,29.689999999999998,75.48999999999997,351.98,2226.6699999999996,2.4750900097014834,-0.5183333333333309,25.19,equatorial
17.93,23.65,27.35,21.6,92.8,2.3,1.74,2.55,0.95,0.91,2022-11-17,Kumba,2022,11,321,46,21.790000000000003,67.29999999999998,333.15999999999997,2228.5299999999997,2.4752592740889794,-0.6923333333333339,25.19,equatorial
18.18,24.33,28.08,22.15,90.87,1.09,1.91,4.02,0.95,0.91,2022-11-18,Kumba,2022,11,322,46,21.27,62.049999999999976,292.61,2226.32,2.4683654243987068,-0.02466666666666839,25.19,equatorial
14.56,23.97,26.79,22.01,92.03,8.75,1.72,2.75,0.94,0.91,2022-11-19,Kumba,2022,11,323,46,24.97,64.49999999999997,267.99,2230.44,2.4724708918586993,-0.38500000000000156,25.19,equatorial
16.08,24.38,28.03,21.77,88.14,1.28,1.69,3.21,0.94,0.9,2022-11-20,Kumba,2022,11,324,46,22.18,58.10999999999997,266.08,2221.02,2.4531089626463243,0.009333333333330529,25.19,equatorial
16.18,24.78,28.64,22.13,86.44,0.86,1.13,3.85,0.94,0.9,2022-11-21,Kumba,2022,11,325,47,22.130000000000003,56.93999999999997,259.99,2208.71,2.428824911245485,0.403333333333336,24.78,equatorial
16.74,25.26,29.31,22.2,83.44,0.73,1.09,4.93,0.93,0.89,2022-11-22,Kumba,2022,11,326,47,20.990000000000002,57.04999999999997,231.81999999999996,2184.8,2.384580345818845,0.8496666666666712,25.26,equatorial
19.95,24.76,29.24,21.12,84.92,0.21,1.45,4.87,0.92,0.89,2022-11-23,Kumba,2022,11,327,47,15.22,44.909999999999975,228.23999999999998,2166.76,2.3506493648073414,0.35100000000000264,25.26,equatorial
18.81,24.96,30.19,20.66,83.61,0.22,1.85,5.68,0.91,0.88,2022-11-24,Kumba,2022,11,328,47,13.14,34.92999999999997,224.19,2111.29,2.2522112336770213,0.520666666666667,25.26,equatorial
18.26,25.17,29.41,22.21,86.05,0.78,1.39,4.73,0.9,0.87,2022-11-25,Kumba,2022,11,329,47,12.83,34.09999999999997,222.07999999999998,2080.12,2.1960496602324855,0.7233333333333363,25.26,equatorial
17.72,24.7,28.99,22.16,87.76,0.88,1.41,3.87,0.9,0.87,2022-11-26,Kumba,2022,11,330,47,4.96,29.929999999999975,219.77999999999997,2051.31,2.144142482757042,0.21399999999999864,25.26,equatorial
16.06,24.12,27.26,22.02,91.76,0.52,1.99,2.76,0.89,0.87,2022-11-27,Kumba,2022,11,331,47,4.2,26.37999999999997,200.98999999999998,2042.57,2.126998994838945,-0.37166666666666615,25.26,equatorial
14.93,24.01,26.85,22.68,91.02,0.56,1.96,2.16,0.89,0.87,2022-11-28,Kumba,2022,11,332,48,3.9,26.029999999999973,153.93,2019.99,2.0860612257102735,-0.4953333333333312,25.26,equatorial
15.76,24.06,26.63,21.96,89.42,0.36,1.72,2.22,0.89,0.86,2022-11-29,Kumba,2022,11,333,48,3.5300000000000002,24.51999999999997,137.7,2001.48,2.052254008444571,-0.41699999999999804,25.17,equatorial
16.61,24.4,27.43,22.2,89.77,0.23,1.31,2.58,0.88,0.86,2022-11-30,Kumba,2022,11,334,48,3.5500000000000003,18.76999999999997,119.64,1980.94,2.0150492577216137,-0.04933333333333678,25.17,equatorial
15.13,24.62,27.57,22.57,88.5,0.5,1.3,2.7,0.88,0.86,2022-12-01,Kumba,2022,12,335,48,3.83,16.96999999999997,104.36,1965.19,1.9861889605534586,0.19200000000000017,25.17,equatorial
16.36,23.79,26.16,21.81,89.26,0.12,1.79,1.49,0.88,0.86,2022-12-02,Kumba,2022,12,336,48,3.17,15.999999999999972,94.88,1922.9899999999998,1.9119148156200596,-0.6293333333333351,24.7,equatorial
17.17,24.06,26.53,21.85,88.66,0.02,1.26,1.85,0.87,0.85,2022-12-03,Kumba,2022,12,337,48,2.31,7.269999999999972,84.41000000000001,1799.8200000000002,1.69858167187551,-0.384999999999998,24.62,equatorial
17.03,24.91,29.32,22.54,89.17,0.07,1.24,2.44,0.87,0.85,2022-12-04,Kumba,2022,12,338,48,1.86,6.059999999999971,78.14,1699.14,1.524315497811509,0.42133333333332956,24.91,equatorial
18.21,25.53,29.8,22.66,86.57,0.04,1.19,3.73,0.86,0.85,2022-12-05,Kumba,2022,12,339,49,1.3399999999999999,5.239999999999972,71.88000000000001,1568.9,1.2994648393081936,1.0173333333333332,25.53,equatorial
17.49,24.69,27.25,23.26,92.1,0.06,1.5,1.8,0.86,0.85,2022-12-06,Kumba,2022,12,340,49,1.04,4.569999999999972,64.27,1420.6,1.0437759683238172,0.15700000000000003,25.53,equatorial
14.23,24.22,27.36,22.41,91.34,2.77,1.66,2.2,0.86,0.85,2022-12-07,Kumba,2022,12,341,49,3.58,7.1299999999999715,65.01,1385.51,0.9830325339434189,-0.288333333333334,25.53,equatorial
17.57,24.39,27.58,21.75,86.18,2.2,0.99,2.13,0.86,0.85,2022-12-08,Kumba,2022,12,342,49,5.28,9.109999999999971,66.59,1333.4099999999999,0.8930614175678492,-0.08133333333333326,25.53,equatorial
18.12,24.51,28.6,21.08,86.0,1.7,1.7,4.07,0.86,0.84,2022-12-09,Kumba,2022,12,343,49,6.86,10.029999999999971,55.940000000000005,1281.46,0.8033944110187721,0.04066666666667018,25.53,equatorial
19.81,24.81,29.77,20.88,83.69,0.24,1.56,4.52,0.85,0.84,2022-12-10,Kumba,2022,12,344,49,7.08,9.389999999999972,45.98,1250.12,0.7492333460900908,0.31266666666666154,25.53,equatorial
18.27,24.46,28.49,21.74,86.97,1.47,1.47,3.78,0.85,0.84,2022-12-11,Kumba,2022,12,345,49,8.48,10.339999999999971,45.839999999999996,1222.46,0.7014260139513017,-0.03300000000000125,25.53,equatorial
18.45,24.55,29.23,20.91,83.29,3.82,1.29,4.36,0.84,0.84,2022-12-12,Kumba,2022,12,346,50,12.259999999999998,13.599999999999971,44.61,1206.12,0.6731196605994094,0.053666666666668306,24.81,equatorial
19.15,24.26,28.99,20.94,86.34,3.59,1.69,4.33,0.84,0.84,2022-12-13,Kumba,2022,12,347,50,15.79,16.82999999999997,44.13,1196.35,0.656132272558567,-0.2446666666666637,24.81,equatorial
17.54,24.41,28.59,21.45,83.48,2.78,1.24,4.1,0.84,0.83,2022-12-14,Kumba,2022,12,348,50,15.8,19.37999999999997,46.0,1184.04,0.6347767858144564,-0.06866666666666532,24.81,equatorial
16.44,24.15,27.92,20.68,85.84,1.5,1.4,3.29,0.83,0.83,2022-12-15,Kumba,2022,12,349,50,15.1,20.37999999999997,45.63,1167.2299999999998,0.6056785746480703,-0.3086666666666673,24.81,equatorial
17.74,24.25,27.81,22.01,87.87,2.1,1.25,2.66,0.83,0.83,2022-12-16,Kumba,2022,12,350,50,15.5,22.35999999999997,41.75,1161.74,0.5960818703597518,-0.2220000000000013,24.81,equatorial
13.04,24.04,27.2,21.96,89.57,1.12,1.33,1.87,0.83,0.83,2022-12-17,Kumba,2022,12,351,50,16.38,23.459999999999972,40.57,1150.36,0.5763431233957576,-0.44500000000000384,24.55,equatorial
16.14,24.05,27.57,21.86,86.24,0.41,1.64,2.18,0.83,0.83,2022-12-18,Kumba,2022,12,352,50,15.319999999999999,23.79999999999997,39.88999999999999,1126.8,0.5356282162704556,-0.42566666666666464,24.55,equatorial
19.37,23.75,28.22,19.99,83.51,0.02,1.76,4.64,0.82,0.82,2022-12-19,Kumba,2022,12,353,51,11.520000000000001,23.779999999999973,31.16,1119.82,0.5234848413378212,-0.7183333333333302,24.41,equatorial
18.12,24.2,28.32,21.45,83.73,0.31,1.3,3.39,0.82,0.82,2022-12-20,Kumba,2022,12,354,51,8.24,24.029999999999973,30.189999999999998,1109.27,0.5051926264482559,-0.2623333333333342,24.41,equatorial
14.34,24.07,28.19,20.73,84.21,0.18,1.62,3.85,0.81,0.81,2022-12-21,Kumba,2022,12,355,51,5.640000000000001,21.43999999999997,29.509999999999998,1094.1499999999999,0.47902832355349234,-0.36866666666666603,24.25,equatorial
15.57,23.26,25.31,21.7,89.7,0.01,2.07,1.9,0.81,0.81,2022-12-22,Kumba,2022,12,356,51,4.15,19.24999999999997,28.79,927.9699999999999,0.19250261849301029,-1.1119999999999983,24.25,equatorial
16.99,23.3,26.48,20.99,87.09,0.0,1.65,2.93,0.8,0.81,2022-12-23,Kumba,2022,12,357,51,2.0500000000000003,17.549999999999972,28.580000000000002,871.5699999999999,0.09523742703788148,-1.0233333333333334,24.2,equatorial
17.26,24.07,28.0,20.47,84.84,0.0,1.44,3.79,0.8,0.8,2022-12-24,Kumba,2022,12,358,51,0.9299999999999999,17.309999999999974,28.36,780.8299999999999,-0.061238708010651566,-0.2236666666666629,24.2,equatorial
19.06,24.46,28.64,20.8,81.76,0.0,1.89,4.71,0.79,0.8,2022-12-25,Kumba,2022,12,359,51,0.52,15.839999999999971,27.58,750.29,-0.11389602927502773,0.19000000000000128,24.46,equatorial
16.24,24.47,28.88,20.62,81.2,0.0,1.77,4.7,0.78,0.79,2022-12-26,Kumba,2022,12,360,52,0.5,12.019999999999971,26.7,590.88,-0.388825161556955,0.20766666666666467,24.47,equatorial
19.81,24.71,29.8,19.76,76.51,0.03,1.99,5.1,0.78,0.78,2022-12-27,Kumba,2022,12,361,52,0.22,8.459999999999972,26.21,572.56,-0.420349716687363,0.4280000000000008,24.71,equatorial
21.41,24.96,29.96,20.26,73.91,0.01,2.1,5.57,0.77,0.78,2022-12-28,Kumba,2022,12,362,52,0.05,5.689999999999972,25.66,571.39,-0.4222834809598617,0.6463333333333345,24.96,equatorial
19.78,24.75,30.12,19.85,80.26,0.03,1.66,4.98,0.76,0.77,2022-12-29,Kumba,2022,12,363,52,0.07,4.219999999999971,25.330000000000002,562.11,-0.43821024949791165,0.413333333333334,24.96,equatorial
20.01,25.06,29.79,21.03,79.15,0.01,2.03,4.96,0.75,0.77,2022-12-30,Kumba,2022,12,364,52,0.08,2.1299999999999715,25.11,552.77,-0.4542384492002317,0.7013333333333307,25.06,equatorial
18.33,24.74,30.22,19.72,75.58,0.01,1.55,4.94,0.74,0.76,2022-12-31,Kumba,2022,12,365,52,0.09,1.0199999999999716,24.62,550.36,-0.4583040717353796,0.37733333333333263,25.06,equatorial
19.8,24.89,30.12,20.13,78.51,0.01,1.68,4.87,0.73,0.75,2023-01-01,Kumba,2023,1,1,52,0.1,0.6199999999999717,24.509999999999998,543.34,-0.47032649452286385,0.4906666666666659,25.06,equatorial
17.86,24.39,28.48,20.86,83.13,0.03,1.58,3.4,0.72,0.75,2023-01-02,Kumba,2023,1,2,1,0.13,0.6299999999999716,24.52,540.3299999999999,-0.4754245493925041,-0.020333333333333314,25.06,equatorial
19.77,24.91,29.72,20.64,80.18,0.06,1.63,4.48,0.72,0.74,2023-01-03,Kumba,2023,1,3,1,0.16,0.3799999999999716,24.509999999999998,531.35,-0.4908293457716149,0.4996666666666698,25.06,equatorial
20.68,24.34,29.42,20.4,81.3,0.04,1.98,4.27,0.71,0.74,2023-01-04,Kumba,2023,1,4,1,0.19,0.23999999999997157,24.51,518.74,-0.5124997007010719,-0.03066666666666862,25.06,equatorial
18.66,24.54,29.04,21.63,85.88,0.42,1.51,3.54,0.7,0.73,2023-01-05,Kumba,2023,1,5,1,0.58,0.6499999999999715,24.869999999999997,500.92,-0.5431634593882363,0.17433333333333323,25.06,equatorial
18.28,24.73,28.98,21.83,85.76,0.31,1.85,3.03,0.7,0.73,2023-01-06,Kumba,2023,1,6,1,0.88,0.9599999999999715,22.41,493.56,-0.5557551088348223,0.3473333333333315,24.91,equatorial
19.78,24.88,29.15,22.03,81.29,0.11,1.6,3.55,0.7,0.73,2023-01-07,Kumba,2023,1,7,1,0.98,1.0699999999999716,20.32,484.96999999999997,-0.5704687228205484,0.4809999999999981,24.91,equatorial
19.42,24.88,29.83,20.91,78.23,0.08,1.38,4.38,0.69,0.72,2023-01-08,Kumba,2023,1,8,1,1.05,1.1499999999999715,18.7,469.01,-0.5979107401928343,0.4686666666666639,24.91,equatorial
18.57,24.98,29.79,20.92,81.83,0.17,1.39,4.12,0.68,0.71,2023-01-09,Kumba,2023,1,9,2,1.19,1.3199999999999716,18.63,450.67999999999995,-0.6294404252234318,0.5630000000000024,24.98,equatorial
17.87,24.4,29.54,20.73,81.21,0.18,1.85,4.12,0.67,0.71,2023-01-10,Kumba,2023,1,10,2,1.31,1.4699999999999716,17.34,429.04999999999995,-0.6666630297512743,-0.015000000000000568,24.98,equatorial
17.78,24.96,29.94,21.72,81.73,0.65,1.63,4.26,0.67,0.7,2023-01-11,Kumba,2023,1,11,2,1.9200000000000002,2.1099999999999715,14.169999999999998,425.42,-0.6727713376892142,0.5313333333333325,24.98,equatorial
19.73,24.52,29.29,21.54,82.99,0.41,1.72,4.2,0.66,0.69,2023-01-12,Kumba,2023,1,12,2,1.91,2.489999999999972,10.989999999999998,418.56,-0.6844595578968662,0.08266666666666467,24.98,equatorial
21.52,25.14,30.38,21.2,80.09,0.07,1.38,4.15,0.65,0.69,2023-01-13,Kumba,2023,1,13,2,1.6700000000000002,2.5499999999999714,8.28,409.05999999999995,-0.7007065953792202,0.6783333333333346,25.14,equatorial
17.11,25.04,30.3,21.32,79.53,0.4,1.25,4.33,0.65,0.68,2023-01-14,Kumba,2023,1,14,2,1.96,2.939999999999972,7.18,401.41,-0.7137507173224092,0.5486666666666657,25.14,equatorial
18.87,24.62,29.91,20.93,83.51,0.95,1.65,3.63,0.64,0.67,2023-01-15,Kumba,2023,1,15,2,2.83,3.8799999999999715,6.03,399.76,-0.7164193629870546,0.1163333333333334,25.14,equatorial
20.09,24.66,29.18,21.88,84.16,0.12,1.64,2.95,0.64,0.67,2023-01-16,Kumba,2023,1,16,3,2.7800000000000002,3.9699999999999718,5.03,378.76,-0.7525359379083687,0.1356666666666655,25.14,equatorial
17.32,24.88,30.23,20.4,82.47,0.1,1.77,4.08,0.63,0.66,2023-01-17,Kumba,2023,1,17,3,2.6999999999999997,4.009999999999971,4.72,337.22,-0.8241446607571093,0.32799999999999585,25.14,equatorial
17.01,25.1,29.88,21.96,83.26,0.16,1.5,3.5,0.63,0.65,2023-01-18,Kumba,2023,1,18,3,2.21,4.1299999999999715,4.86,304.01,-0.8813187324474874,0.5030000000000001,25.14,equatorial
17.95,24.93,29.99,21.72,84.26,0.26,1.71,3.48,0.62,0.65,2023-01-19,Kumba,2023,1,19,3,2.06,3.9699999999999718,4.81,301.08,-0.8861176432055556,0.3086666666666673,25.14,equatorial
18.07,25.04,29.78,22.03,83.51,0.25,1.62,3.53,0.61,0.64,2023-01-20,Kumba,2023,1,20,3,2.24,3.9099999999999717,4.88,294.38,-0.8974314453944768,0.386333333333333,25.1,equatorial
16.77,25.12,30.01,21.87,84.31,0.01,1.81,3.58,0.61,0.63,2023-01-21,Kumba,2023,1,21,3,1.85,3.8099999999999716,4.88,265.48999999999995,-0.9470999851934129,0.40433333333333366,25.12,equatorial
16.86,25.43,30.38,22.66,82.58,0.01,1.3,3.43,0.6,0.63,2023-01-22,Kumba,2023,1,22,3,0.9100000000000001,3.739999999999972,4.890000000000001,261.71000000000004,-0.9533295371072183,0.6433333333333309,25.43,equatorial
18.53,25.68,30.87,22.38,81.17,0.0,1.51,4.04,0.6,0.61,2023-01-23,Kumba,2023,1,23,4,0.7900000000000001,3.569999999999972,4.890000000000001,257.44,-0.9604024216847701,0.8396666666666661,25.68,equatorial
18.66,26.0,31.81,22.14,80.17,0.0,1.6,4.22,0.59,0.6,2023-01-24,Kumba,2023,1,24,4,0.6900000000000002,3.3899999999999717,4.890000000000001,254.54999999999998,-0.9650852684124411,1.1083333333333343,26.0,equatorial
18.53,25.19,29.01,23.01,85.18,0.01,1.37,2.32,0.58,0.6,2023-01-25,Kumba,2023,1,25,4,0.5400000000000001,2.7499999999999716,4.9,251.38,-0.9702493121105124,0.27433333333333465,26.0,equatorial
19.65,25.54,30.37,22.46,83.11,1.27,1.45,3.42,0.58,0.6,2023-01-26,Kumba,2023,1,26,4,1.5500000000000003,3.6099999999999715,6.14,233.33999999999997,-1.0011168670969723,0.5966666666666676,26.0,equatorial
17.1,25.19,29.01,22.74,86.57,1.55,1.66,2.56,0.58,0.6,2023-01-27,Kumba,2023,1,27,4,2.8500000000000005,5.089999999999971,7.68,187.27,-1.08041685774069,0.23900000000000077,26.0,equatorial
15.05,24.7,27.7,22.73,88.29,1.55,2.36,2.1,0.58,0.61,2023-01-28,Kumba,2023,1,28,4,4.390000000000001,6.239999999999972,9.2,172.23,-1.1060170293742697,-0.24933333333333607,26.0,equatorial
18.64,25.12,29.58,21.99,83.52,1.69,1.75,3.0,0.58,0.6,2023-01-29,Kumba,2023,1,29,4,6.07,6.979999999999972,10.88,155.63,-1.1342919955593636,0.1686666666666703,26.0,equatorial
15.37,24.84,28.29,22.64,88.37,2.14,1.94,1.87,0.58,0.61,2023-01-30,Kumba,2023,1,30,5,8.21,8.999999999999972,13.010000000000002,141.99,-1.157426375892412,-0.1146666666666647,26.0,equatorial
17.73,24.52,27.17,22.82,90.58,0.2,1.69,1.35,0.58,0.6,2023-01-31,Kumba,2023,1,31,5,8.41,9.099999999999973,13.200000000000001,132.58999999999997,-1.1732123968638422,-0.42233333333333434,25.54,equatorial
18.26,24.82,27.68,22.76,87.71,0.04,1.56,1.49,0.57,0.59,2023-02-01,Kumba,2023,2,32,5,8.440000000000001,8.979999999999972,13.209999999999999,122.14,-1.1907980512077654,-0.13666666666666316,25.54,equatorial
18.95,25.25,29.17,22.46,84.36,0.02,1.4,2.27,0.57,0.59,2023-02-02,Kumba,2023,2,33,5,7.19,8.739999999999972,13.170000000000002,115.82000000000001,-1.2012308808601428,0.28200000000000003,25.25,equatorial
19.22,25.57,30.47,21.76,81.91,0.01,1.54,2.44,0.57,0.58,2023-02-03,Kumba,2023,2,34,5,5.65,8.499999999999972,13.14,109.53,-1.2116017556680105,0.5609999999999999,25.57,equatorial
16.04,25.34,29.43,22.91,85.78,0.03,1.73,2.12,0.56,0.57,2023-02-04,Kumba,2023,2,35,5,4.13,8.519999999999971,12.75,101.89,-1.2242945362614235,0.30433333333333223,25.57,equatorial
18.5,24.88,28.64,22.76,88.34,5.23,1.85,2.11,0.56,0.6,2023-02-05,Kumba,2023,2,36,5,7.670000000000001,13.739999999999972,17.67,105.09,-1.2182499281822827,-0.16066666666666762,25.57,equatorial
18.25,25.25,29.42,22.8,85.73,6.3,1.59,3.0,0.57,0.62,2023-02-06,Kumba,2023,2,37,6,11.83,20.03999999999997,23.86,110.77,-1.207927905229963,0.19699999999999918,25.57,equatorial
17.81,25.95,31.52,22.64,81.37,6.33,1.57,4.43,0.57,0.62,2023-02-07,Kumba,2023,2,38,6,17.96,26.369999999999973,30.110000000000003,104.75,-1.2178234886415802,0.8613333333333344,25.95,equatorial
19.99,25.81,30.91,22.83,83.27,5.35,1.72,4.17,0.58,0.62,2023-02-08,Kumba,2023,2,39,6,23.270000000000003,31.709999999999972,35.29,99.9,-1.2256887018697078,0.6936666666666653,25.95,equatorial
20.43,26.1,31.25,22.94,82.32,4.31,1.61,4.4,0.58,0.62,2023-02-09,Kumba,2023,2,40,6,27.56,34.74999999999997,39.42,102.6,-1.2205087101233678,0.9269999999999996,26.1,equatorial
21.35,26.4,32.01,23.07,79.45,0.16,1.66,4.11,0.57,0.58,2023-02-10,Kumba,2023,2,41,6,27.71,33.35999999999997,38.93,97.71000000000001,-1.2284394335955373,1.1789999999999985,26.4,equatorial
20.37,26.49,32.62,22.06,77.49,0.03,1.45,4.1,0.56,0.57,2023-02-11,Kumba,2023,2,42,6,27.709999999999997,31.83999999999997,38.55,93.66999999999999,-1.234894655757716,1.2033333333333296,26.49,equatorial
20.35,26.6,32.99,22.51,78.84,0.04,1.69,3.87,0.55,0.55,2023-02-12,Kumba,2023,2,43,6,22.52,30.18999999999997,38.519999999999996,92.8,-1.2358708779380496,1.2646666666666668,26.6,equatorial
20.16,26.34,32.2,22.83,78.17,0.03,1.6,3.11,0.55,0.55,2023-02-13,Kumba,2023,2,44,7,16.249999999999996,28.07999999999997,38.15,90.96,-1.2385206167816762,0.9613333333333323,26.6,equatorial
19.14,25.86,30.99,22.6,79.07,0.03,1.69,2.58,0.54,0.54,2023-02-14,Kumba,2023,2,45,7,9.95,27.90999999999997,37.230000000000004,85.01,-1.2482616310376917,0.4399999999999977,26.6,equatorial
19.5,25.85,31.52,21.74,76.58,0.0,1.69,3.43,0.54,0.53,2023-02-15,Kumba,2023,2,46,7,4.6,27.869999999999973,37.11,82.71000000000001,-1.2516932305752002,0.3903333333333343,26.6,equatorial
19.17,26.18,32.06,21.18,72.66,0.0,1.81,3.29,0.53,0.52,2023-02-16,Kumba,2023,2,47,7,0.29,27.849999999999973,37.01,81.62,-1.2530332814556369,0.6770000000000032,26.6,equatorial
19.54,26.78,33.4,21.85,66.25,0.0,1.98,3.61,0.53,0.51,2023-02-17,Kumba,2023,2,48,7,0.13,27.83999999999997,36.85,72.87,-1.2675892191965736,1.2209999999999965,26.78,equatorial
19.55,26.76,35.18,19.82,61.97,0.0,2.24,3.61,0.52,0.5,2023-02-18,Kumba,2023,2,49,7,0.1,27.809999999999974,36.59,71.59,-1.2692416258196313,1.1400000000000006,26.78,equatorial
17.92,27.03,34.56,21.62,71.63,0.0,1.61,3.42,0.51,0.49,2023-02-19,Kumba,2023,2,50,7,0.06,22.57999999999997,36.34,70.73,-1.270167824715037,1.3436666666666675,27.03,equatorial
20.17,27.13,33.6,23.45,74.72,0.01,1.51,2.88,0.51,0.48,2023-02-20,Kumba,2023,2,51,8,0.04,16.28999999999997,36.339999999999996,70.01,-1.2708516579764135,1.3766666666666652,27.13,equatorial
18.99,26.9,32.95,22.78,76.53,0.11,1.86,2.59,0.51,0.48,2023-02-21,Kumba,2023,2,52,8,0.12,10.06999999999997,36.44,69.91000000000001,-1.2704655339315196,1.0976666666666688,27.13,equatorial
14.62,26.46,30.73,23.69,80.23,0.37,2.03,2.06,0.5,0.48,2023-02-22,Kumba,2023,2,53,8,0.49,5.089999999999971,36.81,70.06,-1.2696488156144152,0.6316666666666677,27.13,equatorial
15.17,26.01,29.84,23.81,83.42,0.35,2.02,1.59,0.5,0.48,2023-02-23,Kumba,2023,2,54,8,0.84,1.1299999999999715,37.16,69.63000000000001,-1.2698332624446744,0.18133333333333468,27.13,equatorial
16.64,26.39,31.57,22.97,80.62,0.2,1.95,2.02,0.5,0.48,2023-02-24,Kumba,2023,2,55,8,1.04,1.1699999999999715,37.35,68.94999999999999,-1.2704486938387565,0.5213333333333345,27.13,equatorial
16.17,25.99,30.01,23.63,84.18,8.02,2.04,2.58,0.5,0.53,2023-02-25,Kumba,2023,2,56,8,9.059999999999999,9.159999999999972,44.099999999999994,76.45,-1.2569608218965866,0.10633333333333184,27.13,equatorial
16.05,26.74,32.51,23.21,79.39,6.53,1.61,3.75,0.51,0.54,2023-02-26,Kumba,2023,2,57,8,15.59,15.649999999999974,49.08,82.42,-1.2461248877842566,0.8046666666666624,27.13,equatorial
16.88,26.29,30.63,23.45,83.91,7.67,1.86,3.0,0.52,0.55,2023-02-27,Kumba,2023,2,58,9,23.25,23.28999999999997,55.199999999999996,89.72999999999999,-1.2329904251909107,0.30166666666666586,26.9,equatorial
15.72,25.32,28.21,23.51,87.59,3.05,2.12,1.56,0.52,0.55,2023-02-28,Kumba,2023,2,59,9,26.189999999999998,26.30999999999997,56.56,92.55,-1.2276086383628935,-0.6750000000000007,26.74,equatorial
18.35,25.96,30.46,22.94,82.82,2.84,1.93,2.65,0.52,0.53,2023-03-01,Kumba,2023,3,60,9,28.659999999999997,29.14999999999997,57.26,94.88999999999999,-1.2230596940066465,-0.07233333333333292,26.74,equatorial
15.48,24.9,27.17,23.5,89.25,2.91,1.65,1.04,0.53,0.55,2023-03-02,Kumba,2023,3,61,9,31.22,32.059999999999974,59.97,97.68,-1.217739905824393,-1.1450000000000031,26.74,equatorial
17.18,25.39,28.82,23.19,85.02,2.36,1.44,1.69,0.53,0.54,2023-03-03,Kumba,2023,3,62,9,33.379999999999995,34.41999999999997,62.29,100.02,-1.2132009846668343,-0.674000000000003,26.74,equatorial
10.23,24.85,27.46,22.72,88.72,6.45,1.4,1.65,0.53,0.57,2023-03-04,Kumba,2023,3,63,9,31.810000000000002,40.86999999999997,68.72,106.4,-1.2017051770450675,-1.2006666666666668,26.74,equatorial
16.85,25.59,29.59,23.12,87.99,5.72,1.62,2.07,0.54,0.58,2023-03-05,Kumba,2023,3,64,9,31.0,46.58999999999997,74.42999999999999,112.08,-1.1914266695698181,-0.46133333333333226,26.29,equatorial
3.97,25.18,27.18,23.81,93.42,7.91,2.78,1.34,0.55,0.6,2023-03-06,Kumba,2023,3,65,10,31.24,54.489999999999974,82.30999999999999,119.93,-1.1774192118906286,-0.8659999999999997,25.96,equatorial
17.64,25.07,28.19,23.25,89.67,11.41,2.26,2.24,0.56,0.63,2023-03-07,Kumba,2023,3,66,10,39.599999999999994,65.78999999999998,88.49000000000001,128.57,-1.1620637039423762,-0.9823333333333295,25.96,equatorial
16.74,25.08,28.45,22.83,90.67,16.51,2.19,2.43,0.58,0.68,2023-03-08,Kumba,2023,3,67,10,53.27,81.92999999999998,98.69999999999999,142.88,-1.136953749688923,-0.9666666666666686,25.59,equatorial
12.1,24.82,26.91,23.39,94.23,15.12,1.62,1.23,0.6,0.71,2023-03-09,Kumba,2023,3,68,10,65.48,96.69999999999997,107.49,156.29999999999998,-1.1133985561955215,-1.1890000000000036,25.59,equatorial
8.97,24.99,27.73,22.94,89.98,7.92,1.55,2.2,0.61,0.68,2023-03-10,Kumba,2023,3,69,10,71.03999999999999,104.41999999999997,110.06,163.98000000000002,-1.0997512670541403,-0.9916666666666671,25.59,equatorial
14.59,25.09,28.26,22.5,82.0,6.2,1.02,2.46,0.62,0.68,2023-03-11,Kumba,2023,3,70,10,70.78999999999999,102.59999999999998,111.95,168.71,-1.0911969895334748,-0.857999999999997,25.59,equatorial
19.3,25.03,28.72,22.06,82.86,0.85,1.31,3.31,0.61,0.65,2023-03-12,Kumba,2023,3,71,10,65.92,96.91999999999997,112.64,165.73999999999998,-1.0959139363448391,-0.8723333333333301,25.18,equatorial
20.07,24.72,27.83,22.72,86.99,1.09,1.66,2.3,0.61,0.64,2023-03-13,Kumba,2023,3,72,11,59.1,90.33999999999997,113.7,163.24,-1.0998176019147199,-1.1233333333333313,25.09,equatorial
16.74,24.67,27.54,22.62,87.87,2.15,1.51,2.42,0.6,0.65,2023-03-14,Kumba,2023,3,73,11,49.839999999999996,89.43999999999998,115.81,162.61,-1.1004971529523389,-1.1089999999999982,25.09,equatorial
15.86,24.45,26.93,22.74,90.48,10.08,1.81,2.04,0.6,0.67,2023-03-15,Kumba,2023,3,74,11,43.41,96.67999999999998,125.86,171.19,-1.0853124611551128,-1.2660000000000018,25.09,equatorial
13.91,23.97,26.84,21.37,85.87,0.58,1.61,2.57,0.61,0.66,2023-03-16,Kumba,2023,3,75,11,28.87,94.34999999999998,126.41000000000001,169.67,-1.087536263516044,-1.6830000000000034,25.09,equatorial
18.68,25.03,30.01,20.57,80.14,0.11,1.97,4.45,0.61,0.64,2023-03-17,Kumba,2023,3,76,11,21.060000000000002,92.09999999999998,126.52000000000001,168.66000000000003,-1.0888800245423456,-0.5956666666666663,25.09,equatorial
13.2,23.94,25.85,22.04,88.56,1.33,1.64,1.8,0.6,0.64,2023-03-18,Kumba,2023,3,77,11,16.19,86.97999999999998,127.85000000000001,169.57999999999998,-1.0868987870994131,-1.6110000000000007,25.03,equatorial
11.63,23.41,25.71,21.85,87.02,1.09,1.57,1.77,0.6,0.64,2023-03-19,Kumba,2023,3,78,11,16.43,82.34999999999998,128.94,170.65,-1.084660888732142,-2.028666666666666,25.03,equatorial
17.3,24.39,28.35,20.89,82.09,0.23,1.39,3.16,0.6,0.63,2023-03-20,Kumba,2023,3,79,12,15.57,74.66999999999999,129.17000000000002,170.57,-1.0844054104066638,-0.9696666666666651,25.03,equatorial
10.43,23.91,26.05,22.21,89.83,2.79,1.13,1.4,0.59,0.64,2023-03-21,Kumba,2023,3,80,12,16.21,66.04999999999997,131.96,173.18,-1.0795176188495261,-1.3456666666666663,25.03,equatorial
19.89,24.7,29.08,21.27,84.39,0.89,1.38,3.23,0.6,0.63,2023-03-22,Kumba,2023,3,81,12,7.0200000000000005,50.42999999999997,132.84,174.06,-1.0776130162848603,-0.4746666666666677,25.03,equatorial
16.67,24.05,26.48,22.25,91.41,0.94,1.76,1.59,0.59,0.63,2023-03-23,Kumba,2023,3,82,12,7.38,36.24999999999997,133.67000000000002,175.0,-1.0756066782799965,-1.0296666666666638,25.03,equatorial
3.81,23.43,25.37,21.72,94.5,2.44,1.75,1.11,0.59,0.64,2023-03-24,Kumba,2023,3,83,12,9.71,30.769999999999975,135.74,177.44,-1.0710189296279153,-1.5486666666666657,24.7,equatorial
20.53,23.72,26.79,21.46,90.45,1.92,2.05,2.28,0.59,0.64,2023-03-25,Kumba,2023,3,84,12,10.3,26.489999999999974,137.31,179.36,-1.0673302387335282,-1.182333333333336,24.7,equatorial
19.9,23.43,26.0,21.79,91.89,2.97,1.62,1.71,0.59,0.64,2023-03-26,Kumba,2023,3,85,12,12.18,28.60999999999997,140.08,182.33,-1.0618363704070148,-1.3736666666666686,24.7,equatorial
18.62,24.26,27.14,22.33,88.28,4.01,1.2,2.23,0.59,0.64,2023-03-27,Kumba,2023,3,86,13,15.959999999999999,31.529999999999973,136.07,186.31,-1.0546075420518348,-0.4859999999999971,24.7,equatorial
17.48,25.36,30.42,22.26,83.19,14.28,1.47,3.4,0.61,0.7,2023-03-28,Kumba,2023,3,87,13,27.45,43.659999999999975,143.82,200.57999999999998,-1.0296651796089349,0.6600000000000001,25.36,equatorial
15.18,24.68,27.88,22.75,89.45,2.19,1.6,2.77,0.61,0.66,2023-03-29,Kumba,2023,3,88,13,28.75,35.76999999999997,138.34,202.74,-1.0255934205899344,0.03366666666666518,25.36,equatorial
19.7,25.95,31.01,22.53,82.84,4.47,1.42,4.94,0.61,0.66,2023-03-30,Kumba,2023,3,89,13,32.28,39.65999999999997,139.76000000000002,207.2,-1.0175640991286754,1.2826666666666675,25.95,equatorial
15.21,24.17,26.46,22.75,93.91,3.35,1.96,1.48,0.61,0.66,2023-03-31,Kumba,2023,3,90,13,33.19,42.89999999999997,140.27,210.54,-1.0114689837900088,-0.43766666666666154,25.95,equatorial
16.62,25.22,30.08,21.65,83.18,1.14,1.19,4.01,0.61,0.65,2023-04-01,Kumba,2023,4,91,13,32.41,42.70999999999997,138.5,211.67000000000002,-1.009183649542583,0.6016666666666666,25.95,equatorial
18.55,25.01,28.01,22.48,85.65,3.44,1.04,2.26,0.6,0.65,2023-04-02,Kumba,2023,4,92,13,32.879999999999995,45.05999999999997,139.57999999999998,215.08,-1.002973885529566,0.4043333333333372,25.95,equatorial
5.21,24.92,27.67,23.09,91.35,8.41,1.38,1.93,0.61,0.68,2023-04-03,Kumba,2023,4,93,14,37.28,53.239999999999974,141.54,223.43,-0.9882617460456178,0.31200000000000117,25.95,equatorial
17.75,24.66,26.89,23.23,92.45,8.57,1.77,1.9,0.63,0.71,2023-04-04,Kumba,2023,4,94,14,31.57,59.019999999999975,144.39000000000001,231.95999999999998,-0.9732491763637333,0.08299999999999841,25.95,equatorial
21.19,25.26,28.6,23.01,89.22,0.74,1.23,2.29,0.62,0.67,2023-04-05,Kumba,2023,4,95,14,30.119999999999997,58.86999999999997,137.22,232.28,-0.9723840993801015,0.680333333333337,25.95,equatorial
13.17,24.94,27.63,23.22,92.71,7.98,1.9,2.16,0.62,0.69,2023-04-06,Kumba,2023,4,96,14,33.63,65.90999999999997,133.79,239.95,-0.9588624551954317,0.36466666666666825,25.26,equatorial
22.12,25.16,28.58,22.97,91.24,3.93,1.82,2.87,0.63,0.69,2023-04-07,Kumba,2023,4,97,14,34.21,67.39999999999998,121.21000000000001,243.77,-0.9519792320726971,0.5820000000000007,25.26,equatorial
16.7,25.3,28.95,22.98,91.04,4.03,2.16,3.25,0.63,0.68,2023-04-08,Kumba,2023,4,98,14,37.1,69.50999999999996,110.12,247.72,-0.9448763433172315,0.7060000000000031,25.3,equatorial
6.34,24.51,26.93,23.13,93.61,24.96,2.65,2.53,0.66,0.77,2023-04-09,Kumba,2023,4,99,14,58.620000000000005,91.49999999999997,127.16,272.51,-0.9018865763803656,-0.06799999999999784,25.3,equatorial
18.15,24.65,27.81,22.51,90.38,1.78,1.84,2.86,0.66,0.71,2023-04-10,Kumba,2023,4,100,15,51.99000000000001,89.26999999999998,122.74,274.11,-0.8988603284602077,0.086666666666666,25.3,equatorial
13.12,24.1,26.84,22.53,91.82,3.46,1.82,2.33,0.66,0.71,2023-04-11,Kumba,2023,4,101,15,46.88,78.44999999999997,125.35000000000001,276.91999999999996,-0.8937517220898155,-0.43233333333333235,25.3,equatorial
19.41,25.35,29.14,22.45,86.18,0.39,1.38,4.25,0.65,0.7,2023-04-12,Kumba,2023,4,102,15,46.53000000000001,76.64999999999996,124.65,276.90000000000003,-0.893520392199677,0.7966666666666669,25.35,equatorial
18.53,25.74,30.01,22.91,88.38,3.51,1.49,3.7,0.65,0.7,2023-04-13,Kumba,2023,4,103,15,42.06,75.68999999999997,126.00999999999999,280.34000000000003,-0.8873294517275034,1.1509999999999998,25.74,equatorial
9.57,25.49,28.83,23.35,89.86,10.01,1.63,2.21,0.66,0.73,2023-04-14,Kumba,2023,4,104,15,48.14,82.34999999999998,125.94,289.95,-0.8705135145677276,0.8663333333333298,25.74,equatorial
17.94,25.49,28.4,23.4,90.84,2.54,1.64,2.57,0.66,0.71,2023-04-15,Kumba,2023,4,105,15,46.65,83.74999999999997,127.9,291.53999999999996,-0.8675217734077935,0.8156666666666652,25.74,equatorial
17.35,25.51,28.4,23.49,90.14,9.33,1.38,2.71,0.66,0.73,2023-04-16,Kumba,2023,4,106,15,31.02,89.63999999999997,137.12,300.75,-0.8514043069553474,0.8196666666666665,25.74,equatorial
22.47,25.24,27.78,23.42,89.33,20.61,1.32,2.89,0.69,0.78,2023-04-17,Kumba,2023,4,107,16,49.849999999999994,101.83999999999997,156.39999999999998,321.26,-0.8158261286404805,0.5063333333333304,25.74,equatorial
20.51,25.8,28.97,23.1,85.59,4.12,1.36,3.61,0.69,0.74,2023-04-18,Kumba,2023,4,108,16,50.51,97.38999999999997,159.43,325.21999999999997,-0.8087789247119384,0.9866666666666681,25.8,equatorial
11.83,25.91,29.09,23.7,88.51,31.39,1.12,3.08,0.71,0.81,2023-04-19,Kumba,2023,4,109,16,81.50999999999999,128.03999999999996,190.59,356.35,-0.7549174752188011,1.046000000000003,25.91,equatorial
21.75,25.95,29.9,23.34,89.38,26.27,1.6,3.6,0.73,0.81,2023-04-20,Kumba,2023,4,110,16,104.27000000000001,146.32999999999998,214.07,382.37,-0.7098815743346669,1.0179999999999971,25.95,equatorial
17.11,25.16,28.1,23.41,92.38,15.83,2.14,2.92,0.78,0.82,2023-04-21,Kumba,2023,4,111,16,110.09,158.22999999999996,229.01,398.19,-0.6824399242972989,0.21266666666666723,25.95,equatorial
15.16,24.96,28.3,22.69,91.39,1.77,2.17,3.39,0.77,0.79,2023-04-22,Kumba,2023,4,112,16,109.32,155.96999999999997,229.84,399.95000000000005,-0.6792414572116308,-0.01766666666666694,25.95,equatorial
18.96,24.78,27.45,23.14,90.69,2.29,1.99,3.15,0.76,0.79,2023-04-23,Kumba,2023,4,113,16,102.28,133.29999999999998,229.69,402.24,-0.6751304012335317,-0.2426666666666648,25.95,equatorial
18.84,25.87,30.01,22.17,84.21,0.47,1.74,4.77,0.75,0.77,2023-04-24,Kumba,2023,4,114,17,82.14,131.98999999999998,228.24,402.71000000000004,-0.6741582888494727,0.7756666666666696,25.95,equatorial
6.95,25.11,27.89,23.08,90.46,0.79,1.56,2.07,0.75,0.78,2023-04-25,Kumba,2023,4,115,17,78.81,129.31999999999996,226.06,403.48999999999995,-0.6726520525023689,-0.04033333333333289,25.95,equatorial
20.01,25.14,28.01,23.2,90.41,1.51,1.69,3.14,0.74,0.77,2023-04-26,Kumba,2023,4,116,17,48.93,130.43999999999997,223.56,403.73,-0.6720774501844572,-0.03966666666666541,25.95,equatorial
10.64,24.06,26.16,22.45,93.03,2.86,1.96,2.13,0.74,0.78,2023-04-27,Kumba,2023,4,117,17,25.52,129.78999999999996,212.14000000000001,405.03999999999996,-0.6696579235735592,-1.0763333333333343,25.87,equatorial
18.85,24.94,28.79,22.08,88.74,1.7,1.86,4.5,0.74,0.77,2023-04-28,Kumba,2023,4,118,17,11.39,121.47999999999996,211.64999999999998,405.19000000000005,-0.6692397237810841,-0.2049999999999983,25.87,equatorial
12.45,23.99,25.61,22.59,93.88,5.71,2.36,2.15,0.74,0.78,2023-04-29,Kumba,2023,4,119,17,15.33,124.64999999999998,212.89,409.21000000000004,-0.6621468532279758,-1.0896666666666661,25.87,equatorial
16.75,23.99,26.59,22.33,90.51,3.21,1.85,3.12,0.74,0.78,2023-04-30,Kumba,2023,4,120,17,16.25,118.52999999999997,212.75,410.28,-0.6601446460076169,-1.0836666666666694,25.87,equatorial
16.87,24.02,27.25,22.11,89.49,11.65,1.77,3.93,0.75,0.8,2023-05-01,Kumba,2023,5,121,18,27.43,109.56999999999998,223.26000000000002,421.73,-0.6402364535070583,-1.0136666666666656,25.14,equatorial
10.84,23.95,26.82,22.1,91.3,10.28,1.45,2.36,0.75,0.8,2023-05-02,Kumba,2023,5,122,18,36.92,115.72999999999998,230.10000000000002,431.96999999999997,-0.622421182425511,-1.0483333333333356,25.14,equatorial
21.93,24.73,27.96,22.15,88.59,6.34,1.82,4.27,0.76,0.8,2023-05-03,Kumba,2023,5,123,18,41.74999999999999,90.67999999999996,228.03,438.29,-0.6113743444843418,-0.26200000000000045,24.94,equatorial
15.66,25.25,28.91,22.07,87.18,4.57,1.67,4.75,0.76,0.79,2023-05-04,Kumba,2023,5,124,18,43.459999999999994,68.97999999999998,224.03,442.85,-0.6033674334688675,0.23833333333333329,25.25,equatorial
18.37,24.65,27.56,22.82,91.04,7.16,2.1,3.35,0.76,0.8,2023-05-05,Kumba,2023,5,125,18,48.92,60.30999999999997,230.45000000000002,449.97999999999996,-0.5909269971070458,-0.3413333333333348,25.25,equatorial
16.26,23.91,26.18,22.49,91.77,20.34,1.94,2.85,0.78,0.83,2023-05-06,Kumba,2023,5,126,18,63.55,78.87999999999997,242.81,465.09000000000003,-0.5647153617375693,-1.0470000000000006,25.25,equatorial
13.88,24.95,28.55,22.12,88.82,3.16,1.72,4.13,0.78,0.8,2023-05-07,Kumba,2023,5,127,18,63.5,79.74999999999997,242.04,461.95,-0.570013731128268,0.0,25.25,equatorial
21.51,25.37,28.91,22.59,88.25,1.53,1.48,3.91,0.78,0.79,2023-05-08,Kumba,2023,5,128,19,53.379999999999995,80.80999999999997,239.54,457.15000000000003,-0.5781769291034574,0.4176666666666655,25.37,equatorial
17.67,24.82,27.21,22.96,92.67,4.12,1.89,2.34,0.77,0.8,2023-05-09,Kumba,2023,5,129,19,47.22,84.13999999999997,218.70000000000002,455.92,-0.5801742888991294,-0.14266666666666694,25.37,equatorial
8.11,24.74,27.48,22.94,92.59,2.9,1.98,2.47,0.77,0.8,2023-05-10,Kumba,2023,5,130,19,43.78,85.52999999999997,219.82,454.51,-0.5824820907008097,-0.2256666666666689,25.37,equatorial
19.83,25.65,29.46,23.0,86.69,2.66,1.46,4.15,0.77,0.79,2023-05-11,Kumba,2023,5,131,19,41.87,85.32999999999997,219.02,457.01000000000005,-0.5780368182776026,0.6326666666666654,25.65,equatorial
19.52,25.51,28.6,23.19,89.66,4.22,1.84,3.73,0.77,0.79,2023-05-12,Kumba,2023,5,132,19,38.92999999999999,87.84999999999997,222.85000000000002,461.2,-0.5706735842572073,0.4873333333333356,25.65,equatorial
17.42,26.46,31.02,23.02,85.23,2.68,1.68,4.15,0.77,0.79,2023-05-13,Kumba,2023,5,133,19,21.27,84.81999999999998,222.01999999999998,463.84,-0.5659894407067266,1.413333333333334,26.46,equatorial
14.0,26.55,30.56,24.01,87.92,6.23,1.11,3.44,0.77,0.8,2023-05-14,Kumba,2023,5,134,19,24.34,87.83999999999997,218.24,470.04,-0.5551560491773606,1.468,26.55,equatorial
15.41,25.98,29.05,23.8,91.66,4.88,2.09,3.79,0.77,0.79,2023-05-15,Kumba,2023,5,135,20,27.689999999999998,81.06999999999998,220.58,474.89000000000004,-0.5466574109377401,0.8816666666666677,26.55,equatorial
17.99,25.69,28.71,23.52,91.75,8.48,2.0,3.57,0.77,0.81,2023-05-16,Kumba,2023,5,136,20,32.05,79.26999999999998,219.73,483.37,-0.5318877464410614,0.5856666666666683,26.55,equatorial
15.11,25.53,28.49,23.64,90.73,5.61,1.72,3.86,0.77,0.8,2023-05-17,Kumba,2023,5,137,20,34.76,78.53999999999998,204.73000000000002,488.98,-0.5220808508629019,0.4160000000000039,26.55,equatorial
19.05,25.82,29.53,23.32,89.7,7.25,1.5,4.17,0.77,0.8,2023-05-18,Kumba,2023,5,138,20,39.35,81.21999999999998,207.86,496.23,-0.5094410649205466,0.705333333333332,26.55,equatorial
19.19,26.18,30.11,23.68,90.63,17.38,1.94,4.5,0.78,0.83,2023-05-19,Kumba,2023,5,139,20,52.50999999999999,91.43999999999997,193.85,513.61,-0.4792918953642231,1.0563333333333311,26.55,equatorial
11.19,25.26,26.95,23.94,95.42,23.62,2.21,1.71,0.81,0.85,2023-05-20,Kumba,2023,5,140,20,73.44999999999999,94.71999999999997,191.20000000000002,537.23,-0.4383585386350898,0.1593333333333362,26.55,equatorial
16.88,24.99,27.18,23.25,94.65,13.91,1.91,1.7,0.83,0.85,2023-05-21,Kumba,2023,5,141,20,81.13000000000001,105.46999999999997,189.28,551.13,-0.41423772167401385,-0.10500000000000398,26.18,equatorial
12.41,25.25,29.07,22.45,90.8,4.34,2.01,4.8,0.83,0.83,2023-05-22,Kumba,2023,5,142,21,80.59,108.27999999999997,191.85,555.36,-0.40684309425851733,0.14533333333333331,26.18,equatorial
18.04,25.43,28.38,23.33,91.07,6.23,1.4,2.24,0.82,0.83,2023-05-23,Kumba,2023,5,143,21,78.34,110.38999999999997,195.79,561.22,-0.39662993736548535,0.30366666666666475,26.18,equatorial
17.86,25.46,28.28,23.55,92.63,5.7,1.7,2.55,0.83,0.83,2023-05-24,Kumba,2023,5,144,21,78.42999999999999,113.18999999999997,201.02,566.57,-0.38730009617342837,0.34733333333333505,26.18,equatorial
15.72,25.16,27.78,23.42,93.26,6.52,1.89,2.77,0.83,0.83,2023-05-25,Kumba,2023,5,145,21,77.69999999999999,117.04999999999997,206.75,572.89,-0.37629293289493426,0.045666666666665634,26.18,equatorial
16.62,25.67,29.4,23.38,91.59,4.75,2.27,4.07,0.83,0.83,2023-05-26,Kumba,2023,5,146,21,65.07,117.57999999999997,209.99,569.62,-0.3818813362906148,0.5380000000000003,25.67,equatorial
12.65,25.13,28.0,23.4,93.74,6.46,2.63,3.25,0.83,0.83,2023-05-27,Kumba,2023,5,147,21,47.91,121.35999999999997,213.59,569.55,-0.38193120581525686,-0.037666666666666515,25.67,equatorial
14.58,24.05,25.79,22.76,93.89,11.88,2.12,2.23,0.83,0.85,2023-05-28,Kumba,2023,5,148,21,45.88,127.00999999999996,223.77,573.76,-0.37457293825714655,-1.0879999999999974,25.67,equatorial
14.82,24.95,28.65,21.98,88.02,1.11,1.61,4.71,0.84,0.83,2023-05-29,Kumba,2023,5,149,22,42.65,123.23999999999997,219.17000000000002,571.8199999999999,-0.3778617900466091,-0.22000000000000242,25.67,equatorial
18.62,25.46,28.84,23.17,88.25,1.87,1.31,4.22,0.83,0.83,2023-05-30,Kumba,2023,5,150,22,38.290000000000006,116.62999999999997,217.82999999999998,570.85,-0.3794709450470311,0.24099999999999966,25.67,equatorial
16.21,24.76,27.43,23.31,93.97,50.27,2.05,2.21,0.84,0.87,2023-05-31,Kumba,2023,5,151,22,82.86000000000001,161.28999999999996,256.45,618.2099999999999,-0.2973903548062702,-0.483666666666668,25.67,equatorial
17.46,25.55,29.21,23.1,89.33,13.79,1.55,4.26,0.88,0.87,2023-06-01,Kumba,2023,6,152,22,90.13000000000001,167.82999999999998,259.96,629.64,-0.27754193955101475,0.2530000000000001,25.67,equatorial
15.35,25.07,28.46,23.03,91.71,26.89,2.03,3.86,0.88,0.89,2023-06-02,Kumba,2023,6,153,22,112.27000000000001,177.33999999999997,280.51,650.08,-0.24208744379336145,-0.23833333333333329,25.55,equatorial
13.75,24.66,27.78,22.61,92.42,7.78,1.98,2.85,0.89,0.88,2023-06-03,Kumba,2023,6,154,22,113.59,161.49999999999997,283.72,652.14,-0.23847692677707738,-0.628666666666664,25.55,equatorial
12.83,24.3,26.04,23.14,95.17,23.78,2.4,1.89,0.89,0.88,2023-06-04,Kumba,2023,6,155,22,125.49000000000001,171.36999999999998,300.34000000000003,668.01,-0.2109375138999262,-0.9769999999999968,25.55,equatorial
13.86,23.93,25.52,22.85,95.85,180.01,2.77,1.86,0.95,0.95,2023-06-05,Kumba,2023,6,156,23,304.39,347.03999999999996,460.01,836.6099999999999,0.08128797931470803,-1.3476666666666688,25.55,equatorial
14.5,23.88,25.88,22.51,94.34,31.79,1.95,1.72,0.96,0.93,2023-06-06,Kumba,2023,6,157,23,334.31,372.59999999999997,488.64,851.89,0.10775977769827891,-1.3620000000000019,25.55,equatorial
13.09,23.78,26.08,22.45,94.1,4.05,1.97,2.0,0.96,0.93,2023-06-07,Kumba,2023,6,158,23,288.09,370.94999999999993,491.16,840.8199999999999,0.08855119059626965,-1.408999999999999,25.55,equatorial
9.83,23.9,27.33,22.09,92.9,19.71,3.04,4.42,0.96,0.94,2023-06-08,Kumba,2023,6,159,23,294.01,384.14,506.75,852.61,0.1089790876147915,-1.2583333333333364,25.07,equatorial
16.44,23.96,26.4,21.87,91.71,9.35,1.92,2.9,0.96,0.93,2023-06-09,Kumba,2023,6,160,23,276.46999999999997,388.73999999999995,513.1999999999999,855.76,0.1144237751541542,-1.1723333333333343,24.66,equatorial
13.52,23.95,26.66,22.21,92.18,8.5,1.77,2.4,0.95,0.93,2023-06-10,Kumba,2023,6,161,23,277.18999999999994,390.78,519.04,863.4100000000001,0.12767334041608122,-1.125666666666671,24.3,equatorial
14.96,24.26,27.0,22.1,90.62,21.4,1.65,3.66,0.96,0.94,2023-06-11,Kumba,2023,6,162,23,274.81,400.29999999999995,536.22,883.72,0.16288401900662158,-0.7740000000000009,24.26,equatorial
14.9,23.78,26.57,21.87,91.13,7.52,2.51,3.39,0.96,0.94,2023-06-12,Kumba,2023,6,163,24,102.32,406.71,541.0600000000001,889.09,0.1721736926532486,-1.1646666666666654,24.26,equatorial
12.66,23.94,27.15,21.5,91.79,9.37,2.8,4.51,0.96,0.93,2023-06-13,Kumba,2023,6,164,24,79.9,414.21,544.2,888.38,0.1709129575219367,-0.917666666666662,24.26,equatorial
16.38,23.99,27.0,21.95,91.73,7.57,2.24,3.95,0.95,0.93,2023-06-14,Kumba,2023,6,165,24,83.41999999999999,371.50999999999993,546.89,895.37,0.1830156841102871,-0.8013333333333357,24.26,equatorial
12.64,24.29,27.08,22.19,87.04,8.38,1.16,3.56,0.95,0.93,2023-06-15,Kumba,2023,6,166,24,72.09,366.09999999999997,546.79,903.6400000000001,0.19733994372840022,-0.4546666666666681,24.29,equatorial
18.8,24.71,28.49,22.0,85.72,3.34,1.49,5.65,0.95,0.92,2023-06-16,Kumba,2023,6,167,24,66.08,342.54999999999995,544.52,905.65,0.20079621500839753,-0.0073333333333316375,24.71,equatorial
11.67,24.33,27.94,21.96,93.14,17.51,2.49,3.54,0.95,0.93,2023-06-17,Kumba,2023,6,168,24,75.09,352.28,554.78,922.0699999999999,0.22927261639788818,-0.3376666666666672,24.71,equatorial
13.48,24.26,26.08,22.97,95.74,21.53,2.03,1.48,0.96,0.93,2023-06-18,Kumba,2023,6,169,24,75.22,350.03,558.93,943.37,0.26622237418645545,-0.3436666666666639,24.71,equatorial
12.49,24.07,26.18,22.6,94.24,18.14,2.08,2.49,0.96,0.94,2023-06-19,Kumba,2023,6,170,25,85.84,188.15999999999997,553.45,958.72,0.2928363144686108,-0.4940000000000033,24.71,equatorial
12.7,23.95,25.73,22.71,95.04,31.25,2.13,1.87,0.97,0.95,2023-06-20,Kumba,2023,6,171,25,107.72,187.61999999999998,570.7900000000001,989.08,0.3455216666188052,-0.5793333333333344,24.71,equatorial
14.87,23.43,24.93,22.06,96.52,48.35,2.59,1.45,0.98,0.97,2023-06-21,Kumba,2023,6,172,25,148.5,231.91999999999996,614.8,1036.49,0.42782238072022544,-1.0386666666666677,24.71,equatorial
10.29,23.55,26.65,21.72,92.33,4.74,2.89,4.76,0.98,0.96,2023-06-22,Kumba,2023,6,173,25,144.86,216.94999999999996,613.31,1038.79,0.43173677549009143,-0.8559999999999981,24.71,equatorial
11.48,23.64,27.04,21.68,91.26,2.23,2.37,4.13,0.97,0.95,2023-06-23,Kumba,2023,6,174,25,143.75000000000003,209.82999999999998,609.84,1039.1000000000001,0.4321927506623351,-0.705333333333332,24.33,equatorial
9.52,23.63,26.85,21.47,91.53,4.53,2.39,4.85,0.97,0.94,2023-06-24,Kumba,2023,6,175,25,130.77,205.85999999999996,607.8499999999999,1040.66,0.43482109403977287,-0.6643333333333317,24.26,equatorial
12.04,22.69,24.71,21.12,93.19,6.56,2.03,2.39,0.97,0.94,2023-06-25,Kumba,2023,6,176,25,115.80000000000001,191.01999999999998,609.66,1043.21,0.43916990477902573,-1.504999999999999,24.07,equatorial
11.57,23.27,26.8,21.06,92.65,25.88,1.91,2.81,0.97,0.95,2023-06-26,Kumba,2023,6,177,26,123.54,209.38,629.08,1054.8100000000002,0.45925027415985514,-0.8629999999999995,23.95,equatorial
6.35,22.98,24.41,21.66,96.68,65.3,2.63,1.42,0.99,0.97,2023-06-27,Kumba,2023,6,178,26,157.59,265.30999999999995,682.5,1117.92,0.5688785672959445,-1.1173333333333346,23.64,equatorial
15.14,23.58,26.51,21.63,93.73,22.44,2.44,3.35,0.99,0.97,2023-06-28,Kumba,2023,6,179,26,131.68,280.18,703.83,1135.89,0.6000006326975065,-0.47166666666666757,23.64,equatorial
15.65,23.67,26.26,22.08,93.82,22.49,2.1,2.59,0.99,0.97,2023-06-29,Kumba,2023,6,180,26,149.43,294.28999999999996,724.45,1155.03,0.6331496124963656,-0.3219999999999992,23.67,equatorial
11.56,24.11,27.51,21.79,92.33,16.05,1.85,3.58,0.99,0.97,2023-06-30,Kumba,2023,6,181,26,163.24999999999997,306.99999999999994,690.23,1169.94,0.6589341504934202,0.13966666666666683,24.11,equatorial
12.95,24.41,27.85,22.19,91.49,42.92,1.6,3.73,0.99,0.98,2023-07-01,Kumba,2023,7,182,26,201.64,332.40999999999997,719.3599999999999,1209.4199999999998,0.7274390371546494,0.47766666666666424,24.41,equatorial
14.87,24.15,26.79,22.24,92.18,4.21,1.63,2.89,0.99,0.97,2023-07-02,Kumba,2023,7,183,26,199.29000000000002,315.09,696.68,1205.22,0.7199555869447167,0.24833333333333485,24.41,equatorial
14.16,24.66,27.82,22.25,90.03,10.33,1.6,4.02,0.99,0.96,2023-07-03,Kumba,2023,7,184,27,183.74,307.28,699.23,1206.98,0.7228407545682275,0.7583333333333364,24.66,equatorial
8.31,23.43,25.58,22.26,94.91,30.53,2.7,2.66,0.99,0.97,2023-07-04,Kumba,2023,7,185,27,148.97,306.55999999999995,705.98,1236.7700000000002,0.774479477996009,-0.44266666666666765,24.66,equatorial
13.67,23.27,25.11,21.72,93.95,5.73,2.35,2.27,0.99,0.96,2023-07-05,Kumba,2023,7,186,27,132.26000000000002,263.94,531.7,1234.5200000000002,0.7703664133550883,-0.5806666666666658,24.66,equatorial
15.35,24.43,28.64,21.4,87.76,1.96,1.54,5.54,0.98,0.96,2023-07-06,Kumba,2023,7,187,27,111.73,261.15999999999997,501.87,1232.55,0.7667420698202224,0.5610000000000035,24.66,equatorial
14.75,24.5,28.25,22.05,90.2,18.29,1.74,4.36,0.98,0.95,2023-07-07,Kumba,2023,7,188,27,113.97,277.21999999999997,516.11,1246.8100000000002,0.7913540804078123,0.6070000000000029,24.66,equatorial
7.95,23.55,25.29,22.3,94.23,44.41,2.22,2.77,0.99,0.97,2023-07-08,Kumba,2023,7,189,27,115.46,317.09999999999997,540.8100000000001,1266.26,0.8249851776563195,-0.33133333333333326,24.66,equatorial
16.12,23.92,27.63,21.16,88.77,7.39,1.78,5.42,0.99,0.96,2023-07-09,Kumba,2023,7,190,27,118.64,317.92999999999995,538.85,1271.8700000000001,0.8345227143617895,0.0400000000000027,24.66,equatorial
15.31,23.76,27.59,21.26,91.62,7.28,2.24,4.08,0.98,0.95,2023-07-10,Kumba,2023,7,191,28,115.59,299.33,537.63,1275.69,0.8409416715922375,-0.11366666666666347,24.5,equatorial
13.37,24.22,27.98,22.08,92.17,5.17,2.27,4.5,0.98,0.95,2023-07-11,Kumba,2023,7,192,28,90.23,239.19999999999996,521.4,1280.47,0.8490281222368364,0.34766666666666524,24.5,equatorial
12.86,24.23,27.24,22.23,92.94,11.16,2.04,3.07,0.98,0.95,2023-07-12,Kumba,2023,7,193,28,95.66,227.91999999999996,525.0400000000001,1288.12,0.8621046910136146,0.34266666666666623,24.5,equatorial
13.69,24.9,28.5,22.09,89.76,6.62,1.77,4.37,0.98,0.94,2023-07-13,Kumba,2023,7,194,28,100.32,212.04999999999995,522.2900000000001,1284.73,0.8559647263369062,0.9806666666666644,24.9,equatorial
13.91,25.22,28.09,23.06,87.5,2.8,1.13,3.64,0.97,0.94,2023-07-14,Kumba,2023,7,195,28,84.83,198.79999999999998,517.52,1284.99,0.8561792942709575,1.2596666666666643,25.22,equatorial
15.32,25.64,29.56,22.22,86.18,0.81,1.34,5.86,0.96,0.93,2023-07-15,Kumba,2023,7,196,28,41.23,156.68999999999997,509.95,1276.47,0.8411145568055838,1.6346666666666678,25.64,equatorial
14.01,25.38,29.38,23.19,89.71,2.25,1.44,4.02,0.96,0.92,2023-07-16,Kumba,2023,7,197,28,36.089999999999996,154.72999999999996,508.86,1258.11,0.8089314700702709,1.3523333333333305,25.64,equatorial
17.03,25.38,29.66,22.63,89.37,2.27,1.63,4.95,0.95,0.91,2023-07-17,Kumba,2023,7,198,29,31.08,146.66999999999996,493.62,1256.26,0.8054971564172984,1.317333333333334,25.64,equatorial
14.2,24.2,26.4,22.78,94.3,18.62,2.18,2.49,0.96,0.93,2023-07-18,Kumba,2023,7,199,29,44.53,134.75999999999996,490.71,1243.49,0.7830570797026416,0.13933333333332953,25.64,equatorial
13.47,24.14,26.63,22.67,94.22,5.74,2.42,2.76,0.96,0.92,2023-07-19,Kumba,2023,7,200,29,39.11000000000001,134.76999999999995,478.31,1222.96,0.7471174860397526,0.07700000000000173,25.64,equatorial
11.84,23.92,25.98,22.64,94.67,22.99,2.24,2.14,0.96,0.93,2023-07-20,Kumba,2023,7,201,29,55.48,155.79999999999998,470.05,1230.1200000000001,0.7593957936272949,-0.14199999999999946,25.64,equatorial
10.12,23.61,26.07,22.24,94.4,34.34,2.27,2.44,0.97,0.94,2023-07-21,Kumba,2023,7,202,29,87.02000000000001,171.84999999999997,456.03999999999996,1262.69,0.8159068797711058,-0.4579999999999984,25.64,equatorial
10.32,24.14,27.32,22.17,92.06,19.84,2.01,3.92,0.98,0.95,2023-07-22,Kumba,2023,7,203,29,106.05,147.27999999999997,471.14,1280.24,0.8462437179969745,0.05233333333333334,25.38,equatorial
11.77,24.06,27.91,21.71,92.35,51.57,2.46,4.59,0.99,0.97,2023-07-23,Kumba,2023,7,204,29,155.37,191.45999999999998,520.48,1331.3400000000001,0.9349753596846566,-0.041666666666671404,25.38,equatorial
10.48,23.49,26.33,21.95,94.02,20.69,2.75,3.73,0.99,0.96,2023-07-24,Kumba,2023,7,205,30,173.79,204.87,536.6400000000001,1351.24,0.9693394684460036,-0.6070000000000029,24.2,equatorial
14.53,24.17,27.78,21.42,90.66,6.6,2.18,5.29,0.98,0.96,2023-07-25,Kumba,2023,7,206,30,161.77,206.29999999999998,536.68,1356.3300000000002,0.9779001610570304,0.02366666666666717,24.17,equatorial
12.15,24.63,28.57,22.2,91.36,10.11,2.31,5.05,0.98,0.95,2023-07-26,Kumba,2023,7,207,30,166.14000000000001,205.24999999999997,520.91,1363.58,0.9902160031500795,0.4383333333333326,24.63,equatorial
12.34,24.11,26.76,22.46,93.76,13.78,2.43,3.31,0.98,0.95,2023-07-27,Kumba,2023,7,208,30,156.93,212.40999999999997,469.39000000000004,1375.6599999999999,1.0109325244220357,-0.11933333333333351,24.63,equatorial
9.58,23.73,25.86,22.32,94.7,22.42,2.83,2.97,0.98,0.95,2023-07-28,Kumba,2023,7,209,30,145.01,232.03,469.37,1392.3700000000001,1.0396953521511252,-0.5043333333333351,24.63,equatorial
12.38,23.9,27.05,22.0,93.06,10.19,2.38,3.67,0.98,0.95,2023-07-29,Kumba,2023,7,210,30,135.36,241.41,457.07000000000005,1399.3500000000001,1.051500578074174,-0.3420000000000023,24.63,equatorial
13.25,24.34,28.11,21.64,90.88,1.45,2.36,5.58,0.98,0.94,2023-07-30,Kumba,2023,7,211,30,85.24,240.60999999999999,442.47,1389.15,1.0333916863139925,0.0903333333333336,24.63,equatorial
10.65,23.56,25.16,22.34,95.52,9.46,2.96,2.32,0.97,0.94,2023-07-31,Kumba,2023,7,212,31,74.01,247.79999999999998,409.01,1388.33,1.0316234028134241,-0.6613333333333351,24.63,equatorial
8.08,23.65,26.83,21.77,92.85,1.73,3.05,4.85,0.97,0.94,2023-08-01,Kumba,2023,8,213,31,69.14,230.90999999999997,406.53000000000003,1383.72,1.0232590337392249,-0.554666666666666,24.63,equatorial
10.27,23.5,26.8,21.61,91.37,0.89,2.55,4.71,0.96,0.93,2023-08-02,Kumba,2023,8,214,31,59.92,226.05999999999997,397.09,1380.04,1.016519211684045,-0.6660000000000004,24.34,equatorial
10.61,22.8,25.28,21.16,92.91,0.88,2.35,3.15,0.96,0.92,2023-08-03,Kumba,2023,8,215,31,47.02,203.95,367.44,1373.76,1.0052579712830485,-1.3449999999999989,24.34,equatorial
12.49,24.03,28.31,21.19,89.34,1.68,1.44,4.6,0.95,0.92,2023-08-04,Kumba,2023,8,216,31,26.28,171.29,363.39,1355.1,0.9724531192408913,-0.1403333333333343,24.34,equatorial
12.52,24.18,27.73,21.84,91.6,3.97,2.26,4.68,0.95,0.91,2023-08-05,Kumba,2023,8,217,31,20.060000000000002,155.42,365.40000000000003,1355.91,0.973561846650954,0.018000000000000682,24.34,equatorial
4.35,23.66,26.88,21.86,93.03,9.05,2.8,4.3,0.95,0.91,2023-08-06,Kumba,2023,8,218,31,27.66,112.89999999999998,356.15999999999997,1363.43,0.986350896448382,-0.47400000000000375,24.18,equatorial
10.74,23.58,27.25,21.25,91.97,4.57,2.7,4.87,0.95,0.91,2023-08-07,Kumba,2023,8,219,32,22.770000000000003,96.77999999999997,316.32000000000005,1363.88,0.986824545107681,-0.5549999999999997,24.18,equatorial
4.88,22.72,24.51,21.62,94.97,8.36,2.44,1.9,0.94,0.91,2023-08-08,Kumba,2023,8,220,32,29.400000000000002,98.53999999999996,317.29,1369.3400000000001,0.9960194868894736,-1.3750000000000036,24.18,equatorial
10.81,23.65,27.45,21.37,91.7,4.69,2.18,4.37,0.94,0.91,2023-08-09,Kumba,2023,8,221,32,33.2,93.11999999999996,314.7,1371.3700000000001,0.999237736411878,-0.44133333333333624,24.18,equatorial
11.39,23.48,26.62,21.53,92.47,6.26,1.92,3.06,0.94,0.91,2023-08-10,Kumba,2023,8,222,32,38.58,85.59999999999998,315.79,1373.41,1.0024714453769021,-0.586666666666666,24.18,equatorial
11.35,24.29,28.28,21.54,88.89,7.08,2.1,5.26,0.94,0.91,2023-08-11,Kumba,2023,8,223,32,43.98,70.25999999999998,311.71000000000004,1377.81,1.0098114503519817,0.22133333333333383,24.29,equatorial
14.7,23.74,26.48,21.99,92.89,4.13,2.48,3.34,0.94,0.9,2023-08-12,Kumba,2023,8,224,32,44.14,64.19999999999997,309.22,1375.71,1.0058317043433822,-0.28999999999999915,24.29,equatorial
11.46,23.75,26.93,22.0,92.95,20.97,2.21,3.42,0.94,0.92,2023-08-13,Kumba,2023,8,225,32,56.06,83.71999999999997,327.39,1391.8,1.033519147466158,-0.2309999999999981,24.29,equatorial
11.69,24.02,27.28,22.08,90.7,4.7,1.9,4.39,0.95,0.9,2023-08-14,Kumba,2023,8,226,33,56.19,78.95999999999998,331.28000000000003,1388.02,1.0265997570604555,0.09299999999999997,24.29,equatorial
13.76,24.45,28.14,21.57,89.84,3.93,1.62,3.35,0.94,0.9,2023-08-15,Kumba,2023,8,227,33,51.76,81.15999999999997,332.96,1386.34,1.023340605414278,0.5539999999999985,24.45,equatorial
10.17,25.1,29.33,22.48,89.93,18.98,1.83,4.29,0.95,0.92,2023-08-16,Kumba,2023,8,228,33,66.05,99.24999999999997,349.67,1398.07,1.0434264552310188,1.2133333333333347,25.1,equatorial
14.73,24.99,29.09,22.69,90.89,3.99,2.17,4.93,0.94,0.9,2023-08-17,Kumba,2023,8,229,33,63.78,102.35999999999997,335.04,1384.68,1.0197730743218025,1.0769999999999982,25.1,equatorial
9.74,23.6,25.57,22.25,94.71,7.41,2.1,2.09,0.94,0.91,2023-08-18,Kumba,2023,8,230,33,64.11,108.08999999999997,336.71000000000004,1368.47,0.9912262947385285,-0.2949999999999946,25.1,equatorial
14.24,23.36,25.41,22.07,95.12,6.83,2.1,1.74,0.94,0.91,2023-08-19,Kumba,2023,8,231,33,66.81,110.94999999999997,320.55,1361.39,0.9785902406645736,-0.516333333333332,25.1,equatorial
14.64,24.28,27.86,21.73,89.47,0.47,1.74,4.67,0.94,0.9,2023-08-20,Kumba,2023,8,232,33,46.31,102.36999999999998,286.68,1357.52,0.9715497992277748,0.38133333333333397,25.1,equatorial
16.04,24.4,27.97,21.79,91.26,1.72,1.9,3.98,0.93,0.9,2023-08-21,Kumba,2023,8,233,34,43.33,99.51999999999997,268.56,1353.0100000000002,0.9633995306113137,0.4926666666666648,25.1,equatorial
15.39,24.44,27.58,22.4,93.4,3.17,2.76,3.7,0.93,0.89,2023-08-22,Kumba,2023,8,234,34,42.57,94.32999999999997,220.16,1350.48,0.9587009815095446,0.5200000000000031,25.1,equatorial
8.94,23.99,26.88,22.47,93.83,13.34,2.22,3.03,0.93,0.9,2023-08-23,Kumba,2023,8,235,34,36.93,102.97999999999996,212.81,1357.3000000000002,0.9702822183421818,0.053333333333334565,24.99,equatorial
15.42,23.99,26.92,22.02,92.32,1.83,2.06,3.09,0.93,0.9,2023-08-24,Kumba,2023,8,236,34,34.769999999999996,98.54999999999997,208.04000000000002,1354.38,0.9649007033163965,0.05933333333333479,24.44,equatorial
14.55,24.39,27.71,22.17,91.88,0.36,1.98,3.26,0.93,0.89,2023-08-25,Kumba,2023,8,237,34,27.720000000000002,91.82999999999997,198.29,1348.28,0.9539863957309721,0.46733333333333604,24.44,equatorial
15.46,24.56,27.98,22.6,92.1,1.37,2.01,3.43,0.92,0.89,2023-08-26,Kumba,2023,8,238,34,22.259999999999998,89.06999999999996,185.88,1337.77,0.9354008358736812,0.6223333333333336,24.56,equatorial
13.86,23.72,26.1,22.12,94.04,10.59,1.7,1.78,0.92,0.9,2023-08-27,Kumba,2023,8,239,34,32.38,78.68999999999997,174.05,1347.25,0.951627915731627,-0.2173333333333325,24.56,equatorial
16.22,24.84,29.16,21.83,85.88,3.46,1.39,4.8,0.92,0.89,2023-08-28,Kumba,2023,8,240,35,34.12,77.44999999999997,167.32000000000002,1348.84,0.9541093787960155,0.871333333333336,24.84,equatorial
13.35,24.03,26.46,22.41,92.95,6.88,1.79,2.35,0.92,0.89,2023-08-29,Kumba,2023,8,241,35,37.83,80.39999999999998,172.75,1305.45,0.8782762952236852,0.07166666666667254,24.84,equatorial
14.17,24.11,27.21,22.11,91.65,11.8,2.53,4.65,0.92,0.9,2023-08-30,Kumba,2023,8,242,35,36.29,73.21999999999997,175.09,1303.46,0.874565506767761,0.13333333333333286,24.84,equatorial
19.31,24.62,28.77,21.85,87.65,5.63,2.01,6.24,0.92,0.89,2023-08-31,Kumba,2023,8,243,35,40.09,74.85999999999997,178.98999999999998,1282.2,0.8373019615835807,0.6110000000000007,24.84,equatorial
11.82,23.37,25.27,22.13,95.12,41.28,2.79,2.17,0.94,0.93,2023-09-01,Kumba,2023,9,244,35,81.01,108.72999999999996,219.38,1315.6999999999998,0.8954124020982714,-0.6346666666666643,24.84,equatorial
14.72,23.38,26.23,21.79,92.72,19.44,2.32,3.59,0.95,0.92,2023-09-02,Kumba,2023,9,245,35,99.08,121.33999999999997,237.94000000000003,1311.36,0.887600175831346,-0.6439999999999984,24.84,equatorial
13.2,24.09,28.26,21.42,91.06,7.77,2.6,4.95,0.95,0.91,2023-09-03,Kumba,2023,9,246,35,96.25999999999999,128.64,244.03,1139.12,0.5873711295519652,0.06400000000000006,24.84,equatorial
12.17,23.32,25.84,21.28,92.94,9.08,2.63,3.25,0.95,0.92,2023-09-04,Kumba,2023,9,247,36,101.88000000000001,135.99999999999997,249.14000000000001,1116.41,0.5476856595853477,-0.6773333333333369,24.62,equatorial
14.91,23.77,27.72,20.85,88.08,1.15,1.68,5.18,0.95,0.91,2023-09-05,Kumba,2023,9,248,36,96.15,133.98,241.24,1113.51,0.5425209583188587,-0.2309999999999981,24.62,equatorial
15.52,24.59,29.05,21.39,89.12,2.32,2.01,5.52,0.94,0.9,2023-09-06,Kumba,2023,9,249,36,86.67,122.95999999999998,238.99,1096.12,0.5121094982696666,0.5553333333333335,24.62,equatorial
9.06,24.32,27.2,22.68,94.06,6.77,2.45,2.99,0.93,0.9,2023-09-07,Kumba,2023,9,250,36,87.81,127.89999999999996,237.39999999999998,1093.5400000000002,0.5075116050358404,0.23199999999999932,24.59,equatorial
8.73,24.05,26.26,22.67,94.65,18.63,2.13,2.13,0.95,0.92,2023-09-08,Kumba,2023,9,251,36,65.16,146.16999999999996,251.34,1103.67,0.5250660271736909,-0.05133333333333212,24.59,equatorial
12.72,23.95,26.94,22.08,91.86,8.35,2.17,4.11,0.95,0.91,2023-09-09,Kumba,2023,9,252,36,54.07,153.14999999999998,253.43,1090.62,0.5022138265954355,-0.1670000000000016,24.59,equatorial
15.6,23.99,27.48,21.3,89.94,1.3,2.44,5.58,0.94,0.9,2023-09-10,Kumba,2023,9,253,36,47.6,143.85999999999996,247.64999999999998,1084.4,0.49127171801503616,-0.11700000000000443,24.59,equatorial
12.04,23.81,27.15,21.61,91.62,4.24,2.82,4.84,0.93,0.9,2023-09-11,Kumba,2023,9,254,37,42.76,144.64,247.76,1079.2700000000002,0.48223168233321395,-0.29933333333333323,24.59,equatorial
9.79,23.64,26.14,22.01,93.84,14.95,2.37,2.9,0.94,0.91,2023-09-12,Kumba,2023,9,255,37,56.56,152.70999999999998,241.74,1086.6499999999999,0.4950065718167421,-0.46566666666666734,24.59,equatorial
14.88,24.27,27.94,22.01,91.29,5.54,2.47,4.99,0.94,0.9,2023-09-13,Kumba,2023,9,256,37,59.78,146.45,242.58,1083.8100000000002,0.4899569711605459,0.1559999999999988,24.32,equatorial
13.25,24.06,27.29,21.78,91.58,2.84,2.49,4.16,0.93,0.9,2023-09-14,Kumba,2023,9,257,37,55.85,143.65999999999997,241.49,1083.31,0.48898937508778945,-0.04100000000000037,24.27,equatorial
4.43,23.91,26.5,22.28,93.67,7.1,2.85,3.33,0.93,0.9,2023-09-15,Kumba,2023,9,258,37,44.31999999999999,109.47999999999998,229.61,1072.8999999999999,0.47073575100196263,-0.15133333333333,24.27,equatorial
12.54,24.28,27.53,22.29,91.59,8.53,2.61,4.77,0.93,0.9,2023-09-16,Kumba,2023,9,259,37,44.5,98.56999999999996,234.15,1059.8999999999999,0.44796623440165306,0.24233333333333462,24.28,equatorial
12.93,23.93,26.87,22.07,90.84,8.87,1.82,3.77,0.93,0.9,2023-09-17,Kumba,2023,9,260,37,52.06999999999999,99.66999999999997,235.61,1050.63,0.4317075904466178,-0.11866666666666958,24.28,equatorial
14.99,23.91,27.4,21.84,90.48,32.14,2.05,4.16,0.94,0.92,2023-09-18,Kumba,2023,9,261,38,79.97,122.72999999999996,260.91999999999996,1051.52,0.43318021250138783,-0.15700000000000003,24.28,equatorial
16.35,23.23,26.08,21.11,91.38,6.26,1.74,2.97,0.95,0.91,2023-09-19,Kumba,2023,9,262,38,71.28,127.83999999999996,266.71000000000004,1009.43,0.3596414771070284,-0.801999999999996,24.28,equatorial
18.57,24.45,29.13,20.4,85.69,0.46,1.49,6.1,0.94,0.9,2023-09-20,Kumba,2023,9,263,38,66.19999999999999,125.97999999999998,265.45,1005.15,0.35210688762188475,0.4163333333333341,24.45,equatorial
14.14,24.67,28.98,22.19,90.74,4.0,2.15,4.33,0.93,0.9,2023-09-21,Kumba,2023,9,264,38,67.36,123.20999999999998,266.28,1006.9200000000001,0.35513479471936177,0.6286666666666676,24.67,equatorial
15.97,23.24,24.52,21.79,94.4,38.38,2.11,1.82,0.94,0.92,2023-09-22,Kumba,2023,9,265,38,98.64,142.95999999999998,291.32,1040.77,0.41417368098042745,-0.7763333333333335,24.67,equatorial
11.97,23.34,25.74,21.42,93.9,6.84,1.98,2.25,0.96,0.92,2023-09-23,Kumba,2023,9,266,38,96.95,141.44999999999996,296.33000000000004,1041.05,0.41458652803073426,-0.6546666666666674,24.67,equatorial
16.72,23.9,27.03,21.72,91.5,6.06,1.88,3.65,0.96,0.92,2023-09-24,Kumba,2023,9,267,38,94.14,146.20999999999995,302.03000000000003,1021.23,0.3798960841133923,-0.0783333333333367,24.67,equatorial
18.02,24.18,27.77,21.62,90.19,1.93,1.39,3.24,0.95,0.91,2023-09-25,Kumba,2023,9,268,39,63.93,143.89999999999998,302.59,957.86,0.269139013154018,0.21433333333333593,24.67,equatorial
16.6,24.95,28.76,21.99,89.38,2.71,1.67,4.69,0.95,0.91,2023-09-26,Kumba,2023,9,269,39,60.38,131.65999999999997,294.71000000000004,938.13,0.2346255201188268,0.9433333333333316,24.95,equatorial
18.26,25.02,29.01,22.56,91.73,3.56,1.74,3.53,0.94,0.91,2023-09-27,Kumba,2023,9,270,39,63.480000000000004,129.67999999999998,294.81,919.2,0.20151092720206767,1.0073333333333316,25.02,equatorial
14.38,24.46,26.33,23.34,95.82,5.5,2.3,1.62,0.94,0.91,2023-09-28,Kumba,2023,9,271,39,64.98,132.33999999999997,293.43,908.6500000000001,0.18304153174689025,0.43299999999999983,25.02,equatorial
15.36,24.8,28.44,22.95,92.95,3.0,2.75,3.89,0.94,0.9,2023-09-29,Kumba,2023,9,272,39,29.6,128.23999999999998,284.63,868.73,0.11323900691418579,0.75,25.02,equatorial
18.31,25.06,28.75,22.74,90.3,2.19,2.09,4.94,0.93,0.9,2023-09-30,Kumba,2023,9,273,39,24.95,121.89999999999998,281.19,866.71,0.1096899064507145,0.9953333333333312,25.06,equatorial
16.86,25.08,28.78,22.52,90.77,2.89,2.02,4.56,0.93,0.89,2023-10-01,Kumba,2023,10,274,39,21.78,115.91999999999996,242.8,859.27,0.09666467793952202,0.9583333333333321,25.08,equatorial
16.4,25.16,28.83,22.74,90.73,4.32,2.24,5.07,0.92,0.89,2023-10-02,Kumba,2023,10,275,40,24.17,88.09999999999998,227.67999999999998,833.0600000000001,0.05081745319841423,0.9789999999999992,25.16,equatorial
16.49,24.18,26.11,22.86,94.54,4.32,2.14,1.75,0.92,0.89,2023-10-03,Kumba,2023,10,276,40,25.78,86.15999999999997,224.23000000000002,831.65,0.048343512188797066,-0.004000000000001336,25.16,equatorial
17.24,24.55,27.9,22.32,89.96,3.28,1.83,4.17,0.92,0.89,2023-10-04,Kumba,2023,10,277,40,25.500000000000004,88.97999999999996,218.42999999999998,832.97,0.050644875043803696,0.3249999999999993,25.16,equatorial
18.11,24.56,27.91,22.4,91.44,2.97,1.93,3.93,0.92,0.89,2023-10-05,Kumba,2023,10,278,40,22.97,87.94999999999996,220.25,817.65,0.023835112439403932,0.3086666666666673,25.16,equatorial
15.02,24.68,29.04,21.93,90.79,4.66,2.16,4.81,0.91,0.88,2023-10-06,Kumba,2023,10,279,40,24.63,54.229999999999976,222.59,777.9000000000001,-0.04572081505929699,0.4256666666666682,25.16,equatorial
15.67,24.58,28.38,22.26,90.11,8.45,1.78,4.55,0.91,0.89,2023-10-07,Kumba,2023,10,280,40,30.89,55.83999999999997,224.27,778.96,-0.043858648908929765,0.31700000000000017,25.16,equatorial
14.97,24.29,27.49,22.37,92.16,2.97,1.88,3.3,0.91,0.88,2023-10-08,Kumba,2023,10,281,40,30.97,52.74999999999997,208.60999999999999,774.65,-0.051395521255557276,0.01899999999999835,25.16,equatorial
17.9,24.87,29.03,22.11,87.94,6.02,1.54,5.14,0.91,0.88,2023-10-09,Kumba,2023,10,282,41,32.67,56.839999999999975,206.28,775.5,-0.049899507139468606,0.5683333333333351,24.87,equatorial
14.05,24.9,29.0,22.04,89.21,3.23,1.81,5.02,0.91,0.88,2023-10-10,Kumba,2023,10,283,41,31.58,57.35999999999997,208.21,767.57,-0.06377578808030562,0.5679999999999978,24.9,equatorial
15.03,24.9,28.35,22.64,88.75,5.36,2.01,5.35,0.9,0.88,2023-10-11,Kumba,2023,10,284,41,33.66,59.15999999999997,209.33,766.3100000000001,-0.06597219168480861,0.5316666666666627,24.9,equatorial
16.35,24.84,28.38,22.51,90.5,5.2,1.63,3.47,0.9,0.87,2023-10-12,Kumba,2023,10,285,41,35.89,58.85999999999997,199.57999999999998,768.7099999999999,-0.061758566350535275,0.43166666666666487,24.9,equatorial
10.25,25.47,30.09,22.31,88.43,5.66,1.5,4.5,0.9,0.88,2023-10-13,Kumba,2023,10,286,41,36.89,61.51999999999997,199.7,773.5600000000001,-0.05325341940079617,1.0216666666666683,25.47,equatorial
17.19,24.75,27.23,23.25,93.04,4.21,1.6,2.37,0.9,0.87,2023-10-14,Kumba,2023,10,287,41,32.65,63.53999999999997,201.07,775.52,-0.04981133755326298,0.2786666666666662,25.47,equatorial
15.43,24.38,26.76,22.8,93.64,6.47,2.08,2.3,0.9,0.88,2023-10-15,Kumba,2023,10,288,41,36.15,67.11999999999998,200.44,779.72,-0.042444351901617404,-0.10700000000000287,25.47,equatorial
16.18,23.98,27.52,22.32,92.98,14.62,2.52,3.5,0.9,0.89,2023-10-16,Kumba,2023,10,289,42,44.75,77.41999999999997,206.53,775.72,-0.04944759395291937,-0.49699999999999633,25.47,equatorial
17.76,23.82,27.8,21.04,87.42,2.05,2.16,5.12,0.9,0.88,2023-10-17,Kumba,2023,10,290,42,43.57,75.14999999999996,199.70999999999998,772.0300000000001,-0.055907480297031915,-0.653333333333336,25.47,equatorial
10.96,24.2,27.68,21.67,90.29,6.55,1.6,2.94,0.9,0.88,2023-10-18,Kumba,2023,10,291,42,44.76,78.41999999999997,174.12,755.59,-0.08471820164547143,-0.28300000000000125,25.47,equatorial
12.31,24.3,26.72,22.67,94.13,8.49,1.96,1.99,0.9,0.88,2023-10-19,Kumba,2023,10,292,42,48.05,83.93999999999997,176.35000000000002,729.74,-0.13002704556259687,-0.21866666666666745,25.47,equatorial
18.6,24.59,27.43,22.72,93.02,2.26,1.82,2.28,0.9,0.88,2023-10-20,Kumba,2023,10,293,42,44.65,81.53999999999996,178.15,712.16,-0.16083361210019842,0.06666666666666998,24.75,equatorial
7.76,24.89,27.77,22.66,89.28,3.99,1.2,2.23,0.9,0.88,2023-10-21,Kumba,2023,10,294,42,44.43,77.07999999999998,178.14,664.58,-0.24425296567880359,0.3593333333333355,24.89,equatorial
11.34,25.47,29.19,22.82,88.88,4.12,1.49,4.37,0.9,0.88,2023-10-22,Kumba,2023,10,295,42,42.08,78.22999999999996,143.88,648.01,-0.2732768401165214,0.8649999999999984,25.47,equatorial
14.71,24.9,27.9,22.78,92.24,21.22,1.78,3.18,0.91,0.9,2023-10-23,Kumba,2023,10,296,43,48.68,93.42999999999996,158.26,662.63,-0.24758377995438086,0.2430000000000021,25.47,equatorial
15.92,24.48,27.0,23.03,93.56,90.35,1.84,2.04,0.94,0.94,2023-10-24,Kumba,2023,10,297,43,136.98,180.54999999999995,242.55,742.87,-0.10675745561262878,-0.1963333333333317,25.47,equatorial
7.43,23.8,26.4,22.42,92.82,11.99,2.09,2.17,0.97,0.93,2023-10-25,Kumba,2023,10,298,43,142.42,187.17999999999998,252.60999999999999,741.0799999999999,-0.10988186118377463,-0.863666666666667,25.47,equatorial
6.72,24.34,27.58,21.99,89.39,6.39,1.5,3.9,0.96,0.92,2023-10-26,Kumba,2023,10,299,43,140.32,188.36999999999995,256.28999999999996,725.05,-0.13799899652975164,-0.303333333333331,25.47,equatorial
16.63,24.42,28.01,22.13,91.28,7.06,1.79,3.8,0.96,0.92,2023-10-27,Kumba,2023,10,300,43,145.11999999999998,189.76999999999995,259.79,721.92,-0.14347149517561075,-0.20333333333333314,25.47,equatorial
17.46,25.63,29.84,22.83,87.28,5.36,1.11,4.65,0.95,0.92,2023-10-28,Kumba,2023,10,301,43,146.49,190.91999999999996,259.65000000000003,725.83,-0.1365842325854452,0.9676666666666662,25.63,equatorial
13.82,25.63,29.0,23.23,89.8,10.51,1.44,3.5,0.95,0.92,2023-10-29,Kumba,2023,10,302,43,152.88,194.95999999999995,267.16,726.88,-0.13471895602510056,0.9399999999999977,25.63,equatorial
18.11,25.84,28.94,23.64,88.44,13.49,1.25,2.03,0.96,0.93,2023-10-30,Kumba,2023,10,303,44,145.15,193.82999999999998,278.46000000000004,738.64,-0.11404503706765197,1.1239999999999988,25.84,equatorial
17.29,25.01,27.14,23.3,92.31,15.12,1.65,2.12,0.96,0.93,2023-10-31,Kumba,2023,10,304,44,69.92,206.89999999999995,290.69,752.87,-0.08903282942152302,0.2963333333333331,25.84,equatorial
13.01,24.42,26.47,22.66,90.01,8.27,1.32,2.44,0.96,0.93,2023-11-01,Kumba,2023,11,305,44,66.19999999999999,208.61999999999995,294.64,760.26,-0.0760367322121469,-0.26899999999999835,25.84,equatorial
14.66,24.68,28.59,22.35,90.94,3.89,2.08,4.54,0.96,0.92,2023-11-02,Kumba,2023,11,306,44,63.699999999999996,204.01999999999995,294.21,762.47,-0.07214192642482134,-0.02566666666666606,25.84,equatorial
7.72,23.74,25.99,22.45,93.76,21.43,2.4,2.79,0.96,0.93,2023-11-03,Kumba,2023,11,307,44,78.07,223.18999999999994,312.36,779.93,-0.04144877508844299,-0.9386666666666663,25.84,equatorial
12.04,23.67,26.54,21.62,91.91,18.97,1.58,2.72,0.97,0.94,2023-11-04,Kumba,2023,11,308,44,91.68,238.16999999999996,328.35999999999996,789.85,-0.024007521395662434,-0.9789999999999992,25.84,equatorial
18.28,25.5,29.56,22.18,85.7,1.7,1.1,5.43,0.97,0.93,2023-11-05,Kumba,2023,11,309,44,82.86999999999999,235.74999999999997,325.40000000000003,786.98,-0.029048735700152234,0.8236666666666643,25.84,equatorial
16.62,25.58,28.93,23.12,88.98,3.5,1.57,4.36,0.96,0.92,2023-11-06,Kumba,2023,11,310,45,72.88,218.02999999999997,320.45000000000005,782.12,-0.037588543249558036,0.8703333333333312,25.58,equatorial
9.93,24.88,27.46,23.41,92.82,1.73,1.28,1.79,0.96,0.92,2023-11-07,Kumba,2023,11,311,45,59.489999999999995,129.40999999999997,319.21,779.1600000000001,-0.04278746490045993,0.15066666666666606,25.58,equatorial
15.28,24.75,27.38,23.08,92.74,2.03,1.53,1.81,0.95,0.92,2023-11-08,Kumba,2023,11,312,45,53.25,119.44999999999997,315.22,774.93,-0.050219843682381554,0.02466666666666839,25.58,equatorial
11.5,24.22,26.63,22.35,93.95,1.96,2.14,2.24,0.95,0.92,2023-11-09,Kumba,2023,11,313,45,51.32,115.01999999999997,313.95,769.8100000000001,-0.05921763550665915,-0.4826666666666668,25.58,equatorial
5.91,23.78,26.28,21.88,94.06,5.1,1.81,1.76,0.95,0.92,2023-11-10,Kumba,2023,11,314,45,34.989999999999995,113.05999999999997,313.69,770.78,-0.05750205936564021,-0.8853333333333282,25.58,equatorial
13.06,23.8,25.89,22.54,93.97,2.08,1.62,2.01,0.95,0.91,2023-11-11,Kumba,2023,11,315,45,18.1,109.77999999999997,310.57,751.89,-0.09072898798030567,-0.8306666666666693,25.58,equatorial
13.54,24.31,27.26,22.44,91.77,8.63,1.45,2.77,0.95,0.92,2023-11-12,Kumba,2023,11,316,45,25.03,107.89999999999996,313.53999999999996,755.8199999999999,-0.08379920959697486,-0.28200000000000003,25.58,equatorial
11.58,24.33,26.94,22.6,93.8,27.16,1.9,2.37,0.96,0.93,2023-11-13,Kumba,2023,11,317,46,48.69,121.56999999999996,336.49,779.05,-0.04290180746067668,-0.2480000000000011,24.88,equatorial
16.09,24.95,28.21,22.68,91.22,1.94,1.61,2.94,0.96,0.92,2023-11-14,Kumba,2023,11,318,46,48.9,108.38999999999997,331.96000000000004,762.01,-0.07288990186102964,0.35300000000000153,24.95,equatorial
16.05,25.59,28.86,23.2,82.64,5.38,1.33,2.26,0.96,0.92,2023-11-15,Kumba,2023,11,319,46,52.25,105.49999999999997,322.72,763.4,-0.07043147291780032,0.9393333333333338,25.59,equatorial
16.18,25.0,27.92,22.16,85.29,1.67,1.06,2.25,0.96,0.92,2023-11-16,Kumba,2023,11,320,46,51.96,103.27999999999997,322.34,757.66,-0.08052751052224448,0.3100000000000023,25.59,equatorial
15.51,25.22,28.38,22.92,88.81,5.51,1.45,3.04,0.95,0.92,2023-11-17,Kumba,2023,11,321,46,52.370000000000005,87.35999999999996,321.3,756.3399999999999,-0.08283961932870221,0.49599999999999866,25.59,equatorial
8.2,25.2,28.06,23.63,91.44,5.85,1.3,2.3,0.95,0.92,2023-11-18,Kumba,2023,11,322,46,56.14,74.23999999999997,318.65999999999997,761.72,-0.07335079765806947,0.4460000000000015,25.59,equatorial
11.68,25.3,28.56,23.4,91.62,1.6,1.55,2.37,0.95,0.92,2023-11-19,Kumba,2023,11,323,46,49.11,74.13999999999997,318.0,761.6,-0.07355082972642793,0.5223333333333322,25.59,equatorial
15.23,24.67,26.73,22.75,94.63,1.45,1.51,1.34,0.95,0.91,2023-11-20,Kumba,2023,11,324,47,23.4,72.08999999999997,315.46,759.88,-0.07656986371344401,-0.10033333333333161,25.59,equatorial
16.2,25.12,29.32,22.11,87.56,1.27,1.26,3.7,0.95,0.91,2023-11-21,Kumba,2023,11,325,47,22.729999999999997,71.62999999999997,312.60999999999996,747.8100000000001,-0.09782705703685239,0.3613333333333344,25.59,equatorial
4.8,24.91,27.67,23.32,91.18,1.86,1.2,2.0,0.94,0.91,2023-11-22,Kumba,2023,11,326,47,19.21,71.45999999999997,293.25,747.84,-0.09775898451401496,0.15099999999999625,25.3,equatorial
13.88,23.97,26.44,22.28,91.71,0.19,2.09,3.14,0.94,0.9,2023-11-23,Kumba,2023,11,327,47,17.729999999999997,69.68999999999998,203.08999999999997,747.67,-0.0980434549883023,-0.772000000000002,25.3,equatorial
12.31,24.26,27.59,22.0,89.7,1.09,1.6,3.59,0.93,0.9,2023-11-24,Kumba,2023,11,328,47,13.31,65.67999999999996,192.19,747.39,-0.09852185497934891,-0.4973333333333301,25.3,equatorial
15.74,24.34,27.13,22.2,90.97,1.79,1.4,2.29,0.93,0.9,2023-11-25,Kumba,2023,11,329,47,9.25,65.38999999999997,187.58999999999997,738.59,-0.11402284525742064,-0.41733333333333533,25.3,equatorial
10.94,24.17,27.78,22.47,92.04,10.67,1.9,2.91,0.93,0.9,2023-11-26,Kumba,2023,11,330,47,18.32,67.42999999999998,191.2,745.8,-0.10129038482184988,-0.5789999999999971,25.12,equatorial
16.88,24.88,29.58,22.05,88.99,2.15,1.72,4.48,0.93,0.9,2023-11-27,Kumba,2023,11,331,48,19.02,42.41999999999997,187.99,741.07,-0.10961720207529858,0.1559999999999988,25.12,equatorial
13.1,24.49,27.88,22.78,91.46,4.02,1.75,3.37,0.93,0.9,2023-11-28,Kumba,2023,11,332,48,21.770000000000003,44.49999999999997,181.5,733.29,-0.12332421281885736,-0.19599999999999795,24.91,equatorial
15.36,25.14,29.31,22.34,88.04,1.44,1.19,3.9,0.92,0.89,2023-11-29,Kumba,2023,11,333,48,21.349999999999998,40.559999999999974,169.45,729.0999999999999,-0.13069732739740586,0.4773333333333305,25.14,equatorial
17.15,25.99,30.3,23.15,85.42,1.69,1.09,4.67,0.92,0.88,2023-11-30,Kumba,2023,11,334,48,22.85,40.57999999999997,156.01999999999998,689.51,-0.2005350273770349,1.294666666666668,25.99,equatorial
13.71,25.87,30.38,22.93,85.21,1.56,1.33,4.96,0.91,0.88,2023-12-01,Kumba,2023,12,335,48,23.32,36.629999999999974,149.31,671.63,-0.2320573500745578,1.126333333333335,25.99,equatorial
14.62,24.72,28.05,22.79,91.2,0.93,1.85,3.23,0.9,0.88,2023-12-02,Kumba,2023,12,336,48,22.459999999999997,31.70999999999997,146.35,664.79,-0.2440926499638308,-0.02500000000000213,25.99,equatorial
13.87,24.95,29.09,21.89,87.65,0.5,1.4,4.22,0.9,0.87,2023-12-03,Kumba,2023,12,337,48,12.29,30.60999999999997,125.41999999999999,656.21,-0.25919909924831147,0.1646666666666654,25.99,equatorial
18.87,25.0,28.68,22.53,87.82,0.51,1.42,3.75,0.89,0.87,2023-12-04,Kumba,2023,12,338,49,10.65,29.669999999999973,106.96,655.57,-0.26028662299312916,0.17033333333333545,25.99,equatorial
17.74,25.64,29.92,22.88,84.26,0.56,1.17,4.18,0.89,0.86,2023-12-05,Kumba,2023,12,339,49,7.19,28.959999999999972,105.82000000000001,653.81,-0.2633517979525578,0.8056666666666672,25.99,equatorial
16.84,25.19,29.38,22.74,87.07,0.76,1.17,3.91,0.88,0.86,2023-12-06,Kumba,2023,12,340,49,6.51,27.85999999999997,103.08,647.8,-0.2739224975087294,0.3686666666666696,25.99,equatorial
14.6,25.1,28.8,22.6,88.27,0.48,1.44,3.42,0.88,0.86,2023-12-07,Kumba,2023,12,341,49,5.3,28.149999999999974,101.83,629.65,-0.3059352499856148,0.27133333333333454,25.87,equatorial
16.1,24.72,27.76,23.09,91.38,0.25,1.44,2.3,0.87,0.85,2023-12-08,Kumba,2023,12,342,49,3.99,27.309999999999974,100.05,621.55,-0.32019272288785133,-0.10766666666667035,25.64,equatorial
19.28,25.74,30.0,22.91,84.84,0.06,1.21,4.75,0.87,0.85,2023-12-09,Kumba,2023,12,343,49,3.12,25.57999999999997,98.15,620.3100000000001,-0.32232943829785027,0.8616666666666646,25.74,equatorial
19.81,25.45,29.88,22.41,86.03,0.1,1.65,4.88,0.86,0.84,2023-12-10,Kumba,2023,12,344,49,2.7199999999999998,15.009999999999971,93.14999999999999,616.1700000000001,-0.32959030212339535,0.5159999999999982,25.74,equatorial
18.03,25.42,29.5,22.36,82.72,0.12,1.89,4.55,0.85,0.84,2023-12-11,Kumba,2023,12,345,50,2.33,12.979999999999972,91.19,601.34,-0.35574225279138,0.43200000000000216,25.74,equatorial
17.96,24.71,29.16,20.67,79.68,0.0,1.43,4.79,0.85,0.83,2023-12-12,Kumba,2023,12,346,50,1.77,8.959999999999972,82.56,595.8000000000001,-0.3654725965248985,-0.2913333333333341,25.74,equatorial
20.46,24.61,28.98,19.96,77.06,0.0,1.98,5.41,0.84,0.83,2023-12-13,Kumba,2023,12,347,50,1.0099999999999998,7.519999999999972,55.4,592.96,-0.3704294411983823,-0.40066666666666606,25.74,equatorial
20.17,24.98,29.6,20.98,77.48,0.02,1.71,5.21,0.83,0.82,2023-12-14,Kumba,2023,12,348,50,0.55,5.849999999999972,53.480000000000004,585.88,-0.38288180057541604,-0.03166666666666629,25.74,equatorial
20.48,25.55,30.72,21.13,78.17,0.0,1.48,5.08,0.82,0.82,2023-12-15,Kumba,2023,12,349,50,0.3,4.2899999999999725,48.1,577.35,-0.39789682394045084,0.5396666666666654,25.74,equatorial
19.93,25.32,29.8,20.98,81.45,0.25,1.84,5.2,0.81,0.81,2023-12-16,Kumba,2023,12,350,50,0.49,3.6099999999999715,46.68,568.73,-0.41306953485809816,0.2989999999999995,25.55,equatorial
20.95,26.25,31.17,22.23,82.94,0.07,1.58,4.73,0.81,0.81,2023-12-17,Kumba,2023,12,351,50,0.46,3.1799999999999713,41.24,536.66,-0.469712877864423,1.1946666666666665,26.25,equatorial
19.48,25.65,29.1,23.39,84.76,0.0,1.24,2.97,0.8,0.81,2023-12-18,Kumba,2023,12,352,51,0.33999999999999997,2.6699999999999715,35.39,530.4,-0.48069757995683526,0.5796666666666646,26.25,equatorial
17.72,25.89,30.31,23.26,84.86,0.0,1.43,4.74,0.79,0.8,2023-12-19,Kumba,2023,12,353,51,0.33999999999999997,2.109999999999972,33.79,529.9399999999999,-0.4814209573529749,0.8000000000000007,26.25,equatorial
16.44,25.78,30.05,22.98,86.7,0.01,1.76,4.68,0.79,0.79,2023-12-20,Kumba,2023,12,354,51,0.35,1.3599999999999715,32.35,525.9499999999999,-0.48838932575918687,0.6529999999999987,26.25,equatorial
17.49,26.28,31.37,23.06,83.37,0.01,1.23,4.81,0.78,0.79,2023-12-21,Kumba,2023,12,355,51,0.34,0.8899999999999716,31.09,487.58,-0.5561855808904602,1.1143333333333345,26.28,equatorial
16.65,25.99,29.66,23.37,85.91,1.35,1.8,3.9,0.77,0.79,2023-12-22,Kumba,2023,12,356,51,1.6900000000000002,1.9899999999999718,30.58,482.09,-0.5657888859772665,0.788333333333334,26.28,equatorial
19.48,25.59,30.33,21.94,84.28,0.07,1.83,4.52,0.77,0.78,2023-12-23,Kumba,2023,12,357,51,1.5100000000000002,1.9999999999999718,30.46,476.09999999999997,-0.5762751566049451,0.3343333333333298,26.28,equatorial
20.38,25.83,30.4,22.38,80.08,0.01,1.97,5.27,0.76,0.77,2023-12-24,Kumba,2023,12,358,51,1.4500000000000002,1.909999999999972,29.380000000000003,474.18,-0.5795561980000117,0.5219999999999985,26.28,equatorial
19.4,25.52,30.61,21.1,78.96,0.0,1.71,5.07,0.75,0.77,2023-12-25,Kumba,2023,12,359,52,1.4500000000000002,1.7899999999999718,27.59,471.47,-0.58423490361157,0.17266666666666808,26.28,equatorial
17.54,24.86,29.41,21.93,78.68,0.0,1.55,4.75,0.74,0.76,2023-12-26,Kumba,2023,12,360,52,1.4500000000000002,1.7899999999999718,16.92,467.91,-0.5904173150742427,-0.5103333333333353,26.28,equatorial
17.14,24.56,29.93,20.3,74.01,0.0,1.91,5.2,0.73,0.76,2023-12-27,Kumba,2023,12,361,52,1.4400000000000002,1.7899999999999718,14.77,462.41,-0.6000328889103671,-0.7996666666666705,26.28,equatorial
17.28,24.98,30.4,20.54,76.46,0.0,1.42,4.14,0.72,0.75,2023-12-28,Kumba,2023,12,362,52,1.4300000000000002,1.7699999999999718,10.75,459.41,-0.6052201487444627,-0.3960000000000008,25.99,equatorial
18.13,25.25,29.82,21.46,78.86,0.0,1.43,3.6,0.72,0.75,2023-12-29,Kumba,2023,12,363,52,0.08,1.7699999999999718,9.31,457.22,-0.608972059472291,-0.12966666666666526,25.83,equatorial
18.1,25.49,30.42,21.95,82.37,0.0,1.04,4.04,0.71,0.74,2023-12-30,Kumba,2023,12,364,52,0.01,1.5199999999999718,7.62,454.33000000000004,-0.6139627491964282,0.12699999999999534,25.83,equatorial
19.49,25.39,30.05,22.22,83.79,0.01,1.42,3.28,0.71,0.74,2023-12-31,Kumba,2023,12,365,52,0.01,1.4599999999999718,6.07,450.02,-0.6214671420079321,0.04299999999999926,25.52,equatorial
18.32,25.28,29.25,22.44,85.26,0.0,1.42,3.07,0.7,0.73,2024-01-01,Kumba,2024,1,1,1,0.01,1.459999999999972,5.14,445.7,-0.6289875192771457,-0.08566666666666478,25.49,equatorial
18.75,25.68,30.84,21.72,82.64,0.0,1.41,4.21,0.7,0.73,2024-01-02,Kumba,2024,1,2,1,0.01,1.459999999999972,4.64,442.42,-0.6346639704356312,0.2900000000000027,25.68,equatorial
17.36,25.24,28.7,22.98,84.8,0.0,1.19,2.7,0.69,0.72,2024-01-03,Kumba,2024,1,3,1,0.01,1.449999999999972,4.13,439.45,-0.6397899237385787,-0.15800000000000125,25.68,equatorial
18.15,25.44,30.32,21.94,83.17,0.0,1.37,4.05,0.68,0.72,2024-01-04,Kumba,2024,1,4,1,0.01,1.439999999999972,3.5700000000000003,434.79,-0.6479086697018142,0.0486666666666693,25.68,equatorial
19.44,25.64,30.72,22.02,81.92,0.0,1.35,4.75,0.68,0.71,2024-01-05,Kumba,2024,1,5,1,0.01,0.08999999999997181,2.81,426.34000000000003,-0.662740324581658,0.23366666666666447,25.68,equatorial
18.92,25.9,31.27,22.44,80.71,0.08,1.22,4.69,0.67,0.7,2024-01-06,Kumba,2024,1,6,1,0.09,0.0999999999999718,2.41,423.45,-0.6677163034944817,0.46699999999999875,25.9,equatorial
21.11,25.9,31.39,21.79,79.57,0.03,1.36,4.78,0.66,0.69,2024-01-07,Kumba,2024,1,7,1,0.11,0.11999999999997181,2.19,417.46000000000004,-0.6781842970931828,0.4276666666666671,25.9,equatorial
19.59,25.49,29.7,22.46,84.0,0.1,1.48,3.71,0.65,0.68,2024-01-08,Kumba,2024,1,8,2,0.21000000000000002,0.21999999999997183,2.23,414.33,-0.6835809855111009,0.0259999999999998,25.9,equatorial
20.42,25.5,30.73,21.65,81.2,0.08,1.52,4.12,0.65,0.67,2024-01-09,Kumba,2024,1,9,2,0.29000000000000004,0.29999999999997184,2.2100000000000004,409.04999999999995,-0.6927866557154253,0.03433333333333266,25.9,equatorial
18.82,25.6,30.92,22.16,82.08,0.11,2.53,4.79,0.64,0.66,2024-01-10,Kumba,2024,1,10,2,0.4,0.40999999999997183,2.2,403.96,-0.7016529151377473,0.12833333333333385,25.9,equatorial
18.53,26.11,30.98,22.87,79.19,0.0,1.28,4.04,0.63,0.65,2024-01-11,Kumba,2024,1,11,2,0.4,0.40999999999997183,2.2,398.29999999999995,-0.7115269227761273,0.5916666666666686,26.11,equatorial
18.72,25.73,31.72,21.18,78.62,0.0,1.71,4.62,0.62,0.64,2024-01-12,Kumba,2024,1,12,2,0.4,0.40999999999997183,2.2,394.09,-0.7188275363256857,0.17433333333332968,26.11,equatorial
18.43,25.57,30.37,22.43,82.57,0.0,1.91,4.0,0.62,0.64,2024-01-13,Kumba,2024,1,13,2,0.32,0.40999999999997183,2.18,387.62,-0.7301324481467468,-0.005333333333332746,26.11,equatorial
19.96,25.66,31.17,21.98,80.14,0.0,1.73,4.13,0.61,0.63,2024-01-14,Kumba,2024,1,14,2,0.29000000000000004,0.3999999999999718,2.18,373.0,-0.7558829174611372,0.08099999999999952,26.11,equatorial
19.69,25.24,30.88,21.47,77.29,0.0,1.67,4.06,0.6,0.62,2024-01-15,Kumba,2024,1,15,3,0.19,0.3999999999999718,1.9300000000000002,370.95,-0.7593377598434595,-0.33633333333333226,26.11,equatorial
21.19,24.27,29.88,19.62,68.2,0.0,1.92,3.93,0.6,0.61,2024-01-16,Kumba,2024,1,16,3,0.11,0.3999999999999718,1.86,364.4,-0.7707704699493775,-1.2403333333333357,26.11,equatorial
20.42,24.58,30.47,19.74,70.53,0.0,1.63,4.06,0.59,0.6,2024-01-17,Kumba,2024,1,17,3,0.0,0.3999999999999718,1.86,355.90999999999997,-0.7856391004922302,-0.8946666666666694,26.11,equatorial
20.53,24.8,31.19,19.09,74.25,0.0,1.59,3.9,0.58,0.59,2024-01-18,Kumba,2024,1,18,3,0.0,0.3999999999999718,1.86,353.65,-0.7894545670552761,-0.6383333333333319,25.73,equatorial
18.99,25.81,31.9,21.84,79.37,0.02,1.74,3.92,0.58,0.59,2024-01-19,Kumba,2024,1,19,3,0.02,0.4199999999999718,1.87,349.68,-0.7963011594719808,0.3706666666666685,25.81,equatorial
19.85,26.0,32.3,22.11,77.29,0.01,2.0,4.01,0.57,0.57,2024-01-20,Kumba,2024,1,20,3,0.03,0.3499999999999718,1.87,345.57,-0.803393466263663,0.5700000000000003,26.0,equatorial
21.91,25.61,31.9,21.61,75.22,0.0,1.33,3.63,0.56,0.56,2024-01-21,Kumba,2024,1,21,3,0.03,0.3199999999999718,0.52,324.35,-0.8408284181290177,0.19266666666666765,26.0,equatorial
19.36,26.0,31.77,22.19,77.09,0.0,2.12,3.86,0.56,0.55,2024-01-22,Kumba,2024,1,22,4,0.03,0.2199999999999718,0.45,233.99999999999997,-1.0008462890500076,0.5690000000000026,26.0,equatorial
14.8,25.96,31.23,22.23,76.71,0.05,0.74,3.25,0.55,0.55,2024-01-23,Kumba,2024,1,23,4,0.08,0.1899999999999718,0.49,222.06,-1.0217175051367777,0.5246666666666648,26.0,equatorial
20.14,26.67,32.93,21.95,69.37,0.01,1.93,3.54,0.55,0.54,2024-01-24,Kumba,2024,1,24,4,0.09,0.0899999999999718,0.5,215.67999999999998,-1.0327159285657919,1.1963333333333352,26.67,equatorial
20.25,25.05,31.89,18.4,66.64,0.0,2.19,3.4,0.54,0.53,2024-01-25,Kumba,2024,1,25,4,0.09,0.0899999999999718,0.5,208.61999999999998,-1.044913124740988,-0.4299999999999997,26.67,equatorial
19.89,25.97,31.89,21.32,74.12,0.0,1.84,3.23,0.54,0.52,2024-01-26,Kumba,2024,1,26,4,0.06999999999999999,0.0899999999999718,0.5,203.26,-1.054087825048687,0.4430000000000014,26.67,equatorial
20.74,26.32,33.64,20.51,64.06,0.0,2.17,3.62,0.53,0.51,2024-01-27,Kumba,2024,1,27,4,0.060000000000000005,0.0899999999999718,0.5,192.75,-1.0723882635751323,0.7483333333333348,26.67,equatorial
21.07,26.31,33.11,21.08,66.28,0.0,1.99,3.44,0.52,0.5,2024-01-28,Kumba,2024,1,28,4,0.060000000000000005,0.0899999999999718,0.5,179.26,-1.095959736947097,0.703000000000003,26.67,equatorial
19.82,26.75,33.04,22.41,73.63,0.0,1.43,2.87,0.52,0.5,2024-01-29,Kumba,2024,1,29,5,0.060000000000000005,0.0899999999999718,0.5,164.14,-1.122403916383517,1.1010000000000026,26.75,equatorial
17.46,26.94,33.4,21.8,69.67,0.0,1.68,2.96,0.51,0.49,2024-01-30,Kumba,2024,1,30,5,0.01,0.0899999999999718,0.49,155.87,-1.1366835411977336,1.2393333333333345,26.94,equatorial
18.86,27.31,34.27,22.88,71.21,0.01,1.61,3.04,0.51,0.48,2024-01-31,Kumba,2024,1,31,5,0.01,0.0999999999999718,0.5,151.99,-1.1431694855919707,1.5416666666666679,27.31,equatorial
16.08,27.04,33.28,23.54,75.7,0.01,1.57,2.65,0.51,0.48,2024-02-01,Kumba,2024,2,32,5,0.02,0.1099999999999718,0.51,130.57,-1.1807431272062026,1.2263333333333293,27.31,equatorial
20.83,26.76,33.1,22.98,73.85,0.0,1.44,2.47,0.5,0.48,2024-02-02,Kumba,2024,2,33,5,0.02,0.0899999999999718,0.51,111.6,-1.2139419857968756,0.895666666666667,27.31,equatorial
18.83,27.13,33.73,21.56,68.87,0.0,1.58,2.84,0.5,0.47,2024-02-03,Kumba,2024,2,34,5,0.02,0.0799999999999718,0.51,109.9,-1.2165029659690452,1.2093333333333334,27.31,equatorial
19.35,26.52,31.09,23.43,74.46,0.0,0.98,1.52,0.49,0.47,2024-02-04,Kumba,2024,2,35,5,0.02,0.0799999999999718,0.51,106.4,-1.222251742710544,0.5700000000000003,27.31,equatorial
18.45,25.82,30.43,22.3,74.0,0.0,1.42,1.6,0.49,0.47,2024-02-05,Kumba,2024,2,36,6,0.02,0.0799999999999718,0.43000000000000005,104.67,-1.2248588751644796,-0.12733333333333263,27.31,equatorial
21.15,26.74,32.28,23.35,72.22,0.0,1.63,2.23,0.49,0.46,2024-02-06,Kumba,2024,2,37,6,0.02,0.0299999999999718,0.4,102.64,-1.2279953332133937,0.7646666666666668,27.31,equatorial
20.74,25.69,29.97,22.83,77.15,0.0,1.49,1.41,0.49,0.46,2024-02-07,Kumba,2024,2,38,6,0.01,0.019999999999971797,0.30000000000000004,100.68,-1.2310050186623474,-0.2920000000000016,27.13,equatorial
20.36,27.04,33.48,22.51,73.47,0.0,1.97,2.39,0.48,0.45,2024-02-08,Kumba,2024,2,39,6,0.0,0.019999999999971797,0.22000000000000003,95.58,-1.2395750147134517,1.0066666666666642,27.13,equatorial
18.56,27.46,33.55,23.79,74.03,0.0,2.49,2.21,0.48,0.45,2024-02-09,Kumba,2024,2,40,6,0.0,0.019999999999971797,0.11,93.5,-1.2427872800655262,1.3646666666666682,27.46,equatorial
17.25,26.85,31.61,23.72,78.46,0.0,1.97,1.57,0.48,0.45,2024-02-10,Kumba,2024,2,41,6,0.0,0.019999999999971797,0.11,84.87,-1.2575988364001602,0.7300000000000004,27.46,equatorial
20.01,27.18,32.57,23.54,77.49,0.0,1.7,1.58,0.47,0.45,2024-02-11,Kumba,2024,2,42,6,0.0,0.019999999999971797,0.11,57.71,-1.3052146803231934,1.0116666666666667,27.46,equatorial
20.95,28.56,35.95,24.03,70.48,0.0,1.41,2.37,0.47,0.44,2024-02-12,Kumba,2024,2,43,7,0.0,0.019999999999971797,0.11,55.77,-1.3081204492314948,2.2919999999999945,28.56,equatorial
17.68,27.3,31.41,24.58,79.17,0.0,1.84,1.24,0.47,0.44,2024-02-13,Kumba,2024,2,44,7,0.0,0.019999999999971797,0.11,50.39,-1.3171144226731484,0.977333333333334,28.56,equatorial
19.8,27.06,30.88,24.76,79.84,0.0,1.82,1.06,0.47,0.44,2024-02-14,Kumba,2024,2,45,7,0.0,0.0099999999999718,0.11,48.72,-1.319530701922158,0.6766666666666659,28.56,equatorial
17.34,28.09,34.68,23.92,72.08,0.29,1.93,2.39,0.46,0.43,2024-02-15,Kumba,2024,2,46,7,0.29,0.2899999999999718,0.39999999999999997,43.5,-1.328228948016525,1.5793333333333344,28.56,equatorial
19.16,27.73,34.17,23.67,70.56,0.2,1.79,2.09,0.46,0.43,2024-02-16,Kumba,2024,2,47,7,0.49,0.4899999999999718,0.6,37.85,-1.3376791527820635,1.1143333333333345,28.56,equatorial
17.66,28.34,35.02,24.42,68.9,0.17,1.65,2.1,0.46,0.42,2024-02-17,Kumba,2024,2,48,7,0.66,0.6599999999999718,0.77,36.419999999999995,-1.3396507028967315,1.6063333333333318,28.56,equatorial
18.54,27.14,31.32,24.31,75.75,0.18,2.04,1.26,0.46,0.43,2024-02-18,Kumba,2024,2,49,7,0.84,0.8399999999999718,0.9299999999999999,35.15,-1.3413370951488155,0.3619999999999983,28.56,equatorial
19.79,28.1,34.15,24.32,71.51,0.52,1.75,1.92,0.45,0.42,2024-02-19,Kumba,2024,2,50,8,1.3599999999999999,1.359999999999972,1.44,34.4,-1.3421016903296312,1.251999999999999,28.34,equatorial
18.09,27.64,32.79,24.65,75.9,2.75,1.5,2.05,0.45,0.44,2024-02-20,Kumba,2024,2,51,8,4.109999999999999,4.109999999999972,4.1899999999999995,35.29,-1.3399641216458982,0.7243333333333339,28.34,equatorial
17.21,26.88,30.55,24.32,81.9,3.13,1.98,1.51,0.46,0.46,2024-02-21,Kumba,2024,2,52,8,7.24,7.239999999999972,7.32,38.230000000000004,-1.3342025600202225,-0.06500000000000128,28.34,equatorial
7.08,26.14,29.07,24.26,81.45,2.87,2.78,1.64,0.46,0.48,2024-02-22,Kumba,2024,2,53,8,9.82,10.109999999999971,10.14,40.01,-1.3304990063184787,-0.8109999999999999,28.34,equatorial
19.1,28.21,35.34,23.9,70.01,0.08,1.9,2.24,0.46,0.43,2024-02-23,Kumba,2024,2,54,8,9.700000000000001,10.189999999999971,10.21,38.3,-1.3329717951422047,1.2076666666666647,28.34,equatorial
13.66,28.3,35.15,23.7,67.27,0.01,1.92,2.22,0.46,0.42,2024-02-24,Kumba,2024,2,55,8,9.540000000000001,10.199999999999973,10.22,27.64,-1.3512686948725903,1.1893333333333338,28.3,equatorial
16.46,28.5,35.33,23.69,69.07,0.3,2.04,2.13,0.45,0.41,2024-02-25,Kumba,2024,2,56,8,9.659999999999998,10.499999999999972,10.52,25.790000000000003,-1.3539686941109499,1.3049999999999997,28.5,equatorial
18.15,28.52,34.93,24.85,72.92,1.34,1.77,2.17,0.45,0.42,2024-02-26,Kumba,2024,2,57,9,10.48,11.839999999999971,11.86,23.110000000000003,-1.3581331611813876,1.2516666666666687,28.52,equatorial
16.63,28.27,34.21,24.84,74.58,2.37,2.05,2.36,0.45,0.43,2024-02-27,Kumba,2024,2,58,9,10.1,14.209999999999972,14.23,24.04,-1.355911925542331,0.9363333333333337,28.52,equatorial
15.49,27.42,31.63,24.83,80.53,1.74,2.18,1.47,0.45,0.44,2024-02-28,Kumba,2024,2,59,9,8.71,15.949999999999973,15.97,24.09,-1.3552485698425718,0.06400000000000006,28.52,equatorial
8.76,26.87,30.67,24.65,82.58,2.64,2.02,1.29,0.45,0.45,2024-02-29,Kumba,2024,2,60,9,8.48,18.299999999999972,18.61,25.17,-1.3527658110842515,-0.48366666666666447,28.52,equatorial
21.11,27.99,33.67,23.78,73.65,0.53,1.38,1.68,0.45,0.43,2024-03-01,Kumba,2024,3,61,9,8.93,18.629999999999974,19.13,24.77,-1.3529010233508543,0.6136666666666635,28.52,equatorial
3.57,26.4,29.53,24.58,85.07,8.73,1.52,1.59,0.46,0.5,2024-03-02,Kumba,2024,3,62,9,17.65,27.189999999999973,27.85,33.0,-1.337788752843785,-0.9550000000000018,28.52,equatorial
17.85,25.97,28.95,24.19,86.58,6.23,1.67,1.28,0.47,0.52,2024-03-03,Kumba,2024,3,63,9,23.58,33.239999999999974,34.08,38.720000000000006,-1.3271268385509871,-1.358666666666668,28.52,equatorial
18.17,26.59,30.47,23.98,82.99,4.76,1.55,1.68,0.48,0.5,2024-03-04,Kumba,2024,3,64,10,27.0,37.47999999999997,38.84,42.92,-1.3191611636566258,-0.7206666666666663,28.27,equatorial
14.98,26.32,29.94,24.21,85.47,10.09,1.46,2.02,0.49,0.55,2024-03-05,Kumba,2024,3,65,10,34.72,44.81999999999997,48.93,52.25,-1.302142849457529,-0.9839999999999982,27.99,equatorial
16.32,25.94,29.09,24.0,88.93,11.35,1.52,1.64,0.5,0.57,2024-03-06,Kumba,2024,3,66,10,44.33,53.03999999999998,60.28,63.12,-1.2824218365958917,-1.3679999999999986,27.99,equatorial
18.64,26.09,29.42,24.09,85.77,1.28,1.58,1.53,0.51,0.52,2024-03-07,Kumba,2024,3,67,10,42.97,51.44999999999997,61.56,64.15,-1.280097406379285,-1.1963333333333352,27.99,equatorial
14.1,26.44,30.07,24.1,84.58,1.58,1.53,1.77,0.51,0.5,2024-03-08,Kumba,2024,3,68,10,44.019999999999996,52.949999999999974,63.14,65.67,-1.2769100987673085,-0.8713333333333324,26.59,equatorial
18.49,25.79,28.46,24.06,88.83,6.99,1.79,1.35,0.51,0.56,2024-03-09,Kumba,2024,3,69,10,42.28,59.92999999999997,70.13,72.56,-1.2642443763460993,-1.4796666666666702,26.59,equatorial
20.31,27.36,32.5,23.69,79.18,0.41,1.31,2.33,0.51,0.5,2024-03-10,Kumba,2024,3,70,10,36.46,60.03999999999998,70.54,72.85,-1.2632432194320427,0.09366666666666745,27.36,equatorial
16.98,26.84,29.88,24.96,84.99,1.51,1.23,1.34,0.51,0.51,2024-03-11,Kumba,2024,3,71,11,33.21,60.20999999999997,72.05,74.36,-1.2600893708164553,-0.42600000000000193,27.36,equatorial
18.52,26.99,31.04,24.43,85.73,2.79,1.81,2.06,0.51,0.51,2024-03-12,Kumba,2024,3,72,11,25.91,60.629999999999974,74.84,77.15,-1.2546791181585284,-0.26966666666666583,27.36,equatorial
19.32,26.66,30.06,24.58,86.47,2.36,1.97,1.71,0.51,0.51,2024-03-13,Kumba,2024,3,73,11,16.92,61.24999999999997,77.2,79.49000000000001,-1.250068309421735,-0.5363333333333316,27.36,equatorial
12.18,26.81,30.92,24.15,82.53,2.94,1.73,2.09,0.51,0.52,2024-03-14,Kumba,2024,3,74,11,18.580000000000002,61.549999999999976,80.14,82.43,-1.244402912922784,-0.370000000000001,27.36,equatorial
23.72,27.67,33.3,24.08,78.68,1.07,2.01,3.09,0.51,0.5,2024-03-15,Kumba,2024,3,75,11,18.07,62.089999999999975,81.21000000000001,83.25,-1.2424842162061742,0.4696666666666651,27.67,equatorial
21.13,27.67,32.93,23.37,77.7,0.54,1.75,2.75,0.5,0.48,2024-03-16,Kumba,2024,3,76,11,11.620000000000001,53.89999999999998,81.46,83.72,-1.2411850143954202,0.483666666666668,27.67,equatorial
18.44,27.39,31.5,24.34,80.52,0.12,1.41,1.69,0.5,0.48,2024-03-17,Kumba,2024,3,77,11,11.33,47.78999999999997,81.38000000000001,83.83999999999999,-1.2405046876656038,0.21499999999999986,27.67,equatorial
18.03,27.55,31.96,24.39,79.4,0.13,1.04,1.5,0.5,0.48,2024-03-18,Kumba,2024,3,78,12,9.950000000000001,43.159999999999975,81.34,83.97,-1.2398074408829034,0.4013333333333371,27.67,equatorial
12.41,27.68,32.63,24.45,69.91,0.02,1.5,1.73,0.49,0.48,2024-03-19,Kumba,2024,3,79,12,7.18,33.089999999999975,81.17999999999999,83.98,-1.2393226419195218,0.5133333333333319,27.68,equatorial
14.35,27.98,34.34,23.85,68.19,0.04,1.63,2.78,0.49,0.46,2024-03-20,Kumba,2024,3,80,12,4.86,21.779999999999976,80.7,84.01,-1.238803104626291,0.8173333333333339,27.98,equatorial
13.57,27.78,33.23,24.61,73.71,0.08,1.74,2.13,0.49,0.46,2024-03-21,Kumba,2024,3,81,12,2.0,20.579999999999973,78.03,82.74000000000001,-1.2405772974412768,0.6126666666666694,27.98,equatorial
17.88,27.73,33.75,24.16,78.36,0.64,2.48,2.61,0.48,0.45,2024-03-22,Kumba,2024,3,82,12,1.57,19.639999999999972,75.54,83.31,-1.2391045357864279,0.5343333333333327,27.98,equatorial
16.03,26.2,28.92,24.59,87.93,8.69,2.15,1.65,0.49,0.53,2024-03-23,Kumba,2024,3,83,12,9.719999999999999,21.339999999999975,81.36,91.99000000000001,-1.2233295928802947,-0.9976666666666674,27.98,equatorial
19.66,27.84,33.78,23.79,77.07,0.02,2.22,2.67,0.49,0.47,2024-03-24,Kumba,2024,3,84,12,9.62,20.949999999999974,81.3,92.01,-1.2228414176357498,0.6546666666666674,27.98,equatorial
18.12,27.14,31.83,24.55,81.24,0.56,2.24,1.96,0.49,0.46,2024-03-25,Kumba,2024,3,85,13,10.049999999999999,19.99999999999997,81.85,92.57000000000001,-1.221401508152154,-0.006666666666664156,27.98,equatorial
20.95,27.66,33.49,23.95,75.61,0.29,1.54,2.22,0.49,0.46,2024-03-26,Kumba,2024,3,86,13,10.319999999999999,17.49999999999997,81.84,92.86,-1.2204390728146455,0.5413333333333306,27.98,equatorial
19.76,28.67,35.91,23.87,73.9,3.59,1.83,3.35,0.48,0.47,2024-03-27,Kumba,2024,3,87,13,13.869999999999997,18.729999999999972,84.09,96.45,-1.2136589826542004,1.5463333333333331,28.67,equatorial
18.0,27.83,31.93,25.19,80.94,7.26,1.5,2.62,0.49,0.52,2024-03-28,Kumba,2024,3,88,13,21.049999999999997,23.049999999999972,88.97999999999999,103.71000000000001,-1.200414256789365,0.7209999999999965,28.67,equatorial
12.06,27.18,31.21,25.03,84.9,11.77,1.33,2.41,0.5,0.57,2024-03-29,Kumba,2024,3,89,13,32.17999999999999,33.74999999999997,99.00999999999999,115.48,-1.1792295459394164,0.07900000000000063,28.67,equatorial
19.47,26.53,29.67,24.78,90.77,14.18,2.02,2.14,0.52,0.6,2024-03-30,Kumba,2024,3,90,13,37.67,47.38999999999997,110.55,129.65,-1.1538309858973206,-0.559666666666665,28.67,equatorial
17.97,26.3,29.79,24.24,88.89,7.71,2.17,2.82,0.54,0.58,2024-03-31,Kumba,2024,3,91,13,45.35999999999999,54.979999999999976,117.72999999999999,137.35999999999999,-1.1398408098627684,-0.7333333333333343,28.67,equatorial
14.47,25.86,28.18,24.25,88.44,4.27,1.88,2.12,0.54,0.58,2024-04-01,Kumba,2024,4,92,14,49.07,59.11999999999997,113.27000000000001,141.63,-1.1319256698967448,-1.1553333333333349,28.67,equatorial
17.17,26.88,31.86,22.67,81.25,3.23,2.11,4.25,0.54,0.55,2024-04-02,Kumba,2024,4,93,14,52.01,62.32999999999997,110.27,144.85999999999999,-1.125849915042766,-0.16566666666666663,28.67,equatorial
16.66,26.42,30.87,23.88,83.45,15.94,1.96,4.2,0.55,0.63,2024-04-03,Kumba,2024,4,94,14,64.36,78.22999999999996,121.44999999999999,160.8,-1.097374070403965,-0.620000000000001,27.83,equatorial
13.58,25.33,28.55,23.73,86.24,2.65,1.36,2.15,0.55,0.58,2024-04-04,Kumba,2024,4,95,14,59.75,80.79999999999997,114.00999999999999,163.45,-1.0923452744429853,-1.6770000000000032,27.18,equatorial
5.62,25.27,28.11,23.58,89.16,4.74,1.56,2.22,0.55,0.59,2024-04-05,Kumba,2024,4,96,14,52.72,84.89999999999998,107.4,168.10999999999999,-1.0837770822929835,-1.7146666666666697,26.88,equatorial
21.41,25.8,29.59,23.32,84.53,1.48,2.01,3.06,0.55,0.57,2024-04-06,Kumba,2024,4,97,14,40.019999999999996,77.68999999999997,107.6,169.55999999999997,-1.0808730612989854,-1.1750000000000007,26.88,equatorial
16.19,26.63,30.81,23.75,83.75,5.85,1.76,3.58,0.55,0.57,2024-04-07,Kumba,2024,4,98,14,38.160000000000004,83.51999999999998,111.87,175.31,-1.070391824556665,-0.35133333333333283,26.88,equatorial
14.61,25.35,28.35,24.19,90.68,20.51,1.87,2.53,0.58,0.69,2024-04-08,Kumba,2024,4,99,15,54.4,103.46999999999997,125.39000000000001,195.74,-1.0340422025181084,-1.6166666666666636,26.88,equatorial
19.33,25.66,28.27,23.83,90.56,2.19,1.35,1.86,0.58,0.63,2024-04-09,Kumba,2024,4,100,15,53.36,105.36999999999998,127.17,197.82,-1.0300600830923394,-1.25,26.63,equatorial
8.5,25.86,28.87,23.52,88.14,2.2,1.47,2.57,0.58,0.62,2024-04-10,Kumba,2024,4,101,15,39.620000000000005,103.97999999999998,127.86,200.01999999999998,-1.0258690244546445,-1.0173333333333368,26.63,equatorial
14.73,25.49,28.04,23.97,90.98,24.79,1.78,2.23,0.59,0.69,2024-04-11,Kumba,2024,4,102,15,61.76,121.50999999999998,149.86,224.81,-0.9818620901095396,-1.337333333333337,26.63,equatorial
15.21,25.37,28.54,23.42,90.35,14.86,1.71,2.76,0.63,0.73,2024-04-12,Kumba,2024,4,103,15,71.88,124.59999999999998,162.36,239.67,-0.9553836234594099,-1.4143333333333317,26.63,equatorial
14.02,24.99,27.44,23.54,92.38,11.14,1.59,2.24,0.64,0.72,2024-04-13,Kumba,2024,4,104,15,81.54,121.55999999999997,170.56,250.81,-0.9354768237495287,-1.733666666666668,26.63,equatorial
17.76,25.47,28.99,23.34,90.51,13.17,1.87,3.78,0.65,0.74,2024-04-14,Kumba,2024,4,105,15,88.86,127.01999999999998,182.66,263.98,-0.9120016111230662,-1.1803333333333335,25.86,equatorial
18.96,26.24,30.16,23.35,86.63,8.95,1.37,3.4,0.65,0.72,2024-04-15,Kumba,2024,4,106,16,77.3,131.7,191.07,272.93,-0.8959773519831533,-0.36266666666666936,26.24,equatorial
17.06,25.4,27.96,23.98,92.52,23.36,2.14,2.95,0.68,0.79,2024-04-16,Kumba,2024,4,107,16,98.47,151.82999999999996,214.31,296.28999999999996,-0.8545555330410066,-1.1363333333333365,26.24,equatorial
15.98,25.65,28.84,23.44,90.09,0.3,1.76,3.17,0.68,0.72,2024-04-17,Kumba,2024,4,108,16,96.57000000000001,136.18999999999997,214.48,296.59,-0.8538088671884743,-0.823000000000004,26.24,equatorial
19.07,26.25,29.68,23.96,89.35,1.53,1.72,3.62,0.67,0.71,2024-04-18,Kumba,2024,4,109,16,73.31,135.07,215.98999999999998,298.1,-0.8509291449945062,-0.17533333333333445,26.25,equatorial
10.63,26.14,28.98,24.13,90.51,1.98,1.3,2.54,0.67,0.72,2024-04-19,Kumba,2024,4,110,16,60.43,132.30999999999997,217.93,300.07,-0.8472396208656082,-0.22399999999999665,26.25,equatorial
23.0,27.33,31.41,24.04,83.73,0.56,1.41,4.84,0.66,0.7,2024-04-20,Kumba,2024,4,111,16,49.849999999999994,131.39,218.41,300.63,-0.8460380268704852,0.9809999999999981,27.33,equatorial
20.31,26.23,29.59,24.12,88.03,6.53,2.01,4.62,0.66,0.72,2024-04-21,Kumba,2024,4,112,16,43.209999999999994,132.07,224.3,307.16,-0.8343094105679512,-0.06899999999999906,27.33,equatorial
15.31,25.92,29.45,23.71,88.3,5.16,2.07,4.03,0.66,0.72,2024-04-22,Kumba,2024,4,113,17,39.42,116.71999999999997,220.77,312.27,-0.8250898113371008,-0.36966666666666725,27.33,equatorial
19.58,25.68,28.48,23.86,92.09,8.99,1.77,2.64,0.67,0.73,2024-04-23,Kumba,2024,4,114,17,25.05,123.51999999999998,229.73999999999998,321.25,-0.8090487564674421,-0.5376666666666665,27.33,equatorial
16.79,25.87,28.33,24.3,93.07,4.44,1.73,2.25,0.67,0.73,2024-04-24,Kumba,2024,4,115,17,29.19,125.75999999999998,233.61999999999998,325.69,-0.8010211554725575,-0.30533333333333346,27.33,equatorial
17.38,25.99,28.72,24.27,92.68,12.82,2.08,2.78,0.68,0.76,2024-04-25,Kumba,2024,4,116,17,40.480000000000004,113.78999999999996,246.15,338.51,-0.7782157287308039,-0.12966666666666526,27.33,equatorial
17.98,25.58,27.39,24.27,92.47,3.1,1.62,1.69,0.69,0.74,2024-04-26,Kumba,2024,4,117,17,41.6,102.02999999999999,245.66,341.61,-0.7725639858688814,-0.4366666666666674,27.33,equatorial
19.41,26.62,30.46,24.05,86.6,0.98,1.33,4.26,0.68,0.72,2024-04-27,Kumba,2024,4,118,17,42.02,91.86999999999999,239.38,342.59000000000003,-0.7706540803585051,0.6436666666666682,26.62,equatorial
18.02,26.52,30.41,23.92,88.28,1.47,1.72,3.87,0.67,0.72,2024-04-28,Kumba,2024,4,119,17,36.96,80.16999999999999,229.07999999999998,344.06,-0.7678804632934249,0.5656666666666652,26.62,equatorial
16.43,26.09,28.96,24.16,91.62,3.03,1.64,2.52,0.67,0.72,2024-04-29,Kumba,2024,4,120,18,34.83,74.24999999999999,217.92999999999998,347.09000000000003,-0.7623555971624109,0.15033333333333232,26.62,equatorial
16.53,26.21,29.19,24.09,91.07,5.12,2.02,3.13,0.67,0.73,2024-04-30,Kumba,2024,4,121,18,30.96,56.009999999999984,215.34,352.2,-0.7531627274135827,0.273333333333337,26.62,equatorial
15.1,26.69,30.52,24.37,87.71,1.15,1.53,3.39,0.67,0.72,2024-05-01,Kumba,2024,5,122,18,27.67,56.859999999999985,212.22,353.34,-0.7509780788685508,0.7256666666666653,26.69,equatorial
16.91,25.51,27.38,24.13,93.05,1.7,2.04,1.97,0.67,0.72,2024-05-02,Kumba,2024,5,123,18,16.55,57.02999999999998,210.69,355.03999999999996,-0.7478060214694957,-0.4086666666666616,26.69,equatorial
14.58,24.83,26.79,23.39,95.55,2.39,2.15,1.27,0.67,0.72,2024-05-03,Kumba,2024,5,124,18,15.84,57.439999999999976,197.14000000000001,357.43,-0.7434173867554013,-1.0356666666666676,26.69,equatorial
16.52,25.7,29.08,23.4,88.81,1.42,1.75,3.76,0.67,0.72,2024-05-04,Kumba,2024,5,125,18,16.28,58.29999999999998,195.91,358.84999999999997,-0.7407421501585276,-0.17799999999999727,26.69,equatorial
17.84,26.23,29.75,23.75,88.23,1.44,1.55,3.7,0.66,0.71,2024-05-05,Kumba,2024,5,126,18,16.25,53.20999999999998,192.60999999999999,360.28999999999996,-0.7380325322136495,0.3200000000000003,26.69,equatorial
17.11,26.2,28.81,24.35,90.66,1.12,1.47,2.38,0.66,0.71,2024-05-06,Kumba,2024,5,127,19,14.34,49.16999999999998,192.25,361.40999999999997,-0.7358886711476802,0.27666666666666373,26.69,equatorial
15.86,25.83,28.52,24.27,93.45,2.27,2.38,2.22,0.66,0.71,2024-05-07,Kumba,2024,5,128,19,11.489999999999998,42.449999999999974,188.67000000000002,363.68,-0.7317155344435625,-0.06666666666666643,26.69,equatorial
9.88,25.84,28.76,24.05,91.59,0.58,1.38,1.99,0.66,0.71,2024-05-08,Kumba,2024,5,129,19,10.92,38.58999999999998,168.73999999999998,364.26,-0.7305272082427529,-0.0730000000000004,26.23,equatorial
17.2,25.89,28.38,24.06,91.77,0.99,1.44,2.26,0.65,0.7,2024-05-09,Kumba,2024,5,130,19,10.209999999999999,26.75999999999998,167.54,365.25,-0.7286154673455287,-0.030666666666665066,26.23,equatorial
18.3,26.03,28.41,24.27,90.75,2.41,1.52,2.58,0.65,0.71,2024-05-10,Kumba,2024,5,131,19,10.23,26.06999999999998,167.75,367.65999999999997,-0.7241972258659745,0.10366666666666902,26.23,equatorial
16.04,27.0,31.19,23.84,84.76,1.77,1.09,4.05,0.65,0.7,2024-05-11,Kumba,2024,5,132,19,10.58,26.85999999999998,144.73,369.43,-0.7209104589396865,1.0233333333333334,27.0,equatorial
8.93,26.22,29.03,24.56,91.6,1.89,1.58,2.61,0.65,0.7,2024-05-12,Kumba,2024,5,133,19,11.030000000000001,27.27999999999998,131.76,371.32,-0.7174128430327619,0.21499999999999986,27.0,equatorial
12.47,25.21,27.6,23.04,93.86,2.19,2.25,1.72,0.65,0.7,2024-05-13,Kumba,2024,5,134,20,12.1,26.439999999999976,122.81,373.51,-0.7133865377205039,-0.8023333333333333,27.0,equatorial
16.57,26.07,30.1,22.24,82.66,1.42,1.48,3.94,0.64,0.69,2024-05-14,Kumba,2024,5,135,20,11.25,22.73999999999998,111.06,374.93,-0.7107213926014315,0.03766666666667007,27.0,equatorial
19.57,25.86,28.52,22.99,86.41,0.68,1.84,3.42,0.64,0.68,2024-05-15,Kumba,2024,5,136,20,11.35,22.26999999999998,102.78999999999999,375.32,-0.7098763225925965,-0.15966666666666285,27.0,equatorial
16.61,26.23,29.57,24.25,87.51,4.25,1.52,4.11,0.63,0.69,2024-05-16,Kumba,2024,5,137,20,14.61,24.81999999999998,83.68,379.36999999999995,-0.702566614734757,0.18266666666666964,27.0,equatorial
16.66,26.49,29.94,24.17,89.55,6.19,1.61,3.6,0.64,0.7,2024-05-17,Kumba,2024,5,138,20,18.39,28.619999999999976,89.57,385.39,-0.691779005252942,0.4146666666666654,27.0,equatorial
15.08,25.31,27.19,23.88,92.89,2.32,2.7,2.65,0.64,0.69,2024-05-18,Kumba,2024,5,139,20,18.94,29.51999999999998,90.36,387.53000000000003,-0.6878490957250084,-0.7339999999999982,26.49,equatorial
16.43,25.36,27.7,23.83,92.16,4.06,1.52,1.99,0.64,0.7,2024-05-19,Kumba,2024,5,140,20,21.11,32.13999999999998,92.44000000000001,391.07000000000005,-0.6814467952142521,-0.6579999999999977,26.49,equatorial
15.29,25.53,28.35,23.65,91.47,2.17,1.57,2.44,0.64,0.69,2024-05-20,Kumba,2024,5,141,21,21.090000000000003,33.189999999999976,94.05000000000001,390.49,-0.6823260923191687,-0.4280000000000008,26.49,equatorial
14.5,25.42,28.02,23.57,91.66,4.5,1.54,2.07,0.64,0.7,2024-05-21,Kumba,2024,5,142,21,24.17,35.41999999999997,92.02000000000001,391.85999999999996,-0.6797593945914762,-0.5109999999999957,26.49,equatorial
9.57,24.89,26.92,23.53,93.14,6.51,1.97,2.06,0.65,0.71,2024-05-22,Kumba,2024,5,143,21,30.0,41.34999999999998,93.37,395.5,-0.6731818341048955,-1.0066666666666642,26.49,equatorial
16.72,25.38,28.7,23.01,86.93,5.22,1.63,4.47,0.65,0.71,2024-05-23,Kumba,2024,5,144,21,30.97,45.57999999999998,89.6,400.64,-0.6639549835603307,-0.5066666666666677,26.49,equatorial
13.56,25.33,29.01,23.17,88.78,11.41,2.17,4.99,0.65,0.73,2024-05-24,Kumba,2024,5,145,21,36.19,54.579999999999984,96.57,412.03999999999996,-0.6436657351703949,-0.5386666666666713,25.53,equatorial
15.98,25.24,28.78,22.82,84.72,2.98,1.94,5.5,0.66,0.71,2024-05-25,Kumba,2024,5,146,21,36.849999999999994,55.78999999999998,86.73,414.71999999999997,-0.6387957353302985,-0.603666666666669,25.53,equatorial
19.62,26.16,30.78,21.36,81.55,1.37,1.14,5.51,0.65,0.69,2024-05-26,Kumba,2024,5,147,21,34.16,55.269999999999975,85.0,414.75,-0.6386117536168643,0.2970000000000006,26.16,equatorial
15.41,25.7,28.69,23.78,92.49,85.24,2.05,3.08,0.68,0.83,2024-05-27,Kumba,2024,5,148,22,117.22999999999999,138.31999999999996,169.26,497.62,-0.49196069596338776,-0.1323333333333352,26.16,equatorial
11.79,25.52,28.02,24.0,93.05,4.68,1.86,2.63,0.74,0.78,2024-05-28,Kumba,2024,5,149,22,117.41,141.57999999999998,172.47,500.56,-0.4866728996920368,-0.2789999999999999,26.16,equatorial
16.0,25.82,28.66,23.9,91.89,3.46,1.71,2.85,0.73,0.77,2024-05-29,Kumba,2024,5,150,22,114.36,144.35999999999999,172.89999999999998,501.38,-0.48513515050961464,0.030000000000001137,26.16,equatorial
15.94,25.59,28.21,23.95,92.52,6.5,2.37,3.06,0.73,0.77,2024-05-30,Kumba,2024,5,151,22,115.64,146.60999999999999,174.27999999999997,507.34999999999997,-0.4744886728306373,-0.1793333333333358,26.16,equatorial
15.23,24.65,26.91,23.03,91.58,5.2,1.61,2.19,0.73,0.78,2024-05-31,Kumba,2024,5,152,22,109.43,145.61999999999998,178.33,503.82,-0.4806485032200959,-1.0513333333333321,26.16,equatorial
17.21,25.29,29.11,22.57,90.35,19.36,1.98,4.54,0.74,0.79,2024-06-01,Kumba,2024,6,153,22,125.81,162.65999999999997,195.98999999999998,516.9499999999999,-0.4573337388760873,-0.4039999999999999,26.16,equatorial
11.61,24.73,26.43,23.51,95.27,49.26,2.08,1.71,0.8,0.87,2024-06-02,Kumba,2024,6,154,22,173.7,207.85999999999999,242.86,561.45,-0.378516177956505,-0.9606666666666648,25.82,equatorial
14.5,25.52,29.3,23.25,90.93,8.41,2.18,4.46,0.8,0.82,2024-06-03,Kumba,2024,6,155,23,96.87,214.09999999999997,249.85,559.77,-0.38142628779569693,-0.1646666666666654,25.82,equatorial
12.49,24.36,25.75,23.06,96.6,7.7,2.57,1.21,0.8,0.82,2024-06-04,Kumba,2024,6,156,23,99.89,217.29999999999998,256.11,556.1199999999999,-0.3878227542217538,-1.2623333333333342,25.82,equatorial
12.05,25.06,28.67,22.76,91.26,17.04,2.18,4.12,0.8,0.83,2024-06-05,Kumba,2024,6,157,23,113.47,227.82999999999998,272.03,571.88,-0.3598618163604619,-0.5243333333333347,25.59,equatorial
15.43,24.74,27.71,23.05,92.75,7.68,2.4,3.2,0.82,0.83,2024-06-06,Kumba,2024,6,158,23,114.65,230.28999999999996,277.44,577.98,-0.3490040230186881,-0.8080000000000034,25.52,equatorial
12.02,24.95,28.56,22.55,90.71,5.45,2.25,4.9,0.82,0.82,2024-06-07,Kumba,2024,6,159,23,114.9,224.32999999999998,282.31,576.44,-0.3516738346311589,-0.5683333333333316,25.52,equatorial
14.35,24.21,26.19,22.78,94.88,9.67,2.29,2.08,0.82,0.83,2024-06-08,Kumba,2024,6,160,23,105.21000000000001,231.01999999999995,290.99,585.6999999999999,-0.3352193434308028,-1.2523333333333326,25.52,equatorial
10.79,23.98,25.63,22.77,96.25,14.74,2.22,1.37,0.83,0.85,2024-06-09,Kumba,2024,6,161,23,70.69000000000001,244.38999999999996,303.32,598.93,-0.31173505135468765,-1.4140000000000015,25.52,equatorial
13.77,24.07,26.27,22.41,93.07,7.59,1.94,2.58,0.84,0.84,2024-06-10,Kumba,2024,6,162,24,69.87000000000002,166.73999999999998,309.14,603.73,-0.30318356209476566,-1.2263333333333328,25.06,equatorial
15.48,24.61,28.02,22.55,90.65,18.66,2.2,4.82,0.85,0.87,2024-06-11,Kumba,2024,6,163,24,80.83000000000001,180.71999999999997,325.91,620.03,-0.274260563451816,-0.6326666666666654,25.06,equatorial
18.07,25.42,29.87,21.74,85.28,1.39,1.37,5.57,0.84,0.84,2024-06-12,Kumba,2024,6,164,24,65.18,178.64999999999998,325.11,618.48,-0.27696400861548304,0.17033333333333545,25.42,equatorial
17.23,25.82,29.21,23.36,90.21,10.95,1.44,3.45,0.84,0.84,2024-06-13,Kumba,2024,6,165,24,68.45000000000002,183.1,334.64,628.36,-0.25941387946501654,0.5786666666666669,25.82,equatorial
10.79,25.18,27.26,23.9,95.0,41.46,1.71,1.41,0.88,0.9,2024-06-14,Kumba,2024,6,166,24,104.46000000000001,219.35999999999996,375.41999999999996,669.28,-0.18685479116344558,-0.03866666666666774,25.82,equatorial
13.9,24.96,27.87,23.12,93.04,6.55,2.83,2.97,0.88,0.86,2024-06-15,Kumba,2024,6,167,24,101.34,206.54999999999998,377.71999999999997,675.71,-0.1754297862367592,-0.21633333333333127,25.82,equatorial
11.69,23.46,25.08,21.55,92.58,1.14,2.39,2.27,0.88,0.86,2024-06-16,Kumba,2024,6,168,24,87.74000000000001,158.42999999999998,372.67,676.72,-0.17361316906732058,-1.6153333333333322,25.82,equatorial
19.12,24.71,29.05,21.17,84.61,0.16,1.13,4.66,0.87,0.85,2024-06-17,Kumba,2024,6,169,25,80.31,150.17999999999998,370.51,676.8599999999999,-0.173339083119766,-0.34533333333333616,25.82,equatorial
18.04,25.42,29.9,22.27,86.62,0.52,1.48,5.25,0.86,0.84,2024-06-18,Kumba,2024,6,170,25,62.17000000000001,142.99999999999997,366.96999999999997,677.3399999999999,-0.1724621166098124,0.3626666666666658,25.82,equatorial
16.48,25.61,29.7,22.88,89.38,0.55,1.71,4.37,0.85,0.84,2024-06-19,Kumba,2024,6,171,25,61.33000000000001,126.50999999999999,365.34999999999997,677.8100000000001,-0.17160291079994816,0.5500000000000007,25.82,equatorial
14.1,24.88,27.64,23.39,93.06,25.9,1.75,2.11,0.86,0.86,2024-06-20,Kumba,2024,6,172,25,76.28,144.73,386.75,703.0699999999999,-0.1267729981599843,-0.16199999999999903,25.61,equatorial
11.04,24.52,26.67,23.07,93.47,19.11,1.78,2.29,0.88,0.88,2024-06-21,Kumba,2024,6,173,25,53.93000000000001,158.39,399.34999999999997,713.49,-0.10826943713692831,-0.5096666666666678,25.61,equatorial
15.86,25.02,29.13,22.56,91.4,19.83,2.51,5.01,0.89,0.89,2024-06-22,Kumba,2024,6,174,25,67.21000000000001,168.54999999999998,413.96,733.3,-0.07310581459704003,0.0023333333333326323,25.61,equatorial
16.26,25.01,28.82,22.54,90.99,7.77,2.44,4.65,0.89,0.87,2024-06-23,Kumba,2024,6,175,25,73.84,161.57999999999996,410.32,740.51,-0.06030103176421227,0.0030000000000036664,25.61,equatorial
13.46,24.21,26.1,22.84,93.85,25.19,1.91,2.08,0.89,0.89,2024-06-24,Kumba,2024,6,176,26,98.87000000000002,179.17999999999998,432.53,765.41,-0.016100740195383274,-0.7626666666666644,25.61,equatorial
11.62,24.29,27.46,22.25,90.03,26.45,1.63,4.18,0.92,0.91,2024-06-25,Kumba,2024,6,177,26,124.80000000000001,186.97,457.60999999999996,788.27,0.024478512986927596,-0.6203333333333312,25.61,equatorial
9.72,24.19,27.39,21.82,90.15,19.38,1.63,4.07,0.92,0.91,2024-06-26,Kumba,2024,6,178,26,143.63,204.95999999999998,391.75,800.39,0.04599130224531241,-0.6699999999999982,25.02,equatorial
16.67,24.56,28.07,22.24,90.55,9.89,2.05,4.68,0.93,0.9,2024-06-27,Kumba,2024,6,179,26,127.62000000000002,203.89999999999998,396.96,798.51,0.042646659604258175,-0.26799999999999713,25.02,equatorial
16.0,25.06,28.51,22.82,90.55,17.06,1.88,4.42,0.93,0.91,2024-06-28,Kumba,2024,6,180,26,125.57000000000002,179.49999999999997,410.55999999999995,801.39,0.04775476099061257,0.25733333333333164,25.06,equatorial
16.46,23.9,25.26,22.28,92.8,9.63,2.46,2.36,0.93,0.91,2024-06-29,Kumba,2024,6,181,26,115.37000000000002,182.57999999999996,413.68999999999994,803.31,0.051157859844886924,-0.8463333333333338,25.06,equatorial
14.87,23.64,25.95,21.96,94.58,12.28,2.24,2.17,0.93,0.91,2024-06-30,Kumba,2024,6,182,26,119.88000000000002,193.71999999999997,420.77,811.32,0.06537859586619525,-1.0726666666666667,25.06,equatorial
15.76,24.34,26.95,22.23,92.72,10.91,2.28,3.38,0.94,0.91,2024-07-01,Kumba,2024,7,183,27,105.60000000000001,204.46999999999997,412.31999999999994,819.0,0.07901303556187461,-0.3410000000000011,25.06,equatorial
13.4,24.44,27.19,22.63,93.68,8.94,2.76,3.14,0.94,0.91,2024-07-02,Kumba,2024,7,184,27,88.09,212.89,372.0,811.9999999999999,0.06656395840946132,-0.23133333333333184,25.06,equatorial
15.38,23.92,25.67,22.88,95.44,8.32,2.53,2.02,0.94,0.91,2024-07-03,Kumba,2024,7,185,27,77.03000000000002,220.66,371.91,817.67,0.07663025650049914,-0.6980000000000004,25.06,equatorial
13.25,24.32,27.3,22.75,92.76,16.19,2.45,3.76,0.94,0.92,2024-07-04,Kumba,2024,7,186,27,83.33000000000001,210.95,380.4,829.1199999999999,0.09696938084745399,-0.29666666666666686,25.06,equatorial
10.36,23.39,25.32,21.85,93.74,49.69,1.83,2.25,0.96,0.95,2024-07-05,Kumba,2024,7,187,27,115.96000000000001,241.52999999999997,413.05,877.3299999999999,0.18265125698650256,-1.1709999999999958,24.44,equatorial
15.06,23.7,26.27,21.67,93.71,4.33,1.9,2.48,0.96,0.93,2024-07-06,Kumba,2024,7,188,27,110.66000000000001,226.03,409.7,875.8100000000001,0.1799218589620717,-0.8263333333333343,24.44,equatorial
11.56,24.44,27.52,22.5,92.63,13.68,2.43,3.98,0.96,0.94,2024-07-07,Kumba,2024,7,189,27,112.06000000000002,231.93999999999997,417.93,868.9799999999999,0.16775111097159678,-0.06933333333333636,24.44,equatorial
12.86,24.01,27.06,22.28,92.23,4.68,2.52,3.75,0.96,0.93,2024-07-08,Kumba,2024,7,190,28,105.83000000000001,211.42999999999998,412.94,871.47,0.1721542638601526,-0.4926666666666648,24.44,equatorial
13.78,23.73,27.5,21.71,92.95,15.36,2.78,4.1,0.95,0.93,2024-07-09,Kumba,2024,7,191,28,112.25000000000001,200.34,413.56,884.6299999999999,0.1955343406379129,-0.7643333333333331,24.44,equatorial
13.14,23.13,24.8,21.86,95.96,35.69,2.15,1.56,0.97,0.95,2024-07-10,Kumba,2024,7,192,28,139.62,216.64999999999998,441.65999999999997,895.53,0.21489384242664533,-1.3330000000000055,24.44,equatorial
11.7,23.78,27.03,21.85,92.72,5.49,2.72,4.63,0.97,0.94,2024-07-11,Kumba,2024,7,193,28,128.92000000000002,212.24999999999997,428.48999999999995,886.16,0.19819212155950122,-0.6553333333333349,24.44,equatorial
13.39,23.89,27.39,21.85,92.64,5.51,2.42,4.22,0.96,0.93,2024-07-12,Kumba,2024,7,194,28,84.74000000000001,200.7,432.61,880.53,0.18814524704644772,-0.4943333333333335,24.44,equatorial
11.2,23.74,26.63,21.87,93.68,6.1,2.49,3.24,0.96,0.93,2024-07-13,Kumba,2024,7,195,28,86.51,197.17,427.76,873.46,0.1755360676524496,-0.5750000000000028,24.44,equatorial
13.17,23.58,26.63,21.73,93.89,6.99,2.21,3.09,0.96,0.93,2024-07-14,Kumba,2024,7,196,28,79.82000000000001,191.87999999999997,393.28999999999996,871.5,0.1720217466879546,-0.6816666666666649,24.01,equatorial
9.07,23.44,25.7,22.06,94.86,13.32,2.81,2.8,0.96,0.93,2024-07-15,Kumba,2024,7,197,29,88.46000000000001,194.29,400.06,861.4599999999999,0.15412491583426155,-0.7710000000000008,23.89,equatorial
8.87,23.85,27.1,21.76,92.88,16.19,2.54,4.12,0.96,0.93,2024-07-16,Kumba,2024,7,198,29,89.29000000000002,201.54,415.10999999999996,877.35,0.1823907724722019,-0.3739999999999988,23.89,equatorial
11.99,23.91,27.11,21.88,93.43,13.91,2.84,4.09,0.96,0.94,2024-07-17,Kumba,2024,7,199,29,67.51000000000002,207.13,428.86,889.73,0.20440646285784264,-0.2873333333333328,23.91,equatorial
9.87,23.33,25.49,22.06,94.73,25.05,2.77,2.66,0.97,0.95,2024-07-18,Kumba,2024,7,200,29,87.07000000000002,215.99,453.39,912.8,0.24545771876918998,-0.7976666666666681,23.91,equatorial
6.8,23.14,25.46,21.75,94.07,10.93,2.95,3.36,0.97,0.94,2024-07-19,Kumba,2024,7,201,29,92.49000000000002,177.23,463.77,923.17,0.2638891224016049,-0.9053333333333349,23.91,equatorial
10.16,23.54,26.93,21.46,92.17,0.97,2.92,4.99,0.96,0.93,2024-07-20,Kumba,2024,7,202,29,87.36000000000001,173.86999999999998,438.84,917.61,0.2539451503696183,-0.46066666666666833,23.91,equatorial
14.56,23.58,27.24,21.18,91.19,0.6,2.41,4.91,0.96,0.92,2024-07-21,Kumba,2024,7,203,29,80.97000000000001,160.78999999999996,420.33,913.05,0.24578300514164164,-0.38933333333333664,23.91,equatorial
13.43,24.0,28.09,21.13,89.33,0.41,1.72,4.6,0.95,0.91,2024-07-22,Kumba,2024,7,204,30,68.06000000000002,156.51999999999998,400.90999999999997,904.47,0.23045872172429951,0.06466666666666399,24.0,equatorial
14.27,24.11,28.11,21.49,90.17,0.72,2.27,5.12,0.94,0.91,2024-07-23,Kumba,2024,7,205,30,52.59000000000002,141.88,393.86,900.7499999999999,0.2237951501766402,0.20466666666666455,24.11,equatorial
10.58,24.11,28.08,21.68,91.21,1.04,2.68,5.15,0.94,0.9,2024-07-24,Kumba,2024,7,206,30,39.72000000000002,107.22999999999999,369.71,888.97,0.20276731757456495,0.2079999999999984,24.11,equatorial
11.47,23.41,27.17,21.43,93.5,16.18,2.87,3.88,0.94,0.91,2024-07-25,Kumba,2024,7,207,30,30.850000000000012,117.91999999999999,359.44,902.05,0.22605135873587356,-0.4626666666666672,24.11,equatorial
11.12,23.59,26.88,21.31,92.24,15.8,3.03,4.66,0.94,0.92,2024-07-26,Kumba,2024,7,208,30,35.72000000000001,128.20999999999998,355.86,916.87,0.2524365165260862,-0.26266666666666794,24.11,equatorial
11.04,23.71,27.45,21.47,91.56,12.99,2.52,4.63,0.95,0.92,2024-07-27,Kumba,2024,7,209,30,47.740000000000016,135.1,358.96000000000004,928.3899999999999,0.27293710695286033,-0.11433333333333451,24.11,equatorial
5.65,23.08,25.54,21.62,93.86,22.69,2.59,3.08,0.95,0.92,2024-07-28,Kumba,2024,7,210,30,69.83000000000001,150.79999999999998,364.59000000000003,948.05,0.3079513736591647,-0.6783333333333346,24.11,equatorial
10.72,23.57,27.14,21.26,91.84,18.89,2.56,4.85,0.96,0.93,2024-07-29,Kumba,2024,7,211,31,88.31000000000002,156.37,373.85,961.8199999999999,0.33245977774060664,-0.17733333333333334,24.11,equatorial
9.79,22.85,25.22,21.27,94.28,14.46,2.87,2.96,0.96,0.93,2024-07-30,Kumba,2024,7,212,31,102.05000000000001,154.64,376.03,975.13,0.3561461374959766,-0.8709999999999987,24.11,equatorial
9.31,23.57,27.44,21.35,91.64,9.47,2.9,5.64,0.96,0.93,2024-07-31,Kumba,2024,7,213,31,110.48000000000002,150.2,374.59000000000003,982.9,0.36994868603742637,-0.12533333333333374,23.71,equatorial
10.85,23.39,26.68,20.91,91.86,9.79,2.68,4.93,0.96,0.92,2024-08-01,Kumba,2024,8,214,31,104.09000000000002,134.94,375.44,990.3,0.383090079484128,-0.2703333333333333,23.71,equatorial
15.78,23.4,27.26,21.11,90.97,3.88,2.04,4.5,0.96,0.92,2024-08-02,Kumba,2024,8,215,31,92.17000000000002,127.88999999999997,371.0,992.76,0.3874164798539934,-0.24299999999999855,23.71,equatorial
12.48,23.37,27.4,20.64,90.96,2.93,2.36,5.05,0.95,0.91,2024-08-03,Kumba,2024,8,216,31,82.11000000000001,129.84999999999997,357.73999999999995,994.2499999999999,0.3900116592739333,-0.2413333333333334,23.57,equatorial
8.89,22.66,25.31,20.89,92.97,3.19,2.31,3.0,0.94,0.91,2024-08-04,Kumba,2024,8,217,31,62.610000000000014,132.44,311.24,996.3199999999999,0.3936417182366032,-0.9269999999999996,23.57,equatorial
9.16,23.35,27.68,20.55,90.86,4.98,2.44,5.07,0.94,0.91,2024-08-05,Kumba,2024,8,218,32,48.70000000000002,137.01,311.89,999.03,0.3984137735690711,-0.2253333333333316,23.57,equatorial
7.64,23.33,26.81,21.3,92.39,16.58,2.95,4.98,0.94,0.91,2024-08-06,Kumba,2024,8,219,32,50.820000000000014,152.87,314.78999999999996,1015.03,0.4269085545899267,-0.2083333333333357,23.57,equatorial
9.28,23.42,27.08,21.05,91.71,6.36,2.9,5.5,0.94,0.91,2024-08-07,Kumba,2024,8,220,32,47.710000000000015,158.19,316.46999999999997,1020.4,0.4364233159020655,-0.0986666666666629,23.42,equatorial
10.25,23.81,27.96,20.89,90.16,2.81,2.22,5.36,0.94,0.9,2024-08-08,Kumba,2024,8,221,32,40.73000000000002,144.82,303.91999999999996,1020.8,0.4370634511030779,0.2886666666666642,23.81,equatorial
11.33,23.98,28.14,21.4,90.91,12.79,2.18,5.01,0.93,0.91,2024-08-09,Kumba,2024,8,222,32,49.640000000000015,141.80999999999997,281.02000000000004,1031.82,0.45666700076535477,0.430333333333337,23.98,equatorial
11.83,23.9,27.8,21.54,92.49,17.83,2.52,4.54,0.94,0.91,2024-08-10,Kumba,2024,8,223,32,64.54000000000002,146.65,293.36,1047.76,0.4850543814576362,0.3463333333333303,23.98,equatorial
11.33,23.79,27.34,21.74,92.74,26.05,2.46,4.11,0.95,0.92,2024-08-11,Kumba,2024,8,224,32,87.40000000000002,150.01,313.90000000000003,1071.6200000000001,0.5275827691213286,0.2396666666666647,23.98,equatorial
5.95,23.25,25.79,21.65,94.45,37.24,2.55,2.62,0.96,0.94,2024-08-12,Kumba,2024,8,225,33,119.66000000000001,168.36,345.04,1107.44,0.591465925655779,-0.2839999999999989,23.98,equatorial
5.6,23.43,26.1,21.74,93.24,25.88,2.55,3.61,0.98,0.94,2024-08-13,Kumba,2024,8,226,33,128.96,179.78,363.93,1132.6399999999999,0.6363657216000306,-0.0990000000000002,23.98,equatorial
14.36,23.83,27.19,21.76,91.0,3.78,1.91,4.4,0.97,0.93,2024-08-14,Kumba,2024,8,227,33,126.38000000000001,174.09,354.39,1132.1699999999998,0.635398926291508,0.28800000000000026,23.98,equatorial
11.88,23.83,27.63,21.33,92.49,9.6,2.54,4.62,0.97,0.93,2024-08-15,Kumba,2024,8,228,33,133.17000000000002,173.89999999999998,347.8,1135.5800000000002,0.6413641242037125,0.2886666666666642,23.98,equatorial
7.68,23.27,25.94,21.59,92.43,16.16,2.3,3.68,0.97,0.94,2024-08-16,Kumba,2024,8,229,33,136.54000000000002,186.17999999999998,350.04999999999995,1149.4199999999998,0.6659628089636681,-0.25,23.9,equatorial
12.41,23.63,26.7,21.69,92.62,11.99,1.91,3.27,0.97,0.94,2024-08-17,Kumba,2024,8,230,33,130.70000000000002,195.24,336.99,1157.35,0.6799953510595389,0.10000000000000142,23.83,equatorial
8.84,23.18,25.21,21.67,93.96,9.97,2.09,2.33,0.97,0.94,2024-08-18,Kumba,2024,8,231,33,114.62,202.01999999999998,336.03000000000003,1165.1499999999999,0.6937919006937197,-0.35133333333333283,23.83,equatorial
10.62,23.08,25.05,21.43,94.57,46.93,2.42,2.59,0.98,0.96,2024-08-19,Kumba,2024,8,232,34,124.31000000000002,243.96999999999997,381.99,1207.58,0.7694678299216099,-0.4360000000000035,23.83,equatorial
8.63,23.51,26.51,21.45,92.12,41.63,2.42,4.91,0.99,0.97,2024-08-20,Kumba,2024,8,233,34,140.06000000000003,269.02,423.02000000000004,1242.6999999999998,0.8320537024341103,-0.0036666666666640424,23.83,equatorial
12.07,23.83,27.18,21.52,91.56,13.79,2.04,4.25,0.99,0.96,2024-08-21,Kumba,2024,8,234,34,150.07000000000002,276.45,436.4,1251.27,0.8471687218474254,0.3219999999999992,23.83,equatorial
5.46,23.26,25.54,21.75,94.74,20.17,2.77,2.97,0.99,0.96,2024-08-22,Kumba,2024,8,235,34,160.64000000000004,293.81,455.84999999999997,1260.03,0.8626171097064621,-0.21966666666666512,23.83,equatorial
4.9,23.03,25.73,21.48,94.74,35.58,3.0,3.34,0.99,0.97,2024-08-23,Kumba,2024,8,236,34,180.06000000000003,316.59999999999997,490.39,1292.6299999999999,0.9206634072239934,-0.4136666666666642,23.83,equatorial
11.57,23.07,26.34,20.94,92.31,2.63,1.69,3.13,0.99,0.96,2024-08-24,Kumba,2024,8,237,34,170.70000000000002,301.4,476.84000000000003,1293.8899999999999,0.9226738449321892,-0.3623333333333356,23.83,equatorial
9.1,23.68,27.51,21.28,92.23,8.34,2.62,4.83,0.98,0.96,2024-08-25,Kumba,2024,8,238,34,169.07000000000002,283.68999999999994,469.38,1216.99,0.7849931129355981,0.24466666666666725,23.83,equatorial
7.6,23.65,26.32,22.13,93.6,13.46,3.22,4.27,0.98,0.96,2024-08-26,Kumba,2024,8,239,35,135.60000000000002,259.90999999999997,469.84999999999997,1225.77,0.8005066999223335,0.216666666666665,23.83,equatorial
12.52,23.98,27.71,21.63,92.1,4.04,2.24,4.78,0.98,0.95,2024-08-27,Kumba,2024,8,240,35,98.01000000000002,238.07,451.2,1226.35,0.8013572659072377,0.5166666666666693,23.98,equatorial
14.96,24.05,27.67,21.51,92.12,2.02,2.3,4.38,0.97,0.94,2024-08-28,Kumba,2024,8,241,35,86.24000000000001,236.31,434.33,1221.87,0.7931623912528756,0.5706666666666678,24.05,equatorial
12.4,23.32,25.15,22.1,95.79,4.02,2.56,1.75,0.97,0.94,2024-08-29,Kumba,2024,8,242,35,70.09000000000002,230.73,423.89000000000004,1220.6899999999998,0.7908698665228673,-0.1750000000000007,24.05,equatorial
4.62,23.52,26.74,21.49,90.8,5.41,2.15,4.48,0.97,0.93,2024-08-30,Kumba,2024,8,243,35,39.920000000000016,219.98,419.83,1206.74,0.7657479906127174,0.026666666666667282,24.05,equatorial
13.98,23.4,26.36,21.5,92.11,1.21,1.92,3.32,0.96,0.93,2024-08-31,Kumba,2024,8,244,35,38.500000000000014,209.2,411.25,1158.69,0.6796641340218811,-0.09366666666666745,24.05,equatorial
13.14,24.15,28.23,21.4,89.82,1.02,1.8,4.89,0.96,0.92,2024-09-01,Kumba,2024,9,245,35,31.180000000000014,200.25,408.39,1151.3,0.6663090061701338,0.631333333333334,24.15,equatorial
11.47,23.65,27.05,21.57,92.7,2.13,2.72,4.13,0.95,0.91,2024-09-02,Kumba,2024,9,246,36,19.850000000000016,155.45,407.59000000000003,1145.73,0.6562119714670266,0.12199999999999633,24.15,equatorial
12.82,23.52,26.66,21.56,91.31,0.94,1.73,3.1,0.95,0.91,2024-09-03,Kumba,2024,9,247,36,16.750000000000014,114.75999999999999,405.34,1129.6299999999999,0.6272847341030356,-0.036666666666668846,24.15,equatorial
15.92,23.61,27.07,20.83,90.95,1.37,2.24,4.83,0.94,0.9,2024-09-04,Kumba,2024,9,248,36,16.100000000000016,102.33999999999999,401.73,1123.32,0.6158747503809696,0.04466666666666441,24.15,equatorial
10.16,23.88,26.55,21.75,91.9,2.31,2.19,3.57,0.94,0.9,2024-09-05,Kumba,2024,9,249,36,14.390000000000015,84.47999999999999,387.46,1120.18,0.6101377773651008,0.2963333333333331,24.15,equatorial
7.85,23.16,25.47,21.08,94.16,6.77,3.34,2.92,0.94,0.9,2024-09-06,Kumba,2024,9,250,36,15.750000000000014,55.66999999999999,387.87,1117.28,0.6048314024831554,-0.41499999999999915,24.15,equatorial
15.9,23.4,27.74,19.97,87.5,0.06,1.81,5.37,0.93,0.89,2024-09-07,Kumba,2024,9,251,36,14.600000000000014,53.09999999999998,385.12,1102.6,0.5784499286799714,-0.16133333333333155,24.15,equatorial
18.84,24.2,28.67,20.9,88.03,1.01,1.72,5.94,0.92,0.89,2024-09-08,Kumba,2024,9,252,36,14.590000000000014,45.76999999999999,373.34,1096.02,0.5665670365907535,0.6313333333333304,24.2,equatorial
13.27,24.81,29.13,22.11,87.86,10.72,1.16,4.5,0.92,0.89,2024-09-09,Kumba,2024,9,253,37,23.180000000000014,43.02999999999999,366.23,1088.08,0.5522525517167116,1.211000000000002,24.81,equatorial
16.07,24.43,28.1,22.56,92.24,12.74,2.34,3.84,0.92,0.9,2024-09-10,Kumba,2024,9,254,37,34.98000000000002,51.72999999999999,352.92,1099.4299999999998,0.5724638239382531,0.809666666666665,24.81,equatorial
11.27,24.03,27.02,22.39,93.9,11.68,2.4,2.85,0.93,0.9,2024-09-11,Kumba,2024,9,255,37,45.29000000000002,61.389999999999986,327.36,1100.16,0.5736631390571861,0.3836666666666666,24.81,equatorial
17.11,24.36,27.56,22.31,91.49,7.86,1.91,3.87,0.93,0.9,2024-09-12,Kumba,2024,9,256,37,50.84000000000002,65.22999999999999,309.34,1066.56,0.5134099162633169,0.6826666666666661,24.81,equatorial
13.95,23.52,25.7,22.14,93.24,1.67,2.2,2.42,0.93,0.89,2024-09-13,Kumba,2024,9,257,37,45.740000000000016,61.48999999999999,307.23,1061.68,0.5045819211055643,-0.14699999999999847,24.81,equatorial
12.84,23.69,26.46,22.02,93.07,6.55,2.32,3.51,0.93,0.89,2024-09-14,Kumba,2024,9,258,37,52.23000000000002,66.82999999999998,304.18,1067.09,0.5141789865857694,0.027666666666668505,24.81,equatorial
14.65,24.51,28.7,21.64,90.8,1.06,2.07,4.46,0.92,0.89,2024-09-15,Kumba,2024,9,259,37,52.280000000000015,66.86999999999999,289.08000000000004,1067.99,0.515698900504692,0.8063333333333347,24.81,equatorial
14.94,23.81,25.93,22.35,95.12,1.36,2.91,2.09,0.92,0.89,2024-09-16,Kumba,2024,9,260,38,42.920000000000016,66.1,278.45000000000005,1068.83,0.5171111725438724,0.10033333333333161,24.51,equatorial
12.58,23.21,25.33,21.37,92.94,1.27,2.43,3.09,0.91,0.88,2024-09-17,Kumba,2024,9,261,38,31.450000000000014,66.42999999999998,269.75,1069.55,0.5183083468236188,-0.5006666666666675,24.51,equatorial
16.45,23.97,28.09,21.16,87.64,1.53,1.68,5.48,0.91,0.88,2024-09-18,Kumba,2024,9,262,38,21.300000000000015,66.58999999999999,224.35,1045.18,0.4745641254005541,0.22966666666666313,24.51,equatorial
13.46,23.68,27.56,21.06,90.46,5.33,2.11,4.59,0.9,0.88,2024-09-19,Kumba,2024,9,263,38,18.770000000000017,69.60999999999999,188.04999999999998,1031.3999999999999,0.44979643831661387,-0.06599999999999895,24.51,equatorial
13.54,23.8,26.76,21.55,90.5,4.63,1.83,3.8,0.9,0.88,2024-09-20,Kumba,2024,9,264,38,21.730000000000015,67.46999999999998,178.89000000000001,1016.2,0.42248734466865434,0.05500000000000327,24.51,equatorial
14.64,24.34,27.94,21.81,89.52,1.89,1.82,4.85,0.9,0.87,2024-09-21,Kumba,2024,9,265,38,17.070000000000014,69.29999999999998,160.61,1010.3199999999999,0.4118811219073826,0.559000000000001,24.51,equatorial
15.6,24.41,27.81,22.08,91.19,3.41,1.94,4.11,0.89,0.87,2024-09-22,Kumba,2024,9,266,38,19.420000000000016,71.69999999999999,128.44,988.54,0.3727816930849844,0.583000000000002,24.41,equatorial
10.98,24.12,27.14,22.2,90.28,4.02,1.55,3.21,0.89,0.87,2024-09-23,Kumba,2024,9,267,39,22.080000000000013,64.99999999999999,129.83,966.11,0.3325200922930838,0.25800000000000267,24.41,equatorial
12.25,23.55,27.15,20.33,84.24,2.75,1.53,4.21,0.89,0.86,2024-09-24,Kumba,2024,9,268,39,23.560000000000013,55.009999999999984,124.24000000000001,949.48,0.3026577476143378,-0.3076666666666661,24.41,equatorial
17.29,24.0,28.08,21.19,86.7,1.52,1.59,5.48,0.88,0.86,2024-09-25,Kumba,2024,9,269,39,23.550000000000015,44.84999999999999,112.3,941.11,0.2876054971927358,0.1306666666666665,24.41,equatorial
14.39,24.21,28.04,21.31,89.51,0.64,2.43,5.16,0.88,0.85,2024-09-26,Kumba,2024,9,270,39,18.860000000000014,37.62999999999998,108.9,924.69,0.25811986562150724,0.33300000000000196,24.41,equatorial
9.86,23.66,25.98,22.14,94.83,11.82,2.52,2.09,0.88,0.87,2024-09-27,Kumba,2024,9,271,39,26.050000000000015,47.77999999999999,118.7,926.88,0.2620084878178085,-0.20400000000000063,24.41,equatorial
14.53,22.9,25.0,21.26,92.6,6.27,1.95,2.72,0.88,0.87,2024-09-28,Kumba,2024,9,272,39,30.430000000000014,47.499999999999986,120.94999999999999,920.87,0.2511900672514328,-0.9500000000000028,24.41,equatorial
17.09,23.66,28.26,19.71,86.48,1.06,1.78,5.53,0.88,0.86,2024-09-29,Kumba,2024,9,273,39,28.080000000000013,47.499999999999986,116.6,911.02,0.2334839567330224,-0.19466666666666654,24.21,equatorial
15.87,24.41,28.34,21.75,89.15,3.31,1.93,5.7,0.87,0.85,2024-09-30,Kumba,2024,9,274,40,27.370000000000015,49.44999999999998,118.7,905.3900000000001,0.22334911027539767,0.5216666666666683,24.41,equatorial
12.13,24.47,28.4,22.19,91.73,5.05,2.22,4.18,0.87,0.86,2024-10-01,Kumba,2024,10,275,40,29.670000000000016,53.22999999999999,122.72999999999999,902.12,0.21744899261333508,0.570999999999998,24.47,equatorial
15.08,24.34,28.02,22.13,92.62,13.93,2.84,3.87,0.87,0.87,2024-10-02,Kumba,2024,10,276,40,42.08000000000001,65.62999999999998,134.53,899.86,0.21336148208966685,0.41799999999999926,24.47,equatorial
6.49,24.09,27.29,22.6,92.99,35.19,3.27,4.16,0.91,0.91,2024-10-03,Kumba,2024,10,277,40,76.63000000000001,95.48999999999998,168.78,885.36,0.18730645703361987,0.1490000000000009,24.47,equatorial
11.68,24.0,27.1,22.21,92.06,15.69,2.46,4.16,0.91,0.89,2024-10-04,Kumba,2024,10,278,40,80.5,106.54999999999998,183.1,896.7199999999999,0.20767029352565525,0.045999999999999375,24.47,equatorial
14.3,24.21,27.2,22.39,90.27,8.45,1.32,3.07,0.91,0.89,2024-10-05,Kumba,2024,10,279,40,82.68,113.10999999999997,189.23999999999998,891.49,0.19825090478797555,0.24500000000000455,24.47,equatorial
14.63,23.63,25.96,21.95,91.88,1.68,2.43,3.38,0.91,0.88,2024-10-06,Kumba,2024,10,280,40,83.3,111.37999999999998,184.15,888.4899999999999,0.19283562431815662,-0.35066666666666535,24.47,equatorial
8.8,24.14,28.16,21.58,91.6,23.92,2.02,3.77,0.92,0.9,2024-10-07,Kumba,2024,10,281,41,103.91000000000003,131.27999999999997,208.01000000000002,897.0500000000001,0.20817887228284207,0.13466666666666427,24.47,equatorial
16.12,24.29,27.5,21.96,89.91,6.49,1.66,4.5,0.92,0.89,2024-10-08,Kumba,2024,10,282,41,105.35000000000001,135.01999999999998,213.48999999999998,867.85,0.15570655552274562,0.2816666666666663,24.34,equatorial
10.88,24.1,27.12,21.93,90.25,4.71,1.63,3.87,0.92,0.89,2024-10-09,Kumba,2024,10,283,41,96.13000000000001,138.20999999999998,207.48,867.0699999999999,0.15428318143858896,0.11533333333333218,24.29,equatorial
19.37,24.91,29.19,21.84,87.76,1.15,1.64,5.33,0.91,0.88,2024-10-10,Kumba,2024,10,284,41,62.09000000000002,138.72,195.89000000000001,862.71,0.14642852635734513,0.9093333333333327,24.91,equatorial
15.0,24.52,27.55,22.53,92.71,6.11,2.05,2.54,0.91,0.88,2024-10-11,Kumba,2024,10,285,41,52.51000000000002,133.01,190.32,862.72,0.1464255614334945,0.5030000000000001,24.91,equatorial
7.73,24.21,26.89,22.85,94.4,13.52,2.78,2.62,0.92,0.89,2024-10-12,Kumba,2024,10,286,41,57.58000000000001,140.26,195.98,869.25,0.15813869990848098,0.1980000000000004,24.91,equatorial
12.01,23.67,25.97,22.21,92.39,18.82,2.1,3.14,0.93,0.9,2024-10-13,Kumba,2024,10,287,41,74.72000000000001,158.01999999999998,213.13,874.75,0.16800057182285308,-0.34699999999999775,24.91,equatorial
15.25,23.54,27.02,20.79,88.74,2.43,1.83,4.5,0.92,0.89,2024-10-14,Kumba,2024,10,288,42,53.23000000000002,157.14,209.01,860.99,0.1432436959351385,-0.47199999999999775,24.91,equatorial
17.04,23.59,28.39,19.87,84.15,1.09,1.65,5.82,0.91,0.88,2024-10-15,Kumba,2024,10,289,42,47.83000000000001,153.18,209.04,848.17,0.12017690391941104,-0.391333333333332,24.91,equatorial
15.44,23.5,26.58,20.74,89.21,6.59,1.3,3.15,0.91,0.88,2024-10-16,Kumba,2024,10,290,42,49.710000000000015,145.84,214.27,829.71,0.08696988260844325,-0.4710000000000001,24.91,equatorial
18.16,23.86,27.28,21.75,89.83,3.74,1.71,3.75,0.91,0.88,2024-10-17,Kumba,2024,10,291,42,52.30000000000001,114.39,216.74,822.52,0.07402862865541968,-0.13266666666666538,24.52,equatorial
15.49,24.34,28.52,21.14,88.93,2.51,2.25,5.58,0.91,0.88,2024-10-18,Kumba,2024,10,292,42,48.70000000000002,101.20999999999998,217.72,824.06,0.07678783611266224,0.33500000000000085,24.34,equatorial
15.51,24.57,28.28,22.14,88.35,5.3,1.69,4.49,0.9,0.88,2024-10-19,Kumba,2024,10,293,42,40.48000000000002,98.06,217.69,828.76,0.08523090995763562,0.5353333333333339,24.57,equatorial
12.03,24.32,27.21,22.42,91.25,2.9,1.94,3.46,0.9,0.87,2024-10-20,Kumba,2024,10,294,42,24.560000000000013,99.27999999999999,215.95999999999998,831.25,0.08969829177200966,0.26799999999999713,24.57,equatorial
14.89,24.9,29.36,21.97,88.97,3.21,1.58,4.9,0.9,0.87,2024-10-21,Kumba,2024,10,295,43,25.340000000000014,78.57,217.28,833.74,0.09416565853761137,0.8293333333333308,24.9,equatorial
11.81,24.82,27.67,22.63,89.5,2.51,1.32,3.05,0.89,0.87,2024-10-22,Kumba,2024,10,296,43,26.760000000000016,74.58999999999999,216.38,835.2099999999999,0.09679758036499891,0.7356666666666634,24.9,equatorial
15.55,24.71,27.37,23.07,92.22,1.36,1.73,2.48,0.89,0.86,2024-10-23,Kumba,2024,10,297,43,21.530000000000015,71.23999999999998,213.72,820.39,0.07011254469284124,0.6060000000000016,24.9,equatorial
7.11,24.17,25.98,22.44,95.57,8.37,2.19,1.57,0.89,0.87,2024-10-24,Kumba,2024,10,298,43,26.16000000000001,78.46,219.34,812.9599999999999,0.05672914789355113,0.045333333333335446,24.9,equatorial
14.62,24.3,27.78,21.81,90.13,1.47,1.87,4.26,0.89,0.87,2024-10-25,Kumba,2024,10,299,43,25.120000000000015,73.82,219.29000000000002,801.44,0.03598297666693294,0.16533333333333644,24.9,equatorial
16.87,24.5,27.6,22.23,88.89,1.25,1.57,3.98,0.88,0.86,2024-10-26,Kumba,2024,10,300,43,21.070000000000014,61.54999999999998,219.9,780.0,-0.002623616429452975,0.35566666666666436,24.9,equatorial
15.32,25.32,29.49,22.84,89.08,11.35,1.82,5.07,0.88,0.87,2024-10-27,Kumba,2024,10,301,43,29.520000000000017,54.07999999999999,219.43,772.46,-0.016200512565475993,1.1203333333333347,25.32,equatorial
13.53,24.01,26.03,22.33,93.24,3.54,2.13,1.91,0.89,0.87,2024-10-28,Kumba,2024,10,302,44,29.850000000000016,55.18999999999998,216.7,761.54,-0.03586461242027885,-0.22666666666666657,25.32,equatorial
8.42,24.44,27.99,21.79,91.14,8.56,1.66,3.65,0.89,0.87,2024-10-29,Kumba,2024,10,303,44,35.90000000000001,62.65999999999998,224.2,760.63,-0.03749870280876129,0.17733333333333334,25.32,equatorial
15.02,24.91,28.68,22.81,89.84,4.32,1.55,3.28,0.89,0.87,2024-10-30,Kumba,2024,10,304,44,38.860000000000014,60.389999999999986,225.20999999999998,755.16,-0.047347401829853045,0.6306666666666629,25.32,equatorial
12.55,24.46,28.04,22.07,90.54,7.97,1.24,1.7,0.89,0.87,2024-10-31,Kumba,2024,10,305,44,38.460000000000015,64.61999999999999,228.13,759.25,-0.039971846952833595,0.18100000000000094,25.32,equatorial
17.02,24.96,29.75,20.73,86.07,1.52,1.36,5.23,0.89,0.86,2024-11-01,Kumba,2024,11,306,44,38.51000000000002,63.62999999999998,215.72,757.84,-0.042507026553986554,0.6603333333333339,25.32,equatorial
14.72,24.64,28.16,22.91,90.08,12.38,1.77,4.29,0.89,0.88,2024-11-02,Kumba,2024,11,307,44,49.640000000000015,70.70999999999998,192.91,767.03,-0.025938875527935952,0.32200000000000273,25.32,equatorial
16.32,25.04,28.78,22.52,88.5,0.97,1.91,4.66,0.89,0.86,2024-11-03,Kumba,2024,11,308,44,39.26000000000002,68.77999999999999,178.19,763.02,-0.0331630990187345,0.6873333333333349,25.04,equatorial
16.13,23.72,27.15,21.25,89.77,1.06,1.41,2.68,0.88,0.86,2024-11-04,Kumba,2024,11,309,45,36.780000000000015,66.62999999999998,170.8,747.5,-0.061136412829411416,-0.616333333333337,25.04,equatorial
16.0,24.4,28.59,21.28,89.37,0.65,1.94,3.33,0.88,0.86,2024-11-05,Kumba,2024,11,310,45,28.870000000000015,64.76999999999998,169.77,741.7900000000001,-0.07142272869284053,0.0379999999999967,25.04,equatorial
16.37,24.11,25.91,22.78,94.01,1.0,1.55,1.24,0.87,0.86,2024-11-06,Kumba,2024,11,311,45,25.550000000000015,64.41,146.85,739.98,-0.07467654454250847,-0.2510000000000012,25.04,equatorial
11.07,23.99,26.39,22.26,92.6,0.83,1.44,1.59,0.87,0.85,2024-11-07,Kumba,2024,11,312,45,18.410000000000018,56.86999999999998,141.19000000000003,728.02,-0.09623533591784872,-0.36100000000000065,25.04,equatorial
16.38,24.73,28.64,22.0,88.15,0.31,1.48,3.23,0.87,0.85,2024-11-08,Kumba,2024,11,313,45,17.200000000000017,55.70999999999999,136.79,710.5,-0.1278225164394886,0.35800000000000054,25.04,equatorial
13.77,24.83,28.04,22.79,90.6,0.82,1.83,2.84,0.86,0.85,2024-11-09,Kumba,2024,11,314,45,5.640000000000015,55.27999999999999,136.46,685.27,-0.1733176359653155,0.4606666666666648,25.04,equatorial
14.99,24.67,28.59,22.5,88.82,0.69,1.58,3.95,0.86,0.84,2024-11-10,Kumba,2024,11,315,45,5.3600000000000145,44.61999999999998,131.04000000000002,648.72,-0.23923483691241534,0.2956666666666692,24.83,equatorial
20.29,25.11,29.49,21.2,86.73,0.06,1.78,4.98,0.85,0.84,2024-11-11,Kumba,2024,11,316,46,4.360000000000014,41.139999999999986,117.58,622.9,-0.2857886984244553,0.7056666666666658,25.11,equatorial
20.16,25.68,30.05,22.38,86.35,1.05,2.03,5.64,0.85,0.84,2024-11-12,Kumba,2024,11,317,46,4.760000000000014,33.62999999999998,99.81,620.1700000000001,-0.29067236161977766,1.208666666666666,25.68,equatorial
11.46,25.75,29.67,23.05,88.04,1.47,1.68,4.13,0.84,0.83,2024-11-13,Kumba,2024,11,318,46,5.230000000000015,30.779999999999987,98.85000000000001,612.04,-0.3053018299587586,1.2049999999999983,25.75,equatorial
15.3,25.61,29.58,23.55,88.79,2.22,1.7,3.4,0.84,0.83,2024-11-14,Kumba,2024,11,319,46,6.620000000000014,25.029999999999987,99.98,598.1,-0.3304177809718007,0.9976666666666674,25.75,equatorial
11.69,24.32,28.36,21.85,91.11,1.95,1.99,3.19,0.83,0.83,2024-11-15,Kumba,2024,11,320,46,8.260000000000014,25.45999999999999,95.34,588.0600000000001,-0.34849169589185386,-0.31966666666666654,25.75,equatorial
18.74,24.85,29.97,20.53,83.16,0.51,1.29,5.02,0.83,0.82,2024-11-16,Kumba,2024,11,321,46,7.950000000000014,13.589999999999986,92.11,578.6,-0.3655172044638667,0.17733333333333334,25.75,equatorial
20.65,25.23,30.11,21.97,85.64,0.21,1.64,5.37,0.82,0.82,2024-11-17,Kumba,2024,11,322,46,7.470000000000015,12.829999999999986,89.81,531.8800000000001,-0.449819692843114,0.5276666666666685,25.75,equatorial
19.63,25.58,30.2,22.02,85.12,0.1,1.58,4.81,0.81,0.81,2024-11-18,Kumba,2024,11,323,47,7.510000000000014,11.869999999999987,84.61,490.35,-0.5247394439816455,0.8439999999999976,25.75,equatorial
17.79,24.66,27.82,22.31,89.31,0.3,1.9,3.45,0.8,0.81,2024-11-19,Kumba,2024,11,324,47,6.760000000000015,11.519999999999987,82.00999999999999,476.86,-0.5490088983051792,-0.08733333333333348,25.75,equatorial
16.96,25.25,29.23,22.91,88.15,0.18,1.28,3.03,0.8,0.81,2024-11-20,Kumba,2024,11,325,47,5.470000000000015,10.699999999999987,78.98,456.87,-0.5850137079761454,0.49099999999999966,25.61,equatorial
20.18,25.52,29.95,22.23,85.54,0.07,1.47,4.25,0.79,0.8,2024-11-21,Kumba,2024,11,326,47,3.320000000000014,9.939999999999987,76.53999999999999,421.36,-0.6490435048601934,0.7376666666666694,25.58,equatorial
17.2,24.94,28.71,22.77,88.52,2.34,1.95,4.67,0.79,0.8,2024-11-22,Kumba,2024,11,327,47,3.710000000000014,11.969999999999985,77.52,421.07,-0.6494397322847096,0.14999999999999858,25.58,equatorial
19.96,25.71,30.28,22.84,83.03,1.4,1.37,5.17,0.79,0.8,2024-11-23,Kumba,2024,11,328,47,4.600000000000014,12.549999999999985,70.55000000000001,414.13,-0.6618488769622971,0.868666666666666,25.71,equatorial
19.95,25.37,30.36,21.85,83.41,1.04,1.42,5.31,0.78,0.79,2024-11-24,Kumba,2024,11,329,47,5.430000000000014,12.899999999999986,70.12,401.71,-0.6841550664234041,0.49299999999999855,25.71,equatorial
18.83,25.32,29.81,22.67,84.45,2.26,1.53,5.25,0.77,0.79,2024-11-25,Kumba,2024,11,330,48,7.590000000000014,15.099999999999985,71.13000000000001,399.93,-0.6872321758122624,0.41566666666666663,25.71,equatorial
17.48,24.87,28.74,22.27,87.04,1.92,1.81,4.45,0.77,0.78,2024-11-26,Kumba,2024,11,331,48,9.210000000000013,15.969999999999986,61.699999999999996,399.83,-0.6872730480390904,-0.019333333333332092,25.71,equatorial
19.87,24.35,28.67,21.42,84.9,0.08,1.52,4.34,0.76,0.78,2024-11-27,Kumba,2024,11,332,48,9.110000000000014,14.579999999999986,58.24,395.89,-0.6942526969410753,-0.5506666666666646,25.71,equatorial
19.81,24.3,29.15,19.85,83.1,0.0,1.87,4.88,0.75,0.77,2024-11-28,Kumba,2024,11,333,48,9.040000000000013,12.359999999999985,49.68000000000001,390.48,-0.7038869305382723,-0.5960000000000001,25.71,equatorial
18.94,24.55,29.41,20.47,81.63,0.0,2.0,5.26,0.74,0.76,2024-11-29,Kumba,2024,11,334,48,6.7000000000000135,10.409999999999986,45.36,389.27,-0.7059283148722285,-0.33399999999999963,25.71,equatorial
19.63,24.96,30.16,20.97,81.46,0.0,2.22,5.25,0.73,0.76,2024-11-30,Kumba,2024,11,335,48,5.300000000000013,9.899999999999986,37.39,388.25,-0.7076257946146955,0.05933333333333479,25.37,equatorial
20.67,25.15,30.08,21.34,84.77,0.0,1.86,4.52,0.72,0.75,2024-12-01,Kumba,2024,12,336,48,4.260000000000014,9.689999999999985,35.870000000000005,386.12,-0.7113291225866214,0.24299999999999855,25.32,equatorial
17.44,25.27,30.03,22.03,85.65,0.28,1.59,4.31,0.72,0.75,2024-12-02,Kumba,2024,12,337,49,2.280000000000014,9.869999999999985,23.77,385.46000000000004,-0.712374337739766,0.34199999999999875,25.27,equatorial
15.85,24.91,29.62,21.96,85.42,3.36,1.91,4.72,0.71,0.75,2024-12-03,Kumba,2024,12,338,49,3.720000000000014,12.929999999999984,26.16,387.45,-0.7086289212751162,-0.013666666666669158,25.27,equatorial
19.56,24.72,29.65,21.46,82.74,0.03,1.46,4.73,0.71,0.74,2024-12-04,Kumba,2024,12,339,49,3.6700000000000137,12.779999999999985,25.13,385.17,-0.712603984163023,-0.23700000000000188,25.27,equatorial
19.19,24.93,30.47,20.36,82.34,0.17,1.44,4.97,0.7,0.73,2024-12-05,Kumba,2024,12,340,49,3.840000000000014,12.879999999999985,24.65,378.57000000000005,-0.7243882431512388,-0.044666666666667965,25.27,equatorial
18.3,25.11,30.3,21.6,82.93,0.59,1.49,5.05,0.69,0.72,2024-12-06,Kumba,2024,12,341,49,4.430000000000014,11.129999999999985,24.24,379.1,-0.7232777784705464,0.10200000000000031,25.27,equatorial
19.45,25.33,29.03,22.18,79.57,0.16,1.24,2.7,0.69,0.72,2024-12-07,Kumba,2024,12,342,49,4.590000000000014,9.889999999999986,23.569999999999997,378.25,-0.7246629542289704,0.2773333333333312,25.33,equatorial
14.17,24.8,29.21,21.55,80.3,0.07,1.54,3.2,0.68,0.72,2024-12-08,Kumba,2024,12,343,49,4.660000000000014,8.919999999999986,23.33,367.6,-0.7437688435243858,-0.254999999999999,25.33,equatorial
20.66,24.62,28.61,22.06,85.66,0.01,1.34,2.6,0.68,0.71,2024-12-09,Kumba,2024,12,344,50,4.390000000000014,6.669999999999985,22.52,354.87,-0.7666302182190213,-0.42799999999999727,25.33,equatorial
19.92,25.46,30.81,21.27,80.34,0.01,1.41,4.4,0.67,0.7,2024-12-10,Kumba,2024,12,345,50,1.0400000000000142,4.7599999999999865,21.839999999999996,343.2,-0.7875671507605718,0.3856666666666655,25.46,equatorial
18.73,25.87,31.03,22.23,80.38,0.01,1.35,4.02,0.66,0.69,2024-12-11,Kumba,2024,12,346,50,1.0200000000000142,4.689999999999986,21.79,335.34999999999997,-0.8015883760004879,0.7703333333333333,25.87,equatorial
16.98,25.73,30.95,21.97,82.63,0.01,1.46,4.51,0.66,0.68,2024-12-12,Kumba,2024,12,347,50,0.8600000000000143,4.699999999999986,20.749999999999996,333.69,-0.8044095045924059,0.628666666666664,25.87,equatorial
19.11,25.94,31.55,22.59,79.38,0.01,1.44,4.96,0.65,0.67,2024-12-13,Kumba,2024,12,348,50,0.28000000000001424,4.709999999999986,19.29,327.15000000000003,-0.8160559913922528,0.8323333333333345,25.94,equatorial
19.14,25.49,30.3,22.14,81.83,0.0,1.59,4.41,0.64,0.66,2024-12-14,Kumba,2024,12,349,50,0.12000000000001422,4.709999999999986,17.07,326.09000000000003,-0.8177863348601399,0.386333333333333,25.94,equatorial
18.05,24.64,29.52,19.93,83.62,0.0,1.92,3.33,0.63,0.66,2024-12-15,Kumba,2024,12,350,50,0.050000000000014214,4.709999999999986,15.12,324.73,-0.8200587485789236,-0.4743333333333304,25.94,equatorial
15.77,25.34,30.0,22.55,81.76,0.0,1.22,2.81,0.63,0.65,2024-12-16,Kumba,2024,12,351,51,0.04000000000001421,4.4299999999999855,14.61,323.46000000000004,-0.8221675792084672,0.20933333333333337,25.94,equatorial
13.21,24.49,28.56,21.45,78.04,0.0,1.49,2.51,0.62,0.65,2024-12-17,Kumba,2024,12,352,51,0.03000000000001421,1.0699999999999859,14.399999999999999,321.93,-0.8247460204972088,-0.6160000000000032,25.94,equatorial
17.68,25.44,31.11,21.54,72.96,0.0,1.44,4.29,0.62,0.64,2024-12-18,Kumba,2024,12,353,51,0.020000000000014208,1.0399999999999858,14.299999999999999,316.6,-0.8341979612021633,0.33866666666666845,25.94,equatorial
15.85,25.28,29.67,21.23,79.99,0.02,1.44,3.65,0.61,0.63,2024-12-19,Kumba,2024,12,354,51,0.030000000000014213,0.8899999999999859,14.019999999999998,311.99,-0.8423437563820949,0.1579999999999977,25.94,equatorial
17.17,24.99,29.37,21.33,78.89,0.02,1.73,3.64,0.61,0.62,2024-12-20,Kumba,2024,12,355,51,0.04000000000001422,0.3199999999999858,13.86,310.12,-0.8455292615068293,-0.1233333333333384,25.49,equatorial
18.93,25.37,30.98,20.32,80.17,0.01,1.76,3.98,0.6,0.62,2024-12-21,Kumba,2024,12,356,51,0.050000000000014214,0.1699999999999858,13.799999999999999,306.71999999999997,-0.8514817256740765,0.2616666666666667,25.44,equatorial
18.99,25.4,31.0,20.91,81.84,0.0,1.83,4.0,0.59,0.61,2024-12-22,Kumba,2024,12,357,51,0.050000000000014214,0.0999999999999858,11.46,302.7,-0.8585536416392852,0.27633333333333,25.44,equatorial
18.87,26.12,32.2,21.48,78.68,0.0,1.64,4.11,0.59,0.6,2024-12-23,Kumba,2024,12,358,52,0.050000000000014214,0.0899999999999858,10.06,299.95,-0.863324849689037,0.9826666666666668,26.12,equatorial
19.32,25.62,30.32,22.48,82.62,0.0,1.7,3.37,0.58,0.59,2024-12-24,Kumba,2024,12,359,52,0.050000000000014214,0.07999999999998579,9.02,298.43,-0.8658685701518474,0.47433333333333394,26.12,equatorial
18.82,26.37,31.95,22.46,79.13,0.0,1.69,3.94,0.57,0.58,2024-12-25,Kumba,2024,12,360,52,0.050000000000014214,0.0699999999999858,6.759999999999999,297.78999999999996,-0.866818958575456,1.1893333333333302,26.37,equatorial
18.07,25.32,28.8,22.95,85.18,0.0,1.71,2.42,0.57,0.58,2024-12-26,Kumba,2024,12,361,52,0.03000000000001421,0.05999999999998579,4.84,285.96999999999997,-0.887999615872269,0.12433333333333252,26.37,equatorial
18.98,25.79,31.09,22.58,80.93,0.02,1.37,3.27,0.57,0.57,2024-12-27,Kumba,2024,12,362,52,0.030000000000014213,0.0699999999999858,4.78,279.72,-0.8990918105924257,0.5463333333333331,26.37,equatorial
17.39,25.88,31.47,22.18,77.86,0.7,1.62,3.78,0.56,0.56,2024-12-28,Kumba,2024,12,363,52,0.7200000000000142,0.7699999999999858,5.48,279.36,-0.8995205729767922,0.5836666666666659,26.37,equatorial
15.7,25.85,31.85,22.76,77.63,0.53,1.45,2.98,0.55,0.56,2024-12-29,Kumba,2024,12,364,52,1.2500000000000142,1.2999999999999858,6.01,276.58,-0.9043285659416244,0.5103333333333353,26.37,equatorial
17.77,26.17,31.94,22.45,78.37,0.15,1.44,3.12,0.55,0.55,2024-12-30,Kumba,2024,12,365,1,1.4000000000000141,1.4499999999999857,6.16,271.68,-0.912970993081607,0.7899999999999991,26.37,equatorial
19.72,26.81,32.7,22.72,77.25,0.31,1.57,3.51,0.54,0.54,2024-12-31,Kumba,2024,12,366,1,1.7100000000000142,1.7599999999999858,6.47,258.06,-0.9373900980094478,1.3746666666666663,26.81,equatorial
19.29,26.71,32.35,23.44,75.69,0.03,1.39,3.1,0.54,0.53,2025-01-01,Kumba,2025,1,1,1,1.7400000000000142,1.7899999999999858,6.22,222.89999999999998,-1.0007772942274828,1.2266666666666666,26.81,equatorial
19.09,26.44,32.44,22.93,74.83,0.0,1.51,3.15,0.54,0.52,2025-01-02,Kumba,2025,1,2,1,1.7400000000000142,1.7699999999999858,2.86,207.20999999999998,-1.0288960382395778,0.9056666666666686,26.81,equatorial
17.44,26.84,33.01,23.0,76.56,0.0,1.47,3.29,0.53,0.51,2025-01-03,Kumba,2025,1,3,1,1.7200000000000142,1.7499999999999858,2.83,198.76,-1.0438971815835536,1.2349999999999994,26.84,equatorial
18.17,26.83,32.52,23.67,78.02,0.0,1.63,2.9,0.52,0.51,2025-01-04,Kumba,2025,1,4,1,1.0200000000000142,1.7399999999999858,2.6599999999999997,197.07999999999998,-1.046638967195997,1.1616666666666617,26.84,equatorial
19.09,26.84,33.42,22.9,72.93,0.0,2.41,3.04,0.52,0.5,2025-01-05,Kumba,2025,1,5,1,0.4900000000000142,1.7399999999999858,2.07,173.16,-1.0896216226337323,1.1140000000000008,26.84,equatorial
18.93,26.46,32.43,23.07,76.68,0.0,1.69,2.78,0.52,0.49,2025-01-06,Kumba,2025,1,6,2,0.3400000000000142,1.7399999999999858,1.91,166.67,-1.1010388379811018,0.6963333333333352,26.84,equatorial
17.27,26.24,32.63,21.05,71.96,0.0,1.57,2.69,0.51,0.49,2025-01-07,Kumba,2025,1,7,2,0.03000000000001421,1.7399999999999858,1.8399999999999999,161.95999999999998,-1.1092279616681926,0.428333333333331,26.84,equatorial
19.22,26.71,34.1,20.65,67.9,0.0,1.85,3.19,0.51,0.48,2025-01-08,Kumba,2025,1,8,2,0.0,1.7399999999999858,1.8299999999999998,160.81,-1.1109707553146655,0.8286666666666669,26.84,equatorial
17.82,25.47,30.04,22.46,80.74,0.0,1.86,1.75,0.5,0.48,2025-01-09,Kumba,2025,1,9,2,0.0,1.7399999999999858,1.8199999999999998,154.7,-1.121685947123254,-0.4116666666666653,26.84,equatorial
19.93,26.5,33.06,22.14,68.63,0.0,1.74,2.74,0.5,0.47,2025-01-10,Kumba,2025,1,10,2,0.0,1.7199999999999858,1.8099999999999998,141.17999999999998,-1.1457990268823728,0.597333333333335,26.84,equatorial
19.73,26.28,33.59,20.22,68.29,0.0,2.32,2.81,0.49,0.46,2025-01-11,Kumba,2025,1,11,2,0.0,1.0199999999999858,1.7999999999999998,122.36,-1.1794819789307507,0.35900000000000176,26.84,equatorial
17.3,26.46,32.37,22.84,75.21,0.0,2.13,2.45,0.49,0.46,2025-01-12,Kumba,2025,1,12,2,0.0,0.4899999999999859,1.7899999999999998,119.93,-1.1834927234044932,0.5216666666666683,26.71,equatorial
18.26,26.37,32.91,22.01,70.64,0.0,1.76,2.54,0.48,0.45,2025-01-13,Kumba,2025,1,13,3,0.0,0.33999999999998587,1.7899999999999998,118.84,-1.1850767964916387,0.40233333333333476,26.71,equatorial
17.63,27.13,34.19,22.82,68.74,0.0,1.62,2.57,0.48,0.45,2025-01-14,Kumba,2025,1,14,3,0.0,0.0299999999999859,1.7899999999999998,112.25,-1.1966070906338218,1.0793333333333344,27.13,equatorial
17.17,26.88,32.83,23.01,73.39,0.0,1.6,2.01,0.48,0.45,2025-01-15,Kumba,2025,1,15,3,0.0,0.0,1.7899999999999998,108.51,-1.2029742364888865,0.7780000000000022,27.13,equatorial
18.33,26.8,33.56,22.22,73.19,0.63,1.78,2.3,0.47,0.45,2025-01-16,Kumba,2025,1,16,3,0.6300000000000142,0.6299999999999859,2.42,106.63,-1.2059728651116115,0.6210000000000022,27.13,equatorial
17.55,26.3,31.69,23.34,76.84,1.88,1.52,1.96,0.47,0.46,2025-01-17,Kumba,2025,1,17,3,2.510000000000014,2.5099999999999856,4.3,103.21,-1.2117538987945256,0.09233333333333249,27.13,equatorial
15.0,25.84,30.33,23.39,82.01,7.85,2.01,2.29,0.48,0.51,2025-01-18,Kumba,2025,1,18,3,10.360000000000014,10.359999999999985,12.129999999999999,108.16,-1.202396297931384,-0.386333333333333,27.13,equatorial
13.52,24.75,29.47,21.87,84.28,1.85,2.31,1.8,0.49,0.5,2025-01-19,Kumba,2025,1,19,3,12.210000000000013,12.209999999999985,13.96,106.8,-1.204454866370457,-1.4683333333333302,27.13,equatorial
16.77,25.41,31.33,21.48,79.55,2.93,2.14,2.52,0.49,0.48,2025-01-20,Kumba,2025,1,20,4,15.140000000000015,15.139999999999986,16.88,107.22,-1.203293789457557,-0.8096666666666685,27.13,equatorial
14.91,26.51,32.37,23.16,77.11,0.4,1.62,2.17,0.49,0.47,2025-01-21,Kumba,2025,1,21,4,15.540000000000013,15.539999999999985,17.279999999999998,106.25999999999999,-1.2046284964670106,0.2533333333333374,26.88,equatorial
15.9,26.92,33.69,22.85,75.52,0.29,2.24,2.39,0.48,0.45,2025-01-22,Kumba,2025,1,22,4,15.830000000000014,15.829999999999986,17.57,98.18,-1.2188329711319295,0.6366666666666667,26.92,equatorial
18.21,26.47,31.33,23.5,78.51,0.31,2.11,1.9,0.48,0.45,2025-01-23,Kumba,2025,1,23,4,15.510000000000012,16.139999999999986,17.88,97.02000000000001,-1.220517749758666,0.158333333333335,26.92,equatorial
18.58,26.64,32.39,23.03,74.36,0.23,2.12,2.08,0.47,0.45,2025-01-24,Kumba,2025,1,24,4,13.860000000000014,16.369999999999987,18.11,96.0,-1.221948206016075,0.3193333333333328,26.92,equatorial
19.25,26.89,33.35,23.1,74.27,0.19,2.07,2.14,0.47,0.44,2025-01-25,Kumba,2025,1,25,4,6.200000000000014,16.559999999999985,18.3,84.84,-1.2417035167971,0.5169999999999995,26.92,equatorial
19.03,27.04,33.37,23.32,72.29,0.02,2.27,2.11,0.47,0.43,2025-01-26,Kumba,2025,1,26,4,4.370000000000014,16.579999999999984,18.3,81.32000000000001,-1.2476357704698375,0.6253333333333302,27.04,equatorial
19.06,27.49,34.97,22.57,69.16,0.01,2.22,2.43,0.46,0.42,2025-01-27,Kumba,2025,1,27,5,1.4500000000000142,16.589999999999986,17.61,72.77000000000001,-1.2626521545531608,1.0216666666666612,27.49,equatorial
20.51,26.48,32.56,22.52,74.23,0.01,2.34,1.82,0.46,0.42,2025-01-28,Kumba,2025,1,28,5,1.060000000000014,16.599999999999987,17.09,68.46,-1.2699946652161933,-0.009333333333334082,27.49,equatorial
19.99,27.31,34.58,22.48,65.21,0.01,1.56,2.27,0.46,0.41,2025-01-29,Kumba,2025,1,29,5,0.7800000000000142,16.609999999999985,16.95,60.5,-1.2839250224818108,0.7826666666666675,27.49,equatorial
18.92,27.56,34.79,22.6,66.23,0.01,1.19,2.08,0.45,0.41,2025-01-30,Kumba,2025,1,30,5,0.48000000000001425,15.989999999999984,16.65,58.99,-1.2861912465424978,1.0076666666666654,27.56,equatorial
19.11,27.36,34.34,22.71,70.2,0.01,1.47,1.82,0.45,0.41,2025-01-31,Kumba,2025,1,31,5,0.26000000000001416,14.119999999999985,16.63,46.62,-1.3080717615761333,0.7859999999999978,27.56,equatorial
17.88,27.74,34.73,23.22,68.21,0.02,2.32,1.92,0.45,0.4,2025-02-01,Kumba,2025,2,32,5,0.09000000000001421,6.289999999999986,16.650000000000002,45.67,-1.309306474413085,1.1226666666666674,27.74,equatorial
16.67,27.82,34.82,23.93,67.98,0.03,2.36,1.8,0.44,0.4,2025-02-02,Kumba,2025,2,33,5,0.10000000000001422,4.4699999999999855,16.68,44.64,-1.310684594663891,1.1700000000000017,27.82,equatorial
19.59,27.83,35.23,23.39,68.93,0.03,1.76,1.72,0.44,0.4,2025-02-03,Kumba,2025,2,34,6,0.1200000000000142,1.5699999999999859,16.71,44.019999999999996,-1.3113211625652217,1.1466666666666647,27.83,equatorial
17.28,27.9,34.43,23.8,72.88,0.06,2.38,1.6,0.44,0.39,2025-02-04,Kumba,2025,2,35,6,0.1700000000000142,1.2299999999999858,16.77,43.08,-1.312534998530362,1.1813333333333311,27.9,equatorial
16.15,27.77,33.4,24.41,73.09,0.02,3.05,1.4,0.44,0.39,2025-02-05,Kumba,2025,2,36,6,0.18000000000001423,0.9599999999999859,16.79,42.27,-1.31351308454199,1.0076666666666654,27.9,equatorial
15.79,27.8,34.46,24.27,72.75,0.01,3.0,1.49,0.43,0.39,2025-02-06,Kumba,2025,2,37,6,0.1800000000000142,0.6599999999999858,16.8,41.97,-1.3135696874284235,0.9856666666666705,27.9,equatorial
17.89,27.94,33.49,24.15,73.69,0.0,2.58,1.3,0.43,0.39,2025-02-07,Kumba,2025,2,38,6,0.1700000000000142,0.42999999999998584,16.8,41.15,-1.314564932410472,1.0846666666666707,27.94,equatorial
18.5,27.34,32.29,24.6,76.34,0.01,2.33,0.89,0.43,0.39,2025-02-08,Kumba,2025,2,39,6,0.16000000000001421,0.2499999999999858,16.810000000000002,40.47,-1.3153066508485187,0.4223333333333308,27.94,equatorial
17.41,27.95,34.66,24.43,72.04,0.01,2.39,1.26,0.43,0.39,2025-02-09,Kumba,2025,2,40,6,0.14000000000001422,0.2399999999999858,16.82,40.42,-1.3149108198338502,0.9839999999999982,27.95,equatorial
18.25,28.3,35.21,24.41,70.6,0.07,1.9,1.3,0.43,0.38,2025-02-10,Kumba,2025,2,41,7,0.1800000000000142,0.2999999999999858,16.89,39.440000000000005,-1.3161936142326127,1.2666666666666657,28.3,equatorial
17.79,27.61,33.36,24.16,74.46,0.12,2.3,1.08,0.43,0.39,2025-02-11,Kumba,2025,2,42,7,0.2400000000000142,0.40999999999998576,17.01,38.089999999999996,-1.3181428797589099,0.5383333333333304,28.3,equatorial
16.8,27.21,32.88,24.02,77.01,0.07,2.11,0.87,0.42,0.39,2025-02-12,Kumba,2025,2,43,7,0.2900000000000142,0.46999999999998576,17.080000000000002,35.94,-1.3215336863752534,0.11033333333333317,28.3,equatorial
18.46,27.28,33.53,23.41,74.34,0.01,2.65,1.25,0.42,0.38,2025-02-13,Kumba,2025,2,44,7,0.2900000000000142,0.46999999999998576,17.09,34.0,-1.3245425410512421,0.17533333333333445,28.3,equatorial
17.92,28.11,35.78,23.39,67.46,0.02,2.12,1.53,0.42,0.37,2025-02-14,Kumba,2025,2,45,7,0.3100000000000142,0.4799999999999858,17.11,33.51,-1.3249331956392005,0.9643333333333324,28.3,equatorial
17.58,28.46,36.3,24.11,66.49,0.63,2.35,1.73,0.42,0.37,2025-02-15,Kumba,2025,2,46,7,0.9300000000000143,1.0899999999999859,17.11,33.93,-1.323682323528678,1.2590000000000003,28.46,equatorial
16.81,28.46,36.31,24.4,68.56,0.43,2.15,1.6,0.42,0.37,2025-02-16,Kumba,2025,2,47,7,1.3500000000000143,1.4899999999999858,15.659999999999998,34.26,-1.3225950227913073,1.1869999999999976,28.46,equatorial
18.06,28.35,36.02,24.2,70.74,0.72,2.22,1.74,0.42,0.37,2025-02-17,Kumba,2025,2,48,8,2.000000000000014,2.1799999999999855,8.530000000000001,34.67999999999999,-1.3213465445672044,0.9933333333333323,28.46,equatorial
17.32,27.99,34.48,24.26,71.73,1.19,2.04,1.51,0.41,0.38,2025-02-18,Kumba,2025,2,49,8,3.0700000000000145,3.3099999999999854,7.870000000000001,35.69,-1.3190355437612478,0.5253333333333323,28.46,equatorial
15.97,27.71,33.77,24.37,71.64,1.25,1.99,1.52,0.41,0.39,2025-02-19,Kumba,2025,2,50,8,4.250000000000014,4.539999999999986,6.1899999999999995,36.87,-1.3164203113136927,0.16866666666666674,28.46,equatorial
16.97,27.77,34.33,24.18,72.96,1.38,2.46,1.64,0.41,0.39,2025-02-20,Kumba,2025,2,51,8,5.620000000000014,5.909999999999986,7.17,35.91,-1.3176653213208258,0.18666666666666742,28.46,equatorial
15.66,27.19,32.17,24.3,75.71,1.09,1.94,1.12,0.41,0.4,2025-02-21,Kumba,2025,2,52,8,6.690000000000015,6.999999999999986,7.97,35.6,-1.3177376299488295,-0.4023333333333312,28.46,equatorial
14.18,25.87,28.73,24.14,83.79,2.18,2.51,0.77,0.42,0.41,2025-02-22,Kumba,2025,2,53,8,8.240000000000014,9.169999999999986,9.84,36.74,-1.3151966023877626,-1.7023333333333355,28.46,equatorial
15.59,26.07,30.73,23.07,78.98,1.84,2.56,1.37,0.42,0.42,2025-02-23,Kumba,2025,2,54,8,9.650000000000015,10.999999999999986,11.45,36.32,-1.315469362737914,-1.4833333333333307,28.35,equatorial
16.67,25.92,29.64,23.57,81.09,1.2,2.05,0.79,0.42,0.41,2025-02-24,Kumba,2025,2,55,9,10.130000000000013,12.129999999999987,12.46,35.6,-1.316282538607645,-1.600999999999999,27.99,equatorial
16.62,27.1,33.19,23.28,77.34,2.62,2.26,1.8,0.42,0.42,2025-02-25,Kumba,2025,2,56,9,11.560000000000015,14.629999999999985,15.06,38.14,-1.3112212233826437,-0.4230000000000018,27.77,equatorial
12.38,26.14,29.38,24.16,81.32,2.89,2.12,1.07,0.42,0.44,2025-02-26,Kumba,2025,2,57,9,13.200000000000014,17.44999999999999,17.94,41.029999999999994,-1.305534101193467,-1.338000000000001,27.77,equatorial
17.74,27.69,34.02,23.21,71.35,0.68,1.65,1.5,0.42,0.41,2025-02-27,Kumba,2025,2,58,9,12.500000000000016,18.119999999999987,18.61,41.709999999999994,-1.3038335002541173,0.1716666666666704,27.69,equatorial
18.42,28.38,35.93,23.9,70.62,1.48,2.11,2.04,0.42,0.4,2025-02-28,Kumba,2025,2,59,9,12.890000000000015,19.579999999999984,20.080000000000002,43.19,-1.3006935048458195,0.8260000000000005,28.38,equatorial
17.18,27.57,32.96,24.64,75.19,2.53,2.41,1.65,0.42,0.41,2025-03-01,Kumba,2025,3,60,9,13.240000000000014,21.479999999999986,22.6,45.72,-1.2956652588351625,0.01566666666666805,28.38,equatorial
19.71,28.28,34.99,24.34,73.43,1.41,2.28,1.81,0.42,0.42,2025-03-02,Kumba,2025,3,61,9,12.810000000000015,22.459999999999987,24.0,46.849999999999994,-1.2931629993079403,0.6950000000000038,28.38,equatorial
18.02,26.68,30.49,24.46,82.54,2.79,2.3,1.32,0.42,0.42,2025-03-03,Kumba,2025,3,62,10,14.400000000000015,24.529999999999983,26.77,46.279999999999994,-1.2937244585701522,-0.8696666666666673,28.38,equatorial
15.4,27.49,33.79,23.9,77.34,3.93,2.55,2.35,0.43,0.45,2025-03-04,Kumba,2025,3,63,10,15.710000000000013,27.269999999999985,30.67,50.18,-1.2862365643690221,-0.04866666666666575,28.38,equatorial
14.0,27.12,32.27,24.05,78.43,2.58,1.68,1.68,0.43,0.43,2025-03-05,Kumba,2025,3,64,10,15.400000000000015,28.599999999999987,33.22,52.59,-1.2814381608083854,-0.394999999999996,28.38,equatorial
16.8,28.01,35.62,23.63,73.27,2.35,2.54,2.43,0.43,0.42,2025-03-06,Kumba,2025,3,65,10,17.070000000000014,29.569999999999986,35.51,54.349999999999994,-1.2778143062008822,0.49133333333333695,28.38,equatorial
17.43,28.9,37.17,23.6,68.34,0.75,2.3,2.39,0.43,0.41,2025-03-07,Kumba,2025,3,66,10,16.340000000000014,29.229999999999983,36.24,54.94,-1.2762999646638593,1.343666666666664,28.9,equatorial
16.27,28.55,35.82,24.62,71.8,0.42,2.47,1.64,0.42,0.39,2025-03-08,Kumba,2025,3,67,10,14.230000000000015,27.469999999999985,36.650000000000006,55.29,-1.2752190473198939,0.9686666666666639,28.9,equatorial
16.97,28.25,34.17,24.72,73.91,0.5,2.48,1.47,0.42,0.39,2025-03-09,Kumba,2025,3,68,10,13.320000000000014,26.129999999999985,37.150000000000006,55.78,-1.2738871692835851,0.658333333333335,28.9,equatorial
16.72,28.85,35.84,24.59,69.97,0.42,2.3,1.72,0.42,0.39,2025-03-10,Kumba,2025,3,69,11,10.950000000000015,25.349999999999987,37.56,56.19,-1.2727005165320215,1.208000000000002,28.9,equatorial
15.78,28.46,34.98,24.91,73.03,0.47,3.12,1.46,0.42,0.39,2025-03-11,Kumba,2025,3,70,11,7.490000000000014,23.199999999999985,38.02,56.65,-1.271424997885954,0.8009999999999984,28.9,equatorial
16.94,26.71,30.75,24.67,82.46,11.78,2.78,1.99,0.43,0.48,2025-03-12,Kumba,2025,3,71,11,16.690000000000012,32.08999999999999,49.730000000000004,68.42,-1.2497984065551868,-0.8959999999999972,28.9,equatorial
18.07,26.79,31.68,23.96,80.97,4.18,2.46,2.26,0.44,0.48,2025-03-13,Kumba,2025,3,72,11,18.52000000000001,35.58999999999998,53.790000000000006,72.59,-1.241865263702884,-0.7886666666666677,28.9,equatorial
17.62,26.85,31.98,23.55,77.96,4.22,2.15,2.33,0.44,0.45,2025-03-14,Kumba,2025,3,73,11,21.990000000000013,38.329999999999984,57.940000000000005,76.81,-1.2338487776653329,-0.716666666666665,28.85,equatorial
17.52,27.78,34.11,23.59,74.02,4.37,2.08,2.9,0.45,0.46,2025-03-15,Kumba,2025,3,74,11,25.940000000000012,40.16999999999999,62.3,81.17999999999999,-1.2255690190705542,0.19666666666666544,28.85,equatorial
17.1,27.19,32.24,23.95,79.07,7.13,2.3,2.54,0.45,0.48,2025-03-16,Kumba,2025,3,75,11,32.570000000000014,45.88999999999998,69.41,88.31,-1.2123305761710164,-0.3626666666666658,28.85,equatorial
17.15,26.24,30.1,24.22,84.27,6.05,2.5,1.97,0.46,0.5,2025-03-17,Kumba,2025,3,76,12,38.20000000000001,49.149999999999984,74.83000000000001,94.36,-1.2010454599139526,-1.238666666666667,28.46,equatorial
18.13,26.33,30.63,23.54,79.17,3.76,2.0,2.24,0.46,0.48,2025-03-18,Kumba,2025,3,77,12,41.49000000000001,48.97999999999998,78.16,98.11999999999999,-1.1938885325982533,-1.0776666666666692,27.78,equatorial
16.63,27.26,32.47,23.24,72.43,0.62,1.85,2.02,0.46,0.44,2025-03-19,Kumba,2025,3,78,12,30.330000000000013,47.01999999999998,78.06,98.72,-1.192421284689572,-0.11133333333333084,27.78,equatorial
16.75,26.46,31.4,23.78,79.15,4.42,2.34,1.95,0.46,0.45,2025-03-20,Kumba,2025,3,79,12,30.57000000000001,49.08999999999998,81.29,103.12,-1.1841202354475273,-0.8603333333333332,27.78,equatorial
16.48,25.68,29.23,23.36,83.11,2.58,2.03,1.65,0.46,0.48,2025-03-21,Kumba,2025,3,80,12,28.930000000000014,50.91999999999998,82.62,105.69,-1.179116919493628,-1.5726666666666667,27.78,equatorial
19.06,26.02,30.01,23.7,84.51,3.43,1.48,1.55,0.46,0.47,2025-03-22,Kumba,2025,3,81,12,27.990000000000016,53.92999999999998,84.67,109.12,-1.1725706744651696,-1.1743333333333368,27.26,equatorial
18.52,26.1,30.27,23.46,82.67,2.77,1.98,1.8,0.47,0.47,2025-03-23,Kumba,2025,3,82,12,23.630000000000013,56.19999999999998,86.35000000000001,111.89,-1.1672162812597713,-1.0579999999999998,27.26,equatorial
17.62,27.05,32.9,23.44,77.93,2.56,1.86,2.53,0.47,0.46,2025-03-24,Kumba,2025,3,83,13,20.14000000000001,58.33999999999999,86.72999999999999,114.45,-1.162243517335692,-0.1473333333333322,27.26,equatorial
17.49,26.94,32.92,24.46,78.92,7.09,2.05,2.53,0.47,0.49,2025-03-25,Kumba,2025,3,84,13,23.470000000000013,64.96,91.97999999999999,121.53999999999999,-1.1491281626935008,-0.2863333333333351,27.26,equatorial
12.35,26.37,31.47,23.94,85.11,5.84,2.52,2.61,0.48,0.51,2025-03-26,Kumba,2025,3,85,13,28.690000000000012,59.01999999999999,96.62,127.38,-1.138269878247357,-0.8713333333333324,27.05,equatorial
18.17,26.27,31.21,23.77,84.6,2.64,2.21,2.23,0.48,0.48,2025-03-27,Kumba,2025,3,86,13,26.910000000000014,57.47999999999999,96.64,130.0,-1.1332092880577684,-0.9436666666666653,27.05,equatorial
15.57,26.83,32.02,23.55,79.28,1.86,1.98,2.56,0.48,0.47,2025-03-28,Kumba,2025,3,87,13,26.190000000000015,55.11999999999999,95.61,131.16,-1.1307774877079164,-0.40666666666666984,27.05,equatorial
17.78,26.79,31.85,23.85,82.4,4.5,2.46,2.71,0.48,0.48,2025-03-29,Kumba,2025,3,88,13,27.260000000000012,55.249999999999986,99.43,135.13000000000002,-1.1232948984917908,-0.41666666666666785,27.05,equatorial
17.17,26.01,29.54,23.87,87.29,11.52,2.45,2.61,0.49,0.54,2025-03-30,Kumba,2025,3,89,13,36.01000000000001,59.639999999999986,109.47,146.5,-1.1025120856471147,-1.1176666666666648,27.05,equatorial
10.72,25.69,28.87,23.58,86.69,4.03,2.53,1.99,0.5,0.53,2025-03-31,Kumba,2025,3,90,14,37.48000000000001,57.61999999999998,110.97,150.22,-1.0954973467576965,-1.3749999999999964,26.94,equatorial
17.48,26.11,30.14,23.6,84.11,2.12,2.01,2.18,0.5,0.49,2025-04-01,Kumba,2025,4,91,14,32.51000000000002,55.97999999999999,111.68,152.31,-1.0914178170971578,-0.8826666666666654,26.83,equatorial
10.28,24.57,26.32,22.99,91.83,22.25,2.11,1.66,0.52,0.61,2025-04-02,Kumba,2025,4,92,14,48.920000000000016,77.60999999999999,131.14,174.56,-1.0510945961759988,-2.352333333333334,26.83,equatorial
14.98,25.58,29.57,22.57,85.29,0.82,1.32,2.24,0.53,0.55,2025-04-03,Kumba,2025,4,93,14,47.10000000000001,74.00999999999999,128.03,175.38,-1.049325033938058,-1.2786666666666733,26.83,equatorial
20.58,27.37,34.12,23.06,78.73,2.01,1.54,4.74,0.53,0.52,2025-04-04,Kumba,2025,4,94,14,47.250000000000014,73.43999999999998,127.46,177.39000000000001,-1.0454170603422754,0.5030000000000001,27.37,equatorial
15.19,26.3,30.63,23.69,86.43,4.5,2.07,3.13,0.52,0.54,2025-04-05,Kumba,2025,4,95,14,47.250000000000014,74.50999999999998,129.61,181.89000000000001,-1.037034641392233,-0.5100000000000016,27.37,equatorial
18.33,26.11,29.79,23.54,85.66,2.0,2.23,2.79,0.52,0.53,2025-04-06,Kumba,2025,4,96,14,37.73000000000002,73.73999999999998,130.86,183.89000000000001,-1.0331518360459955,-0.6069999999999993,27.37,equatorial
18.86,26.25,30.28,23.62,85.46,3.74,1.69,2.63,0.52,0.54,2025-04-07,Kumba,2025,4,97,15,37.44000000000001,74.91999999999999,134.18,187.63,-1.0261429765389773,-0.3903333333333343,27.37,equatorial
13.33,25.66,27.67,23.91,85.63,2.25,1.41,1.42,0.52,0.53,2025-04-08,Kumba,2025,4,98,15,37.57000000000001,70.07999999999998,135.93,189.88,-1.0218169624717313,-0.8939999999999984,27.37,equatorial
17.77,25.93,30.55,22.74,81.91,3.67,1.71,2.89,0.52,0.54,2025-04-09,Kumba,2025,4,99,15,18.990000000000016,67.91,139.18,193.55,-1.0149404233271464,-0.5266666666666673,27.37,equatorial
10.72,24.3,27.97,21.88,90.23,20.77,1.56,2.37,0.54,0.64,2025-04-10,Kumba,2025,4,100,15,38.94000000000001,86.03999999999999,159.48,214.32,-0.9773233993623736,-2.017999999999997,27.37,equatorial
17.06,25.29,28.8,22.76,88.84,1.08,2.1,2.55,0.56,0.58,2025-04-11,Kumba,2025,4,101,15,38.01000000000001,85.25999999999999,148.78,215.4,-0.9751271440195295,-0.9806666666666679,26.3,equatorial
18.6,26.1,30.5,22.98,82.22,0.18,1.44,2.85,0.55,0.56,2025-04-12,Kumba,2025,4,102,15,33.69000000000001,80.94,144.78,215.58,-0.9745502350886338,-0.1476666666666624,26.25,equatorial
17.5,26.64,31.77,23.07,82.04,0.4,2.07,3.97,0.54,0.54,2025-04-13,Kumba,2025,4,103,15,32.09000000000001,69.81999999999998,140.95999999999998,215.98,-0.9735781324256607,0.39933333333333465,26.64,equatorial
15.93,26.62,31.37,23.65,83.03,0.32,1.98,2.96,0.53,0.53,2025-04-14,Kumba,2025,4,104,16,28.670000000000012,66.10999999999999,136.91,216.3,-0.9727504281203393,0.4180000000000028,26.64,equatorial
13.99,26.2,29.67,23.95,86.39,2.05,1.5,1.8,0.53,0.53,2025-04-15,Kumba,2025,4,105,16,28.470000000000013,66.03999999999999,131.82999999999998,218.35,-0.9688126598496679,0.030999999999998806,26.64,equatorial
6.5,24.8,26.49,23.07,91.99,6.0,3.12,1.72,0.54,0.58,2025-04-16,Kumba,2025,4,106,16,30.80000000000001,49.78999999999999,131.78,223.72,-0.9589074544556139,-1.320999999999998,26.64,equatorial
19.18,26.51,32.03,22.7,78.78,0.31,1.73,4.2,0.54,0.53,2025-04-17,Kumba,2025,4,107,16,10.340000000000014,49.27999999999999,128.32999999999998,222.15,-0.9614856665810071,0.38300000000000267,26.64,equatorial
18.27,26.68,31.63,23.07,81.81,0.55,2.05,3.56,0.53,0.51,2025-04-18,Kumba,2025,4,108,16,9.810000000000013,47.819999999999986,128.26,214.85,-0.9743655581854395,0.5723333333333329,26.68,equatorial
17.84,26.45,30.51,23.91,84.92,2.28,1.87,2.68,0.52,0.53,2025-04-19,Kumba,2025,4,109,16,11.910000000000014,45.59999999999999,126.11999999999999,215.28,-0.9733399749589505,0.34266666666666623,26.68,equatorial
16.05,26.08,29.59,23.67,84.36,0.79,1.61,1.93,0.52,0.52,2025-04-20,Kumba,2025,4,110,16,12.300000000000013,44.389999999999986,124.33,213.14,-0.9769360349365134,-0.04066666666667018,26.68,equatorial
16.3,26.65,31.93,23.29,81.28,3.58,1.12,3.0,0.52,0.53,2025-04-21,Kumba,2025,4,111,17,15.560000000000013,44.22999999999999,124.48,216.32,-0.9709645135222531,0.5083333333333329,26.68,equatorial
15.97,26.14,30.42,23.73,88.13,4.71,1.96,2.84,0.52,0.54,2025-04-22,Kumba,2025,4,112,17,18.220000000000013,46.68999999999999,126.41999999999999,220.73999999999998,-0.9627663730358005,-0.002999999999996561,26.68,equatorial
6.54,25.75,28.64,23.95,90.76,6.95,1.93,2.19,0.53,0.57,2025-04-23,Kumba,2025,4,113,17,19.170000000000016,49.969999999999985,130.81,227.38,-0.9505804178110585,-0.3496666666666677,26.68,equatorial
18.94,25.58,28.22,23.85,89.98,6.57,1.65,2.13,0.54,0.59,2025-04-24,Kumba,2025,4,114,17,25.430000000000014,35.76999999999998,130.29,233.72,-0.9389397788478768,-0.47433333333333394,26.68,equatorial
15.04,25.37,28.56,23.38,89.25,4.5,1.54,2.27,0.54,0.57,2025-04-25,Kumba,2025,4,115,17,29.380000000000017,39.18999999999998,128.95,238.03,-0.930955017926363,-0.6509999999999998,26.65,equatorial
18.24,25.01,28.02,22.93,91.71,18.2,1.85,2.68,0.56,0.66,2025-04-26,Kumba,2025,4,116,17,45.30000000000001,57.20999999999999,144.51,256.21,-0.8980316895565933,-0.9689999999999976,26.65,equatorial
12.98,25.4,28.99,23.18,87.39,18.76,1.94,3.79,0.57,0.66,2025-04-27,Kumba,2025,4,117,17,63.27000000000001,75.57,161.41,274.96,-0.8640970453149517,-0.5313333333333325,26.65,equatorial
17.5,24.71,26.85,23.17,91.65,14.75,1.74,2.05,0.61,0.71,2025-04-28,Kumba,2025,4,118,18,74.44000000000001,89.99999999999999,171.66000000000003,289.7,-0.8373874678521304,-1.152000000000001,26.14,equatorial
17.36,24.43,25.7,23.01,92.99,5.84,1.83,1.53,0.61,0.68,2025-04-29,Kumba,2025,4,119,18,75.57000000000001,93.78999999999999,165.98000000000002,295.53000000000003,-0.826713012179806,-1.3793333333333315,25.75,equatorial
18.26,24.9,28.2,22.64,89.0,6.19,1.72,4.0,0.61,0.68,2025-04-30,Kumba,2025,4,120,18,74.81000000000002,93.97999999999999,168.14000000000001,301.71000000000004,-0.8154129124781726,-0.8830000000000027,25.58,equatorial
19.02,24.99,27.89,23.22,91.41,3.31,1.58,2.19,0.61,0.67,2025-05-01,Kumba,2025,5,121,18,71.55000000000001,96.97999999999999,169.33,305.01,-0.8092972148426357,-0.75566666666667,25.4,equatorial
18.59,25.04,28.38,23.08,91.67,4.75,2.23,2.82,0.61,0.68,2025-05-02,Kumba,2025,5,122,18,71.80000000000001,101.17999999999998,151.82999999999998,309.74,-0.8006113421253954,-0.7213333333333338,25.4,equatorial
15.12,24.55,25.99,23.45,95.26,2.66,2.24,1.38,0.62,0.67,2025-05-03,Kumba,2025,5,123,18,56.26000000000002,101.55999999999999,153.67000000000002,312.37,-0.795706212110863,-1.176999999999996,25.4,equatorial
21.0,25.39,28.57,22.84,88.92,0.57,1.76,3.12,0.61,0.65,2025-05-04,Kumba,2025,5,124,18,38.07000000000001,101.33999999999999,152.23,312.90999999999997,-0.7945627324359733,-0.2710000000000008,25.39,equatorial
14.96,25.19,28.22,23.45,91.46,5.73,1.76,2.32,0.61,0.67,2025-05-05,Kumba,2025,5,125,19,29.050000000000015,103.49,153.45999999999998,318.58,-0.7841902238878302,-0.43400000000000105,25.39,equatorial
20.34,25.09,28.56,23.16,90.4,1.67,1.98,3.14,0.61,0.67,2025-05-06,Kumba,2025,5,126,19,24.880000000000017,100.44999999999999,153.13,320.23,-0.781053977704631,-0.49999999999999645,25.39,equatorial
19.03,26.06,30.3,23.33,85.64,2.54,1.31,4.56,0.61,0.65,2025-05-07,Kumba,2025,5,127,19,21.230000000000015,96.03999999999998,151.93,322.76,-0.7763353973938492,0.47633333333333283,26.06,equatorial
18.13,25.71,29.72,23.03,88.85,5.25,1.79,3.82,0.61,0.67,2025-05-08,Kumba,2025,5,128,19,23.170000000000016,94.71999999999998,154.93,328.01,-0.7667239517257721,0.12466666666666626,26.06,equatorial
10.46,24.74,27.05,22.62,93.5,5.96,2.31,2.07,0.61,0.68,2025-05-09,Kumba,2025,5,129,19,24.380000000000017,96.17999999999999,157.22,333.96,-0.7558558473089223,-0.8056666666666672,26.06,equatorial
13.27,24.85,28.19,22.15,88.48,0.76,1.71,3.43,0.61,0.65,2025-05-10,Kumba,2025,5,130,19,22.480000000000015,78.74,137.21,334.71,-0.7543491638725953,-0.7139999999999986,26.06,equatorial
17.1,25.42,28.85,22.36,86.27,1.14,1.47,3.42,0.6,0.65,2025-05-11,Kumba,2025,5,131,19,23.050000000000015,61.11999999999998,137.26999999999998,335.78,-0.752267066907664,-0.14833333333333343,26.06,equatorial
20.19,25.9,29.62,23.38,87.42,1.67,1.4,3.85,0.6,0.64,2025-05-12,Kumba,2025,5,132,20,18.990000000000013,48.03999999999999,138.76,337.33,-0.749321715822805,0.33833333333333115,26.06,equatorial
16.22,25.55,29.25,23.35,90.14,2.77,1.93,3.49,0.6,0.64,2025-05-13,Kumba,2025,5,133,20,20.090000000000018,44.969999999999985,141.13000000000002,340.03,-0.7443073384612309,0.02466666666666839,26.06,equatorial
18.05,25.45,29.04,23.19,89.05,2.59,1.64,3.02,0.6,0.64,2025-05-14,Kumba,2025,5,134,20,20.140000000000015,41.36999999999999,143.39999999999998,342.61,-0.7395104783663227,-0.036333333333335105,25.9,equatorial
12.75,25.23,28.82,23.31,91.56,2.92,1.88,2.41,0.6,0.64,2025-05-15,Kumba,2025,5,135,20,17.810000000000013,40.97999999999999,144.27,345.51,-0.7341389882146052,-0.2240000000000002,25.9,equatorial
23.39,25.31,28.06,23.39,91.04,1.79,1.38,1.85,0.6,0.64,2025-05-16,Kumba,2025,5,136,20,13.640000000000015,38.01999999999999,140.06,346.67,-0.7319015776179827,-0.16100000000000136,25.9,equatorial
17.61,25.11,28.11,23.24,92.43,15.64,1.68,2.49,0.6,0.68,2025-05-17,Kumba,2025,5,137,20,28.520000000000017,50.999999999999986,155.39000000000001,361.88,-0.7043689741629048,-0.3143333333333338,25.9,equatorial
17.63,24.84,28.19,22.95,90.48,9.33,2.16,2.69,0.63,0.72,2025-05-18,Kumba,2025,5,138,20,36.710000000000015,59.75999999999999,164.17,370.49,-0.6887271907544651,-0.5229999999999997,25.9,equatorial
15.09,24.59,27.69,22.82,93.04,5.83,1.86,2.31,0.63,0.7,2025-05-19,Kumba,2025,5,139,21,40.87000000000001,59.859999999999985,167.72,375.13,-0.6802380902757718,-0.7109999999999985,25.55,equatorial
9.31,24.09,26.33,22.32,93.27,7.99,1.91,2.36,0.64,0.71,2025-05-20,Kumba,2025,5,140,21,46.09000000000002,66.17999999999998,174.92,381.87,-0.6679693276314174,-1.1446666666666658,25.45,equatorial
20.34,24.86,28.98,21.51,87.42,0.15,1.89,4.8,0.63,0.68,2025-05-21,Kumba,2025,5,141,21,43.65000000000001,63.789999999999985,171.48999999999998,380.64,-0.670057229082948,-0.3150000000000013,25.31,equatorial
20.06,25.69,30.28,22.5,88.17,1.16,2.12,5.01,0.62,0.67,2025-05-22,Kumba,2025,5,142,21,41.89000000000002,59.69999999999998,167.94,380.71000000000004,-0.6698032498805827,0.5299999999999976,25.69,equatorial
15.46,25.34,28.47,23.26,91.7,1.75,2.13,2.67,0.62,0.66,2025-05-23,Kumba,2025,5,143,21,41.850000000000016,55.48999999999998,162.73999999999998,380.28000000000003,-0.6704499890420079,0.19366666666666532,25.69,equatorial
11.57,24.64,26.8,23.44,94.31,2.61,2.52,1.97,0.62,0.67,2025-05-24,Kumba,2025,5,144,21,28.820000000000014,57.33999999999999,158.78,381.04999999999995,-0.6689349841225086,-0.47499999999999787,25.69,equatorial
15.57,24.61,27.57,22.63,89.31,0.55,2.44,3.3,0.62,0.66,2025-05-25,Kumba,2025,5,145,21,20.040000000000017,56.749999999999986,154.82999999999998,380.4,-0.6699784999857117,-0.4796666666666667,25.69,equatorial
15.45,24.51,27.29,22.67,92.02,6.95,2.13,3.11,0.62,0.68,2025-05-26,Kumba,2025,5,146,22,21.160000000000018,62.02999999999999,143.58,384.72999999999996,-0.6620497095703933,-0.5629999999999953,25.69,equatorial
18.4,25.4,29.77,22.12,84.06,3.46,1.75,5.96,0.62,0.67,2025-05-27,Kumba,2025,5,147,22,16.630000000000017,62.719999999999985,128.28,385.3,-0.6608974251291938,0.3269999999999982,25.69,equatorial
20.28,25.68,30.2,22.48,85.4,6.96,1.53,5.75,0.61,0.68,2025-05-28,Kumba,2025,5,148,22,23.44000000000002,67.08999999999999,120.49000000000001,391.58,-0.6494565682831853,0.5746666666666691,25.69,equatorial
7.3,25.48,29.35,23.31,89.85,11.79,1.57,3.95,0.62,0.7,2025-05-29,Kumba,2025,5,149,22,34.070000000000014,75.95999999999998,126.44,401.89,-0.6307559519756667,0.3396666666666661,25.68,equatorial
15.94,25.3,29.02,23.07,90.55,20.48,1.74,3.4,0.65,0.76,2025-05-30,Kumba,2025,5,150,22,52.80000000000002,94.64999999999999,140.73000000000002,419.84000000000003,-0.5982901674384871,0.14633333333333454,25.68,equatorial
16.25,25.82,29.75,23.28,88.63,15.24,1.77,4.66,0.65,0.73,2025-05-31,Kumba,2025,5,151,22,65.43000000000002,94.24999999999999,152.66,433.66999999999996,-0.5732562221453638,0.6386666666666656,25.82,equatorial
16.35,24.85,26.84,23.46,93.88,19.81,1.75,1.8,0.69,0.79,2025-06-01,Kumba,2025,6,152,22,84.69000000000003,104.72999999999999,167.72,450.69,-0.5424762336882517,-0.3249999999999993,25.82,equatorial
18.72,24.94,27.93,23.12,90.58,9.29,1.66,3.28,0.69,0.76,2025-06-02,Kumba,2025,6,153,23,87.03000000000002,108.18999999999997,174.35,456.05,-0.5327211956513496,-0.24799999999999756,25.82,equatorial
12.64,23.96,26.12,22.46,93.47,5.85,2.48,2.17,0.69,0.75,2025-06-03,Kumba,2025,6,154,23,89.42,106.04999999999998,179.63,459.32,-0.5267357746689937,-1.1803333333333335,25.82,equatorial
14.25,24.39,28.07,21.78,90.01,18.26,1.97,4.42,0.7,0.79,2025-06-04,Kumba,2025,6,155,23,100.72000000000001,124.16,192.16,475.23,-0.497959743035149,-0.7236666666666665,25.82,equatorial
18.06,24.47,27.7,22.58,91.05,3.33,2.24,3.46,0.71,0.76,2025-06-05,Kumba,2025,6,156,23,92.26,126.32999999999998,193.82,477.81,-0.49322563066784875,-0.6230000000000047,25.82,equatorial
17.49,24.35,27.91,21.9,89.41,4.43,1.75,4.09,0.71,0.75,2025-06-06,Kumba,2025,6,157,23,76.21000000000002,129.01,195.71,481.82,-0.4859131442043696,-0.6859999999999999,25.82,equatorial
17.56,24.77,28.54,21.94,89.85,4.94,2.11,4.51,0.71,0.75,2025-06-07,Kumba,2025,6,158,23,65.91000000000001,131.33999999999997,195.4,486.26,-0.4778259970403931,-0.2346666666666657,24.94,equatorial
15.98,24.64,27.49,22.6,92.06,5.06,1.87,2.47,0.71,0.76,2025-06-08,Kumba,2025,6,159,23,51.16000000000001,135.85,194.5,490.9,-0.4693790591894289,-0.3613333333333344,24.94,equatorial
15.1,26.05,30.13,23.5,85.17,6.67,0.9,2.31,0.71,0.76,2025-06-09,Kumba,2025,6,160,24,48.54000000000001,135.57,200.40999999999997,497.1,-0.4581187687475235,1.0086666666666666,26.05,equatorial
18.6,25.72,29.46,23.21,88.45,3.68,1.42,3.64,0.71,0.76,2025-06-10,Kumba,2025,6,161,24,46.37000000000001,135.78999999999996,202.95,489.0,-0.472660535039853,0.6686666666666667,26.05,equatorial
12.15,24.88,27.86,23.26,93.53,5.28,2.17,2.55,0.71,0.76,2025-06-11,Kumba,2025,6,162,24,33.390000000000015,134.10999999999999,206.56,490.1,-0.4705998870836377,-0.1373333333333342,26.05,equatorial
12.5,24.54,27.26,23.09,93.81,6.13,1.92,2.12,0.72,0.77,2025-06-12,Kumba,2025,6,163,24,36.19000000000002,128.45,209.92,492.01,-0.4670777662207578,-0.4436666666666689,26.05,equatorial
17.26,24.59,27.52,22.64,91.15,2.26,1.74,3.06,0.72,0.76,2025-06-13,Kumba,2025,6,164,24,34.02000000000002,110.22999999999998,209.59,489.9,-0.47081137308233356,-0.36499999999999844,26.05,equatorial
12.86,24.91,28.97,22.74,91.88,5.4,2.48,3.98,0.72,0.76,2025-06-14,Kumba,2025,6,165,24,34.48000000000002,100.38999999999999,212.07000000000002,488.17,-0.47385867876570636,-0.03433333333332911,26.05,equatorial
15.68,24.77,28.28,22.47,91.81,4.02,1.93,3.46,0.72,0.76,2025-06-15,Kumba,2025,6,166,24,33.44000000000001,84.59999999999998,214.29999999999998,486.14,-0.4774472007220875,-0.15633333333333255,26.05,equatorial
10.53,24.17,26.83,22.27,92.5,4.22,1.49,2.25,0.72,0.76,2025-06-16,Kumba,2025,6,167,25,30.990000000000016,79.52999999999997,202.88,486.59999999999997,-0.47654001438718324,-0.7249999999999979,25.72,equatorial
14.96,24.14,27.95,21.69,89.12,0.46,1.53,3.32,0.72,0.75,2025-06-17,Kumba,2025,6,168,25,27.770000000000014,74.13999999999999,194.01,486.44,-0.47675239094198135,-0.7316666666666656,24.91,equatorial
15.26,24.51,28.64,21.94,89.57,1.19,2.11,4.12,0.71,0.74,2025-06-18,Kumba,2025,6,169,25,23.680000000000014,57.069999999999986,189.37,483.21000000000004,-0.4825082951423926,-0.35900000000000176,24.91,equatorial
14.66,24.37,27.63,22.33,90.25,1.6,2.06,3.52,0.71,0.74,2025-06-19,Kumba,2025,6,170,25,19.150000000000013,55.33999999999999,182.98,482.22999999999996,-0.48420027805425675,-0.5083333333333329,24.91,equatorial
15.95,24.65,28.04,22.32,90.13,7.19,2.01,4.5,0.7,0.75,2025-06-20,Kumba,2025,6,171,25,24.080000000000013,58.09999999999999,190.01999999999998,485.98999999999995,-0.47733131125610606,-0.22133333333333383,24.91,equatorial
10.41,24.16,27.01,22.33,92.86,18.15,2.35,3.08,0.72,0.79,2025-06-21,Kumba,2025,6,172,25,36.83000000000001,71.30999999999997,207.01,501.37,-0.44947436401048324,-0.6603333333333303,24.77,equatorial
16.91,24.38,27.29,22.51,91.02,7.15,1.89,2.86,0.73,0.78,2025-06-22,Kumba,2025,6,173,25,39.96000000000001,73.39999999999998,212.41,505.96,-0.44111209543350394,-0.40833333333333854,24.65,equatorial
15.81,24.21,27.05,22.4,92.38,2.84,1.91,2.47,0.73,0.77,2025-06-23,Kumba,2025,6,174,26,38.58000000000001,69.57,212.64000000000001,501.71000000000004,-0.44872154464343783,-0.5640000000000001,24.65,equatorial
17.79,25.2,29.31,22.59,87.0,3.18,1.36,4.83,0.73,0.76,2025-06-24,Kumba,2025,6,175,26,41.30000000000001,69.06999999999998,215.26999999999998,499.04999999999995,-0.4534573375886659,0.406333333333329,25.2,equatorial
14.58,24.78,28.27,22.32,91.46,31.63,1.64,3.01,0.75,0.83,2025-06-25,Kumba,2025,6,176,26,71.74000000000001,95.41999999999999,239.95000000000002,528.04,-0.4009998032661807,-0.022666666666665947,25.2,equatorial
11.52,23.89,25.45,22.4,95.06,13.01,2.15,1.6,0.78,0.82,2025-06-26,Kumba,2025,6,177,26,83.15000000000002,102.29999999999998,249.5,539.1899999999999,-0.3807880773966939,-0.8623333333333321,25.2,equatorial
14.58,24.5,28.57,21.91,89.67,2.28,1.99,4.44,0.77,0.79,2025-06-27,Kumba,2025,6,178,26,78.24000000000001,102.31999999999998,244.82,536.97,-0.38474376094981283,-0.21300000000000097,25.2,equatorial
14.01,24.13,27.74,21.92,91.69,3.19,2.65,4.26,0.76,0.79,2025-06-28,Kumba,2025,6,179,26,63.280000000000015,100.10999999999997,236.22,528.64,-0.399743978332552,-0.5380000000000003,25.2,equatorial
11.54,23.44,25.4,22.17,94.77,8.36,2.5,1.97,0.77,0.8,2025-06-29,Kumba,2025,6,180,26,64.49000000000001,104.44999999999999,224.10000000000002,532.97,-0.39185547480009064,-1.1660000000000004,25.2,equatorial
9.82,24.17,27.75,22.24,90.37,20.16,1.72,3.41,0.78,0.83,2025-06-30,Kumba,2025,6,181,27,81.81000000000002,120.38999999999999,229.02,551.01,-0.3591789308055596,-0.3809999999999967,25.2,equatorial
9.98,23.22,25.18,21.72,93.76,22.35,1.8,1.8,0.8,0.85,2025-07-01,Kumba,2025,7,182,27,100.98000000000002,142.28,231.56,551.11,-0.35894524034037084,-1.2766666666666673,24.78,equatorial
13.89,23.88,27.86,20.79,89.13,20.46,1.85,4.25,0.82,0.85,2025-07-02,Kumba,2025,7,183,27,89.81000000000002,161.54999999999998,242.73000000000002,570.75,-0.3233735008410664,-0.5813333333333368,24.5,equatorial
10.56,23.15,25.13,21.85,95.62,188.1,2.63,1.98,0.89,0.95,2025-07-03,Kumba,2025,7,184,27,264.90000000000003,348.04999999999995,424.98,756.8399999999999,0.013266980080630566,-1.2843333333333327,24.5,equatorial
11.83,23.27,26.16,21.47,93.68,37.4,2.58,2.91,0.93,0.92,2025-07-04,Kumba,2025,7,185,27,300.02,378.26,444.12,789.74,0.07278226118024465,-1.126999999999999,24.17,equatorial
12.78,23.43,26.41,21.45,92.37,8.85,2.52,3.68,0.93,0.9,2025-07-05,Kumba,2025,7,186,27,305.67999999999995,368.9599999999999,449.64,796.5899999999999,0.08516615992382416,-0.9323333333333323,24.17,equatorial
14.0,23.55,26.52,21.66,92.69,30.4,2.62,3.6,0.93,0.91,2025-07-06,Kumba,2025,7,187,27,327.72,392.21,475.60999999999996,823.25,0.13339597631890474,-0.7856666666666641,24.17,equatorial
11.38,23.26,25.93,21.9,93.29,20.2,2.52,3.27,0.94,0.92,2025-07-07,Kumba,2025,7,188,28,327.76,409.57,490.87,841.1999999999999,0.165862664121517,-1.0253333333333288,23.88,equatorial
11.01,22.68,24.39,21.49,94.64,19.88,2.53,2.43,0.95,0.92,2025-07-08,Kumba,2025,7,189,28,325.28999999999996,426.27,505.69,857.41,0.19517954531648116,-1.5400000000000027,23.88,equatorial
15.03,23.24,26.39,21.31,90.7,6.24,2.19,4.56,0.94,0.91,2025-07-09,Kumba,2025,7,190,28,311.07,400.88,505.26,842.88,0.1688515349536676,-0.8863333333333365,23.55,equatorial
10.27,23.06,25.6,21.28,91.9,9.7,2.02,3.38,0.94,0.92,2025-07-10,Kumba,2025,7,191,28,132.67,397.56999999999994,511.28000000000003,851.5,0.18443453197572782,-0.9776666666666678,23.55,equatorial
11.54,23.14,26.18,20.99,91.51,7.62,2.29,4.36,0.94,0.91,2025-07-11,Kumba,2025,7,192,28,102.88999999999999,402.90999999999997,513.62,858.94,0.19788072168573556,-0.8396666666666661,23.55,equatorial
12.79,23.18,25.89,21.57,92.16,9.64,2.13,3.3,0.94,0.91,2025-07-12,Kumba,2025,7,193,28,103.67999999999999,409.35999999999996,517.13,868.18,0.21458614033850015,-0.7543333333333351,23.55,equatorial
11.74,23.44,26.91,21.07,90.43,6.43,2.02,4.45,0.94,0.91,2025-07-13,Kumba,2025,7,194,28,79.71000000000001,407.42999999999995,521.3,874.29,0.2256225415243587,-0.4559999999999995,23.44,equatorial
15.9,23.3,26.2,21.32,92.3,6.42,1.79,2.65,0.93,0.91,2025-07-14,Kumba,2025,7,195,29,65.93,393.69,522.32,878.66,0.23350702935031073,-0.5423333333333318,23.44,equatorial
10.55,22.96,25.79,21.19,93.66,12.43,3.05,3.27,0.94,0.91,2025-07-15,Kumba,2025,7,196,29,58.48,383.77,530.73,885.0899999999999,0.24512298612428268,-0.8219999999999992,23.44,equatorial
11.5,22.86,25.2,21.48,93.07,5.91,2.23,2.7,0.94,0.91,2025-07-16,Kumba,2025,7,197,29,58.15,369.21999999999997,532.42,890.6899999999999,0.2552348580472343,-0.8783333333333339,23.44,equatorial
8.6,23.1,26.16,21.22,91.72,7.33,2.32,4.25,0.94,0.91,2025-07-17,Kumba,2025,7,198,29,55.78,188.44999999999996,539.29,897.47,0.2674844701657493,-0.6036666666666655,23.44,equatorial
12.41,23.39,27.33,20.45,90.76,6.34,2.18,4.73,0.93,0.91,2025-07-18,Kumba,2025,7,199,29,54.5,157.38999999999996,544.44,901.53,0.2748045914952958,-0.27633333333333354,23.44,equatorial
10.65,23.55,27.14,21.32,92.71,37.57,2.48,4.02,0.95,0.94,2025-07-19,Kumba,2025,7,200,29,82.42999999999999,186.10999999999996,580.41,938.31,0.34142447124028624,-0.08899999999999864,23.55,equatorial
9.79,23.49,26.58,21.56,93.03,12.72,2.95,4.46,0.95,0.93,2025-07-20,Kumba,2025,7,201,29,88.72,168.42999999999998,585.9399999999999,947.4499999999999,0.3579416250190959,-0.11033333333333317,23.55,equatorial
9.41,23.18,25.79,21.61,94.27,10.32,2.66,2.85,0.95,0.92,2025-07-21,Kumba,2025,7,202,30,92.62,158.54999999999998,578.11,953.0600000000001,0.36805871554648734,-0.3876666666666644,23.55,equatorial
10.77,23.07,25.26,21.46,95.12,8.4,2.37,1.97,0.95,0.92,2025-07-22,Kumba,2025,7,203,30,88.58999999999999,147.07,579.36,954.51,0.3706332927043385,-0.4539999999999971,23.55,equatorial
8.39,23.42,26.7,21.71,93.12,12.51,2.93,4.27,0.95,0.93,2025-07-23,Kumba,2025,7,204,30,95.19,153.33999999999997,589.03,960.45,0.3813486873271062,-0.07766666666666566,23.55,equatorial
8.57,23.18,26.81,21.13,92.42,14.12,2.66,4.55,0.96,0.93,2025-07-24,Kumba,2025,7,205,30,101.97999999999999,157.76,599.97,970.07,0.39873632304369006,-0.25033333333333374,23.55,equatorial
7.78,22.77,25.04,21.32,94.56,24.41,2.59,2.77,0.96,0.94,2025-07-25,Kumba,2025,7,206,30,120.05,174.54999999999998,592.75,976.28,0.40993841501937894,-0.5933333333333337,23.55,equatorial
7.85,22.35,24.33,21.13,94.81,20.22,2.66,2.58,0.97,0.94,2025-07-26,Kumba,2025,7,207,30,102.7,185.12999999999997,599.96,977.74,0.4125244193162805,-0.9619999999999997,23.49,equatorial
5.38,22.06,23.69,21.01,95.3,11.62,2.03,1.69,0.97,0.94,2025-07-27,Kumba,2025,7,208,30,101.6,190.32,609.3000000000001,974.61,0.4067843841357108,-1.1706666666666692,23.42,equatorial
12.01,22.83,26.34,20.51,92.56,2.23,2.49,4.33,0.97,0.94,2025-07-28,Kumba,2025,7,209,31,93.50999999999999,186.12999999999997,608.34,971.0,0.4001740854681416,-0.3573333333333366,23.42,equatorial
11.46,23.13,27.02,20.77,92.92,2.61,2.35,4.04,0.96,0.93,2025-07-29,Kumba,2025,7,210,31,87.72,176.30999999999997,602.59,967.4200000000001,0.39361877915538684,-0.0470000000000006,23.42,equatorial
12.37,23.46,27.05,21.08,92.72,2.38,2.42,4.07,0.96,0.92,2025-07-30,Kumba,2025,7,211,31,77.58999999999999,172.77999999999997,584.8100000000001,966.49,0.3918724686554536,0.3066666666666684,23.46,equatorial
8.01,23.66,27.0,21.59,92.19,1.51,2.8,4.7,0.95,0.92,2025-07-31,Kumba,2025,7,212,31,64.98,166.95999999999998,563.97,963.25,0.3859343351461427,0.4920000000000009,23.66,equatorial
11.44,23.34,26.14,21.56,92.02,1.73,1.6,2.49,0.95,0.91,2025-08-01,Kumba,2025,8,213,31,42.300000000000004,162.34999999999997,545.24,962.32,0.3841891268773883,0.19000000000000128,23.66,equatorial
14.78,23.51,26.81,21.55,92.26,3.27,2.4,3.43,0.94,0.91,2025-08-02,Kumba,2025,8,214,31,25.349999999999998,128.04999999999998,360.41,965.02,0.38903293111965603,0.34800000000000253,23.66,equatorial
9.37,22.6,23.94,21.33,96.09,4.24,3.37,1.69,0.94,0.91,2025-08-03,Kumba,2025,8,215,31,17.97,119.56999999999996,327.25,963.53,0.3862702271590554,-0.5396666666666654,23.66,equatorial
7.54,23.56,27.32,21.16,90.05,8.4,2.25,5.56,0.94,0.91,2025-08-04,Kumba,2025,8,216,32,24.14,117.64999999999996,326.8,970.26,0.3984312393378727,0.41600000000000037,23.66,equatorial
9.19,23.5,27.5,20.92,89.96,6.07,2.1,5.34,0.94,0.91,2025-08-05,Kumba,2025,8,217,32,27.6,115.31999999999996,302.47,973.79,0.40478102270521465,0.3576666666666668,23.66,equatorial
9.47,23.06,26.79,20.92,91.96,8.26,2.78,5.02,0.94,0.91,2025-08-06,Kumba,2025,8,218,32,33.480000000000004,111.06999999999996,290.53,976.8000000000001,0.41018602114148667,-0.07566666666667032,23.66,equatorial
4.95,22.14,23.93,20.8,94.7,13.52,2.21,2.03,0.94,0.91,2025-08-07,Kumba,2025,8,219,32,45.49,110.46999999999996,284.16999999999996,984.36,0.42385373951366007,-0.9776666666666642,23.56,equatorial
5.41,22.54,25.52,20.72,93.84,16.07,2.79,3.43,0.95,0.92,2025-08-08,Kumba,2025,8,220,32,59.830000000000005,102.12999999999997,294.0,999.67,0.45159619086693026,-0.5543333333333322,23.56,equatorial
7.74,22.25,24.75,20.71,94.07,8.58,2.15,2.43,0.95,0.92,2025-08-09,Kumba,2025,8,221,32,65.14,90.48999999999997,292.88,1007.11,0.4650403214916809,-0.8173333333333339,23.56,equatorial
10.09,22.63,25.34,20.74,92.48,4.67,2.22,3.29,0.95,0.91,2025-08-10,Kumba,2025,8,222,32,65.57,83.53999999999998,289.92999999999995,1010.11,0.47041719480599636,-0.42033333333333545,23.56,equatorial
11.03,22.9,26.35,20.54,91.35,2.15,2.39,4.8,0.94,0.91,2025-08-11,Kumba,2025,8,223,33,59.32,83.45999999999998,282.44,1009.4899999999999,0.46921667960231694,-0.14099999999999824,23.5,equatorial
10.17,23.16,27.72,20.06,90.71,2.26,2.28,5.24,0.94,0.9,2025-08-12,Kumba,2025,8,224,33,55.51,83.10999999999997,278.27,1009.1600000000001,0.4685432511851079,0.1283333333333303,23.16,equatorial
9.32,22.76,26.34,20.7,92.22,3.46,2.6,4.38,0.93,0.9,2025-08-13,Kumba,2025,8,225,33,50.71,84.18999999999998,275.31,1009.6999999999999,0.46945085716287877,-0.2536666666666676,23.16,equatorial
12.19,22.43,25.76,20.56,92.62,12.37,2.75,4.16,0.93,0.9,2025-08-14,Kumba,2025,8,226,33,49.56,95.04999999999997,275.25,1020.28,0.48860446616855835,-0.565999999999999,23.16,equatorial
12.08,21.94,24.75,20.07,93.54,15.31,2.55,2.99,0.94,0.91,2025-08-15,Kumba,2025,8,227,33,48.8,108.62999999999997,284.65,1019.95,0.4879267021268146,-1.0253333333333323,23.16,equatorial
12.39,22.67,26.77,20.07,91.52,8.04,2.66,5.14,0.94,0.91,2025-08-16,Kumba,2025,8,228,33,48.26,113.39999999999998,285.36,1018.66,0.4855040653842742,-0.2809999999999988,23.16,equatorial
15.22,22.93,26.97,20.18,90.43,8.85,2.48,5.47,0.94,0.91,2025-08-17,Kumba,2025,8,229,33,52.44,118.00999999999998,287.87,1021.6800000000001,0.4909167680813436,-0.005666666666670039,23.16,equatorial
16.08,23.27,27.87,20.43,89.63,3.89,1.99,5.22,0.93,0.9,2025-08-18,Kumba,2025,8,230,34,54.18,113.49999999999997,254.18999999999997,1017.58,0.4833843357722957,0.3436666666666639,23.27,equatorial
18.85,23.77,28.29,20.51,89.71,3.07,2.05,5.33,0.92,0.89,2025-08-19,Kumba,2025,8,231,34,54.99,110.49999999999997,244.54,1020.4999999999999,0.4886168045088722,0.8343333333333298,23.77,equatorial
11.56,23.24,26.94,21.01,92.38,18.35,2.84,4.71,0.93,0.9,2025-08-20,Kumba,2025,8,232,34,69.88,120.58999999999997,252.57,1037.69,0.5197971031287023,0.30233333333333334,23.77,equatorial
8.55,23.16,26.71,20.95,91.91,25.06,2.89,5.28,0.94,0.92,2025-08-21,Kumba,2025,8,233,34,82.57,132.12999999999997,269.22999999999996,1061.0,0.5621022742463095,0.21933333333333138,23.77,equatorial
12.44,22.95,26.49,20.61,92.27,22.33,2.94,4.84,0.95,0.92,2025-08-22,Kumba,2025,8,234,34,89.58999999999999,138.38999999999996,279.05,1080.72,0.5978712509732705,0.02499999999999858,23.77,equatorial
9.39,22.72,26.06,20.69,93.12,24.24,2.58,3.72,0.96,0.93,2025-08-23,Kumba,2025,8,235,34,105.78999999999999,154.04999999999995,289.16999999999996,1104.4099999999999,0.6408538969054278,-0.18966666666666754,23.77,equatorial
7.23,22.69,25.5,20.93,93.01,10.55,2.62,3.87,0.96,0.92,2025-08-24,Kumba,2025,8,236,34,107.49000000000001,159.92999999999998,275.31,1108.01,0.6472857218513879,-0.21699999999999875,23.77,equatorial
11.65,23.19,26.67,20.84,91.81,7.58,2.54,4.32,0.96,0.92,2025-08-25,Kumba,2025,8,237,35,111.18,165.35999999999996,262.67,1112.13,0.6546620842710558,0.25500000000000256,23.77,equatorial
9.06,23.1,26.51,21.11,92.47,9.31,2.89,4.75,0.95,0.92,2025-08-26,Kumba,2025,8,238,35,117.42,172.40999999999997,260.36,1114.48,0.6588169424568642,0.1303333333333363,23.24,equatorial
11.61,23.15,27.3,20.63,91.52,7.23,2.74,5.38,0.95,0.92,2025-08-27,Kumba,2025,8,239,35,106.29999999999998,176.17999999999995,265.35999999999996,1109.92,0.6503996063252017,0.16966666666666796,23.19,equatorial
10.45,23.19,27.53,20.27,91.39,3.34,2.62,5.38,0.94,0.91,2025-08-28,Kumba,2025,8,240,35,84.58,167.14999999999995,266.09000000000003,1092.78,0.6190954408060126,0.20766666666666822,23.19,equatorial
10.83,23.12,26.99,20.66,91.76,2.1,2.77,5.12,0.94,0.9,2025-08-29,Kumba,2025,8,241,35,64.35000000000001,153.93999999999997,265.81,1079.64,0.5950757561867115,0.1490000000000009,23.19,equatorial
15.06,22.93,26.13,20.75,91.77,0.85,2.24,3.61,0.93,0.9,2025-08-30,Kumba,2025,8,242,35,40.96,146.74999999999997,265.15,1060.68,0.5604691094433387,-0.01666666666666572,23.19,equatorial
14.02,23.28,27.08,20.7,91.49,0.87,2.25,4.22,0.93,0.89,2025-08-31,Kumba,2025,8,243,35,31.28,138.76999999999998,264.29,1052.26,0.5450504481278996,0.3353333333333346,23.28,equatorial
12.54,23.31,27.09,21.13,92.48,3.54,2.32,3.53,0.92,0.89,2025-09-01,Kumba,2025,9,244,36,27.240000000000002,138.42,264.55999999999995,1049.95,0.5407552240102205,0.3719999999999999,23.31,equatorial
10.16,23.29,26.29,21.5,93.24,5.37,2.39,2.99,0.92,0.89,2025-09-02,Kumba,2025,9,245,36,23.3,140.71999999999997,265.69,1037.06,0.5172016893969879,0.3290000000000006,23.31,equatorial
9.83,22.79,24.83,21.47,94.82,6.49,2.84,2.45,0.92,0.89,2025-09-03,Kumba,2025,9,246,36,22.560000000000002,128.85999999999996,263.78,1040.22,0.5228704012315046,-0.14533333333333687,23.31,equatorial
11.46,23.35,27.21,20.99,91.72,5.36,2.58,4.62,0.92,0.89,2025-09-04,Kumba,2025,9,247,36,24.580000000000002,109.15999999999997,263.07,1041.1499999999999,0.5244782678837979,0.4196666666666644,23.35,equatorial
11.7,23.71,27.6,21.07,90.2,2.18,1.88,3.7,0.92,0.89,2025-09-05,Kumba,2025,9,248,36,24.66,89.00999999999996,256.99,1038.3899999999999,0.5193670630789881,0.7580000000000027,23.71,equatorial
13.38,24.29,28.57,21.56,90.47,3.93,2.24,5.17,0.91,0.88,2025-09-06,Kumba,2025,9,249,36,27.740000000000002,68.69999999999997,247.39999999999998,1037.26,0.5172248335219382,1.266333333333332,24.29,equatorial
12.94,23.51,26.15,21.87,94.12,5.03,2.37,2.64,0.91,0.88,2025-09-07,Kumba,2025,9,250,36,31.900000000000002,63.17999999999998,236.35999999999999,1035.62,0.5141541239274849,0.4540000000000006,24.29,equatorial
7.45,23.23,25.68,21.64,93.21,22.37,2.1,3.0,0.92,0.9,2025-09-08,Kumba,2025,9,251,37,50.730000000000004,77.96999999999997,250.14999999999998,1054.3100000000002,0.5481117292934569,0.14133333333333198,24.29,equatorial
13.0,23.91,27.31,21.76,90.56,13.46,1.8,4.31,0.93,0.9,2025-09-09,Kumba,2025,9,252,37,58.82,82.11999999999998,258.94,1062.49,0.5629202255344715,0.7786666666666662,24.29,equatorial
12.36,23.98,27.87,21.27,90.76,7.8,1.91,4.55,0.93,0.9,2025-09-10,Kumba,2025,9,253,37,60.13,82.68999999999998,264.59000000000003,1064.16,0.5658674807154389,0.8126666666666651,24.29,equatorial
10.52,23.77,26.71,21.68,92.13,20.0,1.99,3.33,0.94,0.91,2025-09-11,Kumba,2025,9,254,37,74.77000000000001,99.34999999999998,282.33,1081.9,0.5980903054709115,0.5823333333333345,24.29,equatorial
9.7,23.29,26.01,21.59,93.03,47.68,1.9,2.9,0.95,0.94,2025-09-12,Kumba,2025,9,255,37,120.27,144.92999999999998,326.55,1124.1799999999998,0.6750157394198771,0.08466666666666711,24.29,equatorial
8.79,22.8,24.79,21.42,93.55,6.99,1.95,2.42,0.97,0.92,2025-09-13,Kumba,2025,9,256,37,123.33,151.06999999999996,321.17,1127.1499999999999,0.6803013379134812,-0.4176666666666655,23.98,equatorial
11.85,23.45,26.64,21.36,92.06,6.11,2.33,3.63,0.96,0.92,2025-09-14,Kumba,2025,9,257,37,124.41,156.30999999999997,311.96999999999997,1129.04,0.683617857798949,0.18200000000000216,23.98,equatorial
13.44,22.86,24.96,21.49,95.11,60.2,2.71,2.61,0.98,0.95,2025-09-15,Kumba,2025,9,258,38,162.24,212.96999999999997,364.13000000000005,1188.7800000000002,0.7923457261860962,-0.4143333333333352,23.98,equatorial
13.17,22.97,25.32,21.42,93.25,3.83,1.96,2.52,0.98,0.94,2025-09-16,Kumba,2025,9,259,38,152.60999999999999,211.42999999999998,359.11,1191.42,0.7969914792272853,-0.3056666666666672,23.98,equatorial
14.63,23.99,28.36,20.88,88.92,1.8,1.96,5.45,0.97,0.94,2025-09-17,Kumba,2025,9,260,38,146.61,206.73999999999998,357.02000000000004,1191.62,0.7971894265152606,0.6903333333333315,23.99,equatorial
15.15,24.29,28.65,21.17,89.85,5.78,2.02,5.65,0.97,0.93,2025-09-18,Kumba,2025,9,261,38,132.39,207.16,359.73,1190.21,0.7944533605383376,0.972999999999999,24.29,equatorial
15.1,23.68,26.5,21.82,92.32,24.19,1.87,3.18,0.97,0.94,2025-09-19,Kumba,2025,9,262,38,108.9,229.17,365.57,1196.25,0.8052954247792363,0.34833333333333627,24.29,equatorial
13.75,24.03,27.89,21.33,90.58,6.66,2.2,5.68,0.97,0.93,2025-09-20,Kumba,2025,9,263,38,108.57000000000001,231.89999999999998,347.17,1195.76,0.8042329096241293,0.6693333333333342,24.29,equatorial
12.12,23.72,26.93,21.67,93.48,8.41,2.89,3.88,0.97,0.93,2025-09-21,Kumba,2025,9,264,38,110.87,235.27999999999997,333.25,1201.33,0.8142157269350115,0.33366666666666944,24.29,equatorial
6.79,23.12,25.15,21.7,94.15,9.87,2.78,2.81,0.97,0.93,2025-09-22,Kumba,2025,9,265,39,60.54,222.77999999999997,318.88,1208.02,0.8262365599389297,-0.2796666666666674,24.29,equatorial
11.98,23.3,26.48,21.25,90.9,3.27,1.78,4.17,0.96,0.93,2025-09-23,Kumba,2025,9,266,39,59.980000000000004,212.58999999999997,311.6,1179.66,0.7743657911418791,-0.120000000000001,24.29,equatorial
13.49,23.4,25.84,21.59,93.22,5.37,2.14,2.89,0.96,0.93,2025-09-24,Kumba,2025,9,267,39,63.55,210.15999999999997,309.39000000000004,1172.02,0.7602809515198931,-0.027000000000004576,24.29,equatorial
13.25,23.44,27.04,21.13,90.64,10.23,2.36,4.65,0.96,0.93,2025-09-25,Kumba,2025,9,268,39,68.0,200.39,310.31,1179.97,0.7746207142008965,0.0016666666666687036,24.03,equatorial
17.11,24.33,28.62,21.04,88.29,0.69,1.73,5.17,0.96,0.92,2025-09-26,Kumba,2025,9,269,39,44.5,153.39999999999998,303.77,1177.47,0.769905039703683,0.8523333333333305,24.33,equatorial
11.93,24.69,29.06,22.0,89.44,1.84,1.52,3.93,0.95,0.91,2025-09-27,Kumba,2025,9,270,39,39.68000000000001,148.25,302.27000000000004,1170.95,0.7578616495116444,1.1623333333333328,24.69,equatorial
10.11,24.3,27.82,22.32,92.91,26.31,2.28,3.88,0.95,0.93,2025-09-28,Kumba,2025,9,271,39,57.58,168.45,326.48,1177.1000000000001,0.7689227884001589,0.7330000000000005,24.69,equatorial
17.24,23.7,26.15,22.03,94.02,8.65,2.7,3.12,0.95,0.92,2025-09-29,Kumba,2025,9,272,40,56.36,116.89999999999998,334.28000000000003,1163.3999999999999,0.7437866424988961,0.1073333333333295,24.69,equatorial
13.07,23.32,25.95,21.88,93.76,21.45,2.52,3.05,0.96,0.93,2025-09-30,Kumba,2025,9,273,40,74.53999999999999,134.51999999999998,354.86,1164.39,0.7454447904234166,-0.27399999999999736,24.69,equatorial
11.88,22.52,25.47,20.92,91.55,16.98,2.23,3.84,0.97,0.93,2025-10-01,Kumba,2025,10,274,40,86.14999999999999,149.69999999999996,368.3,993.27,0.43321914257160543,-1.0476666666666645,24.69,equatorial
12.25,22.89,26.58,20.09,90.29,37.02,1.92,4.65,0.97,0.95,2025-10-02,Kumba,2025,10,275,40,112.94000000000001,180.93999999999997,399.95,992.89,0.43246052099559223,-0.6643333333333317,24.69,equatorial
13.18,24.01,28.1,20.46,87.51,0.39,1.62,5.73,0.97,0.93,2025-10-03,Kumba,2025,10,276,40,112.64,157.13999999999996,393.84999999999997,984.4300000000001,0.41696215437552553,0.41499999999999915,24.69,equatorial
12.15,23.71,26.98,22.03,92.67,11.59,2.02,3.08,0.97,0.93,2025-10-04,Kumba,2025,10,277,40,122.39000000000001,162.06999999999996,400.08000000000004,965.62,0.3825821059257424,0.10300000000000509,24.3,equatorial
4.96,23.35,25.96,21.25,93.51,13.39,2.04,2.48,0.97,0.94,2025-10-05,Kumba,2025,10,278,40,109.47000000000001,167.04999999999998,411.29,958.8100000000001,0.37010043085500133,-0.245000000000001,24.01,equatorial
15.82,23.86,27.56,21.34,90.04,4.42,2.14,4.94,0.97,0.93,2025-10-06,Kumba,2025,10,279,41,105.24000000000001,161.59999999999997,411.78000000000003,943.35,0.34183450858836306,0.27933333333333366,24.01,equatorial
15.59,23.26,25.96,21.32,93.12,8.18,1.95,2.8,0.97,0.93,2025-10-07,Kumba,2025,10,280,41,91.97000000000001,166.51,414.93,945.2900000000001,0.3453266300001619,-0.31233333333333135,24.01,equatorial
10.83,23.06,25.32,21.58,93.53,8.99,1.97,2.33,0.97,0.93,2025-10-08,Kumba,2025,10,281,41,83.98000000000002,170.13,401.55,944.58,0.34398156457245743,-0.5066666666666677,24.01,equatorial
14.29,23.72,27.37,20.79,87.2,1.56,1.24,3.2,0.96,0.93,2025-10-09,Kumba,2025,10,282,41,48.52,161.45999999999998,389.65000000000003,938.52,0.3328702329861753,0.1596666666666664,24.01,equatorial
8.06,24.32,28.33,21.34,88.48,35.07,1.58,4.57,0.97,0.94,2025-10-10,Kumba,2025,10,283,41,83.2,195.83999999999997,416.92,963.95,0.379250469586411,0.7483333333333348,24.32,equatorial
16.94,24.51,28.17,22.13,88.26,2.75,1.47,4.5,0.97,0.93,2025-10-11,Kumba,2025,10,284,41,74.36,196.74999999999997,399.67,960.2700000000001,0.3724761657524249,0.9136666666666677,24.51,equatorial
13.13,24.3,27.97,21.74,89.7,3.42,1.62,4.5,0.97,0.93,2025-10-12,Kumba,2025,10,285,41,64.39,173.85999999999999,355.40999999999997,957.27,0.3669440861784357,0.6700000000000017,24.51,equatorial
15.56,24.25,27.72,21.87,88.86,1.03,1.59,4.76,0.96,0.92,2025-10-13,Kumba,2025,10,286,42,61.00000000000001,166.23999999999998,349.45,945.87,0.3460715900259692,0.571666666666669,24.51,equatorial
16.44,23.55,26.27,21.77,91.95,2.4,1.7,2.35,0.95,0.92,2025-10-14,Kumba,2025,10,287,42,55.220000000000006,147.18999999999997,345.74,942.36,0.3396114180524579,-0.1316666666666677,24.51,equatorial
7.78,23.94,27.96,21.48,90.49,5.86,2.13,4.76,0.95,0.92,2025-10-15,Kumba,2025,10,288,42,52.09,136.07,291.4,940.89,0.3368781147635215,0.22233333333333505,24.51,equatorial
11.56,22.73,24.32,21.48,94.73,1.1,1.57,1.16,0.95,0.91,2025-10-16,Kumba,2025,10,289,42,51.63,100.14999999999998,288.67,935.65,0.32725752357853277,-0.9796666666666667,24.51,equatorial
16.48,24.32,28.72,20.61,86.16,0.1,1.47,5.63,0.95,0.9,2025-10-17,Kumba,2025,10,290,42,16.66,99.85999999999997,286.96999999999997,898.1800000000001,0.25874880038535064,0.5993333333333339,24.51,equatorial
18.5,24.72,28.78,21.85,88.58,3.15,1.41,4.35,0.94,0.9,2025-10-18,Kumba,2025,10,291,42,17.06,91.41999999999997,284.34000000000003,888.61,0.2412258870995614,0.9849999999999994,24.72,equatorial
10.88,23.91,26.34,22.32,94.45,108.29,1.69,1.88,0.95,0.94,2025-10-19,Kumba,2025,10,292,42,121.93,186.32,368.44000000000005,986.5799999999999,0.4202388874355185,0.16733333333333178,24.72,equatorial
17.16,24.05,27.97,21.52,90.06,14.09,1.95,5.09,0.98,0.94,2025-10-20,Kumba,2025,10,293,43,134.99,195.98999999999998,375.87,992.27,0.43057583314551445,0.3066666666666684,24.72,equatorial
17.34,24.78,29.5,21.16,87.2,1.97,1.61,5.31,0.97,0.93,2025-10-21,Kumba,2025,10,294,43,134.56,189.77999999999997,369.43,981.73,0.41124525424162833,1.001333333333335,24.78,equatorial
11.86,24.67,28.28,22.33,91.02,5.23,1.76,3.6,0.96,0.93,2025-10-22,Kumba,2025,10,295,43,133.93,186.01999999999998,364.79,972.84,0.3949326521875147,0.8396666666666661,24.78,equatorial
12.63,24.17,26.38,22.72,94.07,7.94,1.51,1.75,0.96,0.93,2025-10-23,Kumba,2025,10,296,43,140.77,192.39999999999998,369.46,956.37,0.3647627866660231,0.31066666666666976,24.78,equatorial
13.57,24.15,27.1,22.46,92.48,3.64,1.85,2.86,0.96,0.92,2025-10-24,Kumba,2025,10,297,43,144.31,160.96999999999997,367.72999999999996,939.79,0.3343937108141057,0.2656666666666645,24.78,equatorial
14.76,24.04,26.77,22.29,93.4,5.62,1.65,2.42,0.96,0.92,2025-10-25,Kumba,2025,10,298,43,146.78000000000003,163.83999999999997,363.12,933.79,0.3233742894068229,0.13566666666666194,24.78,equatorial
15.44,23.72,25.68,22.41,95.59,1.81,2.06,1.56,0.96,0.92,2025-10-26,Kumba,2025,10,299,43,40.3,162.23,364.24,933.37,0.3225609509044498,-0.16400000000000148,24.78,equatorial
13.71,24.64,28.55,22.34,92.2,7.11,1.95,3.67,0.96,0.92,2025-10-27,Kumba,2025,10,300,44,33.32,168.31,369.51,937.87,0.33074706975016294,0.7576666666666689,24.78,equatorial
5.5,24.31,26.56,22.63,94.91,21.15,2.91,2.61,0.96,0.93,2025-10-28,Kumba,2025,10,301,44,52.5,187.05999999999997,364.34999999999997,956.64,0.3650374268554683,0.4273333333333298,24.67,equatorial
13.88,23.99,25.41,22.63,95.81,7.09,2.74,1.95,0.97,0.93,2025-10-29,Kumba,2025,10,302,44,54.36,188.28999999999996,362.79,962.22,0.37519392330955664,0.09766666666666524,24.64,equatorial
9.84,23.51,25.75,22.24,94.21,13.29,2.14,2.49,0.97,0.93,2025-10-30,Kumba,2025,10,303,44,59.709999999999994,200.47999999999996,354.63,973.78,0.39629142546533347,-0.3886666666666656,24.64,equatorial
9.76,23.83,26.78,22.29,92.18,28.96,1.62,2.77,0.98,0.95,2025-10-31,Kumba,2025,10,304,44,85.03,229.33999999999997,366.61,999.47,0.44324358308359824,-0.11233333333333917,24.64,equatorial
14.57,24.75,29.47,21.8,87.31,14.47,1.22,5.11,0.98,0.94,2025-11-01,Kumba,2025,11,305,44,93.88,240.65999999999997,344.06,1009.6999999999999,0.46189815871357587,0.7456666666666614,24.75,equatorial
15.89,24.3,27.98,22.28,91.17,7.89,1.66,3.49,0.98,0.94,2025-11-02,Kumba,2025,11,306,44,99.96000000000001,140.25999999999996,351.56000000000006,1009.19,0.4608939647839763,0.28600000000000136,24.75,equatorial
12.3,24.52,27.91,22.38,89.99,2.47,1.36,3.28,0.97,0.94,2025-11-03,Kumba,2025,11,307,45,95.32,128.63999999999996,342.44,1005.59,0.45423388709284157,0.4789999999999992,24.75,equatorial
15.51,24.2,26.15,22.74,93.73,12.12,1.38,1.63,0.97,0.94,2025-11-04,Kumba,2025,11,308,45,86.28999999999999,138.78999999999996,341.17,1009.4499999999999,0.4612308793265679,0.13066666666666293,24.75,equatorial
13.61,23.83,26.04,22.45,93.97,2.63,1.68,1.86,0.97,0.94,2025-11-05,Kumba,2025,11,309,45,81.83,136.18999999999997,339.38,998.56,0.4412229392074086,-0.23833333333333329,24.75,equatorial
11.4,23.8,25.81,22.27,94.29,32.16,1.58,1.54,0.97,0.95,2025-11-06,Kumba,2025,11,310,45,100.7,160.40999999999997,363.36,1014.6500000000001,0.4706168884147226,-0.2863333333333351,24.75,equatorial
13.35,24.1,27.18,22.0,89.32,4.15,1.52,2.27,0.98,0.95,2025-11-07,Kumba,2025,11,311,45,75.89,160.91999999999996,358.52,1010.22,0.46243238726637126,-0.020999999999997243,24.75,equatorial
14.9,24.97,28.83,22.3,87.22,1.07,1.22,4.54,0.97,0.94,2025-11-08,Kumba,2025,11,312,45,62.489999999999995,156.36999999999995,358.03,1006.62,0.45576879481186344,0.8073333333333323,24.97,equatorial
13.25,24.63,28.3,22.6,89.81,4.27,1.2,2.92,0.97,0.94,2025-11-09,Kumba,2025,11,313,45,58.87,158.82999999999996,327.22999999999996,1008.74,0.45958223676927434,0.45700000000000074,24.97,equatorial
16.34,25.0,28.7,22.61,88.02,0.64,1.26,3.34,0.97,0.93,2025-11-10,Kumba,2025,11,314,46,57.04,152.35999999999996,325.12,1007.12,0.45654472502930304,0.8106666666666698,25.0,equatorial
3.82,25.24,29.52,22.72,88.24,7.51,1.15,4.32,0.96,0.93,2025-11-11,Kumba,2025,11,315,46,52.43,138.71999999999997,329.21000000000004,1011.1700000000001,0.46389435387041966,1.019333333333332,25.24,equatorial
12.73,25.35,29.61,22.59,86.51,9.94,1.38,4.76,0.96,0.93,2025-11-12,Kumba,2025,11,316,46,59.739999999999995,141.56999999999996,338.12,1008.74,0.4593714267354086,1.0926666666666662,25.35,equatorial
17.3,24.89,29.03,22.18,88.34,2.06,1.62,4.86,0.96,0.92,2025-11-13,Kumba,2025,11,317,46,29.639999999999997,130.33999999999997,337.78000000000003,995.49,0.4350239580967466,0.588000000000001,25.35,equatorial
15.43,24.75,28.08,22.56,88.19,2.32,1.1,2.91,0.95,0.91,2025-11-14,Kumba,2025,11,318,46,27.809999999999995,103.69999999999996,334.24,989.77,0.4244771805576921,0.4209999999999994,25.35,equatorial
14.47,24.77,28.4,22.85,88.38,1.92,1.05,3.25,0.95,0.91,2025-11-15,Kumba,2025,11,319,46,28.66,91.14999999999996,335.06,982.84,0.4117138518422887,0.3730000000000011,25.35,equatorial
15.27,25.31,29.25,22.29,85.45,0.9,1.31,4.88,0.94,0.9,2025-11-16,Kumba,2025,11,320,46,25.29,84.15999999999995,335.86,979.85,0.40617304620419536,0.879999999999999,25.35,equatorial
13.73,25.41,29.45,21.7,84.81,0.9,1.58,4.76,0.93,0.9,2025-11-17,Kumba,2025,11,321,47,25.55,82.58999999999996,333.60999999999996,977.6800000000001,0.4021358143910476,0.9570000000000007,25.41,equatorial
15.61,25.57,29.98,21.97,84.66,0.37,1.41,5.19,0.93,0.89,2025-11-18,Kumba,2025,11,322,47,18.409999999999997,70.83999999999997,225.69,959.7,0.36911526515904963,1.0616666666666674,25.57,equatorial
16.7,25.44,30.16,21.89,84.5,1.21,1.27,5.03,0.92,0.89,2025-11-19,Kumba,2025,11,323,47,9.68,69.41999999999996,212.81,935.85,0.3253343541067529,0.8853333333333353,25.57,equatorial
16.15,25.01,28.61,22.48,87.75,0.9,1.25,3.76,0.91,0.88,2025-11-20,Kumba,2025,11,324,47,8.52,38.15999999999997,211.73999999999998,914.4200000000001,0.28599311786637327,0.44766666666666666,25.57,equatorial
16.43,25.2,29.02,23.0,86.38,0.78,1.33,3.8,0.91,0.88,2025-11-21,Kumba,2025,11,325,47,6.9799999999999995,34.78999999999997,207.29,890.96,0.2429304801898083,0.620000000000001,25.57,equatorial
16.22,25.01,29.09,22.85,87.26,0.69,1.46,4.13,0.9,0.87,2025-11-22,Kumba,2025,11,326,47,5.75,34.40999999999997,200.04,881.1,0.22481346387804682,0.402000000000001,25.57,equatorial
17.27,25.02,29.17,22.44,85.58,0.32,1.12,3.65,0.9,0.87,2025-11-23,Kumba,2025,11,327,47,5.17,30.45999999999997,196.72,873.84,0.2114662626565457,0.3829999999999991,25.57,equatorial
18.45,26.16,30.97,21.95,78.41,0.21,1.42,5.74,0.89,0.86,2025-11-24,Kumba,2025,11,328,48,4.48,30.02999999999997,191.30999999999997,864.74,0.1947436964723306,1.4523333333333355,26.16,equatorial
17.63,25.41,29.73,21.81,85.8,0.3,1.64,4.77,0.88,0.86,2025-11-25,Kumba,2025,11,329,48,4.41,22.81999999999997,189.79999999999998,857.81,0.18200300501908012,0.6459999999999972,26.16,equatorial
13.14,25.24,28.58,23.09,88.92,0.87,1.09,2.63,0.88,0.86,2025-11-26,Kumba,2025,11,330,48,4.07,13.749999999999972,183.56,855.34,0.17744683884438106,0.45599999999999596,26.16,equatorial
13.28,25.53,29.69,23.35,88.34,1.91,1.24,3.18,0.87,0.85,2025-11-27,Kumba,2025,11,331,48,5.08,13.599999999999971,164.32,855.15,0.1770751703321609,0.7053333333333356,26.16,equatorial
14.71,25.47,29.36,23.21,87.54,1.5,1.12,3.46,0.87,0.85,2025-11-28,Kumba,2025,11,332,48,5.8,12.779999999999973,158.73,855.8,0.17824533119812283,0.5959999999999965,26.16,equatorial
18.48,25.86,30.69,23.06,84.57,0.81,1.14,4.97,0.86,0.85,2025-11-29,Kumba,2025,11,333,48,5.92,11.66999999999997,146.25,855.74,0.17811212300167772,0.9076666666666675,26.16,equatorial
16.22,25.36,29.75,22.27,87.82,1.23,1.87,5.05,0.86,0.84,2025-11-30,Kumba,2025,11,334,48,6.83,11.999999999999972,118.51999999999998,853.4300000000001,0.17384805883777443,0.35666666666666913,26.16,equatorial
14.68,25.64,30.01,22.74,86.01,2.24,1.42,4.93,0.85,0.84,2025-12-01,Kumba,2025,12,335,49,8.86,13.339999999999971,106.28999999999999,850.3000000000001,0.1680784101117424,0.6070000000000029,25.86,equatorial
13.88,25.5,29.29,23.1,88.71,2.14,1.54,4.05,0.85,0.84,2025-12-02,Kumba,2025,12,336,49,10.7,15.109999999999971,100.53999999999999,845.95,0.16006845099958109,0.42700000000000315,25.86,equatorial
8.99,24.87,28.45,23.06,87.98,4.43,1.31,1.61,0.85,0.84,2025-12-03,Kumba,2025,12,337,49,14.26,18.32999999999997,102.49999999999999,845.02,0.15833982884862963,-0.21466666666666612,25.86,equatorial
12.65,25.08,29.31,22.05,87.38,0.68,1.52,3.83,0.85,0.84,2025-12-04,Kumba,2025,12,338,49,13.03,18.109999999999975,91.06,843.5200000000001,0.15556423596879954,-0.03399999999999892,25.86,equatorial
14.95,25.23,29.09,22.74,87.32,1.15,1.28,3.37,0.84,0.83,2025-12-05,Kumba,2025,12,339,49,12.68,18.479999999999972,89.57999999999998,840.74,0.15043723741976678,0.0693333333333328,25.86,equatorial
15.33,25.43,29.76,22.66,86.96,1.55,1.51,3.95,0.84,0.83,2025-12-06,Kumba,2025,12,340,49,13.42,19.33999999999997,58.97,837.26,0.1440241966556012,0.2150000000000034,25.64,equatorial
13.66,24.89,27.89,23.1,90.94,5.43,1.38,1.77,0.84,0.84,2025-12-07,Kumba,2025,12,341,49,17.62,24.44999999999997,60.25,820.32,0.11287817045663533,-0.3513333333333293,25.64,equatorial
16.01,25.11,28.6,23.04,87.92,7.3,1.38,3.04,0.84,0.84,2025-12-08,Kumba,2025,12,342,50,22.68,31.53999999999997,66.48,814.16,0.1015433075907202,-0.13599999999999923,25.5,equatorial
18.16,24.68,28.51,22.32,88.32,5.61,1.53,3.65,0.84,0.84,2025-12-09,Kumba,2025,12,343,50,26.15,36.84999999999997,67.82,811.97,0.09750529312712838,-0.5676666666666677,25.43,equatorial
16.88,24.36,27.67,22.38,89.36,2.42,1.66,3.08,0.84,0.84,2025-12-10,Kumba,2025,12,344,50,24.139999999999997,38.39999999999998,69.6,794.39,0.06517721535270615,-0.866333333333337,25.43,equatorial
15.4,24.66,28.84,22.3,87.69,4.4,1.46,3.66,0.84,0.84,2025-12-11,Kumba,2025,12,345,50,27.86,40.88999999999997,66.49,751.11,-0.014398865853104714,-0.5470000000000006,25.43,equatorial
15.62,24.48,27.62,22.61,89.04,0.81,1.4,2.68,0.84,0.83,2025-12-12,Kumba,2025,12,346,50,27.52,40.199999999999974,57.36,744.93,-0.025760080046304784,-0.6980000000000004,25.43,equatorial
17.42,25.27,29.99,21.68,85.06,1.51,1.4,4.66,0.83,0.83,2025-12-13,Kumba,2025,12,347,50,27.48,40.89999999999997,56.809999999999995,740.33,-0.03421582173310503,0.07933333333333081,25.27,equatorial
13.29,25.37,29.76,22.76,86.52,1.75,1.29,3.92,0.83,0.83,2025-12-14,Kumba,2025,12,348,50,23.8,41.41999999999997,56.239999999999995,681.88,-0.14170865649843034,0.15866666666666518,25.37,equatorial
15.9,25.1,29.19,22.53,88.2,1.94,1.78,3.79,0.82,0.82,2025-12-15,Kumba,2025,12,349,51,18.439999999999998,41.11999999999997,56.260000000000005,679.99,-0.14516696460386436,-0.12233333333333363,25.37,equatorial
18.32,25.22,29.66,22.56,86.36,1.61,1.78,4.96,0.82,0.82,2025-12-16,Kumba,2025,12,350,51,14.44,40.58999999999997,56.97,679.8000000000001,-0.14549797213261295,0.0006666666666674814,25.37,equatorial
16.7,25.07,29.79,22.39,83.44,0.05,1.33,4.54,0.81,0.81,2025-12-17,Kumba,2025,12,351,51,12.07,36.20999999999997,56.12,674.07,-0.1560214488879509,-0.13800000000000168,25.37,equatorial
15.66,24.86,29.1,21.98,83.31,0.0,1.3,4.19,0.8,0.81,2025-12-18,Kumba,2025,12,352,51,7.67,35.52999999999997,55.75,649.88,-0.2005114209907502,-0.3243333333333318,25.37,equatorial
17.91,24.98,30.03,20.98,81.53,0.0,1.61,5.06,0.8,0.8,2025-12-19,Kumba,2025,12,353,51,6.859999999999999,34.379999999999974,54.54,643.22,-0.21274130139715416,-0.18900000000000006,25.37,equatorial
16.48,25.43,30.07,22.9,84.99,0.0,1.69,4.79,0.79,0.8,2025-12-20,Kumba,2025,12,354,51,5.35,32.82999999999998,53.64,634.8100000000001,-0.2281916745743523,0.2469999999999999,25.43,equatorial
17.19,24.85,28.59,22.29,88.6,0.0,2.06,3.69,0.78,0.79,2025-12-21,Kumba,2025,12,355,51,3.5999999999999996,27.39999999999997,52.86,624.94,-0.24632898937903325,-0.3213333333333317,25.43,equatorial
14.32,25.57,29.98,22.88,85.57,0.24,1.47,4.4,0.78,0.79,2025-12-22,Kumba,2025,12,356,52,1.9000000000000001,20.339999999999975,52.410000000000004,621.91,-0.2518742336691445,0.379999999999999,25.57,equatorial
17.39,26.02,31.51,22.49,80.11,0.09,1.24,5.4,0.77,0.78,2025-12-23,Kumba,2025,12,357,52,0.38,14.819999999999972,52.18,616.63,-0.26156173738136507,0.7966666666666633,26.02,equatorial
15.76,25.51,30.44,22.62,83.63,0.26,1.7,5.27,0.76,0.77,2025-12-24,Kumba,2025,12,358,52,0.5900000000000001,12.659999999999973,52.230000000000004,606.6600000000001,-0.2798845457822095,0.30833333333333357,26.02,equatorial
17.22,25.74,30.89,22.34,83.01,0.17,1.35,4.99,0.75,0.77,2025-12-25,Kumba,2025,12,359,52,0.76,8.429999999999973,52.099999999999994,606.14,-0.2808045164955009,0.5273333333333312,26.02,equatorial
18.24,25.66,30.82,22.33,84.27,0.29,1.74,4.93,0.74,0.76,2025-12-26,Kumba,2025,12,360,52,1.05,7.909999999999972,51.52,604.5899999999999,-0.2836214224389115,0.43333333333333357,26.02,equatorial
17.02,25.56,30.33,22.65,86.16,0.48,1.92,4.95,0.73,0.76,2025-12-27,Kumba,2025,12,361,52,1.53,6.8799999999999715,50.09,578.76,-0.33115972781860703,0.3323333333333345,26.02,equatorial
14.37,25.2,29.45,22.58,87.43,0.56,1.83,3.73,0.73,0.75,2025-12-28,Kumba,2025,12,362,52,2.09,5.689999999999971,49.150000000000006,570.6700000000001,-0.34601654605960247,-0.01866666666666461,26.02,equatorial
15.7,25.07,29.06,22.85,87.07,0.59,1.34,3.43,0.72,0.75,2025-12-29,Kumba,2025,12,363,1,2.44,4.339999999999971,48.93,549.81,-0.3843984285455054,-0.12233333333333718,26.02,equatorial
19.09,24.9,28.81,22.12,86.87,0.18,1.52,3.4,0.72,0.75,2025-12-30,Kumba,2025,12,364,1,2.5300000000000002,2.9099999999999717,47.879999999999995,533.01,-0.41529692739044743,-0.2770000000000046,25.74,equatorial
16.65,25.21,29.81,22.3,85.27,0.39,1.43,3.41,0.71,0.74,2025-12-31,Kumba,2025,12,365,1,2.66,3.2499999999999716,46.03,496.38,-0.4827317231750661,0.047333333333330785,25.74,equatorial
