nasa_allsky_sfc_sw_dwn,nasa_t2m,nasa_t2m_max,nasa_t2m_min,nasa_rh2m,nasa_prectotcorr,nasa_ws10m,nasa_evland,nasa_gwetroot,nasa_gwettop,date,zone,year,month,day_of_year,week,rain_7d,rain_14d,rain_30d,rain_90d,spi3_approx,temp_anom_30d,temp_max_7d,climate_zone
18.9,23.87,29.48,19.74,78.94,0.07,1.51,4.64,0.62,0.63,2015-01-01,Yaounde_peri,2015,1,1,1,0.07,0.07,0.07,0.07,,,23.87,equatorial
20.75,23.31,29.38,19.23,76.79,0.09,1.48,4.91,0.62,0.63,2015-01-02,Yaounde_peri,2015,1,2,1,0.16,0.16,0.16,0.16,,,23.87,equatorial
17.96,23.14,28.49,18.97,71.92,0.06,1.8,4.28,0.62,0.63,2015-01-03,Yaounde_peri,2015,1,3,1,0.22,0.22,0.22,0.22,,,23.87,equatorial
20.77,22.63,28.01,18.08,58.56,0.01,1.81,4.82,0.61,0.62,2015-01-04,Yaounde_peri,2015,1,4,1,0.23,0.23,0.23,0.23,,,23.87,equatorial
19.14,22.12,27.92,16.81,68.07,0.02,1.42,3.95,0.61,0.62,2015-01-05,Yaounde_peri,2015,1,5,2,0.25,0.25,0.25,0.25,,,23.87,equatorial
18.44,22.34,27.73,17.49,73.86,0.19,1.44,3.57,0.61,0.62,2015-01-06,Yaounde_peri,2015,1,6,2,0.44,0.44,0.44,0.44,,,23.87,equatorial
19.99,22.15,27.98,16.24,62.04,0.04,1.99,4.13,0.61,0.62,2015-01-07,Yaounde_peri,2015,1,7,2,0.48,0.48,0.48,0.48,,-0.644285714285715,23.87,equatorial
20.78,22.57,28.49,16.62,57.45,0.01,1.24,4.46,0.61,0.61,2015-01-08,Yaounde_peri,2015,1,8,2,0.42,0.49,0.49,0.49,,-0.19624999999999915,23.31,equatorial
22.08,21.15,28.68,13.82,59.52,0.0,2.49,4.84,0.6,0.61,2015-01-09,Yaounde_peri,2015,1,9,2,0.32999999999999996,0.49,0.49,0.49,,-1.4366666666666674,23.14,equatorial
22.44,20.19,27.54,13.08,57.99,0.0,2.83,4.37,0.6,0.61,2015-01-10,Yaounde_peri,2015,1,10,2,0.27,0.49,0.49,0.49,,-2.157,22.63,equatorial
21.69,21.63,27.91,15.38,53.41,0.0,1.93,4.55,0.6,0.6,2015-01-11,Yaounde_peri,2015,1,11,2,0.26,0.49,0.49,0.49,,-0.6518181818181823,22.57,equatorial
21.94,20.64,28.1,13.22,56.48,0.0,2.73,4.52,0.59,0.6,2015-01-12,Yaounde_peri,2015,1,12,3,0.24,0.49,0.49,0.49,,-1.504999999999999,22.57,equatorial
22.17,21.72,28.74,13.92,58.15,0.0,2.18,4.42,0.59,0.6,2015-01-13,Yaounde_peri,2015,1,13,3,0.05,0.49,0.49,0.49,,-0.3923076923076927,22.57,equatorial
21.19,22.71,29.0,15.62,58.85,0.0,1.8,4.46,0.59,0.59,2015-01-14,Yaounde_peri,2015,1,14,3,0.01,0.49,0.49,0.49,,0.5549999999999997,22.71,equatorial
21.81,23.1,29.91,15.58,54.85,0.0,1.79,4.67,0.59,0.59,2015-01-15,Yaounde_peri,2015,1,15,3,0.0,0.42,0.49,0.49,,0.8820000000000014,23.1,equatorial
20.01,22.39,29.25,16.84,65.47,0.04,1.45,4.19,0.58,0.59,2015-01-16,Yaounde_peri,2015,1,16,3,0.04,0.37,0.53,0.53,,0.161249999999999,23.1,equatorial
18.87,23.03,29.22,17.56,77.95,0.22,1.31,3.54,0.58,0.59,2015-01-17,Yaounde_peri,2015,1,17,3,0.26,0.53,0.75,0.75,,0.7541176470588233,23.1,equatorial
17.67,23.57,29.36,19.5,80.95,0.4,1.69,3.81,0.58,0.59,2015-01-18,Yaounde_peri,2015,1,18,3,0.66,0.92,1.15,1.15,,1.2222222222222214,23.57,equatorial
18.45,23.52,29.61,19.35,80.78,0.38,1.76,4.09,0.58,0.59,2015-01-19,Yaounde_peri,2015,1,19,4,1.04,1.28,1.53,1.53,,1.1105263157894747,23.57,equatorial
19.09,24.14,30.4,19.36,76.48,0.26,1.55,4.27,0.58,0.58,2015-01-20,Yaounde_peri,2015,1,20,4,1.3,1.35,1.79,1.79,,1.6439999999999984,24.14,equatorial
19.22,24.56,30.44,19.69,76.09,0.01,1.64,3.83,0.58,0.58,2015-01-21,Yaounde_peri,2015,1,21,4,1.31,1.32,1.8,1.8,,1.9657142857142844,24.56,equatorial
18.57,24.82,31.66,20.31,75.36,0.0,1.67,4.24,0.57,0.58,2015-01-22,Yaounde_peri,2015,1,22,4,1.31,1.31,1.8,1.8,,2.124545454545455,24.82,equatorial
18.22,24.83,30.88,20.46,80.78,0.0,2.04,3.98,0.57,0.57,2015-01-23,Yaounde_peri,2015,1,23,4,1.27,1.31,1.8,1.8,,2.041739130434781,24.83,equatorial
18.09,24.82,30.52,20.64,81.52,0.0,2.37,3.84,0.57,0.57,2015-01-24,Yaounde_peri,2015,1,24,4,1.05,1.31,1.8,1.8,,1.9470833333333317,24.83,equatorial
15.84,24.59,29.43,21.1,82.99,0.0,2.41,3.22,0.57,0.57,2015-01-25,Yaounde_peri,2015,1,25,4,0.65,1.31,1.8,1.8,,1.6484000000000023,24.83,equatorial
16.56,24.43,29.35,20.85,81.51,0.0,1.84,2.96,0.57,0.57,2015-01-26,Yaounde_peri,2015,1,26,5,0.27,1.31,1.8,1.8,,1.431153846153844,24.83,equatorial
15.33,24.39,29.64,20.92,83.88,0.0,1.91,2.8,0.57,0.57,2015-01-27,Yaounde_peri,2015,1,27,5,0.01,1.31,1.8,1.8,,1.3396296296296306,24.83,equatorial
15.94,24.05,27.45,21.96,86.86,0.0,2.37,1.88,0.57,0.58,2015-01-28,Yaounde_peri,2015,1,28,5,0.0,1.31,1.8,1.8,,0.9639285714285748,24.83,equatorial
17.39,24.4,29.26,21.0,83.35,0.0,2.37,3.04,0.57,0.57,2015-01-29,Yaounde_peri,2015,1,29,5,0.0,1.31,1.8,1.8,,1.2686206896551724,24.83,equatorial
19.71,24.44,29.28,20.91,82.96,0.0,2.01,3.1,0.56,0.57,2015-01-30,Yaounde_peri,2015,1,30,5,0.0,1.27,1.8,1.8,1.1914687714375012,1.2650000000000006,24.82,equatorial
16.9,24.61,29.97,21.01,81.74,0.55,1.64,3.89,0.56,0.57,2015-01-31,Yaounde_peri,2015,1,31,5,0.55,1.6,2.2800000000000002,2.35,1.8445760722755415,1.4103333333333339,24.61,equatorial
18.77,24.92,31.02,21.0,80.86,0.33,1.82,3.75,0.56,0.57,2015-02-01,Yaounde_peri,2015,2,32,5,0.8800000000000001,1.5300000000000002,2.52,2.68,2.09713615837276,1.6666666666666679,24.92,equatorial
15.18,25.01,31.01,21.2,81.07,0.49,2.09,3.9,0.56,0.56,2015-02-02,Yaounde_peri,2015,2,33,6,1.37,1.6400000000000001,2.95,3.17,2.4287337360343577,1.6943333333333364,25.01,equatorial
15.64,24.08,28.16,21.44,86.39,0.63,2.46,2.45,0.56,0.57,2015-02-03,Yaounde_peri,2015,2,34,6,2.0,2.01,3.57,3.8,2.7442880843399258,0.7160000000000011,25.01,equatorial
16.63,24.3,29.11,20.57,83.47,0.48,1.87,2.73,0.56,0.57,2015-02-04,Yaounde_peri,2015,2,35,6,2.48,2.48,4.029999999999999,4.28,2.8022360392978194,0.8633333333333368,25.01,equatorial
17.24,24.92,30.5,20.94,82.78,0.65,2.17,3.48,0.56,0.57,2015-02-05,Yaounde_peri,2015,2,36,6,3.13,3.13,4.49,4.93,2.9172876561054033,1.3973333333333322,25.01,equatorial
17.48,24.39,28.74,21.84,86.34,1.26,2.2,2.54,0.56,0.57,2015-02-06,Yaounde_peri,2015,2,37,6,4.390000000000001,4.390000000000001,5.71,6.1899999999999995,3.2617045244580676,0.7926666666666655,25.01,equatorial
14.87,24.75,29.52,21.1,86.14,2.39,2.12,2.92,0.56,0.58,2015-02-07,Yaounde_peri,2015,2,38,6,6.23,6.78,8.09,8.58,3.783612066032589,1.0799999999999983,25.01,equatorial
16.45,24.15,27.13,22.25,90.94,4.07,2.0,1.55,0.57,0.6,2015-02-08,Yaounde_peri,2015,2,39,6,9.97,10.850000000000001,12.16,12.65,4.255581948921242,0.379999999999999,25.01,equatorial
15.71,25.09,30.98,21.2,81.84,1.99,2.31,4.11,0.57,0.59,2015-02-09,Yaounde_peri,2015,2,40,7,11.47,12.84,14.15,14.64,3.8786295173684975,1.1566666666666663,25.09,equatorial
17.13,24.88,29.37,21.28,81.69,0.17,2.19,3.35,0.57,0.58,2015-02-10,Yaounde_peri,2015,2,41,7,11.01,13.01,14.32,14.81,3.2991261920663666,0.8383333333333312,25.09,equatorial
18.29,24.83,29.59,21.27,83.37,0.0,1.55,2.62,0.57,0.57,2015-02-11,Yaounde_peri,2015,2,42,7,10.530000000000001,13.01,14.32,14.81,2.8982946740407978,0.6486666666666672,25.09,equatorial
11.17,23.58,25.93,21.75,89.17,0.0,1.69,1.13,0.57,0.58,2015-02-12,Yaounde_peri,2015,2,43,7,9.88,13.01,14.32,14.81,2.6154381683671155,-0.663333333333334,25.09,equatorial
16.98,24.06,29.52,20.73,77.01,0.0,1.82,2.71,0.57,0.57,2015-02-13,Yaounde_peri,2015,2,44,7,8.620000000000001,13.01,14.32,14.81,2.4021307996070846,-0.22833333333333883,25.09,equatorial
17.72,24.16,29.73,20.0,81.75,0.0,2.25,3.38,0.56,0.57,2015-02-14,Yaounde_peri,2015,2,45,7,6.23,12.459999999999999,14.32,14.81,2.2338675459560715,-0.16366666666666774,25.09,equatorial
20.82,24.75,30.3,20.87,82.0,0.21,2.37,3.57,0.56,0.56,2015-02-15,Yaounde_peri,2015,2,46,7,2.37,12.34,14.49,15.02,2.132340644974649,0.34766666666666524,25.09,equatorial
17.22,24.84,30.05,21.22,82.76,0.49,2.49,3.36,0.55,0.56,2015-02-16,Yaounde_peri,2015,2,47,8,0.87,12.340000000000002,14.76,15.51,2.0934667886091227,0.37733333333333263,24.88,equatorial
16.68,24.52,28.64,21.37,84.85,1.02,2.34,2.67,0.55,0.56,2015-02-17,Yaounde_peri,2015,2,48,8,1.72,12.73,15.379999999999999,16.53,2.1431809802620063,0.02566666666666606,24.84,equatorial
10.63,23.27,25.28,21.83,93.08,1.78,1.99,1.11,0.56,0.58,2015-02-18,Yaounde_peri,2015,2,49,8,3.5,14.03,16.78,18.31,2.2941592622905693,-1.216000000000001,24.84,equatorial
21.14,24.76,30.39,20.57,81.79,1.17,1.66,3.57,0.56,0.57,2015-02-19,Yaounde_peri,2015,2,50,8,4.67,14.549999999999999,17.689999999999998,19.48,2.3244590713027695,0.25333333333333385,24.84,equatorial
18.15,25.14,30.7,21.2,80.7,0.05,2.24,3.75,0.55,0.56,2015-02-20,Yaounde_peri,2015,2,51,8,4.72,13.34,17.73,19.53,2.1936727992194793,0.6140000000000008,25.14,equatorial
17.46,25.33,31.0,21.14,79.8,0.01,2.65,3.97,0.55,0.55,2015-02-21,Yaounde_peri,2015,2,52,8,4.7299999999999995,10.959999999999999,17.740000000000002,19.54,2.078409864327538,0.7869999999999955,25.33,equatorial
13.77,25.14,30.47,21.42,82.27,0.03,2.01,2.81,0.55,0.55,2015-02-22,Yaounde_peri,2015,2,53,8,4.55,6.92,17.77,19.57,1.982447028029461,0.586666666666666,25.33,equatorial
16.92,25.15,30.15,21.52,82.03,0.02,2.17,2.67,0.54,0.55,2015-02-23,Yaounde_peri,2015,2,54,9,4.08,4.949999999999999,17.790000000000003,19.59,1.8978885418508324,0.5856666666666683,25.33,equatorial
16.43,22.61,25.39,20.17,84.57,0.01,2.57,1.2,0.54,0.55,2015-02-24,Yaounde_peri,2015,2,55,9,3.0700000000000003,4.79,17.8,19.6,1.8223681698678225,-1.8883333333333354,25.33,equatorial
17.08,23.78,29.67,19.39,82.01,1.1,2.09,3.17,0.54,0.55,2015-02-25,Yaounde_peri,2015,2,56,9,2.39,5.89,18.900000000000002,20.7,1.8905099096870752,-0.6966666666666654,25.33,equatorial
13.63,23.78,27.83,21.51,86.75,2.02,2.43,2.2,0.55,0.57,2015-02-26,Yaounde_peri,2015,2,57,9,3.24,7.91,20.92,22.72,2.0586701183817544,-0.6763333333333286,25.33,equatorial
14.73,23.3,26.6,20.63,83.52,0.34,1.38,1.82,0.55,0.56,2015-02-27,Yaounde_peri,2015,2,58,9,3.5300000000000002,8.25,21.26,23.060000000000002,2.0085298246293757,-1.131333333333334,25.33,equatorial
18.15,24.78,31.35,19.92,78.07,0.09,1.44,3.86,0.55,0.55,2015-02-28,Yaounde_peri,2015,2,59,9,3.6100000000000003,8.34,21.35,23.150000000000002,1.9360558829693433,0.3359999999999985,25.15,equatorial
18.52,24.91,30.63,20.87,80.29,0.35,1.82,3.3,0.54,0.55,2015-03-01,Yaounde_peri,2015,3,60,9,3.9300000000000006,8.48,21.700000000000003,23.5,1.900812595989989,0.45033333333333303,25.15,equatorial
17.13,24.46,29.98,21.09,81.63,0.01,2.07,2.75,0.54,0.54,2015-03-02,Yaounde_peri,2015,3,61,10,3.9200000000000004,8.0,21.16,23.51,1.8321820903229087,0.005333333333336299,24.91,equatorial
17.14,24.99,30.93,21.11,77.97,0.0,2.2,3.48,0.54,0.54,2015-03-03,Yaounde_peri,2015,3,62,10,3.91,6.98,20.83,23.51,1.7695401278962752,0.5329999999999977,24.99,equatorial
16.07,25.02,30.58,21.06,77.54,0.0,1.76,3.3,0.53,0.53,2015-03-04,Yaounde_peri,2015,3,63,10,2.81,5.2,20.34,23.51,1.7129347908262653,0.5626666666666651,25.02,equatorial
18.44,24.99,30.73,21.31,78.08,0.0,1.97,2.92,0.53,0.53,2015-03-05,Yaounde_peri,2015,3,64,10,0.79,4.03,19.71,23.51,1.661454620130255,0.5023333333333326,25.02,equatorial
14.57,25.3,30.89,21.41,78.99,0.0,1.54,2.66,0.53,0.53,2015-03-06,Yaounde_peri,2015,3,65,10,0.45,3.9800000000000004,19.23,23.51,1.6143698585895008,0.7789999999999999,25.3,equatorial
16.89,25.46,30.72,21.86,82.75,3.68,1.92,2.97,0.53,0.55,2015-03-07,Yaounde_peri,2015,3,66,10,4.04,7.65,22.259999999999998,27.19,1.9463168957217916,0.9210000000000029,25.46,equatorial
14.64,24.5,28.43,22.02,88.61,15.65,1.76,2.54,0.55,0.64,2015-03-08,Yaounde_peri,2015,3,67,10,19.34,23.27,36.650000000000006,42.84,3.2970486450099337,-0.04266666666666552,25.46,equatorial
20.06,24.77,29.78,21.68,84.86,3.49,1.89,3.19,0.56,0.59,2015-03-09,Yaounde_peri,2015,3,68,11,22.82,26.740000000000002,37.75,46.33,3.30499012468489,0.22666666666666657,25.46,equatorial
18.17,24.94,28.96,21.88,85.07,2.24,1.15,2.67,0.57,0.59,2015-03-10,Yaounde_peri,2015,3,69,11,25.06,28.97,35.92,48.57,3.2065197107505963,0.37033333333333474,25.46,equatorial
20.15,25.18,30.24,21.75,81.49,1.2,1.57,3.86,0.56,0.58,2015-03-11,Yaounde_peri,2015,3,70,11,26.259999999999998,29.070000000000004,35.13,49.77,3.0518242299704443,0.6073333333333331,25.46,equatorial
21.85,25.4,30.1,21.56,80.83,0.49,1.51,3.46,0.56,0.57,2015-03-12,Yaounde_peri,2015,3,71,11,26.75,27.540000000000003,35.45,50.260000000000005,2.8790185704529283,0.8100000000000023,25.46,equatorial
18.75,24.36,28.02,21.79,85.44,0.63,2.12,2.32,0.55,0.57,2015-03-13,Yaounde_peri,2015,3,72,11,27.38,27.83,36.080000000000005,50.89,2.7453265470455057,-0.21433333333333593,25.46,equatorial
18.14,25.9,31.19,21.6,79.82,0.57,1.36,3.35,0.55,0.56,2015-03-14,Yaounde_peri,2015,3,73,11,24.27,28.31,36.650000000000006,51.46,2.629037274750673,1.2483333333333348,25.9,equatorial
18.13,25.48,29.86,21.94,81.69,1.25,1.94,2.9,0.55,0.56,2015-03-15,Yaounde_peri,2015,3,74,11,9.870000000000001,29.21,37.900000000000006,52.71,2.5696977824314886,0.7810000000000024,25.9,equatorial
13.65,24.8,28.34,22.39,87.28,1.23,1.75,2.16,0.55,0.56,2015-03-16,Yaounde_peri,2015,3,75,12,7.61,30.43,39.13,53.940000000000005,2.516121108082054,0.0796666666666681,25.9,equatorial
15.89,24.11,27.25,22.31,90.4,5.03,2.34,1.89,0.55,0.59,2015-03-17,Yaounde_peri,2015,3,76,12,10.4,35.46,43.95,58.97,2.675407751144449,-0.5890000000000022,25.9,equatorial
18.94,24.64,29.66,21.28,84.53,1.51,1.8,3.27,0.56,0.58,2015-03-18,Yaounde_peri,2015,3,77,12,10.71,36.97,44.970000000000006,60.480000000000004,2.619982888931717,-0.05233333333333334,25.9,equatorial
17.17,24.19,27.91,21.59,88.66,4.73,2.24,2.56,0.56,0.59,2015-03-19,Yaounde_peri,2015,3,78,12,14.950000000000001,41.7,48.68,65.21000000000001,2.730853471908117,-0.49133333333332985,25.9,equatorial
18.61,24.12,27.3,21.85,90.0,5.28,1.71,1.95,0.57,0.61,2015-03-20,Yaounde_peri,2015,3,79,12,19.6,46.980000000000004,52.18000000000001,70.49000000000001,2.84228012135396,-0.5896666666666661,25.9,equatorial
17.51,24.51,28.31,21.94,89.45,7.49,1.35,2.64,0.58,0.63,2015-03-21,Yaounde_peri,2015,3,80,12,26.52,50.79,58.50000000000001,77.98,3.022817112426033,-0.19133333333332914,25.48,equatorial
18.35,24.78,28.96,22.18,88.13,4.05,1.97,3.36,0.58,0.62,2015-03-22,Yaounde_peri,2015,3,81,12,29.32,39.190000000000005,62.5,82.03,3.014995409638892,0.09066666666666734,24.8,equatorial
18.89,24.95,29.32,21.84,87.98,4.62,2.27,3.76,0.58,0.61,2015-03-23,Yaounde_peri,2015,3,82,13,32.71,40.32,67.11,86.65,3.024248827489043,0.27333333333333343,24.95,equatorial
17.41,24.2,27.39,22.05,90.47,4.29,2.02,2.62,0.59,0.62,2015-03-24,Yaounde_peri,2015,3,83,13,31.97,42.37,71.37,90.94,3.012406558789499,-0.445333333333334,24.95,equatorial
16.72,23.86,26.02,22.28,92.57,6.08,2.06,1.83,0.59,0.63,2015-03-25,Yaounde_peri,2015,3,84,13,36.54,47.25,77.43,97.02000000000001,3.0595859148256705,-0.7423333333333346,24.95,equatorial
17.41,23.72,27.6,20.94,89.66,8.43,2.26,3.61,0.6,0.66,2015-03-26,Yaounde_peri,2015,3,85,13,40.24,55.19,85.85,105.45,3.1673152712353376,-0.9193333333333342,24.95,equatorial
9.27,23.44,25.31,21.79,91.98,1.26,2.06,1.56,0.6,0.62,2015-03-27,Yaounde_peri,2015,3,86,13,36.22,55.82,86.01,106.71000000000001,3.0182029595962616,-1.1879999999999988,24.95,equatorial
18.87,23.93,28.07,20.77,87.42,1.06,2.29,3.6,0.6,0.61,2015-03-28,Yaounde_peri,2015,3,87,13,29.79,56.309999999999995,85.05000000000001,107.77,2.886172278944182,-0.7029999999999994,24.95,equatorial
16.16,23.96,27.98,21.17,86.12,1.39,3.09,4.13,0.59,0.61,2015-03-29,Yaounde_peri,2015,3,88,13,27.13,56.449999999999996,86.10000000000001,109.16,2.7829368798338296,-0.6949999999999967,24.95,equatorial
16.92,22.63,25.76,20.43,87.72,1.68,1.58,2.05,0.59,0.61,2015-03-30,Yaounde_peri,2015,3,89,14,24.189999999999998,56.9,87.69,110.84,2.70151801603784,-1.9533333333333331,24.2,equatorial
21.47,23.85,29.76,19.26,82.31,0.82,1.34,4.88,0.59,0.6,2015-03-31,Yaounde_peri,2015,3,90,14,20.72,52.69,88.16000000000001,111.66,2.6057669292236274,-0.6980000000000004,23.96,equatorial
20.68,24.03,29.29,19.62,84.64,6.52,2.22,5.24,0.58,0.61,2015-04-01,Yaounde_peri,2015,4,91,14,21.16,57.7,94.67,118.11000000000001,2.67381165807848,-0.503666666666664,24.03,equatorial
14.69,23.38,26.46,21.53,89.19,3.49,1.57,2.16,0.58,0.62,2015-04-02,Yaounde_peri,2015,4,92,14,16.22,56.46,98.16,121.51,2.649540036867006,-1.1000000000000014,24.03,equatorial
16.5,23.45,27.51,20.93,88.71,6.56,2.0,3.47,0.59,0.63,2015-04-03,Yaounde_peri,2015,4,93,14,21.52,57.739999999999995,104.72,128.01,2.7042103822802117,-0.9776666666666678,24.03,equatorial
19.61,24.14,28.5,20.87,87.03,4.6,1.96,4.16,0.59,0.62,2015-04-04,Yaounde_peri,2015,4,94,14,25.060000000000002,54.85,109.32000000000001,132.6,2.7015737834978033,-0.2593333333333341,24.14,equatorial
18.41,23.81,27.48,21.41,88.78,13.39,2.1,3.93,0.6,0.67,2015-04-05,Yaounde_peri,2015,4,95,14,37.06,64.19,122.71000000000001,145.97,2.899760122566864,-0.539666666666669,24.14,equatorial
21.52,23.99,27.39,21.29,89.32,6.95,1.26,2.59,0.62,0.66,2015-04-06,Yaounde_peri,2015,4,96,15,42.33,66.52,125.97999999999999,152.73,2.91457782342347,-0.3106666666666662,24.14,equatorial
15.8,24.63,28.2,22.06,86.82,8.2,1.38,3.63,0.62,0.67,2015-04-07,Yaounde_peri,2015,4,97,15,49.71,70.43,118.53,160.89,2.952247633502519,0.3249999999999993,24.63,equatorial
22.54,25.02,29.93,20.96,85.28,3.37,1.38,4.65,0.62,0.65,2015-04-08,Yaounde_peri,2015,4,98,15,46.559999999999995,67.72,118.41,164.25,2.8820556565391358,0.706666666666667,25.02,equatorial
18.76,23.79,26.7,22.33,92.91,11.3,2.14,2.65,0.63,0.69,2015-04-09,Yaounde_peri,2015,4,99,15,54.370000000000005,70.59,127.47,175.55,2.974429923803097,-0.48499999999999943,25.02,equatorial
23.24,24.23,27.97,21.51,89.59,4.57,1.67,3.55,0.63,0.66,2015-04-10,Yaounde_peri,2015,4,100,15,52.38,73.9,130.84,180.12,2.921372491619408,-0.013333333333335418,25.02,equatorial
15.24,24.07,27.42,21.52,90.61,16.5,1.2,2.87,0.64,0.72,2015-04-11,Yaounde_peri,2015,4,101,15,64.28,89.34,146.85,196.62,3.0862227871304397,-0.12900000000000134,25.02,equatorial
18.44,23.73,26.2,21.77,89.98,10.93,1.32,2.51,0.66,0.71,2015-04-12,Yaounde_peri,2015,4,102,15,61.82,98.88,157.15,207.55,3.1217669921499573,-0.4480000000000004,25.02,equatorial
19.13,23.86,27.24,21.53,89.22,5.21,1.23,2.84,0.66,0.7,2015-04-13,Yaounde_peri,2015,4,103,16,60.080000000000005,102.41,161.79,212.76000000000002,3.0530397109424285,-0.25000000000000355,25.02,equatorial
18.01,24.28,28.13,21.0,88.26,5.6,1.21,3.23,0.66,0.68,2015-04-14,Yaounde_peri,2015,4,104,16,57.480000000000004,107.19,166.14000000000001,218.36,2.9976228313744766,0.21000000000000085,25.02,equatorial
14.26,24.17,27.63,21.95,90.22,10.63,1.99,3.75,0.66,0.71,2015-04-15,Yaounde_peri,2015,4,105,16,64.74000000000001,111.30000000000001,175.54000000000002,228.99,3.022973776306623,0.12100000000000577,24.28,equatorial
18.41,24.12,27.99,20.95,87.0,3.82,1.77,4.57,0.66,0.68,2015-04-16,Yaounde_peri,2015,4,106,16,57.26,111.63,174.33,232.77,2.9408607573983248,0.07066666666667132,24.28,equatorial
19.65,24.16,27.38,21.47,87.43,3.63,1.21,3.33,0.65,0.67,2015-04-17,Yaounde_peri,2015,4,107,16,56.32,108.7,176.45,236.18,2.86276556538205,0.12666666666666515,24.28,equatorial
18.0,24.83,29.47,21.23,81.5,4.39,1.25,6.14,0.65,0.67,2015-04-18,Yaounde_peri,2015,4,108,16,44.21,108.49000000000001,176.11,240.17000000000002,2.8010652990480662,0.7753333333333323,24.83,equatorial
18.14,24.85,29.21,21.42,84.48,3.24,1.36,5.05,0.64,0.66,2015-04-19,Yaounde_peri,2015,4,109,16,36.52,98.34,174.07,243.03000000000003,2.730370220786317,0.7710000000000008,24.85,equatorial
19.37,24.33,28.14,21.57,88.48,4.37,1.48,3.62,0.63,0.66,2015-04-20,Yaounde_peri,2015,4,110,17,35.68,95.76,170.95,247.14,2.683017552427291,0.2569999999999979,24.85,equatorial
19.28,24.4,28.2,21.48,88.32,5.81,1.48,3.61,0.63,0.67,2015-04-21,Yaounde_peri,2015,4,111,17,35.89,93.36999999999999,172.71,252.94,2.6610955001999086,0.3396666666666661,24.85,equatorial
20.44,24.8,28.61,21.69,86.82,7.44,1.25,3.81,0.63,0.68,2015-04-22,Yaounde_peri,2015,4,112,17,32.7,97.44000000000001,175.53,260.38,2.6602611037111616,0.7446666666666673,24.85,equatorial
19.08,24.33,27.37,22.13,89.9,10.86,1.22,2.62,0.65,0.7,2015-04-23,Yaounde_peri,2015,4,113,17,39.739999999999995,97.0,182.10000000000002,271.24,2.6985605201163363,0.2703333333333333,24.85,equatorial
14.96,24.76,28.39,21.84,85.82,4.92,1.52,4.09,0.65,0.68,2015-04-24,Yaounde_peri,2015,4,114,17,41.029999999999994,97.35,180.94,276.16,2.661398191660481,0.6703333333333354,24.85,equatorial
19.37,24.26,28.08,21.25,88.89,5.43,1.7,4.28,0.64,0.67,2015-04-25,Yaounde_peri,2015,4,115,17,42.07,86.28,177.94,281.59000000000003,2.632796496494268,0.15233333333333476,24.85,equatorial
15.54,22.72,24.76,20.45,93.44,3.82,1.9,1.83,0.64,0.67,2015-04-26,Yaounde_peri,2015,4,116,17,42.65,79.16999999999999,180.5,285.41,2.5882083252187114,-1.363666666666667,24.8,equatorial
21.0,24.05,29.75,19.54,80.91,1.27,1.62,5.77,0.64,0.65,2015-04-27,Yaounde_peri,2015,4,117,18,39.55,75.23,180.71,286.68,2.5196406201625443,-0.037666666666666515,24.8,equatorial
18.13,23.41,26.68,21.18,91.42,4.04,1.99,3.01,0.63,0.66,2015-04-28,Yaounde_peri,2015,4,118,18,37.78,73.67,183.36,290.72,2.4865295181965705,-0.6593333333333362,24.8,equatorial
22.34,24.15,28.27,20.59,87.36,2.19,1.48,4.48,0.62,0.65,2015-04-29,Yaounde_peri,2015,4,119,18,32.53,65.22999999999999,183.87,292.91,2.4365292973850017,0.029999999999997584,24.76,equatorial
17.75,23.79,26.73,21.8,90.38,5.63,1.71,2.51,0.62,0.66,2015-04-30,Yaounde_peri,2015,4,120,18,27.299999999999997,67.04,188.68,298.54,2.425615974369304,-0.3279999999999994,24.76,equatorial
19.68,23.82,27.06,21.47,90.7,7.46,1.59,3.22,0.63,0.68,2015-05-01,Yaounde_peri,2015,5,121,18,29.839999999999996,70.87,189.62,305.45,2.427704643938474,-0.29100000000000037,24.26,equatorial
18.25,24.08,27.44,21.53,91.33,8.52,1.75,3.11,0.64,0.68,2015-05-02,Yaounde_peri,2015,5,122,18,32.92999999999999,75.0,194.64999999999998,313.64,2.441283218503139,-0.05433333333333579,24.15,equatorial
10.08,23.83,26.03,21.64,89.57,12.32,1.03,2.44,0.65,0.72,2015-05-03,Yaounde_peri,2015,5,123,18,41.43,84.08,200.41,325.47,2.4875043208339864,-0.31700000000000017,24.15,equatorial
21.86,24.67,29.19,20.33,84.13,2.61,1.72,5.69,0.65,0.67,2015-05-04,Yaounde_peri,2015,5,124,19,42.769999999999996,82.32,198.42,327.45,2.436050241490665,0.5053333333333363,24.67,equatorial
16.59,24.04,27.23,21.27,89.31,8.22,1.35,3.52,0.65,0.69,2015-05-05,Yaounde_peri,2015,5,125,19,46.949999999999996,84.72999999999999,193.25,335.19,2.4415738522764974,-0.1323333333333352,24.67,equatorial
19.23,23.63,26.41,21.7,91.6,5.7,1.38,2.49,0.66,0.69,2015-05-06,Yaounde_peri,2015,5,126,19,50.46,82.99,192.0,340.24,2.4215362844897914,-0.5303333333333349,24.67,equatorial
14.97,23.66,27.25,20.96,90.98,1.96,1.87,3.09,0.65,0.67,2015-05-07,Yaounde_peri,2015,5,127,19,46.79,74.09,185.76,340.94,2.3640268553495805,-0.46799999999999997,24.67,equatorial
21.51,24.39,28.78,21.48,87.57,1.33,1.47,4.83,0.64,0.66,2015-05-08,Yaounde_peri,2015,5,128,19,40.66,70.5,183.72,339.88,2.2954140752970003,0.2829999999999977,24.67,equatorial
19.25,23.6,27.13,21.05,91.3,3.66,2.06,3.32,0.64,0.66,2015-05-09,Yaounde_peri,2015,5,129,19,35.8,68.73,176.07999999999998,339.46999999999997,2.2373734597328756,-0.5006666666666639,24.67,equatorial
18.04,23.44,26.71,21.39,91.24,4.43,2.17,3.55,0.64,0.67,2015-05-10,Yaounde_peri,2015,5,130,19,27.91,69.34,175.94,341.91,2.2075578281478196,-0.6343333333333305,24.67,equatorial
20.35,24.11,28.27,20.97,88.03,9.13,1.37,4.93,0.64,0.68,2015-05-11,Yaounde_peri,2015,5,131,20,34.43,77.2,168.57,350.87,2.2342057647334794,0.03433333333333266,24.39,equatorial
17.61,23.95,27.54,21.12,90.96,15.89,1.52,3.62,0.65,0.72,2015-05-12,Yaounde_peri,2015,5,132,20,42.1,89.05,173.53,366.76,2.3153753664634937,-0.13300000000000267,24.39,equatorial
19.7,23.39,25.34,22.09,94.61,11.86,1.35,1.68,0.68,0.74,2015-05-13,Yaounde_peri,2015,5,133,20,48.26,98.72,180.18,378.62,2.356969001722127,-0.6773333333333333,24.39,equatorial
16.19,24.57,28.17,21.7,89.47,8.15,0.79,3.84,0.68,0.71,2015-05-14,Yaounde_peri,2015,5,134,20,54.45,101.24000000000001,182.73,386.77000000000004,2.365220978464522,0.49299999999999855,24.57,equatorial
15.93,24.26,27.76,21.91,90.33,13.11,1.49,3.54,0.68,0.74,2015-05-15,Yaounde_peri,2015,5,135,20,66.23,106.88999999999999,185.20999999999998,399.88,2.4107111552459664,0.17999999999999972,24.57,equatorial
20.47,24.97,28.93,21.32,85.09,1.28,1.39,4.86,0.68,0.7,2015-05-16,Yaounde_peri,2015,5,136,20,63.85,99.64999999999999,182.67,400.95,2.3599777467577328,0.8616666666666646,24.97,equatorial
17.18,24.94,28.75,22.34,85.81,0.96,1.26,3.98,0.67,0.68,2015-05-17,Yaounde_peri,2015,5,137,20,60.38,88.29,180.0,401.42,2.3082300417028137,0.8056666666666672,24.97,equatorial
15.8,24.46,27.9,21.83,88.98,1.34,1.52,3.23,0.66,0.67,2015-05-18,Yaounde_peri,2015,5,138,21,52.59,87.02000000000001,176.95,401.74,2.2588289943509885,0.3379999999999974,24.97,equatorial
20.21,24.62,28.29,21.76,88.02,0.6,1.19,3.29,0.65,0.66,2015-05-19,Yaounde_peri,2015,5,139,21,37.300000000000004,79.4,174.31,400.56,2.2016010892328333,0.5056666666666665,24.97,equatorial
18.72,24.6,28.21,21.77,88.23,0.58,1.53,3.37,0.64,0.66,2015-05-20,Yaounde_peri,2015,5,140,21,26.020000000000003,74.28,170.52,399.96999999999997,2.1522229878772188,0.4766666666666701,24.97,equatorial
9.39,24.71,28.13,21.88,87.79,7.71,1.2,3.61,0.64,0.69,2015-05-21,Yaounde_peri,2015,5,141,21,25.58,80.03,172.42,407.63,2.1648822243102983,0.5763333333333343,24.97,equatorial
21.42,24.66,28.56,21.89,86.6,2.0,1.1,3.98,0.65,0.67,2015-05-22,Yaounde_peri,2015,5,142,21,14.469999999999999,80.7,166.98,409.62,2.136389409519035,0.5309999999999988,24.97,equatorial
16.59,24.15,27.44,21.44,90.64,7.37,1.72,3.43,0.64,0.68,2015-05-23,Yaounde_peri,2015,5,143,21,20.560000000000002,84.41,163.48999999999998,416.96000000000004,2.1468274230287774,0.02699999999999747,24.94,equatorial
14.01,23.26,26.25,21.02,93.2,12.4,2.8,3.41,0.66,0.72,2015-05-24,Yaounde_peri,2015,5,144,21,32.0,92.38,170.97,429.34,2.1910380823791957,-0.8129999999999988,24.71,equatorial
18.29,23.74,27.95,20.27,89.49,3.54,1.92,4.81,0.66,0.68,2015-05-25,Yaounde_peri,2015,5,145,22,34.2,86.78999999999999,169.07999999999998,432.87,2.171994766037545,-0.3156666666666723,24.71,equatorial
18.46,24.23,28.02,21.22,88.12,1.85,1.61,4.1,0.65,0.67,2015-05-26,Yaounde_peri,2015,5,146,22,35.449999999999996,72.75,167.11,433.62,2.1352546918148785,0.12400000000000233,24.71,equatorial
14.22,24.83,28.7,21.45,84.76,3.73,1.06,5.14,0.65,0.67,2015-05-27,Yaounde_peri,2015,5,147,22,38.6,64.62,169.57,435.33,2.1069198338640565,0.6979999999999968,24.83,equatorial
17.61,24.97,28.73,21.69,84.68,2.34,0.91,4.31,0.64,0.66,2015-05-28,Yaounde_peri,2015,5,148,22,33.23,58.81,167.87,437.33000000000004,2.081978837026772,0.7859999999999978,24.97,equatorial
14.95,24.74,28.59,21.56,87.07,3.68,1.28,4.35,0.64,0.66,2015-05-29,Yaounde_peri,2015,5,149,22,34.91,49.38,169.36,440.91999999999996,2.0686430280003414,0.5363333333333316,24.97,equatorial
15.5,24.19,27.79,21.74,90.39,3.94,2.54,4.54,0.64,0.66,2015-05-30,Yaounde_peri,2015,5,150,22,31.480000000000004,52.04,167.67000000000002,444.51,2.0559040834762707,-0.02699999999999747,24.97,equatorial
14.19,23.72,27.13,21.39,90.88,7.33,1.73,3.73,0.64,0.68,2015-05-31,Yaounde_peri,2015,5,151,22,26.41,58.41,167.54,451.83000000000004,2.0674647419553893,-0.49366666666666603,24.97,equatorial
12.83,23.5,26.86,21.22,90.6,7.05,1.47,3.52,0.64,0.68,2015-06-01,Yaounde_peri,2015,6,152,23,29.92,64.12,166.07,458.88000000000005,2.076519946128536,-0.6943333333333364,24.97,equatorial
9.69,23.34,26.55,20.93,90.41,9.48,1.12,3.37,0.66,0.7,2015-06-02,Yaounde_peri,2015,6,153,23,37.55,73.0,163.23,468.36,2.100011982011364,-0.838000000000001,24.97,equatorial
15.23,23.65,27.33,20.73,90.65,6.01,1.73,4.08,0.66,0.69,2015-06-03,Yaounde_peri,2015,6,154,23,39.830000000000005,78.43,166.63,474.37,2.1006601034843997,-0.4940000000000033,24.97,equatorial
15.91,23.66,27.18,20.78,91.54,6.47,2.01,3.66,0.66,0.7,2015-06-04,Yaounde_peri,2015,6,155,23,43.96,77.19,164.88,480.84000000000003,2.103894957101107,-0.4713333333333303,24.74,equatorial
10.81,22.91,26.02,20.55,92.46,6.22,2.56,3.54,0.66,0.7,2015-06-05,Yaounde_peri,2015,6,156,23,46.5,81.41,165.39999999999998,483.38,2.083147525743201,-1.1973333333333294,24.19,equatorial
11.33,23.26,26.88,20.12,89.85,4.02,2.01,4.29,0.66,0.68,2015-06-06,Yaounde_peri,2015,6,157,23,46.58,78.06,167.46,471.75,1.9788501473352045,-0.8339999999999996,23.72,equatorial
12.09,23.31,26.55,20.86,87.4,6.14,1.33,4.12,0.66,0.69,2015-06-07,Yaounde_peri,2015,6,158,23,45.39,71.8,172.27,474.4,1.9641701498723072,-0.7480000000000011,23.66,equatorial
16.51,22.84,25.82,20.43,91.15,2.43,1.75,3.03,0.66,0.68,2015-06-08,Yaounde_peri,2015,6,159,24,40.769999999999996,70.69,171.04,474.59000000000003,1.9356626909579948,-1.1926666666666677,23.66,equatorial
14.1,23.44,27.1,20.5,89.12,2.56,1.63,4.04,0.65,0.67,2015-06-09,Yaounde_peri,2015,6,160,24,33.85,71.39999999999999,169.17,475.95,1.9152305037380655,-0.5926666666666662,23.66,equatorial
15.96,23.28,26.56,20.74,89.99,0.91,1.54,2.74,0.65,0.66,2015-06-10,Yaounde_peri,2015,6,161,24,28.75,68.58,160.95,476.37,1.8902237135287947,-0.7250000000000014,23.66,equatorial
15.09,23.26,26.95,20.67,89.19,0.97,1.9,3.46,0.64,0.66,2015-06-11,Yaounde_peri,2015,6,162,24,23.25,67.21000000000001,146.02999999999997,476.71,1.8658020546952538,-0.7220000000000013,23.44,equatorial
11.5,23.79,27.89,20.38,87.91,1.04,1.87,4.2,0.64,0.65,2015-06-12,Yaounde_peri,2015,6,163,24,18.07,64.57,135.21,477.17999999999995,1.8431176053716516,-0.2053333333333356,23.79,equatorial
14.21,23.87,27.64,20.96,86.17,1.46,1.46,4.26,0.63,0.65,2015-06-13,Yaounde_peri,2015,6,164,24,15.51,62.089999999999996,128.51999999999998,477.39,1.819860588673084,-0.10199999999999676,23.87,equatorial
13.24,23.8,27.87,20.56,86.58,1.58,1.49,4.6,0.63,0.64,2015-06-14,Yaounde_peri,2015,6,165,24,10.950000000000001,56.34,116.99,477.74,1.7982953222973126,-0.15666666666666273,23.87,equatorial
13.5,23.92,28.06,20.65,88.67,10.0,1.84,5.27,0.63,0.67,2015-06-15,Yaounde_peri,2015,6,166,25,18.52,59.28999999999999,125.71,482.71,1.80340860040408,-0.0016666666666687036,23.92,equatorial
11.47,22.75,25.86,20.24,92.54,12.77,2.26,3.42,0.65,0.71,2015-06-16,Yaounde_peri,2015,6,167,25,28.73,62.58,137.52,493.96999999999997,1.843233164153875,-1.0986666666666665,23.92,equatorial
12.43,23.08,26.83,20.31,90.51,5.16,2.34,4.33,0.65,0.68,2015-06-17,Yaounde_peri,2015,6,168,25,32.980000000000004,61.730000000000004,141.34,494.4,1.8217290543464026,-0.7226666666666652,23.92,equatorial
15.19,23.25,27.17,20.52,91.17,5.81,2.49,4.61,0.65,0.68,2015-06-18,Yaounde_peri,2015,6,169,25,37.82,61.07,146.55,494.93,1.8015886238860677,-0.5069999999999979,23.92,equatorial
11.58,23.08,27.17,20.08,90.49,5.32,2.14,4.57,0.65,0.68,2015-06-19,Yaounde_peri,2015,6,170,25,42.1,60.169999999999995,151.29,492.76,1.767483875819901,-0.6263333333333385,23.92,equatorial
10.62,22.94,26.96,20.27,90.74,9.76,2.73,4.19,0.65,0.69,2015-06-20,Yaounde_peri,2015,6,171,25,50.400000000000006,65.91,153.34,498.46999999999997,1.7772963914114195,-0.7073333333333309,23.92,equatorial
10.39,22.51,26.18,20.43,89.91,9.17,2.54,4.27,0.67,0.72,2015-06-21,Yaounde_peri,2015,6,172,25,57.99,68.94,160.51000000000002,503.02,1.780495059083055,-1.0656666666666688,23.92,equatorial
9.74,22.39,25.82,19.93,89.03,1.95,2.25,3.75,0.67,0.68,2015-06-22,Yaounde_peri,2015,6,173,26,49.94,68.46000000000001,155.09,500.68,1.7467121859229038,-1.126999999999999,23.25,equatorial
12.16,22.47,25.73,20.38,91.65,3.69,1.53,2.65,0.66,0.69,2015-06-23,Yaounde_peri,2015,6,174,26,40.86,69.59,146.38,498.28999999999996,1.713830518736621,-1.0206666666666635,23.25,equatorial
13.59,23.44,27.96,19.44,86.99,1.06,1.64,5.29,0.66,0.67,2015-06-24,Yaounde_peri,2015,6,175,26,36.760000000000005,69.74,143.9,490.92,1.6556332531523044,-0.040666666666663076,23.44,equatorial
10.6,23.43,27.69,20.06,87.88,1.5,2.69,5.2,0.65,0.66,2015-06-25,Yaounde_peri,2015,6,176,26,32.45,70.27,143.54999999999998,491.15999999999997,1.6394372562255781,-0.02400000000000091,23.44,equatorial
10.82,22.93,26.95,20.17,88.73,1.3,2.89,4.61,0.64,0.65,2015-06-26,Yaounde_peri,2015,6,177,26,28.43,70.53,141.12,491.4,1.6237458336717558,-0.46066666666666833,23.44,equatorial
12.38,23.42,27.74,19.71,87.33,1.12,2.13,4.84,0.63,0.65,2015-06-27,Yaounde_peri,2015,6,178,26,19.79,70.19,139.9,491.13,1.6058631881897925,0.08100000000000307,23.44,equatorial
13.91,23.32,27.3,20.61,88.65,1.16,2.37,4.28,0.63,0.64,2015-06-28,Yaounde_peri,2015,6,179,26,11.78,69.77,137.38,490.60999999999996,1.5872077944485985,0.028333333333332433,23.44,equatorial
9.94,22.87,26.46,20.71,89.43,1.18,2.9,3.36,0.62,0.64,2015-06-29,Yaounde_peri,2015,6,180,27,11.01,60.949999999999996,134.61999999999998,490.96999999999997,1.5736660289858664,-0.3776666666666664,23.44,equatorial
7.83,22.09,24.59,20.46,92.01,2.07,2.43,2.46,0.62,0.64,2015-06-30,Yaounde_peri,2015,6,181,27,9.39,50.25,129.36,486.52,1.5356030412346655,-1.1033333333333317,23.44,equatorial
9.64,22.53,26.47,19.65,90.23,1.57,2.41,3.33,0.62,0.64,2015-07-01,Yaounde_peri,2015,7,182,27,9.899999999999999,46.660000000000004,123.88,484.6,1.5116070095678402,-0.6310000000000002,23.43,equatorial
9.99,22.3,24.93,20.36,91.71,1.88,2.2,2.29,0.62,0.64,2015-07-02,Yaounde_peri,2015,7,183,27,10.28,42.730000000000004,116.28,479.92,1.4740158008123367,-0.8263333333333307,23.42,equatorial
10.01,23.03,26.79,20.07,88.34,0.72,1.73,3.79,0.62,0.64,2015-07-03,Yaounde_peri,2015,7,184,27,9.7,38.13,110.99,476.03999999999996,1.4414402094920182,-0.07566666666666322,23.42,equatorial
8.21,23.57,27.81,20.28,87.26,1.16,2.1,4.44,0.61,0.63,2015-07-04,Yaounde_peri,2015,7,185,27,9.739999999999998,29.529999999999998,105.67999999999999,463.81,1.3667728663431176,0.4673333333333325,23.57,equatorial
14.99,23.47,27.26,20.73,85.94,1.48,1.44,3.06,0.61,0.63,2015-07-05,Yaounde_peri,2015,7,186,27,10.059999999999999,21.84,100.94,458.34,1.3282515961632206,0.3486666666666629,23.57,equatorial
17.92,23.7,27.32,20.96,86.22,1.81,1.25,3.18,0.61,0.63,2015-07-06,Yaounde_peri,2015,7,187,28,10.69,21.7,98.73,451.95,1.2857674162458086,0.5640000000000001,23.7,equatorial
16.13,23.97,27.75,20.83,87.39,1.73,1.76,3.29,0.61,0.63,2015-07-07,Yaounde_peri,2015,7,188,28,10.350000000000001,19.740000000000002,94.32000000000001,450.31,1.2683446886812844,0.8119999999999976,23.97,equatorial
17.21,24.88,29.34,20.83,81.12,0.99,1.26,4.71,0.61,0.62,2015-07-08,Yaounde_peri,2015,7,189,28,9.77,19.669999999999998,92.88,440.0,1.2069492254120264,1.654,24.88,equatorial
13.94,24.93,29.39,20.37,82.92,1.76,1.07,4.99,0.6,0.62,2015-07-09,Yaounde_peri,2015,7,190,28,9.65,19.93,92.08,437.19,1.1848214507734602,1.6543333333333337,24.93,equatorial
10.93,24.38,28.39,21.63,88.36,8.67,1.42,3.98,0.61,0.66,2015-07-10,Yaounde_peri,2015,7,191,28,17.6,27.3,99.84,429.36,1.137414795608035,1.0676666666666605,24.93,equatorial
10.89,22.45,24.3,21.19,95.45,10.54,2.32,1.73,0.62,0.68,2015-07-11,Yaounde_peri,2015,7,192,28,26.979999999999997,36.72,109.41,428.96999999999997,1.1286510062741708,-0.835333333333331,24.93,equatorial
12.38,22.86,26.63,20.49,91.44,5.39,2.35,3.88,0.64,0.67,2015-07-12,Yaounde_peri,2015,7,193,28,30.889999999999997,40.949999999999996,113.76,429.15000000000003,1.1229407287649429,-0.3943333333333321,24.93,equatorial
14.32,23.28,27.63,20.03,89.16,3.25,2.1,4.88,0.64,0.66,2015-07-13,Yaounde_peri,2015,7,194,29,32.33,43.019999999999996,115.55,426.8,1.104432993101041,0.045333333333335446,24.93,equatorial
14.31,23.48,27.59,20.33,88.83,2.47,1.9,4.43,0.63,0.65,2015-07-14,Yaounde_peri,2015,7,195,29,33.07,43.42,116.44,418.64,1.056552484276388,0.2560000000000002,24.93,equatorial
13.47,23.68,28.12,20.41,87.22,0.99,1.66,4.18,0.63,0.64,2015-07-15,Yaounde_peri,2015,7,196,29,33.07,42.84,107.42999999999999,415.81,1.0364277600683076,0.46399999999999864,24.93,equatorial
12.13,23.17,27.23,20.01,88.12,0.77,2.49,3.71,0.62,0.63,2015-07-16,Yaounde_peri,2015,7,197,29,32.08,41.73,95.43,412.95,1.0163942865533133,-0.05999999999999872,24.38,equatorial
12.23,23.69,27.67,20.45,86.77,1.52,1.94,4.5,0.61,0.63,2015-07-17,Yaounde_peri,2015,7,198,29,24.929999999999996,42.53,91.79,410.08000000000004,0.9965429623982139,0.43966666666666754,23.69,equatorial
10.58,22.9,25.98,20.54,90.25,2.56,2.57,2.9,0.61,0.63,2015-07-18,Yaounde_peri,2015,7,199,29,16.95,43.93,88.54,409.40000000000003,0.9880937791456124,-0.338666666666672,23.69,equatorial
8.22,23.09,27.63,19.93,88.41,2.31,2.58,4.5,0.61,0.63,2015-07-19,Yaounde_peri,2015,7,200,29,13.87,44.76,85.53,407.34000000000003,0.9727052303200077,-0.14899999999999736,23.69,equatorial
8.92,22.51,26.46,20.18,90.08,4.74,3.17,3.95,0.61,0.64,2015-07-20,Yaounde_peri,2015,7,201,30,15.360000000000001,47.69,80.51,406.27,0.9625420876783315,-0.7146666666666661,23.69,equatorial
12.26,21.62,24.5,19.52,92.2,5.92,1.93,2.67,0.62,0.66,2015-07-21,Yaounde_peri,2015,7,202,30,18.810000000000002,51.88,77.26,404.75,0.9501960830168517,-1.5749999999999957,23.69,equatorial
12.36,22.79,27.05,19.48,86.99,0.96,1.71,4.51,0.62,0.63,2015-07-22,Yaounde_peri,2015,7,203,30,18.779999999999998,51.85,76.27,394.84999999999997,0.8951270599012201,-0.418333333333333,23.69,equatorial
13.02,23.23,27.79,19.82,87.23,1.51,3.0,4.65,0.61,0.63,2015-07-23,Yaounde_peri,2015,7,204,30,19.52,51.6,74.09,391.44,0.8737281640910176,-0.003666666666671148,23.69,equatorial
11.8,22.68,27.01,19.9,88.11,0.7,2.36,3.54,0.61,0.62,2015-07-24,Yaounde_peri,2015,7,205,30,18.7,43.629999999999995,73.73,386.71,0.8457428741997512,-0.5283333333333324,23.23,equatorial
12.43,23.4,28.19,19.58,86.7,1.95,2.11,5.09,0.6,0.62,2015-07-25,Yaounde_peri,2015,7,206,30,18.09,35.04,74.18,384.84,0.8326384923633513,0.1926666666666641,23.4,equatorial
11.43,23.1,27.28,19.93,88.86,6.29,2.66,4.59,0.6,0.63,2015-07-26,Yaounde_peri,2015,7,207,30,22.07,35.94,79.17,389.86,0.8550060706861279,-0.11299999999999955,23.4,equatorial
11.74,21.73,24.81,19.79,92.13,4.3,2.61,2.92,0.61,0.64,2015-07-27,Yaounde_peri,2015,7,208,31,21.63,36.99,82.35,390.11999999999995,0.8527912710518448,-1.4266666666666694,23.4,equatorial
11.97,22.23,26.63,19.13,88.35,3.54,2.88,4.93,0.61,0.63,2015-07-28,Yaounde_peri,2015,7,209,31,19.25,38.06,84.73,391.46999999999997,0.8562126765880224,-0.8903333333333343,23.4,equatorial
10.03,21.48,25.03,19.29,90.36,11.75,3.02,3.78,0.62,0.68,2015-07-29,Yaounde_peri,2015,7,210,31,30.04,48.82,95.3,397.59,0.884152835369334,-1.5940000000000012,23.4,equatorial
11.44,21.8,26.01,18.68,88.43,1.39,2.81,4.03,0.62,0.64,2015-07-30,Yaounde_peri,2015,7,211,31,29.92,49.440000000000005,94.62,391.52,0.8492007870716037,-1.264333333333333,23.4,equatorial
12.96,22.68,27.55,18.49,86.49,1.25,2.03,5.14,0.62,0.63,2015-07-31,Yaounde_peri,2015,7,212,31,30.47,49.17,94.3,384.25,0.8083172457222406,-0.38933333333332953,23.4,equatorial
12.87,22.81,26.75,19.85,88.62,2.26,2.25,3.69,0.61,0.63,2015-08-01,Yaounde_peri,2015,8,213,31,30.779999999999998,48.87,94.67999999999999,374.18999999999994,0.7533006635577565,-0.2763333333333371,23.1,equatorial
12.29,22.8,26.83,19.45,89.09,6.99,2.16,4.15,0.62,0.66,2015-08-02,Yaounde_peri,2015,8,214,31,31.48,53.550000000000004,100.95,378.57,0.7731662651737662,-0.2786666666666662,22.81,equatorial
11.81,23.59,27.74,20.4,86.61,1.23,2.19,4.87,0.61,0.63,2015-08-03,Yaounde_peri,2015,8,215,32,28.41,50.04,101.02000000000001,371.58,0.734163850275253,0.5106666666666655,23.59,equatorial
13.09,22.6,25.99,20.59,90.58,1.66,2.53,2.8,0.61,0.63,2015-08-04,Yaounde_peri,2015,8,216,32,26.53,45.78,101.2,367.54,0.7106388818028434,-0.45033333333333303,23.59,equatorial
11.98,22.96,26.99,19.8,87.93,2.09,1.45,3.76,0.61,0.63,2015-08-05,Yaounde_peri,2015,8,217,32,16.869999999999997,46.91,101.47999999999999,367.67,0.7088536627819455,-0.06566666666666521,23.59,equatorial
16.05,22.51,25.36,20.37,90.56,2.54,2.07,2.65,0.61,0.63,2015-08-06,Yaounde_peri,2015,8,218,32,18.02,47.94,102.28999999999999,368.88,0.7126957266767192,-0.46699999999999875,23.59,equatorial
9.2,23.16,27.55,19.92,87.62,1.83,2.6,4.31,0.61,0.62,2015-08-07,Yaounde_peri,2015,8,219,32,18.599999999999998,49.06999999999999,103.13,367.05,0.7007385102869779,0.24033333333333218,23.59,equatorial
12.48,22.93,26.19,20.04,87.9,2.27,1.65,3.23,0.6,0.62,2015-08-08,Yaounde_peri,2015,8,220,32,18.61,49.39,103.63999999999999,364.89,0.687130723537756,0.07699999999999818,23.59,equatorial
14.71,23.79,28.38,20.08,84.52,0.09,1.4,4.55,0.6,0.61,2015-08-09,Yaounde_peri,2015,8,221,32,11.709999999999999,43.19,95.06,355.85,0.6377415535331107,0.9566666666666634,23.79,equatorial
11.67,23.97,28.2,20.27,84.02,0.0,1.53,4.19,0.59,0.6,2015-08-10,Yaounde_peri,2015,8,222,33,10.48,38.88999999999999,84.52,339.96000000000004,0.5527650212699757,1.0859999999999985,23.97,equatorial
11.95,23.94,28.54,20.62,84.21,0.0,2.27,4.22,0.59,0.6,2015-08-11,Yaounde_peri,2015,8,223,33,8.82,35.349999999999994,79.13,328.1,0.4890969203210556,1.0199999999999996,23.97,equatorial
9.78,23.33,28.09,20.01,83.99,0.0,2.65,3.99,0.58,0.59,2015-08-12,Yaounde_peri,2015,8,224,33,6.73,23.599999999999998,75.88,319.95,0.4450156122359392,0.40833333333333144,23.97,equatorial
10.18,22.98,26.73,19.55,85.94,0.0,2.35,2.99,0.58,0.59,2015-08-13,Yaounde_peri,2015,8,225,33,4.19,22.21,73.41,306.84000000000003,0.37494801637040576,0.07500000000000284,23.97,equatorial
13.24,22.82,26.36,20.36,89.38,2.94,2.55,2.93,0.58,0.6,2015-08-14,Yaounde_peri,2015,8,226,33,5.3,23.9,75.36,308.5,0.3827451820971427,-0.05633333333333468,23.97,equatorial
12.86,22.42,25.41,20.06,92.23,5.83,2.13,2.58,0.58,0.62,2015-08-15,Yaounde_peri,2015,8,227,33,8.86,27.47,80.41999999999999,313.37,0.40747123038019617,-0.4313333333333311,23.97,equatorial
14.15,22.44,25.91,20.23,89.9,7.7,1.71,2.9,0.6,0.65,2015-08-16,Yaounde_peri,2015,8,228,33,16.47,28.18,86.6,319.72999999999996,0.4400393061763789,-0.36966666666666725,23.97,equatorial
13.55,22.52,26.34,20.1,89.76,3.17,2.27,3.59,0.6,0.63,2015-08-17,Yaounde_peri,2015,8,229,34,19.64,30.12,87.21,322.3,0.4524982999046176,-0.277000000000001,23.94,equatorial
13.68,22.86,26.28,19.98,87.88,2.11,1.38,3.18,0.6,0.62,2015-08-18,Yaounde_peri,2015,8,230,34,21.75,30.57,87.00999999999999,323.83000000000004,0.459428180377745,0.07066666666666421,23.33,equatorial
15.12,23.67,27.61,20.29,84.36,0.42,1.29,3.72,0.6,0.61,2015-08-19,Yaounde_peri,2015,8,231,34,22.169999999999998,28.9,82.69,316.53999999999996,0.41950413906191936,0.8420000000000023,23.67,equatorial
13.93,23.61,27.58,20.74,84.92,0.61,1.04,3.45,0.59,0.61,2015-08-20,Yaounde_peri,2015,8,232,34,22.78,26.970000000000002,77.38,315.15,0.41104591720656736,0.7156666666666638,23.67,equatorial
14.05,24.03,28.93,19.88,84.21,0.51,1.46,4.77,0.59,0.6,2015-08-21,Yaounde_peri,2015,8,233,34,20.349999999999998,25.65,76.93,308.28999999999996,0.37343717856650416,1.094333333333335,24.03,equatorial
12.47,24.01,28.64,20.29,86.77,1.81,2.19,4.21,0.58,0.6,2015-08-22,Yaounde_peri,2015,8,234,34,16.33,25.189999999999998,77.23,297.7,0.3159417401565256,1.0483333333333391,24.03,equatorial
13.47,23.12,26.17,20.98,88.56,0.94,2.51,2.42,0.58,0.6,2015-08-23,Yaounde_peri,2015,8,235,34,9.57,26.04,77.47,295.09999999999997,0.3012819166800174,0.14366666666666816,24.03,equatorial
12.06,22.91,26.89,20.29,88.96,4.39,2.93,3.73,0.58,0.61,2015-08-24,Yaounde_peri,2015,8,236,35,10.79,30.43,79.91,297.64000000000004,0.31421556435357745,-0.05000000000000071,24.03,equatorial
12.57,23.5,28.1,19.94,86.13,2.13,1.77,4.45,0.58,0.6,2015-08-25,Yaounde_peri,2015,8,237,35,10.81,32.56,75.75,296.04,0.30488811851454367,0.5266666666666637,24.03,equatorial
12.92,23.85,28.08,20.58,87.21,3.34,1.33,3.83,0.58,0.6,2015-08-26,Yaounde_peri,2015,8,238,35,13.73,35.9,74.79,297.03999999999996,0.3095761318487202,0.8060000000000045,24.03,equatorial
14.3,22.57,25.63,20.89,90.85,5.82,2.3,2.98,0.59,0.62,2015-08-27,Yaounde_peri,2015,8,239,35,18.939999999999998,41.72,77.07,299.18,0.32041653761408573,-0.4853333333333332,24.03,equatorial
11.74,22.68,26.85,20.11,88.38,2.81,2.43,4.0,0.59,0.61,2015-08-28,Yaounde_peri,2015,8,240,35,21.240000000000002,41.59,68.13,298.05,0.31357302482884575,-0.4153333333333329,24.01,equatorial
14.06,22.91,26.7,20.04,88.46,4.19,1.92,3.93,0.59,0.62,2015-08-29,Yaounde_peri,2015,8,241,35,23.619999999999997,39.95,70.92999999999999,294.90999999999997,0.2958506688764396,-0.22233333333333505,23.85,equatorial
15.33,23.13,27.17,20.52,89.44,6.58,2.24,4.08,0.59,0.63,2015-08-30,Yaounde_peri,2015,8,242,35,29.26,38.83,76.25999999999999,294.43999999999994,0.292636689700173,-0.017333333333336753,23.85,equatorial
15.63,22.86,26.49,20.5,89.59,7.47,3.07,4.27,0.6,0.64,2015-08-31,Yaounde_peri,2015,8,243,36,32.34,43.13,81.47000000000001,292.43,0.28105389936021136,-0.2890000000000015,23.85,equatorial
12.03,22.81,27.22,19.99,88.5,4.31,2.91,5.04,0.6,0.63,2015-09-01,Yaounde_peri,2015,9,244,36,34.52,45.33,78.78999999999999,290.73,0.27117107437422094,-0.33933333333333593,23.85,equatorial
14.29,22.93,27.35,19.48,87.72,3.54,2.51,5.24,0.6,0.62,2015-09-02,Yaounde_peri,2015,9,245,36,34.72,48.449999999999996,81.1,287.8,0.2545819862773619,-0.19733333333333647,23.13,equatorial
15.54,23.29,27.82,19.68,86.96,4.35,1.65,4.87,0.6,0.62,2015-09-03,Yaounde_peri,2015,9,246,36,33.25,52.19,83.78999999999999,285.93,0.24380292588755434,0.13966666666666683,23.29,equatorial
12.02,22.96,26.64,20.34,90.44,5.54,1.51,3.24,0.6,0.64,2015-09-04,Yaounde_peri,2015,9,247,36,35.98,57.22,87.24,287.45,0.25161261766116005,-0.19033333333333502,23.29,equatorial
13.82,23.45,27.31,20.81,89.02,2.46,1.44,3.4,0.6,0.63,2015-09-05,Yaounde_peri,2015,9,248,36,34.25,57.87,87.16,283.77,0.23086558056473444,0.2683333333333344,23.45,equatorial
5.46,22.63,25.69,20.52,90.95,6.53,1.57,2.7,0.6,0.64,2015-09-06,Yaounde_peri,2015,9,249,36,34.2,63.46,91.86,287.87,0.252937687350726,-0.5339999999999989,23.45,equatorial
13.59,22.77,27.19,19.73,88.69,6.48,2.32,4.48,0.61,0.66,2015-09-07,Yaounde_peri,2015,9,250,37,33.21,65.55,96.07000000000001,291.78999999999996,0.27400916052512864,-0.3886666666666656,23.45,equatorial
14.63,22.62,26.31,19.71,88.39,1.76,1.85,3.52,0.61,0.63,2015-09-08,Yaounde_peri,2015,9,251,37,30.66,65.17999999999999,97.74000000000001,292.64000000000004,0.27811795499064207,-0.4996666666666627,23.45,equatorial
12.18,23.14,26.76,19.99,86.78,1.44,1.46,3.73,0.61,0.62,2015-09-09,Yaounde_peri,2015,9,252,37,28.56,63.28,99.18,293.11,0.2801253593795328,0.04800000000000182,23.45,equatorial
16.17,23.06,26.36,20.43,86.8,2.25,1.02,3.24,0.6,0.62,2015-09-10,Yaounde_peri,2015,9,253,37,26.46,59.71,101.43,294.32000000000005,0.2862366506466932,-0.002666666666666373,23.45,equatorial
13.8,22.91,25.78,20.38,90.44,11.3,1.24,2.57,0.62,0.68,2015-09-11,Yaounde_peri,2015,9,254,37,32.22,68.2,112.73,304.15999999999997,0.34026382065164196,-0.13866666666666916,23.45,equatorial
15.77,24.24,28.6,20.49,85.78,0.7,1.03,4.11,0.62,0.63,2015-09-12,Yaounde_peri,2015,9,255,37,30.46,64.71000000000001,113.43,303.28000000000003,0.3346270040782771,1.149333333333331,24.24,equatorial
15.8,24.34,28.86,20.54,87.76,8.41,1.36,4.94,0.62,0.66,2015-09-13,Yaounde_peri,2015,9,256,37,32.34,66.54,118.9,301.69,0.32504321180875934,1.1986666666666679,24.34,equatorial
13.47,23.32,26.84,20.95,91.34,13.37,2.36,3.8,0.63,0.7,2015-09-14,Yaounde_peri,2015,9,257,38,39.23,72.44,126.44,302.29,0.3276946841825783,0.14866666666666717,24.34,equatorial
10.88,23.02,26.71,20.33,89.79,7.65,1.7,4.16,0.64,0.68,2015-09-15,Yaounde_peri,2015,9,258,38,45.120000000000005,75.78,126.39,304.78,0.3409151773369094,-0.1706666666666692,24.34,equatorial
10.25,23.0,26.42,20.35,88.94,13.08,1.56,4.39,0.65,0.71,2015-09-16,Yaounde_peri,2015,9,259,38,56.76,85.32000000000001,136.3,312.05,0.38089619515728373,-0.206666666666667,24.34,equatorial
15.49,22.84,26.63,20.56,90.66,5.0,1.86,3.85,0.66,0.69,2015-09-17,Yaounde_peri,2015,9,260,38,59.51,85.97,139.19,311.73,0.3782644624719066,-0.36599999999999966,24.34,equatorial
17.15,23.54,27.43,20.17,87.87,2.95,1.65,4.53,0.65,0.67,2015-09-18,Yaounde_peri,2015,9,261,38,51.16,83.38,141.72,304.92,0.3391725042256832,0.33833333333333115,24.34,equatorial
14.15,23.3,26.56,20.99,91.09,6.91,1.82,3.46,0.64,0.68,2015-09-19,Yaounde_peri,2015,9,262,38,57.37,87.83,148.01999999999998,302.65999999999997,0.32573038302141527,0.10866666666666802,24.34,equatorial
9.56,22.73,25.27,20.73,89.88,9.46,1.5,2.9,0.65,0.7,2015-09-20,Yaounde_peri,2015,9,263,38,58.42,90.76,156.97,310.17,0.36739346529899775,-0.4180000000000028,23.54,equatorial
14.88,23.51,27.5,20.43,84.36,2.13,1.53,5.09,0.65,0.67,2015-09-21,Yaounde_peri,2015,9,264,39,47.18000000000001,86.41000000000001,157.29,308.61,0.3577951746968003,0.3786666666666676,23.54,equatorial
16.76,23.76,27.34,20.14,83.85,2.78,1.04,4.75,0.64,0.66,2015-09-22,Yaounde_peri,2015,9,265,39,42.309999999999995,87.42999999999999,159.13,310.33,0.36676573427938547,0.6073333333333331,23.76,equatorial
17.42,24.14,28.36,20.5,86.59,8.36,1.1,5.11,0.64,0.68,2015-09-23,Yaounde_peri,2015,9,266,39,37.59,94.35,163.10000000000002,317.19,0.404853610210141,0.9463333333333352,24.14,equatorial
16.11,24.05,27.68,21.23,87.24,3.94,1.16,4.14,0.64,0.66,2015-09-24,Yaounde_peri,2015,9,267,39,36.53,96.04,164.91,319.83,0.41895323521605,0.838000000000001,24.14,equatorial
14.44,22.73,25.79,20.26,90.75,8.02,1.88,3.65,0.64,0.68,2015-09-25,Yaounde_peri,2015,9,268,39,41.6,92.76,169.59,326.73,0.457245182834294,-0.44466666666666654,24.14,equatorial
14.13,23.22,27.39,19.95,87.81,4.03,1.44,4.77,0.64,0.67,2015-09-26,Yaounde_peri,2015,9,269,39,38.72,96.09,167.79999999999998,329.6,0.47255049744414573,0.02366666666666717,24.14,equatorial
17.86,23.52,27.24,20.61,87.38,3.1,1.03,3.82,0.64,0.66,2015-09-27,Yaounde_peri,2015,9,270,39,32.36,90.78,168.08999999999997,331.52000000000004,0.48242255659839023,0.29566666666666563,24.14,equatorial
16.43,23.81,28.06,20.69,87.84,4.22,1.42,4.56,0.64,0.66,2015-09-28,Yaounde_peri,2015,9,271,40,34.45,81.63,168.12,333.67,0.4935954339342788,0.5556666666666672,24.14,equatorial
16.14,23.17,26.43,20.82,91.53,7.47,2.23,3.44,0.63,0.67,2015-09-29,Yaounde_peri,2015,9,272,40,39.14,81.44999999999999,169.01000000000002,339.57,0.5261781571495442,-0.08566666666666478,24.14,equatorial
16.86,23.37,27.3,20.57,89.28,3.49,1.88,4.32,0.64,0.67,2015-09-30,Yaounde_peri,2015,9,273,40,34.269999999999996,71.86,165.03,341.17999999999995,0.534159881013027,0.09733333333333505,24.05,equatorial
18.91,23.79,27.57,20.73,85.24,1.21,1.29,3.81,0.64,0.65,2015-10-01,Yaounde_peri,2015,10,274,40,31.54,68.07,161.93,341.67,0.5357160507857053,0.4846666666666657,23.81,equatorial
16.39,23.52,27.19,20.51,87.28,4.24,1.13,3.37,0.63,0.66,2015-10-02,Yaounde_peri,2015,10,275,40,27.76,69.36000000000001,162.63000000000002,344.75,0.5521289796073764,0.19500000000000028,23.81,equatorial
16.39,23.85,27.76,21.15,88.25,5.53,1.27,4.05,0.63,0.67,2015-10-03,Yaounde_peri,2015,10,276,40,29.26,67.98,163.81,348.8,0.5740805201721471,0.5063333333333375,23.85,equatorial
16.19,23.79,27.28,20.79,88.38,3.22,1.63,3.92,0.63,0.65,2015-10-04,Yaounde_peri,2015,10,277,40,29.38,61.739999999999995,161.49,350.21000000000004,0.5808104588167122,0.41866666666666674,23.85,equatorial
17.75,23.95,27.51,21.32,89.27,5.3,1.28,3.66,0.63,0.66,2015-10-05,Yaounde_peri,2015,10,278,41,30.46,64.91,164.32999999999998,353.78,0.5999608619420674,0.5620000000000012,23.95,equatorial
14.71,23.42,26.75,21.2,90.11,5.38,1.5,3.47,0.64,0.67,2015-10-06,Yaounde_peri,2015,10,279,41,28.37,67.51,163.17999999999998,358.17,0.6237911422701408,0.005666666666666487,23.95,equatorial
14.76,23.3,27.46,20.8,88.89,4.05,1.42,4.08,0.64,0.66,2015-10-07,Yaounde_peri,2015,10,280,41,28.93,63.2,160.75,360.46,0.6354518187688053,-0.13200000000000145,23.95,equatorial
15.48,23.01,26.91,20.62,88.36,4.19,1.75,4.68,0.63,0.66,2015-10-08,Yaounde_peri,2015,10,281,41,31.91,63.45,163.18,355.97999999999996,0.6080038412007176,-0.4349999999999987,23.95,equatorial
7.55,23.07,26.27,20.51,84.04,2.82,1.33,3.8,0.63,0.66,2015-10-09,Yaounde_peri,2015,10,282,41,30.490000000000002,58.25,164.56,348.26000000000005,0.5619002782746408,-0.3726666666666709,23.95,equatorial
17.14,23.72,28.5,19.23,82.19,3.69,0.88,5.7,0.62,0.65,2015-10-10,Yaounde_peri,2015,10,283,41,28.65,57.91,166.0,346.56,0.5507548401599918,0.25533333333333275,23.95,equatorial
16.75,23.47,27.3,20.62,87.18,3.85,1.22,3.93,0.63,0.66,2015-10-11,Yaounde_peri,2015,10,284,41,29.28,58.660000000000004,158.55,347.15999999999997,0.5529713000959128,-0.013333333333335418,23.95,equatorial
18.79,24.5,29.02,20.36,84.94,3.25,1.37,5.37,0.62,0.65,2015-10-12,Yaounde_peri,2015,10,285,42,27.23,57.69,161.10000000000002,347.94,0.5562336591211853,1.0079999999999991,24.5,equatorial
15.95,24.28,27.36,21.28,86.01,4.93,1.01,3.09,0.62,0.66,2015-10-13,Yaounde_peri,2015,10,286,42,26.78,55.15,157.61999999999998,351.88,0.5778554199161295,0.7900000000000027,24.5,equatorial
17.19,24.29,28.47,21.02,87.61,8.66,1.22,4.51,0.63,0.68,2015-10-14,Yaounde_peri,2015,10,287,42,31.39,60.32000000000001,152.91000000000003,359.77000000000004,0.6224034041806601,0.7676666666666634,24.5,equatorial
17.11,24.29,28.09,21.69,89.3,6.39,1.36,3.8,0.64,0.68,2015-10-15,Yaounde_peri,2015,10,288,42,33.589999999999996,65.5,151.65,364.64,0.6492550410974278,0.7253333333333352,24.5,equatorial
15.51,23.85,27.44,21.41,86.66,6.89,1.15,3.79,0.64,0.69,2015-10-16,Yaounde_peri,2015,10,289,42,37.66,68.15,145.45999999999998,368.96999999999997,0.6728872632637594,0.25700000000000145,24.5,equatorial
16.14,23.74,27.38,21.07,90.7,7.85,1.8,3.73,0.64,0.68,2015-10-17,Yaounde_peri,2015,10,290,42,41.82,70.47,148.31,374.51,0.7035052797862849,0.11699999999999733,24.5,equatorial
18.52,23.48,26.66,21.42,92.82,9.72,1.43,2.55,0.66,0.71,2015-10-18,Yaounde_peri,2015,10,291,42,47.69,76.97,155.08,379.49,0.7307564659538927,-0.14099999999999824,24.5,equatorial
17.22,22.98,25.14,21.75,94.45,5.99,1.54,1.78,0.66,0.7,2015-10-19,Yaounde_peri,2015,10,292,43,50.43,77.66,154.16,379.56,0.729248671130983,-0.6303333333333327,24.29,equatorial
14.76,22.92,25.54,21.02,93.65,9.25,1.54,2.73,0.67,0.71,2015-10-20,Yaounde_peri,2015,10,293,43,54.75,81.53,153.95,387.85,0.7757787907627203,-0.6966666666666654,24.29,equatorial
15.41,22.93,25.49,20.85,93.42,7.54,1.51,2.37,0.67,0.71,2015-10-21,Yaounde_peri,2015,10,294,43,53.63,85.02,159.36,393.88,0.8089116821376271,-0.6673333333333318,24.29,equatorial
12.52,22.52,24.47,21.04,94.69,24.86,1.49,1.79,0.7,0.78,2015-10-22,Yaounde_peri,2015,10,295,43,72.1,105.69,181.44,418.03999999999996,0.9478331866024321,-1.0359999999999978,23.85,equatorial
18.01,23.12,27.03,20.38,89.02,2.69,1.29,3.89,0.71,0.72,2015-10-23,Yaounde_peri,2015,10,296,43,67.9,105.56,175.76999999999998,418.78,0.9491210851277284,-0.40199999999999747,23.74,equatorial
17.06,23.25,27.0,20.36,90.8,3.87,1.42,3.8,0.69,0.71,2015-10-24,Yaounde_peri,2015,10,297,43,63.92,105.74,175.7,416.35999999999996,0.9319494831335947,-0.24533333333333118,23.48,equatorial
14.75,23.99,28.26,20.54,85.16,1.85,1.17,5.35,0.68,0.7,2015-10-25,Yaounde_peri,2015,10,298,43,56.05,103.74,169.53,413.91,0.9147120685838126,0.45266666666666566,23.99,equatorial
15.45,23.01,25.85,21.31,92.28,4.04,1.66,2.52,0.67,0.69,2015-10-26,Yaounde_peri,2015,10,299,44,54.1,104.53,169.54000000000002,414.41,0.9148305939862816,-0.5203333333333298,23.99,equatorial
15.19,22.81,25.89,21.07,94.06,52.35,1.91,2.66,0.73,0.84,2015-10-27,Yaounde_peri,2015,10,300,44,97.2,151.95,218.79000000000002,455.01,1.1492192745105225,-0.696666666666669,23.99,equatorial
14.78,22.68,25.57,21.03,93.17,10.05,2.52,3.09,0.76,0.78,2015-10-28,Yaounde_peri,2015,10,301,44,99.71,153.34,224.61999999999998,463.67,1.1952862531885018,-0.7889999999999979,23.99,equatorial
9.89,22.4,25.16,20.55,93.27,13.77,1.98,2.83,0.76,0.79,2015-10-29,Yaounde_peri,2015,10,302,44,88.62,160.72000000000003,230.92,476.19,1.2633817120940924,-1.0433333333333366,23.99,equatorial
14.74,22.51,26.54,18.95,89.79,5.5,1.8,4.43,0.75,0.76,2015-10-30,Yaounde_peri,2015,10,303,44,91.43,159.32999999999998,232.93,479.43,1.2768175809888553,-0.9046666666666674,23.99,equatorial
13.57,22.43,24.42,20.69,93.31,9.37,1.24,1.69,0.74,0.77,2015-10-31,Yaounde_peri,2015,10,304,44,96.93,160.85,241.09,481.81,1.2851270989036216,-0.9393333333333338,23.99,equatorial
7.46,22.87,26.32,20.71,91.11,15.85,1.67,3.61,0.74,0.78,2015-11-01,Yaounde_peri,2015,11,305,44,110.93,166.98000000000002,252.7,496.43,1.3643100104059318,-0.47766666666666424,23.01,equatorial
17.85,22.68,26.49,20.31,89.22,11.26,1.71,4.42,0.76,0.78,2015-11-02,Yaounde_peri,2015,11,306,45,118.15,172.25,258.43,506.03,1.413476950843622,-0.6286666666666676,22.87,equatorial
18.46,24.23,28.56,20.38,85.66,3.03,0.98,4.68,0.74,0.75,2015-11-03,Yaounde_peri,2015,11,307,45,68.83,166.03,258.24,506.97,1.412022586357527,0.9066666666666698,24.23,equatorial
14.48,23.95,27.21,21.47,88.22,15.76,1.08,3.65,0.73,0.78,2015-11-04,Yaounde_peri,2015,11,308,45,74.54,174.25,268.7,520.1899999999999,1.481339647748491,0.6266666666666652,24.23,equatorial
6.54,22.93,25.8,20.91,91.65,47.43,1.83,3.53,0.8,0.87,2015-11-05,Yaounde_peri,2015,11,309,45,108.19999999999999,196.82,310.75,565.7900000000001,1.7352591790901837,-0.3769999999999989,24.23,equatorial
19.24,23.47,27.57,20.38,86.86,0.76,1.55,4.13,0.79,0.78,2015-11-06,Yaounde_peri,2015,11,310,45,103.46,194.89,307.46,564.28,1.7154702053113,0.15733333333333377,24.23,equatorial
21.03,23.58,27.61,20.76,86.6,6.44,1.73,4.72,0.76,0.77,2015-11-07,Yaounde_peri,2015,11,311,45,100.52999999999999,197.46,309.71,570.63,1.7407683585313645,0.2483333333333313,24.23,equatorial
15.24,23.74,27.21,20.54,85.56,7.6,1.26,3.71,0.76,0.78,2015-11-08,Yaounde_peri,2015,11,312,45,92.28,203.20999999999998,314.49,578.23,1.7726501518533437,0.38599999999999923,24.23,equatorial
19.38,24.09,27.49,20.76,85.34,8.54,1.28,4.01,0.75,0.77,2015-11-09,Yaounde_peri,2015,11,313,46,89.55999999999999,207.71,319.34000000000003,586.77,1.8091833902680616,0.7236666666666665,24.23,equatorial
11.42,24.04,27.2,21.26,86.13,11.13,1.69,4.4,0.75,0.78,2015-11-10,Yaounde_peri,2015,11,314,46,97.66,166.49,326.62,597.9000000000001,1.8594861146848642,0.6546666666666638,24.09,equatorial
18.62,24.27,28.03,21.07,83.47,6.17,1.17,4.46,0.75,0.76,2015-11-11,Yaounde_peri,2015,11,315,46,88.07,162.60999999999999,329.53999999999996,604.07,1.8809198580729283,0.8923333333333332,24.27,equatorial
20.88,24.53,28.51,20.91,82.14,1.48,1.8,5.27,0.74,0.74,2015-11-12,Yaounde_peri,2015,11,316,46,42.12,150.32,326.09,602.61,1.8593580099724158,1.1439999999999984,24.53,equatorial
14.63,24.69,28.58,21.36,81.75,2.38,1.62,5.28,0.72,0.73,2015-11-13,Yaounde_peri,2015,11,317,46,43.74,147.2,319.81,599.16,1.8272023731699938,1.2906666666666666,24.69,equatorial
14.01,24.36,28.56,20.87,84.12,2.83,1.41,5.4,0.71,0.73,2015-11-14,Yaounde_peri,2015,11,318,46,40.129999999999995,140.66,316.25,594.29,1.787845037804977,0.9583333333333357,24.69,equatorial
17.04,24.05,28.4,20.77,87.96,2.14,1.83,5.02,0.71,0.72,2015-11-15,Yaounde_peri,2015,11,319,46,34.67,126.95,311.5,593.2600000000001,1.77046018120445,0.6416666666666657,24.69,equatorial
14.31,24.09,28.3,20.43,80.37,0.93,1.18,4.76,0.7,0.71,2015-11-16,Yaounde_peri,2015,11,320,47,27.060000000000002,116.61999999999999,304.58000000000004,592.08,1.7525859112758282,0.6699999999999982,24.69,equatorial
17.39,24.0,28.46,19.89,79.38,0.03,1.33,4.97,0.69,0.7,2015-11-17,Yaounde_peri,2015,11,321,47,15.96,113.61999999999999,294.89,591.6899999999999,1.7393845846165474,0.5626666666666651,24.69,equatorial
20.2,24.31,29.2,19.85,75.89,0.0,1.98,6.12,0.68,0.7,2015-11-18,Yaounde_peri,2015,11,322,47,9.790000000000001,97.86,288.9,591.0799999999999,1.7252262751125365,0.8283333333333296,24.69,equatorial
20.31,24.33,28.41,20.16,79.1,0.0,1.13,4.32,0.68,0.69,2015-11-19,Yaounde_peri,2015,11,323,47,8.31,50.43,279.65,590.5699999999999,1.711873457277309,0.8013333333333321,24.69,equatorial
12.72,23.48,27.09,21.49,87.78,0.0,1.22,2.42,0.67,0.69,2015-11-20,Yaounde_peri,2015,11,324,47,5.930000000000001,49.67,272.11,588.76,1.6916901953864738,-0.06700000000000372,24.36,equatorial
13.57,24.14,28.23,20.56,84.48,0.0,1.19,3.78,0.67,0.69,2015-11-21,Yaounde_peri,2015,11,325,47,3.1,43.23,247.25,587.8199999999999,1.6765826967024604,0.5389999999999979,24.33,equatorial
19.64,24.6,28.83,21.07,82.32,0.59,1.34,4.26,0.67,0.68,2015-11-22,Yaounde_peri,2015,11,326,47,1.55,36.220000000000006,245.15,584.02,1.6462564488998332,0.9496666666666691,24.6,equatorial
16.22,24.9,29.42,21.42,83.03,1.77,1.82,5.24,0.67,0.68,2015-11-23,Yaounde_peri,2015,11,327,48,2.39,29.45,243.05,583.66,1.63501068107107,1.194666666666663,24.9,equatorial
10.08,24.55,28.09,21.86,85.67,1.58,1.59,3.77,0.66,0.68,2015-11-24,Yaounde_peri,2015,11,328,48,3.9400000000000004,19.900000000000002,242.78,581.9,1.6164093000416613,0.8260000000000005,24.9,equatorial
16.69,24.93,29.31,21.08,80.56,0.62,1.29,5.19,0.66,0.68,2015-11-25,Yaounde_peri,2015,11,329,48,4.5600000000000005,14.35,239.35999999999999,576.7,1.5796095805047594,1.141999999999996,24.93,equatorial
19.83,24.89,29.64,20.62,78.03,0.82,1.23,5.53,0.66,0.67,2015-11-26,Yaounde_peri,2015,11,330,48,5.380000000000001,13.69,187.82999999999998,574.7099999999999,1.5605948702349224,1.0326666666666675,24.93,equatorial
18.65,24.42,28.84,20.63,80.43,0.03,1.28,4.96,0.65,0.66,2015-11-27,Yaounde_peri,2015,11,331,48,5.41,11.34,177.81,570.55,1.5302394923901435,0.5046666666666688,24.93,equatorial
19.96,24.27,29.3,19.85,75.54,0.01,1.8,5.61,0.65,0.66,2015-11-28,Yaounde_peri,2015,11,332,48,5.42,8.520000000000001,164.04999999999998,563.98,1.48742191932413,0.29233333333333533,24.93,equatorial
16.29,23.95,28.37,19.54,73.91,0.01,1.06,4.41,0.64,0.65,2015-11-29,Yaounde_peri,2015,11,333,48,4.840000000000001,6.39,158.56,556.52,1.440415302916025,-0.07566666666666677,24.93,equatorial
19.12,24.39,29.1,20.29,80.44,0.01,1.23,4.94,0.64,0.65,2015-11-30,Yaounde_peri,2015,11,334,49,3.08,5.470000000000001,149.2,552.22,1.410857056730467,0.2989999999999995,24.93,equatorial
17.24,24.92,29.5,20.68,77.59,0.0,1.22,4.88,0.63,0.64,2015-12-01,Yaounde_peri,2015,12,335,49,1.5,5.44,133.35,548.6800000000001,1.3857068396137178,0.760666666666669,24.93,equatorial
15.6,23.73,27.65,20.44,74.39,1.64,1.46,3.93,0.63,0.65,2015-12-02,Yaounde_peri,2015,12,336,49,2.52,7.08,123.72999999999999,545.97,1.3652707599453975,-0.46433333333333593,24.92,equatorial
16.94,23.44,28.05,19.08,75.08,0.13,2.19,3.95,0.63,0.64,2015-12-03,Yaounde_peri,2015,12,337,49,1.83,7.21,120.83,540.5600000000001,1.3307040254838414,-0.7280000000000015,24.92,equatorial
19.77,23.36,27.02,19.75,78.78,0.03,1.67,2.69,0.63,0.65,2015-12-04,Yaounde_peri,2015,12,338,49,1.8299999999999998,7.24,105.1,538.13,1.3123461543762185,-0.788333333333334,24.92,equatorial
16.34,23.96,28.61,19.13,73.29,0.03,1.59,4.16,0.63,0.64,2015-12-05,Yaounde_peri,2015,12,339,49,1.8499999999999999,7.2700000000000005,57.7,531.63,1.2725634957617875,-0.22266666666666524,24.92,equatorial
19.0,23.93,28.96,18.79,70.34,0.02,1.62,4.83,0.63,0.64,2015-12-06,Yaounde_peri,2015,12,340,49,1.8599999999999999,6.7,56.96,525.1700000000001,1.233374567976387,-0.2680000000000007,24.92,equatorial
21.88,22.92,28.99,17.71,72.79,0.01,2.67,5.36,0.62,0.63,2015-12-07,Yaounde_peri,2015,12,341,50,1.8599999999999999,4.9399999999999995,50.53,523.4200000000001,1.219537385976261,-1.2559999999999967,24.92,equatorial
21.89,23.5,29.62,17.81,71.36,0.01,2.45,5.48,0.61,0.62,2015-12-08,Yaounde_peri,2015,12,342,50,1.8699999999999999,3.3699999999999997,42.940000000000005,521.99,1.2075270166092846,-0.6679999999999993,23.96,equatorial
19.19,24.54,29.72,20.12,69.2,0.21,1.16,4.82,0.61,0.62,2015-12-09,Yaounde_peri,2015,12,343,50,0.44,2.96,34.61000000000001,519.9499999999999,1.1923943112843007,0.3569999999999993,24.54,equatorial
20.36,23.61,29.66,18.02,68.22,0.37,2.11,5.08,0.61,0.62,2015-12-10,Yaounde_peri,2015,12,344,50,0.6799999999999999,2.51,23.85,509.02000000000004,1.1302764011680082,-0.5586666666666638,24.54,equatorial
20.42,22.84,29.58,16.93,69.93,0.08,2.54,5.15,0.6,0.61,2015-12-11,Yaounde_peri,2015,12,345,50,0.73,2.56,17.76,508.4,1.123266141124656,-1.2809999999999988,24.54,equatorial
21.14,23.22,29.59,16.86,67.93,0.6,1.86,4.87,0.6,0.61,2015-12-12,Yaounde_peri,2015,12,346,50,1.2999999999999998,3.1500000000000004,16.88,500.59000000000003,1.0782149981981664,-0.8573333333333366,24.54,equatorial
18.75,23.29,29.15,17.61,67.02,2.72,1.22,4.71,0.6,0.62,2015-12-13,Yaounde_peri,2015,12,347,50,4.0,5.859999999999999,17.22,489.94,1.018409947876132,-0.7406666666666659,24.54,equatorial
18.78,22.32,27.47,17.13,69.47,2.7,1.83,3.9,0.6,0.63,2015-12-14,Yaounde_peri,2015,12,348,51,6.69,8.55,17.09,484.99,0.9891865619043851,-1.6426666666666705,24.54,equatorial
21.91,21.69,28.93,14.95,68.41,0.28,2.35,5.01,0.6,0.61,2015-12-15,Yaounde_peri,2015,12,349,51,6.960000000000001,8.83,15.23,472.19,0.9184843110448839,-2.193999999999999,24.54,equatorial
21.83,22.12,28.54,15.56,65.75,0.21,1.81,4.6,0.6,0.61,2015-12-16,Yaounde_peri,2015,12,350,51,6.960000000000001,7.3999999999999995,14.51,467.4,0.8906420947862724,-1.6983333333333306,23.61,equatorial
18.7,22.49,28.64,15.76,63.96,0.02,1.55,4.48,0.6,0.6,2015-12-17,Yaounde_peri,2015,12,351,51,6.61,7.29,14.5,464.46999999999997,0.8728093369953513,-1.2779999999999987,23.29,equatorial
16.29,22.67,28.03,18.62,71.96,0.02,1.7,3.73,0.59,0.6,2015-12-18,Yaounde_peri,2015,12,352,51,6.550000000000001,7.28,14.52,457.58000000000004,0.8340160154859991,-1.0433333333333294,23.29,equatorial
19.3,23.61,29.39,18.59,71.51,0.01,1.1,4.08,0.59,0.6,2015-12-19,Yaounde_peri,2015,12,353,51,5.96,7.26,14.53,448.13,0.7817618373452575,-0.07933333333333081,23.61,equatorial
19.63,23.81,29.45,19.33,73.03,0.02,1.31,4.16,0.59,0.6,2015-12-20,Yaounde_peri,2015,12,354,51,3.2600000000000002,7.26,14.549999999999999,446.02,0.768755632201452,0.10966666666666569,23.81,equatorial
21.19,23.68,29.89,18.21,67.26,0.0,1.7,4.54,0.59,0.59,2015-12-21,Yaounde_peri,2015,12,355,52,0.56,7.25,14.549999999999999,443.24,0.7522298109126848,-0.004999999999999005,23.81,equatorial
21.48,23.12,30.53,16.72,66.49,0.03,2.59,4.87,0.58,0.59,2015-12-22,Yaounde_peri,2015,12,356,52,0.31,7.2700000000000005,13.99,434.91,0.7061783630030606,-0.515666666666668,23.81,equatorial
21.43,23.12,30.45,15.69,62.1,0.02,2.35,4.69,0.58,0.58,2015-12-23,Yaounde_peri,2015,12,357,52,0.12,7.08,12.24,430.99,0.6837849770077105,-0.4563333333333297,23.81,equatorial
19.71,23.32,30.06,17.26,62.35,0.19,2.26,4.44,0.58,0.58,2015-12-24,Yaounde_peri,2015,12,358,52,0.29,6.9,10.85,423.15999999999997,0.6405731107350897,-0.2153333333333336,23.81,equatorial
21.37,22.92,30.83,16.39,65.03,0.07,2.74,4.6,0.57,0.58,2015-12-25,Yaounde_peri,2015,12,359,52,0.33999999999999997,6.89,10.3,419.2,0.6181487244060938,-0.5483333333333356,23.81,equatorial
22.31,23.23,30.96,15.93,66.79,0.04,2.31,4.37,0.57,0.57,2015-12-26,Yaounde_peri,2015,12,360,52,0.37,6.33,9.52,416.14,0.6005908230994661,-0.18299999999999983,23.81,equatorial
21.19,24.29,31.57,17.85,63.9,0.01,1.93,4.5,0.57,0.57,2015-12-27,Yaounde_peri,2015,12,361,52,0.36,3.6199999999999997,9.500000000000002,411.93,0.5769117679542869,0.881333333333334,24.29,equatorial
20.82,24.06,31.15,18.54,69.95,0.03,1.26,4.33,0.56,0.57,2015-12-28,Yaounde_peri,2015,12,362,53,0.39,0.9499999999999996,9.52,404.48999999999995,0.5359592551728358,0.6583333333333314,24.29,equatorial
19.22,24.37,30.62,20.18,74.31,0.09,1.68,3.71,0.56,0.57,2015-12-29,Yaounde_peri,2015,12,363,53,0.44999999999999996,0.7599999999999996,9.6,401.09000000000003,0.5167595131177642,0.9543333333333344,24.37,equatorial
19.9,24.29,31.17,18.85,69.21,0.11,1.54,4.37,0.56,0.56,2015-12-30,Yaounde_peri,2015,12,364,53,0.54,0.6599999999999996,9.7,399.99,0.5099504043603201,0.8776666666666664,24.37,equatorial
17.43,24.6,30.47,20.4,79.26,0.17,1.47,3.61,0.56,0.56,2015-12-31,Yaounde_peri,2015,12,365,53,0.52,0.8099999999999996,9.87,395.91999999999996,0.4871768369128525,1.1983333333333341,24.6,equatorial
17.03,25.03,30.48,20.88,79.48,0.99,1.57,3.5,0.56,0.57,2016-01-01,Yaounde_peri,2016,1,1,53,1.44,1.7799999999999996,9.22,391.38,0.4619034257631235,1.5850000000000009,25.03,equatorial
19.78,25.2,31.89,19.25,65.73,0.03,1.91,4.39,0.56,0.56,2016-01-02,Yaounde_peri,2016,1,2,53,1.43,1.7999999999999996,9.120000000000001,388.19,0.4439405425390126,1.6963333333333317,25.2,equatorial
20.54,24.91,31.71,19.12,60.72,0.13,1.83,4.19,0.55,0.55,2016-01-03,Yaounde_peri,2016,1,3,53,1.55,1.9099999999999995,9.22,383.02,0.4153098143933511,1.3546666666666667,25.2,equatorial
21.46,24.78,32.24,18.97,62.51,0.09,1.88,4.21,0.55,0.55,2016-01-04,Yaounde_peri,2016,1,4,1,1.6099999999999999,1.9999999999999996,9.28,377.72999999999996,0.38605823415976276,1.197333333333333,25.2,equatorial
19.34,25.48,32.17,19.4,68.97,0.35,1.36,3.98,0.55,0.55,2016-01-05,Yaounde_peri,2016,1,5,1,1.87,2.3199999999999994,9.61,374.03000000000003,0.36543615293571674,1.8456666666666663,25.48,equatorial
18.5,26.03,32.55,20.86,71.87,0.2,1.33,4.0,0.55,0.55,2016-01-06,Yaounde_peri,2016,1,6,1,1.96,2.4999999999999996,9.8,370.04,0.34325890790277763,2.2920000000000016,26.03,equatorial
19.86,26.32,33.16,21.26,66.97,0.07,1.9,4.17,0.54,0.54,2016-01-07,Yaounde_peri,2016,1,7,1,1.86,2.3799999999999994,9.860000000000001,367.28999999999996,0.32782446177695435,2.4879999999999995,26.32,equatorial
20.38,25.72,32.58,21.11,75.09,0.16,1.8,3.81,0.54,0.54,2016-01-08,Yaounde_peri,2016,1,8,1,1.03,2.4699999999999998,9.81,363.76,0.30816324282076374,1.8486666666666665,26.32,equatorial
17.68,25.63,31.26,21.7,79.16,0.28,2.2,3.29,0.54,0.54,2016-01-09,Yaounde_peri,2016,1,9,1,1.28,2.71,9.72,360.19,0.2882955768575297,1.6913333333333291,26.32,equatorial
19.61,25.45,32.14,20.9,76.42,0.12,2.01,3.64,0.54,0.54,2016-01-10,Yaounde_peri,2016,1,10,1,1.27,2.8199999999999994,9.76,357.06,0.2708340211544075,1.4243333333333332,26.32,equatorial
18.71,25.13,31.72,21.42,74.78,1.01,1.44,3.42,0.54,0.54,2016-01-11,Yaounde_peri,2016,1,11,2,2.1900000000000004,3.8,10.170000000000002,353.14,0.24907236854243667,1.0406666666666666,26.32,equatorial
18.51,25.22,32.42,20.75,73.93,1.27,1.3,3.92,0.54,0.54,2016-01-12,Yaounde_peri,2016,1,12,2,3.1100000000000003,4.98,8.72,345.75,0.20837137343529943,1.0663333333333327,26.32,equatorial
18.81,25.11,31.84,20.74,75.45,0.93,1.62,3.64,0.54,0.54,2016-01-13,Yaounde_peri,2016,1,13,2,3.8400000000000003,5.8,6.95,340.28999999999996,0.17823177949443406,0.8633333333333333,26.32,equatorial
16.65,25.23,32.3,20.83,76.63,1.71,1.67,3.8,0.54,0.55,2016-01-14,Yaounde_peri,2016,1,14,2,5.48,7.34,8.379999999999999,335.11,0.1496302637806933,0.8653333333333322,25.72,equatorial
17.51,25.84,32.78,21.23,75.67,1.93,1.64,3.97,0.54,0.55,2016-01-15,Yaounde_peri,2016,1,15,2,7.25,8.28,10.100000000000001,329.19,0.11697536735464038,1.3513333333333328,25.84,equatorial
16.74,25.49,31.02,21.65,78.65,0.15,2.13,3.01,0.54,0.54,2016-01-16,Yaounde_peri,2016,1,16,2,7.12,8.4,10.229999999999999,319.62,0.06428588055937148,0.9013333333333335,25.84,equatorial
16.3,25.27,30.79,21.67,78.38,0.0,2.02,2.79,0.54,0.54,2016-01-17,Yaounde_peri,2016,1,17,2,7.0,8.27,10.209999999999999,313.63,0.031275586484865225,0.5946666666666651,25.84,equatorial
16.52,25.47,32.36,20.58,74.73,0.0,1.65,3.47,0.54,0.53,2016-01-18,Yaounde_peri,2016,1,18,3,5.99,8.18,10.2,304.38,-0.01967820535918854,0.7326666666666668,25.84,equatorial
19.07,25.5,32.7,20.94,73.1,0.0,1.79,3.57,0.53,0.53,2016-01-19,Yaounde_peri,2016,1,19,3,4.72,7.83,10.18,296.84,-0.06120789808655742,0.7063333333333368,25.84,equatorial
19.07,25.3,32.59,20.56,70.23,0.0,1.66,3.51,0.53,0.52,2016-01-20,Yaounde_peri,2016,1,20,3,3.79,7.63,10.18,271.98,-0.19830950462660335,0.4523333333333319,25.84,equatorial
19.1,25.77,32.69,21.15,74.36,0.07,1.67,3.35,0.53,0.52,2016-01-21,Yaounde_peri,2016,1,21,3,2.15,7.63,10.219999999999999,269.36,-0.21251739638455872,0.8339999999999996,25.84,equatorial
17.35,25.7,31.86,21.29,75.57,0.21,1.86,3.3,0.53,0.52,2016-01-22,Yaounde_peri,2016,1,22,3,0.43,7.680000000000001,10.41,265.70000000000005,-0.23247550316111157,0.6780000000000008,25.77,equatorial
13.95,25.22,30.93,21.25,74.55,0.11,1.64,2.73,0.52,0.52,2016-01-23,Yaounde_peri,2016,1,23,3,0.39,7.51,10.33,263.96,-0.24179635597580826,0.13466666666666782,25.77,equatorial
18.47,25.56,31.86,21.56,70.97,0.15,1.53,3.18,0.52,0.52,2016-01-24,Yaounde_peri,2016,1,24,3,0.54,7.54,10.41,260.07,-0.2630363757065335,0.38666666666666316,25.77,equatorial
18.57,24.95,31.84,20.15,64.72,0.13,1.91,3.31,0.52,0.51,2016-01-25,Yaounde_peri,2016,1,25,4,0.67,6.659999999999999,10.5,207.85000000000002,-0.5524406127452686,-0.28066666666666507,25.77,equatorial
19.81,23.5,31.13,18.3,58.96,0.1,1.86,3.16,0.52,0.51,2016-01-26,Yaounde_peri,2016,1,26,4,0.77,5.489999999999999,10.59,197.9,-0.6067464347606165,-1.7043333333333344,25.77,equatorial
21.07,23.44,31.43,17.52,61.1,0.71,1.73,3.19,0.52,0.51,2016-01-27,Yaounde_peri,2016,1,27,4,1.48,5.27,11.27,184.84,-0.6782151601902742,-1.743666666666666,25.77,equatorial
21.6,25.09,32.53,18.32,55.52,0.29,1.58,3.12,0.52,0.51,2016-01-28,Yaounde_peri,2016,1,28,4,1.7,3.8499999999999996,11.47,179.63,-0.7059025272034929,-0.11766666666666481,25.7,equatorial
22.31,24.88,32.63,17.14,50.7,0.0,2.26,3.0,0.52,0.5,2016-01-29,Yaounde_peri,2016,1,29,4,1.49,1.9199999999999995,11.360000000000001,170.26,-0.7566421688578839,-0.3473333333333315,25.56,equatorial
21.86,24.24,33.13,17.02,53.06,0.0,2.12,3.26,0.51,0.5,2016-01-30,Yaounde_peri,2016,1,30,4,1.38,1.7699999999999996,11.190000000000001,154.41,-0.843248265060856,-0.9753333333333316,25.56,equatorial
19.46,24.14,32.27,17.85,63.05,0.08,1.56,2.84,0.51,0.5,2016-01-31,Yaounde_peri,2016,1,31,4,1.3099999999999998,1.8499999999999996,10.280000000000001,143.23,-0.9035727235815563,-1.0456666666666656,25.09,equatorial
20.1,24.62,32.41,19.02,69.85,0.12,1.63,2.69,0.51,0.5,2016-02-01,Yaounde_peri,2016,2,32,5,1.2999999999999998,1.9699999999999995,10.37,140.32,-0.9176831377607166,-0.5463333333333296,25.09,equatorial
20.27,25.18,33.64,19.61,67.57,0.37,1.52,2.88,0.51,0.5,2016-02-02,Yaounde_peri,2016,2,33,5,1.5699999999999998,2.34,10.61,124.92999999999999,-1.0010946175278181,0.0046666666666652645,25.18,equatorial
17.89,25.5,32.32,20.77,75.42,0.5,2.11,2.54,0.51,0.5,2016-02-03,Yaounde_peri,2016,2,34,5,1.3599999999999999,2.84,11.02,78.0,-1.2590531360669397,0.30066666666666464,25.5,equatorial
17.87,26.48,34.15,21.33,72.43,0.48,1.82,2.83,0.51,0.5,2016-02-04,Yaounde_peri,2016,2,35,5,1.5499999999999998,3.249999999999999,11.15,77.72,-1.2565428782895642,1.2473333333333336,26.48,equatorial
19.16,26.61,33.94,21.56,69.52,0.4,2.01,2.73,0.51,0.49,2016-02-05,Yaounde_peri,2016,2,36,5,1.95,3.4399999999999995,11.35,71.67999999999999,-1.2859420341036059,1.357999999999997,26.61,equatorial
17.4,26.42,33.61,22.1,71.68,0.65,2.31,2.66,0.51,0.5,2016-02-06,Yaounde_peri,2016,2,37,5,2.6,3.9799999999999995,11.93,64.73,-1.3201322979864853,1.164666666666669,26.61,equatorial
17.87,26.02,32.85,21.7,72.4,0.46,1.92,2.33,0.51,0.5,2016-02-07,Yaounde_peri,2016,2,38,5,2.98,4.29,12.229999999999999,56.65,-1.3602660099321902,0.7546666666666653,26.61,equatorial
17.39,25.9,32.29,21.53,75.7,0.71,2.35,2.69,0.51,0.5,2016-02-08,Yaounde_peri,2016,2,39,6,3.5700000000000003,4.869999999999999,12.66,46.230000000000004,-1.412928671136265,0.6256666666666675,26.61,equatorial
17.81,25.97,32.86,21.73,71.75,0.39,1.79,2.6,0.51,0.49,2016-02-09,Yaounde_peri,2016,2,40,6,3.5900000000000003,5.159999999999999,12.930000000000001,40.45,-1.439529851339949,0.678333333333331,26.61,equatorial
17.54,25.85,33.07,20.92,63.43,0.01,1.79,2.68,0.51,0.49,2016-02-10,Yaounde_peri,2016,2,41,6,3.1,4.459999999999999,11.930000000000001,38.980000000000004,-1.4421758411724437,0.5343333333333327,26.61,equatorial
17.33,25.91,32.48,22.07,70.46,0.0,1.76,2.23,0.51,0.49,2016-02-11,Yaounde_peri,2016,2,42,6,2.62,4.169999999999999,10.66,36.6,-1.4497955058945078,0.5713333333333352,26.61,equatorial
15.77,25.28,31.39,21.41,75.94,0.0,2.73,1.8,0.5,0.49,2016-02-12,Yaounde_peri,2016,2,43,6,2.2199999999999998,4.169999999999999,9.73,33.77,-1.4598085099135654,-0.06433333333333024,26.42,equatorial
15.45,25.59,31.47,21.34,74.69,0.0,2.49,2.0,0.5,0.49,2016-02-13,Yaounde_peri,2016,2,44,6,1.5699999999999998,4.169999999999999,8.02,31.630000000000003,-1.4659463498481418,0.23366666666666802,26.02,equatorial
15.57,25.72,32.05,21.63,70.72,0.0,2.48,2.24,0.5,0.49,2016-02-14,Yaounde_peri,2016,2,45,6,1.1099999999999999,4.09,6.09,30.7,-1.4654129729496899,0.3676666666666648,25.97,equatorial
17.84,26.39,33.35,21.59,71.82,0.05,2.32,2.42,0.5,0.48,2016-02-15,Yaounde_peri,2016,2,46,7,0.45,4.02,5.99,30.720000000000002,-1.459706317065613,1.0076666666666654,26.39,equatorial
16.57,26.9,33.6,22.14,71.8,0.13,2.28,2.38,0.5,0.48,2016-02-16,Yaounde_peri,2016,2,47,7,0.19,3.7799999999999994,6.12,30.85,-1.45346491526349,1.4633333333333312,26.9,equatorial
17.73,27.1,34.42,22.29,72.29,0.13,2.66,2.35,0.5,0.48,2016-02-17,Yaounde_peri,2016,2,48,7,0.31,3.4099999999999993,6.25,30.98,-1.4472931703659544,1.6090000000000018,27.1,equatorial
17.74,26.71,33.01,22.27,73.51,0.22,2.97,2.15,0.5,0.48,2016-02-18,Yaounde_peri,2016,2,49,7,0.53,3.15,6.47,31.200000000000003,-1.440700402505063,1.1786666666666648,27.1,equatorial
18.52,26.78,33.43,22.16,73.16,0.11,2.79,2.14,0.5,0.48,2016-02-19,Yaounde_peri,2016,2,50,7,0.64,2.8599999999999994,6.58,31.310000000000002,-1.434776756665949,1.1993333333333354,27.1,equatorial
16.77,27.29,34.08,22.58,72.83,0.0,2.81,2.23,0.5,0.47,2016-02-20,Yaounde_peri,2016,2,51,7,0.64,2.2099999999999995,6.51,30.720000000000002,-1.4327141047482197,1.6586666666666687,27.29,equatorial
16.73,27.06,32.83,22.7,73.56,0.0,2.31,1.78,0.5,0.47,2016-02-21,Yaounde_peri,2016,2,52,7,0.64,1.7499999999999996,6.3,28.950000000000003,-1.4370692316746454,1.3833333333333293,27.29,equatorial
19.59,27.6,34.99,22.87,70.76,0.0,2.64,2.26,0.5,0.47,2016-02-22,Yaounde_peri,2016,2,53,8,0.59,1.0399999999999996,6.19,27.37,-1.440359270036737,1.8440000000000047,27.6,equatorial
17.54,27.87,34.81,22.94,70.38,0.0,2.46,2.25,0.5,0.47,2016-02-23,Yaounde_peri,2016,2,54,8,0.46,0.6499999999999996,6.04,26.75,-1.4384361974152249,2.037000000000006,27.87,equatorial
16.77,27.58,34.22,23.49,70.03,0.0,2.52,2.06,0.49,0.46,2016-02-24,Yaounde_peri,2016,2,55,8,0.33,0.6399999999999996,5.91,25.93,-1.4376170544607072,1.6593333333333327,27.87,equatorial
15.69,27.21,33.56,22.52,70.78,0.04,2.58,1.94,0.49,0.46,2016-02-25,Yaounde_peri,2016,2,56,8,0.15,0.6799999999999996,5.8500000000000005,25.94,-1.4323388684433185,1.1656666666666666,27.87,equatorial
16.89,25.91,29.8,23.27,78.58,0.04,2.45,1.03,0.49,0.47,2016-02-26,Yaounde_peri,2016,2,57,8,0.08,0.7199999999999995,5.180000000000001,25.97,-1.4270101294874513,-0.216666666666665,27.87,equatorial
17.42,27.68,34.91,22.55,70.49,0.02,2.27,2.22,0.49,0.47,2016-02-27,Yaounde_peri,2016,2,58,8,0.1,0.7399999999999995,4.91,25.98,-1.4218460212586796,1.4669999999999987,27.87,equatorial
17.47,27.92,34.87,23.23,71.67,0.05,2.73,2.11,0.49,0.46,2016-02-28,Yaounde_peri,2016,2,59,8,0.15000000000000002,0.7899999999999996,4.96,26.02,-1.4165758615965012,1.605666666666668,27.92,equatorial
16.84,28.18,35.84,22.89,69.98,0.09,2.61,2.25,0.49,0.46,2016-02-29,Yaounde_peri,2016,2,60,9,0.24,0.8299999999999995,5.050000000000001,26.11,-1.4110930761983014,1.734333333333332,28.18,equatorial
13.14,25.76,28.84,23.5,83.79,0.64,3.2,1.02,0.49,0.47,2016-03-01,Yaounde_peri,2016,3,61,9,0.88,1.3399999999999994,5.61,25.11,-1.411507806579862,-0.7396666666666647,28.18,equatorial
15.88,26.35,32.54,22.84,79.15,3.49,3.28,2.4,0.49,0.5,2016-03-02,Yaounde_peri,2016,3,62,9,4.37,4.699999999999999,8.98,28.47,-1.3885878465203527,-0.20733333333333448,28.18,equatorial
12.27,25.14,29.29,22.69,82.03,4.78,1.68,2.07,0.51,0.54,2016-03-03,Yaounde_peri,2016,3,63,9,9.11,9.260000000000002,13.39,33.22,-1.3584436284212784,-1.4159999999999968,28.18,equatorial
18.01,24.79,28.24,22.1,87.98,5.54,2.18,1.8,0.51,0.56,2016-03-04,Yaounde_peri,2016,3,64,9,14.610000000000001,14.690000000000001,18.43,38.73,-1.3244987519364568,-1.7423333333333346,28.18,equatorial
10.93,24.25,26.6,22.61,90.82,6.58,1.86,1.56,0.53,0.59,2016-03-05,Yaounde_peri,2016,3,65,9,21.17,21.270000000000003,24.53,45.290000000000006,-1.2852227926250661,-2.208000000000002,28.18,equatorial
9.72,25.31,30.73,21.81,83.58,5.13,1.96,3.69,0.53,0.57,2016-03-06,Yaounde_peri,2016,3,66,9,26.25,26.400000000000002,29.26,50.41,-1.2539379448225358,-1.1046666666666667,28.18,equatorial
17.1,25.63,30.5,22.08,82.87,2.0,2.21,3.53,0.54,0.56,2016-03-07,Yaounde_peri,2016,3,67,10,28.16,28.400000000000002,30.610000000000003,52.4,-1.2395901119778472,-0.7583333333333329,26.35,equatorial
19.29,24.87,29.08,22.44,87.31,3.16,1.93,2.17,0.54,0.56,2016-03-08,Yaounde_peri,2016,3,68,10,30.68,31.560000000000002,33.31,55.35,-1.2202282700061018,-1.4800000000000004,26.35,equatorial
15.7,24.93,29.99,20.9,83.95,4.46,2.59,3.2,0.54,0.57,2016-03-09,Yaounde_peri,2016,3,69,10,31.65,36.02,37.06,59.44,-1.194924639786425,-1.3876666666666715,25.63,equatorial
12.56,24.87,28.21,22.73,87.85,4.24,2.56,2.37,0.54,0.58,2016-03-10,Yaounde_peri,2016,3,70,10,31.11,40.22,40.91,63.6,-1.1694177386470135,-1.4110000000000014,25.63,equatorial
18.69,25.29,30.32,21.78,83.13,1.66,2.34,3.57,0.54,0.56,2016-03-11,Yaounde_peri,2016,3,71,10,27.23,41.84,42.56,64.66,-1.1605978279383753,-0.972333333333335,25.63,equatorial
17.12,25.71,30.91,21.82,82.19,2.02,2.4,3.69,0.54,0.55,2016-03-12,Yaounde_peri,2016,3,72,10,22.669999999999998,43.84,44.58,63.96,-1.1612149788404862,-0.5456666666666692,25.71,equatorial
13.96,24.22,26.13,22.86,92.06,19.39,2.37,2.08,0.56,0.67,2016-03-13,Yaounde_peri,2016,3,73,10,36.93,63.18000000000001,63.97,80.65,-1.0691901260041095,-2.0003333333333337,25.71,equatorial
16.87,25.48,30.34,22.66,83.6,1.46,1.66,3.85,0.58,0.59,2016-03-14,Yaounde_peri,2016,3,74,11,36.39,64.55,65.43,81.83,-1.0602956122919458,-0.7366666666666646,25.71,equatorial
11.93,25.05,28.54,22.34,86.67,1.8,1.62,2.62,0.57,0.59,2016-03-15,Yaounde_peri,2016,3,75,11,35.03,65.71,67.23,83.42,-1.0492671619653837,-1.1443333333333285,25.71,equatorial
13.63,24.98,28.58,22.35,87.1,2.77,1.66,2.58,0.57,0.59,2016-03-16,Yaounde_peri,2016,3,76,11,33.34,64.99000000000001,69.95,86.16999999999999,-1.0321178079677014,-1.1673333333333318,25.71,equatorial
16.08,25.7,30.33,22.24,85.42,0.92,1.71,3.31,0.56,0.58,2016-03-17,Yaounde_peri,2016,3,77,11,30.02,61.13,70.74,87.07,-1.0249137154297165,-0.40733333333333377,25.71,equatorial
12.28,25.2,28.4,23.35,88.59,1.57,1.74,2.02,0.56,0.58,2016-03-18,Yaounde_peri,2016,3,78,11,29.93,57.160000000000004,72.18,88.63000000000001,-1.014232044018827,-0.8440000000000012,25.71,equatorial
13.76,24.8,27.75,22.89,89.5,1.14,1.99,1.71,0.56,0.58,2016-03-19,Yaounde_peri,2016,3,79,11,29.05,51.72,73.10000000000001,89.75,-1.005949462282576,-1.18033333333333,25.7,equatorial
8.89,24.24,27.08,22.18,90.43,7.51,1.75,2.31,0.57,0.61,2016-03-20,Yaounde_peri,2016,3,80,11,17.17,54.1,80.5,97.25999999999999,-0.9636526063787345,-1.6556666666666686,25.7,equatorial
19.45,24.95,28.89,22.16,86.88,0.91,1.31,2.62,0.57,0.58,2016-03-21,Yaounde_peri,2016,3,81,12,16.619999999999997,53.010000000000005,81.41,98.14,-0.9568800896038406,-0.8676666666666648,25.7,equatorial
19.43,25.65,30.12,22.21,84.78,1.31,1.72,3.7,0.56,0.58,2016-03-22,Yaounde_peri,2016,3,82,12,16.13,51.16,82.72,99.42999999999999,-0.9479539770243653,-0.12066666666666848,25.7,equatorial
17.38,25.16,28.61,22.75,88.96,6.2,2.38,3.0,0.56,0.6,2016-03-23,Yaounde_peri,2016,3,83,12,19.560000000000002,52.9,88.92,105.44,-0.9138953392609946,-0.5293333333333337,25.7,equatorial
19.8,24.15,27.04,22.24,92.15,21.15,2.52,2.71,0.58,0.68,2016-03-24,Yaounde_peri,2016,3,84,12,39.79,69.81,110.07,126.52,-0.7995361178406045,-1.4153333333333364,25.65,equatorial
16.24,23.68,26.56,21.71,92.44,25.4,2.35,2.74,0.64,0.74,2016-03-25,Yaounde_peri,2016,3,85,12,63.62,93.55,135.47,151.88,-0.6626020017334365,-1.7553333333333363,25.65,equatorial
18.67,24.4,28.02,21.27,89.22,3.41,1.81,3.32,0.64,0.66,2016-03-26,Yaounde_peri,2016,3,86,12,65.89,94.94,138.84,155.28,-0.6433642619345512,-0.9416666666666664,25.65,equatorial
17.93,25.34,29.45,22.08,89.12,12.81,1.92,4.59,0.65,0.7,2016-03-27,Yaounde_peri,2016,3,87,12,71.19,88.36,151.60999999999999,168.06,-0.5739595671996239,0.0173333333333332,25.65,equatorial
14.82,25.04,27.56,23.21,92.55,10.28,1.37,2.14,0.65,0.71,2016-03-28,Yaounde_peri,2016,3,88,13,80.56,97.17999999999999,161.87,178.25,-0.5185267220862446,-0.1946666666666701,25.65,equatorial
7.6,25.59,29.49,22.91,86.77,11.48,1.68,4.41,0.67,0.72,2016-03-29,Yaounde_peri,2016,3,89,13,90.73,106.86,173.29999999999998,189.62,-0.45682787236129396,0.4330000000000034,25.59,equatorial
14.2,25.58,29.75,22.37,86.92,1.54,1.46,4.46,0.65,0.67,2016-03-30,Yaounde_peri,2016,3,90,13,86.07,105.63,174.75,190.99,-0.44886754849738697,0.5096666666666643,25.59,equatorial
15.06,25.34,29.12,22.69,89.54,5.39,2.42,4.59,0.64,0.67,2016-03-31,Yaounde_peri,2016,3,91,13,70.30999999999999,110.1,179.5,195.39,-0.42463528349823165,0.2836666666666652,25.59,equatorial
12.84,24.58,27.77,22.58,91.57,4.71,2.73,2.98,0.64,0.67,2016-04-01,Yaounde_peri,2016,4,92,13,49.62,113.24,180.72,200.07,-0.3989169631696788,-0.41733333333333533,25.59,equatorial
13.55,24.95,28.84,22.32,89.12,2.8,2.36,4.19,0.63,0.65,2016-04-02,Yaounde_peri,2016,4,93,13,49.01,114.89999999999999,178.73999999999998,202.74,-0.3840385563896552,-0.04100000000000037,25.59,equatorial
18.64,25.71,30.22,21.69,82.57,0.48,1.2,4.43,0.62,0.63,2016-04-03,Yaounde_peri,2016,4,94,13,36.68,107.87,173.68,203.13,-0.381457521290585,0.6883333333333361,25.71,equatorial
16.81,25.55,29.88,22.5,87.63,3.21,1.78,3.9,0.61,0.63,2016-04-04,Yaounde_peri,2016,4,95,14,29.61,110.17,170.31,205.99,-0.3655564603950741,0.485000000000003,25.71,equatorial
13.81,24.88,28.43,22.62,89.14,3.28,2.91,3.62,0.6,0.63,2016-04-05,Yaounde_peri,2016,4,96,14,21.41,112.14,168.45999999999998,209.07000000000002,-0.3484777880490026,-0.17066666666666563,25.71,equatorial
7.26,24.11,26.86,21.92,90.0,7.17,1.91,3.09,0.6,0.65,2016-04-06,Yaounde_peri,2016,4,97,14,27.04,113.11,173.63,216.17,-0.30968130522044873,-0.8900000000000006,25.71,equatorial
14.25,24.12,28.0,21.91,86.4,2.65,2.12,4.49,0.61,0.63,2016-04-07,Yaounde_peri,2016,4,98,14,24.3,94.61,173.12,218.66,-0.2958433623524479,-0.8550000000000004,25.71,equatorial
22.26,25.58,30.48,21.22,80.61,0.51,1.76,5.4,0.6,0.61,2016-04-08,Yaounde_peri,2016,4,99,14,20.099999999999998,69.72,169.17,218.89,-0.2942515039495191,0.5833333333333321,25.71,equatorial
18.35,25.46,30.22,21.35,82.38,4.41,1.18,5.25,0.59,0.62,2016-04-09,Yaounde_peri,2016,4,100,14,21.709999999999997,70.72,169.34,223.17999999999998,-0.27065054131273364,0.4436666666666724,25.71,equatorial
18.93,25.7,30.1,22.24,87.02,6.17,1.82,4.5,0.59,0.63,2016-04-10,Yaounde_peri,2016,4,101,14,27.400000000000002,64.08,173.85000000000002,228.34,-0.24233575711304123,0.6700000000000017,25.7,equatorial
21.63,25.21,28.62,22.84,90.43,8.59,2.04,3.33,0.6,0.65,2016-04-11,Yaounde_peri,2016,4,102,15,32.78,62.39,180.42000000000002,235.66,-0.20229301167044358,0.19666666666666544,25.7,equatorial
14.96,24.48,26.38,22.76,91.85,14.73,1.52,2.11,0.62,0.69,2016-04-12,Yaounde_peri,2016,4,103,15,44.230000000000004,65.64,175.76,249.46,-0.127012299772299,-0.541999999999998,25.7,equatorial
20.41,25.49,29.25,22.37,85.45,4.06,1.15,4.2,0.62,0.65,2016-04-13,Yaounde_peri,2016,4,104,15,41.12,68.16000000000001,178.36,251.81,-0.1140795822646821,0.46766666666666623,25.7,equatorial
17.06,24.85,28.03,22.38,90.76,14.99,1.7,2.94,0.62,0.68,2016-04-14,Yaounde_peri,2016,4,105,15,53.46,77.76,191.55,264.87,-0.042770322166346124,-0.16566666666666308,25.7,equatorial
11.13,24.98,28.43,22.18,87.97,18.29,1.39,3.55,0.67,0.74,2016-04-15,Yaounde_peri,2016,4,106,15,71.24000000000001,91.34,207.07,283.01,0.05625872377617585,-0.035666666666667624,25.7,equatorial
22.06,24.5,28.19,21.93,89.03,7.0,1.48,4.23,0.66,0.7,2016-04-16,Yaounde_peri,2016,4,107,15,73.83000000000001,95.53999999999999,213.15,290.01,0.09443563886185984,-0.47566666666666535,25.7,equatorial
10.98,24.14,26.89,21.72,89.02,9.76,1.75,3.77,0.66,0.71,2016-04-17,Yaounde_peri,2016,4,108,15,77.42,104.82,221.34,299.77000000000004,0.14770258823055124,-0.8003333333333309,25.49,equatorial
18.06,25.21,29.73,21.29,82.58,2.0,0.84,5.62,0.66,0.67,2016-04-18,Yaounde_peri,2016,4,109,16,70.83,103.61,222.2,301.77000000000004,0.15849067140861278,0.2560000000000002,25.49,equatorial
19.62,25.5,29.62,22.01,82.08,2.35,0.73,5.34,0.64,0.66,2016-04-19,Yaounde_peri,2016,4,110,16,58.449999999999996,102.68,217.04,304.12,0.1711958377115902,0.5040000000000013,25.5,equatorial
17.69,25.22,28.73,21.49,86.8,11.39,1.02,3.96,0.64,0.69,2016-04-20,Yaounde_peri,2016,4,111,16,65.78,106.9,227.52,315.44,0.2330956491697135,0.2149999999999963,25.5,equatorial
20.58,25.02,27.77,22.79,89.25,5.82,0.86,2.61,0.65,0.69,2016-04-21,Yaounde_peri,2016,4,112,16,56.61,110.07000000000001,232.03,321.05,0.2636352513174652,0.036000000000001364,25.5,equatorial
20.22,24.98,28.28,22.45,89.04,6.79,1.33,3.13,0.65,0.68,2016-04-22,Yaounde_peri,2016,4,113,16,45.11,116.35000000000001,232.61999999999998,327.72999999999996,0.3000454138306279,0.0019999999999988916,25.5,equatorial
13.9,25.22,28.83,22.79,87.27,6.43,1.36,3.96,0.65,0.68,2016-04-23,Yaounde_peri,2016,4,114,16,44.54,118.37,217.9,334.01,0.33424204246731576,0.20633333333333326,25.5,equatorial
14.63,24.41,27.27,22.68,93.16,7.75,1.85,2.61,0.65,0.69,2016-04-24,Yaounde_peri,2016,4,115,16,42.53,119.95,200.25,341.63,0.3757982828356548,-0.6280000000000001,25.5,equatorial
16.0,24.21,27.07,22.25,92.18,4.0,1.76,2.64,0.65,0.68,2016-04-25,Yaounde_peri,2016,4,116,17,44.53,115.36,200.84,345.53,0.39683760252152106,-0.8216666666666619,25.5,equatorial
9.61,24.93,28.75,21.66,86.82,6.2,1.1,4.54,0.65,0.68,2016-04-26,Yaounde_peri,2016,4,117,17,48.38,106.83,194.23,351.02,0.42663011520866617,-0.08800000000000452,25.22,equatorial
19.64,25.35,29.5,21.96,83.6,1.39,0.99,5.1,0.64,0.66,2016-04-27,Yaounde_peri,2016,4,118,17,38.38,104.16,185.34,352.12,0.4321783222050692,0.321666666666669,25.35,equatorial
20.55,24.16,26.89,21.98,91.57,6.4,1.73,2.81,0.63,0.67,2016-04-28,Yaounde_peri,2016,4,119,17,38.96,95.57,180.26000000000002,358.52,0.4669911824044744,-0.8206666666666678,25.35,equatorial
11.96,24.17,27.4,22.06,90.67,6.35,1.32,2.79,0.64,0.68,2016-04-29,Yaounde_peri,2016,4,120,17,38.52,83.63000000000001,185.07,364.87,0.5014964151300643,-0.7636666666666656,25.35,equatorial
20.77,24.53,28.2,21.31,89.93,4.91,1.69,3.77,0.64,0.67,2016-04-30,Yaounde_peri,2016,4,121,17,37.0,81.53999999999999,184.59,369.7,0.5275609398745352,-0.3766666666666616,25.35,equatorial
17.99,24.25,26.86,22.4,92.57,4.68,1.87,2.69,0.64,0.67,2016-05-01,Yaounde_peri,2016,5,122,17,33.93,76.46000000000001,184.56,374.26,0.5521025189328562,-0.645666666666667,25.35,equatorial
15.98,24.78,27.99,21.89,87.11,3.64,1.19,3.87,0.64,0.67,2016-05-02,Yaounde_peri,2016,5,123,18,33.57,78.10000000000001,185.4,377.53,0.5694718045942302,-0.10999999999999943,25.35,equatorial
18.05,25.04,28.9,22.19,86.41,6.84,0.81,3.89,0.63,0.67,2016-05-03,Yaounde_peri,2016,5,124,18,34.209999999999994,82.58999999999999,191.76,383.87,0.6038285803754059,0.17233333333333434,25.35,equatorial
16.72,24.01,26.85,21.98,90.35,3.24,1.56,2.82,0.64,0.67,2016-05-04,Yaounde_peri,2016,5,125,18,36.059999999999995,74.44,191.79,386.63,0.6182891937268719,-0.8063333333333311,25.04,equatorial
17.35,24.61,28.97,21.41,86.47,4.35,1.55,5.1,0.63,0.66,2016-05-05,Yaounde_peri,2016,5,126,18,34.01,72.97,192.86,390.58,0.6393297585663641,-0.19733333333333647,25.04,equatorial
17.93,23.85,26.81,21.38,89.28,0.99,1.8,3.03,0.63,0.65,2016-05-06,Yaounde_peri,2016,5,127,18,28.65,67.16999999999999,186.68,390.92,0.6403023432048128,-0.9486666666666679,25.04,equatorial
14.85,24.58,28.61,20.65,87.4,1.65,1.54,4.33,0.62,0.64,2016-05-07,Yaounde_peri,2016,5,128,18,25.39,62.39,185.67999999999998,392.10999999999996,0.6459959789199732,-0.23400000000000176,25.04,equatorial
15.74,24.38,27.58,22.16,90.34,4.71,1.36,2.84,0.62,0.66,2016-05-08,Yaounde_peri,2016,5,129,18,25.42,59.35,189.88,396.11,0.6672953064846483,-0.39399999999999835,25.04,equatorial
20.91,25.35,29.12,21.81,82.32,0.74,0.93,4.34,0.62,0.63,2016-05-09,Yaounde_peri,2016,5,130,19,22.52,56.089999999999996,186.21,396.46,0.6682677723833327,0.5796666666666681,25.35,equatorial
19.95,25.18,29.69,21.59,85.14,1.33,1.22,4.19,0.61,0.63,2016-05-10,Yaounde_peri,2016,5,131,19,17.009999999999998,51.22,181.36999999999998,397.78000000000003,0.6746363566622121,0.4269999999999996,25.35,equatorial
14.65,24.55,26.93,22.22,90.06,5.35,1.17,2.19,0.61,0.65,2016-05-11,Yaounde_peri,2016,5,132,19,19.119999999999997,55.17999999999999,178.13,403.13,0.7034220425051347,-0.18099999999999739,25.35,equatorial
17.54,24.67,27.92,22.16,90.82,6.4,1.54,3.1,0.62,0.66,2016-05-12,Yaounde_peri,2016,5,133,19,21.17,55.18,169.79999999999998,409.53000000000003,0.7379963608203333,-0.06733333333333036,25.35,equatorial
13.58,24.1,27.07,22.35,92.87,6.0,1.4,2.35,0.63,0.67,2016-05-13,Yaounde_peri,2016,5,134,19,26.18,54.83,171.73999999999998,415.53000000000003,0.7702679057382802,-0.5909999999999975,25.35,equatorial
18.5,24.09,27.7,21.47,90.99,8.34,1.71,3.86,0.63,0.67,2016-05-14,Yaounde_peri,2016,5,135,19,32.87,58.26,165.09,423.87,0.8154962266596586,-0.5756666666666668,25.35,equatorial
11.88,23.3,25.85,21.36,91.39,15.57,1.87,3.29,0.65,0.72,2016-05-15,Yaounde_peri,2016,5,136,19,43.73,69.15,162.37,439.39,0.9005914015520726,-1.309666666666665,25.35,equatorial
15.72,24.58,28.73,20.93,83.46,1.02,0.92,5.7,0.65,0.66,2016-05-16,Yaounde_peri,2016,5,137,20,44.010000000000005,66.53,156.39,440.28000000000003,0.9039256382426456,-0.03233333333333377,25.18,equatorial
13.39,24.05,27.65,21.58,90.31,7.46,2.41,4.51,0.64,0.67,2016-05-17,Yaounde_peri,2016,5,138,20,50.14,67.14999999999999,154.09,447.61,0.9431252000146942,-0.5593333333333312,24.67,equatorial
13.82,22.93,25.89,21.13,92.32,8.47,2.24,3.0,0.65,0.7,2016-05-18,Yaounde_peri,2016,5,139,20,53.260000000000005,72.38,160.56,455.86,0.9873089936487316,-1.6033333333333353,24.67,equatorial
17.46,24.66,28.87,20.93,88.61,2.49,1.92,5.51,0.65,0.66,2016-05-19,Yaounde_peri,2016,5,140,20,49.35,70.52000000000001,160.70000000000002,458.23999999999995,0.9986346173429022,0.1546666666666674,24.66,equatorial
12.22,24.41,27.38,22.29,91.78,3.36,1.95,2.94,0.64,0.67,2016-05-20,Yaounde_peri,2016,5,141,20,46.71,72.89,152.67,461.59999999999997,1.015376004815865,-0.06833333333333158,24.66,equatorial
16.63,24.3,26.6,22.41,91.32,4.66,1.25,1.94,0.64,0.67,2016-05-21,Yaounde_peri,2016,5,142,20,43.03,75.9,151.51,466.26,1.0392899193581526,-0.15433333333333366,24.66,equatorial
13.14,23.29,25.95,20.76,88.63,13.09,1.67,3.64,0.65,0.7,2016-05-22,Yaounde_peri,2016,5,143,20,40.550000000000004,84.28,157.81,479.34999999999997,1.1100189641520268,-1.1080000000000005,24.66,equatorial
13.22,22.91,26.57,19.99,89.6,17.94,1.43,4.53,0.67,0.75,2016-05-23,Yaounde_peri,2016,5,144,21,57.47,101.48,169.32,497.28999999999996,1.2073581746469046,-1.4110000000000014,24.66,equatorial
17.72,24.04,28.26,20.11,85.2,1.06,1.05,5.36,0.67,0.69,2016-05-24,Yaounde_peri,2016,5,145,21,51.07,101.21000000000001,162.63,498.34999999999997,1.2103431129467397,-0.26866666666666816,24.66,equatorial
21.94,23.71,26.57,21.35,88.85,3.13,1.35,3.01,0.66,0.68,2016-05-25,Yaounde_peri,2016,5,146,21,45.73,98.99,161.76,501.44,1.224589833011953,-0.5819999999999972,24.66,equatorial
17.77,24.97,29.09,21.18,84.65,2.61,1.06,5.94,0.65,0.67,2016-05-26,Yaounde_peri,2016,5,147,21,45.849999999999994,95.2,158.17000000000002,504.01,1.235870308231451,0.6766666666666659,24.97,equatorial
17.07,25.01,28.93,21.71,87.07,3.03,1.47,4.98,0.64,0.66,2016-05-27,Yaounde_peri,2016,5,148,21,45.519999999999996,92.23,159.81,507.02000000000004,1.2495282025534338,0.7280000000000051,25.01,equatorial
15.84,23.79,26.52,22.11,93.03,9.33,2.39,2.75,0.64,0.69,2016-05-28,Yaounde_peri,2016,5,149,21,50.19,93.22,162.73999999999998,516.3,1.29786092453336,-0.47966666666667024,25.01,equatorial
8.77,23.18,26.09,21.53,92.07,6.85,2.13,3.02,0.66,0.7,2016-05-29,Yaounde_peri,2016,5,150,21,43.949999999999996,84.5,163.24,523.06,1.3319195872065295,-1.0566666666666684,25.01,equatorial
14.71,23.55,27.16,20.55,87.55,2.92,1.43,4.45,0.65,0.67,2016-05-30,Yaounde_peri,2016,5,151,22,28.93,86.4,161.25,525.34,1.340959855417618,-0.6539999999999999,25.01,equatorial
16.57,24.76,28.72,21.02,83.37,3.82,1.22,5.54,0.64,0.67,2016-05-31,Yaounde_peri,2016,5,152,22,31.69,82.76,160.39,525.67,1.3391610862648025,0.5389999999999979,25.01,equatorial
15.37,24.66,28.24,21.51,86.08,11.42,0.73,3.73,0.65,0.7,2016-06-01,Yaounde_peri,2016,6,153,22,39.98,85.71,168.17000000000002,532.31,1.3722323839330004,0.4430000000000014,25.01,equatorial
17.25,24.03,26.5,21.6,88.36,8.23,1.44,2.55,0.66,0.71,2016-06-02,Yaounde_peri,2016,6,154,22,45.6,91.45,169.56,535.0,1.3832705043360758,-0.15333333333333243,25.01,equatorial
18.44,24.53,28.92,20.39,82.92,3.29,0.77,5.88,0.66,0.68,2016-06-03,Yaounde_peri,2016,6,155,22,45.86,91.38,169.60999999999999,531.71,1.3612630632007958,0.32933333333333437,24.76,equatorial
16.4,24.25,28.0,20.89,88.87,8.76,1.59,4.42,0.65,0.7,2016-06-04,Yaounde_peri,2016,6,156,22,45.29,95.48,174.02,535.34,1.3775393977436916,0.061333333333333684,24.76,equatorial
17.05,23.79,26.23,21.9,92.63,11.01,1.53,2.59,0.67,0.72,2016-06-05,Yaounde_peri,2016,6,157,22,49.449999999999996,93.39999999999999,184.04,544.35,1.4233032503251848,-0.3966666666666683,24.76,equatorial
16.31,24.72,28.37,21.08,85.06,1.74,1.1,4.61,0.66,0.68,2016-06-06,Yaounde_peri,2016,6,158,23,48.27,77.2,184.13000000000002,542.9300000000001,1.4113879531077411,0.5286666666666662,24.76,equatorial
14.67,24.22,27.82,21.58,88.97,1.93,1.56,3.89,0.65,0.67,2016-06-07,Yaounde_peri,2016,6,159,23,46.38,78.07,181.35,540.4,1.3934701487811059,0.03399999999999892,24.72,equatorial
15.19,25.01,29.1,21.37,85.89,1.51,1.02,4.23,0.65,0.66,2016-06-08,Yaounde_peri,2016,6,160,23,36.47,76.45,182.12,537.67,1.3745900990184268,0.8353333333333346,25.01,equatorial
14.84,24.47,27.69,21.98,89.15,3.33,1.11,2.93,0.64,0.67,2016-06-09,Yaounde_peri,2016,6,161,23,31.569999999999997,77.17,184.12,539.34,1.379978643480089,0.31899999999999906,25.01,equatorial
13.2,24.0,26.76,21.96,91.79,2.75,1.62,2.49,0.64,0.67,2016-06-10,Yaounde_peri,2016,6,162,23,31.029999999999998,76.89,181.51999999999998,540.07,1.380181958263871,-0.13266666666666893,25.01,equatorial
11.5,23.83,26.64,21.74,93.04,4.74,2.85,2.95,0.64,0.67,2016-06-11,Yaounde_peri,2016,6,163,23,27.009999999999998,72.3,179.86,525.4200000000001,1.2961668760465874,-0.27466666666667194,25.01,equatorial
12.94,21.71,23.84,20.04,93.62,6.73,2.38,2.19,0.65,0.69,2016-06-12,Yaounde_peri,2016,6,164,23,22.73,72.17999999999999,180.59,530.69,1.3217350982556935,-2.3149999999999977,25.01,equatorial
12.92,22.71,26.75,19.67,90.75,2.37,2.54,4.13,0.65,0.67,2016-06-13,Yaounde_peri,2016,6,165,24,23.360000000000003,71.63,174.62,531.26,1.3214324983981571,-1.2689999999999984,25.01,equatorial
11.34,22.35,25.49,20.34,90.12,1.56,2.4,3.09,0.65,0.66,2016-06-14,Yaounde_peri,2016,6,166,24,22.99,69.37,160.60999999999999,530.05,1.3114068648792983,-1.597333333333335,25.01,equatorial
12.07,22.25,24.77,20.04,92.17,6.36,2.79,3.19,0.65,0.68,2016-06-15,Yaounde_peri,2016,6,167,24,27.840000000000003,64.31,165.95000000000002,535.49,1.3377718267814487,-1.6196666666666673,24.47,equatorial
13.59,21.39,23.54,19.79,92.32,3.84,2.28,2.32,0.65,0.67,2016-06-16,Yaounde_peri,2016,6,168,24,28.35,59.92,162.32999999999998,537.76,1.3466638422684614,-2.391000000000002,24.0,equatorial
18.7,22.33,26.24,19.27,87.57,1.59,1.62,4.1,0.65,0.66,2016-06-17,Yaounde_peri,2016,6,169,24,27.190000000000005,58.220000000000006,155.45,538.2099999999999,1.3455754282312928,-1.4310000000000045,23.83,equatorial
15.78,22.88,27.06,19.74,90.46,7.22,1.85,4.26,0.64,0.68,2016-06-18,Yaounde_peri,2016,6,170,24,29.67,56.68000000000001,160.17999999999998,537.92,1.3404662566650785,-0.821666666666669,22.88,equatorial
13.33,22.76,26.36,20.4,90.75,7.73,2.9,4.39,0.65,0.69,2016-06-19,Yaounde_peri,2016,6,171,24,30.67,53.4,164.55,544.74,1.374103473503217,-0.8866666666666667,22.88,equatorial
15.54,22.34,25.92,20.16,90.73,5.84,2.54,4.0,0.66,0.69,2016-06-20,Yaounde_peri,2016,6,172,25,34.14,57.50000000000001,165.73000000000002,549.27,1.395050773059016,-1.2413333333333298,22.88,equatorial
17.96,22.69,26.41,19.6,88.74,3.33,1.5,4.29,0.65,0.67,2016-06-21,Yaounde_peri,2016,6,173,25,35.91,58.900000000000006,155.97,546.4,1.3756424689735431,-0.8713333333333324,22.88,equatorial
18.55,23.04,26.8,20.02,88.66,3.24,1.39,3.66,0.65,0.67,2016-06-22,Yaounde_peri,2016,6,174,25,32.79,60.63,141.27,528.49,1.2746750476291626,-0.5256666666666696,23.04,equatorial
12.86,23.45,27.51,20.15,88.92,16.19,1.8,5.16,0.67,0.73,2016-06-23,Yaounde_peri,2016,6,175,25,45.14,73.49000000000001,156.4,519.28,1.2215561017988246,-0.09600000000000009,23.45,equatorial
16.1,22.36,24.68,20.74,94.1,17.95,2.04,2.4,0.68,0.74,2016-06-24,Yaounde_peri,2016,6,176,25,61.5,88.69,171.22,533.82,1.2976796146801637,-1.1410000000000018,23.45,equatorial
15.34,22.93,26.9,19.91,90.5,5.7,2.76,4.71,0.69,0.72,2016-06-25,Yaounde_peri,2016,6,177,25,59.980000000000004,89.65,174.31,526.71,1.2559016307113293,-0.5030000000000001,23.45,equatorial
12.62,21.98,25.04,20.19,91.75,2.72,2.34,2.9,0.68,0.7,2016-06-26,Yaounde_peri,2016,6,178,25,54.970000000000006,85.64,174.0,519.15,1.2119238877530103,-1.3520000000000003,23.45,equatorial
12.83,22.32,25.58,19.64,89.45,1.44,1.99,3.78,0.67,0.69,2016-06-27,Yaounde_peri,2016,6,179,26,50.57,84.71,166.11,509.11,1.154730862965093,-0.963000000000001,23.45,equatorial
11.68,22.27,25.52,20.28,89.87,0.96,1.94,2.94,0.66,0.68,2016-06-28,Yaounde_peri,2016,6,180,26,48.2,84.11,160.22,508.53000000000003,1.1491166385398002,-0.9826666666666668,23.45,equatorial
10.77,22.96,26.64,19.56,89.43,3.51,1.68,3.87,0.66,0.68,2016-06-29,Yaounde_peri,2016,6,181,26,48.47,81.25999999999999,160.81,506.65,1.1364857058736735,-0.2729999999999997,23.45,equatorial
13.68,23.76,27.3,20.79,87.4,6.98,1.17,3.73,0.66,0.7,2016-06-30,Yaounde_peri,2016,6,182,26,39.260000000000005,84.39999999999999,163.97,508.92,1.146410599101507,0.5603333333333396,23.76,equatorial
16.26,24.42,28.74,20.94,85.02,3.39,1.01,5.35,0.66,0.68,2016-07-01,Yaounde_peri,2016,7,183,26,24.7,86.2,155.94,509.51,1.1471892094975449,1.2283333333333353,24.42,equatorial
16.51,23.9,27.65,21.21,89.24,7.32,1.82,4.01,0.66,0.7,2016-07-02,Yaounde_peri,2016,7,184,26,26.32,86.30000000000001,155.03,516.35,1.1818170092914124,0.7126666666666637,24.42,equatorial
16.73,24.45,28.65,21.17,86.47,1.28,1.79,4.89,0.66,0.67,2016-07-03,Yaounde_peri,2016,7,185,26,24.88,79.85000000000001,153.02,514.42,1.1687967102876995,1.2653333333333308,24.45,equatorial
14.85,23.98,28.37,20.97,88.09,1.92,1.99,4.32,0.65,0.67,2016-07-04,Yaounde_peri,2016,7,186,27,25.360000000000003,75.92999999999999,146.17999999999998,513.0600000000001,1.1589293703521906,0.8043333333333358,24.45,equatorial
13.44,23.48,27.12,21.02,89.66,0.96,3.27,3.55,0.64,0.66,2016-07-05,Yaounde_peri,2016,7,187,27,25.36,73.56,136.13,506.85,1.1228677886200427,0.3146666666666711,24.45,equatorial
10.35,22.77,25.86,20.94,90.05,1.13,2.57,3.18,0.64,0.65,2016-07-06,Yaounde_peri,2016,7,188,27,22.980000000000004,71.45,135.51999999999998,505.33000000000004,1.1123503262523973,-0.33033333333333204,24.45,equatorial
15.82,23.35,27.06,20.41,86.74,0.43,1.59,3.74,0.64,0.65,2016-07-07,Yaounde_peri,2016,7,189,27,16.43,55.69,134.02,505.25,1.1096737381287574,0.2786666666666697,24.45,equatorial
15.24,23.77,28.06,20.36,86.92,0.46,1.95,5.0,0.63,0.64,2016-07-08,Yaounde_peri,2016,7,190,27,13.5,38.199999999999996,132.97,501.3,1.086078587021208,0.740000000000002,24.45,equatorial
15.89,23.61,27.75,20.52,88.34,0.63,2.61,3.85,0.62,0.64,2016-07-09,Yaounde_peri,2016,7,191,27,6.81,33.13,130.27,495.76,1.0539842468179974,0.608666666666668,24.45,equatorial
12.93,22.92,26.38,20.68,91.09,7.01,2.55,3.27,0.62,0.66,2016-07-10,Yaounde_peri,2016,7,192,27,12.54,37.42,134.53,494.18,1.0434420114174894,-0.04533333333333189,23.98,equatorial
12.82,23.09,27.22,20.29,90.36,5.8,2.53,4.35,0.63,0.67,2016-07-11,Yaounde_peri,2016,7,193,28,16.419999999999998,41.78,135.59,485.25,0.9931796773326251,0.14933333333333465,23.77,equatorial
11.27,22.2,24.74,20.44,92.42,3.61,2.36,2.3,0.64,0.67,2016-07-12,Yaounde_peri,2016,7,194,28,19.07,44.43,132.47,484.8,0.9889817176484732,-0.7570000000000014,23.77,equatorial
9.52,22.15,25.49,20.11,89.75,2.6,2.94,3.77,0.64,0.66,2016-07-13,Yaounde_peri,2016,7,195,28,20.54,43.52,132.70000000000002,472.40999999999997,0.9201813904248394,-0.788333333333334,23.77,equatorial
14.2,22.4,26.89,19.54,86.17,1.87,1.67,4.09,0.63,0.65,2016-07-14,Yaounde_peri,2016,7,196,28,21.979999999999997,38.41,133.01,455.99,0.8297551330137052,-0.5399999999999991,23.77,equatorial
14.2,22.8,26.04,19.76,88.66,1.0,1.97,3.54,0.63,0.65,2016-07-15,Yaounde_peri,2016,7,197,28,22.52,36.019999999999996,127.65,449.99,0.7960018027416538,-0.15833333333333144,23.61,equatorial
12.71,22.85,26.65,20.07,89.19,0.82,2.36,3.24,0.62,0.64,2016-07-16,Yaounde_peri,2016,7,198,28,22.709999999999997,29.519999999999996,124.63,441.04999999999995,0.7463866080372589,-0.15700000000000003,23.09,equatorial
11.42,22.89,26.77,20.18,87.47,0.55,1.96,3.5,0.62,0.64,2016-07-17,Yaounde_peri,2016,7,199,28,16.25,28.79,123.59,439.59999999999997,0.7374930123320758,-0.1356666666666655,23.09,equatorial
13.52,22.66,25.51,20.37,90.73,4.92,1.64,2.17,0.62,0.64,2016-07-18,Yaounde_peri,2016,7,200,29,15.37,31.79,121.28999999999999,442.17,0.7504302455960405,-0.35833333333333073,22.89,equatorial
16.09,23.22,26.64,20.6,89.46,6.74,1.2,3.12,0.64,0.68,2016-07-19,Yaounde_peri,2016,7,201,29,18.5,37.57,120.3,437.52000000000004,0.7241547971201168,0.18633333333333368,23.22,equatorial
13.84,23.28,27.0,21.05,88.92,1.06,2.11,3.67,0.63,0.65,2016-07-20,Yaounde_peri,2016,7,202,29,16.96,37.5,115.52000000000001,432.76,0.6973314038351242,0.21499999999999986,23.28,equatorial
12.54,23.1,26.45,20.18,89.68,1.03,1.63,2.88,0.63,0.65,2016-07-21,Yaounde_peri,2016,7,203,29,16.12,38.1,113.22000000000001,427.0,0.6651205390250486,0.021333333333334537,23.28,equatorial
12.03,23.04,26.29,21.24,89.7,2.07,2.25,3.07,0.63,0.65,2016-07-22,Yaounde_peri,2016,7,204,29,17.189999999999998,39.71,112.05,422.64,0.6405722966276014,-0.03866666666666774,23.28,equatorial
11.19,22.19,24.67,20.67,92.15,2.76,2.48,2.31,0.63,0.66,2016-07-23,Yaounde_peri,2016,7,205,29,19.13,41.84,98.62,417.65000000000003,0.612632588373226,-0.8466666666666676,23.28,equatorial
12.39,21.65,24.18,19.81,91.98,1.11,1.94,1.92,0.63,0.65,2016-07-24,Yaounde_peri,2016,7,206,29,19.69,35.94,81.78,414.76,0.5961626677571257,-1.3629999999999995,23.28,equatorial
12.83,22.45,26.16,19.57,89.64,6.85,3.36,4.52,0.63,0.67,2016-07-25,Yaounde_peri,2016,7,207,30,21.62,36.99,82.92999999999999,415.41,0.5989975416224708,-0.5470000000000006,23.28,equatorial
7.51,22.1,25.38,19.79,90.27,1.16,2.4,3.04,0.63,0.65,2016-07-26,Yaounde_peri,2016,7,208,30,16.04,34.54,81.36999999999999,415.17999999999995,0.5970343945849204,-0.9009999999999962,23.28,equatorial
13.16,22.45,26.19,19.53,88.78,2.08,2.13,4.2,0.63,0.65,2016-07-27,Yaounde_peri,2016,7,209,30,17.06,34.019999999999996,82.00999999999999,410.86,0.5727706587299767,-0.5553333333333335,23.1,equatorial
14.44,22.89,27.22,19.63,88.51,3.19,2.12,5.09,0.62,0.65,2016-07-28,Yaounde_peri,2016,7,210,30,19.22,35.34,84.24000000000001,407.7,0.5548656237378551,-0.13599999999999923,23.04,equatorial
12.02,22.13,25.45,19.86,91.47,3.67,2.25,2.99,0.62,0.65,2016-07-29,Yaounde_peri,2016,7,211,30,20.819999999999997,38.010000000000005,84.4,406.46000000000004,0.5474651931944645,-0.8683333333333358,22.89,equatorial
11.75,22.6,26.77,19.72,89.33,5.44,2.44,4.87,0.63,0.66,2016-07-30,Yaounde_peri,2016,7,212,30,23.5,42.63,82.86,407.22,0.5510017080861644,-0.35966666666666924,22.89,equatorial
13.03,23.04,27.71,19.09,88.26,5.48,2.03,5.53,0.63,0.66,2016-07-31,Yaounde_peri,2016,7,213,30,27.87,47.56,84.94999999999999,409.06,0.5604403916777172,0.12633333333333496,23.04,equatorial
12.69,23.25,27.59,19.84,89.17,5.95,2.5,5.07,0.63,0.66,2016-08-01,Yaounde_peri,2016,8,214,31,26.97,48.59,83.58,408.16999999999996,0.5549363540932204,0.35800000000000054,23.25,equatorial
13.46,22.69,26.73,20.05,90.53,6.92,2.78,4.21,0.64,0.67,2016-08-02,Yaounde_peri,2016,8,215,31,32.73,48.77,89.22,411.85,0.5744537792550239,-0.14333333333333087,23.25,equatorial
11.02,22.89,26.89,19.86,89.51,5.24,2.2,4.64,0.64,0.67,2016-08-03,Yaounde_peri,2016,8,216,31,35.89,52.95,92.54,412.74,0.578670947546556,0.09299999999999642,23.25,equatorial
12.7,22.94,26.78,20.24,89.98,14.14,2.35,4.84,0.65,0.71,2016-08-04,Yaounde_peri,2016,8,217,31,46.84,66.06,105.72,425.89,0.6500572479985719,0.16100000000000136,23.25,equatorial
14.66,22.54,26.0,20.37,92.03,11.86,3.15,3.73,0.66,0.72,2016-08-05,Yaounde_peri,2016,8,218,31,55.03,75.85,116.44999999999999,436.1,0.7052219684256071,-0.23133333333333894,23.25,equatorial
12.9,22.7,27.28,19.23,89.66,10.86,3.1,5.69,0.67,0.72,2016-08-06,Yaounde_peri,2016,8,219,31,60.45,83.95,126.88,442.25,0.7380337906242204,-0.04966666666666697,23.25,equatorial
10.92,22.55,27.18,19.52,89.86,13.28,3.34,5.55,0.68,0.73,2016-08-07,Yaounde_peri,2016,8,220,31,68.25,96.12,139.7,454.79,0.805819985132171,-0.15900000000000247,23.25,equatorial
9.01,22.26,26.22,19.43,90.12,4.32,2.13,4.42,0.68,0.71,2016-08-08,Yaounde_peri,2016,8,221,32,66.61999999999999,93.59,143.39,457.78,0.8210839478514476,-0.4039999999999999,22.94,equatorial
15.16,23.0,27.33,19.36,87.54,1.39,1.57,4.66,0.67,0.68,2016-08-09,Yaounde_peri,2016,8,222,32,61.09,93.82000000000001,137.77,453.82000000000005,0.7981908857132806,0.33333333333333215,23.0,equatorial
13.21,23.03,26.7,20.18,89.36,3.83,2.11,4.47,0.66,0.68,2016-08-10,Yaounde_peri,2016,8,223,32,59.68,95.57000000000001,135.79999999999998,451.25,0.7829770106013704,0.3653333333333322,23.03,equatorial
12.29,22.85,26.52,20.13,90.1,2.68,2.06,3.83,0.66,0.68,2016-08-11,Yaounde_peri,2016,8,224,32,48.22,95.06,134.87,447.93,0.7636789677995983,0.16366666666666774,23.03,equatorial
11.56,22.55,26.02,20.16,91.37,2.07,2.34,2.99,0.65,0.67,2016-08-12,Yaounde_peri,2016,8,225,32,38.43,93.46000000000001,134.33999999999997,441.66,0.7282170002678202,-0.14966666666666484,23.03,equatorial
11.07,22.49,25.77,20.25,91.12,4.52,2.46,3.6,0.65,0.68,2016-08-13,Yaounde_peri,2016,8,226,32,32.089999999999996,92.54,136.99,430.61,0.666547316196042,-0.21266666666667078,23.03,equatorial
11.75,22.1,25.11,19.97,90.95,1.87,2.11,2.9,0.65,0.67,2016-08-14,Yaounde_peri,2016,8,227,32,20.68,88.93,137.86,431.46,0.6704089249802755,-0.5793333333333308,23.03,equatorial
10.84,22.99,27.13,19.88,89.18,0.73,1.8,3.67,0.65,0.66,2016-08-15,Yaounde_peri,2016,8,228,33,17.089999999999996,83.71,137.76999999999998,424.73,0.632563360067039,0.3059999999999974,23.03,equatorial
14.07,23.88,28.22,20.35,85.36,0.85,1.21,4.48,0.64,0.65,2016-08-16,Yaounde_peri,2016,8,229,33,16.549999999999997,77.64,138.07,417.10999999999996,0.5898682105103947,1.1630000000000003,23.88,equatorial
13.85,23.88,28.17,20.79,87.59,1.28,1.65,4.39,0.63,0.65,2016-08-17,Yaounde_peri,2016,8,230,33,14.0,73.68,134.42999999999998,415.90000000000003,0.5825350280980013,1.12233333333333,23.88,equatorial
14.39,22.63,25.13,21.01,92.12,4.51,2.24,2.48,0.63,0.67,2016-08-18,Yaounde_peri,2016,8,231,33,15.829999999999998,64.05,132.2,417.05,0.5882196453707921,-0.10800000000000054,23.88,equatorial
11.7,22.9,26.52,19.98,89.98,17.87,1.87,4.26,0.65,0.72,2016-08-19,Yaounde_peri,2016,8,232,33,31.63,70.06,149.01,430.26,0.6603999865854884,0.17466666666666697,23.88,equatorial
13.56,22.74,26.18,20.14,90.61,6.19,1.82,4.02,0.66,0.7,2016-08-20,Yaounde_peri,2016,8,233,33,33.3,65.39,154.17,423.36,0.6215433396639393,0.026666666666667282,23.88,equatorial
14.24,23.12,27.07,19.87,89.23,6.61,1.94,5.17,0.66,0.7,2016-08-21,Yaounde_peri,2016,8,234,33,38.040000000000006,58.72,158.71,412.03000000000003,0.5582798581684447,0.4039999999999999,23.88,equatorial
15.77,23.4,27.49,20.46,89.47,9.81,2.39,5.25,0.67,0.71,2016-08-22,Yaounde_peri,2016,8,235,34,47.12,64.21000000000001,165.76000000000002,420.78000000000003,0.6060016921968366,0.6436666666666682,23.88,equatorial
16.27,23.14,26.97,20.25,91.29,11.27,2.48,4.24,0.67,0.72,2016-08-23,Yaounde_peri,2016,8,236,34,57.540000000000006,74.09,175.92,428.92,0.6502927169339436,0.3340000000000032,23.88,equatorial
14.48,22.67,26.01,20.37,92.0,13.84,1.9,3.38,0.68,0.74,2016-08-24,Yaounde_peri,2016,8,237,34,70.10000000000001,84.10000000000001,182.91,440.15,0.7115985056368118,-0.14333333333333442,23.4,equatorial
14.09,22.26,25.36,20.13,91.43,4.86,1.74,3.15,0.7,0.72,2016-08-25,Yaounde_peri,2016,8,238,34,70.45,86.28,186.61,441.97999999999996,0.7208286040489406,-0.5586666666666673,23.4,equatorial
12.29,21.87,24.46,19.81,91.39,1.74,1.38,2.39,0.69,0.71,2016-08-26,Yaounde_peri,2016,8,239,34,54.32,85.95,186.26999999999998,434.39,0.6779372823479721,-0.9293333333333322,23.4,equatorial
13.74,22.99,26.81,19.64,84.63,1.75,1.02,4.42,0.68,0.69,2016-08-27,Yaounde_peri,2016,8,240,34,49.88,83.18,184.82999999999998,429.29,0.6488925183110716,0.18733333333333135,23.4,equatorial
14.44,23.25,27.58,20.22,88.74,9.53,1.38,4.74,0.68,0.72,2016-08-28,Yaounde_peri,2016,8,241,34,52.8,90.84,190.69,435.90000000000003,0.6847347245828335,0.41000000000000014,23.4,equatorial
13.94,22.23,25.27,20.41,92.78,21.84,1.93,2.93,0.7,0.77,2016-08-29,Yaounde_peri,2016,8,242,35,64.83,111.94999999999999,207.09,453.92,0.7837119902900983,-0.5976666666666652,23.25,equatorial
10.46,22.07,25.23,20.13,90.84,3.93,1.41,2.38,0.71,0.73,2016-08-30,Yaounde_peri,2016,8,243,35,57.489999999999995,115.03,205.54,446.43,0.7411793957676067,-0.7253333333333352,23.25,equatorial
17.14,22.92,26.71,19.91,87.85,2.14,1.21,3.8,0.7,0.72,2016-08-31,Yaounde_peri,2016,8,244,35,45.79,115.89,201.73000000000002,440.34,0.7064825509324434,0.13566666666666904,23.25,equatorial
14.62,22.7,25.85,20.25,90.33,4.75,1.88,3.73,0.69,0.71,2016-09-01,Yaounde_peri,2016,9,245,35,45.68,116.13,199.56,441.8,0.7137111125097191,-0.08466666666666711,23.25,equatorial
15.47,22.65,26.1,20.64,90.36,3.36,2.6,4.08,0.69,0.71,2016-09-02,Yaounde_peri,2016,9,246,35,47.3,101.61999999999999,197.68,436.40000000000003,0.6828726372056819,-0.12666666666666515,23.25,equatorial
18.75,23.24,27.48,19.91,88.64,2.85,1.68,4.73,0.68,0.7,2016-09-03,Yaounde_peri,2016,9,247,35,48.4,98.27999999999999,186.39,428.23999999999995,0.6367602113871484,0.4533333333333296,23.25,equatorial
15.34,23.45,27.79,20.42,90.49,9.56,2.04,4.58,0.68,0.72,2016-09-04,Yaounde_peri,2016,9,248,35,48.42999999999999,101.22999999999999,184.09,436.06,0.679459999188667,0.6329999999999991,23.45,equatorial
14.84,22.37,24.88,20.75,94.19,19.03,2.51,2.57,0.7,0.76,2016-09-05,Yaounde_peri,2016,9,249,36,45.620000000000005,110.44999999999999,192.26,453.16,0.7736383665505059,-0.43599999999999994,23.45,equatorial
9.67,22.45,25.75,19.91,91.32,7.75,1.49,3.41,0.72,0.75,2016-09-06,Yaounde_peri,2016,9,250,36,49.44,106.92999999999999,186.73,459.40000000000003,0.8072987173104704,-0.35266666666666424,23.45,equatorial
15.92,23.26,26.91,20.36,88.51,2.8,1.32,3.85,0.71,0.72,2016-09-07,Yaounde_peri,2016,9,251,36,50.1,95.88999999999999,185.21,458.87,0.8032721879133728,0.42400000000000304,23.45,equatorial
16.4,23.79,27.78,20.7,90.05,3.36,1.89,4.57,0.7,0.72,2016-09-08,Yaounde_peri,2016,9,252,36,48.71,94.38999999999999,187.18,459.47999999999996,0.805592504582846,0.9276666666666671,23.79,equatorial
9.47,22.85,26.06,20.9,92.19,4.62,2.56,3.23,0.69,0.72,2016-09-09,Yaounde_peri,2016,9,253,36,49.97,97.27,187.97,459.35999999999996,0.8038513488298799,-0.006333333333330415,23.79,equatorial
15.31,23.3,27.01,20.46,90.1,3.32,2.41,4.65,0.69,0.71,2016-09-10,Yaounde_peri,2016,9,254,36,50.44,98.84,188.60999999999999,455.95000000000005,0.7838179951703665,0.4286666666666683,23.79,equatorial
15.81,23.26,26.68,20.8,90.8,5.48,2.5,4.16,0.69,0.71,2016-09-11,Yaounde_peri,2016,9,255,36,46.36,94.78999999999999,192.02,459.06,0.8001006012397271,0.365000000000002,23.79,equatorial
15.01,22.8,26.15,20.57,92.03,13.59,1.95,3.57,0.69,0.75,2016-09-12,Yaounde_peri,2016,9,256,37,40.92,86.53999999999999,201.09,471.09000000000003,0.8659818550216488,-0.10533333333333061,23.79,equatorial
13.26,22.38,25.9,20.09,91.11,7.84,2.01,3.76,0.71,0.74,2016-09-13,Yaounde_peri,2016,9,257,37,41.01,90.45,207.06,472.57,0.8730000254721935,-0.5346666666666664,23.79,equatorial
18.75,22.89,27.05,19.69,86.48,2.15,1.32,4.57,0.7,0.72,2016-09-14,Yaounde_peri,2016,9,258,37,40.36,90.46,208.48,470.88,0.8623604121917551,-0.021333333333334537,23.79,equatorial
17.12,22.26,25.51,20.28,93.03,6.31,2.37,3.01,0.69,0.72,2016-09-15,Yaounde_peri,2016,9,259,37,43.31,92.02,213.94,475.59999999999997,0.8874308571858728,-0.5973333333333315,23.3,equatorial
17.8,22.02,25.01,19.75,92.34,5.64,1.89,3.02,0.7,0.73,2016-09-16,Yaounde_peri,2016,9,260,37,44.33,94.3,218.3,474.02000000000004,0.8773662338823885,-0.7753333333333359,23.3,equatorial
16.5,22.86,26.55,19.83,89.63,7.55,1.87,5.15,0.7,0.74,2016-09-17,Yaounde_peri,2016,9,261,37,48.559999999999995,99.0,221.34,473.84,0.8751245865906492,0.05699999999999861,23.26,equatorial
17.0,23.09,26.83,20.11,90.12,3.43,1.88,4.51,0.7,0.72,2016-09-18,Yaounde_peri,2016,9,262,37,46.51,92.87,206.9,471.43,0.8604697985816219,0.2806666666666686,23.09,equatorial
16.6,22.72,26.07,20.38,92.13,6.38,2.2,3.57,0.69,0.72,2016-09-19,Yaounde_peri,2016,9,263,38,39.3,80.22,207.09,474.47999999999996,0.876269944902187,-0.08866666666666845,23.09,equatorial
14.2,22.92,26.45,20.31,91.45,9.49,2.29,4.41,0.7,0.74,2016-09-20,Yaounde_peri,2016,9,264,38,40.95,81.96000000000001,209.97,480.72999999999996,0.9098612501269409,0.1180000000000021,23.09,equatorial
16.65,22.81,26.38,20.4,89.7,4.64,2.11,4.82,0.7,0.73,2016-09-21,Yaounde_peri,2016,9,265,38,43.440000000000005,83.80000000000001,204.79999999999998,469.18,0.8441782072625428,0.027666666666664952,23.09,equatorial
14.48,22.47,25.53,20.19,90.29,3.04,1.39,3.08,0.7,0.72,2016-09-22,Yaounde_peri,2016,9,266,38,40.17,83.48,196.57000000000002,454.27,0.7599010300211853,-0.2900000000000027,23.09,equatorial
15.44,22.92,26.99,20.18,88.81,2.68,1.73,5.11,0.69,0.71,2016-09-23,Yaounde_peri,2016,9,267,38,37.21,81.54,185.41,451.25,0.7421061143244561,0.15166666666667084,23.09,equatorial
15.63,22.43,25.66,20.28,91.59,3.49,2.17,3.26,0.69,0.71,2016-09-24,Yaounde_peri,2016,9,268,38,33.150000000000006,81.71,184.04,452.02,0.7454949044845081,-0.3440000000000012,23.09,equatorial
18.55,22.31,25.8,19.91,90.91,10.44,2.11,3.6,0.69,0.73,2016-09-25,Yaounde_peri,2016,9,269,38,40.16,86.67,192.74,461.02,0.7948202596689116,-0.47866666666666546,22.92,equatorial
15.39,22.93,26.82,20.21,89.15,8.89,1.69,4.97,0.71,0.75,2016-09-26,Yaounde_peri,2016,9,270,39,42.67,81.97,199.88000000000002,468.95,0.8380715667598265,0.14333333333333442,22.93,equatorial
16.18,23.03,27.04,20.01,90.53,3.73,1.88,4.22,0.7,0.72,2016-09-27,Yaounde_peri,2016,9,271,39,36.910000000000004,77.86,194.08,469.17,0.8381791520903537,0.2506666666666675,23.03,equatorial
15.96,22.25,24.94,20.68,93.44,3.97,1.97,2.21,0.7,0.72,2016-09-28,Yaounde_peri,2016,9,272,39,36.24,79.68,176.21,466.15999999999997,0.8202483602565871,-0.5300000000000047,23.03,equatorial
18.11,23.55,27.96,19.93,87.65,6.98,1.32,4.98,0.7,0.73,2016-09-29,Yaounde_peri,2016,9,273,39,40.18,80.35000000000001,179.26,469.75,0.8392298547599901,0.7206666666666663,23.55,equatorial
15.15,23.83,27.65,20.5,86.59,8.67,1.17,4.67,0.71,0.75,2016-09-30,Yaounde_peri,2016,9,274,39,46.17,83.38,185.79000000000002,471.1,0.8456548438599346,0.970333333333329,23.83,equatorial
18.49,23.17,26.62,21.09,91.71,5.02,1.92,3.4,0.71,0.73,2016-10-01,Yaounde_peri,2016,10,275,39,47.7,80.85000000000001,186.06,474.84,0.8654240865754307,0.29466666666666796,23.83,equatorial
17.0,22.48,25.16,20.59,92.43,4.13,2.08,2.7,0.71,0.73,2016-10-02,Yaounde_peri,2016,10,276,39,41.39,81.55,186.83,477.05,0.8765969008479422,-0.3896666666666668,23.83,equatorial
17.81,23.78,27.92,20.41,85.12,1.01,1.32,4.49,0.7,0.72,2016-10-03,Yaounde_peri,2016,10,277,40,33.51,76.18,184.99,477.09999999999997,0.8756699623591726,0.8923333333333332,23.83,equatorial
17.29,24.0,28.23,20.78,87.88,1.5,1.42,4.2,0.69,0.71,2016-10-04,Yaounde_peri,2016,10,278,40,31.28,68.19,176.93,477.46999999999997,0.8765365681844477,1.0940000000000012,24.0,equatorial
16.66,22.62,24.63,20.31,91.83,6.51,1.73,2.23,0.7,0.73,2016-10-05,Yaounde_peri,2016,10,279,40,33.82,70.06,164.41,483.54999999999995,0.9093334242925524,-0.29433333333333067,24.0,equatorial
15.71,23.68,28.16,19.69,85.54,1.23,1.24,5.83,0.69,0.71,2016-10-06,Yaounde_peri,2016,10,280,40,28.069999999999997,68.25,157.89000000000001,484.32,0.9123526800475373,0.7246666666666641,24.0,equatorial
14.66,24.29,28.65,20.71,87.35,0.69,1.08,4.1,0.68,0.7,2016-10-07,Yaounde_peri,2016,10,281,40,20.09,66.26,155.78,484.38,0.9113952482119919,1.300333333333331,24.29,equatorial
17.11,23.43,25.72,21.84,93.03,3.37,1.4,1.93,0.68,0.7,2016-10-08,Yaounde_peri,2016,10,282,40,18.439999999999998,66.14,155.79,480.74,0.8897442796680214,0.4523333333333355,24.29,equatorial
16.11,24.18,27.8,21.03,86.11,2.47,1.83,5.31,0.68,0.7,2016-10-09,Yaounde_peri,2016,10,283,40,16.78,58.17,153.64,477.41,0.8698821081398412,1.1579999999999977,24.29,equatorial
17.63,23.96,27.73,21.46,86.68,3.77,1.43,4.41,0.68,0.71,2016-10-10,Yaounde_peri,2016,10,284,41,19.54,53.05,154.09,477.57,0.8696011381027124,0.9160000000000039,24.29,equatorial
15.26,24.55,28.46,20.74,84.1,3.33,1.09,5.58,0.68,0.7,2016-10-11,Yaounde_peri,2016,10,285,41,21.369999999999997,52.65,151.94,478.3,0.8725136202851095,1.463000000000001,24.55,equatorial
22.09,24.5,28.17,21.18,84.44,3.42,0.81,4.5,0.67,0.7,2016-10-12,Yaounde_peri,2016,10,286,41,18.28,52.099999999999994,141.76999999999998,479.85,0.880012255142691,1.3563333333333318,24.55,equatorial
14.71,24.39,27.95,21.34,86.09,9.09,0.91,3.65,0.69,0.73,2016-10-13,Yaounde_peri,2016,10,287,41,26.14,54.21,143.02,487.94,0.9241128882548811,1.1793333333333322,24.55,equatorial
12.72,23.63,26.84,21.18,88.37,4.79,1.2,3.02,0.69,0.72,2016-10-14,Yaounde_peri,2016,10,288,41,30.24,50.33,145.66,491.91,0.9450301838560838,0.39466666666666583,24.55,equatorial
15.31,23.56,26.58,21.1,85.64,5.48,1.11,3.76,0.69,0.72,2016-10-15,Yaounde_peri,2016,10,289,41,32.35,50.790000000000006,144.83,496.84000000000003,0.9712662479053604,0.2813333333333361,24.55,equatorial
13.94,23.34,27.38,20.05,86.82,3.34,1.06,4.34,0.69,0.71,2016-10-16,Yaounde_peri,2016,10,290,41,33.22,50.0,142.53,495.26,0.9609800213494426,0.0173333333333332,24.55,equatorial
16.84,23.1,26.03,20.53,87.19,6.65,0.91,2.74,0.69,0.72,2016-10-17,Yaounde_peri,2016,10,291,42,36.1,55.64,141.63,495.17,0.9590682383556821,-0.23066666666666436,24.55,equatorial
13.47,23.32,27.1,20.3,90.57,11.01,1.32,3.88,0.7,0.75,2016-10-18,Yaounde_peri,2016,10,292,42,43.78,65.15,149.21,505.12,1.013380229195178,-0.018333333333334423,24.5,equatorial
17.28,22.29,24.74,20.7,93.28,10.59,1.54,1.97,0.71,0.75,2016-10-19,Yaounde_peri,2016,10,293,42,50.95,69.22999999999999,153.42000000000002,514.6800000000001,1.0653350241522554,-1.0340000000000025,24.39,equatorial
18.64,23.44,27.86,19.57,88.41,29.43,1.25,4.94,0.74,0.82,2016-10-20,Yaounde_peri,2016,10,294,42,71.28999999999999,97.42999999999999,173.35999999999999,542.04,1.2166717386058936,0.09866666666667001,23.63,equatorial
15.33,23.86,27.66,21.13,86.85,13.96,1.79,4.67,0.77,0.8,2016-10-21,Yaounde_peri,2016,10,295,42,80.46000000000001,110.69999999999999,182.68,553.24,1.276986001596452,0.483666666666668,23.86,equatorial
17.02,24.58,28.53,21.08,83.18,5.54,1.05,5.27,0.75,0.77,2016-10-22,Yaounde_peri,2016,10,296,42,80.52,112.87,185.17999999999998,557.67,1.2991898603098462,1.1333333333333329,24.58,equatorial
17.98,23.88,27.3,20.89,87.42,15.24,1.12,3.83,0.76,0.79,2016-10-23,Yaounde_peri,2016,10,297,42,92.42,125.64000000000001,197.74,566.0600000000001,1.343381197853096,0.40133333333333354,24.58,equatorial
18.32,24.35,27.39,21.77,87.01,11.19,1.31,3.24,0.76,0.79,2016-10-24,Yaounde_peri,2016,10,298,43,96.96000000000001,133.06,205.44,576.0899999999999,1.3964717084690312,0.8073333333333359,24.58,equatorial
17.37,23.99,27.25,21.43,89.84,18.18,1.3,2.67,0.77,0.81,2016-10-25,Yaounde_peri,2016,10,299,43,104.13,147.91000000000003,213.18,592.19,1.4830450740784193,0.391333333333332,24.58,equatorial
9.61,22.82,25.2,21.09,93.12,13.12,1.53,2.08,0.78,0.81,2016-10-26,Yaounde_peri,2016,10,300,43,106.66,157.60999999999999,217.41,602.12,1.5347144553940486,-0.7750000000000021,24.58,equatorial
15.27,24.19,28.63,20.41,83.27,7.54,0.85,5.79,0.78,0.79,2016-10-27,Yaounde_peri,2016,10,301,43,84.77000000000001,156.06,221.22,605.99,1.5523531715935233,0.5563333333333347,24.58,equatorial
9.89,23.47,26.79,21.44,88.91,9.55,1.05,3.29,0.77,0.79,2016-10-28,Yaounde_peri,2016,10,302,43,80.36,160.82,226.8,610.1,1.5711965089153253,-0.20433333333333437,24.58,equatorial
18.23,22.98,25.6,20.49,90.41,12.42,0.83,2.33,0.77,0.8,2016-10-29,Yaounde_peri,2016,10,303,43,87.24000000000001,167.76000000000002,232.24,617.04,1.605581648653422,-0.6753333333333309,24.35,equatorial
12.29,23.31,27.1,20.38,88.44,8.45,1.85,4.59,0.77,0.79,2016-10-30,Yaounde_peri,2016,10,304,43,80.45,172.87,232.01999999999998,619.5400000000001,1.6151311569131745,-0.3279999999999994,24.35,equatorial
20.62,24.14,28.04,20.52,86.88,10.97,1.62,4.74,0.77,0.79,2016-10-31,Yaounde_peri,2016,10,305,44,80.23,177.19,237.97,623.5899999999999,1.633173264906039,0.4696666666666651,24.19,equatorial
10.71,23.08,25.71,21.0,92.88,11.31,1.81,2.03,0.77,0.8,2016-11-01,Yaounde_peri,2016,11,306,44,73.36,177.49,245.14999999999998,629.66,1.6622191290856032,-0.6103333333333367,24.19,equatorial
22.33,23.75,27.06,21.06,88.61,7.39,1.19,3.05,0.77,0.79,2016-11-02,Yaounde_peri,2016,11,307,44,67.63000000000001,174.29000000000002,251.53,622.91,1.6203685099190557,0.0606666666666662,24.19,equatorial
12.62,23.4,26.75,20.94,87.58,10.17,0.96,3.78,0.77,0.79,2016-11-03,Yaounde_peri,2016,11,308,44,70.26,155.03,260.2,621.2199999999999,1.6067061723401928,-0.26933333333333564,24.14,equatorial
19.06,23.9,27.64,20.69,85.09,1.01,1.18,3.97,0.76,0.77,2016-11-04,Yaounde_peri,2016,11,309,44,61.72,142.07999999999998,254.70000000000002,611.37,1.5482561775914614,0.18799999999999883,24.14,equatorial
12.59,24.31,28.52,20.36,85.5,3.86,1.21,4.66,0.75,0.77,2016-11-05,Yaounde_peri,2016,11,310,44,53.16,140.4,257.33,601.9499999999999,1.4925765227151226,0.5770000000000017,24.31,equatorial
13.6,23.89,27.6,21.39,88.69,7.28,1.34,3.58,0.75,0.78,2016-11-06,Yaounde_peri,2016,11,311,44,51.99,132.44,263.92,604.91,1.5052799755778759,0.1703333333333319,24.31,equatorial
10.84,24.1,27.58,21.16,85.97,3.94,0.97,3.68,0.75,0.77,2016-11-07,Yaounde_peri,2016,11,312,45,44.96,125.19,264.49,607.46,1.5156497027483289,0.35800000000000054,24.31,equatorial
21.14,24.34,28.09,21.29,84.62,1.82,1.46,4.23,0.75,0.76,2016-11-08,Yaounde_peri,2016,11,313,45,35.470000000000006,108.83,263.84000000000003,605.45,1.5009493473371305,0.5926666666666662,24.34,equatorial
20.03,24.89,29.01,20.91,82.08,2.84,2.04,5.6,0.74,0.76,2016-11-09,Yaounde_peri,2016,11,314,45,30.92,98.55,262.90999999999997,605.61,1.4982361836249636,1.1116666666666681,24.89,equatorial
13.16,24.54,28.19,21.57,81.77,4.06,1.16,3.97,0.74,0.76,2016-11-10,Yaounde_peri,2016,11,315,45,24.81,95.07000000000001,263.64,607.6,1.5055587873354384,0.7619999999999969,24.89,equatorial
18.94,23.64,27.64,20.67,87.54,3.2,1.56,4.55,0.74,0.75,2016-11-11,Yaounde_peri,2016,11,316,45,27.0,88.72000000000001,263.41999999999996,606.28,1.4947354185734087,-0.10933333333333195,24.89,equatorial
17.32,23.48,27.27,20.66,85.75,0.06,1.66,3.99,0.73,0.74,2016-11-12,Yaounde_peri,2016,11,317,45,23.2,76.36,254.39,604.47,1.481307400554736,-0.23899999999999721,24.89,equatorial
17.18,24.12,28.28,20.14,81.31,0.0,1.47,5.0,0.72,0.74,2016-11-13,Yaounde_peri,2016,11,318,45,15.92,67.91,249.6,603.74,1.4738634100014891,0.3846666666666678,24.89,equatorial
17.84,24.43,28.46,20.12,79.42,0.0,1.37,5.06,0.72,0.73,2016-11-14,Yaounde_peri,2016,11,319,46,11.98,56.940000000000005,244.11999999999998,602.89,1.4658140547578538,0.6656666666666631,24.89,equatorial
9.48,24.12,27.88,21.08,84.92,0.0,1.66,3.74,0.71,0.73,2016-11-15,Yaounde_peri,2016,11,320,46,10.16,45.63,240.77999999999997,601.61,1.4554733420944301,0.3296666666666681,24.89,equatorial
12.53,23.95,27.42,21.22,86.47,0.0,1.12,2.82,0.71,0.73,2016-11-16,Yaounde_peri,2016,11,321,46,7.319999999999999,38.24,234.13,597.1,1.4276046607335497,0.13133333333333397,24.54,equatorial
16.14,24.36,28.51,20.69,84.62,5.67,1.17,4.5,0.71,0.74,2016-11-17,Yaounde_peri,2016,11,322,46,8.93,33.74,228.79,584.9,1.358030901787407,0.5066666666666677,24.43,equatorial
16.36,24.29,28.3,20.88,85.37,6.48,1.42,4.37,0.72,0.75,2016-11-18,Yaounde_peri,2016,11,323,46,12.21,39.21,224.67999999999998,585.19,1.356805446985082,0.36999999999999744,24.43,equatorial
11.97,24.42,27.54,20.64,83.75,4.04,1.34,3.6,0.72,0.75,2016-11-19,Yaounde_peri,2016,11,324,46,16.189999999999998,39.39,199.29000000000002,582.62,1.3400328749351218,0.4673333333333325,24.43,equatorial
18.09,24.48,27.75,21.61,84.17,7.31,1.25,3.37,0.73,0.76,2016-11-20,Yaounde_peri,2016,11,325,46,23.5,39.42,192.64,580.12,1.3237298568516098,0.5066666666666642,24.48,equatorial
15.65,23.46,26.44,21.42,91.84,6.96,1.41,2.17,0.74,0.77,2016-11-21,Yaounde_peri,2016,11,326,47,30.46,42.44,194.06,575.81,1.2976747776125404,-0.4759999999999991,24.48,equatorial
15.97,24.37,28.11,20.99,86.57,1.27,1.19,3.28,0.73,0.75,2016-11-22,Yaounde_peri,2016,11,327,47,31.73,41.88999999999999,180.09,563.24,1.2268668428946319,0.4176666666666655,24.48,equatorial
20.13,24.59,28.65,21.36,85.16,1.95,1.62,3.93,0.73,0.74,2016-11-23,Yaounde_peri,2016,11,328,47,33.68,41.0,170.85,560.3299999999999,1.2088430362713884,0.6296666666666688,24.59,equatorial
17.49,25.3,29.52,21.16,81.37,3.19,1.27,4.81,0.73,0.74,2016-11-24,Yaounde_peri,2016,11,329,47,31.200000000000003,40.129999999999995,155.85999999999999,561.78,1.2145761578415157,1.2959999999999994,25.3,equatorial
17.43,25.01,28.97,21.93,84.53,2.18,1.29,4.53,0.72,0.74,2016-11-25,Yaounde_peri,2016,11,330,47,26.900000000000002,39.11,144.92,562.2099999999999,1.2147498348905312,0.9329999999999998,25.3,equatorial
17.04,24.36,28.41,21.12,85.65,2.32,1.44,4.28,0.72,0.74,2016-11-26,Yaounde_peri,2016,11,331,47,25.18,41.37,139.7,555.0,1.173458245164805,0.2773333333333312,25.3,equatorial
17.25,24.54,28.47,21.03,85.38,2.99,1.19,4.13,0.72,0.74,2016-11-27,Yaounde_peri,2016,11,332,47,20.86,44.36,133.14,536.1500000000001,1.0691384542061118,0.42166666666666686,25.3,equatorial
16.45,23.46,26.37,21.28,91.03,4.06,1.36,2.08,0.72,0.75,2016-11-28,Yaounde_peri,2016,11,333,48,17.96,48.42,124.78,536.28,1.068204212206778,-0.6743333333333368,25.3,equatorial
19.32,24.26,28.45,20.9,84.54,0.78,1.33,3.99,0.72,0.73,2016-11-29,Yaounde_peri,2016,11,334,48,17.47,49.199999999999996,117.11,534.92,1.059186662006309,0.0940000000000012,25.3,equatorial
16.78,24.41,28.91,20.86,85.61,0.78,1.44,4.29,0.71,0.73,2016-11-30,Yaounde_peri,2016,11,335,48,16.3,49.98,106.92,530.95,1.036031414956177,0.23499999999999943,25.3,equatorial
13.66,24.54,27.95,21.93,85.46,1.09,1.0,2.86,0.71,0.73,2016-12-01,Yaounde_peri,2016,12,336,48,14.2,45.4,96.69999999999999,528.68,1.0221773045149636,0.31633333333333624,25.01,equatorial
19.21,24.47,28.5,21.03,83.19,0.02,1.32,4.01,0.71,0.72,2016-12-02,Yaounde_peri,2016,12,337,48,12.040000000000001,38.94,89.33,525.85,1.0053258972056092,0.22233333333333505,24.54,equatorial
11.75,24.18,27.7,21.03,84.88,0.0,1.18,3.0,0.7,0.72,2016-12-03,Yaounde_peri,2016,12,338,48,9.72,34.9,79.16,516.2900000000001,0.9519815722778924,-0.09366666666666745,24.54,equatorial
14.5,23.18,24.83,21.62,92.82,0.0,1.01,0.77,0.7,0.72,2016-12-04,Yaounde_peri,2016,12,339,48,6.7299999999999995,27.59,78.15,497.26,0.8473270907499425,-1.0696666666666665,24.54,equatorial
16.73,23.84,27.2,20.96,83.91,0.0,1.08,2.72,0.7,0.72,2016-12-05,Yaounde_peri,2016,12,340,49,2.67,20.630000000000003,74.29,489.51,0.8041791017911505,-0.3940000000000019,24.54,equatorial
16.56,24.35,28.96,20.72,81.28,0.0,1.12,4.23,0.7,0.71,2016-12-06,Yaounde_peri,2016,12,341,49,1.8900000000000001,19.36,67.01,486.71,0.7880202310683435,0.10066666666667246,24.54,equatorial
14.71,24.12,28.14,20.94,85.73,1.23,1.39,3.75,0.7,0.71,2016-12-07,Yaounde_peri,2016,12,342,49,2.34,18.64,64.3,484.58000000000004,0.7755344364287711,-0.129999999999999,24.54,equatorial
9.84,23.59,27.27,21.08,88.71,2.37,1.24,2.54,0.7,0.72,2016-12-08,Yaounde_peri,2016,12,343,49,3.62,17.82,64.85,482.33000000000004,0.762418321537345,-0.6350000000000016,24.47,equatorial
21.43,24.19,28.32,21.05,84.5,0.37,1.37,3.4,0.7,0.71,2016-12-09,Yaounde_peri,2016,12,344,49,3.97,16.01,62.38,479.38,0.7455156497148027,-0.011666666666666714,24.35,equatorial
15.96,24.04,27.79,21.0,84.09,1.57,1.18,3.13,0.7,0.71,2016-12-10,Yaounde_peri,2016,12,345,49,5.54,15.26,59.89,475.47,0.7234142952213646,-0.14499999999999957,24.35,equatorial
15.88,24.3,28.89,19.68,79.8,0.97,1.72,4.85,0.69,0.71,2016-12-11,Yaounde_peri,2016,12,346,49,6.51,13.24,57.660000000000004,462.84999999999997,0.6539070013707275,0.09300000000000352,24.35,equatorial
16.54,24.4,28.7,20.41,78.85,0.53,1.19,4.3,0.69,0.71,2016-12-12,Yaounde_peri,2016,12,347,50,7.04,9.709999999999999,58.13,455.54,0.6134168408327323,0.16233333333332922,24.4,equatorial
15.84,24.23,29.02,20.16,81.41,0.29,1.56,4.18,0.69,0.7,2016-12-13,Yaounde_peri,2016,12,348,50,7.33,9.22,58.42,453.68,0.6026841992458634,-0.011333333333332973,24.4,equatorial
18.25,23.81,27.93,20.98,85.43,0.13,1.08,2.75,0.68,0.7,2016-12-14,Yaounde_peri,2016,12,349,50,6.2299999999999995,8.57,58.55,447.5,0.568397858605284,-0.4106666666666676,24.4,equatorial
16.95,24.25,28.62,20.68,82.65,0.25,1.03,4.0,0.68,0.7,2016-12-15,Yaounde_peri,2016,12,350,50,4.11,7.73,58.8,442.10999999999996,0.5384540425562714,0.02499999999999858,24.4,equatorial
12.18,24.03,27.67,20.66,82.8,0.54,1.34,3.26,0.68,0.7,2016-12-16,Yaounde_peri,2016,12,351,50,4.279999999999999,8.25,59.339999999999996,435.1,0.49968714418938315,-0.19766666666666666,24.4,equatorial
17.39,24.32,29.19,19.92,81.6,0.0,1.88,4.32,0.68,0.69,2016-12-17,Yaounde_peri,2016,12,352,50,2.71,8.25,53.669999999999995,431.67,0.48050946296318153,0.0936666666666639,24.4,equatorial
17.37,24.28,29.67,20.13,78.92,0.0,2.22,5.15,0.67,0.69,2016-12-18,Yaounde_peri,2016,12,353,50,1.74,8.25,47.19,425.29,0.44521498679405314,0.054000000000002046,24.4,equatorial
18.75,23.96,29.52,19.39,75.21,0.0,1.45,4.99,0.67,0.68,2016-12-19,Yaounde_peri,2016,12,354,51,1.21,8.25,43.15,415.8,0.39292403950496996,-0.2506666666666675,24.32,equatorial
18.67,23.1,29.22,17.18,73.73,0.0,2.09,4.83,0.66,0.68,2016-12-20,Yaounde_peri,2016,12,355,51,0.9199999999999999,8.25,35.839999999999996,411.15999999999997,0.36720697809871405,-1.064666666666664,24.32,equatorial
18.63,24.18,29.45,19.19,70.95,0.0,1.56,4.65,0.66,0.67,2016-12-21,Yaounde_peri,2016,12,356,51,0.79,7.02,28.88,408.12,0.3502647355411539,-0.0086666666666666,24.32,equatorial
16.36,24.98,29.87,20.27,76.22,0.07,1.28,4.65,0.66,0.67,2016-12-22,Yaounde_peri,2016,12,357,51,0.6100000000000001,4.72,27.68,405.51,0.33568567241737124,0.7710000000000008,24.98,equatorial
18.11,25.3,30.39,20.16,74.69,0.19,1.61,4.76,0.66,0.67,2016-12-23,Yaounde_peri,2016,12,358,51,0.26,4.54,25.919999999999998,402.21,0.3173267349404879,1.067333333333334,25.3,equatorial
17.94,24.84,29.29,21.27,83.09,0.14,1.7,4.08,0.65,0.67,2016-12-24,Yaounde_peri,2016,12,359,51,0.4,3.11,22.869999999999997,391.90999999999997,0.26055114611959984,0.6226666666666674,25.3,equatorial
19.78,24.83,29.04,21.28,77.04,0.18,1.66,4.29,0.65,0.67,2016-12-25,Yaounde_peri,2016,12,360,51,0.5800000000000001,2.32,20.869999999999997,383.2,0.2125183895650371,0.618666666666666,25.3,equatorial
14.49,23.55,27.08,20.83,74.75,0.2,1.75,3.54,0.65,0.67,2016-12-26,Yaounde_peri,2016,12,361,52,0.78,1.99,18.75,379.67,0.19296306104572572,-0.6343333333333305,25.3,equatorial
15.0,22.82,26.77,18.37,67.91,0.03,1.71,3.28,0.65,0.66,2016-12-27,Yaounde_peri,2016,12,362,52,0.81,1.73,15.79,375.73,0.17115471754838682,-1.3069999999999986,25.3,equatorial
17.34,23.65,28.54,19.45,68.54,0.37,1.18,3.52,0.65,0.66,2016-12-28,Yaounde_peri,2016,12,363,52,1.1800000000000002,1.9700000000000002,12.100000000000001,369.12,0.1346523634108491,-0.4833333333333343,25.3,equatorial
15.67,23.75,28.45,19.22,63.66,0.22,1.57,4.56,0.65,0.66,2016-12-29,Yaounde_peri,2016,12,364,52,1.33,1.9400000000000002,11.540000000000001,360.66999999999996,0.08801704690780049,-0.3663333333333334,25.3,equatorial
17.87,23.73,28.87,18.19,68.0,0.46,1.25,4.15,0.65,0.66,2016-12-30,Yaounde_peri,2016,12,365,52,1.6,1.86,11.22,356.11,0.06282302140771193,-0.3636666666666635,24.84,equatorial
18.61,23.95,29.37,19.2,76.29,1.02,1.24,4.26,0.64,0.66,2016-12-31,Yaounde_peri,2016,12,366,52,2.48,2.88,11.15,353.0,0.045626713553097414,-0.12400000000000233,24.83,equatorial
18.76,24.24,29.77,19.46,75.77,0.03,1.34,4.21,0.64,0.65,2017-01-01,Yaounde_peri,2017,1,1,52,2.33,2.91,11.16,352.02000000000004,0.04018660691170803,0.17366666666666575,24.24,equatorial
18.96,24.6,29.71,19.0,66.57,0.0,1.09,4.82,0.64,0.65,2017-01-02,Yaounde_peri,2017,1,2,1,2.13,2.91,11.16,350.52000000000004,0.031874561264442235,0.5196666666666694,24.6,equatorial
20.67,23.99,30.06,17.62,64.95,0.0,1.93,5.2,0.63,0.64,2017-01-03,Yaounde_peri,2017,1,3,1,2.1,2.91,11.16,344.01000000000005,-0.00412705670626948,-0.11733333333333462,24.6,equatorial
19.51,24.17,29.89,18.61,65.33,0.0,0.98,4.62,0.63,0.64,2017-01-04,Yaounde_peri,2017,1,4,1,1.7300000000000002,2.91,11.16,342.78000000000003,-0.010926950064728264,0.051666666666669414,24.6,equatorial
19.73,24.39,29.89,20.51,78.5,0.0,1.36,4.23,0.63,0.64,2017-01-05,Yaounde_peri,2017,1,5,1,1.51,2.8400000000000003,11.16,342.09000000000003,-0.014738285858710645,0.2703333333333333,24.6,equatorial
20.49,24.86,29.78,20.68,77.46,0.23,1.14,3.93,0.62,0.63,2017-01-06,Yaounde_peri,2017,1,6,1,1.28,2.8800000000000003,10.16,338.95,-0.03211821808143778,0.7156666666666638,24.86,equatorial
17.58,24.58,29.5,20.93,81.19,0.55,1.29,3.79,0.62,0.63,2017-01-07,Yaounde_peri,2017,1,7,1,0.81,3.29,8.34,337.03,-0.04273700150656228,0.40266666666666495,24.86,equatorial
18.47,23.65,26.98,21.05,83.42,0.39,1.45,2.15,0.62,0.64,2017-01-08,Yaounde_peri,2017,1,8,1,1.17,3.5,8.36,333.65,-0.06145251793563859,-0.5093333333333341,24.86,equatorial
20.85,23.88,30.3,18.95,69.22,0.19,1.73,5.05,0.62,0.63,2017-01-09,Yaounde_peri,2017,1,9,2,1.36,3.4899999999999998,6.9799999999999995,330.51,-0.07883607249371102,-0.2740000000000009,24.86,equatorial
19.37,22.81,28.75,18.07,81.3,0.27,1.6,3.42,0.62,0.63,2017-01-10,Yaounde_peri,2017,1,10,2,1.6300000000000001,3.73,6.28,327.36,-0.09627496973828142,-1.2943333333333342,24.86,equatorial
18.33,23.89,29.02,19.89,84.21,0.01,2.1,3.78,0.62,0.63,2017-01-11,Yaounde_peri,2017,1,11,2,1.6400000000000001,3.37,5.76,318.28000000000003,-0.1466650990955184,-0.19733333333333292,24.86,equatorial
13.79,23.68,27.7,21.13,84.02,0.0,1.96,2.88,0.62,0.63,2017-01-12,Yaounde_peri,2017,1,12,2,1.6400000000000001,3.1500000000000004,5.470000000000001,313.49,-0.17319838293604672,-0.3890000000000029,24.86,equatorial
17.8,24.14,29.17,20.46,83.83,0.0,1.61,3.46,0.61,0.62,2017-01-13,Yaounde_peri,2017,1,13,2,1.4100000000000001,2.6900000000000004,5.34,308.01,-0.20356860206472457,0.060000000000002274,24.58,equatorial
19.98,24.9,30.4,20.65,79.83,0.0,1.12,4.01,0.61,0.62,2017-01-14,Yaounde_peri,2017,1,14,2,0.86,1.6700000000000002,5.09,304.67,-0.22202141977476625,0.798333333333332,24.9,equatorial
17.04,25.2,30.13,21.04,79.77,0.0,1.14,3.91,0.61,0.62,2017-01-15,Yaounde_peri,2017,1,15,2,0.47000000000000003,1.6400000000000001,4.550000000000001,298.02,-0.2589111102385655,1.0593333333333312,25.2,equatorial
16.63,24.86,29.42,21.96,84.16,0.0,1.33,2.79,0.61,0.62,2017-01-16,Yaounde_peri,2017,1,16,3,0.28,1.6400000000000001,4.550000000000001,287.01,-0.32009592043615237,0.7013333333333343,25.2,equatorial
19.8,25.1,30.5,21.34,80.21,0.0,1.51,3.89,0.61,0.61,2017-01-17,Yaounde_peri,2017,1,17,3,0.01,1.6400000000000001,4.550000000000001,276.42,-0.37891977850583547,0.9140000000000015,25.2,equatorial
16.92,24.51,29.34,21.41,84.8,0.0,1.66,3.11,0.6,0.61,2017-01-18,Yaounde_peri,2017,1,18,3,0.0,1.6400000000000001,4.550000000000001,246.99,-0.5428233696404003,0.3056666666666672,25.2,equatorial
17.8,24.9,30.03,21.09,82.5,0.0,1.55,3.59,0.6,0.61,2017-01-19,Yaounde_peri,2017,1,19,3,0.0,1.6400000000000001,4.550000000000001,233.03,-0.6202567681257655,0.6356666666666619,25.2,equatorial
16.57,24.75,29.03,21.47,84.19,0.0,1.41,2.59,0.6,0.61,2017-01-20,Yaounde_peri,2017,1,20,3,0.0,1.4100000000000001,4.550000000000001,227.49,-0.6506091372157446,0.466666666666665,25.2,equatorial
17.33,24.75,28.9,21.57,86.02,0.0,1.4,2.43,0.6,0.61,2017-01-21,Yaounde_peri,2017,1,21,3,0.0,0.86,4.48,212.25,-0.7350820727788264,0.47433333333333394,25.2,equatorial
18.33,24.41,27.84,22.02,88.26,0.0,2.03,1.98,0.6,0.62,2017-01-22,Yaounde_peri,2017,1,22,3,0.0,0.47000000000000003,4.29,201.06,-0.7968128719703392,0.16400000000000148,25.1,equatorial
8.92,23.49,26.41,21.79,90.64,0.0,1.66,1.33,0.6,0.62,2017-01-23,Yaounde_peri,2017,1,23,4,0.0,0.28,4.15,182.88,-0.8974603794949456,-0.7110000000000021,25.1,equatorial
17.24,23.73,27.62,21.49,87.76,0.0,2.4,2.4,0.6,0.61,2017-01-24,Yaounde_peri,2017,1,24,4,0.0,0.01,3.97,169.76000000000002,-0.9696328005186832,-0.4343333333333348,24.9,equatorial
16.65,24.31,29.12,20.33,83.92,0.0,2.0,3.41,0.6,0.61,2017-01-25,Yaounde_peri,2017,1,25,4,0.0,0.0,3.7700000000000005,162.22,-1.0104755145698043,0.12033333333333474,24.9,equatorial
16.66,24.75,28.89,21.49,83.63,2.44,1.57,2.96,0.6,0.62,2017-01-26,Yaounde_peri,2017,1,26,4,2.44,2.44,6.18,155.11,-1.048806767655961,0.49599999999999866,24.75,equatorial
16.24,24.21,28.28,21.27,86.23,0.88,1.77,2.73,0.6,0.62,2017-01-27,Yaounde_peri,2017,1,27,4,3.32,3.32,6.69,143.57,-1.11173923160221,-0.0626666666666651,24.75,equatorial
17.09,24.24,28.87,21.11,85.57,0.8,2.17,3.23,0.6,0.62,2017-01-28,Yaounde_peri,2017,1,28,4,4.12,4.12,7.2700000000000005,135.92000000000002,-1.1527677584483083,-0.04899999999999949,24.75,equatorial
17.97,24.25,28.74,21.05,85.57,1.27,1.91,3.24,0.6,0.62,2017-01-29,Yaounde_peri,2017,1,29,4,5.390000000000001,5.390000000000001,8.08,126.22,-1.2050777254167826,-0.05633333333333468,24.75,equatorial
17.13,24.98,29.94,21.17,81.35,0.66,1.35,3.7,0.6,0.61,2017-01-30,Yaounde_peri,2017,1,30,5,6.05,6.05,7.72,115.57000000000001,-1.2624755198940503,0.6393333333333331,24.98,equatorial
13.16,24.27,28.11,21.4,84.54,0.77,1.59,2.61,0.6,0.61,2017-01-31,Yaounde_peri,2017,1,31,5,6.82,6.82,8.46,108.95,-1.2971902045127264,-0.07166666666666544,24.98,equatorial
18.32,24.8,30.53,20.9,79.18,0.29,1.53,4.01,0.6,0.61,2017-02-01,Yaounde_peri,2017,2,32,5,7.11,7.11,8.75,99.07,-1.3498888371865956,0.451666666666668,24.98,equatorial
19.01,25.06,30.8,21.05,80.4,0.36,1.87,4.5,0.59,0.6,2017-02-02,Yaounde_peri,2017,2,33,5,5.029999999999999,7.47,9.110000000000001,98.42,-1.3510127438471105,0.6759999999999984,25.06,equatorial
18.76,25.0,30.32,21.13,81.08,0.28,1.56,3.95,0.59,0.6,2017-02-03,Yaounde_peri,2017,2,34,5,4.43,7.75,9.39,94.83999999999999,-1.3684162858337956,0.5883333333333312,25.06,equatorial
19.14,25.57,30.71,21.24,76.44,0.4,1.46,4.26,0.59,0.59,2017-02-04,Yaounde_peri,2017,2,35,5,4.03,8.15,9.790000000000001,87.96,-1.4040611758935015,1.1189999999999998,25.57,equatorial
18.64,25.37,31.22,21.13,75.33,0.84,1.47,4.45,0.58,0.59,2017-02-05,Yaounde_peri,2017,2,36,5,3.6,8.99,10.4,84.86,-1.4185471991774419,0.902000000000001,25.57,equatorial
19.86,25.07,30.83,21.31,80.03,0.4,1.82,3.98,0.58,0.59,2017-02-06,Yaounde_peri,2017,2,37,6,3.34,9.39,10.25,83.44,-1.4236428585163157,0.5856666666666683,25.57,equatorial
18.46,24.74,29.72,21.48,82.59,0.46,2.51,3.57,0.58,0.58,2017-02-07,Yaounde_peri,2017,2,38,6,3.03,9.85,10.32,81.06,-1.434032876819307,0.21933333333333138,25.57,equatorial
19.48,24.7,30.16,21.09,81.63,0.54,1.99,3.76,0.58,0.58,2017-02-08,Yaounde_peri,2017,2,39,6,3.2800000000000002,10.39,10.67,77.53999999999999,-1.4506808426862523,0.15200000000000102,25.57,equatorial
19.32,24.84,30.16,21.1,82.23,0.45,2.14,3.41,0.57,0.58,2017-02-09,Yaounde_peri,2017,2,40,6,3.37,8.4,10.85,74.78999999999999,-1.4629788041749208,0.22433333333333394,25.57,equatorial
18.45,25.08,30.92,21.39,80.55,0.61,2.02,3.87,0.57,0.58,2017-02-10,Yaounde_peri,2017,2,41,6,3.7,8.13,11.450000000000001,75.34,-1.4569664185847322,0.42466666666666697,25.57,equatorial
17.5,25.11,30.93,21.24,80.74,0.61,2.0,3.92,0.57,0.58,2017-02-11,Yaounde_peri,2017,2,42,6,3.91,7.94,12.06,75.95,-1.4506571727129678,0.40700000000000003,25.37,equatorial
19.75,25.37,30.89,21.61,80.43,0.39,2.1,3.77,0.57,0.57,2017-02-12,Yaounde_peri,2017,2,43,6,3.46,7.06,12.450000000000001,76.34,-1.4455984626615301,0.6259999999999977,25.37,equatorial
19.81,25.9,32.86,21.17,77.21,0.46,1.63,4.55,0.56,0.57,2017-02-13,Yaounde_peri,2017,2,44,7,3.5200000000000005,6.86,12.91,76.80000000000001,-1.4401824755143429,1.1226666666666638,25.9,equatorial
19.31,26.09,32.33,21.55,72.68,0.34,1.55,4.29,0.56,0.56,2017-02-14,Yaounde_peri,2017,2,45,7,3.4000000000000004,6.43,13.25,77.14,-1.435458726405309,1.2829999999999977,26.09,equatorial
16.73,25.19,30.05,22.01,80.18,0.54,1.94,3.09,0.56,0.56,2017-02-15,Yaounde_peri,2017,2,46,7,3.4000000000000004,6.68,13.790000000000001,72.01,-1.4608988381512211,0.37200000000000344,26.09,equatorial
15.65,24.08,27.92,21.78,83.65,0.35,2.13,2.24,0.56,0.57,2017-02-16,Yaounde_peri,2017,2,47,7,3.3000000000000003,6.670000000000001,14.14,65.88,-1.4917032095843517,-0.7040000000000006,26.09,equatorial
10.85,23.71,27.27,21.4,82.35,0.53,1.17,1.72,0.56,0.57,2017-02-17,Yaounde_peri,2017,2,48,7,3.22,6.920000000000001,14.67,62.370000000000005,-1.5079228123604,-1.0473333333333308,26.09,equatorial
21.63,24.48,30.21,20.32,68.93,0.05,1.42,3.56,0.56,0.56,2017-02-18,Yaounde_peri,2017,2,49,7,2.66,6.57,14.72,55.11,-1.5446506083029174,-0.26333333333333186,26.09,equatorial
19.67,24.35,30.24,19.8,77.16,0.21,1.39,3.54,0.56,0.56,2017-02-19,Yaounde_peri,2017,2,50,7,2.4800000000000004,5.94,14.93,48.36,-1.5783524477572433,-0.379999999999999,26.09,equatorial
19.47,25.11,31.31,20.9,77.49,0.02,1.62,3.71,0.55,0.56,2017-02-20,Yaounde_peri,2017,2,51,8,2.04,5.56,14.950000000000001,47.11000000000001,-1.5816875192529842,0.36799999999999855,26.09,equatorial
19.54,25.6,32.0,20.91,73.39,0.0,1.56,3.83,0.55,0.55,2017-02-21,Yaounde_peri,2017,2,52,8,1.7,5.1,14.950000000000001,45.160000000000004,-1.588836118970993,0.8183333333333316,25.6,equatorial
19.42,25.59,32.3,21.03,77.76,0.0,1.57,3.64,0.55,0.55,2017-02-22,Yaounde_peri,2017,2,53,8,1.16,4.56,14.950000000000001,41.970000000000006,-1.6027237050977468,0.7383333333333333,25.6,equatorial
19.03,25.86,31.63,21.76,78.03,0.0,1.93,3.51,0.54,0.54,2017-02-23,Yaounde_peri,2017,2,54,8,0.81,4.109999999999999,14.950000000000001,39.790000000000006,-1.6110009525543576,0.9373333333333349,25.86,equatorial
16.98,26.12,32.15,21.71,74.21,0.0,1.39,3.57,0.54,0.54,2017-02-24,Yaounde_peri,2017,2,55,8,0.28,3.5000000000000004,14.950000000000001,37.470000000000006,-1.6199885399430258,1.1370000000000005,26.12,equatorial
19.78,25.65,31.45,21.61,76.65,0.08,1.63,3.39,0.54,0.54,2017-02-25,Yaounde_peri,2017,2,56,8,0.31000000000000005,2.97,12.590000000000002,34.56,-1.6321342715731897,0.6370000000000005,26.12,equatorial
16.89,25.48,31.09,21.6,77.29,0.16,1.58,3.23,0.54,0.54,2017-02-26,Yaounde_peri,2017,2,57,8,0.26,2.7399999999999998,11.870000000000001,30.660000000000004,-1.649590767753377,0.42466666666666697,26.12,equatorial
18.73,25.69,31.77,21.47,76.67,0.11,1.99,3.58,0.54,0.53,2017-02-27,Yaounde_peri,2017,2,58,9,0.35000000000000003,2.39,11.180000000000001,29.990000000000002,-1.6493528774278507,0.5863333333333358,26.12,equatorial
18.58,25.46,31.47,20.98,77.61,0.07,1.88,3.12,0.53,0.53,2017-02-28,Yaounde_peri,2017,2,59,9,0.42000000000000004,2.12,9.98,29.28,-1.6493347122693747,0.3160000000000025,26.12,equatorial
16.1,25.71,31.51,21.5,76.53,0.12,1.91,3.17,0.53,0.53,2017-03-01,Yaounde_peri,2017,3,60,9,0.54,1.7,9.44,28.31,-1.6507289421665823,0.5416666666666679,26.12,equatorial
19.24,26.15,32.19,21.4,75.58,0.01,1.63,3.39,0.53,0.53,2017-03-02,Yaounde_peri,2017,3,61,9,0.55,1.36,8.68,28.3,-1.646907859865551,0.9190000000000005,26.15,equatorial
17.42,25.57,30.44,22.55,79.9,0.0,2.0,2.36,0.53,0.53,2017-03-03,Yaounde_peri,2017,3,62,9,0.55,0.8300000000000001,8.39,28.3,-1.6430594071899778,0.3133333333333326,26.15,equatorial
18.05,25.65,31.09,21.86,79.37,0.0,1.7,2.65,0.53,0.53,2017-03-04,Yaounde_peri,2017,3,63,9,0.47000000000000003,0.78,8.03,28.3,-1.639237816790008,0.37366666666666504,26.15,equatorial
16.03,25.11,29.17,22.08,82.17,0.0,1.64,1.9,0.53,0.53,2017-03-05,Yaounde_peri,2017,3,64,9,0.31000000000000005,0.5700000000000001,7.750000000000001,28.3,-1.6354427776013714,-0.16999999999999815,26.15,equatorial
16.43,24.73,28.51,22.27,84.35,0.0,2.33,1.67,0.53,0.53,2017-03-06,Yaounde_peri,2017,3,65,10,0.19999999999999998,0.55,7.3500000000000005,28.3,-1.6316739835794758,-0.522000000000002,26.15,equatorial
14.63,23.97,27.63,21.46,87.25,5.02,2.05,2.17,0.53,0.57,2017-03-07,Yaounde_peri,2017,3,66,10,5.1499999999999995,5.569999999999999,11.530000000000001,32.09,-1.607481556444038,-1.2353333333333367,26.15,equatorial
20.15,25.17,30.75,21.45,81.1,3.53,1.78,3.76,0.54,0.57,2017-03-08,Yaounde_peri,2017,3,67,10,8.559999999999999,9.1,14.66,33.25,-1.5976239906275818,-0.038666666666664185,26.15,equatorial
19.09,24.74,28.8,21.92,85.69,6.08,2.19,2.98,0.55,0.59,2017-03-09,Yaounde_peri,2017,3,68,10,14.629999999999999,15.18,20.28,38.959999999999994,-1.5633218053796059,-0.46866666666666745,25.65,equatorial
15.62,24.22,28.09,21.97,86.69,2.59,2.08,2.74,0.55,0.58,2017-03-10,Yaounde_peri,2017,3,69,10,17.22,17.77,22.330000000000002,39.98,-1.5544718429504523,-0.9726666666666723,25.65,equatorial
14.94,23.91,27.43,21.51,87.78,4.35,1.98,2.57,0.56,0.59,2017-03-11,Yaounde_peri,2017,3,70,10,21.57,22.04,26.229999999999997,43.36,-1.5329842554576516,-1.2516666666666687,25.17,equatorial
19.18,24.05,28.06,21.36,84.34,3.99,1.96,3.38,0.56,0.6,2017-03-12,Yaounde_peri,2017,3,71,10,25.56,25.87,29.61,46.81999999999999,-1.5111927527835112,-1.077333333333332,25.17,equatorial
18.9,25.14,30.61,21.41,79.09,2.83,1.24,4.0,0.56,0.58,2017-03-13,Yaounde_peri,2017,3,72,11,28.39,28.589999999999996,31.83,49.36,-1.4944663428335019,0.011666666666670267,25.17,equatorial
17.46,24.35,28.23,21.69,87.34,8.36,1.64,2.95,0.58,0.63,2017-03-14,Yaounde_peri,2017,3,73,11,31.729999999999997,36.879999999999995,39.8,57.59,-1.4472931944285845,-0.74433333333333,25.17,equatorial
19.06,23.73,27.06,21.72,90.05,2.64,2.21,2.36,0.58,0.6,2017-03-15,Yaounde_peri,2017,3,74,11,30.839999999999996,39.4,41.98,59.980000000000004,-1.4316935719299206,-1.291999999999998,25.14,equatorial
18.81,24.01,28.31,21.19,86.63,1.8,1.69,2.82,0.58,0.6,2017-03-16,Yaounde_peri,2017,3,75,11,26.56,41.190000000000005,43.440000000000005,61.24,-1.4222328387093066,-0.9426666666666641,25.14,equatorial
18.56,24.77,29.84,21.32,85.3,3.31,1.91,3.91,0.58,0.6,2017-03-17,Yaounde_peri,2017,3,76,11,27.28,44.5,46.21,64.55,-1.4018361244680981,-0.16866666666666674,25.14,equatorial
17.6,25.65,30.69,21.59,82.57,4.13,1.39,4.26,0.58,0.61,2017-03-18,Yaounde_peri,2017,3,77,11,27.06,48.63,49.99,68.68,-1.3771473527613702,0.6589999999999989,25.65,equatorial
12.92,25.73,30.91,22.21,83.28,5.61,1.66,4.59,0.58,0.62,2017-03-19,Yaounde_peri,2017,3,78,11,28.68,54.24,55.07,74.29,-1.3446508072262942,0.6716666666666669,25.73,equatorial
14.25,24.53,27.95,22.47,88.08,4.09,1.61,2.56,0.58,0.62,2017-03-20,Yaounde_peri,2017,3,79,12,29.94,58.33,59.11,78.38,-1.3204338371473066,-0.5300000000000011,25.73,equatorial
14.9,25.13,29.69,21.94,86.52,6.89,1.56,3.77,0.58,0.63,2017-03-21,Yaounde_peri,2017,3,80,12,28.47,60.199999999999996,65.79,85.27,-1.2813403618859462,0.04399999999999693,25.73,equatorial
14.04,23.5,25.9,21.71,91.08,4.16,3.19,2.35,0.59,0.63,2017-03-22,Yaounde_peri,2017,3,81,12,29.990000000000002,60.83,69.93,89.36,-1.25738126462248,-1.5323333333333338,25.73,equatorial
12.17,23.81,27.81,21.02,86.67,1.11,2.06,3.15,0.59,0.6,2017-03-23,Yaounde_peri,2017,3,82,12,29.3,55.86,71.04,90.28,-1.250467624130988,-1.1626666666666665,25.73,equatorial
20.01,24.83,29.33,21.74,85.24,1.48,1.27,3.48,0.59,0.6,2017-03-24,Yaounde_peri,2017,3,83,12,27.470000000000002,54.74999999999999,72.52000000000001,91.61999999999999,-1.241337014937616,-0.11733333333333817,25.73,equatorial
18.93,24.49,27.82,21.85,87.58,1.65,1.48,2.32,0.58,0.6,2017-03-25,Yaounde_peri,2017,3,84,12,24.99,52.050000000000004,74.17,93.09,-1.231547774420858,-0.41166666666666885,25.73,equatorial
18.83,24.61,28.33,21.94,88.53,2.88,1.54,2.67,0.58,0.61,2017-03-26,Yaounde_peri,2017,3,85,12,22.259999999999998,50.94,77.05000000000001,95.77,-1.2153316568133634,-0.24133333333333695,25.13,equatorial
16.11,24.5,27.74,22.35,91.09,18.67,1.85,2.84,0.61,0.69,2017-03-27,Yaounde_peri,2017,3,86,13,36.84,66.78,95.63999999999999,114.41,-1.1139054784262046,-0.3130000000000024,25.13,equatorial
15.98,24.58,28.35,21.83,88.34,1.76,1.13,2.56,0.61,0.63,2017-03-28,Yaounde_peri,2017,3,87,13,31.71,60.18,97.24,115.8,-1.1049540567340848,-0.20300000000000296,24.83,equatorial
22.09,25.3,29.51,21.51,82.41,0.25,1.57,3.41,0.61,0.62,2017-03-29,Yaounde_peri,2017,3,88,13,27.8,57.79,97.38,115.83,-1.1032966395076427,0.5300000000000011,25.3,equatorial
18.96,24.65,28.47,21.73,87.34,3.01,1.64,3.07,0.6,0.62,2017-03-30,Yaounde_peri,2017,3,89,13,29.7,59.0,100.32000000000001,118.38000000000001,-1.0881841408297972,-0.09300000000000352,25.3,equatorial
20.23,23.95,26.5,21.83,90.72,4.4,1.23,1.96,0.6,0.64,2017-03-31,Yaounde_peri,2017,3,90,13,32.62,60.09,104.6,121.75999999999999,-1.0686827180532243,-0.734333333333332,25.3,equatorial
21.11,24.89,29.4,21.73,86.7,8.17,1.16,3.26,0.61,0.66,2017-04-01,Yaounde_peri,2017,4,91,13,39.14,64.13,112.75999999999999,129.9,-1.0238080187785266,0.24766666666666737,25.3,equatorial
20.39,25.59,29.81,22.17,80.98,4.02,1.33,4.46,0.61,0.65,2017-04-02,Yaounde_peri,2017,4,92,13,40.28,62.54,116.78,133.92000000000002,-1.001058213196854,0.9470000000000027,25.59,equatorial
14.25,24.75,29.02,21.37,83.38,3.62,1.76,4.0,0.61,0.64,2017-04-03,Yaounde_peri,2017,4,93,14,25.229999999999997,62.07,120.39999999999999,137.54000000000002,-0.980501584496336,0.13700000000000045,25.59,equatorial
21.33,25.24,30.64,20.22,79.95,2.8,1.35,5.66,0.6,0.63,2017-04-04,Yaounde_peri,2017,4,94,14,26.269999999999996,57.980000000000004,123.19999999999999,140.34,-0.9643753251894323,0.6226666666666674,25.59,equatorial
20.38,24.28,27.45,21.91,90.52,12.77,1.6,2.87,0.61,0.68,2017-04-05,Yaounde_peri,2017,4,95,14,38.78999999999999,66.59,135.97,153.11,-0.8950014769411481,-0.32233333333332936,25.59,equatorial
8.05,24.25,27.53,22.01,87.31,13.71,1.76,3.67,0.63,0.7,2017-04-06,Yaounde_peri,2017,4,96,14,49.489999999999995,79.19,144.66000000000003,166.59,-0.8219595990612958,-0.3616666666666646,25.59,equatorial
20.87,25.08,30.08,20.64,81.17,0.7,1.31,5.78,0.63,0.64,2017-04-07,Yaounde_peri,2017,4,97,14,45.79,78.41,141.83,166.74,-0.8203261618001988,0.4713333333333303,25.59,equatorial
20.28,25.41,30.03,21.32,82.92,2.39,1.19,5.01,0.62,0.64,2017-04-08,Yaounde_peri,2017,4,98,14,40.01,79.15,138.14,168.73999999999998,-0.8088006443432101,0.7790000000000035,25.59,equatorial
14.52,24.65,27.83,22.3,89.54,10.12,1.8,3.38,0.62,0.68,2017-04-09,Yaounde_peri,2017,4,99,14,46.10999999999999,86.38999999999999,145.67,178.67,-0.7548621040836501,0.004666666666668817,25.41,equatorial
17.85,24.73,28.11,21.95,88.08,4.5,1.39,3.42,0.63,0.66,2017-04-10,Yaounde_peri,2017,4,100,15,46.989999999999995,72.22,145.82,182.9,-0.731507457645795,0.0573333333333359,25.41,equatorial
17.85,24.57,28.01,21.87,89.88,5.27,1.71,3.49,0.63,0.66,2017-04-11,Yaounde_peri,2017,4,101,15,49.459999999999994,75.73,147.1,188.16,-0.702667758025305,-0.120000000000001,25.41,equatorial
19.0,24.57,28.41,21.96,89.41,4.15,2.33,3.95,0.63,0.65,2017-04-12,Yaounde_peri,2017,4,102,15,40.839999999999996,79.63,148.42000000000002,192.31,-0.6798082086904427,-0.10099999999999909,25.41,equatorial
14.25,23.72,26.4,21.42,91.8,11.96,1.92,2.96,0.62,0.68,2017-04-13,Yaounde_peri,2017,4,103,15,39.089999999999996,88.58,152.01999999999998,204.26999999999998,-0.6151201643633648,-0.9299999999999997,25.41,equatorial
20.29,24.51,28.19,21.48,86.06,4.5,1.14,4.73,0.64,0.67,2017-04-14,Yaounde_peri,2017,4,104,15,42.89,88.68,153.88,208.76999999999998,-0.5904862207242817,-0.16599999999999682,25.41,equatorial
17.35,23.99,27.18,21.28,90.64,8.48,1.17,3.17,0.64,0.68,2017-04-15,Yaounde_peri,2017,4,105,15,48.98,88.99000000000001,160.56,217.25,-0.5445238918842756,-0.685333333333336,24.73,equatorial
23.87,24.77,27.96,22.14,86.42,2.67,1.15,3.14,0.64,0.67,2017-04-16,Yaounde_peri,2017,4,106,15,41.53,87.63999999999999,159.92,219.92,-0.5297737464854758,0.09466666666666512,24.77,equatorial
16.08,24.6,27.81,21.47,86.41,37.39,1.06,3.16,0.65,0.74,2017-04-17,Yaounde_peri,2017,4,107,16,74.42,121.41,193.18,257.31,-0.3285910854123483,-0.040333333333329335,24.77,equatorial
18.29,24.46,27.09,22.34,85.67,5.86,1.02,3.03,0.7,0.74,2017-04-18,Yaounde_peri,2017,4,108,16,75.01,124.47000000000001,193.42999999999998,263.17,-0.296885183664292,-0.13800000000000168,24.77,equatorial
23.57,25.13,29.72,21.06,82.75,0.41,1.74,5.06,0.68,0.69,2017-04-19,Yaounde_peri,2017,4,109,16,71.27,112.11,189.75,263.58,-0.2944886351479921,0.5120000000000005,25.13,equatorial
14.52,24.37,27.79,21.81,88.4,0.83,1.25,2.7,0.67,0.68,2017-04-20,Yaounde_peri,2017,4,110,16,60.14,99.23,183.69,264.40999999999997,-0.289833489910289,-0.22266666666666524,25.13,equatorial
18.22,23.97,27.03,21.78,91.3,10.54,1.26,2.88,0.66,0.71,2017-04-21,Yaounde_peri,2017,4,111,16,66.17999999999999,109.07,190.07,274.95,-0.23291390723934066,-0.6383333333333354,25.13,equatorial
18.81,24.14,27.11,21.78,91.46,19.46,1.31,3.11,0.68,0.75,2017-04-22,Yaounde_peri,2017,4,112,16,77.16,126.14,208.42000000000002,294.40999999999997,-0.12795636725255227,-0.47933333333333294,25.13,equatorial
18.2,25.04,29.23,21.95,84.95,3.33,1.15,4.52,0.69,0.72,2017-04-23,Yaounde_peri,2017,4,113,16,77.82,119.35000000000001,210.27,297.74,-0.10993281523139767,0.41366666666666774,25.13,equatorial
16.01,24.82,28.23,22.02,82.4,1.8,1.22,3.97,0.68,0.69,2017-04-24,Yaounde_peri,2017,4,114,17,42.23,116.64999999999999,210.42,299.54,-0.10016043622935664,0.1826666666666661,25.13,equatorial
12.94,24.29,27.77,21.53,85.89,2.84,0.98,4.03,0.67,0.69,2017-04-25,Yaounde_peri,2017,4,115,17,39.209999999999994,114.22,210.38,302.38,-0.08477677031451292,-0.336666666666666,25.13,equatorial
19.3,25.18,29.86,20.99,81.99,0.77,1.48,6.03,0.65,0.67,2017-04-26,Yaounde_peri,2017,4,116,17,39.56999999999999,110.84,192.48000000000002,300.71,-0.0937426249422106,0.5306666666666686,25.18,equatorial
22.49,25.56,29.91,21.35,82.45,1.99,1.22,5.45,0.64,0.66,2017-04-27,Yaounde_peri,2017,4,117,17,40.72999999999999,100.87,192.70999999999998,301.82,-0.08769058596518695,0.8779999999999966,25.56,equatorial
11.46,25.19,29.02,21.93,86.2,5.12,1.16,4.83,0.63,0.67,2017-04-28,Yaounde_peri,2017,4,118,17,35.309999999999995,101.49,197.57999999999998,306.14,-0.06428772719736231,0.5116666666666703,25.56,equatorial
24.51,25.41,29.02,22.41,85.03,2.1,0.98,3.64,0.63,0.66,2017-04-29,Yaounde_peri,2017,4,119,17,17.949999999999992,95.11,196.67,306.97,-0.059760739684106286,0.7063333333333333,25.56,equatorial
17.58,25.06,28.92,21.75,87.84,5.81,1.33,4.15,0.63,0.66,2017-04-30,Yaounde_peri,2017,4,120,17,20.429999999999993,98.25,198.07999999999998,312.12,-0.031855337888246904,0.3193333333333328,25.56,equatorial
18.74,24.19,26.83,22.16,90.59,3.35,1.47,2.59,0.63,0.66,2017-05-01,Yaounde_peri,2017,5,121,18,21.979999999999993,64.21000000000001,193.26000000000002,314.7,-0.0178662255899911,-0.5273333333333348,25.56,equatorial
19.25,24.76,28.47,21.99,86.6,2.87,0.93,3.58,0.63,0.66,2017-05-02,Yaounde_peri,2017,5,122,18,22.00999999999999,61.22,192.10999999999999,317.28,-0.003877108746777356,0.07033333333333402,25.56,equatorial
11.18,24.04,26.68,21.79,88.81,5.99,0.84,2.71,0.64,0.67,2017-05-03,Yaounde_peri,2017,5,123,18,27.229999999999993,66.8,194.48,322.91,0.02664689163883875,-0.6260000000000012,25.56,equatorial
11.3,23.89,27.76,21.17,89.5,3.15,1.34,3.78,0.64,0.66,2017-05-04,Yaounde_peri,2017,5,124,18,28.389999999999993,69.12,194.83,325.78,0.042199452230754546,-0.7309999999999981,25.41,equatorial
17.41,23.93,27.36,21.41,87.3,1.73,1.25,3.41,0.63,0.65,2017-05-05,Yaounde_peri,2017,5,125,18,24.999999999999993,60.31,183.79,327.11,0.04939349879025804,-0.6793333333333358,25.41,equatorial
10.87,23.75,27.09,21.35,89.5,13.97,2.04,4.31,0.64,0.7,2017-05-06,Yaounde_peri,2017,5,126,18,36.86999999999999,54.82,184.04999999999998,340.24,0.12067008754209405,-0.8426666666666698,25.06,equatorial
20.74,24.89,29.49,20.32,82.18,1.37,1.57,5.79,0.65,0.66,2017-05-07,Yaounde_peri,2017,5,127,18,32.42999999999999,52.86,184.72,341.21000000000004,0.12586957851836056,0.30366666666666475,24.89,equatorial
21.3,25.69,29.83,21.62,82.41,4.44,1.28,5.38,0.64,0.66,2017-05-08,Yaounde_peri,2017,5,128,19,33.519999999999996,55.5,186.77,345.19000000000005,0.14743400337790005,1.094333333333335,25.69,equatorial
12.49,24.97,28.05,22.23,88.29,11.03,1.08,3.05,0.64,0.7,2017-05-09,Yaounde_peri,2017,5,129,19,41.67999999999999,63.69,187.68,355.68,0.20441071559287102,0.3636666666666635,25.69,equatorial
14.05,24.77,28.12,22.43,86.9,14.3,1.39,3.75,0.66,0.72,2017-05-10,Yaounde_peri,2017,5,130,19,49.989999999999995,77.22,197.48000000000002,369.53000000000003,0.279667778211239,0.16233333333333277,25.69,equatorial
18.15,24.94,28.77,21.65,82.7,4.29,0.82,4.94,0.67,0.7,2017-05-11,Yaounde_peri,2017,5,131,19,51.129999999999995,79.52000000000001,196.5,373.21000000000004,0.2995318275484298,0.3200000000000003,25.69,equatorial
19.76,24.95,28.57,21.5,84.58,1.14,0.98,3.85,0.66,0.67,2017-05-12,Yaounde_peri,2017,5,132,19,50.53999999999999,75.54,193.49,373.74,0.30223038182106604,0.31733333333333036,25.69,equatorial
18.37,25.19,29.09,21.84,87.36,1.46,1.59,4.13,0.65,0.66,2017-05-13,Yaounde_peri,2017,5,133,19,38.029999999999994,74.9,182.99,374.81,0.3078722277983991,0.5083333333333329,25.69,equatorial
16.99,24.33,27.01,22.02,88.82,0.87,1.27,2.35,0.64,0.66,2017-05-14,Yaounde_peri,2017,5,134,19,37.529999999999994,69.96000000000001,179.36,375.22,0.30991362466581596,-0.34566666666666634,25.69,equatorial
18.27,23.43,26.04,21.5,87.8,4.53,1.14,2.9,0.64,0.67,2017-05-15,Yaounde_peri,2017,5,135,20,37.61999999999999,71.14,175.41,379.41,0.3325809660221862,-1.2270000000000003,25.19,equatorial
14.46,23.74,27.88,20.55,88.38,10.97,1.39,5.41,0.65,0.7,2017-05-16,Yaounde_peri,2017,5,136,20,37.559999999999995,79.24000000000001,183.71,389.84,0.389307479916629,-0.8826666666666689,25.19,equatorial
21.29,23.39,27.04,20.77,89.7,5.25,1.81,4.3,0.65,0.68,2017-05-17,Yaounde_peri,2017,5,137,20,28.509999999999994,78.5,151.57,394.74,0.415811131796269,-1.192333333333334,25.19,equatorial
18.9,23.52,26.0,20.8,89.11,5.71,0.93,2.35,0.65,0.69,2017-05-18,Yaounde_peri,2017,5,138,20,29.929999999999996,81.06,151.42000000000002,399.91999999999996,0.44383408659327334,-1.0309999999999988,25.19,equatorial
16.17,25.28,29.08,21.18,83.49,9.99,0.82,5.1,0.66,0.7,2017-05-19,Yaounde_peri,2017,5,139,20,38.779999999999994,89.32,161.0,409.86,0.497862559331702,0.7240000000000038,25.28,equatorial
19.99,25.39,28.64,22.36,86.08,8.73,0.92,3.62,0.67,0.71,2017-05-20,Yaounde_peri,2017,5,140,20,46.05,84.08,168.9,418.38,0.5440940210137055,0.8000000000000043,25.39,equatorial
14.32,24.72,27.56,22.1,89.1,6.32,1.36,3.02,0.67,0.71,2017-05-21,Yaounde_peri,2017,5,141,20,51.5,89.03,164.68,424.68,0.5781501166760377,0.10500000000000043,25.39,equatorial
15.91,24.26,27.68,21.28,90.83,7.57,1.3,3.35,0.67,0.71,2017-05-22,Yaounde_peri,2017,5,142,21,54.53999999999999,92.16,152.79,432.25,0.6191282703343965,-0.35899999999999466,25.39,equatorial
13.98,24.65,27.98,21.89,88.64,7.74,1.21,3.69,0.67,0.71,2017-05-23,Yaounde_peri,2017,5,143,21,51.309999999999995,88.87,157.2,439.99,0.6609997551671164,0.04400000000000048,25.39,equatorial
16.67,24.52,28.07,21.73,87.94,13.1,0.92,4.18,0.68,0.73,2017-05-24,Yaounde_peri,2017,5,144,21,59.15999999999999,87.67,168.5,453.09000000000003,0.7321677521261667,-0.07600000000000051,25.39,equatorial
14.1,23.48,26.5,20.74,90.28,30.37,1.77,3.66,0.73,0.81,2017-05-25,Yaounde_peri,2017,5,145,21,83.82,113.75,196.03,483.46000000000004,0.8977667562368533,-1.0889999999999986,25.39,equatorial
11.51,23.27,26.67,20.26,88.17,6.71,1.35,3.45,0.72,0.75,2017-05-26,Yaounde_peri,2017,5,146,21,80.53999999999999,119.32,201.97,490.09000000000003,0.9331278558433076,-1.2353333333333367,25.39,equatorial
18.33,24.12,27.97,20.65,82.78,1.82,1.19,5.11,0.72,0.73,2017-05-27,Yaounde_peri,2017,5,147,21,73.63,119.68,201.8,491.75,0.9412192889623437,-0.3373333333333335,24.72,equatorial
17.56,24.71,29.09,20.1,81.7,0.68,0.88,5.53,0.7,0.7,2017-05-28,Yaounde_peri,2017,5,148,21,67.99,119.49,197.36,492.32,0.9433298450771613,0.26866666666666816,24.71,equatorial
17.6,24.78,29.13,20.89,86.26,2.41,1.36,5.29,0.68,0.7,2017-05-29,Yaounde_peri,2017,5,149,22,62.83,117.36999999999999,197.67000000000002,494.65999999999997,0.9551251951462657,0.3596666666666728,24.78,equatorial
18.1,24.11,27.39,21.95,90.89,3.91,1.61,3.37,0.67,0.7,2017-05-30,Yaounde_peri,2017,5,150,22,58.99999999999999,110.31,195.77,498.45,0.9748333490414337,-0.2786666666666662,24.78,equatorial
15.97,23.83,27.3,21.59,90.84,2.14,1.55,2.85,0.67,0.69,2017-05-31,Yaounde_peri,2017,5,151,22,48.03999999999999,107.2,194.56,500.58,0.9854142561949796,-0.5466666666666669,24.78,equatorial
15.24,23.95,27.45,21.15,89.37,8.54,1.55,4.64,0.67,0.71,2017-06-01,Yaounde_peri,2017,6,152,22,26.209999999999994,110.03,200.23000000000002,509.12,1.0310532974241875,-0.3996666666666684,24.78,equatorial
13.66,23.72,27.4,21.35,88.11,3.14,2.06,5.3,0.67,0.69,2017-06-02,Yaounde_peri,2017,6,153,22,22.63999999999999,103.17999999999999,197.38,512.26,1.0470332413589372,-0.6189999999999998,24.78,equatorial
17.03,24.19,28.31,20.8,87.92,4.41,1.73,5.36,0.67,0.69,2017-06-03,Yaounde_peri,2017,6,154,22,25.22999999999999,98.86,198.64,516.67,1.0699229272371684,-0.15899999999999892,24.78,equatorial
16.26,23.54,26.44,21.44,92.27,6.65,1.72,2.57,0.67,0.7,2017-06-04,Yaounde_peri,2017,6,155,22,31.199999999999992,99.19,203.56,523.32,1.1050069746108933,-0.7959999999999994,24.78,equatorial
9.79,23.87,26.71,21.65,90.52,0.51,1.33,2.31,0.67,0.68,2017-06-05,Yaounde_peri,2017,6,156,23,29.299999999999994,92.13000000000001,190.10000000000002,518.8100000000001,1.0789562764176273,-0.4699999999999953,24.19,equatorial
14.15,23.83,27.51,21.49,89.23,1.5,1.19,3.47,0.66,0.68,2017-06-06,Yaounde_peri,2017,6,157,23,26.889999999999993,85.89,190.23000000000002,516.7800000000001,1.06653915875237,-0.4746666666666677,24.19,equatorial
15.96,24.25,28.34,20.79,84.55,0.35,1.1,4.35,0.66,0.67,2017-06-07,Yaounde_peri,2017,6,158,23,25.09999999999999,73.14,186.14000000000001,511.05,1.0339171229305781,-0.006666666666667709,24.25,equatorial
17.34,25.04,29.15,20.75,82.11,0.25,0.96,5.16,0.65,0.66,2017-06-08,Yaounde_peri,2017,6,159,23,16.809999999999995,43.019999999999996,175.36,508.71000000000004,1.019916684206921,0.7809999999999988,25.04,equatorial
17.65,25.6,29.61,21.09,81.83,0.2,1.23,5.35,0.64,0.65,2017-06-09,Yaounde_peri,2017,6,160,23,13.869999999999994,36.510000000000005,161.26,504.56,0.9960489083630448,1.3133333333333326,25.6,equatorial
17.1,25.23,28.49,22.34,85.65,0.84,1.13,2.93,0.63,0.65,2017-06-10,Yaounde_peri,2017,6,161,23,10.299999999999994,35.53,157.81,501.41,0.9777052780187034,0.9336666666666673,25.6,equatorial
14.88,24.15,26.9,22.25,92.39,1.62,1.56,2.06,0.63,0.65,2017-06-11,Yaounde_peri,2017,6,162,23,5.2699999999999925,36.470000000000006,158.29,500.2,0.9700154077063153,-0.1196666666666708,25.6,equatorial
10.75,24.12,27.28,21.87,90.27,5.73,1.55,2.83,0.63,0.66,2017-06-12,Yaounde_peri,2017,6,163,24,10.489999999999993,39.79,162.56,497.57,0.9545735934931281,-0.11399999999999721,25.6,equatorial
10.26,23.35,26.28,21.1,88.48,6.72,1.01,3.63,0.65,0.69,2017-06-13,Yaounde_peri,2017,6,164,24,15.709999999999994,42.6,168.41,501.65000000000003,0.9758785907991538,-0.8513333333333328,25.6,equatorial
15.98,23.6,27.38,20.43,85.56,1.04,0.97,3.77,0.65,0.66,2017-06-14,Yaounde_peri,2017,6,165,24,16.39999999999999,41.5,164.92000000000002,500.89,0.9706576358308315,-0.6069999999999993,25.6,equatorial
14.32,23.51,26.57,20.96,88.59,3.26,1.0,2.62,0.64,0.67,2017-06-15,Yaounde_peri,2017,6,166,24,19.409999999999993,36.22,157.21,500.84,0.9693337889328245,-0.6893333333333338,25.6,equatorial
9.52,23.0,25.53,21.02,92.2,1.94,1.82,2.32,0.65,0.67,2017-06-16,Yaounde_peri,2017,6,167,24,21.149999999999995,35.02,153.9,498.65,0.9563036891324376,-1.1863333333333337,25.23,equatorial
10.8,22.99,26.74,20.58,90.18,2.49,2.34,4.01,0.65,0.66,2017-06-17,Yaounde_peri,2017,6,168,24,22.799999999999994,33.1,150.68,495.53,0.9382114192449278,-1.1786666666666719,24.15,equatorial
13.28,23.35,27.4,19.84,87.8,2.14,1.39,4.44,0.64,0.66,2017-06-18,Yaounde_peri,2017,6,169,24,23.319999999999993,28.59,142.82999999999998,493.58000000000004,0.9265590843679998,-0.7543333333333315,24.12,equatorial
13.14,22.34,24.24,20.83,95.23,7.28,1.87,1.82,0.65,0.69,2017-06-19,Yaounde_peri,2017,6,170,25,24.869999999999994,35.36,141.38,493.97,0.9277387361011544,-1.6626666666666665,23.6,equatorial
16.07,23.13,26.98,20.35,86.09,6.15,1.02,3.97,0.66,0.69,2017-06-20,Yaounde_peri,2017,6,171,25,24.299999999999994,40.01,141.21,495.96,0.937675810928118,-0.8196666666666665,23.6,equatorial
14.37,23.77,27.88,19.61,84.73,2.58,1.23,5.04,0.65,0.67,2017-06-21,Yaounde_peri,2017,6,172,25,25.839999999999993,42.239999999999995,136.22,497.43,0.9447479003162732,-0.163333333333334,23.77,equatorial
18.48,23.64,27.37,21.02,89.05,4.36,1.31,3.22,0.65,0.68,2017-06-22,Yaounde_peri,2017,6,173,25,26.939999999999994,46.349999999999994,132.84,500.31000000000006,0.9595260122521523,-0.2596666666666678,23.77,equatorial
13.87,23.24,26.07,21.19,89.93,7.38,1.62,3.66,0.66,0.7,2017-06-23,Yaounde_peri,2017,6,174,25,32.379999999999995,53.53,127.12,506.04,0.989876315890472,-0.6169999999999973,23.77,equatorial
13.18,23.53,27.2,20.22,86.03,2.17,1.07,3.65,0.66,0.68,2017-06-24,Yaounde_peri,2017,6,175,25,32.059999999999995,54.86,98.92,505.33,0.9849086614506892,-0.32866666666667044,23.77,equatorial
16.66,24.0,27.73,20.27,84.45,3.78,1.16,4.89,0.65,0.68,2017-06-25,Yaounde_peri,2017,6,176,25,33.699999999999996,57.02,95.99,490.44,0.9023161393717192,0.11700000000000088,24.0,equatorial
14.53,23.66,27.42,20.43,88.07,6.34,1.25,3.64,0.66,0.69,2017-06-26,Yaounde_peri,2017,6,177,26,32.75999999999999,57.63,100.51,495.02,0.9264957982405264,-0.20766666666666467,24.0,equatorial
9.71,22.64,24.82,20.95,93.72,8.83,1.74,2.25,0.67,0.71,2017-06-27,Yaounde_peri,2017,6,178,26,35.44,59.739999999999995,108.66,503.6,0.9725329284985479,-1.1586666666666687,24.0,equatorial
17.27,22.13,24.91,19.95,90.51,3.27,1.49,2.91,0.67,0.69,2017-06-28,Yaounde_peri,2017,6,179,26,36.129999999999995,61.97,109.52,503.86,0.9729174088459595,-1.5803333333333356,24.0,equatorial
17.53,22.18,25.39,19.59,89.49,2.88,1.33,2.84,0.67,0.68,2017-06-29,Yaounde_peri,2017,6,180,26,34.64999999999999,61.59,108.49000000000001,502.34000000000003,0.9635550420063309,-1.466000000000001,24.0,equatorial
12.42,23.11,27.11,19.87,89.82,2.87,1.91,4.34,0.66,0.69,2017-06-30,Yaounde_peri,2017,6,181,26,30.139999999999993,62.52,109.22,497.04,0.9335111702975608,-0.5120000000000005,24.0,equatorial
11.73,23.22,27.38,19.7,89.59,5.59,2.25,5.2,0.66,0.69,2017-07-01,Yaounde_peri,2017,7,182,26,33.55999999999999,65.62,106.27,498.61,0.9411540181810698,-0.3776666666666664,24.0,equatorial
15.46,23.2,26.84,20.18,90.54,4.5,2.0,4.32,0.66,0.68,2017-07-02,Yaounde_peri,2017,7,183,26,34.279999999999994,67.98,107.63,499.49,0.9450037251869904,-0.3803333333333363,23.66,equatorial
12.9,22.79,25.74,20.82,91.23,1.49,2.29,2.85,0.66,0.67,2017-07-03,Yaounde_peri,2017,7,184,27,29.42999999999999,62.19,104.71,498.18,0.9368508241360014,-0.743666666666666,23.22,equatorial
14.25,22.84,26.86,19.78,89.75,2.65,2.68,4.33,0.65,0.67,2017-07-04,Yaounde_peri,2017,7,185,27,23.249999999999993,58.69,100.71000000000001,488.06,0.8804470267806466,-0.6703333333333354,23.22,equatorial
15.27,22.9,26.64,20.03,87.58,0.01,2.35,3.96,0.65,0.66,2017-07-05,Yaounde_peri,2017,7,186,27,19.98999999999999,56.120000000000005,100.21000000000001,474.36,0.8045139670334305,-0.578000000000003,23.22,equatorial
14.08,22.52,25.97,20.24,86.92,0.0,2.4,3.87,0.64,0.65,2017-07-06,Yaounde_peri,2017,7,187,27,17.109999999999992,51.760000000000005,98.71000000000001,473.66,0.7999550852213076,-0.9143333333333317,23.22,equatorial
15.91,22.82,27.09,19.49,85.68,0.0,2.06,4.82,0.63,0.64,2017-07-07,Yaounde_peri,2017,7,188,27,14.239999999999993,44.38,98.36,471.27000000000004,0.7861366878280774,-0.5666666666666664,23.22,equatorial
17.53,23.23,27.56,19.77,85.77,0.0,1.78,4.33,0.62,0.64,2017-07-08,Yaounde_peri,2017,7,189,27,8.649999999999993,42.21,98.11,461.15000000000003,0.7299385782062818,-0.09633333333333027,23.23,equatorial
14.82,23.03,27.3,19.76,86.52,0.0,2.08,3.91,0.62,0.63,2017-07-09,Yaounde_peri,2017,7,190,27,4.149999999999992,38.43,97.91000000000001,456.65000000000003,0.7046406875942514,-0.21066666666666478,23.23,equatorial
14.38,22.3,25.81,20.39,89.39,1.51,2.22,3.09,0.62,0.63,2017-07-10,Yaounde_peri,2017,7,191,28,4.169999999999993,33.6,98.58,452.89000000000004,0.6834318189102714,-0.8429999999999964,23.23,equatorial
13.38,22.79,26.82,19.78,88.15,2.56,1.72,3.55,0.62,0.64,2017-07-11,Yaounde_peri,2017,7,192,28,4.079999999999993,27.33,99.52,451.3,0.6741591693413926,-0.3076666666666661,23.23,equatorial
13.47,22.44,25.56,20.08,87.72,1.71,1.4,2.63,0.62,0.64,2017-07-12,Yaounde_peri,2017,7,193,28,5.779999999999993,25.77,95.5,441.05,0.617331260630106,-0.6016666666666666,23.23,equatorial
16.28,22.85,27.38,19.1,86.57,2.49,1.78,4.95,0.62,0.64,2017-07-13,Yaounde_peri,2017,7,194,28,8.269999999999992,25.380000000000003,91.27,439.04,0.6058263318945919,-0.17499999999999716,23.23,equatorial
12.47,22.7,26.69,19.45,88.47,1.83,2.22,3.97,0.61,0.63,2017-07-14,Yaounde_peri,2017,7,195,28,10.099999999999994,24.34,92.06,432.39,0.5688254770781076,-0.29499999999999815,23.23,equatorial
14.32,23.07,27.07,20.04,87.98,2.15,2.5,4.13,0.61,0.63,2017-07-15,Yaounde_peri,2017,7,196,28,12.249999999999993,20.9,90.95,431.87,0.5655601081320678,0.08966666666666967,23.07,equatorial
15.18,22.95,27.11,20.19,88.26,2.85,3.09,4.76,0.61,0.63,2017-07-16,Yaounde_peri,2017,7,197,28,15.099999999999994,19.25,91.86,397.33,0.3751208268715669,-0.02866666666666262,23.07,equatorial
11.34,21.97,24.6,19.76,92.2,2.93,1.94,2.25,0.61,0.63,2017-07-17,Yaounde_peri,2017,7,198,29,16.519999999999992,20.69,92.30000000000001,394.4,0.3587601356181,-0.9746666666666641,23.07,equatorial
13.83,22.9,26.55,19.61,88.83,18.28,1.48,4.09,0.63,0.7,2017-07-18,Yaounde_peri,2017,7,199,29,32.239999999999995,36.32,108.44,412.27000000000004,0.45696346367586965,-0.029666666666667396,23.07,equatorial
14.05,23.65,28.0,20.0,87.1,3.77,1.45,4.94,0.65,0.68,2017-07-19,Yaounde_peri,2017,7,200,29,34.3,40.080000000000005,104.93,415.21000000000004,0.4728649701087426,0.6766666666666623,23.65,equatorial
13.69,23.69,27.64,20.57,88.88,2.75,1.75,4.18,0.64,0.66,2017-07-20,Yaounde_peri,2017,7,201,29,34.559999999999995,42.830000000000005,101.53,407.42,0.42961676063474874,0.6980000000000004,23.69,equatorial
12.96,23.09,26.72,20.76,91.63,10.39,1.9,3.22,0.64,0.69,2017-07-21,Yaounde_peri,2017,7,202,29,43.12,53.22,109.34,398.35,0.3793257627114242,0.12066666666666492,23.69,equatorial
12.73,22.92,27.02,20.1,89.58,9.82,2.53,4.79,0.66,0.71,2017-07-22,Yaounde_peri,2017,7,203,29,50.78999999999999,63.040000000000006,114.8,404.84,0.4149009356273111,-0.02533333333333232,23.69,equatorial
11.02,22.85,27.28,19.2,89.23,6.09,2.17,5.27,0.66,0.69,2017-07-23,Yaounde_peri,2017,7,204,29,54.03,69.13,113.51,409.13,0.4383198741969634,-0.08233333333333448,23.69,equatorial
10.63,21.55,23.61,19.97,94.11,17.0,2.47,2.4,0.67,0.74,2017-07-24,Yaounde_peri,2017,7,205,30,68.1,84.62,128.34,423.29,0.516225733704415,-1.3163333333333291,23.69,equatorial
10.18,21.47,24.23,19.8,93.12,6.24,2.63,2.76,0.69,0.72,2017-07-25,Yaounde_peri,2017,7,206,30,56.059999999999995,88.3,130.8,428.76000000000005,0.5460890769390382,-1.3119999999999976,23.69,equatorial
15.56,22.89,27.25,19.07,86.72,2.98,1.53,5.38,0.68,0.7,2017-07-26,Yaounde_peri,2017,7,207,30,55.269999999999996,89.57000000000001,127.44,429.75,0.5511812658396293,0.13366666666667015,23.69,equatorial
12.52,23.45,27.75,20.18,88.66,3.88,1.76,4.99,0.67,0.69,2017-07-27,Yaounde_peri,2017,7,208,30,56.39999999999999,90.96000000000001,122.49,428.51,0.5439450863038764,0.6666666666666643,23.45,equatorial
13.21,23.65,27.53,20.59,86.94,4.25,1.03,3.76,0.67,0.69,2017-07-28,Yaounde_peri,2017,7,209,30,50.25999999999999,93.38,123.47,430.65999999999997,0.5554582684139344,0.815999999999999,23.65,equatorial
14.61,23.72,27.83,20.65,87.86,3.25,1.99,5.38,0.66,0.68,2017-07-29,Yaounde_peri,2017,7,210,30,43.68999999999999,94.48,123.83999999999999,428.09999999999997,0.540912093891825,0.8346666666666636,23.72,equatorial
14.41,23.08,27.06,20.14,89.21,2.13,2.89,4.31,0.66,0.67,2017-07-30,Yaounde_peri,2017,7,211,30,39.73,93.75999999999999,123.10000000000001,426.88,0.5337903004367223,0.1956666666666642,23.72,equatorial
11.47,21.99,24.16,20.48,94.25,9.23,2.64,2.35,0.66,0.7,2017-07-31,Yaounde_peri,2017,7,212,31,31.959999999999994,100.06,126.74000000000001,433.24,0.5686325310565222,-0.8533333333333317,23.72,equatorial
11.03,22.27,25.86,19.85,90.66,3.47,2.23,3.82,0.67,0.69,2017-08-01,Yaounde_peri,2017,8,213,31,29.18999999999999,85.25,125.71000000000001,430.72,0.5542799715671626,-0.5423333333333353,23.72,equatorial
10.97,22.87,27.31,19.17,87.32,0.5,1.84,4.88,0.66,0.67,2017-08-02,Yaounde_peri,2017,8,214,31,26.709999999999994,81.98,124.72000000000001,428.07000000000005,0.5392169556146263,0.054999999999999716,23.72,equatorial
10.45,22.98,27.02,19.98,89.67,1.67,2.25,3.59,0.65,0.67,2017-08-03,Yaounde_peri,2017,8,215,31,24.499999999999993,80.9,123.74,428.01,0.5385167902530813,0.16033333333333744,23.72,equatorial
9.74,22.21,25.76,19.98,91.58,6.89,2.41,3.27,0.65,0.69,2017-08-04,Yaounde_peri,2017,8,216,31,27.139999999999993,77.4,130.62,420.93,0.49889864945747986,-0.586666666666666,23.72,equatorial
10.39,23.02,27.13,19.59,88.45,2.0,1.73,4.21,0.65,0.67,2017-08-05,Yaounde_peri,2017,8,217,31,25.889999999999993,69.58,132.62,421.56,0.5020644282556816,0.206666666666667,23.08,equatorial
14.1,22.72,25.92,20.11,88.07,4.64,1.01,3.04,0.65,0.69,2017-08-06,Yaounde_peri,2017,8,218,31,28.39999999999999,68.13,137.26,421.76,0.502843126282159,-0.08999999999999986,23.02,equatorial
10.66,23.15,27.72,19.89,87.41,2.87,1.38,4.68,0.65,0.68,2017-08-07,Yaounde_peri,2017,8,219,32,22.039999999999992,54.0,140.13,413.6,0.4572160564389032,0.3426666666666627,23.15,equatorial
13.56,22.47,26.01,20.26,89.51,3.2,2.4,4.15,0.65,0.67,2017-08-08,Yaounde_peri,2017,8,220,32,21.769999999999992,50.96,143.32999999999998,402.5,0.3952796537547075,-0.3186666666666653,23.15,equatorial
12.37,22.58,26.81,19.77,90.25,4.3,2.66,4.16,0.65,0.67,2017-08-09,Yaounde_peri,2017,8,221,32,25.569999999999993,52.28,146.12,402.51,0.3950953260980377,-0.21800000000000352,23.15,equatorial
12.66,22.91,27.14,19.64,87.41,2.46,1.8,4.72,0.65,0.67,2017-08-10,Yaounde_peri,2017,8,222,32,26.359999999999992,50.86,146.02,403.83,0.4021934891897653,0.10799999999999699,23.15,equatorial
15.25,22.77,26.56,20.28,89.24,3.0,1.51,3.6,0.65,0.67,2017-08-11,Yaounde_peri,2017,8,223,32,22.46999999999999,49.61,147.31,405.37,0.41051304960627,-0.04299999999999926,23.15,equatorial
14.63,23.46,27.92,20.34,88.38,4.18,2.15,5.21,0.64,0.67,2017-08-12,Yaounde_peri,2017,8,224,32,24.64999999999999,50.54,149.0,408.68,0.42867747073207557,0.6266666666666687,23.46,equatorial
12.94,23.06,27.52,19.88,90.19,13.03,2.74,4.76,0.65,0.71,2017-08-13,Yaounde_peri,2017,8,225,32,33.03999999999999,61.44,160.2,417.17999999999995,0.47572072311873986,0.21466666666666612,23.46,equatorial
10.98,22.93,27.06,20.54,90.21,3.6,2.38,3.73,0.66,0.69,2017-08-14,Yaounde_peri,2017,8,226,33,33.76999999999999,55.809999999999995,161.65,409.81,0.4343803544764019,0.08933333333333238,23.46,equatorial
11.26,23.07,26.93,20.59,89.6,5.22,2.8,4.02,0.66,0.68,2017-08-15,Yaounde_peri,2017,8,227,33,35.78999999999999,57.56,164.02,409.78000000000003,0.4339439123799194,0.2253333333333316,23.46,equatorial
6.54,22.03,25.46,20.25,92.11,4.76,3.19,3.01,0.66,0.7,2017-08-16,Yaounde_peri,2017,8,228,33,36.24999999999999,61.82,165.85,408.83000000000004,0.42838099718539796,-0.8166666666666664,23.46,equatorial
8.98,22.39,26.75,19.72,89.52,1.85,3.22,4.48,0.66,0.67,2017-08-17,Yaounde_peri,2017,8,229,33,35.63999999999999,62.0,149.42,400.69,0.38273306446700084,-0.439666666666664,23.46,equatorial
12.13,22.74,27.01,19.35,87.72,0.62,1.84,4.34,0.65,0.66,2017-08-18,Yaounde_peri,2017,8,230,33,33.25999999999999,55.73,146.27,392.58,0.337265498215094,-0.05933333333333124,23.46,equatorial
11.84,23.46,27.75,19.86,86.38,1.39,1.35,4.14,0.65,0.66,2017-08-19,Yaounde_peri,2017,8,231,33,30.46999999999999,55.12,144.91,387.65,0.309555940134009,0.668333333333333,23.46,equatorial
7.47,22.53,25.27,20.76,92.74,3.1,2.0,2.27,0.64,0.67,2017-08-20,Yaounde_peri,2017,8,232,33,20.539999999999992,53.58,137.62,383.18,0.28442035023523743,-0.24299999999999855,23.46,equatorial
16.19,21.77,23.81,20.11,93.67,6.88,2.13,2.15,0.65,0.69,2017-08-21,Yaounde_peri,2017,8,233,34,23.819999999999993,57.589999999999996,134.68,382.32,0.2794565734002783,-0.9646666666666661,23.46,equatorial
12.02,22.76,26.83,19.88,90.52,5.48,2.52,4.05,0.65,0.68,2017-08-22,Yaounde_peri,2017,8,234,34,24.07999999999999,59.87,134.07,374.7,0.23670981323039705,0.028333333333332433,23.46,equatorial
11.05,22.01,25.34,20.13,91.14,15.61,1.59,3.37,0.68,0.74,2017-08-23,Yaounde_peri,2017,8,235,34,34.92999999999999,71.17999999999999,132.68,359.94,0.15403780344978762,-0.7370000000000019,23.46,equatorial
15.44,23.09,27.38,19.62,88.11,4.8,1.36,4.09,0.68,0.7,2017-08-24,Yaounde_peri,2017,8,236,34,37.879999999999995,73.52000000000001,131.24,358.03,0.1432692970420533,0.2890000000000015,23.46,equatorial
14.79,23.06,26.97,20.42,89.4,2.13,2.05,3.94,0.67,0.69,2017-08-25,Yaounde_peri,2017,8,237,34,39.38999999999999,72.65,130.39,358.34,0.14492926081802077,0.2533333333333303,23.46,equatorial
12.35,22.46,26.35,19.82,90.1,4.79,2.8,4.06,0.67,0.69,2017-08-26,Yaounde_peri,2017,8,238,34,42.78999999999999,73.25999999999999,131.3,362.45,0.16787292681681637,-0.3136666666666663,23.09,equatorial
8.96,22.6,26.43,19.65,87.98,5.08,1.95,4.41,0.67,0.7,2017-08-27,Yaounde_peri,2017,8,239,34,44.769999999999996,65.31,132.13,365.12,0.1827459719949133,-0.1386666666666656,23.09,equatorial
14.31,22.74,27.09,19.38,86.49,0.7,2.14,5.18,0.66,0.67,2017-08-28,Yaounde_peri,2017,8,240,35,38.58999999999999,62.410000000000004,129.58,361.91,0.16465183152656326,0.03399999999999892,23.09,equatorial
14.02,22.8,26.7,19.91,88.51,1.9,2.68,4.73,0.65,0.67,2017-08-29,Yaounde_peri,2017,8,241,35,35.00999999999999,59.089999999999996,129.35,361.67,0.16321865162929283,0.10333333333333172,23.09,equatorial
11.95,22.42,25.88,20.02,91.12,2.32,2.74,3.51,0.65,0.67,2017-08-30,Yaounde_peri,2017,8,242,35,21.719999999999995,56.65,122.44,355.45,0.12822445902341853,-0.29100000000000037,23.09,equatorial
15.28,22.99,27.36,19.49,87.7,2.14,2.03,5.14,0.65,0.66,2017-08-31,Yaounde_peri,2017,8,243,35,19.059999999999995,56.94,121.10999999999999,354.45,0.12254246754866448,0.254999999999999,23.06,equatorial
15.47,22.53,26.77,19.71,87.16,2.37,1.64,4.0,0.64,0.66,2017-09-01,Yaounde_peri,2017,9,244,35,19.29999999999999,58.69,122.97999999999999,352.40999999999997,0.1110180071035123,-0.19366666666666532,22.99,equatorial
10.13,22.41,25.97,20.11,92.13,10.76,2.15,3.14,0.65,0.7,2017-09-02,Yaounde_peri,2017,9,245,35,25.269999999999992,68.06,132.07,356.52,0.13406213884950957,-0.2946666666666644,22.99,equatorial
12.75,22.08,25.47,20.13,92.98,6.89,2.36,3.07,0.66,0.7,2017-09-03,Yaounde_peri,2017,9,246,35,27.079999999999995,71.85000000000001,132.07,362.90000000000003,0.16987096875940835,-0.6203333333333347,22.99,equatorial
13.14,21.95,24.89,19.66,92.02,2.66,2.31,2.71,0.66,0.68,2017-09-04,Yaounde_peri,2017,9,247,36,29.039999999999996,67.63,132.73,364.06,0.17630825130307082,-0.7146666666666697,22.99,equatorial
12.88,22.37,26.19,19.63,90.59,1.89,1.73,3.44,0.66,0.68,2017-09-05,Yaounde_peri,2017,9,248,36,29.029999999999994,64.03999999999999,129.98,365.59999999999997,0.18488432740725708,-0.28300000000000125,22.99,equatorial
14.2,23.1,27.13,20.05,90.28,7.25,1.8,3.98,0.66,0.69,2017-09-06,Yaounde_peri,2017,9,249,36,33.959999999999994,55.68,134.35999999999999,372.59999999999997,0.22420964825388834,0.4486666666666679,23.1,equatorial
10.95,22.43,26.19,20.23,91.07,4.77,2.69,4.01,0.67,0.7,2017-09-07,Yaounde_peri,2017,9,250,36,36.58999999999999,55.65,135.93,377.17,0.24983911654604488,-0.21999999999999886,23.1,equatorial
13.17,21.97,24.07,20.04,91.27,5.12,1.49,1.9,0.66,0.69,2017-09-08,Yaounde_peri,2017,9,251,36,39.339999999999996,58.64,136.75,381.45,0.27383057834247504,-0.65966666666667,23.1,equatorial
18.74,23.76,28.37,19.94,83.16,0.62,1.11,4.98,0.67,0.68,2017-09-09,Yaounde_peri,2017,9,252,36,29.199999999999992,54.47,134.91,380.45000000000005,0.26804129452648684,1.1020000000000003,23.76,equatorial
15.65,22.97,26.14,20.39,91.32,5.78,1.51,2.78,0.66,0.69,2017-09-10,Yaounde_peri,2017,9,253,36,28.089999999999993,55.17,137.69,380.5,0.268177525916365,0.3053333333333299,23.76,equatorial
13.96,23.16,26.82,20.61,90.35,5.0,1.48,3.79,0.66,0.69,2017-09-11,Yaounde_peri,2017,9,254,37,30.429999999999993,59.47,138.51000000000002,378.78,0.25832224658949526,0.5053333333333327,23.76,equatorial
18.05,23.07,26.83,20.28,89.17,1.36,1.91,3.79,0.66,0.68,2017-09-12,Yaounde_peri,2017,9,255,37,29.89999999999999,58.93,126.83999999999999,379.1,0.2599898809975917,0.4150000000000027,23.76,equatorial
15.06,22.14,24.64,20.39,92.51,7.65,1.73,2.65,0.66,0.7,2017-09-13,Yaounde_peri,2017,9,256,37,30.29999999999999,64.26,130.89000000000001,383.49,0.2846544133698475,-0.4886666666666635,23.76,equatorial
15.2,22.81,27.15,19.73,89.42,3.92,2.39,5.11,0.67,0.69,2017-09-14,Yaounde_peri,2017,9,257,37,29.449999999999996,66.03999999999999,129.59,385.47,0.29569154058220376,0.18999999999999773,23.76,equatorial
16.32,22.86,26.41,20.13,91.27,3.24,2.36,3.29,0.66,0.68,2017-09-15,Yaounde_peri,2017,9,258,37,27.569999999999993,66.91,128.07,386.22,0.2997707017834357,0.21233333333332993,23.76,equatorial
13.94,21.97,24.63,20.25,94.03,17.31,2.32,2.69,0.68,0.74,2017-09-16,Yaounde_peri,2017,9,259,37,44.25999999999999,73.46,143.53,401.39,0.3854352940388514,-0.6636666666666713,23.16,equatorial
15.41,21.95,24.89,19.73,93.07,6.86,1.97,2.88,0.69,0.73,2017-09-17,Yaounde_peri,2017,9,260,37,45.339999999999996,73.42999999999999,149.77,400.97,0.38283485907196607,-0.6573333333333338,23.16,equatorial
17.58,23.36,27.47,20.31,89.29,2.42,2.09,5.03,0.69,0.7,2017-09-18,Yaounde_peri,2017,9,261,38,42.75999999999999,73.19,150.8,397.24,0.36149242744438054,0.7560000000000002,23.36,equatorial
14.57,23.6,27.28,20.41,89.37,3.28,1.57,3.73,0.68,0.7,2017-09-19,Yaounde_peri,2017,9,262,38,44.67999999999999,74.58,150.98,397.94,0.36525231828165716,0.9603333333333346,23.6,equatorial
15.65,23.64,27.33,20.86,89.79,2.92,1.52,3.94,0.67,0.7,2017-09-20,Yaounde_peri,2017,9,263,38,39.949999999999996,70.25,147.01999999999998,396.5,0.35688287395676993,0.9379999999999988,23.64,equatorial
17.52,23.96,27.99,21.04,89.39,5.8,1.62,4.31,0.67,0.7,2017-09-21,Yaounde_peri,2017,9,264,38,41.82999999999999,71.28,147.34,394.91999999999996,0.34772199571845336,1.218,23.96,equatorial
10.36,22.79,25.5,20.74,93.48,33.43,1.9,2.92,0.71,0.81,2017-09-22,Yaounde_peri,2017,9,265,38,72.01999999999998,99.59,165.16,426.18,0.52483523353514,0.022000000000002018,23.96,equatorial
15.23,22.91,27.09,19.25,88.57,4.96,1.71,5.69,0.72,0.74,2017-09-23,Yaounde_peri,2017,9,266,38,59.669999999999995,103.93,165.32,427.35999999999996,0.5311943176232685,0.1479999999999997,23.96,equatorial
16.39,23.12,26.8,20.48,89.71,2.4,1.94,4.4,0.71,0.72,2017-09-24,Yaounde_peri,2017,9,267,38,55.209999999999994,100.55000000000001,165.59,423.42,0.5084916999648934,0.35600000000000165,23.96,equatorial
17.45,23.42,27.26,20.47,89.18,3.03,2.06,5.1,0.7,0.71,2017-09-25,Yaounde_peri,2017,9,268,39,55.81999999999999,98.58,163.82999999999998,417.62,0.47523983844212603,0.6240000000000023,23.96,equatorial
17.52,23.2,26.72,20.85,91.06,2.56,2.29,3.65,0.69,0.71,2017-09-26,Yaounde_peri,2017,9,269,39,55.099999999999994,99.78,161.31,416.90999999999997,0.4709157362107714,0.38400000000000034,23.96,equatorial
16.93,23.23,26.85,20.67,91.5,6.26,2.23,3.95,0.69,0.71,2017-09-27,Yaounde_peri,2017,9,270,39,58.44,98.39,166.86999999999998,420.28999999999996,0.489835043229393,0.39766666666666595,23.96,equatorial
13.83,22.53,24.32,20.91,95.14,17.33,1.43,1.55,0.71,0.77,2017-09-28,Yaounde_peri,2017,9,271,39,69.97,111.8,182.3,434.75,0.5717246917214928,-0.29333333333332945,23.42,equatorial
19.36,22.48,24.22,20.25,87.34,8.84,1.16,2.77,0.72,0.75,2017-09-29,Yaounde_peri,2017,9,272,39,45.379999999999995,117.4,188.82,438.0,0.5898248532510445,-0.3453333333333326,23.42,equatorial
17.07,23.64,28.59,18.84,80.93,1.16,1.39,5.98,0.71,0.72,2017-09-30,Yaounde_peri,2017,9,273,39,41.57999999999999,101.25,187.84,434.66,0.5704330584301829,0.7930000000000028,23.64,equatorial
15.88,24.13,28.35,19.86,83.51,3.55,1.18,5.65,0.7,0.71,2017-10-01,Yaounde_peri,2017,10,274,39,42.72999999999999,97.94,189.02,436.72,0.5817772731087212,1.2296666666666667,24.13,equatorial
14.75,24.2,28.1,20.87,85.92,4.22,1.07,4.35,0.69,0.71,2017-10-02,Yaounde_peri,2017,10,275,40,43.91999999999999,99.74,182.48000000000002,438.29,0.590325603626715,1.2399999999999984,24.2,equatorial
14.65,23.36,26.43,21.11,88.58,2.3,1.31,2.64,0.69,0.71,2017-10-03,Yaounde_peri,2017,10,276,40,43.65999999999999,98.75999999999999,177.89,440.58,0.6029673512813013,0.35733333333333306,24.2,equatorial
17.4,23.54,27.13,20.61,89.2,2.4,1.25,3.95,0.68,0.7,2017-10-04,Yaounde_peri,2017,10,277,40,39.79999999999999,98.24,177.63,442.97999999999996,0.6162267681287266,0.4843333333333355,24.2,equatorial
17.72,23.82,27.64,20.79,88.23,2.66,1.58,4.71,0.68,0.7,2017-10-05,Yaounde_peri,2017,10,278,40,25.129999999999992,95.1,178.4,445.64,0.6309575871070301,0.7160000000000011,24.2,equatorial
18.08,24.07,28.1,20.62,88.26,3.29,1.63,4.48,0.68,0.7,2017-10-06,Yaounde_peri,2017,10,279,40,19.57999999999999,64.96,174.44,448.92999999999995,0.6492666788259728,0.9336666666666673,24.2,equatorial
12.38,23.27,26.65,20.8,89.34,6.2,1.46,3.44,0.68,0.71,2017-10-07,Yaounde_peri,2017,10,280,40,24.61999999999999,66.2,175.87,455.13,0.6841448059738455,0.10566666666666791,24.2,equatorial
15.34,23.75,27.96,20.5,87.74,4.17,1.43,4.86,0.68,0.71,2017-10-08,Yaounde_peri,2017,10,281,40,25.23999999999999,67.97,174.92,457.78999999999996,0.6988116476944302,0.5263333333333371,24.2,equatorial
13.67,23.48,26.85,20.95,90.77,3.56,1.78,3.78,0.68,0.7,2017-10-09,Yaounde_peri,2017,10,282,41,24.57999999999999,68.5,177.85999999999999,458.78999999999996,0.7040001691531225,0.26566666666666805,24.07,equatorial
18.59,23.17,26.55,21.06,90.42,6.29,1.63,3.15,0.68,0.71,2017-10-10,Yaounde_peri,2017,10,283,41,28.569999999999993,72.22999999999999,178.36999999999998,463.37,0.7296004562066322,-0.05100000000000193,24.07,equatorial
13.3,23.6,27.55,20.4,84.34,6.81,1.43,4.97,0.69,0.72,2017-10-11,Yaounde_peri,2017,10,284,41,32.97999999999999,72.78,180.17999999999998,467.69,0.7536908578653586,0.36433333333333806,24.07,equatorial
17.79,23.68,27.9,20.37,86.14,5.7,1.21,5.24,0.69,0.71,2017-10-12,Yaounde_peri,2017,10,285,41,36.019999999999996,61.15,184.52,471.56,0.7751872423679383,0.42399999999999594,24.07,equatorial
15.3,23.26,26.69,20.85,91.31,46.71,2.18,4.45,0.7,0.79,2017-10-13,Yaounde_peri,2017,10,286,41,79.44,99.02000000000001,223.57999999999998,516.12,1.0287472209405992,-0.03333333333333499,23.75,equatorial
18.26,23.71,26.95,20.98,85.91,6.56,0.74,4.21,0.76,0.78,2017-10-14,Yaounde_peri,2017,10,287,41,79.79999999999998,104.42,226.21999999999997,519.8299999999999,1.0488608266642003,0.3866666666666667,23.75,equatorial
16.83,24.23,27.79,20.79,84.14,2.95,1.12,4.36,0.74,0.74,2017-10-15,Yaounde_peri,2017,10,288,41,78.57999999999998,103.82,225.93,519.85,1.0478945847473453,0.8610000000000042,24.23,equatorial
16.43,23.63,26.11,21.31,90.21,4.1,1.01,2.74,0.73,0.74,2017-10-16,Yaounde_peri,2017,10,289,42,79.11999999999998,103.69999999999999,212.72,505.66999999999996,0.9659680001846038,0.20566666666666933,24.23,equatorial
12.82,23.36,26.09,21.44,94.08,12.41,1.75,2.49,0.73,0.77,2017-10-17,Yaounde_peri,2017,10,290,42,85.24,113.81,218.26999999999998,514.31,1.0143203864997008,-0.1113333333333344,24.23,equatorial
16.78,23.55,27.2,20.9,89.93,0.95,1.67,3.42,0.73,0.74,2017-10-18,Yaounde_peri,2017,10,291,42,79.38,112.36,216.8,512.51,1.0030509384894426,0.07233333333333292,24.23,equatorial
16.35,23.53,26.84,21.06,90.09,0.86,1.85,2.94,0.71,0.72,2017-10-19,Yaounde_peri,2017,10,292,42,74.53999999999999,110.56,214.38,502.98,0.9477250880112581,0.05466666666666953,24.23,equatorial
17.86,24.25,27.99,21.13,87.61,1.49,1.3,3.72,0.71,0.72,2017-10-20,Yaounde_peri,2017,10,293,42,29.319999999999993,108.76,212.95000000000002,494.65000000000003,0.8993377124763079,0.7543333333333315,24.25,equatorial
10.46,23.86,26.92,21.38,89.51,1.96,1.66,3.15,0.7,0.71,2017-10-21,Yaounde_peri,2017,10,294,42,24.71999999999999,104.52,209.10999999999999,490.52,0.8749849567780533,0.36766666666666836,24.25,equatorial
17.12,22.87,26.12,20.61,92.24,24.69,1.82,3.33,0.71,0.78,2017-10-22,Yaounde_peri,2017,10,295,42,46.459999999999994,125.03999999999999,200.37,498.21,0.918104033421721,-0.625,24.25,equatorial
14.49,23.45,27.12,21.15,90.12,15.63,1.36,3.95,0.75,0.79,2017-10-23,Yaounde_peri,2017,10,296,43,57.99,137.10999999999999,211.04000000000002,507.59999999999997,0.9708480450703473,-0.06299999999999883,24.25,equatorial
16.0,22.82,24.76,21.14,91.82,5.39,1.38,2.05,0.75,0.76,2017-10-24,Yaounde_peri,2017,10,297,43,50.97,136.21,214.03,510.01,0.983678739633136,-0.6829999999999998,24.25,equatorial
13.13,23.08,26.42,20.73,89.49,2.92,1.05,2.49,0.74,0.75,2017-10-25,Yaounde_peri,2017,10,298,43,52.93999999999999,132.32,213.92000000000002,509.05,0.9772624679968885,-0.41166666666666885,24.25,equatorial
15.09,23.68,27.47,20.47,88.75,2.72,1.24,3.56,0.73,0.74,2017-10-26,Yaounde_peri,2017,10,299,43,54.8,129.34,214.08,507.52000000000004,0.9676072769170758,0.17233333333333078,24.25,equatorial
17.73,23.13,25.32,21.39,90.26,5.45,1.68,2.3,0.72,0.74,2017-10-27,Yaounde_peri,2017,10,300,43,58.76,88.08,213.27,509.72,0.9792497673344841,-0.3743333333333325,23.86,equatorial
11.82,22.31,24.33,20.72,94.48,6.72,1.41,1.54,0.73,0.75,2017-10-28,Yaounde_peri,2017,10,301,43,63.519999999999996,88.24000000000001,202.66,514.3100000000001,1.00450523907138,-1.1870000000000047,23.68,equatorial
15.74,23.16,27.05,20.12,84.87,4.07,1.39,3.92,0.73,0.75,2017-10-29,Yaounde_peri,2017,10,302,43,42.89999999999999,89.36,197.89,509.15,0.9740926840512022,-0.35966666666666924,23.68,equatorial
13.05,23.67,27.04,20.71,83.35,4.91,0.85,3.12,0.72,0.74,2017-10-30,Yaounde_peri,2017,10,303,44,32.17999999999999,90.16999999999999,201.64,510.59,0.9813903918532297,0.14933333333333465,23.68,equatorial
19.4,23.14,27.45,20.1,88.96,9.97,2.26,5.07,0.72,0.76,2017-10-31,Yaounde_peri,2017,10,304,44,36.75999999999999,87.72999999999999,208.06,520.06,1.0344830859586749,-0.34766666666666524,23.68,equatorial
16.29,23.25,27.32,19.97,89.64,21.42,2.09,4.93,0.74,0.8,2017-11-01,Yaounde_peri,2017,11,305,44,55.25999999999999,108.19999999999999,225.26,539.8100000000001,1.146084713139096,-0.20599999999999952,23.68,equatorial
17.62,23.36,27.09,20.57,88.15,3.91,1.33,4.02,0.75,0.76,2017-11-02,Yaounde_peri,2017,11,306,44,56.449999999999996,111.25,226.87,536.83,1.1278170910044696,-0.09600000000000009,23.67,equatorial
16.28,23.27,27.6,20.25,88.23,6.03,1.64,4.69,0.74,0.75,2017-11-03,Yaounde_peri,2017,11,307,44,57.029999999999994,115.79,230.5,540.86,1.1495566964041264,-0.1769999999999996,23.67,equatorial
18.96,23.6,27.99,19.3,83.75,4.4,1.33,5.33,0.73,0.75,2017-11-04,Yaounde_peri,2017,11,308,44,54.709999999999994,118.23,232.24,540.62,1.146905312469134,0.16033333333333744,23.67,equatorial
14.81,24.1,28.08,20.38,86.13,6.24,1.36,5.0,0.73,0.75,2017-11-05,Yaounde_peri,2017,11,309,44,56.879999999999995,99.78,235.19000000000003,543.99,1.164833251242633,0.6593333333333327,24.1,equatorial
15.02,22.95,25.47,20.98,87.64,8.65,1.27,3.06,0.73,0.76,2017-11-06,Yaounde_peri,2017,11,310,45,60.62,92.8,237.64,549.4399999999999,1.1945644051700322,-0.480000000000004,24.1,equatorial
16.2,22.46,26.34,19.38,83.48,0.91,1.58,3.97,0.73,0.74,2017-11-07,Yaounde_peri,2017,11,311,45,51.55999999999999,88.32,234.38,546.0500000000001,1.173865298342313,-0.9269999999999996,24.1,equatorial
18.07,23.66,28.04,19.37,86.28,10.18,1.72,3.71,0.72,0.75,2017-11-08,Yaounde_peri,2017,11,312,45,40.31999999999999,95.58,241.0,553.77,1.2164900238598815,0.2669999999999959,24.1,equatorial
21.11,24.51,28.34,21.47,84.17,10.91,1.35,4.52,0.74,0.78,2017-11-09,Yaounde_peri,2017,11,313,45,47.31999999999999,103.77,245.62,561.68,1.2600731141867072,1.0723333333333365,24.51,equatorial
11.87,23.99,27.87,20.84,85.5,1.49,1.41,4.0,0.73,0.75,2017-11-10,Yaounde_peri,2017,11,314,45,42.779999999999994,99.81,240.3,558.99,1.243206427006648,0.5393333333333281,24.51,equatorial
16.32,24.19,28.5,20.58,83.32,1.37,1.31,5.34,0.72,0.74,2017-11-11,Yaounde_peri,2017,11,315,45,39.74999999999999,94.46,235.97,547.3299999999999,1.1753502745533402,0.722333333333335,24.51,equatorial
12.98,24.18,28.25,20.74,84.4,1.81,1.02,4.29,0.72,0.73,2017-11-12,Yaounde_peri,2017,11,316,45,35.31999999999999,92.2,191.07,545.54,1.1638298901652315,0.6816666666666649,24.51,equatorial
18.69,24.48,28.24,21.13,86.42,9.88,1.47,4.88,0.71,0.76,2017-11-13,Yaounde_peri,2017,11,317,46,36.55,97.17000000000002,194.39000000000001,550.2,1.1890320376138437,0.9560000000000031,24.51,equatorial
17.79,24.79,28.39,21.28,84.25,10.13,1.54,4.48,0.73,0.77,2017-11-14,Yaounde_peri,2017,11,318,46,45.769999999999996,97.33000000000001,201.57,555.57,1.2182036713381421,1.24733333333333,24.79,equatorial
10.54,23.96,26.67,21.65,90.55,11.42,1.38,2.79,0.74,0.78,2017-11-15,Yaounde_peri,2017,11,319,46,47.00999999999999,87.33,208.89000000000001,565.14,1.2711671986622812,0.40633333333333255,24.79,equatorial
13.62,23.61,26.62,21.21,91.99,3.73,1.53,2.57,0.74,0.75,2017-11-16,Yaounde_peri,2017,11,320,46,39.82999999999999,87.14999999999999,200.21,568.25,1.2872587539384617,0.047999999999998266,24.79,equatorial
16.58,23.66,27.05,21.55,90.22,7.3,1.16,2.56,0.74,0.77,2017-11-17,Yaounde_peri,2017,11,321,46,45.63999999999999,88.42,206.56,574.1600000000001,1.3192040746727347,0.09433333333333138,24.79,equatorial
15.38,23.82,27.44,20.91,87.15,5.69,1.33,3.33,0.74,0.76,2017-11-18,Yaounde_peri,2017,11,322,46,49.959999999999994,89.71000000000001,211.39000000000001,576.75,1.3321940585787362,0.24466666666666725,24.79,equatorial
11.15,23.06,25.6,20.96,90.61,7.62,1.3,2.24,0.74,0.77,2017-11-19,Yaounde_peri,2017,11,323,46,55.769999999999996,91.09,217.51999999999998,577.49,1.334641669812477,-0.4756666666666689,24.79,equatorial
20.92,23.97,27.82,20.49,85.24,1.99,1.97,4.16,0.74,0.76,2017-11-20,Yaounde_peri,2017,11,324,47,47.879999999999995,84.43,217.55,574.0,1.3130830496673607,0.4306666666666672,24.79,equatorial
17.75,24.28,27.87,20.83,84.36,5.24,1.09,3.73,0.73,0.76,2017-11-21,Yaounde_peri,2017,11,325,47,42.989999999999995,88.76,198.10000000000002,563.63,1.2525669729632338,0.6936666666666653,24.28,equatorial
11.8,23.81,27.32,20.92,86.57,5.59,1.61,3.64,0.74,0.76,2017-11-22,Yaounde_peri,2017,11,326,47,37.16,84.17,188.06,564.4200000000001,1.2555263987602854,0.21166666666666245,24.28,equatorial
17.33,24.02,28.22,19.66,82.04,4.8,1.37,5.41,0.73,0.76,2017-11-23,Yaounde_peri,2017,11,327,47,38.23,78.06,187.47,567.09,1.269137232062783,0.3816666666666677,24.28,equatorial
18.79,23.87,27.95,20.45,81.52,0.68,1.45,4.82,0.73,0.74,2017-11-24,Yaounde_peri,2017,11,328,47,31.609999999999992,77.25,185.23,562.9799999999999,1.2442770937229792,0.2053333333333356,24.28,equatorial
18.9,23.72,27.98,19.11,78.25,0.13,1.2,4.69,0.72,0.73,2017-11-25,Yaounde_peri,2017,11,329,47,26.049999999999994,76.01,182.64,558.03,1.2147287719644133,0.053999999999998494,24.28,equatorial
19.66,23.47,27.68,18.48,75.4,0.07,1.71,4.56,0.71,0.72,2017-11-26,Yaounde_peri,2017,11,330,47,18.499999999999993,74.27000000000001,177.26000000000002,557.4,1.209742646340298,-0.20733333333333448,24.28,equatorial
21.34,23.59,28.56,18.21,74.61,0.17,1.74,5.48,0.71,0.72,2017-11-27,Yaounde_peri,2017,11,331,48,16.679999999999996,64.56,170.71,555.67,1.1985392567237192,-0.12999999999999545,24.28,equatorial
20.09,23.48,28.33,18.34,76.7,0.34,1.43,4.96,0.7,0.71,2017-11-28,Yaounde_peri,2017,11,332,48,11.779999999999992,54.769999999999996,166.98000000000002,553.6899999999999,1.185950831011155,-0.25066666666666393,24.02,equatorial
18.03,24.15,28.87,19.92,80.39,0.7,1.23,4.75,0.69,0.71,2017-11-29,Yaounde_peri,2017,11,333,48,6.889999999999993,44.05,162.77,552.25,1.176454871218183,0.40333333333333243,24.15,equatorial
15.17,24.13,28.72,20.0,81.58,0.75,1.66,4.66,0.69,0.71,2017-11-30,Yaounde_peri,2017,11,334,48,2.8399999999999928,41.07,153.55,550.63,1.165965151495607,0.3503333333333316,24.15,equatorial
16.58,24.36,28.79,20.5,80.68,1.23,1.21,4.39,0.69,0.71,2017-12-01,Yaounde_peri,2017,12,335,48,3.3899999999999926,35.0,133.36,541.1,1.1107123978089577,0.543333333333333,24.36,equatorial
18.93,24.35,28.35,21.05,81.78,0.02,1.26,4.07,0.69,0.7,2017-12-02,Yaounde_peri,2017,12,336,48,3.2799999999999927,29.330000000000002,129.47,534.23,1.0706477913053343,0.5003333333333337,24.36,equatorial
15.71,24.43,28.85,20.53,81.45,0.0,1.5,4.78,0.68,0.7,2017-12-03,Yaounde_peri,2017,12,337,48,3.209999999999993,21.71,123.44,531.57,1.0545095241522542,0.5416666666666643,24.43,equatorial
15.02,24.61,28.83,20.96,79.97,0.0,1.81,4.23,0.68,0.7,2017-12-04,Yaounde_peri,2017,12,338,49,3.0399999999999925,19.720000000000002,119.03999999999999,529.6800000000001,1.0427658005960736,0.6879999999999988,24.61,equatorial
20.25,25.12,29.34,20.87,74.1,0.0,1.24,4.83,0.68,0.69,2017-12-05,Yaounde_peri,2017,12,339,49,2.6999999999999926,14.48,112.8,522.4300000000001,1.0006928071552328,1.1640000000000015,25.12,equatorial
19.53,24.45,28.74,20.06,77.73,0.0,1.23,4.43,0.67,0.69,2017-12-06,Yaounde_peri,2017,12,340,49,1.999999999999993,8.89,104.14999999999999,517.6600000000001,0.9727432933131562,0.4440000000000026,25.12,equatorial
16.78,24.0,28.81,19.94,78.01,0.0,1.33,4.39,0.67,0.69,2017-12-07,Yaounde_peri,2017,12,341,49,1.249999999999993,4.09,103.24,512.5400000000001,0.9428604512141078,-0.0573333333333359,25.12,equatorial
18.28,24.46,28.37,21.06,79.09,0.0,1.32,3.62,0.67,0.69,2017-12-08,Yaounde_peri,2017,12,342,49,0.019999999999992895,3.4099999999999997,93.06,511.91999999999996,0.9385187865656657,0.3760000000000012,25.12,equatorial
13.87,23.81,26.87,21.28,84.93,0.0,1.38,2.54,0.67,0.69,2017-12-09,Yaounde_peri,2017,12,343,49,0.0,3.28,82.14999999999999,506.14,0.9049521240742251,-0.2506666666666675,25.12,equatorial
13.95,22.72,24.8,21.41,91.71,0.0,1.68,1.23,0.67,0.69,2017-12-10,Yaounde_peri,2017,12,344,49,0.0,3.21,80.66,501.14,0.8758558379281235,-1.298333333333332,25.12,equatorial
15.26,23.21,26.66,21.03,86.13,0.0,1.46,2.62,0.67,0.69,2017-12-11,Yaounde_peri,2017,12,345,50,0.0,3.0399999999999996,79.28999999999999,499.78,0.8674296950089185,-0.7756666666666661,25.12,equatorial
15.33,24.23,28.45,20.22,82.89,0.06,1.04,3.15,0.67,0.69,2017-12-12,Yaounde_peri,2017,12,346,50,0.05999999999999289,2.76,77.53999999999999,492.19,0.8237034163810059,0.24266666666667192,24.46,equatorial
19.2,24.85,30.07,21.2,79.5,0.04,2.11,5.25,0.67,0.68,2017-12-13,Yaounde_peri,2017,12,347,50,0.0999999999999929,2.0999999999999996,67.7,488.31,0.8010651957947661,0.8503333333333352,24.85,equatorial
16.64,24.86,30.33,19.93,76.96,0.03,1.71,5.01,0.66,0.68,2017-12-14,Yaounde_peri,2017,12,348,50,0.1299999999999929,1.38,57.6,485.09999999999997,0.7822534154476466,0.8580000000000005,24.86,equatorial
18.26,24.47,28.51,21.16,82.04,0.36,1.23,3.78,0.66,0.68,2017-12-15,Yaounde_peri,2017,12,349,50,0.4899999999999929,0.51,46.540000000000006,468.15,0.685524150123389,0.45099999999999696,24.86,equatorial
16.87,23.73,26.46,21.53,88.83,0.73,1.29,1.65,0.66,0.68,2017-12-16,Yaounde_peri,2017,12,350,50,1.2199999999999929,1.22,43.54,462.02,0.6502738880808705,-0.2930000000000028,24.86,equatorial
17.35,24.98,29.73,21.06,79.96,0.02,1.47,4.66,0.66,0.67,2017-12-17,Yaounde_peri,2017,12,351,50,1.2399999999999929,1.24,36.260000000000005,459.62,0.6362235682600048,0.9130000000000003,24.98,equatorial
18.68,24.56,28.96,21.23,82.72,0.0,1.46,4.16,0.66,0.67,2017-12-18,Yaounde_peri,2017,12,352,51,1.2399999999999929,1.24,30.57,456.34,0.6171874112589619,0.4683333333333337,24.98,equatorial
18.21,24.7,29.11,20.94,81.18,0.0,1.43,4.27,0.65,0.67,2017-12-19,Yaounde_peri,2017,12,353,51,1.1799999999999928,1.24,22.95,453.42,0.6002095506465946,0.5536666666666648,24.98,equatorial
17.4,24.84,29.22,20.79,79.3,0.0,1.54,4.13,0.65,0.67,2017-12-20,Yaounde_peri,2017,12,354,51,1.1399999999999928,1.24,20.96,447.62,0.5668797161476078,0.6646666666666654,24.98,equatorial
18.37,24.86,29.62,20.29,78.77,0.0,1.47,4.34,0.65,0.66,2017-12-21,Yaounde_peri,2017,12,355,51,1.109999999999993,1.24,15.719999999999999,414.19,0.3765064180104633,0.6653333333333364,24.98,equatorial
15.72,24.63,28.95,21.4,84.25,2.77,1.44,3.66,0.65,0.67,2017-12-22,Yaounde_peri,2017,12,356,51,3.519999999999993,4.01,12.9,412.00000000000006,0.3638535582557656,0.40800000000000125,24.98,equatorial
9.84,23.75,26.71,21.68,89.33,2.64,1.35,2.24,0.66,0.68,2017-12-23,Yaounde_peri,2017,12,357,51,5.429999999999993,6.65,10.740000000000002,412.24,0.36502982780625604,-0.46300000000000097,24.98,equatorial
17.61,24.14,28.48,21.17,85.21,0.41,1.58,3.76,0.66,0.67,2017-12-24,Yaounde_peri,2017,12,358,51,5.819999999999993,7.0600000000000005,10.469999999999999,409.62,0.34992711215606054,-0.08199999999999719,24.86,equatorial
16.05,24.68,29.74,20.61,77.6,0.14,2.19,4.84,0.65,0.66,2017-12-25,Yaounde_peri,2017,12,359,52,5.959999999999994,7.2,10.48,407.20000000000005,0.33596677983929213,0.4259999999999984,24.86,equatorial
17.79,23.56,28.77,19.25,74.67,0.14,1.69,4.18,0.65,0.66,2017-12-26,Yaounde_peri,2017,12,360,52,6.099999999999993,7.280000000000001,10.55,401.08000000000004,0.3009312701866477,-0.6969999999999992,24.86,equatorial
18.03,23.48,29.08,17.45,68.79,0.0,1.49,4.21,0.65,0.66,2017-12-27,Yaounde_peri,2017,12,361,52,6.099999999999993,7.240000000000001,10.38,383.75,0.20200964220388629,-0.7733333333333334,24.86,equatorial
19.63,23.84,29.62,19.17,72.4,0.0,1.34,4.6,0.64,0.65,2017-12-28,Yaounde_peri,2017,12,362,52,6.099999999999993,7.210000000000001,10.040000000000001,374.91,0.1515059480347252,-0.42533333333333445,24.68,equatorial
18.22,24.09,28.62,20.66,83.82,0.0,1.38,3.27,0.64,0.65,2017-12-29,Yaounde_peri,2017,12,363,52,3.329999999999993,6.8500000000000005,9.34,373.75,0.1448175424004303,-0.17333333333333556,24.68,equatorial
19.08,24.53,28.96,20.78,75.58,0.0,1.02,3.7,0.64,0.65,2017-12-30,Yaounde_peri,2017,12,364,52,0.6899999999999928,6.120000000000001,8.59,370.2,0.12448868683059322,0.25333333333333385,24.68,equatorial
17.38,24.62,29.76,20.23,72.34,0.0,1.02,4.06,0.63,0.64,2017-12-31,Yaounde_peri,2017,12,365,52,0.2799999999999929,6.1000000000000005,7.36,365.98,0.10033464989695648,0.3346666666666671,24.68,equatorial
19.52,24.14,29.02,19.76,66.31,0.0,1.48,4.46,0.63,0.64,2018-01-01,Yaounde_peri,2018,1,1,1,0.1399999999999929,6.1000000000000005,7.340000000000001,363.68,0.087149362553201,-0.13833333333333186,24.62,equatorial
20.06,23.03,28.46,19.0,72.49,0.0,2.02,4.25,0.63,0.64,2018-01-02,Yaounde_peri,2018,1,2,1,0.0,6.1000000000000005,7.340000000000001,361.28000000000003,0.07339274832937802,-1.2016666666666644,24.62,equatorial
19.61,21.69,28.32,16.1,70.43,0.0,2.43,4.46,0.62,0.63,2018-01-03,Yaounde_peri,2018,1,3,1,0.0,6.1000000000000005,7.340000000000001,358.62,0.058149628396103346,-2.4443333333333364,24.62,equatorial
20.31,20.97,28.08,14.78,66.89,0.0,2.48,4.7,0.62,0.63,2018-01-04,Yaounde_peri,2018,1,4,1,0.0,6.1000000000000005,7.340000000000001,355.33000000000004,0.03930268514686996,-3.026,24.62,equatorial
21.7,21.34,27.6,13.98,56.52,0.0,1.45,4.61,0.62,0.62,2018-01-05,Yaounde_peri,2018,1,5,1,0.0,3.3300000000000005,7.340000000000001,349.13,0.0038015044192947402,-2.5523333333333333,24.62,equatorial
19.11,22.14,28.1,16.8,69.94,0.46,1.14,3.94,0.61,0.62,2018-01-06,Yaounde_peri,2018,1,6,1,0.4599999999999929,1.1500000000000004,7.800000000000001,345.42,-0.017442658616302408,-1.6903333333333315,24.62,equatorial
18.18,23.3,28.46,19.35,82.32,2.01,1.23,3.89,0.61,0.63,2018-01-07,Yaounde_peri,2018,1,7,1,2.4699999999999926,2.75,9.81,343.87,-0.026313658956999424,-0.49166666666666714,24.14,equatorial
18.17,23.75,28.94,19.35,75.55,0.27,1.6,4.07,0.61,0.63,2018-01-08,Yaounde_peri,2018,1,8,2,2.7399999999999927,2.88,10.08,337.85,-0.060801849310544005,-0.03966666666666896,23.75,equatorial
17.71,23.85,29.39,18.67,70.39,0.19,1.56,4.29,0.61,0.62,2018-01-09,Yaounde_peri,2018,1,9,2,2.9299999999999926,2.9299999999999997,10.27,331.23,-0.09872984112809455,0.0226666666666695,23.85,equatorial
17.1,23.77,29.51,18.35,71.77,0.25,1.32,4.08,0.61,0.62,2018-01-10,Yaounde_peri,2018,1,10,2,3.1799999999999926,3.1799999999999997,10.52,325.78000000000003,-0.1299459799544114,-0.07600000000000051,23.85,equatorial
17.5,24.16,30.03,19.88,79.51,0.22,1.91,4.5,0.61,0.61,2018-01-11,Yaounde_peri,2018,1,11,2,3.399999999999993,3.4,10.68,279.29,-0.3966491151494264,0.3163333333333327,24.16,equatorial
17.12,23.97,29.49,19.91,74.92,0.13,1.55,4.32,0.6,0.61,2018-01-12,Yaounde_peri,2018,1,12,2,3.5299999999999927,3.53,10.77,272.86,-0.4333470747230779,0.15566666666666507,24.16,equatorial
18.16,23.87,29.36,20.19,81.06,0.21,1.37,3.71,0.6,0.61,2018-01-13,Yaounde_peri,2018,1,13,2,3.2799999999999927,3.7399999999999998,10.95,270.12,-0.4488466731116992,0.0886666666666649,24.16,equatorial
16.96,23.99,28.82,20.25,80.24,0.19,1.4,3.58,0.6,0.61,2018-01-14,Yaounde_peri,2018,1,14,2,1.4599999999999929,3.9299999999999997,10.78,266.21000000000004,-0.4710605022445637,0.22466666666666413,24.16,equatorial
17.04,24.56,30.1,20.13,72.12,0.07,1.17,4.3,0.6,0.6,2018-01-15,Yaounde_peri,2018,1,15,3,1.259999999999993,4.0,10.12,253.87,-0.5416955009428578,0.7669999999999995,24.56,equatorial
16.49,24.08,29.96,19.37,69.56,0.02,1.4,4.17,0.59,0.6,2018-01-16,Yaounde_peri,2018,1,16,3,1.089999999999993,4.02,10.12,252.94,-0.546724925220007,0.31700000000000017,24.56,equatorial
20.88,23.85,30.17,19.12,66.58,0.03,1.56,4.51,0.59,0.6,2018-01-17,Yaounde_peri,2018,1,17,3,0.869999999999993,4.05,10.15,252.10999999999999,-0.5511771846998376,0.11066666666667047,24.56,equatorial
19.08,23.82,29.86,18.66,78.38,0.02,1.6,3.79,0.59,0.59,2018-01-18,Yaounde_peri,2018,1,18,3,0.6699999999999928,4.069999999999999,10.17,250.64000000000001,-0.5593074475113969,0.11000000000000298,24.56,equatorial
18.23,24.34,29.58,19.97,75.77,0.08,1.45,3.72,0.59,0.59,2018-01-19,Yaounde_peri,2018,1,19,3,0.6199999999999929,4.1499999999999995,10.25,248.76,-0.5697917218371927,0.6466666666666647,24.56,equatorial
17.8,23.83,29.31,20.19,79.77,0.17,1.73,3.73,0.58,0.59,2018-01-20,Yaounde_peri,2018,1,20,3,0.579999999999993,3.86,10.42,224.24,-0.7105132420480692,0.17099999999999937,24.56,equatorial
19.45,24.27,29.81,19.67,77.05,0.07,1.21,3.82,0.58,0.59,2018-01-21,Yaounde_peri,2018,1,21,3,0.4599999999999929,1.92,7.720000000000001,208.68,-0.7995497375937232,0.6229999999999976,24.56,equatorial
19.88,24.25,30.3,20.02,74.85,0.07,1.5,3.96,0.58,0.59,2018-01-22,Yaounde_peri,2018,1,22,4,0.4599999999999929,1.72,5.1499999999999995,203.35999999999999,-0.8295703103167684,0.5863333333333323,24.34,equatorial
17.75,23.54,29.5,20.05,73.33,0.19,1.34,3.86,0.58,0.58,2018-01-23,Yaounde_peri,2018,1,23,4,0.6299999999999929,1.7200000000000002,4.93,200.63,-0.8446521914937853,-0.10366666666666902,24.34,equatorial
18.59,24.12,29.97,19.62,75.27,0.08,1.37,3.86,0.58,0.58,2018-01-24,Yaounde_peri,2018,1,24,4,0.6799999999999928,1.55,4.87,197.99,-0.8591973790987869,0.495000000000001,24.34,equatorial
18.3,24.36,30.12,19.71,72.94,0.03,1.27,3.62,0.57,0.58,2018-01-25,Yaounde_peri,2018,1,25,4,0.689999999999993,1.36,4.76,192.57,-0.8897211998007096,0.7083333333333321,24.36,equatorial
16.66,24.15,29.72,20.12,72.35,0.0,1.36,3.49,0.57,0.58,2018-01-26,Yaounde_peri,2018,1,26,4,0.6099999999999929,1.23,4.76,185.85,-0.9276822218363376,0.4759999999999991,24.36,equatorial
19.2,25.08,30.89,20.3,71.83,0.0,1.46,3.97,0.57,0.57,2018-01-27,Yaounde_peri,2018,1,27,4,0.4399999999999929,1.02,4.76,181.78,-0.950335103864314,1.3646666666666647,25.08,equatorial
19.33,25.11,31.47,19.47,67.46,0.0,1.88,4.26,0.57,0.57,2018-01-28,Yaounde_peri,2018,1,28,4,0.3699999999999929,0.8300000000000001,4.76,176.87,-0.9777852362383295,1.3606666666666705,25.11,equatorial
17.71,25.6,31.45,20.85,69.44,0.0,1.46,3.86,0.56,0.57,2018-01-29,Yaounde_peri,2018,1,29,5,0.2999999999999929,0.76,4.76,166.9,-1.0343022287280308,1.8150000000000013,25.6,equatorial
19.48,25.08,31.41,19.49,67.59,0.0,1.44,3.94,0.56,0.56,2018-01-30,Yaounde_peri,2018,1,30,5,0.1099999999999929,0.74,4.76,145.48000000000002,-1.1565664710329806,1.2796666666666638,25.6,equatorial
21.61,24.62,31.41,18.87,61.2,0.04,2.05,4.27,0.56,0.56,2018-01-31,Yaounde_peri,2018,1,31,5,0.0699999999999929,0.75,4.799999999999999,141.60999999999999,-1.1776209757300005,0.8036666666666683,25.6,equatorial
20.13,24.64,31.87,18.77,59.48,0.06,1.47,4.18,0.55,0.55,2018-02-01,Yaounde_peri,2018,2,32,5,0.0999999999999929,0.79,4.859999999999999,135.64,-1.2106958013533307,0.7699999999999996,25.6,equatorial
19.66,25.37,31.81,19.97,70.8,0.17,1.88,3.75,0.55,0.55,2018-02-02,Yaounde_peri,2018,2,33,5,0.2699999999999929,0.88,5.029999999999999,131.41000000000003,-1.2336844902816655,1.3773333333333362,25.6,equatorial
20.39,26.23,33.09,20.48,67.02,0.1,1.47,4.11,0.55,0.55,2018-02-03,Yaounde_peri,2018,2,34,5,0.3699999999999929,0.8099999999999999,5.129999999999999,125.27000000000001,-1.267584099327061,2.0619999999999976,26.23,equatorial
20.14,26.52,33.43,21.19,68.08,0.12,1.6,4.23,0.55,0.54,2018-02-04,Yaounde_peri,2018,2,35,5,0.4899999999999929,0.86,5.249999999999999,116.74,-1.315110871972239,2.1793333333333322,26.52,equatorial
20.27,26.13,32.95,21.26,76.82,1.01,1.66,4.12,0.54,0.55,2018-02-05,Yaounde_peri,2018,2,36,6,1.499999999999993,1.8,5.799999999999999,116.84,-1.3129523866832218,1.6563333333333325,26.52,equatorial
17.86,26.58,33.2,21.83,75.94,0.71,1.63,4.22,0.54,0.54,2018-02-06,Yaounde_peri,2018,2,37,6,2.209999999999993,2.32,4.5,107.36999999999999,-1.3657162464232113,1.9969999999999963,26.58,equatorial
18.73,26.39,32.63,22.12,77.86,1.25,2.13,4.09,0.54,0.55,2018-02-07,Yaounde_peri,2018,2,38,6,3.419999999999993,3.4899999999999998,5.48,97.71,-1.4193917103083609,1.7190000000000012,26.58,equatorial
17.9,26.27,32.56,22.08,78.83,1.18,2.48,3.99,0.54,0.55,2018-02-08,Yaounde_peri,2018,2,39,6,4.539999999999993,4.64,6.47,97.4,-1.419285082167493,1.5183333333333344,26.58,equatorial
16.59,25.58,31.08,22.23,81.97,2.28,3.59,3.61,0.54,0.55,2018-02-09,Yaounde_peri,2018,2,40,6,6.649999999999992,6.92,8.5,98.31,-1.412189888756386,0.7680000000000007,26.58,equatorial
14.16,25.56,30.92,22.26,81.16,2.61,2.67,3.62,0.55,0.56,2018-02-10,Yaounde_peri,2018,2,41,6,9.159999999999993,9.53,10.889999999999999,99.11,-1.4057503066968324,0.7013333333333307,26.58,equatorial
16.46,25.13,30.05,21.87,82.92,2.81,2.11,3.15,0.55,0.57,2018-02-11,Yaounde_peri,2018,2,42,6,11.84999999999999,12.34,13.57,92.04,-1.4443835077012122,0.2326666666666668,26.58,equatorial
15.27,24.85,29.15,22.17,85.5,3.4,1.91,2.71,0.55,0.58,2018-02-12,Yaounde_peri,2018,2,43,7,14.239999999999991,15.74,16.759999999999998,85.31,-1.4809281483089283,-0.0799999999999983,26.58,equatorial
14.66,25.87,30.48,21.86,81.71,3.05,1.34,3.31,0.56,0.58,2018-02-13,Yaounde_peri,2018,2,44,7,16.57999999999999,18.79,19.619999999999997,76.94,-1.5267049007183928,0.8773333333333362,26.39,equatorial
15.22,25.29,29.37,22.56,84.43,14.82,1.64,2.76,0.57,0.65,2018-02-14,Yaounde_peri,2018,2,45,7,30.14999999999999,33.57,34.370000000000005,88.03,-1.4611146926889464,0.2729999999999997,26.27,equatorial
19.76,25.4,30.36,21.99,81.87,0.55,1.5,3.4,0.59,0.61,2018-02-15,Yaounde_peri,2018,2,46,7,29.519999999999992,34.059999999999995,34.9,81.28,-1.4976609389457878,0.3390000000000022,25.87,equatorial
11.13,25.58,30.68,22.3,81.2,0.24,1.93,3.64,0.58,0.59,2018-02-16,Yaounde_peri,2018,2,47,7,27.479999999999993,34.129999999999995,35.11,75.83,-1.5266428475739382,0.4613333333333287,25.87,equatorial
14.44,25.28,30.13,22.23,82.78,0.24,2.24,3.14,0.58,0.58,2018-02-17,Yaounde_peri,2018,2,48,7,25.109999999999992,34.27,35.33,68.45,-1.566511951156142,0.11266666666666936,25.87,equatorial
12.98,24.96,29.27,21.9,82.58,0.31,2.38,3.18,0.57,0.58,2018-02-18,Yaounde_peri,2018,2,49,7,22.609999999999996,34.46,35.56,66.77000000000001,-1.5737259299087494,-0.22799999999999798,25.87,equatorial
15.52,24.87,29.18,22.07,82.24,0.22,1.72,2.73,0.57,0.57,2018-02-19,Yaounde_peri,2018,2,50,8,19.429999999999993,33.67,35.61,61.74999999999999,-1.5999298252792,-0.3526666666666678,25.87,equatorial
15.37,24.49,28.62,22.08,85.43,1.71,1.93,2.54,0.57,0.58,2018-02-20,Yaounde_peri,2018,2,51,8,18.089999999999996,34.67,37.25,57.87,-1.6195289394742387,-0.740000000000002,25.58,equatorial
16.55,24.01,28.0,21.57,86.23,2.55,2.67,2.66,0.57,0.59,2018-02-21,Yaounde_peri,2018,2,52,8,5.819999999999993,35.97,39.73,55.620000000000005,-1.629770092664937,-1.2119999999999962,25.58,equatorial
10.06,23.8,27.47,21.26,87.06,1.8,2.62,2.5,0.57,0.59,2018-02-22,Yaounde_peri,2018,2,53,8,7.069999999999993,36.589999999999996,41.34,56.74,-1.6208161476616116,-1.4306666666666636,25.58,equatorial
11.78,24.04,27.86,20.75,85.02,2.87,1.46,2.49,0.57,0.6,2018-02-23,Yaounde_peri,2018,2,54,8,9.699999999999992,37.18,44.129999999999995,59.480000000000004,-1.6027043645793966,-1.1879999999999988,25.28,equatorial
18.08,23.97,27.89,21.28,87.55,2.22,1.99,2.33,0.57,0.6,2018-02-24,Yaounde_peri,2018,2,55,8,11.679999999999993,36.79,46.31999999999999,61.63,-1.588021522342072,-1.2449999999999974,24.96,equatorial
17.06,24.05,27.83,21.45,88.68,3.62,2.12,2.49,0.58,0.61,2018-02-25,Yaounde_peri,2018,2,56,8,14.989999999999993,37.6,49.94,65.08,-1.5660298839153202,-1.1616666666666653,24.87,equatorial
14.71,23.46,26.43,21.58,91.32,37.48,2.37,2.05,0.59,0.7,2018-02-26,Yaounde_peri,2018,2,57,9,52.24999999999999,71.67999999999999,87.41999999999999,102.22,-1.3530825478597182,-1.697666666666663,24.49,equatorial
17.66,23.52,27.1,21.21,87.75,4.25,1.66,2.99,0.65,0.7,2018-02-27,Yaounde_peri,2018,2,58,9,54.78999999999999,72.88,91.66999999999999,105.77000000000001,-1.3312921317575634,-1.5846666666666671,24.05,equatorial
19.69,23.54,27.84,20.64,87.98,1.91,1.68,3.42,0.65,0.66,2018-02-28,Yaounde_peri,2018,2,59,9,54.14999999999999,59.96999999999999,93.58,106.93,-1.3231189974551445,-1.4960000000000022,24.05,equatorial
18.14,22.94,25.79,21.25,90.07,3.16,2.85,2.71,0.64,0.67,2018-03-01,Yaounde_peri,2018,3,60,9,55.50999999999999,62.58,96.74,108.86,-1.3106071525910306,-2.024666666666665,24.05,equatorial
21.15,23.44,27.45,20.4,86.93,0.02,2.25,3.29,0.63,0.64,2018-03-02,Yaounde_peri,2018,3,61,9,52.66,62.36,96.72,108.86,-1.309068931447488,-1.4853333333333332,24.05,equatorial
17.67,23.66,27.91,20.28,86.02,0.0,2.37,3.56,0.62,0.63,2018-03-03,Yaounde_peri,2018,3,62,9,50.44,62.12,96.66,108.86,-1.3075361151616243,-1.2326666666666668,24.05,equatorial
17.7,23.79,27.99,20.72,84.83,0.0,2.41,3.74,0.61,0.62,2018-03-04,Yaounde_peri,2018,3,63,9,46.81999999999999,61.809999999999995,96.49,108.86,-1.3060086721535542,-1.0499999999999972,23.79,equatorial
19.93,23.87,28.85,20.45,83.91,0.0,2.13,4.13,0.61,0.61,2018-03-05,Yaounde_peri,2018,3,64,10,9.339999999999993,61.589999999999996,96.39,108.86,-1.3044865711011167,-0.8913333333333284,23.87,equatorial
19.03,24.28,29.85,20.16,81.77,0.0,1.91,4.67,0.6,0.6,2018-03-06,Yaounde_peri,2018,3,65,10,5.089999999999993,59.879999999999995,96.27,108.86,-1.302969780937175,-0.4066666666666663,24.28,equatorial
15.9,24.68,29.42,21.14,84.72,4.56,1.52,3.89,0.59,0.62,2018-03-07,Yaounde_peri,2018,3,66,10,7.739999999999992,61.88999999999999,99.82,113.42,-1.2756580594241775,0.04166666666666785,24.68,equatorial
16.66,24.15,27.4,21.96,89.72,5.39,1.8,2.36,0.6,0.64,2018-03-08,Yaounde_peri,2018,3,67,10,9.969999999999992,65.47999999999999,104.5,118.81,-1.243726985076742,-0.4073333333333302,24.68,equatorial
12.97,23.44,26.28,21.8,90.31,7.15,1.97,2.03,0.61,0.66,2018-03-09,Yaounde_peri,2018,3,68,10,17.099999999999994,69.75999999999999,110.4,125.96000000000001,-1.2019244904325928,-1.0189999999999984,24.68,equatorial
21.4,24.62,30.38,20.29,81.72,2.32,1.69,4.96,0.61,0.63,2018-03-10,Yaounde_peri,2018,3,69,10,19.41999999999999,69.86,111.53999999999999,128.28,-1.1875428321056856,0.21600000000000108,24.68,equatorial
13.33,23.21,25.48,21.54,92.48,8.01,2.48,1.94,0.61,0.66,2018-03-11,Yaounde_peri,2018,3,70,10,27.429999999999993,74.24999999999999,117.27,136.29,-1.1410173920273587,-1.1149999999999984,24.68,equatorial
20.21,23.86,28.89,20.18,85.06,0.82,2.25,4.35,0.62,0.63,2018-03-12,Yaounde_peri,2018,3,71,11,28.249999999999993,37.589999999999996,115.47999999999999,137.05,-1.1355948455401013,-0.40833333333333144,24.68,equatorial
18.35,24.47,29.21,20.89,85.72,0.96,2.28,3.96,0.61,0.62,2018-03-13,Yaounde_peri,2018,3,72,11,29.209999999999994,34.3,113.63,137.97,-1.1292803497849073,0.22366666666666646,24.68,equatorial
17.01,24.33,28.15,21.54,87.45,1.99,2.67,3.38,0.6,0.62,2018-03-14,Yaounde_peri,2018,3,73,11,26.639999999999993,34.38,112.22,139.93,-1.1171003243155408,0.10099999999999909,24.62,equatorial
14.02,23.57,26.72,21.48,90.76,2.92,2.32,2.36,0.6,0.63,2018-03-15,Yaounde_peri,2018,3,74,11,24.169999999999995,34.14,112.09,142.48999999999998,-1.1015547403615287,-0.5823333333333309,24.62,equatorial
17.57,24.59,29.39,20.83,84.44,1.31,1.81,4.42,0.6,0.61,2018-03-16,Yaounde_peri,2018,3,75,11,18.329999999999995,35.42999999999999,98.58,143.07,-1.0972353327776987,0.4609999999999985,24.62,equatorial
18.82,24.63,29.0,21.47,84.9,0.44,1.87,3.91,0.59,0.61,2018-03-17,Yaounde_peri,2018,3,76,11,16.449999999999996,35.87,98.47,143.48999999999998,-1.0938300134113679,0.5266666666666637,24.63,equatorial
15.69,24.01,27.31,21.61,87.27,0.9,2.32,2.63,0.59,0.6,2018-03-18,Yaounde_peri,2018,3,77,11,9.339999999999993,36.769999999999996,99.13000000000001,144.39,-1.0877192878490562,-0.04099999999999682,24.63,equatorial
17.21,24.09,28.68,21.17,85.69,0.9,2.3,3.66,0.59,0.6,2018-03-19,Yaounde_peri,2018,3,78,12,9.419999999999993,37.669999999999995,99.78999999999999,145.29,-1.0816216213545002,0.07866666666666688,24.63,equatorial
19.8,24.47,29.05,20.99,84.17,0.4,1.83,3.6,0.58,0.59,2018-03-20,Yaounde_peri,2018,3,79,12,8.859999999999994,38.06999999999999,99.88,145.69,-1.0783626898888599,0.47499999999999787,24.63,equatorial
18.45,24.29,28.45,22.0,87.73,1.05,1.75,2.49,0.58,0.59,2018-03-21,Yaounde_peri,2018,3,80,12,7.919999999999994,34.56,100.71,146.73999999999998,-1.0714375727456267,0.3143333333333338,24.63,equatorial
16.77,23.5,27.26,20.32,86.34,8.31,1.42,3.36,0.58,0.63,2018-03-22,Yaounde_peri,2018,3,81,12,13.309999999999993,37.480000000000004,107.31,152.27999999999997,-1.0391520763616995,-0.4426666666666641,24.63,equatorial
16.03,23.01,25.99,21.0,89.12,6.49,1.47,2.37,0.59,0.63,2018-03-23,Yaounde_peri,2018,3,82,12,18.489999999999995,36.82,111.25,156.13,-1.0164767013265263,-0.8993333333333311,24.63,equatorial
18.37,24.35,29.36,20.55,83.39,15.2,1.42,5.2,0.62,0.69,2018-03-24,Yaounde_peri,2018,3,83,12,33.24999999999999,49.7,124.65,170.92,-0.9320040228406169,0.42233333333333434,24.47,equatorial
15.74,24.74,29.2,21.25,84.52,2.0,1.35,4.65,0.62,0.63,2018-03-25,Yaounde_peri,2018,3,84,12,34.349999999999994,43.69,123.78,172.77999999999997,-0.9207513809239289,0.7889999999999944,24.74,equatorial
11.31,25.3,30.24,21.81,82.08,0.47,1.25,4.82,0.61,0.62,2018-03-26,Yaounde_peri,2018,3,85,13,33.91999999999999,43.34,122.03,173.10999999999999,-0.9181656523297164,1.304666666666666,25.3,equatorial
17.27,25.93,31.6,21.83,79.56,0.04,1.42,5.48,0.6,0.6,2018-03-27,Yaounde_peri,2018,3,86,13,33.559999999999995,42.42,118.45,173.15,-0.9172239492812067,1.8719999999999999,25.93,equatorial
16.47,24.48,27.87,22.19,87.31,0.24,2.4,2.74,0.59,0.6,2018-03-28,Yaounde_peri,2018,3,87,13,32.74999999999999,40.67,81.21,173.39,-0.9151533395611198,0.3880000000000017,25.93,equatorial
17.08,24.79,29.18,21.06,83.51,0.86,1.78,3.95,0.58,0.59,2018-03-29,Yaounde_peri,2018,3,88,13,25.299999999999994,38.61,77.82000000000001,174.25,-0.9095802411219829,0.6556666666666615,25.93,equatorial
15.99,25.22,29.14,21.8,83.11,0.38,1.33,3.22,0.58,0.59,2018-03-30,Yaounde_peri,2018,3,89,13,19.189999999999994,37.67999999999999,76.28999999999999,174.63,-0.9067301497164314,1.0296666666666674,25.93,equatorial
20.17,24.99,28.26,22.02,84.72,0.3,1.1,2.13,0.57,0.59,2018-03-31,Yaounde_peri,2018,3,90,13,4.289999999999993,37.54,73.42999999999999,174.93,-0.9043371148443596,0.7313333333333318,25.93,equatorial
16.83,23.95,26.13,22.41,93.04,15.08,1.46,1.27,0.58,0.65,2018-04-01,Yaounde_peri,2018,4,91,13,17.369999999999994,51.72,88.49000000000001,190.01,-0.8183393539652574,-0.32566666666666677,25.93,equatorial
11.2,23.42,25.57,21.9,95.16,22.08,2.06,1.46,0.64,0.73,2018-04-02,Yaounde_peri,2018,4,92,14,38.97999999999999,72.9,110.57,212.09,-0.6928164501780776,-0.8476666666666652,25.93,equatorial
14.15,24.17,27.98,21.2,86.61,0.53,1.47,3.34,0.64,0.65,2018-04-03,Yaounde_peri,2018,4,93,14,39.46999999999999,73.02999999999999,111.1,212.62,-0.6893852058122475,-0.11033333333333317,25.22,equatorial
17.24,24.75,29.35,21.09,85.6,1.17,1.48,4.26,0.63,0.64,2018-04-04,Yaounde_peri,2018,4,94,14,40.39999999999999,73.14999999999999,112.27,213.79,-0.6823333891665362,0.44033333333333147,25.22,equatorial
15.52,24.02,27.01,22.06,91.11,2.52,1.55,2.16,0.62,0.65,2018-04-05,Yaounde_peri,2018,4,95,14,42.059999999999995,67.36,114.79,216.31,-0.6676417384266069,-0.2809999999999988,25.22,equatorial
18.63,23.38,26.29,21.56,92.55,3.84,1.57,1.97,0.62,0.65,2018-04-06,Yaounde_peri,2018,4,96,14,45.51999999999999,64.71,114.07,219.69,-0.6480893960457912,-0.8776666666666699,24.99,equatorial
14.21,24.24,28.34,20.91,85.73,3.11,1.17,4.68,0.62,0.65,2018-04-07,Yaounde_peri,2018,4,97,14,48.32999999999999,52.62,111.78999999999999,220.79,-0.6414707110422924,-0.020666666666670608,24.75,equatorial
19.72,24.33,28.67,21.66,85.05,0.24,1.19,3.43,0.62,0.63,2018-04-08,Yaounde_peri,2018,4,98,14,33.489999999999995,50.85999999999999,104.88,220.76,-0.6412617430488338,0.03966666666666896,24.75,equatorial
12.29,23.9,27.8,20.75,88.91,10.22,1.47,3.55,0.61,0.67,2018-04-09,Yaounde_peri,2018,4,99,15,21.629999999999995,60.61,112.78,230.79,-0.5840174150939871,-0.3663333333333334,24.75,equatorial
13.8,23.09,25.92,21.25,90.46,3.01,2.16,3.41,0.62,0.65,2018-04-10,Yaounde_peri,2018,4,100,15,24.109999999999996,63.58,107.78,233.54999999999998,-0.5680369045983479,-1.1723333333333343,24.75,equatorial
17.58,23.22,27.73,20.45,88.6,2.21,2.12,4.05,0.62,0.64,2018-04-11,Yaounde_peri,2018,4,101,15,25.15,65.55,109.17,235.54,-0.5564335748611718,-1.0210000000000008,24.33,equatorial
16.76,23.89,28.11,20.61,87.0,0.55,2.16,4.02,0.61,0.62,2018-04-12,Yaounde_peri,2018,4,102,15,23.18,65.24,108.75999999999999,235.96,-0.5537461173207573,-0.331666666666667,24.33,equatorial
20.65,24.01,27.61,21.39,88.58,1.16,1.62,2.88,0.61,0.62,2018-04-13,Yaounde_peri,2018,4,103,15,20.5,66.02,107.92999999999999,236.91,-0.5480517873155272,-0.20099999999999696,24.33,equatorial
16.73,23.34,26.19,21.28,90.13,0.73,2.19,2.13,0.6,0.62,2018-04-14,Yaounde_peri,2018,4,104,15,18.119999999999997,66.45,105.74,237.45,-0.5446887126264139,-0.8633333333333333,24.33,equatorial
15.82,22.64,25.4,20.86,91.95,1.2,1.87,1.6,0.6,0.62,2018-04-15,Yaounde_peri,2018,4,105,15,19.08,52.57,105.63,238.57999999999998,-0.5379764366601572,-1.4983333333333313,24.01,equatorial
21.87,24.54,29.42,20.24,83.63,1.05,1.37,4.92,0.6,0.61,2018-04-16,Yaounde_peri,2018,4,106,16,9.909999999999997,31.54,106.24,239.60999999999999,-0.5318358597183901,0.4046666666666674,24.54,equatorial
18.99,24.16,27.7,21.23,87.89,2.5,1.33,2.84,0.59,0.61,2018-04-17,Yaounde_peri,2018,4,107,16,9.399999999999997,33.51,107.83999999999999,242.07999999999998,-0.5175142266511772,0.019666666666665833,24.54,equatorial
17.63,24.98,29.01,21.68,87.13,2.19,1.58,4.17,0.59,0.62,2018-04-18,Yaounde_peri,2018,4,108,16,9.379999999999995,34.53,109.13,244.25,-0.5049047483063378,0.8099999999999987,24.98,equatorial
19.43,24.6,28.03,22.03,90.66,5.57,1.91,3.3,0.59,0.63,2018-04-19,Yaounde_peri,2018,4,109,16,14.399999999999995,37.58,114.3,249.73999999999998,-0.47341905071113966,0.42566666666667174,24.98,equatorial
17.31,24.29,28.84,21.17,84.54,1.42,2.6,4.97,0.59,0.61,2018-04-20,Yaounde_peri,2018,4,110,16,14.659999999999997,35.16,114.67,250.99,-0.46606739275615294,0.11566666666666592,24.98,equatorial
19.71,23.71,27.84,20.81,86.01,0.46,1.7,3.5,0.59,0.6,2018-04-21,Yaounde_peri,2018,4,111,16,14.389999999999997,32.51,106.82,251.38,-0.46361297131967794,-0.4713333333333303,24.98,equatorial
18.55,24.29,28.86,20.37,86.72,3.69,1.72,4.81,0.58,0.61,2018-04-22,Yaounde_peri,2018,4,112,16,16.879999999999995,35.96,104.02,255.0,-0.4427712199699527,0.06599999999999895,24.98,equatorial
17.86,23.88,27.14,21.57,88.94,4.37,1.42,2.56,0.59,0.62,2018-04-23,Yaounde_peri,2018,4,113,17,20.199999999999996,30.11,93.19,259.18,-0.4187469705807961,-0.32833333333333314,24.98,equatorial
18.52,24.61,28.77,21.14,86.92,6.34,1.43,4.49,0.59,0.63,2018-04-24,Yaounde_peri,2018,4,114,17,24.04,33.44,97.53,265.44,-0.38287933977715816,0.4059999999999988,24.98,equatorial
10.0,23.42,26.05,21.94,91.69,4.48,2.15,2.33,0.6,0.63,2018-04-25,Yaounde_peri,2018,4,115,17,26.33,35.71,101.53999999999999,269.89,-0.3573360062350923,-0.7213333333333303,24.61,equatorial
22.7,24.64,29.12,20.97,85.43,4.32,1.24,4.77,0.6,0.63,2018-04-26,Yaounde_peri,2018,4,116,17,25.08,39.480000000000004,105.82,274.21,-0.3325391628333067,0.5416666666666679,24.64,equatorial
14.39,24.48,28.05,21.21,85.29,1.66,1.51,4.31,0.6,0.62,2018-04-27,Yaounde_peri,2018,4,117,17,25.319999999999997,39.98,107.24,275.87,-0.32291882315288534,0.38166666666666416,24.64,equatorial
20.48,24.51,28.63,21.92,87.87,4.67,1.37,3.84,0.59,0.63,2018-04-28,Yaounde_peri,2018,4,118,17,29.529999999999998,43.92,111.05,280.53999999999996,-0.29612538359566243,0.4210000000000029,24.64,equatorial
16.84,23.92,27.17,21.48,90.43,19.44,1.47,2.85,0.63,0.7,2018-04-29,Yaounde_peri,2018,4,119,17,45.28,62.16,130.11,299.97999999999996,-0.18502294925227752,-0.12566666666666393,24.64,equatorial
16.04,24.53,28.29,21.54,87.16,1.12,1.17,3.54,0.63,0.64,2018-04-30,Yaounde_peri,2018,4,120,18,42.03,62.230000000000004,130.92999999999998,301.09999999999997,-0.17854823013290166,0.49966666666666626,24.64,equatorial
21.7,24.51,28.25,21.51,88.18,0.97,1.65,3.24,0.62,0.63,2018-05-01,Yaounde_peri,2018,5,121,18,36.66,60.7,116.82000000000001,302.03000000000003,-0.17315941447389607,0.4610000000000021,24.64,equatorial
19.35,24.44,27.52,22.01,89.37,1.52,1.29,2.26,0.61,0.63,2018-05-02,Yaounde_peri,2018,5,122,18,33.7,60.03000000000001,96.26,303.49,-0.16474178752205668,0.3569999999999993,24.64,equatorial
19.98,25.0,29.08,21.85,86.97,2.59,1.29,4.11,0.61,0.63,2018-05-03,Yaounde_peri,2018,5,123,18,31.97,57.050000000000004,98.32000000000001,305.91,-0.15083560331782164,0.8893333333333366,25.0,equatorial
18.32,24.62,28.29,21.96,90.02,3.9,1.92,3.82,0.61,0.64,2018-05-04,Yaounde_peri,2018,5,124,18,34.21,59.53,101.05000000000001,309.71,-0.1290363095428851,0.5136666666666692,25.0,equatorial
17.68,24.03,27.01,21.93,90.53,2.46,1.65,2.84,0.61,0.63,2018-05-05,Yaounde_peri,2018,5,125,18,31.999999999999996,61.53,100.99,312.04999999999995,-0.11559227237174968,-0.07666666666666799,25.0,equatorial
20.09,24.63,28.84,21.07,86.09,1.19,1.71,4.95,0.6,0.62,2018-05-06,Yaounde_peri,2018,5,126,18,13.749999999999996,59.03,98.34,312.22999999999996,-0.11451392671919568,0.4816666666666656,25.0,equatorial
18.27,24.03,27.37,21.78,90.29,4.77,2.14,3.54,0.6,0.63,2018-05-07,Yaounde_peri,2018,5,127,19,17.399999999999995,59.43,100.0,316.29,-0.09121475739939117,-0.11133333333333084,25.0,equatorial
15.05,23.82,27.2,21.57,90.47,2.12,1.68,2.94,0.6,0.63,2018-05-08,Yaounde_peri,2018,5,128,19,18.549999999999997,55.21,101.88,317.16,-0.08619264616329157,-0.30433333333333223,25.0,equatorial
19.26,24.21,27.91,21.35,89.34,12.21,1.62,3.72,0.6,0.64,2018-05-09,Yaounde_peri,2018,5,129,19,29.24,62.94,103.87,328.19,-0.022936098564359287,0.07533333333333658,25.0,equatorial
15.66,23.8,27.01,21.54,90.56,49.7,1.36,3.5,0.69,0.82,2018-05-10,Yaounde_peri,2018,5,130,19,76.35,108.32,150.56,375.61,0.24897843771509218,-0.3583333333333343,24.63,equatorial
19.53,24.25,27.98,21.06,87.2,3.75,1.35,4.51,0.69,0.71,2018-05-11,Yaounde_peri,2018,5,131,19,76.19999999999999,110.41,152.10000000000002,376.75,0.2554096324192964,0.0573333333333359,24.63,equatorial
14.47,23.08,25.18,21.41,93.81,5.66,1.97,2.42,0.68,0.71,2018-05-12,Yaounde_peri,2018,5,132,19,79.4,111.4,157.21,379.6,0.2716522464611394,-1.0856666666666683,24.63,equatorial
16.34,23.26,27.02,20.86,90.85,3.57,1.59,3.62,0.68,0.7,2018-05-13,Yaounde_peri,2018,5,133,19,81.78,95.53,159.62,379.77,0.27250946299277756,-0.8806666666666665,24.25,equatorial
15.18,22.8,25.94,20.62,89.14,8.36,1.56,3.28,0.67,0.71,2018-05-14,Yaounde_peri,2018,5,134,20,85.36999999999999,102.77,167.25,385.08000000000004,0.30288189086662715,-1.3226666666666667,24.25,equatorial
20.3,23.88,28.51,19.43,77.66,3.32,0.94,6.45,0.67,0.69,2018-05-15,Yaounde_peri,2018,5,135,20,86.57000000000001,105.12,169.37000000000003,373.58000000000004,0.23668651490362883,-0.2840000000000025,24.25,equatorial
18.73,24.27,28.12,20.55,83.55,1.46,1.56,5.16,0.65,0.67,2018-05-16,Yaounde_peri,2018,5,136,20,75.82,105.06,169.78,374.49,0.24181468957556507,0.11499999999999488,24.27,equatorial
18.72,24.46,28.78,20.82,84.75,0.83,1.22,5.01,0.64,0.66,2018-05-17,Yaounde_peri,2018,5,137,20,26.949999999999992,103.3,168.11,375.08,0.24510283604330863,0.2950000000000017,24.46,equatorial
18.7,24.2,28.16,21.12,88.19,1.24,1.7,4.25,0.63,0.65,2018-05-18,Yaounde_peri,2018,5,138,20,24.43999999999999,100.64,167.16000000000003,376.08,0.2507487499012726,0.06099999999999994,24.46,equatorial
17.25,24.39,28.16,21.25,88.95,1.69,1.92,4.06,0.62,0.64,2018-05-19,Yaounde_peri,2018,5,139,20,20.46999999999999,99.87,163.28000000000003,377.46,0.2585804619337245,0.2579999999999991,24.46,equatorial
13.46,23.77,26.79,21.99,92.01,2.47,2.32,2.63,0.62,0.65,2018-05-20,Yaounde_peri,2018,5,140,20,19.36999999999999,101.15,164.33,379.71000000000004,0.27141866637459816,-0.3446666666666651,24.46,equatorial
15.77,24.31,28.5,20.81,86.01,0.53,1.51,4.57,0.62,0.63,2018-05-21,Yaounde_peri,2018,5,141,21,11.539999999999992,96.91,164.4,378.53,0.2645069815176595,0.1753333333333309,24.46,equatorial
16.53,24.24,28.28,21.06,86.72,2.15,1.46,4.39,0.61,0.63,2018-05-22,Yaounde_peri,2018,5,142,21,10.369999999999992,96.94,162.85999999999999,378.13,0.2620888296941092,0.10699999999999932,24.46,equatorial
19.8,24.6,28.68,21.43,87.4,0.25,1.49,3.71,0.6,0.62,2018-05-23,Yaounde_peri,2018,5,143,21,9.159999999999993,84.97999999999999,158.74,376.58000000000004,0.2530448045153309,0.4430000000000014,24.6,equatorial
16.47,23.71,26.45,21.96,90.98,0.71,1.53,1.88,0.6,0.62,2018-05-24,Yaounde_peri,2018,5,144,21,9.039999999999992,35.989999999999995,153.11,374.42,0.2404856443906896,-0.41699999999999804,24.6,equatorial
16.25,23.25,26.42,20.88,88.7,0.45,2.02,2.79,0.6,0.61,2018-05-25,Yaounde_peri,2018,5,145,21,8.249999999999993,32.68999999999999,149.08,372.65,0.23017663453150766,-0.8713333333333324,24.6,equatorial
18.35,23.79,27.98,20.41,85.41,1.52,1.15,4.23,0.59,0.61,2018-05-26,Yaounde_peri,2018,5,146,21,8.079999999999993,28.549999999999994,146.28,370.55,0.21796491751186142,-0.3030000000000044,24.6,equatorial
16.74,23.78,27.61,21.2,88.37,2.85,1.5,3.57,0.59,0.62,2018-05-27,Yaounde_peri,2018,5,147,21,8.459999999999994,27.82999999999999,147.47,335.92,0.018019488151998962,-0.2896666666666654,24.6,equatorial
14.99,23.38,25.66,21.41,91.91,1.16,1.42,1.63,0.59,0.61,2018-05-28,Yaounde_peri,2018,5,148,22,9.089999999999993,20.629999999999992,143.96000000000004,332.83000000000004,0.00017195265820109116,-0.652000000000001,24.6,equatorial
15.55,22.94,25.56,20.9,90.64,1.66,1.53,2.14,0.59,0.61,2018-05-29,Yaounde_peri,2018,5,149,22,8.599999999999993,18.96999999999999,126.18,332.58,-0.0012720875300067354,-1.0593333333333312,24.6,equatorial
14.27,23.3,26.39,20.86,91.73,2.95,1.93,2.79,0.6,0.62,2018-05-30,Yaounde_peri,2018,5,150,22,11.299999999999994,20.45999999999999,128.01000000000002,332.37,-0.002485001347206597,-0.6583333333333314,23.79,equatorial
16.1,24.29,28.53,20.83,86.55,1.31,1.3,4.05,0.6,0.61,2018-05-31,Yaounde_peri,2018,5,151,22,11.899999999999991,20.939999999999994,128.35,333.65999999999997,0.004972882297468249,0.33899999999999864,24.29,equatorial
13.44,24.7,28.58,21.73,83.75,1.59,0.93,3.83,0.59,0.61,2018-06-01,Yaounde_peri,2018,6,152,22,13.039999999999994,21.289999999999996,128.42000000000002,335.25,0.014165631198255082,0.7403333333333286,24.7,equatorial
17.66,24.8,29.48,20.78,83.44,2.68,0.96,5.1,0.59,0.61,2018-06-02,Yaounde_peri,2018,6,153,22,14.199999999999994,22.279999999999994,128.51000000000002,337.93,0.029664229270354316,0.8470000000000013,24.8,equatorial
15.27,24.77,28.82,21.59,87.17,2.86,1.45,4.26,0.58,0.61,2018-06-03,Yaounde_peri,2018,6,154,22,14.209999999999994,22.669999999999995,127.47,340.79,0.046204571363421695,0.8119999999999976,24.8,equatorial
16.4,24.04,27.61,21.47,88.38,2.57,1.49,3.2,0.59,0.61,2018-06-04,Yaounde_peri,2018,6,155,23,15.619999999999994,24.709999999999994,127.58000000000001,343.36,0.06106584032174764,0.081666666666667,24.8,equatorial
18.69,24.74,28.75,21.49,84.52,0.67,0.97,3.45,0.58,0.6,2018-06-05,Yaounde_peri,2018,6,156,23,14.629999999999994,23.229999999999997,127.06000000000002,339.46999999999997,0.03851008934543278,0.7780000000000022,24.8,equatorial
17.38,24.49,28.3,21.83,87.49,2.31,1.62,3.21,0.58,0.6,2018-06-06,Yaounde_peri,2018,6,157,23,13.989999999999993,25.289999999999996,124.60000000000001,336.39,0.020647861874083462,0.5126666666666679,24.8,equatorial
16.24,24.21,28.08,21.53,88.72,6.74,1.62,3.58,0.59,0.64,2018-06-07,Yaounde_peri,2018,6,158,23,19.419999999999995,31.319999999999993,129.22,335.98,0.018262962707024634,0.21966666666666512,24.8,equatorial
11.78,23.39,26.33,21.49,92.29,1.2,1.6,2.06,0.59,0.61,2018-06-08,Yaounde_peri,2018,6,159,23,19.029999999999994,32.06999999999999,118.21000000000001,334.85999999999996,0.011760733124718658,-0.5730000000000004,24.8,equatorial
18.46,24.31,28.47,21.15,84.48,0.56,1.1,3.95,0.59,0.6,2018-06-09,Yaounde_peri,2018,6,160,23,16.909999999999993,31.109999999999992,69.07000000000001,327.40999999999997,-0.031464244765281535,0.32999999999999474,24.77,equatorial
15.94,23.66,28.1,20.35,84.57,0.17,1.85,4.02,0.58,0.59,2018-06-10,Yaounde_peri,2018,6,161,23,14.219999999999994,28.429999999999996,65.49,326.76,-0.03522412181753927,-0.30033333333333445,24.74,equatorial
15.82,24.23,29.64,19.0,78.67,0.24,1.09,4.72,0.57,0.58,2018-06-11,Yaounde_peri,2018,6,162,24,11.889999999999993,27.509999999999994,60.07000000000001,326.04,-0.03939043086281034,0.23133333333333184,24.74,equatorial
16.4,25.15,30.03,20.72,79.07,0.2,1.09,4.67,0.57,0.58,2018-06-12,Yaounde_peri,2018,6,163,24,11.419999999999993,26.049999999999994,56.7,324.25,-0.04977163348328402,1.0883333333333312,25.15,equatorial
16.62,25.31,30.06,21.05,80.06,0.34,1.22,4.69,0.56,0.57,2018-06-13,Yaounde_peri,2018,6,164,24,9.449999999999994,23.439999999999994,48.68000000000001,321.67,-0.06474319192329586,1.164666666666669,25.31,equatorial
17.6,24.77,28.76,22.24,83.39,0.94,1.02,2.86,0.56,0.57,2018-06-14,Yaounde_peri,2018,6,165,24,3.649999999999993,23.069999999999993,46.300000000000004,321.3,-0.06686819872983721,0.5949999999999989,25.31,equatorial
17.8,24.4,28.64,21.17,85.9,1.49,1.71,3.57,0.55,0.57,2018-06-15,Yaounde_peri,2018,6,166,24,3.9399999999999933,22.96999999999999,46.330000000000005,322.34999999999997,-0.06073564859538108,0.22066666666666634,25.31,equatorial
16.4,24.35,28.73,20.94,87.07,5.16,2.19,4.13,0.56,0.59,2018-06-16,Yaounde_peri,2018,6,167,24,8.539999999999992,25.449999999999996,50.66,326.61,-0.035928950698006244,0.17433333333333323,25.31,equatorial
13.61,23.53,27.17,20.98,90.27,5.38,2.12,3.13,0.56,0.6,2018-06-17,Yaounde_peri,2018,6,168,24,13.749999999999993,27.969999999999995,54.800000000000004,331.09,-0.009841914785829148,-0.6233333333333313,25.31,equatorial
13.72,23.41,27.05,20.99,90.19,5.2,3.12,3.71,0.57,0.61,2018-06-18,Yaounde_peri,2018,6,169,25,18.709999999999994,30.599999999999994,58.31,335.89,0.01810822061714835,-0.7106666666666683,25.31,equatorial
9.22,21.4,24.67,19.22,89.99,16.07,3.37,3.45,0.59,0.66,2018-06-19,Yaounde_peri,2018,6,170,25,34.58,45.99999999999999,71.91,350.90999999999997,0.10558370983503662,-2.6416666666666693,25.31,equatorial
15.16,21.14,23.35,19.31,93.26,8.74,2.12,2.39,0.61,0.66,2018-06-20,Yaounde_peri,2018,6,171,25,42.97999999999999,52.43,80.12,351.34,0.1080470589868965,-2.795999999999996,24.77,equatorial
15.25,22.11,26.46,18.89,88.01,2.12,1.94,4.94,0.61,0.63,2018-06-21,Yaounde_peri,2018,6,172,25,44.16,47.809999999999995,80.09,346.96999999999997,0.08253153541793092,-1.754999999999999,24.4,equatorial
15.55,22.96,27.36,19.65,87.78,2.52,1.84,4.82,0.61,0.62,2018-06-22,Yaounde_peri,2018,6,173,25,45.18999999999999,49.129999999999995,82.36000000000001,334.29,0.008558331499200739,-0.8503333333333316,24.35,equatorial
14.41,22.25,25.33,20.34,92.64,25.41,1.9,3.0,0.62,0.72,2018-06-23,Yaounde_peri,2018,6,174,25,65.44,73.97999999999999,107.06,357.7,0.14511806000488994,-1.5116666666666667,23.53,equatorial
15.83,22.89,26.54,19.68,87.06,5.39,1.43,4.6,0.65,0.68,2018-06-24,Yaounde_peri,2018,6,175,25,65.44999999999999,79.19999999999999,112.0,362.62,0.17377127803863635,-0.8596666666666657,23.41,equatorial
16.58,22.45,25.89,20.17,91.28,3.95,1.61,3.03,0.65,0.67,2018-06-25,Yaounde_peri,2018,6,176,26,64.19999999999999,82.91,114.43,366.53,0.19652688801184234,-1.254999999999999,22.96,equatorial
16.12,22.72,26.17,20.11,89.97,2.39,1.65,3.34,0.64,0.66,2018-06-26,Yaounde_peri,2018,6,177,26,50.51999999999999,85.1,113.97,368.68,0.209002761488327,-0.9496666666666655,22.96,equatorial
15.64,22.97,26.61,20.39,90.39,3.94,2.17,3.96,0.63,0.66,2018-06-27,Yaounde_peri,2018,6,178,26,45.71999999999999,88.69999999999999,116.75,371.76000000000005,0.22691103614642288,-0.6859999999999999,22.97,equatorial
18.29,22.52,25.73,20.35,89.82,1.92,1.98,3.09,0.63,0.65,2018-06-28,Yaounde_peri,2018,6,179,26,45.51999999999999,89.67999999999999,117.00999999999999,373.29999999999995,0.23581773211823925,-1.1219999999999999,22.97,equatorial
13.86,22.89,27.27,19.95,88.55,5.08,1.8,4.46,0.62,0.65,2018-06-29,Yaounde_peri,2018,6,180,26,48.07999999999999,93.27,119.14,378.08000000000004,0.2636660398028869,-0.7383333333333297,22.97,equatorial
12.17,22.37,26.07,20.08,90.89,9.24,2.72,3.61,0.64,0.68,2018-06-30,Yaounde_peri,2018,6,181,26,31.909999999999993,97.35,127.07000000000001,372.24,0.22940015952553938,-1.1943333333333293,22.97,equatorial
11.27,22.18,25.6,19.93,90.05,4.57,1.68,3.44,0.64,0.67,2018-07-01,Yaounde_peri,2018,7,182,26,31.089999999999993,96.53999999999999,130.05,354.73,0.12685616970973618,-1.300333333333331,22.97,equatorial
14.79,22.3,25.75,19.84,89.93,3.94,1.88,3.62,0.64,0.66,2018-07-02,Yaounde_peri,2018,7,183,27,31.079999999999995,95.28,131.31,358.14000000000004,0.1467654596651661,-1.0969999999999978,22.97,equatorial
14.69,22.8,26.4,19.92,88.44,1.53,1.35,3.17,0.63,0.65,2018-07-03,Yaounde_peri,2018,7,184,27,30.21999999999999,80.74,129.98000000000002,358.5,0.14881490506912778,-0.5313333333333361,22.97,equatorial
17.12,23.44,26.85,20.71,85.45,3.58,0.91,3.77,0.63,0.65,2018-07-04,Yaounde_peri,2018,7,185,27,29.859999999999996,75.58,130.99,359.56000000000006,0.15496475626751666,0.12866666666667115,23.44,equatorial
13.94,23.74,27.86,20.75,83.72,3.82,1.03,4.22,0.62,0.65,2018-07-05,Yaounde_peri,2018,7,186,27,31.759999999999994,77.27999999999999,134.14,359.54,0.1547857019571702,0.4619999999999962,23.74,equatorial
14.65,23.33,26.5,20.42,86.77,10.85,0.92,3.23,0.63,0.69,2018-07-06,Yaounde_peri,2018,7,187,27,37.52999999999999,85.61,142.68,367.28,0.20009692569855228,0.09066666666666379,23.74,equatorial
14.1,23.93,27.98,20.31,82.54,2.26,0.89,4.71,0.63,0.65,2018-07-07,Yaounde_peri,2018,7,188,27,30.54999999999999,62.459999999999994,138.20000000000002,369.3,0.21186174230069976,0.6999999999999993,23.93,equatorial
15.97,23.73,27.83,20.36,84.53,1.92,1.41,4.33,0.63,0.65,2018-07-08,Yaounde_peri,2018,7,189,27,27.89999999999999,58.989999999999995,138.92,361.0,0.1630837214841633,0.488666666666667,23.93,equatorial
13.9,23.4,27.28,20.28,85.94,3.84,1.25,4.14,0.62,0.65,2018-07-09,Yaounde_peri,2018,7,190,28,27.79999999999999,58.87999999999999,142.2,361.83000000000004,0.16788975082070734,0.18900000000000006,23.93,equatorial
16.92,23.88,29.15,19.52,81.62,0.12,1.14,4.98,0.61,0.63,2018-07-10,Yaounde_peri,2018,7,191,28,26.389999999999993,56.60999999999999,142.15,359.74,0.15555231376708928,0.6616666666666688,23.93,equatorial
16.58,24.43,28.69,19.94,79.92,0.08,0.97,4.43,0.6,0.62,2018-07-11,Yaounde_peri,2018,7,192,28,22.88999999999999,52.74999999999999,141.98999999999998,359.27000000000004,0.15273007132100958,1.2049999999999983,24.43,equatorial
15.08,23.77,27.38,20.62,85.11,0.38,1.39,3.28,0.6,0.61,2018-07-12,Yaounde_peri,2018,7,193,28,19.44999999999999,51.209999999999994,142.17,358.49,0.14808659251109604,0.5910000000000011,24.43,equatorial
14.74,23.1,26.74,20.39,84.6,0.9,1.43,3.02,0.59,0.61,2018-07-13,Yaounde_peri,2018,7,194,28,9.499999999999993,47.02999999999999,142.73,358.65999999999997,0.14902718366039222,-0.005333333333336299,24.43,equatorial
15.9,23.37,27.98,20.02,84.79,0.25,2.16,4.68,0.59,0.6,2018-07-14,Yaounde_peri,2018,7,195,28,7.489999999999993,38.03999999999999,142.04,357.71,0.1433822442844473,0.3113333333333337,24.43,equatorial
15.5,23.71,28.29,19.86,86.11,1.95,2.06,4.71,0.58,0.59,2018-07-15,Yaounde_peri,2018,7,196,28,7.5199999999999925,35.41999999999999,142.5,358.60999999999996,0.14861963336067746,0.6743333333333368,24.43,equatorial
15.5,22.82,25.96,21.1,91.42,11.34,1.87,2.78,0.59,0.65,2018-07-16,Yaounde_peri,2018,7,197,29,15.019999999999992,42.81999999999999,148.68,367.45,0.2005787920918972,-0.1646666666666654,24.43,equatorial
12.98,23.16,27.04,20.4,88.7,4.77,1.73,3.78,0.6,0.65,2018-07-17,Yaounde_peri,2018,7,198,29,19.669999999999995,46.05999999999999,148.07,370.03,0.21568532377237265,0.18766666666666865,24.43,equatorial
12.66,23.66,27.75,20.37,87.73,4.7,1.43,4.33,0.6,0.63,2018-07-18,Yaounde_peri,2018,7,199,29,24.289999999999992,47.17999999999999,147.57000000000002,369.15999999999997,0.21047510718877696,0.6793333333333358,23.77,equatorial
11.32,23.03,27.04,20.77,89.41,7.68,1.56,3.81,0.6,0.65,2018-07-19,Yaounde_peri,2018,7,200,29,31.589999999999993,51.03999999999999,139.17999999999998,375.42,0.24726654469101286,-0.005000000000002558,23.71,equatorial
10.97,22.55,26.43,19.84,88.91,1.95,2.25,3.5,0.61,0.64,2018-07-20,Yaounde_peri,2018,7,201,29,32.63999999999999,42.13999999999999,132.39000000000001,376.90999999999997,0.25594576404583647,-0.532,23.71,equatorial
13.18,23.72,28.16,19.77,84.72,0.53,1.39,4.32,0.6,0.62,2018-07-21,Yaounde_peri,2018,7,202,29,32.919999999999995,40.40999999999999,130.8,373.75,0.2372126476458091,0.5843333333333298,23.72,equatorial
14.46,23.91,27.59,20.81,86.62,0.8,1.18,2.87,0.6,0.61,2018-07-22,Yaounde_peri,2018,7,203,29,31.76999999999999,39.28999999999999,129.07999999999998,370.18,0.21606329762981089,0.7426666666666684,23.91,equatorial
13.17,24.09,28.21,21.01,87.17,6.09,1.31,3.95,0.6,0.64,2018-07-23,Yaounde_peri,2018,7,204,30,26.519999999999996,41.53999999999999,109.75999999999999,369.93,0.21450151599053496,0.8613333333333344,24.09,equatorial
11.85,23.55,27.58,20.74,88.81,1.42,2.83,4.02,0.6,0.61,2018-07-24,Yaounde_peri,2018,7,205,30,23.16999999999999,42.839999999999996,105.78999999999999,366.87,0.19635647374443335,0.29933333333333323,24.09,equatorial
10.97,23.03,26.86,20.5,90.34,11.77,2.77,3.81,0.6,0.66,2018-07-25,Yaounde_peri,2018,7,206,30,30.23999999999999,54.52999999999999,113.61,374.32,0.24026102948567038,-0.23999999999999488,24.09,equatorial
10.83,22.09,24.94,20.45,92.36,13.98,3.24,3.14,0.63,0.7,2018-07-26,Yaounde_peri,2018,7,207,30,36.53999999999999,68.13,125.2,386.64,0.3129215154146015,-1.1590000000000025,24.09,equatorial
11.7,22.06,25.88,19.82,89.47,1.66,2.55,3.68,0.63,0.65,2018-07-27,Yaounde_peri,2018,7,208,30,36.24999999999999,68.88999999999999,122.91999999999999,383.63,0.29500790515308906,-1.1586666666666687,24.09,equatorial
15.28,22.56,26.64,19.66,88.96,2.06,2.37,4.16,0.63,0.64,2018-07-28,Yaounde_peri,2018,7,209,30,37.779999999999994,70.69999999999999,123.06,366.25,0.1921708002371367,-0.6600000000000037,24.09,equatorial
16.97,21.98,25.16,19.56,90.17,3.61,2.64,3.56,0.62,0.65,2018-07-29,Yaounde_peri,2018,7,210,30,40.58999999999999,72.35999999999999,121.58999999999999,368.74,0.20681602481838754,-1.2096666666666671,24.09,equatorial
13.94,22.33,26.48,19.08,88.79,2.15,2.3,4.25,0.62,0.64,2018-07-30,Yaounde_peri,2018,7,211,31,36.64999999999999,63.169999999999995,114.5,369.92,0.21371253418843986,-0.8583333333333378,23.55,equatorial
14.35,22.31,26.28,19.56,89.57,2.76,2.45,3.98,0.61,0.64,2018-07-31,Yaounde_peri,2018,7,212,31,37.989999999999995,61.15999999999999,112.69,371.16,0.22096364268244642,-0.8826666666666654,23.03,equatorial
12.8,22.34,26.54,19.3,88.53,3.12,2.55,4.4,0.61,0.63,2018-08-01,Yaounde_peri,2018,8,213,31,29.339999999999993,59.57999999999999,111.86999999999999,371.69,0.22401205880146494,-0.8540000000000028,22.56,equatorial
19.08,22.7,27.29,18.92,86.04,0.76,2.38,4.79,0.61,0.62,2018-08-02,Yaounde_peri,2018,8,214,31,16.119999999999994,52.65999999999999,111.1,368.55,0.20533088111146,-0.4906666666666659,22.7,equatorial
13.86,23.22,28.01,19.36,85.18,1.13,1.63,4.84,0.6,0.61,2018-08-03,Yaounde_peri,2018,8,215,31,15.589999999999993,51.839999999999996,108.64999999999999,367.22,0.19737166125055713,0.03666666666666529,23.22,equatorial
14.36,22.78,26.59,19.99,88.99,1.83,1.92,2.9,0.59,0.61,2018-08-04,Yaounde_peri,2018,8,216,31,15.359999999999994,53.13999999999999,106.66,367.86,0.2010857008412654,-0.3713333333333324,23.22,equatorial
13.32,22.15,25.53,19.77,90.64,2.12,2.36,2.67,0.59,0.61,2018-08-05,Yaounde_peri,2018,8,217,31,13.869999999999992,54.459999999999994,97.93,365.21,0.18529842258067214,-0.9620000000000033,23.22,equatorial
13.73,22.81,27.2,19.58,87.22,1.43,2.34,4.21,0.59,0.6,2018-08-06,Yaounde_peri,2018,8,218,32,13.149999999999991,49.79999999999999,97.1,364.52,0.18113409046873724,-0.2646666666666668,23.22,equatorial
13.44,23.25,28.13,19.22,84.58,1.47,1.99,5.14,0.59,0.6,2018-08-07,Yaounde_peri,2018,8,219,32,11.859999999999994,49.84999999999999,96.64999999999999,353.78,0.11735453793719663,0.1913333333333327,23.25,equatorial
11.43,22.39,25.22,20.12,89.82,4.83,1.77,2.6,0.58,0.62,2018-08-08,Yaounde_peri,2018,8,220,32,13.569999999999993,42.91,97.64,308.91,-0.14895939921171836,-0.634999999999998,23.25,equatorial
17.19,22.91,26.96,20.05,87.91,2.34,1.45,3.48,0.59,0.61,2018-08-09,Yaounde_peri,2018,8,221,32,15.149999999999993,31.26999999999999,99.86,307.5,-0.15727183359021848,-0.08266666666666467,23.25,equatorial
16.37,23.85,28.78,19.66,85.27,1.43,1.81,4.95,0.59,0.6,2018-08-10,Yaounde_peri,2018,8,222,32,15.449999999999992,31.039999999999996,101.21,303.27,-0.18233052004653327,0.8766666666666687,23.85,equatorial
17.86,23.21,27.21,20.22,89.33,4.53,2.73,3.73,0.58,0.61,2018-08-11,Yaounde_peri,2018,8,223,32,18.14999999999999,33.50999999999999,105.36,304.23,-0.1765561243982024,0.2553333333333363,23.85,equatorial
14.23,22.83,26.43,20.47,90.07,7.96,1.84,3.54,0.59,0.64,2018-08-12,Yaounde_peri,2018,8,224,32,23.989999999999995,37.85999999999999,112.42,303.83,-0.1788643340542173,-0.11566666666666947,23.85,equatorial
17.07,23.28,28.09,19.52,84.8,1.08,2.38,5.19,0.59,0.6,2018-08-13,Yaounde_peri,2018,8,225,33,23.639999999999993,36.78999999999999,113.25,301.59,-0.19211130672278828,0.33733333333333704,23.85,equatorial
13.48,23.64,28.26,19.64,85.17,4.26,1.5,4.91,0.59,0.61,2018-08-14,Yaounde_peri,2018,8,226,33,26.429999999999993,38.28999999999999,115.56,304.39,-0.1753839113672918,0.6996666666666655,23.85,equatorial
14.92,23.83,28.32,20.63,87.82,6.01,1.89,4.58,0.59,0.62,2018-08-15,Yaounde_peri,2018,8,227,33,27.609999999999992,41.17999999999999,110.23,309.57000000000005,-0.14449764980323374,0.8559999999999981,23.85,equatorial
13.39,22.34,24.46,20.75,93.4,7.33,2.71,2.27,0.6,0.64,2018-08-16,Yaounde_peri,2018,8,228,33,32.599999999999994,47.74999999999999,112.79,315.66,-0.10819619641551222,-0.6066666666666656,23.85,equatorial
14.22,21.81,24.43,20.01,93.14,14.6,2.57,2.55,0.61,0.69,2018-08-17,Yaounde_peri,2018,8,229,33,45.76999999999999,61.21999999999999,122.69,328.57,-0.031288957649121665,-1.0750000000000028,23.83,equatorial
12.26,22.64,26.9,19.64,88.76,7.53,2.39,4.77,0.63,0.68,2018-08-18,Yaounde_peri,2018,8,230,33,48.76999999999999,66.91999999999999,122.53999999999999,333.63,-0.0011384344517140644,-0.23199999999999932,23.83,equatorial
12.79,22.76,26.71,19.85,88.46,6.5,2.68,5.36,0.63,0.66,2018-08-19,Yaounde_peri,2018,8,231,33,47.30999999999999,71.29999999999998,127.09,339.6,0.0344343533052907,-0.11899999999999977,23.83,equatorial
9.76,22.14,25.69,19.95,89.76,5.7,2.98,4.33,0.63,0.66,2018-08-20,Yaounde_peri,2018,8,232,34,51.92999999999999,75.57,132.26,343.15,0.05558206032355161,-0.6863333333333301,23.83,equatorial
11.19,22.34,26.36,19.24,89.55,5.82,2.87,4.32,0.63,0.66,2018-08-21,Yaounde_peri,2018,8,233,34,53.489999999999995,79.92,137.28,348.71999999999997,0.088774867171148,-0.43400000000000105,23.83,equatorial
12.83,22.45,26.6,19.73,90.3,3.98,2.58,4.14,0.63,0.66,2018-08-22,Yaounde_peri,2018,8,234,34,51.459999999999994,79.07,135.17,351.99,0.10824737284890742,-0.2693333333333321,22.76,equatorial
15.56,22.54,26.62,19.55,89.45,4.25,2.17,4.44,0.62,0.65,2018-08-23,Yaounde_peri,2018,8,235,34,48.379999999999995,80.97999999999999,138.0,355.79,0.13088224389880368,-0.1456666666666706,22.76,equatorial
14.84,22.38,25.85,19.85,90.24,1.27,2.3,3.11,0.62,0.64,2018-08-24,Yaounde_peri,2018,8,236,34,35.05,80.82,127.5,355.53999999999996,0.129339910732677,-0.2839999999999989,22.76,equatorial
17.38,22.53,26.88,19.15,87.17,0.25,1.89,3.8,0.62,0.63,2018-08-25,Yaounde_peri,2018,8,237,34,27.769999999999996,76.53999999999999,113.77,352.94,0.11376398807244771,-0.14866666666666717,22.76,equatorial
15.26,23.53,28.27,19.75,86.38,0.87,1.67,4.43,0.61,0.62,2018-08-26,Yaounde_peri,2018,8,238,34,22.139999999999993,69.44999999999999,112.98,352.65,0.11198835760374308,0.8023333333333369,23.53,equatorial
14.58,22.58,25.71,20.45,85.22,0.88,2.18,2.96,0.6,0.62,2018-08-27,Yaounde_peri,2018,8,239,35,17.319999999999993,69.25,111.8,351.87,0.1072844537563248,-0.14833333333333698,23.53,equatorial
18.49,22.29,25.92,18.93,88.69,1.11,1.55,2.65,0.6,0.61,2018-08-28,Yaounde_peri,2018,8,240,35,12.609999999999994,66.1,109.3,350.03,0.09624350267570628,-0.4486666666666679,23.53,equatorial
17.75,23.27,27.39,20.52,89.31,6.37,2.52,4.35,0.6,0.64,2018-08-29,Yaounde_peri,2018,8,241,35,14.999999999999993,66.46,113.52,355.09000000000003,0.12646935519492428,0.5000000000000036,23.53,equatorial
14.74,22.72,26.42,20.28,90.16,8.61,2.28,4.13,0.61,0.66,2018-08-30,Yaounde_peri,2018,8,242,35,19.359999999999992,67.74,119.37,362.11,0.16842066233024064,-0.06366666666666632,23.53,equatorial
12.18,22.4,25.48,19.92,90.9,9.09,2.01,3.49,0.62,0.67,2018-08-31,Yaounde_peri,2018,8,243,35,27.179999999999993,62.22999999999999,125.34,368.52,0.20671918497111105,-0.3856666666666655,23.53,equatorial
14.34,22.11,25.28,19.96,90.26,20.25,2.36,4.07,0.63,0.71,2018-09-01,Yaounde_peri,2018,9,244,35,47.17999999999999,74.94999999999999,144.82999999999998,385.90999999999997,0.31074956692943845,-0.6560000000000024,23.53,equatorial
9.53,21.93,24.79,20.11,91.2,9.17,1.95,3.56,0.66,0.71,2018-09-02,Yaounde_peri,2018,9,245,35,55.48,77.61999999999999,152.87,392.51,0.35014708952128554,-0.7930000000000028,23.27,equatorial
15.58,22.85,26.79,20.03,89.84,1.39,2.13,3.82,0.66,0.67,2018-09-03,Yaounde_peri,2018,9,246,36,55.989999999999995,73.30999999999999,152.42999999999998,393.23,0.35431381400872675,0.12466666666666981,23.27,equatorial
16.34,23.04,26.84,20.23,90.04,2.37,2.07,3.84,0.65,0.66,2018-09-04,Yaounde_peri,2018,9,247,36,57.24999999999999,69.85999999999999,152.68,393.29,0.3545249539386821,0.28500000000000014,23.27,equatorial
13.38,22.87,26.17,20.53,91.85,5.07,1.71,3.06,0.64,0.67,2018-09-05,Yaounde_peri,2018,9,248,36,55.949999999999996,70.94999999999999,156.32,391.62,0.3443659851663284,0.11299999999999955,23.04,equatorial
15.08,22.62,25.91,20.46,91.04,2.71,1.99,3.4,0.64,0.66,2018-09-06,Yaounde_peri,2018,9,249,36,50.04999999999999,69.40999999999998,157.56,393.13,0.35327730525641743,-0.11599999999999966,23.04,equatorial
15.27,22.84,26.48,20.26,89.74,7.19,2.19,3.88,0.64,0.66,2018-09-07,Yaounde_peri,2018,9,250,36,48.14999999999999,75.33,159.92,399.76000000000005,0.3928975838842318,0.08900000000000219,23.04,equatorial
12.29,22.1,24.18,20.54,93.43,16.26,1.84,2.2,0.66,0.74,2018-09-08,Yaounde_peri,2018,9,251,36,44.16,91.34,173.84,415.85,0.4892641096776791,-0.6239999999999988,23.04,equatorial
15.88,23.23,27.24,20.22,89.46,5.2,1.65,4.74,0.66,0.69,2018-09-09,Yaounde_peri,2018,9,252,36,40.19,95.66999999999999,177.61,420.81,0.5188041544202839,0.5266666666666673,23.23,equatorial
12.27,22.5,24.89,20.57,88.56,6.55,1.13,2.71,0.66,0.7,2018-09-10,Yaounde_peri,2018,9,253,37,45.349999999999994,101.34,179.63000000000002,427.16,0.5566753082575044,-0.17966666666666598,23.23,equatorial
14.98,23.82,28.48,19.58,79.94,1.85,0.87,5.75,0.66,0.68,2018-09-11,Yaounde_peri,2018,9,254,37,44.83,102.08,173.52,428.66999999999996,0.5654710033099686,1.107333333333333,23.82,equatorial
16.33,23.39,27.26,19.9,84.94,3.3,1.2,4.53,0.65,0.67,2018-09-12,Yaounde_peri,2018,9,255,37,43.059999999999995,99.00999999999999,175.74,431.03,0.5793671345473884,0.6736666666666657,23.82,equatorial
17.51,23.04,26.89,20.34,88.58,4.52,1.71,4.69,0.64,0.67,2018-09-13,Yaounde_peri,2018,9,256,37,44.87,94.91999999999999,176.0,434.06,0.5972808666193263,0.34366666666666745,23.82,equatorial
16.94,23.47,27.47,19.95,86.26,1.7,1.6,5.08,0.63,0.65,2018-09-14,Yaounde_peri,2018,9,257,37,39.379999999999995,87.52999999999999,171.69000000000003,430.6,0.5761938838035999,0.7856666666666676,23.82,equatorial
17.57,22.92,26.42,20.4,89.02,5.26,1.28,3.5,0.63,0.67,2018-09-15,Yaounde_peri,2018,9,258,37,28.379999999999992,72.54,169.62,430.48,0.5751894259654475,0.21633333333333482,23.82,equatorial
17.44,23.48,27.96,19.64,87.24,4.91,1.26,4.6,0.63,0.66,2018-09-16,Yaounde_peri,2018,9,259,37,28.089999999999993,68.28,159.93,430.19,0.5731638559188704,0.7206666666666663,23.82,equatorial
17.64,23.09,26.57,20.59,90.27,4.57,1.75,3.67,0.63,0.66,2018-09-17,Yaounde_peri,2018,9,260,38,26.109999999999992,71.46,156.97,418.69000000000005,0.5037358097524912,0.3156666666666652,23.82,equatorial
16.85,22.59,25.43,20.72,92.85,5.79,1.87,2.91,0.64,0.67,2018-09-18,Yaounde_peri,2018,9,261,38,30.04999999999999,74.88000000000001,156.26000000000002,415.74,0.48575960351875747,-0.17866666666666475,23.48,equatorial
17.22,24.0,28.15,19.86,82.2,1.8,1.05,5.42,0.64,0.65,2018-09-19,Yaounde_peri,2018,9,262,38,28.549999999999994,71.61,152.36,415.42,0.4836133458732819,1.1693333333333342,24.0,equatorial
16.82,24.34,27.73,21.0,83.62,3.0,1.12,3.94,0.63,0.65,2018-09-20,Yaounde_peri,2018,9,263,38,27.029999999999994,71.9,149.54,415.9,0.4862826457032474,1.4426666666666677,24.34,equatorial
15.05,23.7,27.03,21.03,89.21,6.54,1.14,3.03,0.63,0.67,2018-09-21,Yaounde_peri,2018,9,264,38,31.86999999999999,71.24999999999999,152.1,397.03000000000003,0.372459230881904,0.7609999999999957,24.34,equatorial
16.91,23.19,27.14,20.14,85.88,3.5,1.51,3.48,0.63,0.66,2018-09-22,Yaounde_peri,2018,9,265,38,30.109999999999992,58.489999999999995,151.35,395.14000000000004,0.36092092833700745,0.2293333333333365,24.34,equatorial
14.53,23.14,27.57,19.28,89.84,3.86,1.31,3.97,0.63,0.66,2018-09-23,Yaounde_peri,2018,9,266,38,29.059999999999995,57.14999999999999,153.94,395.05,0.3602290372716507,0.15400000000000347,24.34,equatorial
17.9,23.35,26.44,21.09,88.01,3.31,1.23,3.36,0.63,0.66,2018-09-24,Yaounde_peri,2018,9,267,39,27.799999999999994,53.91,157.0,395.96999999999997,0.36562409350009945,0.33666666666666956,24.34,equatorial
13.6,23.12,26.4,20.59,87.38,2.35,1.35,3.33,0.63,0.65,2018-09-25,Yaounde_peri,2018,9,268,39,24.359999999999992,54.40999999999999,158.48,394.38,0.35588718423202087,0.12033333333333474,24.34,equatorial
18.24,23.97,28.75,20.15,85.97,3.26,1.31,5.58,0.62,0.65,2018-09-26,Yaounde_peri,2018,9,269,39,25.819999999999993,54.37,160.85999999999999,395.72,0.3638209300589541,0.9239999999999995,24.34,equatorial
16.28,22.82,25.58,21.2,91.17,13.51,2.12,2.58,0.64,0.7,2018-09-27,Yaounde_peri,2018,9,270,39,36.32999999999999,63.35999999999999,173.26000000000002,404.15,0.4145202679751123,-0.24366666666666958,23.97,equatorial
17.78,23.14,27.13,20.59,89.06,1.83,1.57,3.99,0.64,0.66,2018-09-28,Yaounde_peri,2018,9,271,39,31.619999999999994,63.489999999999995,168.72,396.74,0.36963181142650864,0.08066666666666578,23.97,equatorial
19.12,24.08,27.99,20.45,84.29,1.66,1.03,4.15,0.64,0.65,2018-09-29,Yaounde_peri,2018,9,272,39,29.77999999999999,59.889999999999986,161.76999999999998,393.83,0.3519137897560509,0.9753333333333316,24.08,equatorial
17.33,24.52,28.9,20.78,86.0,3.49,1.1,4.68,0.63,0.65,2018-09-30,Yaounde_peri,2018,9,273,39,29.40999999999999,58.46999999999999,156.17000000000002,393.38,0.3490523498831666,1.3446666666666651,24.52,equatorial
14.63,23.68,27.3,21.3,87.15,8.53,1.04,3.75,0.63,0.66,2018-10-01,Yaounde_peri,2018,10,274,40,34.629999999999995,62.42999999999999,144.45000000000002,400.38,0.39118778344824123,0.4523333333333319,24.52,equatorial
12.95,22.51,25.69,20.19,91.48,32.34,1.88,3.85,0.69,0.79,2018-10-02,Yaounde_peri,2018,10,275,40,64.62,88.97999999999999,167.62,429.14,0.564762655393112,-0.7369999999999983,24.52,equatorial
19.56,23.61,27.72,20.1,88.08,1.03,2.17,5.27,0.68,0.69,2018-10-03,Yaounde_peri,2018,10,276,40,62.39,88.21,167.26000000000002,426.34999999999997,0.5476341362224916,0.3376666666666637,24.52,equatorial
16.51,22.97,26.09,20.77,91.81,4.18,2.12,3.36,0.67,0.69,2018-10-04,Yaounde_peri,2018,10,277,40,53.06,89.39,169.07000000000002,419.68,0.5070632266569164,-0.3000000000000007,24.52,equatorial
16.75,23.75,27.43,20.59,87.68,5.54,1.27,4.59,0.66,0.69,2018-10-05,Yaounde_peri,2018,10,278,40,56.77,88.38999999999999,169.54,422.96000000000004,0.5266604486828339,0.45066666666666677,24.52,equatorial
11.05,23.75,27.08,21.36,88.4,54.57,1.15,3.91,0.73,0.83,2018-10-06,Yaounde_peri,2018,10,279,40,109.68,139.45999999999998,221.4,475.61,0.8447195593164083,0.41300000000000026,24.52,equatorial
20.18,24.54,28.91,20.13,82.1,0.85,1.17,6.06,0.73,0.73,2018-10-07,Yaounde_peri,2018,10,280,40,107.04,136.45000000000002,215.06,472.62,0.8261196892483779,1.146333333333331,24.54,equatorial
16.69,24.08,27.86,20.89,86.96,1.62,1.23,3.87,0.71,0.71,2018-10-08,Yaounde_peri,2018,10,281,41,100.13000000000001,134.76000000000002,200.42,474.12000000000006,0.8346835581488353,0.6203333333333276,24.54,equatorial
17.24,23.17,26.22,21.1,92.35,7.02,1.89,2.99,0.7,0.72,2018-10-09,Yaounde_peri,2018,10,282,41,74.81,139.42999999999998,202.24,481.06,0.8761290318991555,-0.2876666666666665,24.54,equatorial
13.49,23.57,27.23,20.48,88.02,3.93,1.07,3.94,0.69,0.72,2018-10-10,Yaounde_peri,2018,10,283,41,77.71,140.1,199.62,484.61,0.8970315297486929,0.07666666666666799,24.54,equatorial
13.41,23.28,26.8,20.64,89.82,6.06,1.08,3.47,0.69,0.71,2018-10-11,Yaounde_peri,2018,10,284,41,79.59,132.65,203.83,489.77000000000004,0.9276439678123263,-0.19533333333333047,24.54,equatorial
13.12,22.72,26.76,19.65,87.74,8.51,1.25,4.48,0.69,0.73,2018-10-12,Yaounde_peri,2018,10,285,41,82.56,139.32999999999998,209.04,498.03000000000003,0.9769600448139826,-0.732999999999997,24.54,equatorial
16.24,23.41,27.25,20.52,88.94,3.9,1.24,3.92,0.69,0.71,2018-10-13,Yaounde_peri,2018,10,286,41,31.89,141.57,208.42000000000002,499.98,0.9880588127023087,-0.055333333333333456,24.54,equatorial
12.92,22.96,26.2,20.56,92.92,23.11,1.86,3.4,0.7,0.77,2018-10-14,Yaounde_peri,2018,10,287,41,54.15,161.19,229.82999999999998,511.75,1.0585066805155887,-0.48833333333332973,24.08,equatorial
17.79,23.29,26.5,20.8,87.21,23.46,0.81,3.27,0.74,0.81,2018-10-15,Yaounde_peri,2018,10,288,42,75.99000000000001,176.12,248.03,530.44,1.1706545431544664,-0.1706666666666692,23.57,equatorial
15.42,23.36,27.17,20.32,88.92,3.44,1.14,3.79,0.73,0.74,2018-10-16,Yaounde_peri,2018,10,289,42,72.41000000000001,147.21999999999997,246.56,529.18,1.1620400074079196,-0.09666666666666757,23.57,equatorial
19.39,23.2,26.53,20.91,90.48,3.64,1.38,3.07,0.72,0.74,2018-10-17,Yaounde_peri,2018,10,290,42,72.12,149.83,245.63000000000002,525.14,1.1366466313339212,-0.26033333333333175,23.41,equatorial
11.05,23.71,27.15,20.53,84.69,3.55,1.05,4.1,0.71,0.73,2018-10-18,Yaounde_peri,2018,10,291,42,69.61,149.2,243.39,526.74,1.145373835065399,0.21233333333333348,23.71,equatorial
21.5,24.37,28.94,20.1,82.96,0.44,1.29,5.71,0.7,0.71,2018-10-19,Yaounde_peri,2018,10,292,42,61.54,144.09999999999997,242.03,526.65,1.143876724192768,0.8599999999999994,24.37,equatorial
20.06,24.83,28.9,20.73,83.34,1.22,1.73,5.3,0.68,0.69,2018-10-20,Yaounde_peri,2018,10,293,42,58.86,90.74999999999999,240.25,527.07,1.1454633200160904,1.3036666666666648,24.83,equatorial
17.74,24.65,27.62,21.76,86.65,3.17,1.27,3.21,0.67,0.7,2018-10-21,Yaounde_peri,2018,10,294,42,38.92,93.07,236.88000000000002,524.15,1.1268764051714932,1.0919999999999987,24.83,equatorial
15.19,23.88,27.0,21.67,89.83,6.1,1.45,2.49,0.67,0.7,2018-10-22,Yaounde_peri,2018,10,295,43,21.56,97.54999999999998,239.48000000000002,528.83,1.1542181075421458,0.29899999999999594,24.83,equatorial
15.51,23.19,25.91,21.16,92.43,8.75,1.56,2.57,0.69,0.73,2018-10-23,Yaounde_peri,2018,10,296,43,26.869999999999997,99.27999999999999,244.37,525.81,1.1350173272150328,-0.39266666666666694,24.83,equatorial
20.95,23.84,27.42,20.64,86.03,3.4,1.4,3.99,0.69,0.71,2018-10-24,Yaounde_peri,2018,10,297,43,26.629999999999995,98.75,244.46,515.23,1.0702051818770963,0.24099999999999966,24.83,equatorial
16.6,23.61,26.85,20.58,85.42,12.96,0.71,3.25,0.7,0.75,2018-10-25,Yaounde_peri,2018,10,298,43,36.04,105.64999999999999,255.07,526.5300000000001,1.1376058059793452,-0.005333333333336299,24.83,equatorial
7.76,23.05,26.88,20.21,87.8,5.36,1.59,4.12,0.7,0.72,2018-10-26,Yaounde_peri,2018,10,299,43,40.96,102.49999999999999,257.17,529.8299999999999,1.1565903837171008,-0.5346666666666664,24.83,equatorial
19.49,22.93,27.17,19.39,87.47,0.47,2.1,3.1,0.7,0.71,2018-10-27,Yaounde_peri,2018,10,300,43,40.21,99.07000000000001,244.13,526.6899999999999,1.1366708604982314,-0.6583333333333314,24.65,equatorial
7.53,24.17,28.16,20.33,86.2,8.25,1.38,4.29,0.69,0.72,2018-10-28,Yaounde_peri,2018,10,301,43,45.290000000000006,84.21000000000001,250.55,532.79,1.1725509517389676,0.5473333333333379,24.17,equatorial
16.33,24.05,27.84,21.53,86.86,14.84,1.1,3.92,0.7,0.76,2018-10-29,Yaounde_peri,2018,10,302,44,54.03,75.58999999999999,263.73,544.87,1.2444358495713934,0.42833333333333456,24.17,equatorial
17.8,23.58,26.8,20.74,89.26,5.24,0.96,2.36,0.71,0.74,2018-10-30,Yaounde_peri,2018,10,303,44,50.52,77.39,265.48,546.99,1.2560892563646011,-0.010333333333335304,24.17,equatorial
19.34,23.45,26.03,21.55,92.09,4.87,1.25,1.92,0.71,0.73,2018-10-31,Yaounde_peri,2018,10,304,44,51.99,78.61999999999999,261.82000000000005,551.1,1.2797158280297916,-0.13266666666666893,24.17,equatorial
16.84,23.67,27.13,20.92,90.57,13.06,2.11,4.19,0.72,0.76,2018-11-01,Yaounde_peri,2018,11,305,44,52.09,88.13,242.54,563.03,1.3504212632088197,0.0486666666666693,24.17,equatorial
9.1,23.04,25.85,20.69,93.01,26.13,1.8,2.87,0.73,0.79,2018-11-02,Yaounde_peri,2018,11,306,44,72.86,113.82,267.64,587.3299999999999,1.4954437635361126,-0.5623333333333314,24.17,equatorial
20.81,24.12,28.61,20.28,82.83,7.57,0.98,5.33,0.76,0.78,2018-11-03,Yaounde_peri,2018,11,307,44,79.96000000000001,120.16999999999999,271.03,592.78,1.5265272210367997,0.4793333333333365,24.17,equatorial
11.86,23.27,26.89,20.95,90.35,3.99,1.78,3.38,0.74,0.75,2018-11-04,Yaounde_peri,2018,11,308,44,75.7,120.99,269.48,595.34,1.5401200083455446,-0.3546666666666667,24.12,equatorial
21.48,24.3,27.95,20.7,84.29,2.41,1.27,4.38,0.73,0.74,2018-11-05,Yaounde_peri,2018,11,309,45,63.27,117.3,217.32000000000002,596.28,1.5439257948252783,0.6570000000000036,24.3,equatorial
16.96,23.81,26.26,21.03,90.54,12.81,1.0,2.45,0.73,0.77,2018-11-06,Yaounde_peri,2018,11,310,45,70.84,121.35999999999999,229.28000000000003,604.2600000000001,1.5900274780216797,0.1913333333333327,24.3,equatorial
15.0,23.28,25.55,21.36,91.59,3.67,1.24,2.1,0.73,0.75,2018-11-07,Yaounde_peri,2018,11,311,45,69.64,121.63,231.33,605.59,1.5960235853176847,-0.3119999999999976,24.3,equatorial
18.12,24.12,28.01,21.09,87.46,2.44,0.91,3.74,0.72,0.74,2018-11-08,Yaounde_peri,2018,11,312,45,59.02,111.11,226.75,606.5999999999999,1.6000774463350478,0.4963333333333324,24.3,equatorial
16.59,23.89,26.54,21.6,89.57,2.3,0.97,2.0,0.71,0.73,2018-11-09,Yaounde_peri,2018,11,313,45,35.19,108.05,225.12,604.37,1.5846790645963242,0.25566666666666293,24.3,equatorial
17.76,24.0,27.55,21.07,86.94,2.14,1.01,3.19,0.71,0.73,2018-11-10,Yaounde_peri,2018,11,314,45,29.76,109.72,221.2,598.5500000000001,1.5478068930322595,0.341666666666665,24.3,equatorial
17.38,24.91,29.07,20.74,83.15,1.21,1.75,5.04,0.7,0.71,2018-11-11,Yaounde_peri,2018,11,315,45,26.980000000000004,102.67999999999999,213.9,598.6800000000001,1.5467251520671212,1.1786666666666648,24.91,equatorial
17.84,24.86,28.3,21.13,84.29,4.09,1.4,3.83,0.7,0.72,2018-11-12,Yaounde_peri,2018,11,316,46,28.659999999999997,91.92999999999999,214.09,598.51,1.5438501207156674,1.080333333333332,24.91,equatorial
8.08,24.32,27.87,21.58,87.97,3.8,1.61,3.16,0.7,0.72,2018-11-13,Yaounde_peri,2018,11,317,46,19.65,90.49,194.78,596.3000000000001,1.5287687519960198,0.495000000000001,24.91,equatorial
11.85,23.97,27.51,21.69,86.99,4.51,1.22,3.35,0.7,0.73,2018-11-14,Yaounde_peri,2018,11,318,46,20.49,90.13,175.83,593.48,1.5100858223872209,0.12233333333333363,24.91,equatorial
19.35,24.25,28.58,20.48,85.83,2.19,1.14,4.31,0.7,0.71,2018-11-15,Yaounde_peri,2018,11,319,46,20.24,79.25999999999999,174.58,581.0699999999999,1.4340737418732417,0.37266666666666737,24.91,equatorial
14.22,23.07,25.49,21.34,94.4,7.38,1.77,2.05,0.7,0.74,2018-11-16,Yaounde_peri,2018,11,320,46,25.32,60.50999999999999,178.32,580.92,1.4316295920478346,-0.8030000000000008,24.91,equatorial
20.96,23.86,27.12,20.95,86.97,1.82,1.22,2.95,0.7,0.72,2018-11-17,Yaounde_peri,2018,11,321,46,25.0,54.75999999999999,176.59,576.24,1.4021004305973592,-0.018000000000000682,24.91,equatorial
16.2,24.08,27.95,20.43,85.71,1.97,1.42,3.86,0.7,0.72,2018-11-18,Yaounde_peri,2018,11,322,46,25.759999999999998,52.73999999999999,178.12,572.51,1.3783328646486008,0.211666666666666,24.86,equatorial
15.91,24.31,28.3,20.94,86.58,2.56,1.72,3.73,0.7,0.72,2018-11-19,Yaounde_peri,2018,11,323,47,24.23,52.88999999999999,179.46,569.25,1.3574382889595347,0.4589999999999961,24.32,equatorial
19.59,24.98,29.18,21.33,82.82,1.85,1.09,4.79,0.69,0.71,2018-11-20,Yaounde_peri,2018,11,324,47,22.279999999999998,41.92999999999999,178.14,567.12,1.3433511602544725,1.1179999999999986,24.98,equatorial
17.72,24.4,28.27,21.47,86.68,3.18,1.25,3.84,0.69,0.71,2018-11-21,Yaounde_peri,2018,11,325,47,20.95,41.43999999999999,175.22,566.05,1.3356333661985282,0.520666666666667,24.98,equatorial
18.5,24.72,29.2,21.15,84.11,0.5,1.41,5.23,0.68,0.7,2018-11-22,Yaounde_peri,2018,11,326,47,19.259999999999998,39.49999999999999,166.97,565.28,1.3297273801424296,0.7896666666666619,24.98,equatorial
16.23,24.99,29.13,21.3,81.49,0.22,1.55,5.02,0.68,0.69,2018-11-23,Yaounde_peri,2018,11,327,47,12.1,37.419999999999995,163.79,565.25,1.3282555926637836,1.0213333333333345,24.99,equatorial
17.2,25.29,29.58,21.43,80.02,0.63,0.96,4.56,0.67,0.69,2018-11-24,Yaounde_peri,2018,11,328,47,10.91,35.91,151.46,565.01,1.3255343067813359,1.2653333333333308,25.29,equatorial
16.74,23.96,26.26,22.24,91.93,2.15,1.08,1.38,0.67,0.7,2018-11-25,Yaounde_peri,2018,11,329,47,11.090000000000002,36.849999999999994,148.25,566.28,1.3318325972583591,-0.09499999999999886,25.29,equatorial
14.0,24.46,28.41,21.6,85.82,0.33,1.51,3.57,0.67,0.69,2018-11-26,Yaounde_peri,2018,11,330,48,8.860000000000001,33.08999999999999,148.11,565.5,1.3258839261435045,0.35400000000000276,25.29,equatorial
15.48,23.9,27.12,21.41,87.6,0.03,1.29,2.61,0.67,0.68,2018-11-27,Yaounde_peri,2018,11,331,48,7.04,29.319999999999993,139.89000000000001,559.16,1.2867816028535033,-0.19699999999999918,25.29,equatorial
16.65,24.57,29.22,21.17,84.07,0.0,1.84,4.76,0.66,0.68,2018-11-28,Yaounde_peri,2018,11,332,48,3.86,24.80999999999999,125.05,550.55,1.2342274321975646,0.4556666666666658,25.29,equatorial
18.67,24.78,29.2,20.92,81.71,0.0,1.54,4.05,0.66,0.67,2018-11-29,Yaounde_peri,2018,11,333,48,3.36,22.619999999999994,119.81,541.4599999999999,1.178919188944041,0.6256666666666675,25.29,equatorial
18.75,24.11,27.99,21.07,86.56,0.0,1.39,3.01,0.66,0.67,2018-11-30,Yaounde_peri,2018,11,334,48,3.1399999999999997,15.239999999999993,114.94,521.2099999999999,1.0571398392733184,-0.06633333333333269,25.29,equatorial
14.34,23.26,25.77,21.42,90.78,0.0,1.44,1.42,0.66,0.67,2018-12-01,Yaounde_peri,2018,12,335,48,2.51,13.419999999999993,101.88,512.04,1.0016486003257072,-0.902666666666665,24.78,equatorial
16.05,23.59,27.42,20.6,87.12,0.0,1.67,3.26,0.66,0.67,2018-12-02,Yaounde_peri,2018,12,336,48,0.36,11.449999999999992,75.75,510.65000000000003,0.9926547347070407,-0.5910000000000011,24.78,equatorial
15.0,23.73,27.07,21.2,88.61,0.0,1.5,1.94,0.66,0.67,2018-12-03,Yaounde_peri,2018,12,337,49,0.03,8.889999999999993,68.18,508.28000000000003,0.9778262150844164,-0.4380000000000024,24.78,equatorial
16.29,24.41,28.43,21.27,82.74,0.0,1.45,3.13,0.65,0.67,2018-12-04,Yaounde_peri,2018,12,338,49,0.0,7.039999999999993,64.19,503.21000000000004,0.9469063640238625,0.20400000000000063,24.78,equatorial
20.39,24.76,29.55,20.25,80.25,0.0,1.64,4.31,0.65,0.66,2018-12-05,Yaounde_peri,2018,12,339,49,0.0,3.8599999999999928,61.78,500.50000000000006,0.9301086357301163,0.5386666666666677,24.78,equatorial
16.43,24.98,29.07,21.33,81.51,0.0,1.37,3.7,0.65,0.66,2018-12-06,Yaounde_peri,2018,12,340,49,0.0,3.3599999999999928,48.97,493.31,0.8865932805542248,0.7196666666666651,24.98,equatorial
15.82,23.8,27.42,21.34,88.77,0.61,1.69,2.57,0.65,0.66,2018-12-07,Yaounde_peri,2018,12,341,49,0.61,3.749999999999993,45.91,477.65999999999997,0.7926210694904048,-0.47766666666666424,24.98,equatorial
16.82,23.58,27.57,20.81,86.53,0.31,2.18,3.74,0.65,0.66,2018-12-08,Yaounde_peri,2018,12,342,49,0.9199999999999999,3.4299999999999926,43.78,472.77,0.7629751410968741,-0.679666666666666,24.98,equatorial
17.26,23.98,27.67,20.48,81.57,0.33,1.28,3.42,0.64,0.66,2018-12-09,Yaounde_peri,2018,12,343,49,1.25,1.6099999999999928,41.81,466.55,0.7254099148701043,-0.2826666666666675,24.98,equatorial
18.3,23.85,27.92,20.7,79.18,0.12,1.09,3.24,0.64,0.66,2018-12-10,Yaounde_peri,2018,12,344,50,1.37,1.3999999999999928,39.79,464.82000000000005,0.7146919406449546,-0.4076666666666675,24.98,equatorial
16.68,24.7,29.75,20.51,79.9,0.04,1.03,4.65,0.64,0.65,2018-12-11,Yaounde_peri,2018,12,345,50,1.41,1.4099999999999928,38.62,461.56,0.6948409412065828,0.4493333333333318,24.98,equatorial
14.82,24.45,28.39,21.18,82.0,0.0,1.28,3.38,0.64,0.65,2018-12-12,Yaounde_peri,2018,12,346,50,1.41,1.4099999999999928,34.529999999999994,457.04,0.6674738381794967,0.2129999999999974,24.98,equatorial
17.24,24.79,29.33,20.74,79.6,0.0,1.4,4.14,0.63,0.64,2018-12-13,Yaounde_peri,2018,12,347,50,1.41,1.4099999999999928,30.73,455.34,0.6569787812925051,0.5373333333333328,24.79,equatorial
18.77,24.7,30.22,20.52,76.65,0.0,1.72,4.92,0.63,0.64,2018-12-14,Yaounde_peri,2018,12,348,50,0.8,1.4099999999999928,26.22,450.08,0.6252072512033453,0.42299999999999827,24.79,equatorial
17.2,24.44,29.99,19.32,80.14,0.0,1.37,4.49,0.62,0.63,2018-12-15,Yaounde_peri,2018,12,349,50,0.49,1.4099999999999928,24.03,445.17,0.5955455189667532,0.1566666666666663,24.79,equatorial
16.98,25.1,30.38,21.1,75.7,0.0,1.23,4.66,0.62,0.63,2018-12-16,Yaounde_peri,2018,12,350,50,0.16,1.4099999999999928,16.65,440.59999999999997,0.5679317611934082,0.7490000000000023,25.1,equatorial
19.3,24.34,28.83,20.41,74.53,0.09,1.25,3.54,0.62,0.62,2018-12-17,Yaounde_peri,2018,12,351,51,0.13,1.499999999999993,14.92,434.90000000000003,0.5335692169205948,-0.027000000000001023,25.1,equatorial
18.81,23.35,29.08,19.5,68.32,0.03,1.28,4.25,0.61,0.62,2018-12-18,Yaounde_peri,2018,12,352,51,0.12,1.5299999999999927,12.979999999999999,433.13,0.5227398039454849,-0.9926666666666648,25.1,equatorial
18.19,23.75,29.57,18.55,70.43,0.04,1.13,4.0,0.61,0.62,2018-12-19,Yaounde_peri,2018,12,353,51,0.16,1.5699999999999927,10.46,430.17,0.5047909703349227,-0.5740000000000016,25.1,equatorial
17.99,24.3,29.85,20.24,74.79,0.05,1.49,4.3,0.61,0.62,2018-12-20,Yaounde_peri,2018,12,354,51,0.21,1.6199999999999928,8.66,423.68,0.4657108240118331,-0.0013333333333314101,25.1,equatorial
19.77,23.79,29.41,18.79,70.29,0.02,1.62,4.31,0.6,0.61,2018-12-21,Yaounde_peri,2018,12,355,51,0.23,1.029999999999993,5.499999999999999,420.2,0.44467128872307393,-0.49099999999999966,25.1,equatorial
19.42,23.87,29.48,18.42,68.63,0.0,1.11,4.12,0.6,0.61,2018-12-22,Yaounde_peri,2018,12,356,51,0.23,0.7199999999999929,5.0,416.34000000000003,0.42136065132729733,-0.3826666666666654,25.1,equatorial
17.63,24.06,29.13,19.0,68.03,0.0,1.09,3.86,0.6,0.61,2018-12-23,Yaounde_peri,2018,12,357,51,0.23,0.3899999999999929,4.779999999999999,413.03000000000003,0.40135200805569365,-0.1616666666666724,24.34,equatorial
18.57,24.18,29.62,18.56,65.15,0.0,1.04,4.22,0.6,0.6,2018-12-24,Yaounde_peri,2018,12,358,52,0.14,0.2699999999999929,4.1499999999999995,410.68,0.3871031879953402,-0.0046666666666652645,24.3,equatorial
18.54,24.23,29.81,18.7,65.15,0.0,0.97,4.38,0.59,0.6,2018-12-25,Yaounde_peri,2018,12,359,52,0.11,0.2299999999999929,2.0,407.42,0.36740006507712264,0.03633333333333155,24.3,equatorial
16.72,24.63,29.87,20.07,77.22,0.0,0.9,3.81,0.59,0.6,2018-12-26,Yaounde_peri,2018,12,360,52,0.07,0.2299999999999929,1.67,393.91,0.28621036297784463,0.43066666666666364,24.63,equatorial
17.14,24.26,28.28,21.11,81.76,0.35,1.19,2.72,0.59,0.6,2018-12-27,Yaounde_peri,2018,12,361,52,0.37,0.5799999999999929,1.9899999999999998,392.43,0.2772225569733532,0.04866666666666575,24.63,equatorial
16.59,24.25,29.29,19.85,79.07,0.31,1.31,3.45,0.59,0.6,2018-12-28,Yaounde_peri,2018,12,362,52,0.6599999999999999,0.8899999999999928,2.3,391.08,0.2690161664950551,0.04933333333333323,24.63,equatorial
17.38,24.38,29.1,20.27,80.85,0.43,1.31,3.05,0.59,0.6,2018-12-29,Yaounde_peri,2018,12,363,52,1.0899999999999999,1.3199999999999927,2.73,388.02,0.2505421524355688,0.1926666666666641,24.63,equatorial
17.0,24.36,28.86,21.39,80.75,0.47,1.39,2.85,0.59,0.6,2018-12-30,Yaounde_peri,2018,12,364,52,1.56,1.789999999999993,3.1999999999999997,379.96000000000004,0.20203460224262554,0.16433333333333167,24.63,equatorial
19.89,24.88,30.85,20.47,74.29,0.07,1.85,4.45,0.59,0.6,2018-12-31,Yaounde_peri,2018,12,365,1,1.63,1.7699999999999927,3.27,347.69,0.008045619557770374,0.6303333333333327,24.88,equatorial
16.8,24.66,30.3,20.13,71.09,0.1,1.63,4.02,0.59,0.59,2019-01-01,Yaounde_peri,2019,1,1,1,1.73,1.8399999999999928,3.3699999999999997,346.76000000000005,0.0024523110879126164,0.3746666666666698,24.88,equatorial
18.2,24.85,30.28,20.78,76.47,0.28,1.24,3.81,0.58,0.59,2019-01-02,Yaounde_peri,2019,1,2,1,2.01,2.079999999999993,3.65,342.86,-0.02100083307495431,0.5273333333333348,24.88,equatorial
16.61,24.95,29.81,20.74,77.78,0.63,1.14,3.57,0.58,0.59,2019-01-03,Yaounde_peri,2019,1,3,1,2.29,2.6599999999999926,4.28,337.95,-0.05052958210437724,0.609333333333332,24.95,equatorial
17.37,25.36,30.93,21.07,75.04,0.45,1.27,3.92,0.58,0.59,2019-01-04,Yaounde_peri,2019,1,4,1,2.43,3.0899999999999928,4.7299999999999995,283.83,-0.37616254795097187,0.9993333333333325,25.36,equatorial
19.61,25.04,30.71,21.2,77.6,0.37,1.63,3.91,0.58,0.58,2019-01-05,Yaounde_peri,2019,1,5,1,2.37,3.459999999999993,5.1,283.34999999999997,-0.37890499727414806,0.6773333333333333,25.36,equatorial
18.04,24.87,30.43,20.84,78.64,0.03,1.56,3.96,0.57,0.58,2019-01-06,Yaounde_peri,2019,1,6,1,1.9300000000000002,3.4899999999999927,4.5200000000000005,281.76,-0.3883294053805357,0.47166666666666757,25.36,equatorial
13.86,24.65,29.83,20.61,80.01,0.0,1.52,3.47,0.57,0.58,2019-01-07,Yaounde_peri,2019,1,7,2,1.86,3.4899999999999927,4.21,274.74,-0.4304500455048651,0.21599999999999753,25.36,equatorial
18.85,24.8,30.32,20.69,73.71,0.0,1.48,3.78,0.57,0.57,2019-01-08,Yaounde_peri,2019,1,8,2,1.76,3.4899999999999927,3.88,270.81,-0.45394789968772836,0.33866666666666845,25.36,equatorial
17.19,24.94,30.55,20.3,76.39,0.0,1.21,3.56,0.57,0.57,2019-01-09,Yaounde_peri,2019,1,9,2,1.48,3.4899999999999927,3.76,264.75,-0.49027161928484975,0.44233333333333746,25.36,equatorial
15.52,24.84,30.1,20.86,77.69,0.0,1.35,3.26,0.56,0.57,2019-01-10,Yaounde_peri,2019,1,10,2,0.85,3.139999999999993,3.72,256.24,-0.5413464698496739,0.3376666666666637,25.36,equatorial
18.43,25.45,31.3,20.81,73.71,0.0,1.37,3.64,0.56,0.57,2019-01-11,Yaounde_peri,2019,1,11,2,0.4,2.829999999999993,3.72,252.34,-0.5646149975924898,0.9143333333333352,25.45,equatorial
19.25,25.52,31.76,20.29,73.39,0.0,1.29,3.8,0.56,0.56,2019-01-12,Yaounde_peri,2019,1,12,2,0.03,2.399999999999993,3.72,229.23,-0.7036701235433749,0.9600000000000009,25.52,equatorial
17.5,25.51,30.81,21.49,79.38,0.0,1.97,3.43,0.56,0.56,2019-01-13,Yaounde_peri,2019,1,13,2,0.0,1.929999999999993,3.72,205.76999999999998,-0.8447268474180024,0.9230000000000018,25.52,equatorial
16.15,25.23,30.62,21.34,79.65,0.0,2.33,3.41,0.56,0.56,2019-01-14,Yaounde_peri,2019,1,14,3,0.0,1.859999999999993,3.72,202.32999999999998,-0.8649714354850453,0.6166666666666671,25.52,equatorial
18.82,25.52,31.02,21.33,76.81,0.0,1.59,3.32,0.55,0.56,2019-01-15,Yaounde_peri,2019,1,15,3,0.0,1.759999999999993,3.72,198.69,-0.8864010827665932,0.8926666666666634,25.52,equatorial
17.54,25.75,31.33,21.71,74.18,0.0,1.32,3.28,0.55,0.55,2019-01-16,Yaounde_peri,2019,1,16,3,0.0,1.4799999999999929,3.63,195.14,-0.9072653786967014,1.0756666666666668,25.75,equatorial
16.47,25.81,31.3,21.57,72.81,0.0,1.21,3.37,0.55,0.55,2019-01-17,Yaounde_peri,2019,1,17,3,0.0,0.8499999999999929,3.6,194.7,-0.9093584879051911,1.0536666666666648,25.81,equatorial
18.45,25.97,31.73,21.46,73.19,0.0,1.18,3.49,0.55,0.55,2019-01-18,Yaounde_peri,2019,1,18,3,0.0,0.3999999999999929,3.56,193.48,-0.916152041962502,1.1396666666666633,25.97,equatorial
19.31,25.49,30.74,21.55,77.68,0.0,2.07,3.28,0.55,0.55,2019-01-19,Yaounde_peri,2019,1,19,3,0.0,0.029999999999992893,3.51,190.31,-0.9346945195862725,0.6199999999999974,25.97,equatorial
17.75,25.35,30.57,21.41,78.85,0.0,1.92,3.07,0.54,0.54,2019-01-20,Yaounde_peri,2019,1,20,3,0.0,0.0,3.49,184.20999999999998,-0.97087937865521,0.4280000000000008,25.97,equatorial
18.14,25.45,30.97,21.65,78.41,0.08,1.75,3.11,0.54,0.54,2019-01-21,Yaounde_peri,2019,1,21,4,0.08,0.0799999999999929,3.5700000000000003,175.54,-1.0225098234742913,0.4753333333333316,25.97,equatorial
17.09,25.53,31.58,20.97,77.56,0.15,1.66,3.44,0.54,0.54,2019-01-22,Yaounde_peri,2019,1,22,4,0.22999999999999998,0.22999999999999288,3.72,172.29000000000002,-1.0413956027423514,0.5063333333333375,25.97,equatorial
19.62,25.66,31.09,21.61,78.62,0.22,2.35,3.24,0.54,0.54,2019-01-23,Yaounde_peri,2019,1,23,4,0.45,0.4499999999999929,3.9400000000000004,159.55,-1.1174501126472236,0.5869999999999997,25.97,equatorial
16.49,25.11,30.06,22.02,81.32,0.33,2.13,2.53,0.54,0.54,2019-01-24,Yaounde_peri,2019,1,24,4,0.78,0.7799999999999929,4.2700000000000005,154.51999999999998,-1.1469147648546578,0.007666666666668931,25.97,equatorial
15.89,24.72,30.13,20.88,78.67,0.38,2.15,3.08,0.54,0.54,2019-01-25,Yaounde_peri,2019,1,25,4,1.1600000000000001,1.159999999999993,4.65,154.43,-1.1465638497149304,-0.38533333333333175,25.66,equatorial
15.59,24.63,30.74,19.94,77.5,0.23,2.45,3.3,0.54,0.54,2019-01-26,Yaounde_peri,2019,1,26,4,1.3900000000000001,1.389999999999993,4.529999999999999,146.41,-1.1939852820929326,-0.4876666666666658,25.66,equatorial
18.25,24.66,29.04,21.92,84.34,1.91,2.67,2.48,0.54,0.55,2019-01-27,Yaounde_peri,2019,1,27,4,3.3,3.2999999999999927,6.13,133.48,-1.270881516822919,-0.4713333333333338,25.66,equatorial
15.76,24.31,28.78,21.54,84.51,1.3,2.67,2.57,0.54,0.55,2019-01-28,Yaounde_peri,2019,1,28,5,4.52,4.5999999999999925,7.0,129.54000000000002,-1.2934862177749624,-0.8190000000000026,25.66,equatorial
13.01,24.56,28.67,21.78,84.25,1.75,2.2,2.75,0.54,0.56,2019-01-29,Yaounde_peri,2019,1,29,5,6.119999999999999,6.3499999999999925,8.28,126.42,-1.3111048067087572,-0.5756666666666668,25.66,equatorial
18.78,25.6,30.95,21.74,77.14,0.07,0.98,2.89,0.54,0.55,2019-01-30,Yaounde_peri,2019,1,30,5,5.97,6.419999999999993,8.28,113.43,-1.3880638764993962,0.440333333333335,25.6,equatorial
15.22,25.49,30.13,21.58,73.29,0.18,1.15,2.84,0.54,0.54,2019-01-31,Yaounde_peri,2019,1,31,5,5.82,6.5999999999999925,8.36,87.48,-1.54273070070898,0.30266666666666353,25.6,equatorial
19.92,25.84,32.96,20.44,68.22,0.14,1.36,4.24,0.54,0.54,2019-02-01,Yaounde_peri,2019,2,32,5,5.58,6.739999999999993,8.22,80.05,-1.5856254818903839,0.6196666666666673,25.84,equatorial
18.67,25.37,30.35,21.87,81.16,1.29,2.43,3.07,0.54,0.54,2019-02-02,Yaounde_peri,2019,2,33,5,6.640000000000001,8.029999999999994,8.879999999999999,77.35000000000001,-1.599974150435121,0.13566666666666904,25.84,equatorial
15.36,25.4,30.53,21.85,80.5,1.36,2.08,3.1,0.54,0.54,2019-02-03,Yaounde_peri,2019,2,34,5,6.090000000000001,9.389999999999993,9.790000000000001,76.3,-1.604371978240553,0.16433333333333522,25.84,equatorial
17.93,24.96,29.84,21.29,83.71,2.64,2.0,2.8,0.54,0.56,2019-02-04,Yaounde_peri,2019,2,35,6,7.430000000000001,11.949999999999992,12.059999999999999,66.13,-1.6634503342934466,-0.2729999999999997,25.84,equatorial
17.05,24.58,28.08,21.94,85.26,0.04,2.41,1.76,0.54,0.55,2019-02-05,Yaounde_peri,2019,2,36,6,5.72,11.839999999999993,12.07,62.5,-1.6831140281475638,-0.6433333333333344,25.84,equatorial
18.78,25.76,31.46,21.61,77.18,0.0,1.85,3.1,0.54,0.54,2019-02-06,Yaounde_peri,2019,2,37,6,5.65,11.619999999999994,12.07,60.06,-1.69557607457379,0.4996666666666698,25.84,equatorial
16.92,26.16,32.16,22.08,73.09,0.0,1.45,3.2,0.54,0.53,2019-02-07,Yaounde_peri,2019,2,38,6,5.470000000000001,11.289999999999994,12.07,57.760000000000005,-1.7071522393289595,0.8543333333333294,26.16,equatorial
16.94,25.9,31.9,21.59,71.97,0.0,1.54,3.15,0.53,0.53,2019-02-08,Yaounde_peri,2019,2,39,6,5.33,10.909999999999993,12.07,55.620000000000005,-1.717726298147942,0.5623333333333314,26.16,equatorial
17.42,26.23,32.64,21.63,70.63,0.0,1.61,3.33,0.53,0.53,2019-02-09,Yaounde_peri,2019,2,40,6,4.04,10.679999999999993,12.07,54.410000000000004,-1.7227001496349088,0.8460000000000001,26.23,equatorial
17.99,26.11,33.42,21.56,64.55,0.0,2.34,3.81,0.53,0.52,2019-02-10,Yaounde_peri,2019,2,41,6,2.6799999999999997,8.769999999999992,12.07,50.32,-1.744855714351284,0.7039999999999971,26.23,equatorial
20.37,25.12,32.48,20.45,64.12,0.0,1.59,3.08,0.52,0.52,2019-02-11,Yaounde_peri,2019,2,42,7,0.04,7.4699999999999935,12.07,46.52,-1.7651898759152822,-0.2726666666666695,26.23,equatorial
16.45,25.42,33.05,19.82,70.61,0.0,1.82,3.29,0.52,0.51,2019-02-12,Yaounde_peri,2019,2,43,7,0.0,5.7199999999999935,12.07,42.010000000000005,-1.7896729259407536,0.03033333333333843,26.23,equatorial
16.45,25.76,32.04,21.43,74.35,0.0,2.09,2.85,0.52,0.51,2019-02-13,Yaounde_peri,2019,2,44,7,0.0,5.649999999999993,12.07,39.82,-1.8002265905247405,0.3526666666666678,26.23,equatorial
16.43,25.68,30.93,22.02,77.01,0.0,2.22,2.4,0.52,0.51,2019-02-14,Yaounde_peri,2019,2,45,7,0.0,5.4699999999999935,12.07,32.440000000000005,-1.841634305439629,0.2673333333333332,26.23,equatorial
13.02,26.19,32.81,21.69,73.54,0.0,1.52,2.79,0.51,0.51,2019-02-15,Yaounde_peri,2019,2,46,7,0.0,5.329999999999993,12.07,30.62,-1.8497804977498609,0.7626666666666715,26.23,equatorial
16.06,25.64,31.86,21.47,68.37,0.0,1.51,2.67,0.51,0.51,2019-02-16,Yaounde_peri,2019,2,47,7,0.0,4.039999999999993,12.07,28.65,-1.8587807406351027,0.2183333333333337,26.19,equatorial
18.3,25.64,32.01,21.16,73.53,0.0,1.89,2.64,0.51,0.5,2019-02-17,Yaounde_peri,2019,2,48,7,0.0,2.6799999999999926,12.07,26.09,-1.8712428788995328,0.2293333333333365,26.19,equatorial
16.49,26.14,32.67,21.09,73.2,0.0,1.51,2.74,0.51,0.5,2019-02-18,Yaounde_peri,2019,2,49,8,0.0,0.039999999999992895,12.07,24.24,-1.8794338417848369,0.7076666666666718,26.19,equatorial
17.69,25.88,31.44,22.24,74.92,0.0,1.77,2.18,0.51,0.5,2019-02-19,Yaounde_peri,2019,2,50,8,0.0,0.0,12.07,21.06,-1.8954702020745327,0.4299999999999997,26.19,equatorial
17.36,25.34,30.18,21.73,77.76,0.0,2.08,1.98,0.51,0.5,2019-02-20,Yaounde_peri,2019,2,51,8,0.0,0.0,11.99,20.56,-1.8955564246035284,-0.10633333333333184,26.19,equatorial
19.41,25.04,29.18,22.24,81.05,0.0,2.65,1.51,0.51,0.51,2019-02-21,Yaounde_peri,2019,2,52,8,0.0,0.0,11.84,20.34,-1.893984678819026,-0.3900000000000041,26.19,equatorial
15.58,25.6,30.82,22.43,79.09,0.0,3.23,1.96,0.51,0.5,2019-02-22,Yaounde_peri,2019,2,53,8,0.0,0.0,11.620000000000001,19.71,-1.894844065015076,0.17200000000000415,26.14,equatorial
18.3,26.02,31.68,21.69,75.01,0.0,2.8,2.58,0.51,0.5,2019-02-23,Yaounde_peri,2019,2,54,8,0.0,0.0,11.290000000000001,17.56,-1.9046783562734464,0.5616666666666674,26.14,equatorial
20.17,25.43,29.88,22.44,77.02,0.0,2.48,1.88,0.51,0.5,2019-02-24,Yaounde_peri,2019,2,55,8,0.0,0.0,10.91,17.23,-1.9037226499145699,-0.052000000000003155,26.14,equatorial
15.18,24.76,28.57,22.44,84.19,7.95,1.44,1.76,0.51,0.54,2019-02-25,Yaounde_peri,2019,2,56,9,7.95,7.949999999999993,18.63,25.15,-1.8541136884957474,-0.7263333333333328,26.02,equatorial
16.97,23.83,26.38,21.87,90.13,7.65,1.24,1.84,0.53,0.6,2019-02-26,Yaounde_peri,2019,2,57,9,15.600000000000001,15.599999999999994,24.37,32.8,-1.8063161924240083,-1.6286666666666676,26.02,equatorial
11.84,23.45,26.96,20.79,85.17,0.68,1.43,1.99,0.54,0.56,2019-02-27,Yaounde_peri,2019,2,58,9,16.28,16.279999999999994,23.75,33.480000000000004,-1.799778981567239,-1.9800000000000004,26.02,equatorial
17.11,24.62,29.12,20.62,76.54,1.42,1.15,3.04,0.54,0.55,2019-02-28,Yaounde_peri,2019,2,59,9,17.7,17.699999999999992,23.419999999999998,34.9,-1.788913539037842,-0.8120000000000012,26.02,equatorial
14.81,24.53,29.47,21.29,82.57,2.61,1.54,3.2,0.54,0.56,2019-03-01,Yaounde_peri,2019,3,60,9,20.310000000000002,20.309999999999995,25.96,37.51,-1.771093479531239,-0.8663333333333334,26.02,equatorial
17.28,25.18,30.66,21.5,80.99,0.02,2.03,3.22,0.54,0.54,2019-03-02,Yaounde_peri,2019,3,61,9,20.330000000000002,20.329999999999995,25.8,37.53,-1.7685715157906614,-0.20600000000000307,25.43,equatorial
15.72,24.06,27.37,21.77,85.87,0.0,2.19,1.47,0.53,0.54,2019-03-03,Yaounde_peri,2019,3,62,9,20.330000000000002,20.329999999999995,25.660000000000004,37.53,-1.7661772861350573,-1.2666666666666657,25.18,equatorial
15.69,25.06,29.38,21.74,79.81,0.0,2.07,2.36,0.53,0.54,2019-03-04,Yaounde_peri,2019,3,63,10,12.38,20.329999999999995,24.37,37.53,-1.7637927554519794,-0.25633333333333397,25.18,equatorial
21.46,25.84,31.19,21.96,78.32,0.0,1.68,3.0,0.53,0.53,2019-03-05,Yaounde_peri,2019,3,64,10,4.7299999999999995,20.329999999999995,23.01,37.53,-1.7614178584329465,0.5089999999999968,25.84,equatorial
15.42,25.73,30.71,22.17,78.79,0.0,2.24,2.87,0.52,0.52,2019-03-06,Yaounde_peri,2019,3,65,10,4.05,20.329999999999995,20.37,37.53,-1.7590525303834783,0.37333333333333485,25.84,equatorial
19.67,25.16,28.85,22.01,78.79,0.62,1.15,1.91,0.52,0.53,2019-03-07,Yaounde_peri,2019,3,66,10,3.25,20.949999999999992,20.95,37.54,-1.7566381246426472,-0.21600000000000108,25.84,equatorial
21.47,25.76,31.24,21.28,73.71,0.79,1.22,3.25,0.52,0.53,2019-03-08,Yaounde_peri,2019,3,67,10,1.4300000000000002,21.739999999999995,21.740000000000002,38.019999999999996,-1.7514818581926028,0.38400000000000034,25.84,equatorial
16.41,25.19,30.54,22.12,83.66,3.49,1.51,2.75,0.52,0.55,2019-03-09,Yaounde_peri,2019,3,68,10,4.9,25.229999999999993,25.23,41.18,-1.7306664059691756,-0.15366666666666262,25.84,equatorial
16.64,25.52,30.63,22.52,82.96,1.15,1.91,2.67,0.52,0.53,2019-03-10,Yaounde_peri,2019,3,69,10,6.050000000000001,26.379999999999995,26.380000000000003,42.21,-1.7223864908294848,0.18900000000000006,25.84,equatorial
16.56,25.03,28.86,22.34,86.29,1.86,2.13,2.11,0.52,0.54,2019-03-11,Yaounde_peri,2019,3,70,11,7.91,20.289999999999996,28.240000000000002,44.03,-1.7095221187161493,-0.26099999999999923,25.84,equatorial
16.99,25.45,30.24,22.07,81.63,0.51,1.66,2.5,0.52,0.53,2019-03-12,Yaounde_peri,2019,3,71,11,8.42,13.149999999999991,28.75,44.540000000000006,-1.7043572585678302,0.18100000000000094,25.76,equatorial
21.1,25.83,31.1,22.04,80.91,0.34,1.73,2.72,0.52,0.52,2019-03-13,Yaounde_peri,2019,3,72,11,8.76,12.809999999999993,29.09,44.88,-1.7002042171177703,0.5373333333333328,25.83,equatorial
15.95,25.97,30.42,22.54,80.28,0.41,1.43,2.24,0.52,0.52,2019-03-14,Yaounde_peri,2019,3,73,11,8.55,11.799999999999994,29.5,45.290000000000006,-1.6956585671886986,0.6589999999999989,25.97,equatorial
22.51,25.18,29.35,22.27,82.96,0.98,1.48,1.88,0.52,0.53,2019-03-15,Yaounde_peri,2019,3,74,11,8.74,10.169999999999993,30.48,46.27,-1.6878071284268577,-0.11166666666666814,25.97,equatorial
15.43,25.63,30.67,22.64,81.97,0.52,1.39,2.38,0.52,0.52,2019-03-16,Yaounde_peri,2019,3,75,11,5.77,10.669999999999995,31.0,46.790000000000006,-1.6826649027235243,0.33999999999999986,25.97,equatorial
20.41,26.08,31.58,22.31,78.32,0.44,1.48,2.67,0.51,0.51,2019-03-17,Yaounde_peri,2019,3,76,11,5.06,11.109999999999994,31.44,47.14,-1.6785315842684567,0.7936666666666632,26.08,equatorial
19.53,26.32,31.73,22.21,77.7,0.87,1.5,2.79,0.51,0.51,2019-03-18,Yaounde_peri,2019,3,77,12,4.07,11.979999999999993,32.31,47.98,-1.6715619527313286,1.0109999999999992,26.32,equatorial
21.4,26.63,32.88,22.56,77.95,0.69,1.94,3.06,0.51,0.51,2019-03-19,Yaounde_peri,2019,3,78,12,4.25,12.669999999999995,33.0,48.63,-1.665722785791791,1.2880000000000003,26.63,equatorial
18.8,26.01,30.94,22.72,80.8,0.95,2.1,2.34,0.51,0.51,2019-03-20,Yaounde_peri,2019,3,79,12,4.86,13.619999999999994,33.95,49.53,-1.6584515053236881,0.6723333333333343,26.63,equatorial
18.16,26.23,31.61,22.43,79.41,0.97,1.96,2.6,0.51,0.51,2019-03-21,Yaounde_peri,2019,3,80,12,5.42,13.969999999999992,34.92,50.480000000000004,-1.6509157751391286,0.8806666666666665,26.63,equatorial
16.37,24.87,28.43,23.1,88.05,6.05,1.66,1.73,0.51,0.56,2019-03-22,Yaounde_peri,2019,3,81,12,10.489999999999998,19.229999999999993,40.97,56.53,-1.6137908661980696,-0.4636666666666649,26.63,equatorial
21.65,24.94,29.39,22.28,87.61,4.51,2.56,2.81,0.52,0.56,2019-03-23,Yaounde_peri,2019,3,82,12,14.48,20.249999999999993,45.480000000000004,61.04,-1.585728957328289,-0.3903333333333343,26.63,equatorial
10.45,24.96,29.63,22.26,83.24,8.02,1.75,3.23,0.53,0.59,2019-03-24,Yaounde_peri,2019,3,83,12,22.060000000000002,27.119999999999994,53.5,69.06,-1.5373903271216165,-0.3490000000000002,26.63,equatorial
19.07,24.16,27.84,21.72,86.32,0.75,1.9,2.18,0.54,0.55,2019-03-25,Yaounde_peri,2019,3,84,13,21.939999999999998,26.00999999999999,54.25,69.81,-1.531367795506211,-1.0870000000000033,26.63,equatorial
21.62,24.65,28.98,21.19,84.22,1.88,1.74,3.15,0.53,0.55,2019-03-26,Yaounde_peri,2019,3,85,13,23.130000000000003,27.379999999999992,56.13,71.69,-1.5188121059835382,-0.5710000000000015,26.23,equatorial
18.98,25.22,29.49,21.56,81.91,0.83,1.37,2.39,0.53,0.54,2019-03-27,Yaounde_peri,2019,3,86,13,23.009999999999998,27.869999999999994,49.01,72.17,-1.5144080601445038,-0.01633333333333553,26.23,equatorial
15.21,25.39,29.27,22.19,83.86,4.51,1.3,2.51,0.53,0.57,2019-03-28,Yaounde_peri,2019,3,87,13,26.55,31.96999999999999,45.87,76.37,-1.4884655271879592,0.10166666666666657,25.39,equatorial
20.8,26.33,31.69,21.98,78.39,4.41,1.57,4.26,0.54,0.58,2019-03-29,Yaounde_peri,2019,3,88,13,24.91,35.39999999999999,49.6,80.35,-1.4638708792169208,0.9456666666666642,26.33,equatorial
18.01,25.48,29.97,22.34,85.28,7.42,1.34,3.32,0.55,0.6,2019-03-30,Yaounde_peri,2019,3,89,13,27.82,42.29999999999999,55.599999999999994,87.3,-1.4221468205642134,0.06700000000000017,26.33,equatorial
12.97,24.65,27.57,22.96,91.19,8.28,1.77,2.27,0.56,0.62,2019-03-31,Yaounde_peri,2019,3,90,13,28.080000000000002,50.139999999999986,61.269999999999996,95.51,-1.3732353407456936,-0.7669999999999995,26.33,equatorial
23.37,25.27,29.21,22.02,84.56,1.29,1.26,2.77,0.56,0.58,2019-04-01,Yaounde_peri,2019,4,91,14,28.62,50.559999999999995,62.54,96.69999999999999,-1.3650720372637861,-0.15000000000000213,26.33,equatorial
17.35,25.73,30.07,22.1,82.86,2.6,1.23,3.41,0.56,0.58,2019-04-02,Yaounde_peri,2019,4,92,14,29.340000000000003,52.469999999999985,65.14,99.02,-1.3503902101250078,0.2543333333333351,26.33,equatorial
24.67,26.18,31.04,22.08,80.16,2.6,1.48,3.89,0.56,0.58,2019-04-03,Yaounde_peri,2019,4,93,14,31.11,54.11999999999999,67.74,100.99,-1.337767797712177,0.6670000000000016,26.33,equatorial
17.02,25.79,30.03,22.43,82.04,4.26,1.14,3.46,0.55,0.58,2019-04-04,Yaounde_peri,2019,4,94,14,30.860000000000003,57.41,72.0,104.8,-1.3145325451498933,0.2786666666666697,26.33,equatorial
18.06,24.67,28.59,22.2,89.23,7.41,1.63,3.16,0.56,0.61,2019-04-05,Yaounde_peri,2019,4,95,14,33.86,58.76999999999999,79.41,111.84,-1.2726696661506562,-0.8060000000000009,26.18,equatorial
18.88,25.31,29.75,22.11,85.97,2.58,2.1,4.25,0.56,0.59,2019-04-06,Yaounde_peri,2019,4,96,14,29.020000000000003,56.83999999999999,81.36999999999999,114.39,-1.256855176851347,-0.17099999999999937,26.18,equatorial
11.04,24.71,28.65,21.79,85.79,0.84,2.68,3.5,0.56,0.57,2019-04-07,Yaounde_peri,2019,4,97,14,21.580000000000005,49.66,81.42,115.23,-1.250958934721213,-0.7360000000000007,26.18,equatorial
20.49,24.05,27.34,21.94,86.62,0.26,2.09,2.21,0.55,0.56,2019-04-08,Yaounde_peri,2019,4,98,15,20.550000000000004,49.169999999999995,78.19,115.49000000000001,-1.2484274983741193,-1.3580000000000005,26.18,equatorial
21.35,25.54,30.82,21.6,82.58,0.46,2.24,4.6,0.55,0.55,2019-04-09,Yaounde_peri,2019,4,99,15,18.410000000000004,47.74999999999999,77.5,115.95,-1.2447457470532932,0.13133333333333397,26.18,equatorial
20.68,25.37,29.49,22.31,83.81,1.28,1.95,3.15,0.54,0.55,2019-04-10,Yaounde_peri,2019,4,100,15,17.090000000000003,48.199999999999996,76.92,117.23,-1.2363335698026403,-0.04999999999999716,25.79,equatorial
10.81,24.83,29.55,22.07,83.58,1.14,1.95,3.47,0.54,0.55,2019-04-11,Yaounde_peri,2019,4,101,15,13.970000000000004,44.82999999999999,77.55,118.37,-1.2287470984489328,-0.5693333333333364,25.54,equatorial
23.04,25.39,30.7,21.28,81.57,0.57,1.57,3.86,0.53,0.54,2019-04-12,Yaounde_peri,2019,4,102,15,7.1300000000000034,40.989999999999995,77.78,118.94,-1.224468352853115,0.005333333333336299,25.54,equatorial
16.67,24.44,27.9,22.37,88.3,4.81,1.88,2.69,0.53,0.56,2019-04-13,Yaounde_peri,2019,4,103,15,9.360000000000003,38.37999999999999,82.17999999999999,123.75,-1.1957085676813777,-0.8936666666666646,25.54,equatorial
14.89,24.03,27.43,21.41,82.52,4.59,1.11,3.48,0.54,0.59,2019-04-14,Yaounde_peri,2019,4,104,15,13.110000000000003,34.68999999999999,85.78999999999999,128.34,-1.1682715259884873,-1.2653333333333343,25.54,equatorial
21.7,25.09,30.28,20.3,79.36,1.19,0.91,4.1,0.54,0.55,2019-04-15,Yaounde_peri,2019,4,105,16,14.040000000000003,34.589999999999996,86.46,129.53,-1.160517515994627,-0.1873333333333349,25.54,equatorial
18.88,25.57,30.51,22.42,76.87,1.56,1.02,3.58,0.53,0.54,2019-04-16,Yaounde_peri,2019,4,106,16,15.140000000000002,33.54999999999999,87.58,131.09,-1.1506406660419035,0.30966666666666853,25.57,equatorial
21.22,26.79,32.71,21.08,74.52,1.67,1.48,4.38,0.52,0.53,2019-04-17,Yaounde_peri,2019,4,107,16,15.530000000000003,32.61999999999999,88.38,132.76,-1.140145708774213,1.5139999999999958,26.79,equatorial
16.91,25.43,28.78,22.93,84.92,4.5,1.08,3.01,0.53,0.56,2019-04-18,Yaounde_peri,2019,4,108,16,18.89,32.85999999999999,92.19,137.26,-1.1133287735447037,0.19399999999999906,26.79,equatorial
18.24,25.76,30.17,22.5,82.09,0.95,1.17,2.71,0.53,0.54,2019-04-19,Yaounde_peri,2019,4,109,16,19.270000000000003,26.39999999999999,92.19,138.21,-1.1070502335076644,0.5323333333333338,26.79,equatorial
21.05,25.18,28.5,22.27,82.9,6.09,1.1,2.55,0.53,0.57,2019-04-20,Yaounde_peri,2019,4,110,16,20.550000000000004,29.909999999999993,97.31,144.3,-1.071106954188815,-0.012666666666671489,26.79,equatorial
19.52,25.48,30.28,21.74,82.02,0.6,1.32,3.52,0.53,0.56,2019-04-21,Yaounde_peri,2019,4,111,16,16.560000000000002,29.66999999999999,91.86,144.82,-1.0673735668664688,0.26699999999999946,26.79,equatorial
17.6,25.67,30.34,22.15,82.14,0.0,1.65,3.1,0.53,0.53,2019-04-22,Yaounde_peri,2019,4,112,17,15.370000000000005,29.409999999999993,87.35,144.67,-1.0675139556247923,0.43266666666666964,26.79,equatorial
18.06,25.49,29.59,22.04,82.31,0.0,1.48,2.31,0.52,0.53,2019-04-23,Yaounde_peri,2019,4,113,17,13.810000000000004,28.949999999999992,79.33,144.45,-1.068058664639493,0.23499999999999588,26.79,equatorial
19.12,26.55,31.21,22.33,78.63,0.0,1.38,2.96,0.52,0.52,2019-04-24,Yaounde_peri,2019,4,114,17,12.140000000000004,27.66999999999999,78.58,144.12,-1.0692379888905341,1.2153333333333336,26.55,equatorial
15.23,26.38,31.61,22.86,79.82,0.0,1.6,2.62,0.51,0.51,2019-04-25,Yaounde_peri,2019,4,115,17,7.640000000000003,26.529999999999994,76.7,143.74,-1.07070463992287,0.9876666666666658,26.55,equatorial
15.37,25.22,28.81,22.3,81.53,0.0,2.41,1.91,0.51,0.51,2019-04-26,Yaounde_peri,2019,4,116,17,6.690000000000003,25.959999999999994,75.87,143.51,-1.071303790385004,-0.17233333333333434,26.55,equatorial
19.92,26.48,32.53,21.07,76.07,0.0,1.36,3.22,0.51,0.5,2019-04-27,Yaounde_peri,2019,4,117,17,0.6000000000000035,21.14999999999999,71.36,141.6,-1.081598832984334,1.0513333333333321,26.55,equatorial
17.81,26.29,29.97,23.41,80.39,0.0,1.01,1.37,0.5,0.5,2019-04-28,Yaounde_peri,2019,4,118,17,0.0,16.559999999999995,66.95,140.3,-1.0883585236118007,0.8626666666666658,26.55,equatorial
7.89,26.13,30.47,23.3,80.7,0.0,1.2,1.55,0.5,0.5,2019-04-29,Yaounde_peri,2019,4,119,18,0.0,15.369999999999994,59.53,138.55,-1.0977052965405643,0.6809999999999974,26.55,equatorial
23.16,26.29,31.38,22.8,76.94,0.0,1.2,2.11,0.5,0.49,2019-04-30,Yaounde_peri,2019,4,120,18,0.0,13.809999999999993,51.25,138.48,-1.0973440315002831,0.7863333333333316,26.55,equatorial
9.55,26.49,31.27,22.72,75.06,0.75,1.21,2.29,0.5,0.49,2019-05-01,Yaounde_peri,2019,5,121,18,0.7500000000000036,12.889999999999993,50.71,139.05,-1.0932909326349523,0.9456666666666678,26.49,equatorial
21.63,28.07,34.69,22.09,66.11,0.08,1.27,3.23,0.49,0.48,2019-05-02,Yaounde_peri,2019,5,122,18,0.8300000000000035,8.469999999999994,48.19,138.98999999999998,-1.0928793006211162,2.447666666666663,28.07,equatorial
16.26,27.73,34.31,23.01,71.83,0.33,1.24,2.41,0.49,0.47,2019-05-03,Yaounde_peri,2019,5,123,18,1.1600000000000037,7.8499999999999925,45.919999999999995,138.03,-1.097661114814254,2.056000000000001,28.07,equatorial
20.29,26.77,32.14,23.65,78.18,0.83,1.25,1.78,0.49,0.48,2019-05-04,Yaounde_peri,2019,5,124,18,1.9900000000000035,2.5899999999999928,42.49,137.5,-1.099955443775702,1.0633333333333326,28.07,equatorial
20.48,26.07,30.43,23.14,81.4,1.29,2.33,1.8,0.49,0.49,2019-05-05,Yaounde_peri,2019,5,125,18,3.280000000000004,3.2799999999999927,36.37,136.15,-1.1069768369241701,0.31666666666667,28.07,equatorial
18.75,26.79,33.17,23.17,77.01,1.08,1.79,2.35,0.49,0.48,2019-05-06,Yaounde_peri,2019,5,126,19,4.360000000000004,4.359999999999992,34.87,137.19,-1.1002021796142847,0.9873333333333321,28.07,equatorial
21.41,27.08,33.35,23.03,74.47,0.68,1.72,2.22,0.49,0.48,2019-05-07,Yaounde_peri,2019,5,127,19,5.040000000000004,5.039999999999993,34.71,137.87,-1.0955146488507075,1.1983333333333341,28.07,equatorial
18.88,27.4,33.55,22.96,72.89,0.86,1.43,2.53,0.49,0.48,2019-05-08,Yaounde_peri,2019,5,128,19,5.150000000000004,5.899999999999993,35.309999999999995,138.73000000000002,-1.0897964628077799,1.4066666666666663,28.07,equatorial
18.39,26.41,30.87,23.43,77.81,0.36,1.31,1.58,0.49,0.48,2019-05-09,Yaounde_peri,2019,5,129,19,5.430000000000003,6.259999999999993,35.21,139.09,-1.0869708230029276,0.3876666666666644,27.73,equatorial
13.6,25.28,28.89,22.99,86.15,7.74,1.14,2.41,0.5,0.54,2019-05-10,Yaounde_peri,2019,5,130,19,12.840000000000003,13.999999999999993,41.67,146.83,-1.0415882562475542,-0.7393333333333345,27.4,equatorial
19.09,25.41,29.01,22.74,84.82,1.69,1.14,2.18,0.5,0.52,2019-05-11,Yaounde_peri,2019,5,131,19,13.700000000000003,15.689999999999992,42.22,148.52,-1.0311596968893895,-0.628666666666664,27.4,equatorial
18.9,25.59,29.33,22.44,79.24,0.27,1.16,1.85,0.5,0.5,2019-05-12,Yaounde_peri,2019,5,132,19,12.680000000000003,15.959999999999994,41.92,148.79000000000002,-1.0289349613424024,-0.4553333333333356,27.4,equatorial
16.3,25.01,29.07,22.26,82.16,1.0,1.07,1.71,0.5,0.5,2019-05-13,Yaounde_peri,2019,5,133,20,12.600000000000005,16.959999999999994,38.11,149.79000000000002,-1.0225035138969194,-1.0543333333333287,27.4,equatorial
16.29,24.92,28.75,22.58,85.63,0.62,1.08,1.5,0.5,0.51,2019-05-14,Yaounde_peri,2019,5,134,20,12.540000000000003,17.57999999999999,34.14,150.41,-1.0182724100189202,-1.173999999999996,27.4,equatorial
18.21,26.62,32.91,21.57,69.73,0.18,1.85,3.47,0.5,0.49,2019-05-15,Yaounde_peri,2019,5,135,20,11.860000000000003,17.009999999999994,33.129999999999995,150.59,-1.016584748925272,0.475000000000005,26.62,equatorial
8.11,24.75,27.59,22.89,87.06,3.59,1.1,1.83,0.5,0.51,2019-05-16,Yaounde_peri,2019,5,136,20,15.090000000000003,20.519999999999996,35.160000000000004,154.18,-0.9952334012099037,-1.3676666666666648,26.62,equatorial
17.21,24.94,29.49,22.2,82.73,1.47,1.26,2.15,0.5,0.51,2019-05-17,Yaounde_peri,2019,5,137,20,8.820000000000004,21.659999999999993,34.96,155.65,-0.9861356579731669,-1.115999999999996,26.62,equatorial
19.44,24.38,27.77,22.23,87.14,2.25,1.72,1.82,0.5,0.51,2019-05-18,Yaounde_peri,2019,5,138,20,9.380000000000003,23.079999999999995,32.71,157.9,-0.9725505435530316,-1.6410000000000018,26.62,equatorial
18.83,24.58,28.73,21.64,81.54,0.69,0.85,1.71,0.5,0.51,2019-05-19,Yaounde_peri,2019,5,139,20,9.800000000000004,22.47999999999999,32.45,158.59,-0.9679795639673509,-1.4016666666666708,26.62,equatorial
19.5,25.73,31.34,21.04,79.03,0.73,1.67,2.92,0.5,0.5,2019-05-20,Yaounde_peri,2019,5,140,21,9.530000000000005,22.129999999999992,27.09,159.32000000000002,-0.963183577846163,-0.2699999999999996,26.62,equatorial
17.01,25.6,30.04,22.59,81.73,0.03,1.99,1.71,0.5,0.49,2019-05-21,Yaounde_peri,2019,5,141,21,8.940000000000003,21.479999999999993,26.52,159.35,-0.9624311990570932,-0.4039999999999999,26.62,equatorial
17.74,25.62,30.44,22.39,79.12,0.0,1.49,1.63,0.5,0.49,2019-05-22,Yaounde_peri,2019,5,142,21,8.760000000000003,20.619999999999994,26.52,159.35,-0.9618531119084053,-0.38233333333333164,25.73,equatorial
16.62,25.41,28.65,22.47,79.95,0.0,1.28,1.18,0.5,0.49,2019-05-23,Yaounde_peri,2019,5,143,21,5.1700000000000035,20.25999999999999,26.52,159.35,-0.9612760654149366,-0.5896666666666661,25.73,equatorial
16.76,26.33,31.25,22.75,75.42,0.0,0.93,1.81,0.49,0.48,2019-05-24,Yaounde_peri,2019,5,144,21,3.7000000000000033,12.519999999999992,26.52,159.35,-0.9607000564578941,0.3376666666666672,26.33,equatorial
18.89,26.28,31.11,22.89,78.5,0.0,0.95,1.36,0.49,0.48,2019-05-25,Yaounde_peri,2019,5,145,21,1.4500000000000035,10.829999999999993,26.52,159.35,-0.9601250819315578,0.2910000000000039,26.33,equatorial
12.73,25.31,29.35,23.14,82.43,0.94,1.7,1.6,0.49,0.49,2019-05-26,Yaounde_peri,2019,5,146,21,1.7000000000000035,11.499999999999991,27.46,152.34,-0.9999892461059129,-0.6820000000000022,26.33,equatorial
14.63,24.4,27.76,22.19,84.41,1.07,1.93,1.47,0.49,0.49,2019-05-27,Yaounde_peri,2019,5,147,22,2.0400000000000036,11.569999999999993,28.53,145.76,-1.0373224459571366,-1.522666666666666,26.33,equatorial
16.05,25.57,31.02,21.45,77.31,2.6,1.66,2.55,0.49,0.49,2019-05-28,Yaounde_peri,2019,5,148,22,4.610000000000004,13.549999999999992,31.13,147.68,-1.0255789955161674,-0.3286666666666669,26.33,equatorial
15.71,24.25,28.0,22.04,88.46,3.86,1.98,2.21,0.5,0.53,2019-05-29,Yaounde_peri,2019,5,149,22,8.470000000000004,17.229999999999993,34.99,150.12,-1.0108517706084668,-1.586000000000002,26.33,equatorial
17.74,24.24,28.92,21.51,82.0,0.39,2.19,1.92,0.5,0.5,2019-05-30,Yaounde_peri,2019,5,150,22,8.860000000000003,14.029999999999992,35.38,147.9,-1.0230225716251988,-1.527666666666672,26.33,equatorial
15.69,24.2,28.9,21.32,77.12,0.01,1.69,1.59,0.5,0.49,2019-05-31,Yaounde_peri,2019,5,151,22,8.870000000000005,12.569999999999991,34.64,147.89,-1.0224310479439855,-1.4913333333333334,26.28,equatorial
17.21,25.78,31.6,21.11,75.04,0.0,1.91,2.36,0.49,0.48,2019-06-01,Yaounde_peri,2019,6,152,22,8.870000000000005,10.319999999999993,34.56,147.89,-1.021783006605582,0.1650000000000027,25.78,equatorial
16.15,24.82,28.47,22.44,81.48,0.0,2.63,1.09,0.49,0.48,2019-06-02,Yaounde_peri,2019,6,153,22,7.930000000000003,9.629999999999992,34.230000000000004,147.89,-1.0211361961935441,-0.6979999999999968,25.78,equatorial
18.18,24.46,28.2,21.77,80.87,0.0,1.85,1.05,0.49,0.48,2019-06-03,Yaounde_peri,2019,6,154,23,6.860000000000003,8.899999999999991,33.4,147.89,-1.0204906128156719,-0.9809999999999981,25.78,equatorial
18.63,26.16,32.18,21.7,75.55,0.0,2.24,2.11,0.49,0.48,2019-06-04,Yaounde_peri,2019,6,155,23,4.260000000000003,8.869999999999992,32.11,147.89,-1.0198462525969723,0.7159999999999975,26.16,equatorial
11.84,25.17,30.03,22.11,80.32,0.68,2.33,1.64,0.49,0.48,2019-06-05,Yaounde_peri,2019,6,156,23,1.0800000000000036,9.549999999999994,31.71,147.95,-1.0188570611453271,-0.2199999999999953,26.16,equatorial
12.38,23.81,27.26,21.6,82.58,0.84,3.07,1.65,0.49,0.48,2019-06-06,Yaounde_peri,2019,6,157,23,1.5300000000000036,10.389999999999993,31.87,148.0,-1.0179272028126214,-1.4710000000000036,26.16,equatorial
16.44,24.97,31.19,20.68,74.51,0.17,2.22,1.95,0.49,0.47,2019-06-07,Yaounde_peri,2019,6,158,23,1.6900000000000035,10.559999999999993,31.18,144.67999999999998,-1.036434720222059,-0.23000000000000043,26.16,equatorial
17.03,26.12,32.84,20.95,70.22,0.11,2.07,2.3,0.48,0.46,2019-06-08,Yaounde_peri,2019,6,159,23,1.8000000000000036,10.669999999999993,30.93,143.64,-1.0417691422918274,0.929666666666666,26.16,equatorial
17.13,27.13,34.17,21.13,68.4,0.05,1.4,2.21,0.48,0.45,2019-06-09,Yaounde_peri,2019,6,160,23,1.8500000000000036,9.779999999999994,23.24,141.83,-1.051537198930616,1.8779999999999966,27.13,equatorial
15.16,26.8,32.96,22.41,70.02,0.0,2.05,1.57,0.48,0.44,2019-06-10,Yaounde_peri,2019,6,161,24,1.8500000000000036,8.709999999999994,21.549999999999997,141.32000000000002,-1.0537957940648668,1.5016666666666652,27.13,equatorial
13.71,24.45,27.03,22.29,79.2,0.0,2.99,0.61,0.48,0.45,2019-06-11,Yaounde_peri,2019,6,162,24,1.8500000000000036,6.109999999999993,21.279999999999998,140.98000000000002,-1.05507141590871,-0.810333333333336,27.13,equatorial
13.91,24.14,27.79,21.36,80.38,0.0,2.11,0.73,0.48,0.46,2019-06-12,Yaounde_peri,2019,6,163,24,1.1700000000000035,2.249999999999993,20.279999999999998,140.57000000000002,-1.0567493133800554,-1.0913333333333348,27.13,equatorial
10.37,25.53,31.28,21.34,74.54,0.0,2.43,1.38,0.48,0.45,2019-06-13,Yaounde_peri,2019,6,164,24,0.33000000000000357,1.8599999999999928,19.66,139.59,-1.0617118455556946,0.278333333333336,27.13,equatorial
13.48,23.5,25.64,21.83,81.45,0.0,2.19,0.47,0.48,0.45,2019-06-14,Yaounde_peri,2019,6,165,24,0.16000000000000356,1.849999999999993,19.479999999999997,139.07000000000002,-1.0640156986025346,-1.6476666666666695,27.13,equatorial
14.61,25.43,31.49,21.11,75.59,1.68,1.64,2.25,0.48,0.46,2019-06-15,Yaounde_peri,2019,6,166,24,1.7300000000000035,3.529999999999993,17.57,140.30999999999997,-1.056169629207925,0.25966666666666427,27.13,equatorial
9.31,23.91,26.42,21.88,87.36,5.16,1.7,1.94,0.48,0.5,2019-06-16,Yaounde_peri,2019,6,167,24,6.840000000000003,8.689999999999994,21.26,144.6,-1.030750051207822,-1.2260000000000026,26.8,equatorial
13.73,25.59,31.96,20.27,73.87,0.68,1.44,2.65,0.49,0.48,2019-06-17,Yaounde_peri,2019,6,168,25,7.520000000000003,9.369999999999994,19.69,144.59,-1.0301554060766176,0.41366666666666774,25.59,equatorial
15.63,25.27,30.19,22.38,79.23,1.06,1.74,1.65,0.48,0.48,2019-06-18,Yaounde_peri,2019,6,169,25,8.580000000000004,10.429999999999993,20.06,144.7,-1.0288700816042882,0.07066666666666421,25.59,equatorial
15.95,25.69,30.83,21.7,78.32,1.66,1.45,2.19,0.49,0.48,2019-06-19,Yaounde_peri,2019,6,170,25,10.240000000000004,11.409999999999993,20.99,145.39,-1.0242429485583964,0.49200000000000443,25.69,equatorial
7.95,23.23,25.34,21.21,83.95,0.1,2.64,0.89,0.49,0.48,2019-06-20,Yaounde_peri,2019,6,171,25,10.340000000000003,10.669999999999995,21.060000000000002,139.44,-1.0579021082012716,-1.889000000000003,25.69,equatorial
13.96,23.66,27.69,20.61,81.95,0.0,2.47,0.96,0.48,0.48,2019-06-21,Yaounde_peri,2019,6,172,25,10.340000000000003,10.499999999999995,21.060000000000002,134.92999999999998,-1.083213792834213,-1.3936666666666682,25.69,equatorial
14.82,24.38,28.16,21.14,80.59,0.0,2.04,1.09,0.48,0.47,2019-06-22,Yaounde_peri,2019,6,173,25,8.660000000000004,10.389999999999993,21.060000000000002,126.91,-1.1287192176917182,-0.6393333333333331,25.69,equatorial
13.63,24.81,29.33,21.45,80.0,0.0,2.3,1.18,0.48,0.47,2019-06-23,Yaounde_peri,2019,6,174,25,3.5000000000000036,10.339999999999995,21.060000000000002,126.16,-1.1322568326563955,-0.15866666666666873,25.69,equatorial
13.58,24.42,29.66,21.46,74.41,0.0,3.5,1.46,0.48,0.46,2019-06-24,Yaounde_peri,2019,6,175,26,2.8200000000000034,10.339999999999995,21.060000000000002,124.28,-1.1423008310822964,-0.48666666666666814,25.69,equatorial
14.68,24.05,29.47,20.01,77.37,1.26,2.89,1.91,0.48,0.47,2019-06-25,Yaounde_peri,2019,6,176,26,3.0200000000000036,11.599999999999994,21.38,124.71,-1.1390193570227163,-0.814666666666664,25.69,equatorial
12.42,24.31,30.23,20.31,78.7,2.2,2.64,2.51,0.48,0.47,2019-06-26,Yaounde_peri,2019,6,177,26,3.560000000000004,13.799999999999994,22.51,122.39999999999999,-1.1515294669693732,-0.5516666666666694,24.81,equatorial
13.68,23.74,28.5,20.04,79.9,1.32,2.03,2.0,0.48,0.48,2019-06-27,Yaounde_peri,2019,6,178,26,4.780000000000004,15.119999999999994,21.23,119.31,-1.168512732712352,-1.0606666666666662,24.81,equatorial
15.84,25.11,31.11,20.45,74.5,0.31,1.73,1.9,0.48,0.47,2019-06-28,Yaounde_peri,2019,6,179,26,5.090000000000004,15.429999999999994,17.68,112.2,-1.2086207469380448,0.28066666666666507,25.11,equatorial
14.57,26.03,32.32,21.31,73.38,1.51,1.34,2.0,0.48,0.46,2019-06-29,Yaounde_peri,2019,6,180,26,6.600000000000004,15.259999999999994,18.799999999999997,105.42999999999999,-1.2466982303362781,1.1410000000000018,26.03,equatorial
14.21,25.23,31.12,22.05,80.94,1.58,2.53,2.03,0.48,0.48,2019-06-30,Yaounde_peri,2019,6,181,26,8.180000000000003,11.679999999999994,20.37,105.72,-1.2440594325076892,0.30666666666666487,26.03,equatorial
12.2,25.74,31.13,21.57,73.61,0.29,2.4,1.81,0.48,0.46,2019-07-01,Yaounde_peri,2019,7,182,27,8.470000000000004,11.289999999999992,20.66,103.41,-1.2563917196285244,0.8179999999999943,26.03,equatorial
12.27,26.2,32.11,21.45,72.29,0.23,1.79,1.88,0.48,0.46,2019-07-02,Yaounde_peri,2019,7,183,27,7.440000000000004,10.459999999999994,20.89,101.04,-1.269045847560993,1.2319999999999993,26.2,equatorial
14.87,25.26,29.7,21.9,77.01,0.24,1.33,1.02,0.48,0.46,2019-07-03,Yaounde_peri,2019,7,184,27,5.480000000000004,9.039999999999994,21.130000000000003,97.02,-1.29116863150594,0.26533333333333786,26.2,equatorial
12.14,25.23,29.67,22.16,75.99,1.17,1.19,1.34,0.48,0.46,2019-07-04,Yaounde_peri,2019,7,185,27,5.330000000000004,10.109999999999992,22.3,90.78,-1.3260155087838446,0.26633333333333553,26.2,equatorial
12.9,24.57,29.6,21.38,79.49,0.13,1.77,1.17,0.48,0.46,2019-07-05,Yaounde_peri,2019,7,186,27,5.150000000000004,10.239999999999993,21.75,88.33,-1.3389940216262943,-0.3736666666666686,26.2,equatorial
13.99,26.53,33.21,21.6,73.25,0.0,2.15,1.65,0.48,0.45,2019-07-06,Yaounde_peri,2019,7,187,27,3.640000000000004,10.239999999999993,20.91,87.49,-1.3426890008141952,1.4956666666666685,26.53,equatorial
8.35,24.11,26.88,21.91,79.57,0.0,3.0,0.62,0.48,0.45,2019-07-07,Yaounde_peri,2019,7,188,27,2.060000000000004,10.239999999999993,20.74,87.22999999999999,-1.3430428075482401,-0.895666666666667,26.53,equatorial
10.35,23.85,28.49,21.03,72.06,0.0,1.57,0.9,0.48,0.45,2019-07-08,Yaounde_peri,2019,7,189,28,1.770000000000004,10.239999999999993,20.63,86.77,-1.3445454544818762,-1.0799999999999983,26.53,equatorial
12.81,24.91,31.22,20.6,72.27,0.0,1.99,1.27,0.47,0.44,2019-07-09,Yaounde_peri,2019,7,190,28,1.540000000000004,8.979999999999993,20.58,85.49,-1.3507557392919383,0.054000000000002046,26.53,equatorial
10.04,24.89,30.75,20.83,75.8,2.76,2.1,2.18,0.47,0.45,2019-07-10,Yaounde_peri,2019,7,191,28,4.060000000000004,9.539999999999994,23.34,87.11,-1.3402976659910235,0.09766666666666879,26.53,equatorial
13.65,22.26,25.6,20.45,89.13,8.56,2.95,2.46,0.49,0.54,2019-07-11,Yaounde_peri,2019,7,192,28,11.450000000000005,16.779999999999994,31.9,95.10000000000001,-1.2932845785243607,-2.45933333333333,26.53,equatorial
11.55,22.0,25.28,19.75,85.99,0.95,2.37,1.53,0.49,0.5,2019-07-12,Yaounde_peri,2019,7,193,28,12.270000000000003,17.419999999999995,32.85,91.24000000000001,-1.3144011558951014,-2.6479999999999997,26.53,equatorial
14.31,23.89,29.61,19.38,79.29,1.82,1.46,2.54,0.49,0.49,2019-07-13,Yaounde_peri,2019,7,194,28,14.090000000000003,17.729999999999993,34.67,88.47,-1.3292174225728173,-0.7033333333333296,24.91,equatorial
13.27,22.93,26.35,20.72,90.97,48.38,1.73,2.44,0.52,0.68,2019-07-14,Yaounde_peri,2019,7,195,28,62.470000000000006,64.53,83.05000000000001,135.66,-1.057236784331308,-1.6443333333333356,24.91,equatorial
15.22,22.18,24.45,20.37,93.16,5.14,1.99,1.72,0.6,0.65,2019-07-15,Yaounde_peri,2019,7,196,29,67.61,69.38,86.51,139.24,-1.0360066746699408,-2.2860000000000014,24.91,equatorial
17.02,24.07,28.45,20.04,83.3,5.0,1.03,4.48,0.6,0.63,2019-07-16,Yaounde_peri,2019,7,197,29,72.61,74.14999999999999,86.35,142.57000000000002,-1.016239463055109,-0.40133333333333354,24.89,equatorial
14.43,23.39,26.52,21.27,90.06,14.83,1.53,2.27,0.59,0.63,2019-07-17,Yaounde_peri,2019,7,198,29,84.68,88.73999999999998,100.5,152.9,-0.9563021952272969,-1.0080000000000027,24.07,equatorial
12.62,23.7,27.7,20.7,90.18,18.73,1.81,4.07,0.64,0.73,2019-07-18,Yaounde_peri,2019,7,199,29,94.85,106.3,118.17,170.68,-0.8536412819857849,-0.6456666666666706,24.07,equatorial
12.41,22.0,24.01,20.31,93.5,2.65,2.67,1.96,0.64,0.66,2019-07-19,Yaounde_peri,2019,7,200,29,96.55000000000001,108.82,119.16000000000001,167.23999999999998,-0.8729558813995344,-2.222666666666669,24.07,equatorial
14.73,22.12,25.64,19.53,88.24,1.23,2.0,3.68,0.62,0.64,2019-07-20,Yaounde_peri,2019,7,201,29,95.96000000000001,110.05,120.29,167.87,-0.8688744382449084,-2.065666666666665,24.07,equatorial
13.38,22.23,25.4,19.9,89.25,2.91,2.22,3.18,0.61,0.64,2019-07-21,Yaounde_peri,2019,7,202,29,50.49,112.96,123.2,170.78,-0.8516991032403316,-1.9079999999999977,24.07,equatorial
14.91,22.91,27.16,20.03,87.25,2.04,2.19,4.65,0.6,0.63,2019-07-22,Yaounde_peri,2019,7,203,30,47.39,114.99999999999999,125.24,172.82,-0.8395372867894213,-1.179000000000002,24.07,equatorial
14.38,22.96,26.65,19.68,87.95,1.62,1.66,3.42,0.59,0.61,2019-07-23,Yaounde_peri,2019,7,204,30,44.01,116.61999999999999,126.86,174.44,-0.8297992525115184,-1.0673333333333304,23.7,equatorial
17.33,23.35,27.08,20.8,89.79,3.23,1.66,3.05,0.59,0.61,2019-07-24,Yaounde_peri,2019,7,205,30,32.410000000000004,117.09,130.09,177.67,-0.8108174777902313,-0.6416666666666657,23.7,equatorial
17.47,23.93,28.19,20.68,88.09,8.45,2.35,4.75,0.58,0.62,2019-07-25,Yaounde_peri,2019,7,206,30,22.13,116.97999999999999,137.28,186.12,-0.7618487270210967,-0.05766666666666964,23.93,equatorial
13.88,23.5,27.93,20.46,89.49,12.14,2.17,4.39,0.6,0.67,2019-07-26,Yaounde_peri,2019,7,207,30,31.62,128.17,147.22,198.26,-0.6916996408293759,-0.46066666666666833,23.93,equatorial
12.56,22.4,25.41,20.56,91.19,4.9,2.88,3.07,0.6,0.63,2019-07-27,Yaounde_peri,2019,7,208,30,35.29,131.25,150.8,203.16,-0.6632189350679453,-1.5160000000000018,23.93,equatorial
13.95,21.92,25.01,20.0,89.85,2.77,2.96,3.06,0.6,0.62,2019-07-28,Yaounde_peri,2019,7,209,30,35.15,85.63999999999999,153.26,205.93,-0.6470028203503967,-1.8896666666666633,23.93,equatorial
15.06,23.12,28.04,19.5,86.43,1.89,2.47,5.05,0.59,0.6,2019-07-29,Yaounde_peri,2019,7,210,31,35.0,82.38999999999999,153.64000000000001,207.82,-0.6358567875620165,-0.5926666666666662,23.93,equatorial
12.78,23.23,27.91,19.55,86.43,1.42,2.38,4.51,0.58,0.59,2019-07-30,Yaounde_peri,2019,7,211,31,34.8,78.80999999999999,153.48,208.49,-0.6317352052700352,-0.41600000000000037,23.93,equatorial
10.19,22.91,27.03,19.81,88.18,4.74,2.48,4.29,0.57,0.6,2019-07-31,Yaounde_peri,2019,7,212,31,36.31,68.72,157.93,213.15,-0.6046560111988065,-0.6416666666666657,23.93,equatorial
9.47,21.54,23.48,20.25,93.6,17.16,2.67,2.14,0.58,0.66,2019-08-01,Yaounde_peri,2019,8,213,31,45.019999999999996,67.14999999999999,174.86,229.98000000000002,-0.5075396101616575,-1.856333333333339,23.5,equatorial
9.28,22.0,25.45,19.75,91.17,6.29,2.38,3.35,0.6,0.65,2019-08-02,Yaounde_peri,2019,8,214,31,39.17,70.79,180.91,235.44,-0.4759136545910381,-1.28766666666667,23.23,equatorial
13.86,23.11,27.64,19.18,88.21,3.08,2.32,4.97,0.6,0.62,2019-08-03,Yaounde_peri,2019,8,215,31,37.35,72.64,182.82000000000002,237.23,-0.46543123026183414,-0.10699999999999932,23.23,equatorial
12.52,22.17,25.28,20.23,92.49,7.37,2.09,2.55,0.59,0.64,2019-08-04,Yaounde_peri,2019,8,216,31,41.949999999999996,77.1,190.06,243.52,-0.42903009810317394,-0.9669999999999987,23.23,equatorial
14.22,22.59,25.97,20.33,91.0,6.62,1.88,3.38,0.6,0.64,2019-08-05,Yaounde_peri,2019,8,217,32,46.68,81.67999999999999,196.68,249.46,-0.3946532575155824,-0.41566666666666663,23.23,equatorial
11.94,22.84,26.7,19.65,89.65,4.15,1.95,4.0,0.6,0.63,2019-08-06,Yaounde_peri,2019,8,218,32,49.410000000000004,84.21,200.82999999999998,252.75,-0.3755557737808889,-0.1233333333333313,23.11,equatorial
13.27,22.73,26.61,19.96,90.32,6.35,2.62,3.75,0.6,0.63,2019-08-07,Yaounde_peri,2019,8,219,32,51.02,87.33,207.18,258.74,-0.34089584490275193,-0.19599999999999795,23.11,equatorial
13.31,22.63,26.74,19.8,87.58,8.94,1.98,4.55,0.6,0.65,2019-08-08,Yaounde_peri,2019,8,220,32,42.8,87.82,216.12,259.94,-0.3338627762744856,-0.22000000000000242,23.11,equatorial
13.75,22.25,26.1,19.8,90.58,6.84,2.75,3.88,0.6,0.65,2019-08-09,Yaounde_peri,2019,8,221,32,43.349999999999994,82.52,220.2,265.09000000000003,-0.30404629021362106,-0.5120000000000005,23.11,equatorial
12.31,22.55,27.38,18.99,88.81,4.78,2.54,4.77,0.6,0.63,2019-08-10,Yaounde_peri,2019,8,222,32,45.05,82.39999999999999,216.42,269.6,-0.2779256488621721,-0.22166666666666401,22.84,equatorial
11.95,22.56,26.56,19.4,90.06,6.42,2.35,3.95,0.6,0.63,2019-08-11,Yaounde_peri,2019,8,223,32,44.099999999999994,86.05,221.89000000000001,275.02000000000004,-0.2465551997213555,-0.23033333333333417,22.84,equatorial
13.44,22.73,26.61,19.77,90.16,7.64,2.4,4.01,0.6,0.65,2019-08-12,Yaounde_peri,2019,8,224,33,45.12,91.8,227.71,282.04,-0.20594966193769396,-0.021666666666668277,22.84,equatorial
15.17,22.82,26.65,20.07,90.26,3.0,2.15,3.49,0.6,0.62,2019-08-13,Yaounde_peri,2019,8,225,33,43.97,93.38,182.32999999999998,284.86,-0.1896007480221007,0.07200000000000273,22.82,equatorial
15.3,23.33,27.79,19.84,88.69,4.6,2.47,4.73,0.6,0.63,2019-08-14,Yaounde_peri,2019,8,226,33,42.22,93.24,181.79000000000002,285.87,-0.18370819615887835,0.5436666666666632,23.33,equatorial
16.2,22.48,25.47,20.11,91.4,3.91,1.89,2.52,0.59,0.62,2019-08-15,Yaounde_peri,2019,8,227,33,37.19,79.98999999999998,180.70000000000002,288.31,-0.16955298533096144,-0.25333333333333385,23.33,equatorial
14.51,22.66,25.71,20.28,91.3,7.03,1.86,2.91,0.59,0.64,2019-08-16,Yaounde_peri,2019,8,228,33,37.379999999999995,80.72999999999999,172.9,293.09000000000003,-0.14187310473549306,-0.04899999999999949,23.33,equatorial
16.93,23.31,27.87,20.3,89.27,3.0,2.39,4.15,0.6,0.62,2019-08-17,Yaounde_peri,2019,8,229,33,35.599999999999994,80.64999999999999,157.17000000000002,295.40000000000003,-0.12847461768998675,0.6139999999999972,23.33,equatorial
13.29,22.7,26.18,19.99,89.86,6.62,2.52,3.82,0.59,0.63,2019-08-18,Yaounde_peri,2019,8,230,33,35.8,79.89999999999999,161.14,301.28999999999996,-0.09437181034118647,-0.019333333333335645,23.33,equatorial
13.18,22.28,25.24,20.07,90.32,3.31,2.48,3.34,0.59,0.62,2019-08-19,Yaounde_peri,2019,8,231,34,31.469999999999995,76.58999999999999,163.22,304.57,-0.07536848688118532,-0.44466666666666654,23.33,equatorial
11.81,22.28,25.27,20.0,90.37,3.47,1.93,3.01,0.59,0.62,2019-08-20,Yaounde_peri,2019,8,232,34,31.939999999999998,75.91,163.78,308.04,-0.05526577817628159,-0.44633333333333525,23.33,equatorial
12.11,23.2,27.0,20.25,85.27,3.6,1.04,3.58,0.59,0.61,2019-08-21,Yaounde_peri,2019,8,233,34,30.939999999999994,73.15999999999998,165.34,311.64000000000004,-0.034410615555946315,0.4640000000000022,23.31,equatorial
14.45,23.04,26.56,20.4,87.22,4.58,1.29,3.07,0.59,0.63,2019-08-22,Yaounde_peri,2019,8,234,34,31.609999999999996,68.79999999999998,168.29999999999998,316.22,-0.00788099824196983,0.30133333333332857,23.31,equatorial
11.27,22.69,26.31,20.65,91.71,24.52,1.85,3.09,0.61,0.71,2019-08-23,Yaounde_peri,2019,8,235,34,49.099999999999994,86.47999999999999,189.59,340.74,0.1341401631741127,-0.02666666666666373,23.31,equatorial
9.86,21.28,23.26,19.54,92.56,6.16,2.01,2.45,0.63,0.67,2019-08-24,Yaounde_peri,2019,8,236,34,52.26,87.85999999999999,187.3,345.96000000000004,0.16434229437038025,-1.3483333333333292,23.2,equatorial
15.06,22.33,26.29,19.93,90.48,4.68,1.75,3.45,0.63,0.66,2019-08-25,Yaounde_peri,2019,8,237,34,50.32,86.11999999999999,179.84,349.57000000000005,0.1852131961070029,-0.2593333333333341,23.2,equatorial
14.62,21.31,23.47,19.8,92.51,10.87,1.89,2.4,0.64,0.69,2019-08-26,Yaounde_peri,2019,8,238,35,57.879999999999995,89.35,185.81,357.84000000000003,0.23309602360927253,-1.2429999999999986,23.2,equatorial
17.26,22.63,26.93,19.42,88.08,4.28,2.2,5.31,0.64,0.66,2019-08-27,Yaounde_peri,2019,8,239,35,58.69,90.63,187.32000000000002,358.26,0.2354590633385717,0.053333333333334565,23.2,equatorial
17.32,22.84,26.79,19.89,89.01,3.49,2.0,4.53,0.62,0.65,2019-08-28,Yaounde_peri,2019,8,240,35,58.58,89.52,188.92,361.36,0.2533657510017069,0.27266666666666595,23.04,equatorial
12.72,23.14,26.81,20.06,89.47,4.53,1.74,3.62,0.62,0.65,2019-08-29,Yaounde_peri,2019,8,241,35,58.53,90.14,192.03,365.88,0.27950910872781365,0.5756666666666703,23.14,equatorial
15.02,23.33,27.38,20.57,88.47,3.32,2.39,4.91,0.61,0.64,2019-08-30,Yaounde_peri,2019,8,242,35,37.33,86.42999999999999,190.60999999999999,369.2,0.29868648110790985,0.7516666666666652,23.33,equatorial
16.01,23.09,26.69,20.6,88.71,3.72,2.86,4.58,0.6,0.63,2019-08-31,Yaounde_peri,2019,8,243,35,34.88999999999999,87.14999999999999,177.17,372.92,0.3201836023062499,0.46000000000000085,23.33,equatorial
14.82,22.76,26.35,20.08,89.08,2.89,2.11,3.69,0.6,0.62,2019-09-01,Yaounde_peri,2019,9,244,35,33.099999999999994,83.41999999999999,173.77,375.81,0.3368592202622774,0.10466666666666669,23.33,equatorial
16.75,23.28,27.09,20.05,88.06,5.37,1.67,4.53,0.6,0.64,2019-09-02,Yaounde_peri,2019,9,245,36,27.6,85.47999999999999,176.06,381.18,0.36793477768611144,0.6189999999999998,23.33,equatorial
18.22,23.25,27.48,20.59,86.98,1.9,2.25,4.88,0.6,0.61,2019-09-03,Yaounde_peri,2019,9,246,36,25.22,83.91,170.59,382.40000000000003,0.37489913500043537,0.5530000000000008,23.33,equatorial
12.86,23.15,27.2,20.33,89.91,11.03,2.08,3.7,0.59,0.64,2019-09-04,Yaounde_peri,2019,9,247,36,32.76,91.34,175.0,392.59000000000003,0.43397875393899393,0.43433333333333124,23.33,equatorial
16.42,23.28,26.8,20.83,91.69,18.44,1.81,3.56,0.63,0.71,2019-09-05,Yaounde_peri,2019,9,248,36,46.669999999999995,105.19999999999999,189.29000000000002,410.86,0.5399964899324158,0.5496666666666705,23.33,equatorial
16.71,23.23,26.89,20.84,89.8,3.23,1.97,4.11,0.63,0.65,2019-09-06,Yaounde_peri,2019,9,249,36,46.57999999999999,83.91,186.17,413.98,0.5579259680960714,0.48300000000000054,23.28,equatorial
15.76,23.79,28.1,20.41,88.95,5.69,2.17,5.09,0.62,0.65,2019-09-07,Yaounde_peri,2019,9,250,36,48.55,83.44,182.92,419.62,0.5904975583402893,1.0043333333333315,23.79,equatorial
9.25,22.25,24.49,19.92,89.55,23.81,1.37,2.86,0.65,0.74,2019-09-08,Yaounde_peri,2019,9,251,36,69.47,102.57,199.89,443.43,0.7286859959244342,-0.5356666666666676,23.79,equatorial
13.4,22.47,26.78,19.11,87.47,13.51,1.4,5.09,0.66,0.71,2019-09-09,Yaounde_peri,2019,9,252,37,77.60999999999999,105.21,208.62,456.94,0.8069019420428807,-0.3130000000000024,23.79,equatorial
13.09,22.42,26.63,19.59,88.44,1.7,2.33,4.54,0.66,0.68,2019-09-10,Yaounde_peri,2019,9,253,37,77.41,102.63,203.9,458.64,0.8163969060129554,-0.35833333333333073,23.79,equatorial
16.73,22.79,26.99,19.32,86.98,0.76,2.25,4.89,0.65,0.66,2019-09-11,Yaounde_peri,2019,9,254,37,67.14,99.9,197.02,459.4,0.8204192521645428,0.009666666666667822,23.79,equatorial
15.91,23.32,27.33,19.77,85.92,0.93,1.61,4.88,0.63,0.64,2019-09-12,Yaounde_peri,2019,9,255,37,49.62999999999999,96.3,194.95000000000002,460.33,0.8254272239439648,0.5229999999999961,23.79,equatorial
15.39,23.9,28.14,20.34,87.5,3.24,1.88,5.32,0.62,0.64,2019-09-13,Yaounde_peri,2019,9,256,37,49.63999999999999,96.21999999999998,193.58999999999997,461.89,0.8340951265391646,1.0839999999999996,23.9,equatorial
15.67,23.46,27.05,21.07,90.68,4.61,2.16,3.5,0.61,0.64,2019-09-14,Yaounde_peri,2019,9,257,37,48.55999999999999,97.10999999999999,194.29,461.34000000000003,0.8304848845880205,0.611333333333338,23.9,equatorial
14.91,23.77,27.77,21.02,89.06,4.63,2.09,4.73,0.61,0.64,2019-09-15,Yaounde_peri,2019,9,258,37,29.379999999999992,98.85,191.89,465.29,0.8530511629258675,0.8843333333333305,23.9,equatorial
13.42,23.1,26.02,21.03,90.66,11.1,1.72,3.29,0.62,0.68,2019-09-16,Yaounde_peri,2019,9,259,38,26.96999999999999,104.57999999999998,199.98999999999998,475.33,0.9110194750699037,0.22133333333333738,23.9,equatorial
16.2,23.52,27.6,20.59,87.64,3.56,1.62,5.0,0.62,0.64,2019-09-17,Yaounde_peri,2019,9,260,38,28.829999999999995,106.24,196.93,477.22999999999996,0.9215863740230833,0.6139999999999972,23.9,equatorial
12.97,23.75,27.76,20.36,86.76,10.04,1.28,4.68,0.62,0.67,2019-09-18,Yaounde_peri,2019,9,261,38,38.10999999999999,105.25,203.66000000000003,487.17,0.978905782698041,0.7949999999999982,23.9,equatorial
14.44,23.54,27.58,20.6,86.89,3.65,1.43,4.66,0.63,0.65,2019-09-19,Yaounde_peri,2019,9,262,38,40.82999999999999,90.46,203.84,490.82,0.9995780692693411,0.5429999999999993,23.9,equatorial
18.17,23.74,27.69,20.19,87.21,5.23,1.66,4.91,0.62,0.65,2019-09-20,Yaounde_peri,2019,9,263,38,42.81999999999999,92.46,205.47,496.05,1.029415056312196,0.7249999999999979,23.77,equatorial
13.56,23.1,26.02,21.01,90.46,2.85,1.48,2.48,0.62,0.64,2019-09-21,Yaounde_peri,2019,9,264,38,41.059999999999995,89.61999999999999,203.74,498.90000000000003,1.0453745994988772,0.08300000000000196,23.77,equatorial
20.38,23.8,27.63,20.88,87.83,4.82,1.29,4.32,0.61,0.64,2019-09-22,Yaounde_peri,2019,9,265,38,41.25,70.63,184.04,503.72,1.072769476633491,0.7460000000000022,23.8,equatorial
16.66,23.43,26.29,21.37,91.68,4.8,1.59,2.61,0.62,0.65,2019-09-23,Yaounde_peri,2019,9,266,39,34.949999999999996,61.919999999999995,182.68,507.26000000000005,1.0926850809365507,0.30433333333333223,23.8,equatorial
12.41,23.89,27.71,20.85,90.35,8.48,2.03,4.81,0.62,0.66,2019-09-24,Yaounde_peri,2019,9,267,39,39.87,68.69999999999999,186.48,513.54,1.1285028784951663,0.7123333333333335,23.89,equatorial
17.87,22.88,25.37,21.16,93.77,19.29,2.15,2.58,0.64,0.72,2019-09-25,Yaounde_peri,2019,9,268,39,49.12,87.22999999999999,194.89999999999998,531.51,1.232214015788426,-0.350000000000005,23.89,equatorial
16.15,22.81,26.01,20.18,89.16,1.47,1.42,3.15,0.65,0.67,2019-09-26,Yaounde_peri,2019,9,269,39,46.94,87.77,192.08999999999997,532.67,1.2380583730049473,-0.42600000000000193,23.89,equatorial
14.21,22.9,26.47,20.2,89.76,7.72,1.75,3.91,0.64,0.67,2019-09-27,Yaounde_peri,2019,9,270,39,49.42999999999999,92.25,196.32,538.88,1.2732327136747286,-0.33800000000000097,23.89,equatorial
16.43,22.54,26.05,20.26,89.76,5.68,2.28,4.08,0.65,0.68,2019-09-28,Yaounde_peri,2019,9,271,39,52.25999999999999,93.31999999999998,197.47,542.9799999999999,1.2960846753570037,-0.6780000000000044,23.89,equatorial
16.56,21.29,24.13,19.77,91.9,4.63,2.46,3.2,0.64,0.67,2019-09-29,Yaounde_peri,2019,9,272,39,52.06999999999999,93.32,198.78,547.3199999999999,1.3202857674164383,-1.8599999999999994,23.89,equatorial
16.52,22.18,25.87,19.1,89.52,2.46,2.32,4.49,0.64,0.65,2019-09-30,Yaounde_peri,2019,9,273,40,49.73,84.67999999999999,197.52,549.55,1.332188409347851,-0.939666666666664,23.89,equatorial
17.94,22.74,26.35,19.88,87.27,2.84,1.42,3.71,0.63,0.65,2019-10-01,Yaounde_peri,2019,10,274,40,44.089999999999996,83.96,197.47,552.15,1.3462143995687637,-0.3789999999999978,22.9,equatorial
15.16,22.56,26.02,20.16,91.7,25.94,2.13,3.99,0.64,0.73,2019-10-02,Yaounde_peri,2019,10,275,40,50.739999999999995,99.85999999999999,218.04,576.92,1.488832338961486,-0.5350000000000037,22.9,equatorial
14.44,22.31,25.45,20.12,92.21,16.4,1.99,3.67,0.68,0.75,2019-10-03,Yaounde_peri,2019,10,276,40,65.67,112.60999999999999,232.54,593.19,1.581786794308757,-0.7536666666666676,22.9,equatorial
18.66,22.34,25.61,20.04,90.15,9.84,1.44,3.43,0.69,0.73,2019-10-04,Yaounde_peri,2019,10,277,40,67.78999999999999,117.21999999999998,231.35,603.03,1.6372096727992338,-0.696666666666669,22.74,equatorial
18.09,23.01,27.48,19.77,86.8,3.45,1.59,5.12,0.69,0.71,2019-10-05,Yaounde_peri,2019,10,278,40,65.56,117.82,216.35999999999999,606.48,1.6554569008647553,-0.01766666666666694,23.01,equatorial
11.81,22.54,25.27,20.23,91.54,4.37,2.15,3.48,0.67,0.69,2019-10-06,Yaounde_peri,2019,10,279,40,65.3,117.36999999999999,217.5,610.85,1.6789707351975636,-0.4646666666666661,23.01,equatorial
17.34,22.55,26.53,20.09,89.32,14.11,1.88,5.05,0.67,0.72,2019-10-07,Yaounde_peri,2019,10,280,41,76.94999999999999,126.67999999999999,225.92,624.96,1.7587389493079606,-0.41333333333333044,23.01,equatorial
17.35,22.74,27.31,19.33,85.08,2.8,1.71,5.7,0.68,0.7,2019-10-08,Yaounde_peri,2019,10,281,41,76.91,120.99999999999999,204.91,625.0,1.7569057314913044,-0.23966666666666825,23.01,equatorial
14.84,22.84,26.5,19.92,86.67,1.03,1.77,4.42,0.66,0.67,2019-10-09,Yaounde_peri,2019,10,282,41,51.99999999999999,102.74,192.43,617.4699999999999,1.7113507257618636,-0.15200000000000102,23.01,equatorial
15.73,23.23,27.56,19.95,86.81,1.0,1.79,5.08,0.65,0.66,2019-10-10,Yaounde_peri,2019,10,283,41,36.599999999999994,102.27,191.73,617.52,1.7097134333514898,0.21100000000000207,23.23,equatorial
16.12,23.66,28.25,20.01,87.85,5.19,0.92,4.87,0.64,0.66,2019-10-11,Yaounde_peri,2019,10,284,41,31.949999999999996,99.74,196.16,620.89,1.7272394226886998,0.6120000000000019,23.66,equatorial
17.53,23.32,26.6,21.11,89.72,6.8,1.59,3.89,0.64,0.69,2019-10-12,Yaounde_peri,2019,10,285,41,35.3,100.85999999999999,202.03,579.31,1.485397377742764,0.272000000000002,23.66,equatorial
15.88,23.96,28.39,20.31,87.08,1.28,1.7,4.71,0.64,0.65,2019-10-13,Yaounde_peri,2019,10,286,41,32.209999999999994,97.50999999999999,200.07000000000002,575.45,1.461766627906083,0.9100000000000001,23.96,equatorial
15.79,22.8,24.98,21.28,94.87,51.35,1.9,2.07,0.69,0.82,2019-10-14,Yaounde_peri,2019,10,287,42,69.44999999999999,146.39999999999998,246.81,621.8,1.7276762265895482,-0.22800000000000153,23.96,equatorial
16.27,22.78,26.16,20.37,91.77,2.46,2.14,3.25,0.72,0.73,2019-10-15,Yaounde_peri,2019,10,288,42,69.11,146.01999999999998,244.64,609.43,1.6544527965541036,-0.2149999999999963,23.96,equatorial
17.3,22.76,26.19,20.44,90.23,2.28,2.24,4.1,0.71,0.72,2019-10-16,Yaounde_peri,2019,10,289,42,70.36,122.35999999999999,235.82,592.98,1.5579522024653365,-0.22366666666666646,23.96,equatorial
16.06,22.38,25.44,20.26,89.59,1.85,1.82,3.12,0.69,0.7,2019-10-17,Yaounde_peri,2019,10,290,42,71.21,107.80999999999999,234.11,592.18,1.5518225672085963,-0.5656666666666652,23.96,equatorial
15.5,23.15,27.43,19.88,88.17,1.83,2.13,5.31,0.68,0.69,2019-10-18,Yaounde_peri,2019,10,291,42,67.85,99.79999999999998,225.89999999999998,592.7800000000001,1.5537672756920056,0.22433333333333394,23.96,equatorial
16.88,21.97,24.46,19.98,90.12,0.99,1.68,2.29,0.66,0.68,2019-10-19,Yaounde_peri,2019,10,292,42,62.03999999999999,97.33999999999999,223.24,590.86,1.541209565222445,-0.9033333333333324,23.96,equatorial
13.98,21.59,24.8,19.12,88.71,0.75,2.11,3.35,0.66,0.67,2019-10-20,Yaounde_peri,2019,10,293,42,61.50999999999999,93.72,218.76,589.57,1.5323090170523663,-1.211666666666666,23.15,equatorial
16.16,21.96,25.97,18.62,87.81,1.27,1.82,4.17,0.65,0.66,2019-10-21,Yaounde_peri,2019,10,294,43,11.429999999999993,80.88,217.18,589.22,1.528836312764417,-0.8036666666666648,23.15,equatorial
16.31,22.81,26.54,19.77,88.13,4.64,0.63,2.73,0.64,0.67,2019-10-22,Yaounde_peri,2019,10,295,43,13.609999999999992,82.72,217.0,590.63,1.535486997579793,0.07933333333333437,23.15,equatorial
12.82,23.23,26.8,20.64,91.53,40.56,2.07,4.49,0.7,0.8,2019-10-23,Yaounde_peri,2019,10,296,43,51.88999999999999,122.25,252.76,622.74,1.7184221718979205,0.5060000000000002,23.23,equatorial
18.8,22.97,26.46,20.7,90.56,4.28,1.77,3.81,0.71,0.72,2019-10-24,Yaounde_peri,2019,10,297,43,54.31999999999999,125.53,248.56,614.88,1.6713870064021106,0.2766666666666673,23.23,equatorial
18.03,23.83,28.16,20.12,85.62,0.94,1.24,4.52,0.69,0.7,2019-10-25,Yaounde_peri,2019,10,298,43,53.42999999999999,121.27999999999999,230.21,610.92,1.646870823992525,1.1049999999999969,23.83,equatorial
14.37,23.35,26.36,20.93,90.05,6.26,1.64,3.73,0.68,0.71,2019-10-26,Yaounde_peri,2019,10,299,43,58.69999999999999,120.74,235.0,614.41,1.665145069581633,0.6070000000000029,23.83,equatorial
14.39,22.11,25.08,20.14,91.97,10.78,2.6,3.36,0.69,0.73,2019-10-27,Yaounde_peri,2019,10,300,43,68.72999999999999,130.23999999999998,238.06,623.3,1.7143025446369597,-0.6066666666666656,23.83,equatorial
10.3,21.76,24.55,19.82,91.99,3.7,1.44,2.64,0.69,0.71,2019-10-28,Yaounde_peri,2019,10,301,44,71.16,82.58999999999999,236.08,625.58,1.725444119191602,-0.9306666666666636,23.83,equatorial
19.99,23.76,28.19,19.67,84.42,11.02,0.77,5.43,0.68,0.71,2019-10-29,Yaounde_peri,2019,10,302,44,77.53999999999999,91.15,242.47,631.86,1.7594384922948225,0.9870000000000019,23.83,equatorial
17.54,23.55,26.91,20.55,87.97,25.91,0.95,3.19,0.73,0.8,2019-10-30,Yaounde_peri,2019,10,303,44,62.88999999999999,114.78,265.92,640.6099999999999,1.8074360479446898,0.7313333333333318,23.83,equatorial
16.79,23.11,26.38,20.7,88.63,2.89,1.32,2.94,0.72,0.73,2019-10-31,Yaounde_peri,2019,10,304,44,61.49999999999999,115.82,265.97,637.21,1.7858232266420575,0.27899999999999636,23.83,equatorial
19.81,23.52,27.47,19.36,85.14,4.58,1.85,4.86,0.71,0.72,2019-11-01,Yaounde_peri,2019,11,305,44,65.14,118.57,244.61,638.7099999999999,1.7922740943567066,0.657,23.76,equatorial
13.13,23.77,27.79,20.38,84.29,2.76,1.43,5.09,0.7,0.71,2019-11-02,Yaounde_peri,2019,11,306,44,61.639999999999986,120.34,230.97,634.0999999999999,1.7638261125256476,0.8583333333333307,23.77,equatorial
21.1,22.87,25.77,20.72,88.73,3.87,1.26,2.1,0.69,0.71,2019-11-03,Yaounde_peri,2019,11,307,44,54.73,123.46,225.0,631.3499999999999,1.746088630631771,-0.05933333333333124,23.77,equatorial
12.15,23.32,26.55,20.87,91.53,17.45,1.1,2.07,0.71,0.76,2019-11-04,Yaounde_peri,2019,11,308,45,68.47999999999999,139.64,239.0,644.65,1.8199176279078626,0.38033333333333275,23.77,equatorial
18.2,24.43,28.78,20.82,83.42,3.03,1.64,5.28,0.71,0.72,2019-11-05,Yaounde_peri,2019,11,309,45,60.489999999999995,138.03,237.66,641.3299999999999,1.798788909719484,1.4273333333333333,24.43,equatorial
15.19,24.52,28.92,20.12,82.6,3.78,1.08,5.6,0.7,0.71,2019-11-06,Yaounde_peri,2019,11,310,45,38.35999999999999,101.25,227.33,636.17,1.7672596218368133,1.451666666666668,24.52,equatorial
17.85,24.39,27.74,21.0,84.02,2.02,1.1,3.72,0.69,0.7,2019-11-07,Yaounde_peri,2019,11,311,45,37.489999999999995,98.99,226.55,631.35,1.7377749682036774,1.2666666666666693,24.52,equatorial
18.62,24.56,28.54,21.36,85.46,1.99,1.65,4.33,0.68,0.69,2019-11-08,Yaounde_peri,2019,11,312,45,34.89999999999999,100.03999999999999,227.51,628.56,1.719936826125217,1.379333333333328,24.56,equatorial
16.33,24.14,27.52,21.29,89.39,11.78,1.72,3.05,0.68,0.72,2019-11-09,Yaounde_peri,2019,11,313,45,43.91999999999999,105.56,238.29,633.9200000000001,1.7484905923428462,0.9289999999999985,24.56,equatorial
16.82,23.97,27.14,21.57,84.39,1.2,0.99,3.14,0.69,0.71,2019-11-10,Yaounde_peri,2019,11,314,45,41.24999999999999,95.97999999999999,234.3,627.48,1.7099040617588133,0.7486666666666615,24.56,equatorial
12.57,23.59,28.17,20.15,89.53,14.09,1.44,3.76,0.68,0.73,2019-11-11,Yaounde_peri,2019,11,315,46,37.88999999999999,106.36999999999999,241.59,638.57,1.770990211454217,0.35966666666666924,24.56,equatorial
11.1,22.39,24.54,20.76,90.92,0.62,1.72,1.77,0.7,0.71,2019-11-12,Yaounde_peri,2019,11,316,46,35.47999999999999,95.97,240.92999999999998,634.59,1.7463455949672613,-0.7879999999999967,24.56,equatorial
17.54,24.29,28.33,20.44,82.74,0.0,1.04,4.22,0.69,0.69,2019-11-13,Yaounde_peri,2019,11,317,46,31.699999999999992,70.06,189.57999999999998,630.68,1.7221816696000931,1.0623333333333314,24.56,equatorial
17.92,23.6,26.59,20.66,86.62,0.0,1.51,2.22,0.68,0.69,2019-11-14,Yaounde_peri,2019,11,318,46,29.679999999999993,67.17,187.12,623.65,1.6804089546383914,0.34499999999999886,24.56,equatorial
15.31,24.07,26.96,21.09,84.29,0.0,1.24,2.48,0.67,0.68,2019-11-15,Yaounde_peri,2019,11,319,46,27.68999999999999,62.589999999999996,184.84,620.65,1.6616050031111471,0.771333333333331,24.29,equatorial
15.16,24.34,27.75,20.95,84.54,0.0,1.25,3.03,0.67,0.68,2019-11-16,Yaounde_peri,2019,11,320,46,15.909999999999991,59.83,182.98999999999998,614.03,1.6223531239951796,0.9760000000000026,24.34,equatorial
16.56,24.71,28.82,21.11,86.04,1.83,1.28,3.64,0.66,0.68,2019-11-17,Yaounde_peri,2019,11,321,46,16.539999999999992,57.78999999999999,182.99,612.5500000000001,1.6123208361843813,1.2940000000000005,24.71,equatorial
19.54,24.98,28.9,21.48,80.81,0.59,1.37,4.69,0.66,0.67,2019-11-18,Yaounde_peri,2019,11,322,47,3.039999999999993,40.929999999999986,182.59,609.67,1.5943938564155793,1.4636666666666684,24.98,equatorial
16.68,24.62,28.86,19.86,76.32,0.68,1.22,4.7,0.65,0.66,2019-11-19,Yaounde_peri,2019,11,323,47,3.099999999999993,38.57999999999999,182.52,606.75,1.5762914452241186,1.00266666666667,24.98,equatorial
9.92,23.38,26.97,20.67,88.56,6.36,1.13,2.53,0.66,0.69,2019-11-20,Yaounde_peri,2019,11,324,47,9.459999999999994,41.16,187.60999999999999,608.5300000000001,1.5848206072569184,-0.2846666666666664,24.98,equatorial
14.1,24.23,28.52,20.87,85.78,3.01,1.24,4.71,0.66,0.68,2019-11-21,Yaounde_peri,2019,11,325,47,12.469999999999992,42.14999999999999,185.98,587.02,1.461647484303261,0.5180000000000007,24.98,equatorial
17.48,23.56,27.15,21.14,87.59,0.32,1.7,3.14,0.65,0.67,2019-11-22,Yaounde_peri,2019,11,326,47,12.789999999999992,40.48,145.74,581.18,1.4273505102260848,-0.1630000000000038,24.98,equatorial
18.29,24.57,29.09,20.77,81.68,0.26,1.5,4.92,0.65,0.66,2019-11-23,Yaounde_peri,2019,11,327,47,13.049999999999992,28.959999999999994,141.72,576.76,1.4011568537589834,0.7936666666666667,24.98,equatorial
17.87,24.66,28.65,20.08,79.55,0.23,0.93,4.06,0.64,0.65,2019-11-24,Yaounde_peri,2019,11,328,47,11.449999999999992,27.98999999999999,141.01,566.12,1.3398695137704089,0.8560000000000016,24.98,equatorial
12.19,23.77,26.69,21.02,84.06,0.53,1.75,2.83,0.64,0.65,2019-11-25,Yaounde_peri,2019,11,329,48,11.389999999999993,14.429999999999993,135.28,562.3699999999999,1.317634960540069,-0.04800000000000182,24.66,equatorial
13.79,23.75,28.05,19.51,79.78,0.32,1.21,3.91,0.64,0.65,2019-11-26,Yaounde_peri,2019,11,330,48,11.029999999999992,14.129999999999994,124.82,559.2,1.2987201147559133,-0.12266666666666737,24.66,equatorial
16.98,23.69,28.04,20.4,83.31,0.0,1.17,3.57,0.63,0.64,2019-11-27,Yaounde_peri,2019,11,331,48,4.669999999999992,14.129999999999994,121.12,554.67,1.272158539780272,-0.2469999999999999,24.66,equatorial
16.55,24.27,28.79,20.68,82.1,0.0,1.13,3.96,0.63,0.64,2019-11-28,Yaounde_peri,2019,11,332,48,1.6599999999999921,14.129999999999994,110.1,551.35,1.2524787775536224,0.31599999999999895,24.66,equatorial
17.0,24.86,29.21,20.69,81.55,0.0,1.61,4.83,0.62,0.63,2019-11-29,Yaounde_peri,2019,11,333,48,1.339999999999992,14.129999999999994,84.19,547.63,1.2305744343457043,0.8623333333333356,24.86,equatorial
11.44,25.52,29.9,21.6,78.73,0.0,1.89,5.05,0.62,0.62,2019-11-30,Yaounde_peri,2019,11,334,48,1.079999999999992,14.129999999999994,81.3,544.74,1.2133938313241972,1.4420000000000037,25.52,equatorial
16.34,24.69,28.91,21.26,78.76,0.0,1.1,3.68,0.61,0.62,2019-12-01,Yaounde_peri,2019,12,335,48,0.8499999999999921,12.299999999999994,76.72,539.37,1.1822384794530456,0.5730000000000004,25.52,equatorial
18.23,24.8,29.48,20.94,80.21,0.2,1.54,4.67,0.61,0.62,2019-12-02,Yaounde_peri,2019,12,336,49,0.519999999999992,11.909999999999991,74.16,537.6700000000001,1.1718520371527494,0.6486666666666672,25.52,equatorial
15.65,24.5,28.32,21.6,83.74,0.1,1.14,3.04,0.61,0.62,2019-12-03,Yaounde_peri,2019,12,337,49,0.29999999999999205,11.329999999999993,70.39,526.7399999999999,1.1093714357820716,0.2943333333333342,25.52,equatorial
16.56,24.72,29.32,21.04,82.38,0.16,1.33,4.12,0.6,0.61,2019-12-04,Yaounde_peri,2019,12,338,49,0.459999999999992,5.129999999999993,53.1,508.46,1.0054713574995202,0.46766666666666623,25.52,equatorial
17.49,24.57,28.48,21.35,81.91,0.26,1.66,3.7,0.6,0.61,2019-12-05,Yaounde_peri,2019,12,339,49,0.719999999999992,2.379999999999993,50.33,505.49,0.9881389355618695,0.31299999999999883,25.52,equatorial
17.33,24.69,28.94,21.08,76.64,0.05,1.46,4.36,0.6,0.61,2019-12-06,Yaounde_peri,2019,12,340,49,0.769999999999992,2.109999999999993,46.6,499.84999999999997,0.9557475648359404,0.42733333333333334,25.52,equatorial
17.21,24.26,29.27,20.49,75.43,0.0,1.38,4.45,0.6,0.6,2019-12-07,Yaounde_peri,2019,12,341,49,0.769999999999992,1.849999999999993,44.58,476.03999999999996,0.8207635762856175,0.0016666666666687036,24.8,equatorial
19.18,24.54,29.66,20.33,75.43,0.0,1.43,4.68,0.59,0.6,2019-12-08,Yaounde_peri,2019,12,342,49,0.769999999999992,1.619999999999993,42.59,462.53,0.7440612433149015,0.2823333333333302,24.8,equatorial
20.39,24.46,30.06,20.08,72.51,0.0,1.53,4.88,0.59,0.59,2019-12-09,Yaounde_peri,2019,12,343,50,0.5699999999999921,1.089999999999993,30.810000000000002,460.83,0.73413546243238,0.19166666666666998,24.72,equatorial
15.13,23.86,28.73,19.45,78.34,0.0,1.11,3.36,0.58,0.59,2019-12-10,Yaounde_peri,2019,12,344,50,0.469999999999992,0.7699999999999929,29.61,460.07,0.7295277805044862,-0.40466666666666384,24.72,equatorial
16.93,24.09,28.91,19.25,74.9,0.0,0.85,3.8,0.58,0.59,2019-12-11,Yaounde_peri,2019,12,345,50,0.309999999999992,0.7699999999999929,15.52,459.14,0.7239622024416464,-0.19133333333333624,24.69,equatorial
11.55,24.21,28.61,19.97,76.01,0.0,1.22,3.68,0.58,0.59,2019-12-12,Yaounde_peri,2019,12,346,50,0.04999999999999201,0.7699999999999929,14.9,455.9,0.7053423907930284,-0.13200000000000145,24.69,equatorial
14.98,24.48,29.34,20.27,77.74,0.0,1.4,3.78,0.58,0.58,2019-12-13,Yaounde_peri,2019,12,347,50,0.0,0.7699999999999929,14.9,451.28999999999996,0.6789873399165398,0.1316666666666677,24.54,equatorial
18.14,24.49,29.51,19.97,71.19,0.0,1.97,4.08,0.58,0.58,2019-12-14,Yaounde_peri,2019,12,348,50,0.0,0.7699999999999929,14.9,446.65999999999997,0.6525324380232784,0.11200000000000188,24.54,equatorial
18.33,24.35,30.1,19.58,72.7,0.0,1.81,4.17,0.57,0.58,2019-12-15,Yaounde_peri,2019,12,349,50,0.0,0.7699999999999929,14.9,435.56,0.5894964957158327,-0.037333333333332774,24.49,equatorial
19.48,24.89,30.89,18.91,68.98,0.0,1.86,4.44,0.57,0.57,2019-12-16,Yaounde_peri,2019,12,350,51,0.0,0.569999999999993,14.9,432.0,0.5691382387451936,0.4843333333333355,24.89,equatorial
16.65,25.15,30.64,19.76,73.53,0.0,1.63,3.82,0.57,0.57,2019-12-17,Yaounde_peri,2019,12,351,51,0.0,0.4699999999999929,13.07,421.96,0.5121212059296927,0.7296666666666702,25.15,equatorial
10.23,24.78,30.06,20.68,77.03,0.0,2.65,3.8,0.56,0.57,2019-12-18,Yaounde_peri,2019,12,352,51,0.0,0.3099999999999929,12.479999999999999,418.31,0.49128533191612916,0.3663333333333334,25.15,equatorial
17.8,24.82,30.95,19.9,70.49,0.0,1.99,4.32,0.56,0.56,2019-12-19,Yaounde_peri,2019,12,353,51,0.0,0.0499999999999929,11.799999999999999,413.08,0.4615106080143165,0.39966666666666484,25.15,equatorial
18.42,24.81,30.85,19.96,70.73,0.0,1.55,4.2,0.56,0.56,2019-12-20,Yaounde_peri,2019,12,354,51,0.0,0.0,5.4399999999999995,410.22999999999996,0.44521898810518556,0.3419999999999952,25.15,equatorial
18.86,24.92,30.34,19.98,73.84,0.0,1.28,3.85,0.55,0.56,2019-12-21,Yaounde_peri,2019,12,355,51,0.0,0.0,2.43,405.40999999999997,0.4177735690137141,0.42900000000000205,25.15,equatorial
19.96,24.68,30.87,20.15,71.39,0.0,2.07,4.23,0.55,0.55,2019-12-22,Yaounde_peri,2019,12,356,51,0.0,0.0,2.1100000000000003,400.60999999999996,0.39044656818903944,0.15166666666666728,25.15,equatorial
19.27,24.59,30.85,18.05,64.95,0.0,1.44,4.1,0.55,0.55,2019-12-23,Yaounde_peri,2019,12,357,52,0.0,0.0,1.85,392.13,0.34227125147183796,0.06099999999999994,25.15,equatorial
18.06,24.81,30.89,19.72,71.71,0.0,1.72,3.7,0.55,0.55,2019-12-24,Yaounde_peri,2019,12,358,52,0.0,0.0,1.62,372.84,0.23282895319118932,0.2759999999999998,24.92,equatorial
19.24,24.94,30.59,20.35,74.12,0.0,1.58,3.45,0.54,0.55,2019-12-25,Yaounde_peri,2019,12,359,52,0.0,0.0,1.09,371.37,0.2244270865301651,0.36700000000000443,24.94,equatorial
20.3,24.74,31.44,18.61,64.63,0.0,1.86,4.24,0.54,0.54,2019-12-26,Yaounde_peri,2019,12,360,52,0.0,0.0,0.77,363.65,0.18058045392776134,0.13400000000000034,24.94,equatorial
18.91,25.08,31.0,20.7,69.31,0.0,1.57,3.71,0.54,0.54,2019-12-27,Yaounde_peri,2019,12,361,52,0.0,0.0,0.77,357.96999999999997,0.1483077469426078,0.42766666666666353,25.08,equatorial
20.41,24.85,31.39,18.86,62.16,0.0,1.54,4.0,0.54,0.54,2019-12-28,Yaounde_peri,2019,12,362,52,0.0,0.0,0.77,353.34,0.12199383527221487,0.178333333333331,25.08,equatorial
18.01,25.25,31.42,20.27,71.02,0.0,1.2,3.43,0.54,0.53,2019-12-29,Yaounde_peri,2019,12,363,52,0.0,0.0,0.77,350.88,0.10799711139027963,0.5653333333333315,25.25,equatorial
16.75,25.64,31.23,21.24,73.86,0.0,0.98,3.43,0.53,0.53,2019-12-30,Yaounde_peri,2019,12,364,1,0.0,0.0,0.77,348.03999999999996,0.09184311971492173,0.9513333333333307,25.64,equatorial
16.57,25.76,31.11,21.67,73.71,0.0,1.24,3.17,0.53,0.53,2019-12-31,Yaounde_peri,2019,12,365,1,0.0,0.0,0.77,322.09999999999997,-0.055497333027702184,1.0356666666666676,25.76,equatorial
15.61,25.51,31.48,21.33,70.88,0.0,1.66,3.42,0.53,0.53,2020-01-01,Yaounde_peri,2020,1,1,1,0.0,0.0,0.5700000000000001,305.7,-0.14864364256393348,0.7620000000000005,25.76,equatorial
17.35,24.59,31.43,18.34,67.49,0.0,2.01,3.71,0.53,0.53,2020-01-02,Yaounde_peri,2020,1,2,1,0.0,0.0,0.47000000000000003,295.85999999999996,-0.20451307642058103,-0.16100000000000136,25.76,equatorial
20.31,23.5,30.91,17.59,63.5,0.0,2.84,3.74,0.53,0.52,2020-01-03,Yaounde_peri,2020,1,3,1,0.0,0.0,0.31,292.40999999999997,-0.22406269669293497,-1.2103333333333346,25.76,equatorial
21.06,23.54,30.79,17.69,63.35,0.0,2.61,3.63,0.52,0.52,2020-01-04,Yaounde_peri,2020,1,4,1,0.0,0.0,0.05,288.03999999999996,-0.24884128668101166,-1.1359999999999992,25.76,equatorial
20.68,23.77,31.08,17.39,62.88,0.0,2.3,3.36,0.52,0.52,2020-01-05,Yaounde_peri,2020,1,5,1,0.0,0.0,0.0,273.93,-0.3290013401294751,-0.8753333333333337,25.76,equatorial
17.2,24.81,31.21,19.46,63.01,0.0,1.53,3.12,0.52,0.52,2020-01-06,Yaounde_peri,2020,1,6,2,0.0,0.0,0.0,271.13,-0.34482670188442355,0.14633333333333098,25.76,equatorial
18.47,25.22,32.42,18.74,66.1,0.0,2.4,3.34,0.52,0.51,2020-01-07,Yaounde_peri,2020,1,7,2,0.0,0.0,0.0,270.09999999999997,-0.3505809345523328,0.5336666666666687,25.51,equatorial
18.29,25.93,32.78,20.51,63.02,0.0,1.42,3.51,0.52,0.51,2020-01-08,Yaounde_peri,2020,1,8,2,0.0,0.0,0.0,269.09999999999997,-0.35616376889574786,1.194666666666663,25.93,equatorial
16.62,25.65,32.62,20.58,66.81,0.0,1.39,3.06,0.52,0.51,2020-01-09,Yaounde_peri,2020,1,9,2,0.0,0.0,0.0,263.90999999999997,-0.3855929217762288,0.8549999999999969,25.93,equatorial
17.02,24.78,29.32,21.32,76.17,0.0,1.6,1.98,0.51,0.51,2020-01-10,Yaounde_peri,2020,1,10,2,0.0,0.0,0.0,257.10999999999996,-0.4241821577046983,-0.0379999999999967,25.93,equatorial
16.81,25.2,31.11,20.56,74.86,0.0,1.66,2.85,0.52,0.51,2020-01-11,Yaounde_peri,2020,1,11,2,0.0,0.0,0.0,255.83,-0.43133404336422254,0.3490000000000002,25.93,equatorial
19.89,25.82,32.07,21.13,71.04,0.0,1.97,3.23,0.51,0.51,2020-01-12,Yaounde_peri,2020,1,12,2,0.0,0.0,0.0,204.48000000000002,-0.7235990957705243,0.9243333333333332,25.93,equatorial
18.13,25.77,32.45,18.96,65.81,0.0,1.54,3.21,0.51,0.51,2020-01-13,Yaounde_peri,2020,1,13,3,0.0,0.0,0.0,202.02,-0.7373071039103606,0.8316666666666634,25.93,equatorial
19.48,26.18,32.57,21.16,66.01,0.0,1.17,2.93,0.51,0.5,2020-01-14,Yaounde_peri,2020,1,14,3,0.0,0.0,0.0,199.74,-0.7499820474524868,1.1806666666666672,26.18,equatorial
16.63,25.78,31.39,21.06,70.84,0.0,1.39,2.4,0.51,0.51,2020-01-15,Yaounde_peri,2020,1,15,3,0.0,0.0,0.0,197.89000000000001,-0.760200353873665,0.7510000000000012,26.18,equatorial
19.09,25.18,30.73,21.54,75.01,0.0,1.42,2.12,0.51,0.51,2020-01-16,Yaounde_peri,2020,1,16,3,0.0,0.0,0.0,196.06,-0.7702984766825441,0.14999999999999503,26.18,equatorial
20.51,26.04,33.21,20.85,63.81,0.0,1.8,3.48,0.51,0.5,2020-01-17,Yaounde_peri,2020,1,17,3,0.0,0.0,0.0,195.07000000000002,-0.7756051709650817,0.968,26.18,equatorial
17.79,25.24,31.4,20.6,74.51,0.0,1.74,2.74,0.51,0.5,2020-01-18,Yaounde_peri,2020,1,18,3,0.0,0.0,0.0,194.32000000000002,-0.7795412935312499,0.15399999999999636,26.18,equatorial
17.1,26.34,32.48,21.47,68.98,0.0,1.06,2.88,0.5,0.5,2020-01-19,Yaounde_peri,2020,1,19,3,0.0,0.0,0.0,193.05,-0.7864378351218528,1.2029999999999994,26.34,equatorial
18.1,26.49,33.15,21.24,64.64,0.0,1.44,3.03,0.5,0.49,2020-01-20,Yaounde_peri,2020,1,20,4,0.0,0.0,0.0,188.41000000000003,-0.8125327311665613,1.3006666666666682,26.49,equatorial
19.55,26.99,33.98,21.65,62.02,0.0,1.64,3.24,0.5,0.49,2020-01-21,Yaounde_peri,2020,1,21,4,0.0,0.0,0.0,147.85000000000002,-1.043264785958991,1.72366666666667,26.99,equatorial
20.25,26.09,33.92,20.78,56.37,0.0,2.24,3.43,0.5,0.48,2020-01-22,Yaounde_peri,2020,1,22,4,0.0,0.0,0.0,143.57000000000002,-1.0670559686619054,0.7736666666666672,26.99,equatorial
19.61,24.38,33.44,16.73,51.11,0.0,2.47,3.17,0.49,0.48,2020-01-23,Yaounde_peri,2020,1,23,4,0.0,0.0,0.0,142.63,-1.0717933212759785,-0.9220000000000006,26.99,equatorial
22.04,23.52,32.82,15.9,49.62,0.0,2.93,3.21,0.49,0.47,2020-01-24,Yaounde_peri,2020,1,24,4,0.0,0.0,0.0,136.37,-1.1068255454974938,-1.7346666666666657,26.99,equatorial
22.2,23.01,32.73,14.71,50.65,0.0,3.22,2.93,0.49,0.47,2020-01-25,Yaounde_peri,2020,1,25,4,0.0,0.0,0.0,125.58999999999999,-1.1675500732534252,-2.1869999999999976,26.99,equatorial
23.37,24.13,33.87,14.77,49.92,0.0,2.71,2.8,0.49,0.47,2020-01-26,Yaounde_peri,2020,1,26,4,0.0,0.0,0.0,121.89,-1.1878723960804058,-1.0353333333333303,26.99,equatorial
22.03,25.19,33.46,17.74,51.28,0.0,1.53,2.67,0.49,0.47,2020-01-27,Yaounde_peri,2020,1,27,5,0.0,0.0,0.0,110.86999999999999,-1.2498333247609268,0.013333333333335418,26.99,equatorial
20.2,25.44,33.2,19.14,67.02,0.14,1.47,2.38,0.49,0.47,2020-01-28,Yaounde_peri,2020,1,28,5,0.13999999999999202,0.1399999999999929,0.14,85.1,-1.3956170082515222,0.257000000000005,26.09,equatorial
17.64,26.23,33.4,20.53,63.83,0.15,1.48,2.26,0.49,0.47,2020-01-29,Yaounde_peri,2020,1,29,5,0.28999999999999204,0.28999999999999293,0.29000000000000004,82.36,-1.4100942168203459,1.0273333333333348,26.23,equatorial
14.12,26.18,34.24,20.1,63.0,0.41,1.56,2.78,0.49,0.47,2020-01-30,Yaounde_peri,2020,1,30,5,0.699999999999992,0.6999999999999929,0.7,78.19,-1.4326718729254768,0.9633333333333347,26.23,equatorial
16.91,26.46,33.28,21.54,68.94,0.04,1.2,2.25,0.49,0.47,2020-01-31,Yaounde_peri,2020,1,31,5,0.739999999999992,0.7399999999999929,0.74,75.47,-1.4469569334119032,1.2116666666666696,26.46,equatorial
18.74,26.63,33.05,22.14,64.09,0.0,1.18,2.08,0.48,0.47,2020-02-01,Yaounde_peri,2020,2,32,5,0.739999999999992,0.7399999999999929,0.74,71.60000000000001,-1.4677447640286705,1.3136666666666699,26.63,equatorial
19.1,26.13,33.36,20.64,66.85,0.0,1.42,2.3,0.48,0.46,2020-02-02,Yaounde_peri,2020,2,33,5,0.739999999999992,0.7399999999999929,0.74,54.150000000000006,-1.565617441157763,0.7260000000000026,26.63,equatorial
16.19,26.11,32.79,21.05,69.97,0.0,2.15,2.13,0.48,0.46,2020-02-03,Yaounde_peri,2020,2,34,6,0.739999999999992,0.7399999999999929,0.74,51.120000000000005,-1.5813673546862201,0.6203333333333347,26.63,equatorial
16.83,26.36,33.21,20.8,68.78,0.0,2.11,2.21,0.48,0.46,2020-02-04,Yaounde_peri,2020,2,35,6,0.599999999999992,0.7399999999999929,0.74,47.34,-1.6013305932125108,0.7839999999999989,26.63,equatorial
16.89,25.93,31.7,21.8,72.19,0.0,2.42,1.73,0.48,0.46,2020-02-05,Yaounde_peri,2020,2,36,6,0.4499999999999919,0.7399999999999929,0.74,45.32,-1.611256215823447,0.31666666666666643,26.63,equatorial
12.45,27.02,33.4,22.17,64.6,0.0,1.34,2.1,0.48,0.46,2020-02-06,Yaounde_peri,2020,2,37,6,0.03999999999999201,0.7399999999999929,0.74,43.330000000000005,-1.6209841283445352,1.346666666666664,27.02,equatorial
20.93,27.59,35.44,21.48,53.25,0.0,2.03,2.58,0.48,0.45,2020-02-07,Yaounde_peri,2020,2,38,6,0.0,0.7399999999999929,0.74,31.55,-1.68615684800527,1.8613333333333344,27.59,equatorial
19.0,27.5,36.0,20.56,58.96,0.0,1.97,2.36,0.48,0.45,2020-02-08,Yaounde_peri,2020,2,39,6,0.0,0.7399999999999929,0.74,30.349999999999998,-1.6912164143195842,1.7096666666666671,27.59,equatorial
17.93,27.01,33.6,22.32,69.89,0.0,2.12,1.81,0.48,0.45,2020-02-09,Yaounde_peri,2020,2,40,6,0.0,0.7399999999999929,0.74,16.259999999999998,-1.7692106516613748,1.1453333333333333,27.59,equatorial
19.52,27.38,34.89,21.97,62.4,0.0,2.14,2.06,0.48,0.45,2020-02-10,Yaounde_peri,2020,2,41,7,0.0,0.7399999999999929,0.74,15.64,-1.7707619097218068,1.442666666666664,27.59,equatorial
20.42,27.28,35.77,20.69,56.19,0.0,2.41,2.4,0.48,0.44,2020-02-11,Yaounde_peri,2020,2,42,7,0.0,0.5999999999999929,0.74,15.64,-1.768803411195141,1.2940000000000005,27.59,equatorial
16.32,26.73,32.93,22.1,65.28,0.0,1.37,1.64,0.48,0.45,2020-02-12,Yaounde_peri,2020,2,43,7,0.0,0.4499999999999928,0.74,15.64,-1.7668513975907907,0.7120000000000033,27.59,equatorial
19.09,27.0,34.61,21.22,62.03,0.0,1.73,2.01,0.48,0.45,2020-02-13,Yaounde_peri,2020,2,44,7,0.0,0.039999999999992895,0.74,15.64,-1.7649058331993477,0.9546666666666646,27.59,equatorial
19.25,27.51,34.92,21.95,59.28,0.0,1.59,1.98,0.48,0.44,2020-02-14,Yaounde_peri,2020,2,45,7,0.0,0.0,0.74,15.64,-1.762966682586085,1.407,27.51,equatorial
19.25,27.6,35.85,21.52,59.52,0.0,1.63,2.05,0.48,0.44,2020-02-15,Yaounde_peri,2020,2,46,7,0.0,0.0,0.74,13.809999999999999,-1.7713544731959836,1.416333333333334,27.6,equatorial
17.54,27.88,36.08,21.97,64.38,0.0,2.01,2.03,0.47,0.44,2020-02-16,Yaounde_peri,2020,2,47,7,0.0,0.0,0.74,13.219999999999999,-1.7727250041321205,1.634999999999998,27.88,equatorial
14.77,27.58,34.62,22.58,67.56,0.0,2.57,1.74,0.47,0.44,2020-02-17,Yaounde_peri,2020,2,48,8,0.0,0.0,0.74,12.54,-1.7745978365462836,1.2570000000000014,27.88,equatorial
17.09,27.34,33.86,22.84,67.6,0.0,2.39,1.68,0.47,0.44,2020-02-18,Yaounde_peri,2020,2,49,8,0.0,0.0,0.74,6.18,-1.808440190733684,0.983666666666668,27.88,equatorial
17.9,27.77,34.65,22.53,59.0,0.0,1.44,1.78,0.47,0.44,2020-02-19,Yaounde_peri,2020,2,50,8,0.0,0.0,0.74,3.17,-1.8233173120780242,1.3709999999999987,27.88,equatorial
17.68,27.98,35.93,21.27,58.21,0.09,1.45,1.99,0.47,0.44,2020-02-20,Yaounde_peri,2020,2,51,8,0.089999999999992,0.08999999999999289,0.83,2.9400000000000004,-1.822511920061568,1.5479999999999983,27.98,equatorial
14.41,28.53,35.57,23.43,62.59,0.54,1.79,1.86,0.47,0.44,2020-02-21,Yaounde_peri,2020,2,52,8,0.629999999999992,0.6299999999999929,1.37,3.22,-1.8188436386711084,2.0166666666666693,28.53,equatorial
17.43,29.22,37.69,23.17,59.19,1.38,2.15,2.63,0.47,0.44,2020-02-22,Yaounde_peri,2020,2,53,8,2.009999999999992,2.0099999999999927,2.75,4.37,-1.810302677391664,2.545333333333332,29.22,equatorial
19.44,27.27,34.24,22.66,72.07,2.03,3.02,2.29,0.47,0.46,2020-02-23,Yaounde_peri,2020,2,54,8,4.039999999999992,4.039999999999992,4.779999999999999,5.869999999999999,-1.7998269702769336,0.4703333333333326,29.22,equatorial
21.18,27.37,34.58,22.94,70.17,1.31,2.05,2.26,0.48,0.46,2020-02-24,Yaounde_peri,2020,2,55,9,5.349999999999992,5.3499999999999925,6.09,6.86,-1.7922476676579189,0.4250000000000007,29.22,equatorial
16.7,27.26,33.57,22.7,70.78,0.06,2.37,1.69,0.48,0.45,2020-02-25,Yaounde_peri,2020,2,56,9,5.409999999999991,5.409999999999992,6.1499999999999995,6.92,-1.7899074254064495,0.21066666666666833,29.22,equatorial
14.11,27.48,34.38,22.92,67.87,0.01,1.58,1.78,0.48,0.44,2020-02-26,Yaounde_peri,2020,2,57,9,5.419999999999992,5.419999999999993,6.16,6.930000000000001,-1.787855156254901,0.35433333333333294,29.22,equatorial
17.74,27.38,33.39,22.84,68.72,0.01,1.48,1.59,0.47,0.44,2020-02-27,Yaounde_peri,2020,2,58,9,5.339999999999992,5.429999999999993,6.03,6.94,-1.7858097417114143,0.18966666666666399,29.22,equatorial
17.05,28.2,35.02,23.33,66.34,0.06,2.02,1.81,0.47,0.44,2020-02-28,Yaounde_peri,2020,2,59,9,4.859999999999991,5.489999999999992,5.9399999999999995,7.0,-1.783491341138063,0.9439999999999955,29.22,equatorial
18.08,28.39,35.82,23.47,65.65,0.09,2.65,1.9,0.47,0.44,2020-02-29,Yaounde_peri,2020,2,60,9,3.569999999999992,5.579999999999993,5.62,7.090000000000001,-1.781012873771282,1.060333333333336,28.39,equatorial
16.23,27.35,32.81,23.45,69.73,0.04,2.88,1.37,0.47,0.44,2020-03-01,Yaounde_peri,2020,3,61,9,1.579999999999992,5.619999999999992,5.619999999999999,6.93,-1.7799400559295004,-0.009333333333334082,28.39,equatorial
15.9,26.44,30.9,23.49,74.58,0.26,2.45,1.21,0.47,0.44,2020-03-02,Yaounde_peri,2020,3,62,10,0.529999999999992,5.879999999999993,5.88,7.09,-1.7770830795325772,-0.9130000000000003,28.39,equatorial
19.05,27.03,32.81,22.68,71.69,0.24,1.91,1.56,0.47,0.44,2020-03-03,Yaounde_peri,2020,3,63,10,0.709999999999992,6.119999999999992,6.119999999999999,7.17,-1.7746822302683185,-0.352999999999998,28.39,equatorial
11.5,25.7,29.98,23.03,78.12,1.07,2.46,1.28,0.47,0.46,2020-03-04,Yaounde_peri,2020,3,64,10,1.769999999999992,7.189999999999992,7.1899999999999995,7.9799999999999995,-1.7682157352421757,-1.6693333333333342,28.39,equatorial
19.51,27.26,34.16,21.84,69.75,0.33,2.05,1.96,0.47,0.45,2020-03-05,Yaounde_peri,2020,3,65,10,2.089999999999992,7.429999999999993,7.52,8.26,-1.7647264184038898,-0.1393333333333331,28.39,equatorial
14.73,25.75,29.62,23.45,80.58,1.11,2.39,1.08,0.48,0.46,2020-03-06,Yaounde_peri,2020,3,66,10,3.139999999999992,7.999999999999993,8.629999999999999,9.370000000000001,-1.756621974049389,-1.6433333333333309,28.39,equatorial
10.22,24.83,28.57,21.43,81.97,8.5,2.04,2.0,0.49,0.55,2020-03-07,Yaounde_peri,2020,3,67,10,11.549999999999992,15.119999999999994,17.13,17.87,-1.7073700474292737,-2.4903333333333357,27.35,equatorial
18.54,25.75,33.15,19.81,75.34,1.29,2.23,3.22,0.49,0.5,2020-03-08,Yaounde_peri,2020,3,68,10,12.79999999999999,14.379999999999995,18.419999999999998,19.16,-1.6984225526683208,-1.5090000000000003,27.26,equatorial
18.97,26.3,32.52,21.98,79.09,7.51,2.28,3.68,0.5,0.54,2020-03-09,Yaounde_peri,2020,3,69,11,20.04999999999999,20.579999999999995,25.93,26.67,-1.6548767216778104,-0.9189999999999969,27.26,equatorial
17.46,25.48,29.84,22.6,84.55,10.37,2.75,3.42,0.52,0.59,2020-03-10,Yaounde_peri,2020,3,70,11,30.179999999999993,30.889999999999993,36.3,37.04,-1.5955377801285724,-1.6879999999999988,27.26,equatorial
16.63,24.76,27.96,22.63,89.57,7.35,2.49,2.17,0.53,0.58,2020-03-11,Yaounde_peri,2020,3,71,11,36.459999999999994,38.22999999999999,43.65,44.39,-1.5531566265078158,-2.320666666666664,27.26,equatorial
16.39,24.92,28.72,22.35,86.08,9.12,2.18,3.28,0.54,0.6,2020-03-12,Yaounde_peri,2020,3,72,11,45.24999999999999,47.33999999999999,52.769999999999996,53.51,-1.5010361024854206,-2.081999999999997,26.3,equatorial
17.25,25.64,30.66,22.04,81.71,2.68,1.22,3.93,0.54,0.57,2020-03-13,Yaounde_peri,2020,3,73,11,46.81999999999999,49.959999999999994,55.449999999999996,56.19,-1.48484873763359,-1.3256666666666668,26.3,equatorial
15.29,26.12,32.16,22.37,77.73,1.63,1.37,4.49,0.54,0.55,2020-03-14,Yaounde_peri,2020,3,74,11,39.949999999999996,51.49999999999999,57.08,57.82,-1.474535970553017,-0.8163333333333327,26.3,equatorial
19.72,25.79,32.05,21.62,76.85,1.75,1.64,4.2,0.53,0.54,2020-03-15,Yaounde_peri,2020,3,75,11,40.40999999999999,53.20999999999999,58.83,59.57,-1.463580049778881,-1.0890000000000022,26.3,equatorial
17.77,25.97,31.29,22.31,80.93,7.14,2.46,4.21,0.53,0.57,2020-03-16,Yaounde_peri,2020,3,76,12,40.03999999999999,60.08999999999999,65.97,66.71,-1.4227012905785248,-0.8546666666666667,26.12,equatorial
16.07,26.18,31.8,22.51,79.81,4.25,2.21,4.23,0.54,0.58,2020-03-17,Yaounde_peri,2020,3,77,12,33.91999999999999,64.1,70.22,70.96,-1.3979626445409763,-0.5879999999999974,26.18,equatorial
16.89,25.74,30.43,22.48,83.03,4.18,1.94,3.33,0.53,0.55,2020-03-18,Yaounde_peri,2020,3,78,12,30.74999999999999,67.20999999999998,74.39999999999999,75.14,-1.3736632199656091,-0.9666666666666686,26.18,equatorial
14.55,24.6,27.59,22.66,89.67,33.24,2.17,2.63,0.56,0.69,2020-03-19,Yaounde_peri,2020,3,79,12,54.86999999999999,100.11999999999999,107.64,108.38,-1.1880132066068374,-2.0153333333333343,26.18,equatorial
5.71,23.78,26.38,22.13,92.5,79.75,1.71,2.56,0.7,0.87,2020-03-20,Yaounde_peri,2020,3,80,12,131.94,178.76,187.39,188.13,-0.7441488257005369,-2.702333333333332,26.18,equatorial
21.61,24.23,27.74,21.67,88.94,11.75,1.85,4.3,0.73,0.76,2020-03-21,Yaounde_peri,2020,3,81,12,142.06,182.01,199.05,199.88,-0.6785290242295727,-2.1273333333333326,26.18,equatorial
17.31,24.09,27.59,21.86,90.92,7.98,1.75,3.22,0.73,0.75,2020-03-22,Yaounde_peri,2020,3,82,12,148.29,188.7,206.49,207.85999999999999,-0.6339006975976188,-2.119333333333337,26.18,equatorial
19.02,23.16,25.72,21.0,90.52,5.3,1.42,2.41,0.71,0.73,2020-03-23,Yaounde_peri,2020,3,83,13,146.45,186.48999999999998,210.41,213.16,-0.6041943362328374,-2.847333333333335,26.18,equatorial
6.12,23.52,27.06,21.13,90.8,12.41,2.65,3.67,0.71,0.75,2020-03-24,Yaounde_peri,2020,3,84,13,154.60999999999999,188.53,220.79000000000002,225.57,-0.5349509217921774,-2.3623333333333356,25.74,equatorial
17.81,23.21,27.15,20.36,89.18,2.79,2.17,4.05,0.7,0.71,2020-03-25,Yaounde_peri,2020,3,85,13,153.22,183.96999999999997,222.27,228.35999999999999,-0.5192487842901443,-2.5336666666666687,24.6,equatorial
16.83,24.12,28.19,20.79,87.12,1.5,1.61,4.37,0.68,0.69,2020-03-26,Yaounde_peri,2020,3,86,13,121.48,176.35,223.71,229.85999999999999,-0.5107295030380468,-1.519000000000002,24.23,equatorial
19.99,24.33,27.63,21.43,87.92,4.88,1.5,3.14,0.67,0.69,2020-03-27,Yaounde_peri,2020,3,87,13,46.61,178.55,228.58,234.74,-0.4834002458576586,-1.2040000000000006,24.33,equatorial
19.36,24.95,28.6,21.53,85.2,10.34,0.97,3.41,0.67,0.71,2020-03-28,Yaounde_peri,2020,3,88,13,45.2,187.26,238.91,245.07999999999998,-0.42568099371195894,-0.5030000000000001,24.95,equatorial
13.11,24.78,27.79,22.15,89.11,11.71,1.1,2.54,0.67,0.73,2020-03-29,Yaounde_peri,2020,3,89,13,48.93,197.22,250.56,256.79,-0.36034272399076345,-0.5589999999999975,24.95,equatorial
20.2,25.22,29.2,21.8,85.59,11.97,1.03,4.51,0.68,0.73,2020-03-30,Yaounde_peri,2020,3,90,14,55.6,202.04999999999998,262.44,268.76,-0.2935640262403523,-0.013333333333335418,25.22,equatorial
20.23,24.99,27.94,22.29,85.53,20.2,1.06,3.28,0.69,0.77,2020-03-31,Yaounde_peri,2020,3,91,14,63.39,218.0,282.6,288.96,-0.1809363100435391,-0.16466666666666896,25.22,equatorial
12.75,23.82,26.18,22.08,92.09,13.93,1.06,1.97,0.72,0.76,2020-04-01,Yaounde_peri,2020,4,92,14,74.53,227.74999999999997,296.27,302.89,-0.10325459278654713,-1.2473333333333336,25.22,equatorial
23.2,24.77,28.67,21.61,87.46,1.53,1.09,3.51,0.71,0.71,2020-04-02,Yaounde_peri,2020,4,93,14,74.56,196.04,297.56,304.42,-0.09469832368933383,-0.22200000000000486,25.22,equatorial
16.6,24.11,26.88,22.14,92.67,17.58,1.8,2.42,0.71,0.76,2020-04-03,Yaounde_peri,2020,4,94,14,87.26,133.87,314.07,322.0,0.0033533316496526053,-0.8290000000000006,25.22,equatorial
12.64,24.75,29.11,21.28,87.89,3.12,1.5,4.18,0.7,0.71,2020-04-04,Yaounde_peri,2020,4,95,14,80.03999999999999,125.24,316.86,325.12,0.020754277816294107,-0.10533333333333061,25.22,equatorial
21.84,25.61,29.46,22.12,85.62,2.67,1.29,4.29,0.69,0.7,2020-04-05,Yaounde_peri,2020,4,96,14,71.0,119.92999999999999,318.41999999999996,327.79,0.03564469190576751,0.7593333333333341,25.61,equatorial
15.77,24.7,27.71,22.62,89.52,11.82,1.58,3.38,0.68,0.73,2020-04-06,Yaounde_peri,2020,4,97,15,70.85,126.45,321.73999999999995,339.61,0.10159561810350343,-0.14633333333333454,25.61,equatorial
22.47,25.31,29.18,22.14,85.38,4.24,0.97,4.59,0.68,0.7,2020-04-07,Yaounde_peri,2020,4,98,15,54.88999999999999,118.28,324.69,343.85,0.12523575715675067,0.4783333333333353,25.61,equatorial
9.96,23.95,26.14,22.29,94.24,11.67,1.82,1.92,0.68,0.72,2020-04-08,Yaounde_peri,2020,4,99,15,52.629999999999995,127.16,328.85,355.52,0.19035831797878414,-0.8033333333333346,25.61,equatorial
15.23,23.71,26.46,21.7,91.15,15.59,1.47,2.73,0.7,0.76,2020-04-09,Yaounde_peri,2020,4,100,15,66.69,141.25,334.07,371.11,0.277368519872354,-0.9843333333333355,25.61,equatorial
20.22,24.82,29.48,20.82,82.38,3.07,0.88,5.63,0.69,0.7,2020-04-10,Yaounde_peri,2020,4,101,15,52.18,139.44,329.79,374.18,0.29443902758153734,0.12366666666666859,25.61,equatorial
9.31,23.92,27.2,21.65,91.63,13.71,1.79,3.55,0.69,0.74,2020-04-11,Yaounde_peri,2020,4,102,15,62.769999999999996,142.81,334.38,387.89,0.37095194495816686,-0.7430000000000021,25.61,equatorial
22.44,22.83,25.69,20.48,83.19,0.15,2.38,4.25,0.68,0.69,2020-04-12,Yaounde_peri,2020,4,103,15,60.25,131.25,331.84999999999997,388.04,0.3716807968557894,-1.739333333333331,25.31,equatorial
18.36,24.61,29.77,19.21,78.75,0.1,1.55,5.97,0.66,0.67,2020-04-13,Yaounde_peri,2020,4,104,16,48.53,119.38,330.32,388.14,0.3721301635466523,0.09100000000000108,25.31,equatorial
19.08,25.3,29.08,21.23,83.24,1.49,1.08,3.89,0.65,0.66,2020-04-14,Yaounde_peri,2020,4,105,16,45.78,100.67,330.06,389.63,0.3803503140836416,0.7973333333333379,25.3,equatorial
17.63,25.23,29.29,22.41,83.16,2.7,2.11,5.66,0.64,0.66,2020-04-15,Yaounde_peri,2020,4,106,16,36.81,89.44,325.62,392.33,0.3953352173861856,0.7520000000000024,25.3,equatorial
15.5,24.78,29.47,19.76,80.47,1.93,1.02,4.9,0.63,0.65,2020-04-16,Yaounde_peri,2020,4,107,16,23.150000000000002,89.83999999999999,323.3,394.26,0.40601123506185954,0.34866666666666646,25.3,equatorial
18.54,23.84,26.41,22.11,92.88,3.25,1.75,2.09,0.63,0.65,2020-04-17,Yaounde_peri,2020,4,108,16,23.330000000000002,75.50999999999999,322.37,397.51,0.4240695703112341,-0.5279999999999987,25.3,equatorial
20.25,24.83,28.81,21.69,88.83,6.37,1.67,4.56,0.63,0.66,2020-04-18,Yaounde_peri,2020,4,109,16,15.99,78.76,295.5,403.88,0.45958116960770157,0.4543333333333308,25.3,equatorial
18.68,23.63,26.26,21.62,91.17,3.89,2.38,3.05,0.63,0.66,2020-04-19,Yaounde_peri,2020,4,110,16,19.73,79.98,219.64,407.77,0.4812064280083397,-0.7406666666666695,25.3,equatorial
14.67,23.01,26.71,20.43,89.0,5.32,2.37,4.77,0.63,0.66,2020-04-20,Yaounde_peri,2020,4,111,17,24.950000000000003,73.48,213.20999999999998,413.09,0.5108302999560713,-1.3199999999999967,25.3,equatorial
21.42,23.85,28.3,20.43,84.89,0.02,1.41,4.52,0.63,0.64,2020-04-21,Yaounde_peri,2020,4,112,17,23.48,69.26,205.25,413.11,0.5107761243144904,-0.47199999999999775,25.23,equatorial
15.62,23.97,28.06,20.63,86.98,0.0,1.9,4.02,0.62,0.63,2020-04-22,Yaounde_peri,2020,4,113,17,20.78,57.59,199.95000000000002,413.11,0.5106100962394223,-0.37900000000000134,24.83,equatorial
21.76,25.07,28.83,21.45,85.26,0.0,1.09,3.54,0.61,0.62,2020-04-23,Yaounde_peri,2020,4,114,17,18.85,42.0,187.54,413.11,0.5104442299799649,0.6693333333333342,25.07,equatorial
20.62,24.79,27.85,22.53,87.42,0.0,1.15,2.35,0.6,0.62,2020-04-24,Yaounde_peri,2020,4,115,17,15.600000000000001,38.93000000000001,184.75,413.11,0.5102785252734161,0.33666666666666956,25.07,equatorial
19.56,25.17,29.32,21.89,86.36,0.0,1.4,3.55,0.6,0.61,2020-04-25,Yaounde_peri,2020,4,116,17,9.23,25.220000000000002,183.25,413.11,0.5101129818576715,0.6816666666666684,25.17,equatorial
18.05,24.4,27.54,22.32,90.7,10.39,2.13,3.53,0.6,0.66,2020-04-26,Yaounde_peri,2020,4,117,17,15.73,35.46,188.76,423.5,0.5681665800548804,-0.09066666666666734,25.17,equatorial
14.92,24.44,28.47,21.34,85.18,2.45,1.05,4.42,0.61,0.64,2020-04-27,Yaounde_peri,2020,4,118,18,12.86,37.81,180.87,425.81,0.5809189692396597,-0.03366666666666518,25.17,equatorial
18.06,24.68,28.46,21.2,85.13,4.62,0.97,3.94,0.61,0.64,2020-04-28,Yaounde_peri,2020,4,119,18,17.46,40.94,173.78,430.28,0.6057738066974617,0.2096666666666671,25.17,equatorial
20.32,25.04,29.2,21.48,85.27,4.66,1.2,4.64,0.61,0.64,2020-04-29,Yaounde_peri,2020,4,120,18,22.12,42.900000000000006,166.47,434.53000000000003,0.6293858549859785,0.5756666666666668,25.17,equatorial
14.65,25.18,29.52,21.77,87.81,9.65,1.38,4.76,0.61,0.67,2020-04-30,Yaounde_peri,2020,4,121,18,31.770000000000003,50.620000000000005,155.92000000000002,444.14,0.6830385612495058,0.7093333333333334,25.18,equatorial
18.89,24.86,28.22,22.35,89.53,21.19,1.46,4.47,0.64,0.73,2020-05-01,Yaounde_peri,2020,5,122,18,52.96,68.56,163.18,465.33,0.801588103116486,0.35466666666666313,25.18,equatorial
16.42,23.99,27.18,22.05,91.89,10.75,1.78,3.0,0.67,0.72,2020-05-02,Yaounde_peri,2020,5,123,18,63.71,72.94,172.4,476.08,0.861521817727722,-0.4893333333333345,25.18,equatorial
19.1,24.69,28.47,21.61,86.91,3.52,1.48,4.84,0.66,0.69,2020-05-03,Yaounde_peri,2020,5,124,18,56.84,72.57000000000001,158.34,479.59999999999997,0.8808727199202403,0.1913333333333327,25.18,equatorial
16.84,25.0,29.17,21.17,81.77,1.09,1.03,5.52,0.65,0.67,2020-05-04,Yaounde_peri,2020,5,125,19,55.48,68.34,156.31,480.69,0.8865834791946338,0.49299999999999855,25.18,equatorial
23.02,25.08,28.72,21.35,83.59,3.09,1.11,5.18,0.64,0.66,2020-05-05,Yaounde_peri,2020,5,126,19,53.95,71.41,156.73,483.78,0.9035041537091945,0.5906666666666638,25.18,equatorial
17.51,24.44,27.1,22.1,89.52,5.72,1.16,2.65,0.64,0.67,2020-05-06,Yaounde_peri,2020,5,127,19,55.010000000000005,77.13,150.63,489.5,0.9351576080472316,-0.040666666666663076,25.18,equatorial
16.46,24.85,27.87,22.1,86.36,9.0,0.98,3.47,0.65,0.7,2020-05-07,Yaounde_peri,2020,5,128,19,54.36,86.13,155.39,498.5,0.9851730994734756,0.3846666666666678,25.08,equatorial
10.56,24.69,27.9,22.19,85.96,11.49,0.83,4.46,0.66,0.71,2020-05-08,Yaounde_peri,2020,5,129,19,44.66,97.62,155.21,509.99,1.049097279228351,0.1999999999999993,25.08,equatorial
16.3,25.15,28.87,22.01,86.29,8.74,1.13,5.27,0.66,0.7,2020-05-09,Yaounde_peri,2020,5,130,19,42.65,106.36,148.36,518.73,1.0975306883562106,0.6119999999999983,25.15,equatorial
19.72,24.26,27.64,21.84,87.71,15.38,1.64,4.94,0.67,0.73,2020-05-10,Yaounde_peri,2020,5,131,19,54.51,111.35,160.67000000000002,534.11,1.1831188968109467,-0.2593333333333341,25.15,equatorial
14.78,23.36,26.73,21.27,87.31,10.02,1.72,4.15,0.69,0.73,2020-05-11,Yaounde_peri,2020,5,132,20,63.44,118.92000000000002,156.98,544.13,1.2385442240380131,-1.140666666666668,25.15,equatorial
15.79,24.29,28.29,20.81,85.24,5.65,1.01,5.9,0.68,0.7,2020-05-12,Yaounde_peri,2020,5,133,20,66.0,119.95,162.48,549.78,1.2693980846808677,-0.2593333333333341,25.15,equatorial
13.2,24.43,28.58,20.99,87.41,9.92,1.07,5.61,0.68,0.72,2020-05-13,Yaounde_peri,2020,5,134,20,70.2,125.21000000000001,172.3,559.7,1.324117122192077,-0.11333333333333329,25.15,equatorial
19.97,24.39,27.64,21.54,87.62,2.21,1.07,3.09,0.67,0.69,2020-05-14,Yaounde_peri,2020,5,135,20,63.41,117.77,173.01999999999998,561.91,1.335563510207006,-0.12300000000000111,25.15,equatorial
18.01,24.53,27.84,21.78,88.19,8.33,1.07,3.47,0.67,0.71,2020-05-15,Yaounde_peri,2020,5,136,20,60.25,104.91,178.65,570.24,1.3812507157909646,0.04033333333333289,25.15,equatorial
20.1,23.97,27.18,21.58,91.39,2.59,1.71,3.03,0.67,0.69,2020-05-16,Yaounde_peri,2020,5,137,20,54.1,96.75,179.31,572.83,1.394723609368412,-0.49266666666666836,24.53,equatorial
18.82,24.66,28.62,21.44,87.92,1.29,1.33,4.12,0.66,0.67,2020-05-17,Yaounde_peri,2020,5,138,20,40.01,94.52,177.35,574.12,1.400896177063463,0.16999999999999815,24.66,equatorial
15.65,24.66,28.23,21.99,89.44,0.81,1.5,3.41,0.65,0.67,2020-05-18,Yaounde_peri,2020,5,139,21,30.8,94.24000000000001,171.79,574.93,1.4043716332758247,0.1756666666666682,24.66,equatorial
16.68,24.09,27.42,21.74,90.72,3.09,2.32,3.7,0.65,0.67,2020-05-19,Yaounde_peri,2020,5,140,21,28.24,94.24,170.99,578.02,1.4205908122803887,-0.4096666666666664,24.66,equatorial
13.7,23.79,27.11,21.45,88.89,0.67,2.28,3.73,0.64,0.65,2020-05-20,Yaounde_peri,2020,5,141,21,18.99,89.19,166.34,578.5999999999999,1.4227441235534932,-0.7356666666666669,24.66,equatorial
16.14,23.68,26.93,20.88,90.91,11.64,1.4,3.73,0.65,0.7,2020-05-21,Yaounde_peri,2020,5,142,21,28.419999999999998,91.83,177.96,589.7,1.4836885419296173,-0.8399999999999999,24.66,equatorial
16.12,23.36,26.14,21.58,90.76,2.85,1.45,3.02,0.65,0.67,2020-05-22,Yaounde_peri,2020,5,143,21,22.94,83.19000000000001,180.81,591.17,1.4906956203617814,-1.1396666666666668,24.66,equatorial
16.61,23.19,26.04,21.22,93.08,3.73,1.74,2.57,0.65,0.68,2020-05-23,Yaounde_peri,2020,5,144,21,24.08,78.17999999999999,184.54,592.87,1.4989715995986688,-1.2469999999999999,24.66,equatorial
15.96,24.72,29.07,20.96,87.5,7.2,1.22,5.37,0.65,0.68,2020-05-24,Yaounde_peri,2020,5,145,21,29.990000000000002,70.0,191.74,598.76,1.530621145810347,0.2853333333333339,24.72,equatorial
14.33,23.89,26.25,22.19,92.29,18.78,1.52,2.77,0.68,0.75,2020-05-25,Yaounde_peri,2020,5,146,22,47.96,78.76,210.52,617.48,1.6337850650318653,-0.5019999999999989,24.72,equatorial
19.18,24.76,28.56,21.14,86.73,0.38,1.03,3.53,0.68,0.69,2020-05-26,Yaounde_peri,2020,5,147,22,45.25000000000001,73.49,200.51000000000002,617.85,1.6343303844537902,0.35600000000000165,24.76,equatorial
15.6,25.38,29.1,22.17,86.11,0.0,1.02,3.88,0.66,0.67,2020-05-27,Yaounde_peri,2020,5,148,22,44.580000000000005,63.57,198.06,617.84,1.6327559584561768,0.9446666666666665,25.38,equatorial
16.45,25.41,28.55,22.65,84.58,0.0,0.79,3.43,0.65,0.66,2020-05-28,Yaounde_peri,2020,5,149,22,32.940000000000005,61.36,193.44,617.78,1.6309072883395554,0.950333333333333,25.41,equatorial
9.5,24.9,27.94,22.13,84.97,0.0,0.83,3.23,0.65,0.66,2020-05-29,Yaounde_peri,2020,5,150,22,30.09,53.03,188.78,617.6899999999999,1.6288966191331113,0.44499999999999673,25.41,equatorial
15.22,24.6,27.55,22.49,87.14,0.0,0.71,2.48,0.64,0.65,2020-05-30,Yaounde_peri,2020,5,151,22,26.36,50.44,179.13,617.65,1.627169865174275,0.16433333333333522,25.41,equatorial
14.49,24.75,28.34,21.81,86.32,3.83,1.1,4.24,0.64,0.66,2020-05-31,Yaounde_peri,2020,5,152,22,22.990000000000002,52.98,161.76999999999998,621.22,1.645538825287507,0.3180000000000014,25.41,equatorial
16.1,24.57,28.15,21.31,87.35,13.07,1.38,4.88,0.65,0.71,2020-06-01,Yaounde_peri,2020,6,153,23,17.28,65.24000000000001,164.09,634.05,1.7153631726024556,0.11866666666666958,25.41,equatorial
17.26,24.2,27.46,21.89,88.99,3.71,1.39,3.49,0.65,0.67,2020-06-02,Yaounde_peri,2020,6,154,23,20.610000000000003,65.86,164.28,636.69,1.7283324799688875,-0.23499999999999943,25.41,equatorial
17.09,24.02,27.69,21.42,87.69,2.25,1.16,3.72,0.65,0.67,2020-06-03,Yaounde_peri,2020,6,155,23,22.860000000000003,67.44,165.44,638.61,1.73726215403671,-0.3823333333333352,25.41,equatorial
19.78,23.64,26.6,21.17,88.7,3.75,1.0,2.68,0.65,0.67,2020-06-04,Yaounde_peri,2020,6,156,23,26.610000000000003,59.55,166.1,641.25,1.750162677857721,-0.7143333333333324,24.9,equatorial
17.06,24.66,28.52,21.05,84.26,2.21,1.03,4.82,0.65,0.67,2020-06-05,Yaounde_peri,2020,6,157,23,28.82,58.910000000000004,162.59,634.96,1.7134592395061083,0.298333333333332,24.75,equatorial
14.18,24.76,29.17,21.18,83.53,1.12,1.45,5.52,0.64,0.66,2020-06-06,Yaounde_peri,2020,6,158,23,29.94,56.300000000000004,154.71,634.7900000000001,1.7108177219360439,0.40133333333333354,24.76,equatorial
15.64,24.25,28.22,20.99,87.47,1.48,1.61,4.77,0.63,0.65,2020-06-07,Yaounde_peri,2020,6,159,23,27.59,50.580000000000005,144.7,628.76,1.6756872067346995,-0.09399999999999764,24.76,equatorial
12.39,23.57,26.65,21.41,89.49,2.14,1.91,3.01,0.63,0.65,2020-06-08,Yaounde_peri,2020,6,160,24,16.66,33.94,138.1,620.5300000000001,1.6284582120315856,-0.7213333333333338,24.76,equatorial
15.09,22.81,26.28,20.54,90.6,3.12,2.15,3.34,0.63,0.65,2020-06-09,Yaounde_peri,2020,6,161,24,16.07,36.68,125.83999999999999,616.3000000000001,1.603521043839691,-1.4329999999999998,24.76,equatorial
16.81,23.25,27.34,20.12,87.85,1.8,2.03,4.75,0.63,0.64,2020-06-10,Yaounde_peri,2020,6,162,24,15.62,38.48,117.62,608.98,1.5615286542988378,-0.989333333333331,24.76,equatorial
13.24,23.43,27.35,20.36,88.39,2.25,2.27,4.51,0.62,0.64,2020-06-11,Yaounde_peri,2020,6,163,24,14.120000000000001,40.73,114.22000000000001,608.55,1.5577982595094069,-0.7806666666666686,24.76,equatorial
14.37,23.57,27.51,20.67,89.23,3.94,2.2,4.41,0.62,0.65,2020-06-12,Yaounde_peri,2020,6,164,24,15.85,44.67,108.24000000000001,610.8599999999999,1.56924661716477,-0.6120000000000019,24.76,equatorial
13.99,23.4,27.0,19.82,85.62,0.62,1.45,3.54,0.62,0.63,2020-06-13,Yaounde_peri,2020,6,165,24,15.350000000000001,45.29,106.64999999999999,609.7299999999999,1.5616292068900728,-0.7489999999999988,24.25,equatorial
15.41,24.51,29.11,20.37,83.25,0.37,0.99,5.17,0.61,0.62,2020-06-14,Yaounde_peri,2020,6,166,24,14.24,41.83,98.69,602.9599999999999,1.522826856556419,0.3616666666666717,24.51,equatorial
16.23,24.37,28.34,21.18,86.74,1.73,1.27,3.61,0.61,0.63,2020-06-15,Yaounde_peri,2020,6,167,25,13.83,30.49,97.83,600.4399999999999,1.5076213043404127,0.2083333333333357,24.51,equatorial
15.88,23.88,27.3,21.61,91.23,20.11,1.73,3.37,0.63,0.71,2020-06-16,Yaounde_peri,2020,6,168,25,30.82,46.89,116.65,616.37,1.59445883144225,-0.2556666666666665,24.51,equatorial
15.36,23.07,25.93,20.95,88.78,2.89,1.03,2.75,0.65,0.67,2020-06-17,Yaounde_peri,2020,6,169,25,31.91,47.529999999999994,118.73,586.02,1.4252934642978436,-1.012666666666668,24.51,equatorial
14.6,23.17,27.05,20.2,88.4,1.89,1.54,4.18,0.64,0.66,2020-06-18,Yaounde_peri,2020,6,170,25,31.55,45.669999999999995,117.53,508.16,0.9937143121618338,-0.8819999999999979,24.51,equatorial
16.12,23.2,26.81,20.72,86.97,2.92,1.76,4.76,0.64,0.66,2020-06-19,Yaounde_peri,2020,6,171,25,30.529999999999998,46.379999999999995,119.78,499.33,0.9443778589962308,-0.8323333333333345,24.51,equatorial
14.88,23.05,26.61,20.32,90.03,11.7,1.7,4.59,0.65,0.7,2020-06-20,Yaounde_peri,2020,6,172,25,41.61,56.959999999999994,119.84,503.05,0.9645086005900539,-0.9613333333333287,24.51,equatorial
13.08,22.51,25.2,20.71,92.74,13.19,1.41,2.43,0.66,0.71,2020-06-21,Yaounde_peri,2020,6,173,25,54.42999999999999,68.66999999999999,130.18,510.94000000000005,1.007686515413283,-1.472999999999999,24.37,equatorial
16.75,23.29,27.25,20.34,89.21,3.3,1.82,5.09,0.67,0.69,2020-06-22,Yaounde_peri,2020,6,174,26,56.0,69.83,129.75,501.83,0.9567869035199996,-0.6963333333333352,23.88,equatorial
15.83,24.02,28.28,20.34,87.37,4.02,1.32,5.21,0.66,0.68,2020-06-23,Yaounde_peri,2020,6,175,26,39.91,70.73,126.57000000000001,503.06,0.9631331944477213,0.05699999999999861,24.02,equatorial
9.98,23.6,26.28,21.34,90.91,19.21,1.3,2.6,0.68,0.74,2020-06-24,Yaounde_peri,2020,6,176,26,56.23,88.13999999999999,126.99999999999999,520.77,1.0606321082789982,-0.3533333333333317,24.02,equatorial
17.36,23.73,27.13,21.52,88.55,6.55,1.16,3.77,0.69,0.72,2020-06-25,Yaounde_peri,2020,6,177,26,60.88999999999999,92.43999999999998,133.17,522.4399999999999,1.0693061833603494,-0.18900000000000006,24.02,equatorial
13.86,22.95,25.79,20.92,92.6,5.02,2.24,3.18,0.69,0.71,2020-06-26,Yaounde_peri,2020,6,178,26,62.989999999999995,93.52,138.19,517.12,1.039310892297252,-0.8880000000000017,24.02,equatorial
14.32,23.15,27.02,20.41,88.94,2.55,2.04,4.76,0.68,0.69,2020-06-27,Yaounde_peri,2020,6,179,26,53.839999999999996,95.45,140.73999999999998,507.96,0.9881080272917216,-0.6126666666666694,24.02,equatorial
14.95,23.38,27.8,19.87,88.19,2.14,2.03,5.13,0.67,0.68,2020-06-28,Yaounde_peri,2020,6,180,26,42.79,97.22,142.88,498.13,0.9332471618234733,-0.3319999999999972,24.02,equatorial
12.68,22.53,25.41,20.32,92.71,7.59,2.26,3.01,0.67,0.7,2020-06-29,Yaounde_peri,2020,6,181,27,47.08,103.08,150.47,485.52000000000004,0.863052259814944,-1.113000000000003,24.02,equatorial
7.17,22.68,25.9,20.36,91.65,7.02,1.73,3.29,0.67,0.7,2020-06-30,Yaounde_peri,2020,6,182,27,50.08,89.99,153.66,478.61,0.8244452700338588,-0.8940000000000019,23.73,equatorial
14.95,23.17,26.51,21.17,89.29,2.98,1.14,3.17,0.67,0.69,2020-07-01,Yaounde_peri,2020,7,183,27,33.85,90.08,143.57,480.06,0.8321241440850006,-0.3573333333333295,23.73,equatorial
13.46,23.55,27.39,20.5,88.49,5.63,1.33,3.89,0.67,0.7,2020-07-02,Yaounde_peri,2020,7,184,27,32.93,93.82,145.49,468.11,0.7656421443779506,0.044333333333334224,23.55,equatorial
11.78,22.6,25.16,21.06,93.45,7.71,2.35,2.7,0.67,0.71,2020-07-03,Yaounde_peri,2020,7,185,27,35.62,98.60999999999999,150.95000000000002,472.7,0.7907447380544265,-0.8583333333333307,23.55,equatorial
10.79,23.29,27.45,20.06,86.93,5.69,1.24,5.2,0.68,0.71,2020-07-04,Yaounde_peri,2020,7,186,27,38.760000000000005,92.6,152.89000000000001,475.71999999999997,0.8071415180339893,-0.1566666666666663,23.55,equatorial
14.78,23.43,27.35,20.1,87.93,3.14,1.4,4.73,0.67,0.69,2020-07-05,Yaounde_peri,2020,7,187,27,39.76,82.55,153.82,467.03999999999996,0.7587605076258315,0.02433333333333465,23.55,equatorial
14.2,23.08,26.75,20.49,91.71,8.7,2.48,3.81,0.67,0.71,2020-07-06,Yaounde_peri,2020,7,188,28,40.87,87.94999999999999,161.4,471.5,0.7831559921239594,-0.2696666666666694,23.55,equatorial
11.46,22.1,24.81,20.24,91.9,4.56,2.49,3.08,0.67,0.7,2020-07-07,Yaounde_peri,2020,7,189,28,38.410000000000004,88.49,164.48000000000002,464.39000000000004,0.7434747701979237,-1.1780000000000008,23.55,equatorial
16.6,22.85,27.31,19.89,86.13,0.95,1.47,4.93,0.67,0.68,2020-07-08,Yaounde_peri,2020,7,190,28,36.379999999999995,70.23,163.29,449.75,0.6621130954154723,-0.4039999999999999,23.55,equatorial
12.58,23.31,27.49,19.74,86.47,1.98,1.35,4.54,0.66,0.68,2020-07-09,Yaounde_peri,2020,7,191,28,32.730000000000004,65.66,162.14999999999998,448.65999999999997,0.6558395956423257,0.039333333333331666,23.43,equatorial
10.25,22.1,24.28,20.55,94.17,6.11,2.46,2.29,0.66,0.69,2020-07-10,Yaounde_peri,2020,7,192,28,31.130000000000003,66.75,166.46,441.06,0.6135042181768537,-1.1323333333333316,23.43,equatorial
11.57,22.46,26.43,19.6,89.91,3.88,1.57,3.7,0.66,0.69,2020-07-11,Yaounde_peri,2020,7,193,28,29.32,68.08,168.09,444.78999999999996,0.6339622925304345,-0.7399999999999984,23.43,equatorial
15.65,22.64,26.62,19.28,88.21,1.72,1.9,4.29,0.66,0.68,2020-07-12,Yaounde_peri,2020,7,194,28,27.9,67.66000000000001,165.87,446.41,0.6427196430493812,-0.5289999999999999,23.31,equatorial
13.65,22.34,25.18,20.0,91.51,3.76,1.8,2.78,0.66,0.68,2020-07-13,Yaounde_peri,2020,7,195,29,22.96,63.83,169.01,448.68,0.6550759910835965,-0.7936666666666703,23.31,equatorial
10.87,22.41,26.05,20.07,93.33,20.41,2.68,3.21,0.67,0.75,2020-07-14,Yaounde_peri,2020,7,196,29,38.81,77.22,189.05,466.39,0.7530068443867217,-0.6536666666666697,23.31,equatorial
14.14,22.34,25.95,19.59,89.86,4.54,1.35,3.37,0.7,0.72,2020-07-15,Yaounde_peri,2020,7,197,29,42.4,78.78,191.86,469.0,0.767182557115661,-0.6560000000000024,23.31,equatorial
13.95,22.41,25.99,20.14,89.17,2.21,2.12,3.68,0.68,0.7,2020-07-16,Yaounde_peri,2020,7,198,29,42.629999999999995,75.36,173.95999999999998,467.96000000000004,0.7611162513714589,-0.5370000000000026,22.64,equatorial
12.83,21.44,23.46,19.72,92.35,7.78,2.52,2.55,0.69,0.72,2020-07-17,Yaounde_peri,2020,7,199,29,44.3,75.43,178.85,469.37,0.7686367518886082,-1.4526666666666657,22.64,equatorial
14.4,22.57,26.72,19.23,87.17,1.57,1.43,4.41,0.68,0.69,2020-07-18,Yaounde_peri,2020,7,200,29,41.989999999999995,71.31,178.53,467.05,0.7554713138388338,-0.3026666666666671,22.64,equatorial
15.31,21.99,24.44,19.97,91.85,1.74,2.09,2.35,0.67,0.69,2020-07-19,Yaounde_peri,2020,7,201,29,42.01,69.91000000000001,177.35,463.47,0.7353261072360534,-0.842333333333336,22.57,equatorial
13.47,21.52,24.31,19.64,91.79,8.2,2.21,3.08,0.68,0.71,2020-07-20,Yaounde_peri,2020,7,202,30,46.45,69.41,173.85,471.65,0.780412811062949,-1.2613333333333365,22.57,equatorial
15.09,22.32,26.22,19.31,88.44,3.26,1.75,4.36,0.68,0.7,2020-07-21,Yaounde_peri,2020,7,203,30,29.299999999999997,68.11,163.92,474.90999999999997,0.7981843702969904,-0.45500000000000185,22.57,equatorial
14.59,22.72,26.83,19.66,89.09,4.14,1.97,5.35,0.67,0.69,2020-07-22,Yaounde_peri,2020,7,204,30,28.899999999999995,71.3,164.76000000000002,479.05,0.8208257815662254,-0.03599999999999781,22.72,equatorial
16.96,22.76,26.89,19.81,89.21,3.43,2.38,4.96,0.67,0.69,2020-07-23,Yaounde_peri,2020,7,205,30,30.119999999999994,72.75,164.17,482.47999999999996,0.8395137503521127,0.04600000000000293,22.76,equatorial
15.07,22.94,27.14,19.55,89.38,6.03,2.49,5.38,0.67,0.69,2020-07-24,Yaounde_peri,2020,7,206,30,28.369999999999994,72.66999999999999,150.98999999999998,488.51,0.8726112741116008,0.2480000000000011,22.94,equatorial
13.02,22.6,26.33,19.93,91.09,8.27,2.13,3.57,0.67,0.71,2020-07-25,Yaounde_peri,2020,7,207,30,35.06999999999999,77.06,152.71,486.39,0.8604727313635722,-0.054333333333332234,22.94,equatorial
10.72,22.33,25.77,19.88,91.33,7.18,2.59,3.99,0.68,0.71,2020-07-26,Yaounde_peri,2020,7,208,30,40.50999999999999,82.52,154.87,491.12,0.8863455809377548,-0.3036666666666683,22.94,equatorial
13.33,22.39,26.22,19.61,90.3,4.94,2.51,4.36,0.68,0.7,2020-07-27,Yaounde_peri,2020,7,209,31,37.24999999999999,83.69999999999999,157.26000000000002,491.44,0.8877321532071926,-0.2183333333333337,22.94,equatorial
10.65,22.55,27.16,19.4,89.72,3.66,2.94,5.1,0.68,0.7,2020-07-28,Yaounde_peri,2020,7,210,31,37.65,66.95,158.78,490.44,0.8817941629029518,-0.03066666666666862,22.94,equatorial
8.67,21.5,24.04,19.94,93.08,4.93,2.55,2.53,0.67,0.7,2020-07-29,Yaounde_peri,2020,7,211,31,38.44,67.34,156.12,485.72,0.8552197134656593,-1.0463333333333331,22.94,equatorial
11.03,21.38,23.99,19.46,93.0,2.47,2.48,2.36,0.68,0.7,2020-07-30,Yaounde_peri,2020,7,212,31,37.48,67.6,151.57000000000002,467.0,0.750969942078094,-1.123000000000001,22.94,equatorial
10.82,22.18,26.51,19.37,89.51,1.16,2.39,3.65,0.67,0.68,2020-07-31,Yaounde_peri,2020,7,213,31,32.61,60.98,149.75,457.41,0.6974518702957792,-0.2900000000000027,22.6,equatorial
10.03,23.16,27.95,19.03,87.16,0.6,1.93,5.29,0.66,0.67,2020-08-01,Yaounde_peri,2020,8,214,31,24.939999999999998,60.01,144.72,454.49,0.6809874757765856,0.7029999999999994,23.16,equatorial
15.71,22.54,26.12,20.22,89.65,1.2,3.06,3.78,0.66,0.67,2020-08-02,Yaounde_peri,2020,8,215,31,18.959999999999997,59.46999999999999,138.20999999999998,454.59999999999997,0.6813540889093541,0.08500000000000085,23.16,equatorial
10.9,22.75,27.21,19.63,87.22,0.77,3.06,4.98,0.65,0.66,2020-08-03,Yaounde_peri,2020,8,216,32,14.789999999999996,52.04,133.29,452.28000000000003,0.6682268190814717,0.31299999999999883,23.16,equatorial
7.38,22.41,26.37,19.65,88.84,2.8,2.87,4.81,0.65,0.66,2020-08-04,Yaounde_peri,2020,8,217,32,13.929999999999996,51.58,132.95000000000002,449.36,0.6517730103937459,0.006999999999997897,23.16,equatorial
15.07,22.17,26.27,19.38,89.6,3.46,2.86,4.32,0.64,0.66,2020-08-05,Yaounde_peri,2020,8,218,32,12.459999999999996,50.9,127.71000000000001,443.82,0.620772428348342,-0.20266666666666566,23.16,equatorial
15.18,21.79,26.24,18.91,88.07,2.83,3.36,5.43,0.64,0.66,2020-08-06,Yaounde_peri,2020,8,219,32,12.819999999999997,50.3,125.98,435.15999999999997,0.5724488620286471,-0.5723333333333329,23.16,equatorial
14.03,21.64,26.34,18.07,88.69,3.0,2.42,5.03,0.64,0.66,2020-08-07,Yaounde_peri,2020,8,220,32,14.659999999999997,47.269999999999996,128.03,429.41999999999996,0.5403664570978439,-0.6819999999999986,23.16,equatorial
12.79,21.97,26.57,18.45,88.99,2.62,2.65,4.94,0.64,0.66,2020-08-08,Yaounde_peri,2020,8,221,32,16.679999999999996,41.620000000000005,128.67,416.65999999999997,0.4692745654747469,-0.3073333333333359,22.75,equatorial
11.49,21.84,26.22,18.85,89.13,1.75,3.06,4.36,0.64,0.65,2020-08-09,Yaounde_peri,2020,8,222,32,17.229999999999997,36.19,124.30999999999999,408.39,0.4231586283447245,-0.42866666666666475,22.75,equatorial
13.1,22.31,26.84,19.05,87.7,1.65,3.18,5.04,0.63,0.64,2020-08-10,Yaounde_peri,2020,8,223,33,18.109999999999996,32.9,122.08,404.39000000000004,0.4007943975504647,0.046333333333333115,22.41,equatorial
13.95,22.74,27.32,19.3,87.76,1.46,2.52,4.84,0.63,0.64,2020-08-11,Yaounde_peri,2020,8,224,33,16.769999999999996,30.7,121.82,395.93,0.3536274606305175,0.472999999999999,22.74,equatorial
13.35,23.26,28.07,19.3,88.0,1.69,2.38,4.93,0.62,0.64,2020-08-12,Yaounde_peri,2020,8,225,33,14.999999999999996,27.46,119.75,395.41,0.35063766557234466,0.962333333333337,23.26,equatorial
15.07,23.17,27.49,20.38,90.01,2.54,2.76,3.98,0.62,0.64,2020-08-13,Yaounde_peri,2020,8,226,33,14.709999999999997,27.53,101.88,389.62,0.31832396208847696,0.8470000000000049,23.26,equatorial
17.07,23.57,28.48,20.0,87.55,1.8,3.34,5.49,0.62,0.63,2020-08-14,Yaounde_peri,2020,8,227,33,13.509999999999996,28.17,99.13999999999999,388.83,0.3138417393868373,1.206000000000003,23.57,equatorial
16.38,23.49,28.16,20.01,87.83,2.23,2.6,5.15,0.62,0.63,2020-08-15,Yaounde_peri,2020,8,228,33,13.119999999999997,29.799999999999997,99.16,389.77,0.31899070801715196,1.0899999999999999,23.57,equatorial
16.05,23.45,27.82,20.13,88.75,2.5,2.88,4.76,0.61,0.64,2020-08-16,Yaounde_peri,2020,8,229,33,13.869999999999997,31.1,93.88,391.46,0.3283152752939716,0.9830000000000005,23.57,equatorial
14.9,23.58,27.76,20.71,88.95,3.21,2.69,4.57,0.61,0.64,2020-08-17,Yaounde_peri,2020,8,230,34,15.429999999999996,33.54,95.52000000000001,391.58,0.3288951661333775,1.0793333333333308,23.58,equatorial
15.7,22.39,24.82,20.56,92.75,2.09,2.24,2.13,0.62,0.64,2020-08-18,Yaounde_peri,2020,8,231,34,16.059999999999995,32.83,95.86999999999999,393.0,0.3367166729244314,-0.12399999999999878,23.58,equatorial
15.22,23.65,28.65,19.95,88.63,3.57,2.93,5.55,0.62,0.64,2020-08-19,Yaounde_peri,2020,8,232,34,17.939999999999998,32.94,91.24,384.93,0.29166180393758523,1.0650000000000013,23.65,equatorial
9.09,22.02,24.01,20.5,94.97,53.68,2.94,2.19,0.68,0.82,2020-08-20,Yaounde_peri,2020,8,233,34,69.08,83.78999999999999,141.66,435.76,0.5748390428971343,-0.5549999999999997,23.65,equatorial
13.58,21.77,24.68,20.07,93.24,22.65,2.3,2.59,0.75,0.81,2020-08-21,Yaounde_peri,2020,8,234,34,89.93,103.44,160.17,454.68,0.6800883962973564,-0.773333333333337,23.65,equatorial
12.82,22.14,25.81,19.35,92.02,3.71,1.94,3.09,0.74,0.75,2020-08-22,Yaounde_peri,2020,8,235,34,91.41,104.52999999999999,160.45000000000002,451.19,0.6603967576262189,-0.38266666666666893,23.65,equatorial
13.39,22.08,24.8,20.27,92.96,13.95,1.95,2.9,0.74,0.77,2020-08-23,Yaounde_peri,2020,8,236,34,102.86,116.72999999999999,168.37,446.36,0.6332440897394958,-0.4139999999999979,23.65,equatorial
11.5,22.36,25.96,19.8,89.59,3.39,2.42,4.62,0.73,0.74,2020-08-24,Yaounde_peri,2020,8,237,35,103.04,118.47,163.49,449.37,0.6498095892885437,-0.12599999999999767,23.65,equatorial
15.72,22.65,26.42,19.55,87.38,1.13,1.45,3.93,0.72,0.72,2020-08-25,Yaounde_peri,2020,8,238,35,102.08,118.14,157.44,450.5,0.655886218649794,0.15333333333333243,23.65,equatorial
15.09,23.33,27.06,20.21,86.41,2.62,1.05,3.94,0.7,0.71,2020-08-26,Yaounde_peri,2020,8,239,35,101.13,119.07,155.12,453.12,0.6702691715247004,0.801999999999996,23.33,equatorial
15.33,23.21,27.2,20.07,90.11,10.91,2.0,4.93,0.7,0.74,2020-08-27,Yaounde_peri,2020,8,240,35,58.36,127.44,162.37,464.03000000000003,0.7308779401947317,0.6600000000000001,23.33,equatorial
14.71,21.96,23.92,20.18,95.48,7.77,2.64,1.76,0.7,0.73,2020-08-28,Yaounde_peri,2020,8,241,35,43.480000000000004,133.41,165.20999999999998,471.8,0.7739416850745726,-0.6053333333333306,23.33,equatorial
17.15,21.89,25.16,19.68,92.63,7.06,2.32,3.34,0.71,0.74,2020-08-29,Yaounde_peri,2020,8,242,35,46.83,138.24,169.79999999999998,475.03000000000003,0.7916580771655614,-0.6923333333333339,23.33,equatorial
16.56,22.05,25.33,19.84,91.35,2.13,1.72,2.83,0.71,0.72,2020-08-30,Yaounde_peri,2020,8,243,35,35.01,137.87,170.76999999999998,464.09,0.7303213637958866,-0.5279999999999987,23.33,equatorial
15.54,22.82,26.91,19.63,89.31,4.21,2.29,4.95,0.7,0.71,2020-08-31,Yaounde_peri,2020,8,244,36,35.83,138.87,174.38,464.59,0.7328404350109138,0.25333333333333385,23.33,equatorial
12.64,22.41,25.91,20.15,91.87,6.42,2.79,3.62,0.7,0.73,2020-09-01,Yaounde_peri,2020,9,245,36,41.12,143.2,179.60000000000002,468.76,0.7558353289819333,-0.15233333333333476,23.33,equatorial
15.21,22.59,26.14,19.91,90.74,2.57,1.81,3.32,0.69,0.71,2020-09-02,Yaounde_peri,2020,9,246,36,41.07,142.2,181.4,467.58,0.7489642876305105,0.0329999999999977,23.21,equatorial
14.92,22.96,26.43,20.32,88.61,14.39,1.15,3.22,0.7,0.75,2020-09-03,Yaounde_peri,2020,9,247,36,44.55,102.91,192.98999999999998,479.76,0.8166528362704437,0.3846666666666678,22.96,equatorial
16.59,22.77,26.15,20.23,91.28,7.1,2.14,3.85,0.71,0.74,2020-09-04,Yaounde_peri,2020,9,248,36,43.88,87.36,196.63,485.74,0.8496968386400708,0.17466666666667052,22.96,equatorial
10.45,22.37,25.96,19.96,91.79,13.93,3.06,4.4,0.71,0.76,2020-09-05,Yaounde_peri,2020,9,249,36,50.75,97.58000000000001,207.73,498.19,0.9188233289768418,-0.2446666666666637,22.96,equatorial
12.5,22.15,25.77,19.67,91.01,9.71,2.03,4.21,0.72,0.76,2020-09-06,Yaounde_peri,2020,9,250,36,58.33,93.34,214.44,505.76,0.9606592679800798,-0.48166666666666913,22.96,equatorial
17.85,22.71,26.84,19.67,89.52,8.15,2.08,5.49,0.72,0.75,2020-09-07,Yaounde_peri,2020,9,251,37,62.269999999999996,98.10000000000001,219.97,510.79,0.9882835101409774,0.053666666666668306,22.96,equatorial
12.42,22.61,25.85,19.87,90.89,7.09,2.36,4.05,0.72,0.75,2020-09-08,Yaounde_peri,2020,9,252,37,62.940000000000005,104.05999999999999,225.31,516.08,1.0173322455346974,-0.07199999999999918,22.96,equatorial
13.48,23.31,27.58,19.93,88.85,2.52,1.8,4.92,0.71,0.73,2020-09-09,Yaounde_peri,2020,9,253,37,62.89,103.96000000000001,226.17999999999998,516.35,1.0183410545920806,0.5946666666666651,23.31,equatorial
13.55,22.98,26.88,19.85,89.26,3.73,2.16,5.21,0.7,0.72,2020-09-10,Yaounde_peri,2020,9,254,37,52.230000000000004,96.78,228.45000000000002,516.1400000000001,1.016670753402726,0.2566666666666677,23.31,equatorial
12.18,22.44,25.46,20.38,92.47,6.1,2.36,3.29,0.7,0.73,2020-09-11,Yaounde_peri,2020,9,255,37,51.230000000000004,95.11,232.86,521.62,1.0467509651342044,-0.2560000000000002,23.31,equatorial
12.58,22.2,25.38,20.14,92.86,7.17,2.39,3.26,0.71,0.74,2020-09-12,Yaounde_peri,2020,9,256,37,44.47,95.22,237.48999999999998,528.4200000000001,1.0841635640532723,-0.46366666666666845,23.31,equatorial
13.98,22.5,26.32,19.94,90.89,9.2,2.69,4.78,0.71,0.74,2020-09-13,Yaounde_peri,2020,9,257,37,43.96,102.28999999999999,244.89000000000001,535.89,1.125270698696465,-0.1280000000000001,23.31,equatorial
11.78,22.8,26.85,19.81,90.5,4.8,2.15,4.7,0.71,0.73,2020-09-14,Yaounde_peri,2020,9,258,38,40.61,102.88000000000001,247.45999999999998,520.58,1.0392511061598835,0.19500000000000028,23.31,equatorial
14.51,22.87,26.61,20.35,90.86,5.88,2.14,4.02,0.71,0.73,2020-09-15,Yaounde_peri,2020,9,259,38,39.4,102.34,250.83999999999997,523.57,1.0554133598397315,0.28433333333333266,23.31,equatorial
16.01,23.1,26.93,20.38,90.52,7.35,1.77,4.12,0.71,0.74,2020-09-16,Yaounde_peri,2020,9,260,38,44.230000000000004,107.11999999999999,254.98000000000002,529.0300000000001,1.0853369087999525,0.5303333333333349,23.1,equatorial
13.91,23.26,26.95,20.25,89.42,7.58,1.63,4.38,0.71,0.74,2020-09-17,Yaounde_peri,2020,9,261,38,48.08,100.30999999999999,260.47,533.6899999999999,1.1107639577925763,0.6613333333333351,23.26,equatorial
17.02,22.3,24.32,20.86,94.45,12.14,1.35,1.74,0.73,0.77,2020-09-18,Yaounde_peri,2020,9,262,38,54.120000000000005,105.35,269.04,534.13,1.1126240636972313,-0.2536666666666676,23.26,equatorial
13.96,22.82,26.81,19.75,90.13,9.54,1.81,4.93,0.72,0.76,2020-09-19,Yaounde_peri,2020,9,263,38,56.49,100.96,224.9,530.48,1.0916711761642524,0.23966666666666825,23.26,equatorial
17.83,22.14,25.29,20.33,92.77,15.63,2.39,3.47,0.74,0.78,2020-09-20,Yaounde_peri,2020,9,264,38,62.92,106.88,217.88,542.8100000000001,1.159861049155976,-0.45266666666666566,23.26,equatorial
17.19,22.7,26.77,19.47,88.43,2.56,1.95,5.28,0.73,0.74,2020-09-21,Yaounde_peri,2020,9,265,39,60.68,101.28999999999999,216.73,541.35,1.1510696995222334,0.0886666666666649,23.26,equatorial
15.4,22.79,26.42,20.02,89.88,6.99,1.6,4.56,0.72,0.75,2020-09-22,Yaounde_peri,2020,9,266,39,61.79,101.19,209.77,529.13,1.0822914599930136,0.15499999999999758,23.26,equatorial
15.43,22.48,26.01,20.24,90.38,9.15,1.69,4.0,0.72,0.76,2020-09-23,Yaounde_peri,2020,9,267,39,63.589999999999996,107.82,215.53,531.73,1.0962278635816067,-0.15900000000000247,23.26,equatorial
14.27,22.28,25.9,19.83,90.97,7.65,1.31,3.35,0.72,0.75,2020-09-24,Yaounde_peri,2020,9,268,39,63.66,111.74000000000001,222.04999999999998,534.3599999999999,1.1103156252064743,-0.34666666666666757,22.82,equatorial
15.17,22.15,25.35,19.97,92.13,9.09,2.05,3.79,0.73,0.76,2020-09-25,Yaounde_peri,2020,9,269,39,60.61,114.72999999999999,228.51999999999998,540.9,1.1461852828171342,-0.4373333333333349,22.82,equatorial
14.17,21.85,25.14,19.77,89.88,2.38,2.92,4.54,0.72,0.74,2020-09-26,Yaounde_peri,2020,9,270,39,53.45,109.94,219.98999999999998,541.14,1.1468907211537764,-0.6919999999999966,22.79,equatorial
14.76,21.96,25.91,19.06,89.3,4.37,2.6,5.25,0.71,0.73,2020-09-27,Yaounde_peri,2020,9,271,39,42.190000000000005,105.11000000000001,216.59,537.92,1.12830886825984,-0.5820000000000043,22.79,equatorial
14.39,22.31,25.78,19.46,91.36,7.46,3.01,4.51,0.71,0.75,2020-09-28,Yaounde_peri,2020,9,272,40,47.09,107.77,216.99,538.36,1.1301503206743178,-0.24599999999999866,22.79,equatorial
14.18,22.24,25.79,19.73,90.92,4.5,1.4,3.5,0.72,0.74,2020-09-29,Yaounde_peri,2020,9,273,40,44.6,106.39,219.36,539.88,1.1380091369252952,-0.32233333333333647,22.48,equatorial
17.8,22.87,26.62,19.91,90.28,6.49,1.55,4.24,0.71,0.74,2020-09-30,Yaounde_peri,2020,9,274,40,41.940000000000005,105.53,221.64000000000001,540.74,1.1421802732129052,0.30600000000000094,22.87,equatorial
15.36,21.63,23.75,20.04,93.5,2.84,2.0,1.97,0.72,0.74,2020-10-01,Yaounde_peri,2020,10,275,40,37.13,100.79,218.06,535.87,1.114414734966177,-0.9080000000000013,22.87,equatorial
19.17,22.99,26.91,19.87,89.91,5.2,1.43,3.84,0.71,0.74,2020-10-02,Yaounde_peri,2020,10,276,40,33.24,93.85000000000001,220.69,535.38,1.1110900400360266,0.4386666666666663,22.99,equatorial
18.1,23.27,26.54,20.63,87.47,4.18,0.84,2.61,0.72,0.74,2020-10-03,Yaounde_peri,2020,10,277,40,35.04,88.49,210.48000000000002,536.4200000000001,1.1162950538126235,0.7083333333333321,23.27,equatorial
15.51,23.77,27.71,19.79,85.85,3.8,1.07,4.36,0.71,0.74,2020-10-04,Yaounde_peri,2020,10,278,40,34.47,76.66000000000001,207.17999999999998,531.52,1.0883964331479181,1.1749999999999972,23.77,equatorial
22.26,23.11,26.1,20.93,89.53,3.04,1.56,2.89,0.71,0.73,2020-10-05,Yaounde_peri,2020,10,279,41,30.049999999999997,77.14,196.29000000000002,530.0,1.0793624454458772,0.4903333333333322,23.77,equatorial
13.82,22.46,25.9,20.03,91.28,7.76,1.56,3.49,0.72,0.75,2020-10-06,Yaounde_peri,2020,10,280,41,33.31,77.91000000000001,194.34,536.81,1.1167504193497155,-0.16999999999999815,23.77,equatorial
16.4,22.6,26.78,19.61,88.63,1.49,2.57,5.66,0.71,0.72,2020-10-07,Yaounde_peri,2020,10,281,41,28.31,70.25,187.68,536.3199999999999,1.1134252159838618,-0.026333333333333542,23.77,equatorial
18.74,22.7,26.54,19.77,87.18,1.63,1.52,4.5,0.71,0.72,2020-10-08,Yaounde_peri,2020,10,282,41,27.1,64.22999999999999,182.22,531.8399999999999,1.0878760518590156,0.07066666666666777,23.77,equatorial
15.26,23.01,26.94,20.25,89.27,1.18,1.51,4.06,0.7,0.72,2020-10-09,Yaounde_peri,2020,10,283,41,23.08,56.32,180.88,529.14,1.072271675120714,0.3906666666666716,23.77,equatorial
15.94,22.88,26.3,20.35,88.98,0.87,1.66,3.59,0.7,0.71,2020-10-10,Yaounde_peri,2020,10,284,41,19.769999999999996,54.809999999999995,178.01999999999998,528.2900000000001,1.066990417382832,0.26399999999999935,23.77,equatorial
16.09,22.63,26.4,19.97,88.68,0.47,1.64,3.65,0.69,0.71,2020-10-11,Yaounde_peri,2020,10,285,41,16.44,50.91,172.39,525.0,1.0481225322215393,0.007666666666665378,23.11,equatorial
16.03,23.27,27.33,19.91,88.23,0.35,2.33,4.15,0.69,0.7,2020-10-12,Yaounde_peri,2020,10,286,42,13.75,43.8,165.57000000000002,504.94,0.9358457702837389,0.6119999999999983,23.27,equatorial
15.85,21.82,24.24,20.3,92.51,15.73,2.18,2.55,0.7,0.76,2020-10-13,Yaounde_peri,2020,10,287,42,21.72,55.03,172.1,516.13,0.9977750877568001,-0.8153333333333315,23.27,equatorial
15.82,22.32,25.8,20.02,90.77,1.03,1.77,3.22,0.71,0.73,2020-10-14,Yaounde_peri,2020,10,288,42,21.26,49.57,168.33,514.9499999999999,0.9907301829239297,-0.29933333333333323,23.27,equatorial
16.87,22.45,25.46,20.0,91.5,4.25,1.44,3.24,0.71,0.73,2020-10-15,Yaounde_peri,2020,10,289,42,23.88,50.980000000000004,166.70000000000002,511.42,0.9705991877692507,-0.15533333333333132,23.27,equatorial
16.25,22.56,25.8,20.81,92.89,2.64,1.95,2.75,0.71,0.73,2020-10-16,Yaounde_peri,2020,10,290,42,25.34,48.42,161.98999999999998,512.49,0.9761154107568117,-0.027333333333334764,23.27,equatorial
15.16,22.58,25.64,20.16,89.94,2.97,1.54,2.87,0.71,0.72,2020-10-17,Yaounde_peri,2020,10,291,42,27.440000000000005,47.21,157.38,513.72,0.9825183054408481,0.01533333333333431,23.27,equatorial
16.74,22.55,25.07,20.23,92.41,22.93,1.51,2.23,0.74,0.8,2020-10-18,Yaounde_peri,2020,10,292,42,49.900000000000006,66.34,168.17,528.45,1.0641268774996788,-0.022999999999999687,23.27,equatorial
19.38,23.76,28.06,20.32,84.79,0.53,0.94,4.25,0.73,0.74,2020-10-19,Yaounde_peri,2020,10,293,43,50.08,63.830000000000005,159.16,525.72,1.0483833194576473,1.1556666666666686,23.76,equatorial
16.83,23.35,27.54,20.22,87.9,2.45,1.58,4.73,0.72,0.73,2020-10-20,Yaounde_peri,2020,10,294,43,36.800000000000004,58.52000000000001,145.98000000000002,524.0300000000001,1.0384498139710148,0.705333333333332,23.76,equatorial
13.65,22.95,26.7,20.27,88.15,2.43,1.63,4.0,0.71,0.73,2020-10-21,Yaounde_peri,2020,10,295,43,38.2,59.46000000000001,145.85,523.03,1.032370409070969,0.2970000000000006,23.76,equatorial
16.98,23.28,27.12,20.59,87.97,3.47,1.05,3.4,0.71,0.73,2020-10-22,Yaounde_peri,2020,10,296,43,37.42,61.300000000000004,142.32999999999998,520.47,1.0176069282750462,0.6106666666666705,23.76,equatorial
14.19,22.8,25.83,20.38,92.12,2.37,1.84,2.65,0.71,0.73,2020-10-23,Yaounde_peri,2020,10,297,43,37.150000000000006,62.49,135.54999999999998,514.57,0.9842509793836101,0.120000000000001,23.76,equatorial
15.37,23.83,27.28,21.1,90.31,9.31,1.42,3.65,0.71,0.75,2020-10-24,Yaounde_peri,2020,10,298,43,43.49000000000001,70.93,137.21,516.7,0.9956611928839736,1.0983333333333292,23.83,equatorial
11.94,22.98,25.66,21.04,91.94,25.27,1.34,2.89,0.74,0.81,2020-10-25,Yaounde_peri,2020,10,299,43,45.830000000000005,95.73,153.39,537.03,1.1084435564102875,0.22066666666666634,23.83,equatorial
17.3,23.18,26.12,20.88,92.07,8.51,1.54,2.91,0.76,0.78,2020-10-26,Yaounde_peri,2020,10,300,44,53.81,103.89,159.52,541.88,1.134875465758282,0.3763333333333314,23.83,equatorial
16.21,23.81,26.94,20.7,86.84,6.36,1.39,4.26,0.75,0.77,2020-10-27,Yaounde_peri,2020,10,301,44,57.72,94.52000000000001,161.51,543.31,1.1422290898282232,0.9446666666666665,23.83,equatorial
15.56,22.86,25.46,20.96,89.94,2.77,1.08,2.19,0.74,0.75,2020-10-28,Yaounde_peri,2020,10,302,44,58.06,96.26,156.82000000000002,543.6099999999999,1.1432813319146258,-0.02366666666666717,23.83,equatorial
15.08,22.3,25.35,20.19,93.3,5.44,1.58,2.22,0.74,0.76,2020-10-29,Yaounde_peri,2020,10,303,44,60.03,97.45,157.76000000000002,547.89,1.1664937992413016,-0.5856666666666683,23.83,equatorial
19.85,23.55,28.56,18.57,83.66,1.71,1.84,5.95,0.73,0.74,2020-10-30,Yaounde_peri,2020,10,304,44,59.370000000000005,96.52000000000001,152.98000000000002,549.0,1.1720275641437166,0.6416666666666657,23.83,equatorial
16.4,23.44,27.63,20.56,88.94,7.37,1.59,4.07,0.73,0.76,2020-10-31,Yaounde_peri,2020,10,305,44,57.43000000000001,100.92000000000002,157.51,555.1700000000001,1.2057227703892202,0.4713333333333374,23.81,equatorial
12.1,23.24,26.7,20.98,89.53,7.71,1.42,3.41,0.73,0.76,2020-11-01,Yaounde_peri,2020,11,306,44,39.870000000000005,85.7,160.02,562.11,1.2436569509320716,0.2630000000000017,23.81,equatorial
17.47,23.11,27.42,20.36,89.93,2.21,1.28,3.79,0.73,0.75,2020-11-02,Yaounde_peri,2020,11,307,45,33.57,87.38,158.05,561.52,1.2396313599668929,0.13833333333333186,23.81,equatorial
17.9,23.97,28.43,20.93,86.29,1.01,2.53,5.13,0.72,0.74,2020-11-03,Yaounde_peri,2020,11,308,45,28.220000000000002,85.94,155.26,559.07,1.2252618398320263,0.9916666666666636,23.97,equatorial
15.99,24.1,27.73,21.21,89.14,5.21,1.55,3.61,0.72,0.75,2020-11-04,Yaounde_peri,2020,11,309,45,30.660000000000004,88.72,157.43,561.45,1.2377862767802417,1.0886666666666684,24.1,equatorial
18.27,23.65,26.32,21.15,87.98,0.61,1.38,2.77,0.72,0.74,2020-11-05,Yaounde_peri,2020,11,310,45,25.830000000000005,85.86,150.28,559.0600000000001,1.2237569055296367,0.5990000000000002,24.1,equatorial
17.07,23.86,27.4,20.81,87.8,2.48,1.68,3.62,0.71,0.74,2020-11-06,Yaounde_peri,2020,11,311,45,26.600000000000005,85.97,151.27,558.92,1.2222632470805974,0.7669999999999995,24.1,equatorial
15.49,23.88,27.74,20.56,86.63,4.35,1.06,4.46,0.71,0.74,2020-11-07,Yaounde_peri,2020,11,312,45,23.580000000000002,81.01,153.99,561.52,1.2360114998369598,0.7476666666666638,24.1,equatorial
15.78,23.06,26.6,21.04,92.1,9.18,1.65,3.32,0.72,0.76,2020-11-08,Yaounde_peri,2020,11,313,45,25.05,64.92,161.99,569.0500000000001,1.2771552421041825,-0.07400000000000162,24.1,equatorial
17.12,22.55,25.43,20.28,92.13,4.44,1.77,2.78,0.73,0.75,2020-11-09,Yaounde_peri,2020,11,314,46,27.280000000000005,60.849999999999994,165.56,572.03,1.292938682455585,-0.5730000000000004,24.1,equatorial
14.88,22.7,24.73,20.52,90.49,5.43,1.25,2.2,0.73,0.76,2020-11-10,Yaounde_peri,2020,11,315,46,31.700000000000003,59.919999999999995,170.52,575.7700000000001,1.3129220981239023,-0.42533333333333445,24.1,equatorial
14.69,22.96,26.97,20.13,86.92,2.8,1.81,4.25,0.73,0.75,2020-11-11,Yaounde_peri,2020,11,316,46,29.29,59.95,172.97,576.03,1.3135326579046287,-0.15500000000000114,23.88,equatorial
18.35,24.05,28.58,19.52,82.86,0.33,2.31,5.62,0.72,0.73,2020-11-12,Yaounde_peri,2020,11,317,46,29.01,54.839999999999996,157.57000000000002,574.5600000000001,1.304529157830295,0.8606666666666705,24.05,equatorial
17.89,24.89,29.07,21.19,79.4,0.31,1.56,5.68,0.71,0.73,2020-11-13,Yaounde_peri,2020,11,318,46,26.84,53.44,156.85000000000002,572.64,1.293039896691077,1.615000000000002,24.89,equatorial
16.67,24.41,28.88,20.85,82.18,0.38,1.82,5.4,0.7,0.72,2020-11-14,Yaounde_peri,2020,11,319,46,22.870000000000005,46.449999999999996,152.98000000000002,570.52,1.2804576164314345,1.0696666666666665,24.89,equatorial
18.04,24.18,28.61,20.17,80.56,0.48,2.0,5.7,0.7,0.71,2020-11-15,Yaounde_peri,2020,11,320,46,14.170000000000003,39.22,150.82,567.79,1.2645063347033842,0.7856666666666676,24.89,equatorial
16.49,24.29,28.41,20.38,79.45,0.69,1.09,5.31,0.69,0.71,2020-11-16,Yaounde_peri,2020,11,321,47,10.420000000000003,37.699999999999996,148.54,566.3900000000001,1.2559657050096258,0.8386666666666649,24.89,equatorial
20.98,24.16,28.28,20.01,80.36,0.13,1.38,4.72,0.69,0.71,2020-11-17,Yaounde_peri,2020,11,322,47,5.120000000000004,36.82,125.74,562.95,1.2361089093359272,0.6550000000000011,24.89,equatorial
21.88,24.23,28.21,20.19,81.5,0.33,1.35,4.46,0.68,0.7,2020-11-18,Yaounde_peri,2020,11,323,47,2.6500000000000035,31.939999999999998,125.54,509.59999999999997,0.9390723831565964,0.7093333333333334,24.89,equatorial
19.25,24.17,28.03,21.4,85.9,0.15,1.51,3.65,0.68,0.7,2020-11-19,Yaounde_peri,2020,11,324,47,2.4700000000000033,31.479999999999997,123.24000000000001,487.1,0.8136546867030764,0.6220000000000034,24.89,equatorial
17.15,24.48,28.53,20.95,82.9,0.33,1.21,4.7,0.68,0.7,2020-11-20,Yaounde_peri,2020,11,325,47,2.4900000000000033,29.33,121.14,483.71999999999997,0.7945585141288807,0.8810000000000002,24.48,equatorial
14.76,24.5,28.77,20.81,81.8,0.32,1.52,4.89,0.68,0.69,2020-11-21,Yaounde_peri,2020,11,326,47,2.4300000000000037,25.3,117.99,470.09,0.7185081950635234,0.8603333333333332,24.5,equatorial
19.89,24.13,28.12,21.27,81.03,0.4,2.11,4.77,0.67,0.69,2020-11-22,Yaounde_peri,2020,11,327,47,2.3500000000000036,16.52,116.02,467.1,0.7016355409075262,0.44599999999999795,24.5,equatorial
17.29,23.59,27.42,20.24,83.63,0.2,1.49,3.29,0.67,0.69,2020-11-23,Yaounde_peri,2020,11,328,48,1.8600000000000037,12.28,106.91000000000001,466.17,0.6962225393366448,-0.08600000000000207,24.5,equatorial
14.79,24.78,29.2,21.17,82.73,0.14,1.21,4.41,0.67,0.69,2020-11-24,Yaounde_peri,2020,11,329,48,1.8700000000000037,6.99,81.78,463.69,0.6821942857802179,1.0440000000000005,24.78,equatorial
17.43,24.55,28.37,21.18,81.63,0.1,1.21,4.45,0.67,0.69,2020-11-25,Yaounde_peri,2020,11,330,48,1.6400000000000037,4.29,73.37,452.88,0.6218507990829136,0.768333333333338,24.78,equatorial
16.99,24.03,27.97,20.99,85.91,0.21,1.3,2.72,0.67,0.69,2020-11-26,Yaounde_peri,2020,11,331,48,1.7000000000000035,4.17,67.22,445.32,0.5796038129410255,0.24099999999999966,24.78,equatorial
18.36,24.63,28.77,21.26,82.29,0.31,1.26,3.98,0.67,0.69,2020-11-27,Yaounde_peri,2020,11,332,48,1.6800000000000037,4.17,64.75999999999999,438.57,0.5418753525471124,0.7819999999999965,24.78,equatorial
18.41,24.34,28.55,20.75,82.51,0.28,1.54,4.57,0.67,0.68,2020-11-28,Yaounde_peri,2020,11,333,48,1.6400000000000037,4.07,59.599999999999994,436.72,0.5314199398537407,0.42400000000000304,24.78,equatorial
20.66,23.68,28.54,20.29,81.12,0.05,1.68,4.24,0.66,0.68,2020-11-29,Yaounde_peri,2020,11,334,48,1.2900000000000036,3.64,57.94,432.56,0.5081124935178843,-0.24033333333333573,24.78,equatorial
21.19,22.71,26.75,18.13,80.91,0.05,1.63,3.05,0.66,0.68,2020-11-30,Yaounde_peri,2020,11,335,49,1.1400000000000037,3.0,50.62,426.19,0.47250975906348724,-1.1860000000000035,24.78,equatorial
19.1,24.48,29.39,20.23,76.8,0.25,1.78,5.35,0.66,0.68,2020-12-01,Yaounde_peri,2020,12,336,49,1.2500000000000036,3.12,43.16,423.87,0.4594606715769551,0.5426666666666655,24.63,equatorial
19.06,24.55,29.67,19.7,77.95,0.11,1.4,5.27,0.66,0.67,2020-12-02,Yaounde_peri,2020,12,337,49,1.2600000000000036,2.9000000000000004,41.059999999999995,409.59000000000003,0.379818500298256,0.564666666666664,24.63,equatorial
18.84,24.45,29.11,20.71,80.09,0.08,1.23,4.9,0.65,0.67,2020-12-03,Yaounde_peri,2020,12,338,49,1.1300000000000037,2.83,40.129999999999995,402.57,0.3406204921207362,0.4486666666666679,24.63,equatorial
19.53,24.19,28.73,20.4,80.61,0.08,1.38,4.4,0.65,0.67,2020-12-04,Yaounde_peri,2020,12,339,49,0.9000000000000036,2.58,35.0,388.71999999999997,0.2633778666604113,0.18566666666666976,24.55,equatorial
17.56,23.68,28.85,19.34,79.68,0.08,1.42,4.56,0.65,0.66,2020-12-05,Yaounde_peri,2020,12,340,49,0.7000000000000035,2.34,34.47,379.09000000000003,0.20965370153979063,-0.32533333333333303,24.55,equatorial
15.18,23.67,28.19,19.62,80.37,0.07,1.32,3.54,0.65,0.66,2020-12-06,Yaounde_peri,2020,12,341,49,0.7200000000000035,2.01,32.059999999999995,371.01,0.16457017336358187,-0.3290000000000006,24.55,equatorial
13.38,24.18,29.2,19.82,80.33,0.32,1.46,4.95,0.65,0.66,2020-12-07,Yaounde_peri,2020,12,342,50,0.9900000000000035,2.13,28.03,364.24,0.12679046638793784,0.17099999999999937,24.55,equatorial
17.16,24.61,29.26,20.58,80.72,0.51,1.42,4.52,0.64,0.66,2020-12-08,Yaounde_peri,2020,12,343,50,1.2500000000000036,2.5,19.36,362.23,0.11555302861544145,0.5493333333333297,24.61,equatorial
17.75,24.85,29.61,20.72,80.82,0.25,1.47,4.78,0.64,0.65,2020-12-09,Yaounde_peri,2020,12,344,50,1.3900000000000035,2.65,15.169999999999998,358.75,0.09611712876051716,0.7126666666666672,24.85,equatorial
16.69,23.27,26.22,21.04,90.12,0.64,1.54,1.76,0.64,0.66,2020-12-10,Yaounde_peri,2020,12,345,50,1.9500000000000037,3.08,10.379999999999999,353.28999999999996,0.06563579809346495,-0.8863333333333365,24.85,equatorial
15.83,24.0,28.27,21.04,86.15,0.68,1.55,3.82,0.64,0.66,2020-12-11,Yaounde_peri,2020,12,346,50,2.5500000000000034,3.45,8.26,346.8,0.029407284116301714,-0.19099999999999895,24.85,equatorial
17.04,23.81,27.7,20.86,87.93,2.28,1.41,3.0,0.65,0.67,2020-12-12,Yaounde_peri,2020,12,347,50,4.7500000000000036,5.449999999999999,10.21,339.88,-0.009221123256418818,-0.3730000000000011,24.85,equatorial
16.75,23.4,26.78,21.09,90.02,1.73,1.67,2.38,0.65,0.67,2020-12-13,Yaounde_peri,2020,12,348,50,6.410000000000004,7.13,11.629999999999999,336.81,-0.026357114544997683,-0.7333333333333343,24.85,equatorial
16.49,24.2,28.38,20.91,84.02,1.38,1.36,3.92,0.65,0.67,2020-12-14,Yaounde_peri,2020,12,349,51,7.470000000000004,8.46,12.63,332.31,-0.051477823306500546,0.07366666666666788,24.85,equatorial
15.04,23.7,27.2,21.13,86.54,2.01,1.2,2.41,0.65,0.67,2020-12-15,Yaounde_peri,2020,12,350,51,8.970000000000004,10.219999999999999,14.16,326.97,-0.08128985293303664,-0.41033333333333744,24.85,equatorial
17.01,23.62,27.16,20.95,86.28,1.08,1.41,2.65,0.65,0.67,2020-12-16,Yaounde_peri,2020,12,351,51,9.800000000000004,11.189999999999998,14.55,320.47,-0.11758170695500605,-0.46799999999999997,24.2,equatorial
18.18,24.49,29.52,20.5,80.92,0.11,1.09,4.32,0.65,0.66,2020-12-17,Yaounde_peri,2020,12,352,51,9.270000000000003,11.22,14.53,308.44,-0.184771594986911,0.39099999999999824,24.49,equatorial
17.45,24.37,28.72,21.36,84.73,0.05,1.44,3.8,0.65,0.66,2020-12-18,Yaounde_peri,2020,12,353,51,8.640000000000004,11.19,14.25,298.95,-0.23776382084105213,0.26633333333333553,24.49,equatorial
15.09,24.47,28.51,20.57,81.27,0.04,1.35,3.68,0.64,0.66,2020-12-19,Yaounde_peri,2020,12,354,51,6.400000000000003,11.15,14.139999999999999,283.36,-0.32484969007605713,0.35633333333333184,24.49,equatorial
17.63,24.47,28.83,20.94,78.7,0.01,1.08,4.05,0.64,0.65,2020-12-20,Yaounde_peri,2020,12,355,51,4.680000000000004,11.09,13.819999999999999,280.81,-0.33902375455775946,0.3566666666666656,24.49,equatorial
18.04,24.28,28.75,20.2,79.22,0.02,1.24,4.18,0.64,0.65,2020-12-21,Yaounde_peri,2020,12,356,52,3.3200000000000034,10.79,13.520000000000001,273.84000000000003,-0.3779120045731175,0.17400000000000304,24.49,equatorial
17.41,23.79,28.38,20.27,83.43,0.05,1.33,3.41,0.63,0.64,2020-12-22,Yaounde_peri,2020,12,357,52,1.3600000000000037,10.33,13.17,264.73999999999995,-0.428707296216823,-0.30466666666666953,24.49,equatorial
17.08,24.43,29.18,20.37,80.19,0.03,1.25,3.77,0.63,0.64,2020-12-23,Yaounde_peri,2020,12,358,52,0.31000000000000355,10.11,12.999999999999998,257.12,-0.47121484462248725,0.3073333333333359,24.49,equatorial
15.5,24.41,28.99,20.21,80.21,0.06,1.39,3.98,0.63,0.64,2020-12-24,Yaounde_peri,2020,12,359,52,0.26000000000000356,9.53,12.92,248.09,-0.5216013556048675,0.29966666666666697,24.47,equatorial
15.68,24.71,29.4,20.66,78.2,0.04,1.47,4.3,0.62,0.63,2020-12-25,Yaounde_peri,2020,12,360,52,0.25000000000000355,8.889999999999999,12.86,245.75,-0.5345426307287887,0.5943333333333349,24.71,equatorial
18.37,24.46,29.77,19.74,70.81,0.01,1.04,4.63,0.62,0.63,2020-12-26,Yaounde_peri,2020,12,361,52,0.22000000000000355,6.62,12.66,241.39,-0.5587847062047868,0.33000000000000185,24.71,equatorial
16.77,24.64,29.95,19.84,76.37,0.0,1.16,4.48,0.62,0.62,2020-12-27,Yaounde_peri,2020,12,362,52,0.21000000000000357,4.89,12.35,233.93,-0.6003698913765378,0.5096666666666678,24.71,equatorial
16.09,25.24,29.94,20.98,78.97,0.0,1.22,4.27,0.61,0.62,2020-12-28,Yaounde_peri,2020,12,363,53,0.19000000000000355,3.51,12.07,229.43,-0.62537232636622,1.0796666666666646,25.24,equatorial
16.77,25.31,30.43,20.97,76.92,0.0,1.85,4.6,0.61,0.62,2020-12-29,Yaounde_peri,2020,12,364,53,0.14000000000000357,1.5,12.02,222.94,-0.661505928383598,1.0953333333333326,25.31,equatorial
17.02,25.15,30.29,20.65,75.12,0.0,1.47,4.36,0.61,0.61,2020-12-30,Yaounde_peri,2020,12,365,53,0.11000000000000355,0.42,11.97,220.1,-0.6771894595452813,0.8539999999999957,25.31,equatorial
17.47,24.8,30.38,20.77,78.35,0.0,1.53,3.98,0.6,0.61,2020-12-31,Yaounde_peri,2020,12,366,53,0.050000000000003555,0.31,11.72,214.9,-0.7060807990671957,0.4933333333333323,25.31,equatorial
15.33,24.69,30.35,21.04,79.85,0.01,1.21,4.01,0.6,0.61,2021-01-01,Yaounde_peri,2021,1,1,53,0.020000000000003553,0.27,11.62,210.73000000000002,-0.7291909688279616,0.37866666666667115,25.31,equatorial
16.29,24.88,29.98,20.95,78.92,0.01,1.35,4.0,0.6,0.61,2021-01-02,Yaounde_peri,2021,1,2,53,0.020000000000003553,0.24,11.549999999999999,206.94,-0.7501617104617377,0.5543333333333322,25.31,equatorial
17.19,24.75,29.46,20.52,78.2,0.01,1.4,3.63,0.6,0.6,2021-01-03,Yaounde_peri,2021,1,3,53,0.03000000000000355,0.24000000000000002,11.479999999999999,203.91,-0.7668650746910578,0.4056666666666686,25.31,equatorial
16.32,24.99,29.8,21.16,77.09,0.01,1.62,4.05,0.6,0.6,2021-01-04,Yaounde_peri,2021,1,4,1,0.040000000000003554,0.22999999999999998,11.409999999999998,196.16000000000003,-0.8099965642956267,0.6020000000000003,25.31,equatorial
17.69,25.35,30.45,20.88,76.69,0.02,1.29,4.01,0.59,0.6,2021-01-05,Yaounde_peri,2021,1,5,1,0.06000000000000355,0.2,11.360000000000001,194.69,-0.8179254117306927,0.9060000000000024,25.35,equatorial
8.21,25.44,30.66,21.08,80.69,2.11,1.97,4.31,0.59,0.61,2021-01-06,Yaounde_peri,2021,1,6,1,2.1700000000000035,2.28,13.15,195.17000000000002,-0.8149260661586777,0.9540000000000006,25.44,equatorial
14.89,24.65,28.66,21.39,82.8,1.92,1.49,2.84,0.59,0.62,2021-01-07,Yaounde_peri,2021,1,7,1,4.090000000000003,4.14,14.56,195.91,-0.8104720991935302,0.16266666666666652,25.44,equatorial
17.31,24.79,30.76,20.59,78.19,0.59,1.41,4.63,0.6,0.6,2021-01-08,Yaounde_peri,2021,1,8,1,4.6700000000000035,4.6899999999999995,14.9,195.63,-0.8117357314845929,0.304666666666666,25.44,equatorial
17.4,25.35,31.07,20.39,73.71,0.41,1.12,4.71,0.59,0.6,2021-01-09,Yaounde_peri,2021,1,9,1,5.070000000000004,5.09,14.67,195.57,-0.8117660765855917,0.7953333333333354,25.44,equatorial
18.74,24.93,30.44,20.01,73.84,0.41,1.32,4.54,0.59,0.59,2021-01-10,Yaounde_peri,2021,1,10,1,5.470000000000003,5.5,14.4,195.63,-0.8111241356054122,0.34433333333333493,25.44,equatorial
18.92,24.72,30.64,19.52,75.38,0.01,1.41,4.34,0.58,0.59,2021-01-11,Yaounde_peri,2021,1,11,2,5.470000000000003,5.51,12.13,179.91000000000003,-0.898909874526221,0.1039999999999992,25.44,equatorial
19.93,24.82,30.58,20.33,75.46,0.0,1.58,4.34,0.58,0.58,2021-01-12,Yaounde_peri,2021,1,12,2,5.450000000000004,5.51,10.4,178.88000000000002,-0.9043130367618735,0.1566666666666663,25.44,equatorial
19.61,24.47,30.63,20.21,71.17,0.0,1.46,4.51,0.58,0.58,2021-01-13,Yaounde_peri,2021,1,13,2,3.3400000000000034,5.51,9.02,174.63000000000002,-0.9277565769048326,-0.20233333333333547,25.35,equatorial
19.07,24.06,29.68,19.92,80.53,0.0,2.08,3.84,0.57,0.58,2021-01-14,Yaounde_peri,2021,1,14,2,1.4200000000000035,5.51,7.009999999999999,171.99,-0.9421595771284769,-0.6243333333333325,25.35,equatorial
18.37,24.2,29.8,20.33,78.53,0.0,1.48,3.64,0.57,0.58,2021-01-15,Yaounde_peri,2021,1,15,2,0.8300000000000035,5.5,5.93,169.02,-0.9584003134743098,-0.5036666666666676,25.35,equatorial
18.22,24.64,30.09,20.12,74.89,0.0,1.08,3.79,0.57,0.57,2021-01-16,Yaounde_peri,2021,1,16,2,0.42000000000000354,5.489999999999999,5.819999999999999,146.09,-1.086471191143231,-0.06866666666666532,24.93,equatorial
16.26,24.81,30.79,19.41,72.6,0.0,1.23,3.83,0.57,0.57,2021-01-17,Yaounde_peri,2021,1,17,2,0.010000000000003553,5.4799999999999995,5.77,145.56,-1.088904552417751,0.086666666666666,24.82,equatorial
19.84,25.18,31.26,20.31,74.87,0.0,1.41,3.98,0.56,0.57,2021-01-18,Yaounde_peri,2021,1,18,3,0.0,5.47,5.7299999999999995,143.11,-1.1020921167350932,0.4329999999999963,25.18,equatorial
17.75,25.39,31.46,20.8,71.33,0.0,1.33,4.18,0.56,0.56,2021-01-19,Yaounde_peri,2021,1,19,3,0.0,5.449999999999999,5.719999999999999,140.68,-1.1151532383706328,0.6123333333333321,25.39,equatorial
19.93,24.55,31.17,19.87,66.59,0.0,1.89,4.4,0.56,0.56,2021-01-20,Yaounde_peri,2021,1,20,3,0.0,3.34,5.699999999999999,137.21,-1.1340253501499744,-0.23666666666666814,25.39,equatorial
20.19,24.35,31.19,18.16,57.55,0.0,1.47,4.28,0.55,0.55,2021-01-21,Yaounde_peri,2021,1,21,3,0.0,1.42,5.6499999999999995,134.84,-1.1467143655872567,-0.45533333333333204,25.39,equatorial
18.79,24.59,30.65,19.56,74.12,0.0,1.53,3.31,0.55,0.55,2021-01-22,Yaounde_peri,2021,1,22,3,0.0,0.83,5.619999999999999,125.52999999999999,-1.1982548310595833,-0.2206666666666699,25.39,equatorial
18.26,25.02,31.0,20.5,74.07,0.0,1.31,3.48,0.55,0.55,2021-01-23,Yaounde_peri,2021,1,23,3,0.0,0.42,5.56,100.25999999999999,-1.3390819447826383,0.1889999999999965,25.39,equatorial
18.98,25.09,31.4,20.48,73.95,0.0,1.63,3.58,0.55,0.55,2021-01-24,Yaounde_peri,2021,1,24,3,0.0,0.01,5.52,91.75,-1.3858690710202985,0.2463333333333324,25.39,equatorial
18.15,25.51,31.87,20.93,73.66,0.0,1.49,3.62,0.55,0.55,2021-01-25,Yaounde_peri,2021,1,25,4,0.0,0.0,5.509999999999999,85.39,-1.4205435939889668,0.631333333333334,25.51,equatorial
18.28,24.78,29.65,20.87,76.81,0.01,1.38,2.45,0.55,0.55,2021-01-26,Yaounde_peri,2021,1,26,4,0.010000000000003553,0.01,5.52,82.63,-1.4350167160573908,-0.10333333333333172,25.51,equatorial
16.36,25.21,30.86,21.13,77.04,0.02,1.55,3.29,0.55,0.55,2021-01-27,Yaounde_peri,2021,1,27,4,0.03000000000000355,0.03,5.539999999999999,77.21,-1.4643383294588115,0.32766666666666566,25.51,equatorial
19.65,25.01,30.06,21.19,78.5,0.03,1.41,2.72,0.55,0.55,2021-01-28,Yaounde_peri,2021,1,28,4,0.06000000000000355,0.06,5.569999999999999,75.53,-1.4726941261221655,0.13766666666666438,25.51,equatorial
18.06,24.55,28.8,21.31,80.51,0.02,1.54,2.15,0.55,0.55,2021-01-29,Yaounde_peri,2021,1,29,4,0.08000000000000355,0.08,5.589999999999999,68.17999999999999,-1.5127226876743616,-0.3023333333333298,25.51,equatorial
17.42,24.68,29.73,21.16,80.18,0.03,1.65,2.51,0.55,0.55,2021-01-30,Yaounde_peri,2021,1,30,4,0.11000000000000355,0.11,5.619999999999999,60.5,-1.5545108866710184,-0.16833333333333655,25.51,equatorial
17.82,24.99,30.79,20.27,77.5,0.0,1.6,3.27,0.54,0.55,2021-01-31,Yaounde_peri,2021,1,31,4,0.11000000000000355,0.11,5.609999999999999,58.29,-1.565659268832594,0.13166666666666416,25.51,equatorial
16.32,24.88,29.82,21.35,79.42,0.01,2.07,2.91,0.54,0.54,2021-02-01,Yaounde_peri,2021,2,32,5,0.12000000000000355,0.12,5.609999999999999,57.29,-1.5700279288520964,0.021666666666664725,25.21,equatorial
17.68,25.7,31.19,21.05,76.1,0.0,1.44,3.19,0.54,0.54,2021-02-02,Yaounde_peri,2021,2,33,5,0.11000000000000355,0.12,5.6,52.08,-1.597882139381339,0.8099999999999987,25.7,equatorial
16.44,25.09,29.7,21.61,80.21,0.01,1.72,2.41,0.54,0.54,2021-02-03,Yaounde_peri,2021,2,34,5,0.10000000000000356,0.13,5.6,51.48,-1.5999547576468809,0.19666666666666544,25.7,equatorial
18.35,25.75,32.1,21.29,75.51,0.0,1.31,3.51,0.54,0.54,2021-02-04,Yaounde_peri,2021,2,35,5,0.07000000000000356,0.13,5.58,49.0,-1.6125067985695918,0.8433333333333302,25.75,equatorial
19.2,26.08,32.41,21.32,73.48,0.01,1.51,3.63,0.54,0.53,2021-02-05,Yaounde_peri,2021,2,36,5,0.06000000000000355,0.14,3.48,44.66,-1.6353977697386948,1.152000000000001,26.08,equatorial
18.46,25.87,32.14,21.22,71.3,0.01,1.7,3.62,0.53,0.53,2021-02-06,Yaounde_peri,2021,2,37,5,0.04000000000000356,0.15,1.5699999999999998,35.49,-1.685144825147412,0.9013333333333371,26.08,equatorial
18.81,25.73,32.02,21.16,71.84,0.01,1.35,3.51,0.53,0.53,2021-02-07,Yaounde_peri,2021,2,38,5,0.050000000000003555,0.16,0.99,31.06,-1.7083662283586838,0.7300000000000004,26.08,equatorial
17.79,26.17,32.67,21.37,68.53,0.01,1.3,3.71,0.53,0.52,2021-02-08,Yaounde_peri,2021,2,39,6,0.050000000000003555,0.17,0.5900000000000001,25.639999999999997,-1.7370368556598328,1.142666666666667,26.17,equatorial
18.2,25.84,32.78,21.11,65.7,0.01,1.26,3.73,0.53,0.52,2021-02-09,Yaounde_peri,2021,2,40,6,0.06000000000000356,0.16999999999999998,0.19,22.849999999999998,-1.7509971891366003,0.7823333333333338,26.17,equatorial
17.69,25.84,32.5,20.33,72.21,0.01,1.6,3.34,0.52,0.52,2021-02-10,Yaounde_peri,2021,2,41,6,0.06000000000000355,0.16,0.19,22.53,-1.7511836283139401,0.7449999999999974,26.17,equatorial
19.6,26.12,33.06,21.29,73.19,0.02,1.75,3.51,0.52,0.51,2021-02-11,Yaounde_peri,2021,2,42,6,0.08000000000000355,0.15,0.21,22.240000000000002,-1.7512027802343313,0.9816666666666691,26.17,equatorial
17.7,26.23,32.97,21.67,74.25,0.03,2.24,3.35,0.52,0.51,2021-02-12,Yaounde_peri,2021,2,43,6,0.10000000000000356,0.16,0.24,21.889999999999997,-1.7515552029600523,1.0330000000000013,26.23,equatorial
20.21,25.57,31.12,21.8,78.3,0.03,2.14,2.41,0.52,0.51,2021-02-13,Yaounde_peri,2021,2,44,6,0.12000000000000355,0.16,0.27,21.439999999999998,-1.752461954998108,0.32266666666666666,26.23,equatorial
17.71,24.89,29.08,21.97,82.88,0.07,1.77,1.56,0.52,0.52,2021-02-14,Yaounde_peri,2021,2,45,6,0.18000000000000355,0.23000000000000004,0.33999999999999997,20.82,-1.7543097957689737,-0.38033333333333275,26.23,equatorial
16.54,25.71,31.32,21.9,77.88,0.4,2.06,2.7,0.52,0.52,2021-02-15,Yaounde_peri,2021,2,46,7,0.5700000000000036,0.6200000000000001,0.74,21.09,-1.7512147585361375,0.40400000000000347,26.23,equatorial
18.02,26.2,32.68,21.35,73.2,0.08,1.5,3.19,0.52,0.51,2021-02-16,Yaounde_peri,2021,2,47,7,0.6400000000000036,0.7000000000000001,0.82,20.84,-1.751011847441066,0.8476666666666652,26.23,equatorial
21.42,24.07,28.53,21.69,65.59,0.07,2.18,2.3,0.52,0.51,2021-02-17,Yaounde_peri,2021,2,48,7,0.7000000000000035,0.76,0.89,20.76,-1.7498671624964393,-1.2453333333333312,26.23,equatorial
20.63,24.04,31.29,18.09,50.1,0.01,1.6,3.48,0.51,0.51,2021-02-18,Yaounde_peri,2021,2,49,7,0.6900000000000035,0.77,0.9,20.439999999999998,-1.7500552868594448,-1.2303333333333342,26.23,equatorial
16.62,24.88,31.84,18.93,59.09,0.0,0.85,2.92,0.51,0.5,2021-02-19,Yaounde_peri,2021,2,50,7,0.6600000000000036,0.76,0.9,20.119999999999997,-1.7502428744261944,-0.4013333333333371,26.2,equatorial
16.24,25.56,32.02,20.85,73.44,0.1,1.53,2.94,0.51,0.5,2021-02-20,Yaounde_peri,2021,2,51,7,0.7300000000000035,0.8500000000000001,1.0,19.82,-1.7503192200312205,0.23833333333333329,26.2,equatorial
16.4,25.25,31.16,21.23,75.93,0.17,1.68,2.47,0.51,0.5,2021-02-21,Yaounde_peri,2021,2,52,7,0.8300000000000035,1.01,1.17,19.79,-1.7489014806325678,-0.0936666666666639,26.2,equatorial
16.3,25.18,30.86,21.63,75.79,0.11,1.85,2.34,0.51,0.5,2021-02-22,Yaounde_peri,2021,2,53,8,0.5400000000000036,1.11,1.28,19.76,-1.7474875817040867,-0.16900000000000048,26.2,equatorial
13.57,24.94,30.25,21.29,76.91,0.1,1.64,2.17,0.51,0.5,2021-02-23,Yaounde_peri,2021,2,54,8,0.5600000000000036,1.2,1.3800000000000001,19.759999999999998,-1.7459116734709463,-0.40399999999999636,25.56,equatorial
17.86,25.16,30.86,20.99,74.72,0.07,1.39,2.43,0.51,0.5,2021-02-24,Yaounde_peri,2021,2,55,8,0.5600000000000036,1.26,1.45,19.619999999999997,-1.7451135593271052,-0.17233333333333078,25.56,equatorial
19.15,24.12,28.02,21.6,80.58,0.03,2.29,1.44,0.51,0.51,2021-02-25,Yaounde_peri,2021,2,56,8,0.5800000000000035,1.27,1.47,19.34,-1.7450907768945707,-1.1903333333333315,25.56,equatorial
19.98,24.89,30.31,21.11,78.88,0.11,2.43,2.19,0.51,0.5,2021-02-26,Yaounde_peri,2021,2,57,8,0.6900000000000035,1.35,1.56,19.169999999999998,-1.7444608130053256,-0.4096666666666664,25.56,equatorial
17.95,25.58,31.39,21.85,76.3,0.14,1.62,2.31,0.51,0.5,2021-02-27,Yaounde_peri,2021,2,58,8,0.7300000000000035,1.4600000000000002,1.67,19.26,-1.7423979202337911,0.261333333333333,25.58,equatorial
19.29,26.12,32.5,21.54,74.36,0.06,1.52,2.5,0.51,0.5,2021-02-28,Yaounde_peri,2021,2,59,8,0.6200000000000035,1.4500000000000002,1.71,19.27,-1.7407817989945358,0.7490000000000023,26.12,equatorial
19.72,26.08,32.29,21.72,76.34,0.12,2.07,2.51,0.51,0.5,2021-03-01,Yaounde_peri,2021,3,60,9,0.6300000000000036,1.1700000000000002,1.7999999999999998,19.14,-1.7399418092961705,0.6623333333333328,26.12,equatorial
17.88,27.06,33.4,22.64,72.32,0.19,1.82,2.92,0.5,0.49,2021-03-02,Yaounde_peri,2021,3,61,9,0.7200000000000035,1.2800000000000002,1.99,19.22,-1.7379468920395715,1.5733333333333306,27.06,equatorial
17.83,26.82,33.36,22.17,73.8,0.16,1.71,2.63,0.5,0.49,2021-03-03,Yaounde_peri,2021,3,62,9,0.8100000000000035,1.37,2.14,19.299999999999997,-1.7359573104130808,1.2686666666666646,27.06,equatorial
15.38,26.52,32.62,22.26,73.91,0.11,1.51,2.25,0.5,0.49,2021-03-04,Yaounde_peri,2021,3,63,9,0.8900000000000036,1.47,2.25,19.330000000000002,-1.7342483121520165,0.9413333333333327,27.06,equatorial
17.04,26.1,31.42,22.33,74.74,0.19,1.65,2.06,0.5,0.49,2021-03-05,Yaounde_peri,2021,3,64,9,0.9700000000000036,1.6600000000000001,2.4299999999999997,19.439999999999998,-1.7321036207187404,0.48766666666666936,27.06,equatorial
14.42,26.03,31.96,22.35,74.93,0.21,2.4,2.26,0.5,0.49,2021-03-06,Yaounde_peri,2021,3,65,9,1.0400000000000036,1.77,2.64,19.58,-1.729799607075541,0.408333333333335,27.06,equatorial
18.11,24.56,29.13,21.34,80.5,1.54,2.42,1.85,0.5,0.5,2021-03-07,Yaounde_peri,2021,3,66,9,2.5200000000000036,3.14,4.17,20.799999999999997,-1.7215635441090815,-1.0110000000000028,27.06,equatorial
18.97,25.14,30.89,21.11,77.71,2.48,1.93,2.76,0.5,0.52,2021-03-08,Yaounde_peri,2021,3,67,10,4.8800000000000034,5.51,6.640000000000001,22.77,-1.7092269818478267,-0.40666666666666984,27.06,equatorial
18.19,26.18,32.87,21.3,75.17,1.94,1.75,3.49,0.51,0.51,2021-03-09,Yaounde_peri,2021,3,68,10,6.630000000000004,7.35,8.57,24.46,-1.69846046710177,0.6183333333333323,26.82,equatorial
15.11,25.27,30.03,21.89,82.56,8.44,1.97,3.18,0.51,0.57,2021-03-10,Yaounde_peri,2021,3,69,10,14.910000000000004,15.719999999999999,17.0,32.26,-1.6541655946029625,-0.26166666666666316,26.52,equatorial
21.44,24.2,27.26,22.46,89.56,9.96,2.06,1.87,0.53,0.6,2021-03-11,Yaounde_peri,2021,3,70,10,24.760000000000005,25.650000000000002,26.95,41.54,-1.601849765632598,-1.277000000000001,26.18,equatorial
12.62,25.35,30.71,21.43,80.33,3.23,1.4,4.01,0.54,0.58,2021-03-12,Yaounde_peri,2021,3,71,10,27.800000000000004,28.770000000000003,30.17,42.489999999999995,-1.5953740342538276,-0.11066666666666691,26.18,equatorial
19.34,24.7,28.95,21.94,83.41,0.5,2.12,2.62,0.54,0.55,2021-03-13,Yaounde_peri,2021,3,72,10,28.090000000000003,29.130000000000003,30.650000000000002,41.26,-1.600874533753925,-0.7133333333333347,26.18,equatorial
15.65,24.77,29.45,21.73,83.02,0.37,1.83,2.76,0.54,0.54,2021-03-14,Yaounde_peri,2021,3,73,10,26.920000000000005,29.44,30.990000000000002,40.25,-1.605155983156891,-0.5946666666666651,26.18,equatorial
13.01,23.87,27.18,21.79,85.95,1.48,1.96,2.15,0.53,0.55,2021-03-15,Yaounde_peri,2021,3,74,11,25.92,30.800000000000004,32.44,39.72,-1.6067959465103447,-1.4379999999999988,26.18,equatorial
17.55,23.96,27.47,21.07,83.35,0.08,1.63,1.88,0.53,0.54,2021-03-16,Yaounde_peri,2021,3,75,11,24.060000000000006,30.69,32.449999999999996,38.72,-1.6110083951264165,-1.3169999999999966,25.35,equatorial
17.17,24.65,29.81,21.69,81.24,1.11,1.44,3.04,0.53,0.54,2021-03-17,Yaounde_peri,2021,3,76,11,16.730000000000004,31.64,33.160000000000004,39.72,-1.6042529892930322,-0.5916666666666686,25.35,equatorial
16.88,25.44,30.94,21.52,78.86,3.87,1.18,3.76,0.53,0.54,2021-03-18,Yaounde_peri,2021,3,77,11,10.640000000000004,35.400000000000006,36.95,43.54,-1.582066476079883,0.22366666666666646,25.44,equatorial
14.95,24.66,29.4,21.93,83.83,7.73,1.61,3.54,0.54,0.6,2021-03-19,Yaounde_peri,2021,3,78,11,15.140000000000004,42.940000000000005,44.61,51.230000000000004,-1.5387358945084417,-0.5760000000000005,25.44,equatorial
6.6,24.22,28.49,21.49,84.54,4.62,1.14,3.3,0.54,0.58,2021-03-20,Yaounde_peri,2021,3,79,11,19.260000000000005,47.35,49.220000000000006,55.84,-1.512356924868601,-1.022000000000002,25.44,equatorial
24.21,24.87,29.82,21.03,81.12,1.09,1.13,3.76,0.54,0.56,2021-03-21,Yaounde_peri,2021,3,80,11,19.980000000000004,46.900000000000006,50.31,56.91,-1.5054068462117094,-0.37166666666666615,25.44,equatorial
16.53,24.36,28.36,21.28,83.09,2.16,1.67,3.0,0.54,0.56,2021-03-22,Yaounde_peri,2021,3,81,12,20.660000000000007,46.58,52.370000000000005,59.02,-1.4927798754644368,-0.8416666666666686,25.44,equatorial
20.06,24.75,29.36,21.17,83.7,5.23,1.04,3.29,0.54,0.57,2021-03-23,Yaounde_peri,2021,3,82,12,25.810000000000006,49.870000000000005,57.43,64.22,-1.4632729696144307,-0.4350000000000023,25.44,equatorial
7.26,23.68,26.46,21.95,91.16,14.86,2.1,2.18,0.56,0.64,2021-03-24,Yaounde_peri,2021,3,83,12,39.56,56.290000000000006,72.18,79.02,-1.3813082458555481,-1.4549999999999983,25.44,equatorial
18.92,23.59,26.97,21.22,88.29,10.66,1.78,2.84,0.59,0.66,2021-03-25,Yaounde_peri,2021,3,84,12,46.35,56.989999999999995,82.74000000000001,89.64000000000001,-1.3223395614464872,-1.5,24.87,equatorial
16.83,23.79,27.85,20.83,86.22,1.0,1.54,2.95,0.59,0.6,2021-03-26,Yaounde_peri,2021,3,85,12,39.620000000000005,54.760000000000005,83.67,90.63,-1.3161274619413061,-1.254333333333335,24.87,equatorial
16.75,25.58,30.72,21.13,76.97,0.08,1.3,4.71,0.58,0.59,2021-03-27,Yaounde_peri,2021,3,86,12,35.080000000000005,54.34,83.72,90.71000000000001,-1.3149010132494756,0.48699999999999477,25.58,equatorial
18.3,25.66,29.61,21.65,77.06,0.2,1.17,3.72,0.57,0.57,2021-03-28,Yaounde_peri,2021,3,87,12,34.190000000000005,54.17,83.81,90.91,-1.313020572838108,0.5413333333333341,25.66,equatorial
14.98,25.24,29.49,22.0,81.82,0.33,1.05,2.88,0.56,0.57,2021-03-29,Yaounde_peri,2021,3,88,13,32.36000000000001,53.02,84.0,91.24000000000001,-1.3104325591326844,0.13266666666666538,25.66,equatorial
18.76,25.72,30.68,21.38,77.44,0.14,1.3,4.08,0.55,0.56,2021-03-30,Yaounde_peri,2021,3,89,13,27.270000000000003,53.080000000000005,84.08,91.38000000000001,-1.3088871188845324,0.6259999999999977,25.72,equatorial
18.52,25.68,31.57,21.22,74.03,0.03,1.26,4.31,0.54,0.55,2021-03-31,Yaounde_peri,2021,3,90,13,12.440000000000003,52.0,83.99000000000001,91.41,-1.3079453388239408,0.5993333333333339,25.72,equatorial
20.38,25.66,31.52,21.37,77.09,0.01,1.35,3.84,0.54,0.54,2021-04-01,Yaounde_peri,2021,4,91,13,1.7900000000000036,48.14,83.81,91.41,-1.3071691061907964,0.6260000000000012,25.72,equatorial
15.87,25.67,31.52,21.16,75.56,0.01,1.27,3.82,0.53,0.53,2021-04-02,Yaounde_peri,2021,4,92,13,0.8000000000000036,40.42,83.66,91.41000000000001,-1.3063942541303553,0.6743333333333332,25.72,equatorial
18.61,25.51,29.87,21.27,74.21,0.01,0.91,2.71,0.52,0.52,2021-04-03,Yaounde_peri,2021,4,93,13,0.7300000000000036,35.81,83.56,91.41,-1.3056207785549547,0.5480000000000018,25.72,equatorial
23.97,26.53,33.1,20.91,72.16,0.0,1.44,4.22,0.52,0.51,2021-04-04,Yaounde_peri,2021,4,94,13,0.5300000000000036,34.72,83.37,91.39999999999999,-1.3049032892474566,1.5536666666666683,26.53,equatorial
15.17,26.24,31.56,22.1,76.69,0.05,1.49,3.04,0.51,0.51,2021-04-05,Yaounde_peri,2021,4,95,14,0.25000000000000355,32.61000000000001,83.21000000000001,91.43,-1.303968664909655,1.2566666666666642,26.53,equatorial
11.32,23.74,26.11,21.83,90.16,9.08,1.75,1.64,0.52,0.58,2021-04-06,Yaounde_peri,2021,4,96,14,9.190000000000003,36.46,90.75,98.4,-1.2651439052318985,-1.2160000000000046,26.53,equatorial
23.91,25.72,31.58,21.41,81.34,4.46,1.06,3.98,0.53,0.57,2021-04-07,Yaounde_peri,2021,4,97,14,13.620000000000005,26.06,92.73,100.94,-1.25055849093235,0.7446666666666673,26.53,equatorial
17.07,24.88,28.77,22.5,85.0,7.88,1.65,3.56,0.54,0.59,2021-04-08,Yaounde_peri,2021,4,98,14,21.490000000000002,23.28,98.67,108.22999999999999,-1.2100624798687007,-0.052000000000003155,26.53,equatorial
21.67,25.06,29.41,21.07,80.15,6.09,0.93,3.72,0.54,0.59,2021-04-09,Yaounde_peri,2021,4,99,14,27.57,28.369999999999997,96.32000000000001,113.91,-1.178406079410525,0.134999999999998,26.53,equatorial
19.94,24.59,28.31,21.07,82.5,3.54,1.11,2.73,0.55,0.59,2021-04-10,Yaounde_peri,2021,4,100,14,31.100000000000005,31.830000000000002,89.9,117.04,-1.1607070483756765,-0.347999999999999,26.53,equatorial
16.41,24.08,27.25,21.26,88.41,16.23,1.42,2.88,0.56,0.65,2021-04-11,Yaounde_peri,2021,4,101,14,47.330000000000005,47.86,102.9,133.26,-1.071575646256577,-0.8156666666666652,26.24,equatorial
18.24,24.95,28.96,21.59,84.66,2.88,1.25,3.72,0.58,0.61,2021-04-12,Yaounde_peri,2021,4,102,15,50.160000000000004,50.410000000000004,105.28,136.14,-1.055352740911571,0.045999999999999375,25.72,equatorial
17.61,23.88,27.11,21.43,88.44,10.77,1.44,2.59,0.58,0.64,2021-04-13,Yaounde_peri,2021,4,103,15,51.85,61.04,115.68,146.91,-0.9960742580558479,-0.9943333333333335,25.72,equatorial
14.76,24.04,27.69,21.16,86.61,5.75,1.4,3.37,0.6,0.65,2021-04-14,Yaounde_peri,2021,4,104,15,53.14,66.75999999999999,119.94999999999999,152.66,-0.9642514786962861,-0.8399999999999999,25.06,equatorial
21.29,24.65,28.39,21.5,84.52,2.48,1.11,3.18,0.59,0.61,2021-04-15,Yaounde_peri,2021,4,105,15,47.74,69.22999999999999,122.35,155.14,-0.9503069476684256,-0.25300000000000367,25.06,equatorial
17.89,23.98,27.13,21.5,89.67,3.01,1.31,2.49,0.59,0.62,2021-04-16,Yaounde_peri,2021,4,106,15,44.660000000000004,72.23,124.25,158.15,-0.933479763179147,-0.9006666666666661,24.95,equatorial
18.86,23.99,27.07,21.63,89.75,2.77,1.1,2.18,0.59,0.61,2021-04-17,Yaounde_peri,2021,4,107,15,43.89,74.99,123.14999999999999,160.92,-0.9179757541600811,-0.8423333333333325,24.95,equatorial
18.89,23.53,26.34,21.55,90.99,2.39,1.48,2.07,0.59,0.61,2021-04-18,Yaounde_peri,2021,4,108,15,30.05,77.38,117.81,163.31,-0.9045580609215179,-1.2646666666666668,24.95,equatorial
12.54,24.4,28.52,20.94,85.54,1.41,1.26,3.31,0.58,0.6,2021-04-19,Yaounde_peri,2021,4,109,16,28.580000000000002,78.74,114.6,164.72,-0.8965013634550988,-0.40066666666666606,24.65,equatorial
20.47,25.18,29.19,21.9,81.8,3.21,1.3,4.44,0.58,0.61,2021-04-20,Yaounde_peri,2021,4,110,16,21.020000000000003,72.87,116.72,167.93,-0.8786208093076757,0.3690000000000033,25.18,equatorial
16.4,25.3,30.08,21.26,82.73,0.66,1.16,4.68,0.57,0.59,2021-04-21,Yaounde_peri,2021,4,111,16,15.930000000000003,69.07,115.22,168.59,-0.8746784614833892,0.4576666666666682,25.3,equatorial
19.12,24.33,26.88,22.38,90.9,4.2,1.25,1.93,0.57,0.6,2021-04-22,Yaounde_peri,2021,4,112,16,17.650000000000002,65.39,114.19,172.79,-0.8514048631240048,-0.4983333333333313,25.3,equatorial
20.71,24.11,27.21,21.89,90.17,8.38,1.75,3.23,0.57,0.63,2021-04-23,Yaounde_peri,2021,4,113,16,23.020000000000003,67.68,107.71,181.17,-0.8053138524326382,-0.7326666666666668,25.3,equatorial
13.08,23.91,27.4,21.78,90.09,6.47,2.16,3.69,0.59,0.64,2021-04-24,Yaounde_peri,2021,4,114,16,26.720000000000006,70.61,103.52,187.64,-0.7696819561654016,-0.9433333333333316,25.3,equatorial
22.17,25.01,28.88,21.12,81.62,1.39,1.22,4.23,0.58,0.6,2021-04-25,Yaounde_peri,2021,4,115,16,25.720000000000006,55.77,103.91,189.03,-0.7618222852027022,0.11600000000000321,25.3,equatorial
19.16,24.94,28.98,21.04,82.52,1.34,1.02,3.64,0.58,0.6,2021-04-26,Yaounde_peri,2021,4,116,17,25.650000000000006,54.23,105.17,190.36,-0.7542945104149567,0.06733333333333746,25.3,equatorial
19.1,23.95,27.2,21.56,90.5,1.91,1.8,2.24,0.57,0.59,2021-04-27,Yaounde_peri,2021,4,117,17,24.350000000000005,45.370000000000005,106.88,192.25,-0.7437104390704738,-0.8656666666666695,25.3,equatorial
17.85,24.43,27.67,21.75,86.97,1.44,1.18,2.55,0.57,0.59,2021-04-28,Yaounde_peri,2021,4,118,17,25.130000000000006,41.06,107.99,193.66,-0.7357547535317459,-0.35866666666666447,25.01,equatorial
15.45,24.82,29.02,21.59,82.55,1.42,1.16,4.24,0.57,0.58,2021-04-29,Yaounde_peri,2021,4,119,17,22.350000000000005,40.00000000000001,109.27,195.06,-0.7278575531214971,0.061333333333333684,25.01,equatorial
19.92,25.0,29.49,21.59,85.3,2.42,1.3,3.97,0.56,0.58,2021-04-30,Yaounde_peri,2021,4,120,17,16.390000000000004,39.41,111.66,197.45000000000002,-0.7145524668964975,0.26399999999999935,25.01,equatorial
16.14,23.93,26.07,22.22,91.34,28.9,1.18,1.88,0.59,0.69,2021-05-01,Yaounde_peri,2021,5,121,17,38.82000000000001,65.54,140.54999999999998,226.35000000000002,-0.5563161193485766,-0.7483333333333348,25.01,equatorial
20.73,24.65,28.43,21.19,85.54,21.42,1.26,4.25,0.64,0.73,2021-05-02,Yaounde_peri,2021,5,122,17,58.85000000000001,84.57000000000001,161.96,247.76,-0.43907583556975416,0.005666666666666487,25.0,equatorial
15.48,23.62,26.51,21.58,90.54,7.4,1.42,2.74,0.65,0.69,2021-05-03,Yaounde_peri,2021,5,123,18,64.91,90.56,169.35000000000002,255.16,-0.3984860508290597,-0.9613333333333287,25.0,equatorial
8.77,22.89,25.57,21.02,92.67,6.62,1.65,2.67,0.65,0.68,2021-05-04,Yaounde_peri,2021,5,124,18,69.62,93.97,175.97000000000003,261.77,-0.3622235515360728,-1.5699999999999967,25.0,equatorial
22.49,23.33,27.15,20.65,89.85,9.35,1.96,4.74,0.65,0.69,2021-05-05,Yaounde_peri,2021,5,125,18,77.53,102.66,185.27,271.12,-0.31097132982007497,-1.0330000000000013,25.0,equatorial
17.72,23.34,26.79,20.89,89.48,1.57,2.1,3.86,0.64,0.66,2021-05-06,Yaounde_peri,2021,5,126,18,77.68,100.03,177.76,272.68,-0.30235958844217625,-1.0096666666666678,25.0,equatorial
12.04,23.25,26.41,20.98,90.16,4.03,2.22,4.03,0.63,0.66,2021-05-07,Yaounde_peri,2021,5,127,18,79.29,95.68,177.33,276.70000000000005,-0.280281729765851,-1.0173333333333332,24.65,equatorial
15.18,22.78,26.16,20.77,91.68,7.65,2.78,3.98,0.63,0.67,2021-05-08,Yaounde_peri,2021,5,128,18,58.040000000000006,96.86000000000001,177.10000000000002,284.34000000000003,-0.23838407371417558,-1.4173333333333318,24.65,equatorial
17.35,22.61,26.41,20.15,88.29,1.78,2.64,4.94,0.63,0.65,2021-05-09,Yaounde_peri,2021,5,129,18,38.400000000000006,97.25,172.79000000000002,286.10999999999996,-0.22863619817075892,-1.5056666666666665,23.62,equatorial
25.35,23.44,28.29,19.23,84.67,0.17,1.5,5.16,0.61,0.62,2021-05-10,Yaounde_peri,2021,5,130,19,31.170000000000005,96.08,169.42,286.27,-0.2277079674412833,-0.6373333333333306,23.44,equatorial
24.3,24.17,28.81,19.82,85.82,2.26,1.58,5.16,0.6,0.62,2021-05-11,Yaounde_peri,2021,5,131,19,26.810000000000006,96.43,155.45,288.52,-0.21532895021615336,0.08966666666666612,24.17,equatorial
19.14,24.18,28.3,21.08,89.46,8.84,2.16,4.54,0.6,0.65,2021-05-12,Yaounde_peri,2021,5,132,19,26.300000000000004,103.83000000000001,161.41,297.34000000000003,-0.16694645225448215,0.12533333333333374,24.18,equatorial
9.25,24.03,27.54,21.59,90.25,4.21,1.77,3.22,0.6,0.64,2021-05-13,Yaounde_peri,2021,5,133,19,28.940000000000005,106.62,154.85,301.52,-0.14399797141403803,-0.029666666666663843,24.18,equatorial
20.98,24.57,28.11,21.36,84.04,3.41,1.14,4.37,0.6,0.63,2021-05-14,Yaounde_peri,2021,5,134,19,28.320000000000004,107.61,152.51,304.90000000000003,-0.12543581089626296,0.4926666666666648,24.57,equatorial
19.29,24.75,28.83,21.1,87.56,21.59,1.09,4.58,0.61,0.69,2021-05-15,Yaounde_peri,2021,5,135,19,42.260000000000005,100.3,171.62,326.42,-0.007400844893066425,0.6693333333333342,24.75,equatorial
13.53,23.84,26.35,22.25,92.25,10.17,1.67,2.64,0.65,0.71,2021-05-16,Yaounde_peri,2021,5,136,19,50.650000000000006,89.05,178.78000000000003,336.19,0.04618745102169934,-0.2360000000000042,24.75,equatorial
17.01,24.11,26.9,21.53,86.91,4.65,1.27,3.6,0.64,0.67,2021-05-17,Yaounde_peri,2021,5,137,20,55.13,86.30000000000001,180.66,340.76,0.0712484837129224,0.029999999999997584,24.75,equatorial
14.37,24.14,27.83,20.58,85.62,1.23,1.18,4.07,0.64,0.65,2021-05-18,Yaounde_peri,2021,5,138,20,54.1,80.91,179.5,341.92,0.0775982205243831,0.03966666666666896,24.75,equatorial
16.69,24.75,28.2,22.14,84.43,1.18,0.85,4.18,0.62,0.64,2021-05-19,Yaounde_peri,2021,5,139,20,46.440000000000005,72.74000000000001,179.26999999999998,343.09000000000003,0.08400281814886834,0.6379999999999981,24.75,equatorial
17.37,24.58,28.54,21.06,86.2,1.16,1.24,4.25,0.61,0.63,2021-05-20,Yaounde_peri,2021,5,140,20,43.39000000000001,72.33,177.22000000000003,344.25,0.09035249324398295,0.48799999999999955,24.75,equatorial
14.99,24.06,27.09,21.85,90.73,3.16,1.36,2.42,0.61,0.63,2021-05-21,Yaounde_peri,2021,5,141,20,43.14,71.46,179.72000000000003,347.31,0.10713436686365153,0.009333333333334082,24.75,equatorial
11.89,23.2,25.07,21.84,94.09,48.94,1.44,2.13,0.65,0.79,2021-05-22,Yaounde_peri,2021,5,142,20,70.49,112.75,224.46,396.08,0.3749376125193354,-0.8129999999999988,24.75,equatorial
23.77,23.79,26.98,21.41,89.5,0.93,1.14,2.59,0.7,0.71,2021-05-23,Yaounde_peri,2021,5,143,20,61.24999999999999,111.9,217.01000000000002,396.90000000000003,0.37934979818082815,-0.21233333333333704,24.75,equatorial
18.57,24.09,27.07,20.94,86.53,1.25,1.14,2.69,0.68,0.69,2021-05-24,Yaounde_peri,2021,5,144,21,57.849999999999994,112.98,211.79000000000002,398.05,0.38557429759607664,0.081666666666667,24.75,equatorial
20.24,25.24,29.76,20.57,82.32,1.05,1.37,5.62,0.66,0.68,2021-05-25,Yaounde_peri,2021,5,145,21,57.669999999999995,111.77,211.45,399.03000000000003,0.39086401788421904,1.2239999999999966,25.24,equatorial
14.86,24.1,27.29,21.5,91.31,5.06,2.0,3.11,0.65,0.67,2021-05-26,Yaounde_peri,2021,5,146,21,61.55,107.99000000000001,215.17,404.06,0.4184089984220629,0.11200000000000188,25.24,equatorial
12.57,23.73,26.41,22.07,90.93,32.77,1.57,3.28,0.7,0.78,2021-05-27,Yaounde_peri,2021,5,147,21,93.16,136.55,246.03,436.72,0.5978006670776765,-0.25066666666666393,25.24,equatorial
18.35,24.34,28.11,21.61,86.26,1.24,1.2,3.99,0.7,0.7,2021-05-28,Yaounde_peri,2021,5,148,21,91.24,134.38,245.82999999999998,437.82,0.603673276058675,0.36233333333333206,25.24,equatorial
16.94,25.1,29.39,21.51,84.06,1.88,1.06,4.91,0.68,0.69,2021-05-29,Yaounde_peri,2021,5,149,21,44.18,114.67,246.29000000000002,439.64,0.6135020003474247,1.113000000000003,25.24,equatorial
16.16,25.0,28.98,21.2,86.04,1.04,1.18,4.07,0.66,0.67,2021-05-30,Yaounde_peri,2021,5,150,21,44.29,105.53999999999999,244.91,440.56000000000006,0.6183796819860554,1.0130000000000017,25.24,equatorial
4.2,24.23,26.65,22.31,93.42,5.26,1.59,1.98,0.65,0.68,2021-05-31,Yaounde_peri,2021,5,151,22,48.300000000000004,106.15,221.27,445.63,0.6460741541154458,0.23300000000000054,25.24,equatorial
16.46,23.89,26.87,21.8,90.87,3.31,1.96,3.3,0.65,0.68,2021-06-01,Yaounde_peri,2021,6,152,22,50.56,108.23,203.16,448.78000000000003,0.6632006345341277,-0.081666666666667,25.1,equatorial
9.62,23.09,25.97,20.98,91.36,2.46,1.88,2.65,0.65,0.67,2021-06-02,Yaounde_peri,2021,6,153,22,47.96,109.51,198.22,451.13,0.6759210544017459,-0.8640000000000008,25.1,equatorial
16.64,24.06,28.31,20.72,86.82,0.88,1.46,4.72,0.64,0.65,2021-06-03,Yaounde_peri,2021,6,154,22,16.07,109.22999999999999,192.48,451.82,0.6795063371455604,0.06699999999999662,25.1,equatorial
16.7,24.01,27.91,20.9,89.38,7.29,1.61,4.05,0.63,0.66,2021-06-04,Yaounde_peri,2021,6,155,22,22.12,113.36,190.42,458.90000000000003,0.7182397076883579,-0.005666666666666487,25.1,equatorial
13.42,23.86,27.35,21.29,90.13,56.9,1.47,4.05,0.71,0.82,2021-06-05,Yaounde_peri,2021,6,156,22,77.14,121.32,245.75,514.26,1.0225040492235478,-0.17300000000000182,25.0,equatorial
18.26,23.97,27.4,21.53,85.62,0.73,0.99,3.25,0.71,0.72,2021-06-06,Yaounde_peri,2021,6,157,22,76.83,121.11999999999999,242.45,512.51,1.0124351875914839,-0.08699999999999974,24.23,equatorial
19.2,24.49,28.45,20.97,83.15,1.32,1.34,5.48,0.69,0.7,2021-06-07,Yaounde_peri,2021,6,158,23,72.89,121.19,236.12,511.89,1.0085894935075383,0.3760000000000012,24.49,equatorial
15.21,24.38,28.09,20.72,84.88,1.06,1.35,4.27,0.67,0.68,2021-06-08,Yaounde_peri,2021,6,159,23,70.64,121.2,235.4,504.51,0.9675709322440552,0.20700000000000074,24.49,equatorial
18.28,24.51,27.65,21.45,84.27,2.03,0.83,3.28,0.66,0.68,2021-06-09,Yaounde_peri,2021,6,160,23,70.21,118.16999999999999,237.26,496.58,0.9235592181252702,0.3013333333333357,24.51,equatorial
17.63,24.89,28.47,22.0,84.44,1.99,1.54,4.49,0.65,0.67,2021-06-10,Yaounde_peri,2021,6,161,23,71.32,87.39,236.99,495.34,0.916375449335349,0.6573333333333338,24.89,equatorial
14.07,24.15,27.35,20.86,88.82,8.92,1.32,3.02,0.65,0.69,2021-06-11,Yaounde_peri,2021,6,162,23,72.95,95.07000000000001,237.07000000000002,503.76,0.9623292717763966,-0.08166666666667055,24.89,equatorial
18.05,24.22,27.92,21.54,88.56,11.02,1.25,4.19,0.66,0.71,2021-06-12,Yaounde_peri,2021,6,163,23,27.07,104.21,243.88,514.41,1.0205103324707563,-0.018000000000000682,24.89,equatorial
13.73,24.01,27.02,21.47,86.64,2.92,0.85,3.29,0.67,0.69,2021-06-13,Yaounde_peri,2021,6,164,23,29.259999999999998,106.09,243.39000000000001,515.8499999999999,1.0279878328654697,-0.20933333333333337,24.89,equatorial
17.58,24.94,29.33,21.32,83.2,3.23,0.86,5.05,0.65,0.67,2021-06-14,Yaounde_peri,2021,6,165,24,31.169999999999998,104.05999999999999,225.03,519.0,1.0448629094552175,0.7143333333333359,24.94,equatorial
17.12,24.11,27.41,21.64,90.14,2.88,2.05,3.96,0.65,0.67,2021-06-15,Yaounde_peri,2021,6,166,24,32.99,103.63,217.73999999999998,520.77,1.0541333739343042,-0.12466666666666626,24.94,equatorial
16.16,23.18,25.97,21.5,91.98,3.2,2.19,2.7,0.65,0.67,2021-06-16,Yaounde_peri,2021,6,167,24,34.16,104.37,216.29000000000002,520.1,1.0499773319053753,-1.0236666666666636,24.94,equatorial
13.98,22.46,25.28,20.42,90.39,2.08,2.67,3.97,0.65,0.66,2021-06-17,Yaounde_peri,2021,6,168,24,34.24999999999999,105.57000000000001,217.14,514.45,1.018439330644896,-1.687666666666665,24.94,equatorial
15.38,23.07,27.18,19.43,88.3,2.96,1.62,4.24,0.64,0.66,2021-06-18,Yaounde_peri,2021,6,169,24,28.290000000000003,101.24,218.92000000000002,512.79,1.0088712124138917,-1.0216666666666647,24.94,equatorial
13.5,23.84,27.72,20.9,87.02,2.53,1.12,4.58,0.64,0.65,2021-06-19,Yaounde_peri,2021,6,170,24,19.8,46.87,220.29,514.23,1.0163593375254212,-0.2270000000000003,24.94,equatorial
15.04,23.57,27.23,20.7,87.8,3.81,1.42,3.74,0.63,0.66,2021-06-20,Yaounde_peri,2021,6,171,24,20.69,49.95,220.94,515.88,1.0249958821229204,-0.48066666666666436,24.94,equatorial
8.56,23.32,27.04,20.61,90.13,13.66,1.88,4.17,0.64,0.69,2021-06-21,Yaounde_peri,2021,6,172,25,31.119999999999997,62.29,185.66,524.31,1.0709074153682006,-0.7346666666666692,24.11,equatorial
15.97,22.91,26.16,20.48,90.08,7.97,1.87,4.02,0.66,0.71,2021-06-22,Yaounde_peri,2021,6,173,25,36.21,69.2,192.7,517.4200000000001,1.0325351800235818,-1.1153333333333322,23.84,equatorial
13.37,22.85,26.6,20.07,88.82,15.67,1.74,5.17,0.66,0.71,2021-06-23,Yaounde_peri,2021,6,174,25,48.67999999999999,82.84,207.11999999999998,522.43,1.0596329366509278,-1.1340000000000003,23.84,equatorial
18.94,23.43,27.23,20.34,84.59,12.31,1.03,4.23,0.69,0.74,2021-06-24,Yaounde_peri,2021,6,175,25,58.91,93.16,218.38,533.74,1.1213428430956838,-0.4936666666666696,23.84,equatorial
16.37,24.43,28.09,20.72,81.69,3.07,0.84,4.19,0.68,0.7,2021-06-25,Yaounde_peri,2021,6,176,25,59.019999999999996,87.31,216.39,536.7299999999999,1.1372464049056434,0.49533333333333474,24.43,equatorial
15.85,23.88,27.77,20.92,87.88,5.39,1.3,3.97,0.67,0.7,2021-06-26,Yaounde_peri,2021,6,177,25,61.879999999999995,81.68,189.01,541.9200000000001,1.1652261243318924,-0.05966666666666853,24.43,equatorial
11.58,22.71,25.24,21.03,92.95,5.58,2.27,2.6,0.67,0.71,2021-06-27,Yaounde_peri,2021,6,178,25,63.65,84.34,193.35,547.17,1.1935031722723857,-1.175333333333331,24.43,equatorial
13.92,22.4,26.03,19.92,88.68,7.25,1.36,3.71,0.67,0.71,2021-06-28,Yaounde_peri,2021,6,179,26,57.239999999999995,88.36,198.71999999999997,554.28,1.231967612525352,-1.3953333333333369,24.43,equatorial
15.06,22.28,26.02,19.22,89.76,9.73,2.13,5.06,0.68,0.72,2021-06-29,Yaounde_peri,2021,6,180,26,59.0,95.21000000000001,207.41,563.98,1.2846127216428471,-1.4246666666666634,24.43,equatorial
16.26,22.75,26.62,19.42,88.44,0.37,1.92,4.02,0.67,0.68,2021-06-30,Yaounde_peri,2021,6,181,26,43.699999999999996,92.38,202.52,564.34,1.2858733430401952,-0.9053333333333349,24.43,equatorial
17.15,23.63,27.6,20.3,87.76,0.45,1.76,4.23,0.66,0.67,2021-07-01,Yaounde_peri,2021,7,182,26,31.84,90.75,199.66,564.7800000000001,1.287571846329759,-0.016666666666669272,24.43,equatorial
14.1,22.92,25.69,21.05,91.26,1.95,1.84,2.18,0.65,0.67,2021-07-02,Yaounde_peri,2021,7,183,26,30.720000000000002,89.74,199.14999999999998,566.72,1.297506384029708,-0.7210000000000001,23.88,equatorial
9.6,23.13,26.65,20.35,90.82,10.01,2.05,3.99,0.66,0.71,2021-07-03,Yaounde_peri,2021,7,184,26,35.34,97.22,208.28,576.73,1.351739473170271,-0.4800000000000004,23.63,equatorial
9.17,22.51,25.59,20.52,88.84,0.55,2.36,3.21,0.66,0.67,2021-07-04,Yaounde_peri,2021,7,185,26,30.310000000000002,93.96000000000001,201.54,577.23,1.3536808008994359,-1.0499999999999972,23.63,equatorial
12.97,21.46,23.88,19.48,92.28,8.73,2.35,2.89,0.66,0.69,2021-07-05,Yaounde_peri,2021,7,186,27,31.790000000000003,89.03,153.37,576.8800000000001,1.3509537795780169,-2.0199999999999996,23.63,equatorial
12.18,22.3,26.51,19.17,88.65,3.75,2.06,4.6,0.67,0.69,2021-07-06,Yaounde_peri,2021,7,187,27,25.810000000000002,84.81,156.39000000000001,576.1700000000001,1.3462554598010261,-1.1243333333333325,23.63,equatorial
16.02,22.78,27.06,19.03,88.22,3.03,1.88,5.0,0.66,0.68,2021-07-07,Yaounde_peri,2021,7,188,27,28.470000000000002,72.17,158.1,571.32,1.318847424321419,-0.5873333333333299,23.63,equatorial
13.98,22.83,26.67,20.38,89.57,2.21,2.43,4.39,0.65,0.67,2021-07-08,Yaounde_peri,2021,7,189,27,30.23,62.07,159.24999999999997,567.4399999999999,1.2968011181245915,-0.48566666666667047,23.13,equatorial
15.09,21.94,24.43,20.08,91.39,1.99,1.51,2.19,0.65,0.67,2021-07-09,Yaounde_peri,2021,7,190,27,30.27,60.989999999999995,159.21,565.89,1.2875681871553224,-1.2900000000000027,23.13,equatorial
13.66,22.8,26.87,19.67,87.93,3.47,1.55,4.56,0.65,0.67,2021-07-10,Yaounde_peri,2021,7,191,27,23.73,59.07,160.69,553.13,1.2168551602358386,-0.3603333333333296,22.83,equatorial
15.4,23.12,27.19,20.28,89.61,3.48,1.97,4.16,0.65,0.67,2021-07-11,Yaounde_peri,2021,7,192,27,26.66,56.97,155.25,553.73,1.2195133764085768,-0.005999999999996675,23.12,equatorial
12.65,22.86,26.5,20.5,90.44,3.69,2.87,4.08,0.64,0.67,2021-07-12,Yaounde_peri,2021,7,193,28,21.62,53.41,147.92000000000002,546.65,1.1800449088189262,-0.2206666666666699,23.12,equatorial
15.62,22.95,26.97,20.04,89.71,2.54,2.45,4.22,0.64,0.66,2021-07-13,Yaounde_peri,2021,7,194,28,20.41,46.22,147.54,543.44,1.1618477425484226,-0.09533333333332905,23.12,equatorial
12.66,23.25,27.29,20.22,90.09,6.76,2.49,4.46,0.64,0.67,2021-07-14,Yaounde_peri,2021,7,195,28,24.14,52.61,151.07,547.72,1.1847484550819531,0.26099999999999923,23.25,equatorial
8.66,22.07,23.78,20.58,94.99,18.42,1.64,1.68,0.67,0.75,2021-07-15,Yaounde_peri,2021,7,196,28,40.35000000000001,70.58000000000001,166.61,563.13,1.2686502172244782,-0.8509999999999991,23.25,equatorial
11.44,22.39,26.25,20.02,90.31,5.69,1.55,3.26,0.68,0.72,2021-07-16,Yaounde_peri,2021,7,197,28,44.050000000000004,74.32000000000001,169.1,566.0500000000001,1.283965554046686,-0.5046666666666688,23.25,equatorial
14.54,22.35,26.81,18.68,88.08,0.88,1.97,4.54,0.67,0.68,2021-07-17,Yaounde_peri,2021,7,198,28,41.46000000000001,65.19,167.9,564.5400000000001,1.2749773955771349,-0.5410000000000004,23.25,equatorial
12.7,22.84,26.72,19.92,89.5,2.34,2.38,4.36,0.66,0.68,2021-07-18,Yaounde_peri,2021,7,199,28,40.32,66.98,167.28,565.47,1.2793746526003222,-0.043333333333333,23.25,equatorial
14.56,23.29,27.69,19.81,87.47,1.43,2.27,4.97,0.66,0.67,2021-07-19,Yaounde_peri,2021,7,200,29,38.06,59.68000000000001,166.18,563.69,1.2689152787958893,0.42499999999999716,23.29,equatorial
13.77,23.44,27.63,20.17,87.7,1.88,2.1,4.53,0.65,0.67,2021-07-20,Yaounde_peri,2021,7,201,29,37.400000000000006,57.81,164.25,564.91,1.2749082567232286,0.5793333333333344,23.44,equatorial
13.88,23.19,26.98,20.61,89.16,1.7,2.0,3.75,0.64,0.66,2021-07-21,Yaounde_peri,2021,7,202,29,32.34,56.480000000000004,152.29,562.4100000000001,1.2605127406744931,0.33366666666666944,23.44,equatorial
13.15,23.4,27.96,19.91,87.78,2.21,2.28,4.79,0.64,0.66,2021-07-22,Yaounde_peri,2021,7,203,29,16.130000000000003,56.480000000000004,146.53,556.24,1.2260311512147213,0.5273333333333348,23.44,equatorial
13.23,23.05,26.9,20.26,88.0,0.83,2.98,4.03,0.64,0.65,2021-07-23,Yaounde_peri,2021,7,204,29,11.270000000000001,55.32000000000001,131.69,550.6,1.1944955062526936,0.1706666666666692,23.44,equatorial
9.04,22.93,27.57,19.51,86.87,0.59,2.96,4.7,0.63,0.64,2021-07-24,Yaounde_peri,2021,7,205,29,10.980000000000004,52.44,119.97000000000001,549.8000000000001,1.189508934073014,0.06733333333333391,23.44,equatorial
11.2,22.86,27.12,20.07,85.88,0.25,2.97,4.24,0.62,0.63,2021-07-25,Yaounde_peri,2021,7,206,29,8.890000000000004,49.21,117.15,548.71,1.1829400511970194,0.04966666666666342,23.44,equatorial
16.98,22.57,26.88,19.57,86.02,0.04,2.76,3.94,0.62,0.62,2021-07-26,Yaounde_peri,2021,7,207,30,7.5000000000000036,45.56,111.8,546.84,1.1721071077977796,-0.196666666666669,23.44,equatorial
15.03,21.92,25.86,19.06,87.69,0.09,2.56,3.12,0.61,0.62,2021-07-27,Yaounde_peri,2021,7,208,30,5.7100000000000035,43.11,106.31,545.49,1.1641344380889214,-0.820333333333334,23.4,equatorial
16.64,23.08,27.88,19.17,86.11,0.15,2.21,4.48,0.61,0.62,2021-07-28,Yaounde_peri,2021,7,209,30,4.160000000000004,36.5,99.21000000000001,544.22,1.1566090098158193,0.3169999999999966,23.4,equatorial
15.69,23.41,27.87,20.11,85.55,0.31,2.45,4.34,0.6,0.61,2021-07-29,Yaounde_peri,2021,7,210,30,2.2600000000000033,18.39,89.78999999999999,542.11,1.1444924570915687,0.6093333333333355,23.41,equatorial
15.99,22.75,26.14,19.86,87.84,0.84,2.66,3.12,0.6,0.61,2021-07-30,Yaounde_peri,2021,7,211,30,2.270000000000003,13.54,90.26,514.05,0.9902849533243162,-0.05066666666666464,23.41,equatorial
14.38,23.07,27.02,19.69,88.62,4.38,2.21,3.45,0.6,0.62,2021-07-31,Yaounde_peri,2021,7,212,30,6.060000000000003,17.04,94.19,497.01,0.8965504342964912,0.2880000000000038,23.41,equatorial
12.13,22.67,25.89,20.45,90.73,10.84,2.57,3.09,0.62,0.68,2021-08-01,Yaounde_peri,2021,8,213,30,16.650000000000002,25.54,103.08,500.45000000000005,0.9150564743695095,-0.10366666666666546,23.41,equatorial
11.64,22.68,26.12,20.42,88.92,1.23,2.39,3.29,0.62,0.64,2021-08-02,Yaounde_peri,2021,8,214,31,17.840000000000003,25.34,94.3,495.06,0.885182873400743,-0.07866666666666688,23.41,equatorial
13.18,23.22,27.06,20.45,88.26,1.01,1.64,2.95,0.62,0.64,2021-08-03,Yaounde_peri,2021,8,215,31,18.76,24.47,94.76,486.72,0.8391678049530154,0.4376666666666651,23.41,equatorial
13.83,23.85,27.91,20.65,86.26,0.94,1.42,3.96,0.62,0.63,2021-08-04,Yaounde_peri,2021,8,216,31,19.55,23.709999999999997,86.97,486.09000000000003,0.8354194165261207,0.9879999999999995,23.85,equatorial
13.18,23.27,27.01,20.78,87.42,0.72,1.93,3.36,0.61,0.63,2021-08-05,Yaounde_peri,2021,8,217,31,19.96,22.22,83.94,482.78,0.8169896689709444,0.37566666666666393,23.85,equatorial
11.18,22.52,25.6,20.21,87.7,1.75,1.76,3.22,0.61,0.63,2021-08-06,Yaounde_peri,2021,8,218,31,20.87,23.139999999999997,82.66000000000001,476.88,0.7843780891264844,-0.3656666666666659,23.85,equatorial
14.31,22.13,25.98,19.25,86.81,0.6,2.91,3.96,0.61,0.62,2021-08-07,Yaounde_peri,2021,8,219,31,17.090000000000003,23.15,81.05,475.70000000000005,0.7776489485466553,-0.7323333333333331,23.85,equatorial
11.49,22.63,26.34,19.93,86.62,0.41,2.34,3.56,0.6,0.62,2021-08-08,Yaounde_peri,2021,8,220,31,6.660000000000004,23.31,79.47,475.94,0.7787056267938353,-0.25533333333333275,23.85,equatorial
16.24,22.76,26.87,20.01,88.08,2.19,1.97,3.66,0.6,0.62,2021-08-09,Yaounde_peri,2021,8,221,32,7.620000000000003,25.46,78.19000000000001,475.87,0.7780628087064185,-0.12399999999999878,23.85,equatorial
15.29,22.74,26.74,19.56,89.18,2.58,2.18,3.92,0.6,0.62,2021-08-10,Yaounde_peri,2021,8,222,32,9.190000000000003,27.95,77.29,469.61,0.7434900063513564,-0.13133333333333397,23.85,equatorial
11.86,22.63,26.45,19.81,89.48,5.3,3.0,3.98,0.6,0.64,2021-08-11,Yaounde_peri,2021,8,223,32,13.550000000000004,33.1,78.9,470.7,0.7492264906598198,-0.23366666666666802,23.27,equatorial
13.6,21.88,24.67,19.92,91.64,3.52,2.32,2.68,0.61,0.64,2021-08-12,Yaounde_peri,2021,8,224,32,16.35,36.309999999999995,79.88,470.81,0.7495875235002757,-0.9480000000000004,22.76,equatorial
17.04,23.11,27.77,19.37,87.04,1.51,2.14,5.24,0.61,0.62,2021-08-13,Yaounde_peri,2021,8,225,32,16.110000000000003,36.980000000000004,74.63000000000001,450.73,0.6392402357456844,0.28666666666666885,23.11,equatorial
14.21,23.62,28.26,20.02,86.47,2.07,1.95,5.25,0.6,0.62,2021-08-14,Yaounde_peri,2021,8,226,32,17.580000000000002,34.67,58.28,442.63,0.5946308832768479,0.745000000000001,23.62,equatorial
17.41,23.37,27.08,20.44,89.54,7.23,1.75,3.45,0.6,0.64,2021-08-15,Yaounde_peri,2021,8,227,32,24.400000000000002,31.06,59.82,445.21000000000004,0.6086162192544271,0.4623333333333335,23.62,equatorial
9.78,23.35,26.9,20.39,90.11,6.2,1.81,3.73,0.62,0.66,2021-08-16,Yaounde_peri,2021,8,228,33,28.410000000000004,36.03,65.14,450.18,0.6357082179416553,0.4090000000000025,23.62,equatorial
10.38,22.6,24.59,21.11,93.88,4.85,2.47,2.2,0.62,0.65,2021-08-17,Yaounde_peri,2021,8,229,33,30.680000000000003,39.870000000000005,67.64999999999999,453.84999999999997,0.6556588030974001,-0.3329999999999984,23.62,equatorial
13.37,21.7,23.91,20.42,93.48,6.99,2.34,2.26,0.63,0.67,2021-08-18,Yaounde_peri,2021,8,230,33,32.370000000000005,45.919999999999995,73.21000000000001,459.68,0.6874538041815458,-1.1799999999999997,23.62,equatorial
13.97,22.28,26.22,19.54,89.52,4.14,2.81,4.62,0.64,0.67,2021-08-19,Yaounde_peri,2021,8,231,33,32.99,49.339999999999996,75.47,460.66,0.6926225868467418,-0.5613333333333337,23.62,equatorial
13.63,22.57,26.59,19.64,87.69,1.47,2.32,4.44,0.63,0.65,2021-08-20,Yaounde_peri,2021,8,232,33,32.95,49.059999999999995,75.24000000000001,413.19,0.43187175143073436,-0.2506666666666675,23.62,equatorial
12.74,22.61,26.53,19.65,87.17,2.58,1.84,4.45,0.62,0.65,2021-08-21,Yaounde_peri,2021,8,233,33,33.46000000000001,51.040000000000006,75.61,414.84,0.44082441909372255,-0.1843333333333348,23.37,equatorial
15.3,22.59,26.53,20.07,88.34,2.63,1.74,4.21,0.62,0.65,2021-08-22,Yaounde_peri,2021,8,234,33,28.860000000000003,53.26,77.41,416.21999999999997,0.4482931913499018,-0.18900000000000006,23.35,equatorial
18.9,23.42,28.09,19.45,85.82,0.8,1.72,5.48,0.62,0.63,2021-08-23,Yaounde_peri,2021,8,235,34,23.460000000000004,51.870000000000005,77.61999999999999,415.96999999999997,0.4468093859752809,0.6246666666666663,23.42,equatorial
16.31,23.92,28.51,20.16,88.26,3.51,1.75,4.75,0.61,0.63,2021-08-24,Yaounde_peri,2021,8,236,34,22.120000000000005,52.800000000000004,80.88,414.41999999999996,0.4381855256759995,1.089333333333336,23.92,equatorial
13.02,23.47,26.81,20.94,90.32,5.44,1.63,3.11,0.61,0.65,2021-08-25,Yaounde_peri,2021,8,237,34,20.570000000000004,52.94,86.28,387.09,0.2879349363040981,0.6093333333333355,23.92,equatorial
17.0,23.33,26.53,20.9,90.84,5.47,1.7,3.04,0.62,0.66,2021-08-26,Yaounde_peri,2021,8,238,34,21.900000000000002,54.89,91.66,391.32,0.3111142130453001,0.4223333333333308,23.92,equatorial
16.81,23.55,27.02,20.88,89.26,3.27,2.22,4.18,0.62,0.64,2021-08-27,Yaounde_peri,2021,8,239,34,23.700000000000003,56.65,94.77999999999999,392.71,0.318683333791868,0.6266666666666687,23.92,equatorial
13.02,23.07,26.84,20.73,91.32,9.54,3.0,3.78,0.62,0.67,2021-08-28,Yaounde_peri,2021,8,240,34,30.660000000000004,64.11999999999999,104.01,401.21,0.36533435473658804,0.15800000000000125,23.92,equatorial
13.22,23.05,26.88,20.5,90.09,8.53,2.16,4.64,0.64,0.69,2021-08-29,Yaounde_peri,2021,8,241,34,36.56,65.42,111.7,404.47999999999996,0.38322690846184526,0.1280000000000001,23.92,equatorial
17.21,22.88,26.23,20.09,90.2,6.25,1.62,3.44,0.64,0.68,2021-08-30,Yaounde_peri,2021,8,242,35,42.010000000000005,65.47,113.57,407.41999999999996,0.399302729227663,-0.035666666666667624,23.92,equatorial
19.1,22.88,25.74,20.75,93.28,10.4,2.17,2.54,0.65,0.7,2021-08-31,Yaounde_peri,2021,8,243,35,48.9,71.02,113.13,415.36,0.4428740032975624,-0.04266666666666552,23.55,equatorial
15.19,22.79,26.1,20.5,93.08,36.07,2.34,3.36,0.7,0.8,2021-09-01,Yaounde_peri,2021,9,244,35,79.53,100.1,147.97,450.55,0.6363120290405694,-0.13633333333333653,23.55,equatorial
13.62,22.63,26.44,20.43,91.49,24.83,2.94,4.6,0.73,0.8,2021-09-02,Yaounde_peri,2021,9,245,35,98.89,120.78999999999999,171.79000000000002,468.09,0.7326009241094632,-0.27666666666667084,23.55,equatorial
6.93,21.76,24.48,20.02,91.72,4.52,2.12,2.92,0.74,0.76,2021-09-03,Yaounde_peri,2021,9,246,35,100.14,123.83999999999999,175.37,415.71,0.4442252444304271,-1.0769999999999982,23.07,equatorial
15.78,22.23,25.74,19.63,89.59,0.57,2.5,3.69,0.72,0.72,2021-09-04,Yaounde_peri,2021,9,247,35,91.17,121.83,175.22,415.55,0.4432358346731331,-0.5723333333333294,23.05,equatorial
14.83,21.99,25.99,19.31,88.62,0.67,2.52,4.04,0.7,0.71,2021-09-05,Yaounde_peri,2021,9,248,35,83.31,119.87,174.14000000000001,414.9,0.43954998080921615,-0.794666666666668,22.88,equatorial
10.19,21.91,25.64,18.7,89.02,0.31,2.05,3.6,0.68,0.69,2021-09-06,Yaounde_peri,2021,9,249,36,77.36999999999999,119.38,173.85,414.15,0.4353143355407058,-0.8673333333333346,22.88,equatorial
16.01,23.05,27.09,19.63,88.64,0.48,1.99,4.24,0.67,0.68,2021-09-07,Yaounde_peri,2021,9,250,36,67.45,116.35,173.92,412.6,0.4266751948417757,0.2586666666666666,23.05,equatorial
13.68,23.43,26.5,20.39,83.45,2.52,1.06,3.61,0.66,0.68,2021-09-08,Yaounde_peri,2021,9,251,36,33.9,113.42999999999999,174.25,413.13,0.42949027419877517,0.6163333333333298,23.43,equatorial
19.03,23.92,28.15,19.8,83.26,2.9,1.07,4.69,0.66,0.68,2021-09-09,Yaounde_peri,2021,9,252,36,11.969999999999999,110.86,174.57000000000002,407.11,0.3962331825703143,1.0670000000000002,23.92,equatorial
21.32,23.73,27.42,20.66,87.93,11.3,1.15,3.42,0.66,0.72,2021-09-10,Yaounde_peri,2021,9,253,36,18.75,118.89,180.57,407.39,0.3976817350533193,0.8403333333333336,23.92,equatorial
18.7,23.5,27.38,21.16,89.2,7.04,1.22,4.0,0.67,0.71,2021-09-11,Yaounde_peri,2021,9,254,36,25.22,116.39,184.08999999999997,411.51,0.42028494240883296,0.5563333333333311,23.92,equatorial
16.02,22.46,26.01,20.13,89.45,5.15,2.6,4.6,0.68,0.71,2021-09-12,Yaounde_peri,2021,9,255,36,29.700000000000003,113.00999999999999,187.73,413.42999999999995,0.4307630108474525,-0.46199999999999974,23.92,equatorial
19.93,22.28,26.29,19.35,88.47,3.68,2.33,5.46,0.67,0.69,2021-09-13,Yaounde_peri,2021,9,256,37,33.07,110.44,189.34,414.22999999999996,0.43506739918946397,-0.597333333333335,23.92,equatorial
13.82,22.3,26.59,18.96,87.91,1.85,2.31,5.57,0.66,0.67,2021-09-14,Yaounde_peri,2021,9,257,37,34.440000000000005,101.89,183.95999999999998,412.88,0.4275209108387758,-0.5416666666666643,23.92,equatorial
23.73,23.05,27.24,19.73,88.51,3.09,1.46,4.5,0.65,0.67,2021-09-15,Yaounde_peri,2021,9,258,37,35.01,68.91,180.85,413.89,0.4329855487372875,0.2183333333333337,23.92,equatorial
13.47,22.42,24.97,20.62,94.33,12.04,1.74,2.14,0.66,0.71,2021-09-16,Yaounde_peri,2021,9,259,37,44.15,56.12,188.04,422.96999999999997,0.48294339600365827,-0.40566666666666507,23.73,equatorial
12.37,22.65,26.72,19.56,89.49,8.34,1.99,5.08,0.68,0.72,2021-09-17,Yaounde_peri,2021,9,260,37,41.19,59.94,189.39,428.78,0.514859745621221,-0.20733333333333448,23.5,equatorial
15.01,23.07,27.27,19.74,88.77,2.65,1.72,4.85,0.67,0.69,2021-09-18,Yaounde_peri,2021,9,261,37,36.8,62.02,187.9,427.62,0.5083295746529677,0.18633333333333013,23.07,equatorial
19.35,22.85,26.16,20.14,90.63,5.97,1.59,3.75,0.67,0.7,2021-09-19,Yaounde_peri,2021,9,262,37,37.62,67.32,192.4,419.92999999999995,0.46578162761111436,-0.04299999999999571,23.07,equatorial
15.87,23.09,26.99,20.32,91.06,13.82,1.82,4.53,0.68,0.73,2021-09-20,Yaounde_peri,2021,9,263,38,47.76,80.83,203.64,425.78,0.4979397618498637,0.18100000000000094,23.09,equatorial
15.77,23.35,27.13,20.96,91.48,9.53,2.34,4.42,0.69,0.73,2021-09-21,Yaounde_peri,2021,9,264,38,55.44,89.88,210.54,419.64,0.4639346298949109,0.4156666666666702,23.35,equatorial
14.8,22.33,25.5,19.89,93.17,9.84,2.44,3.17,0.69,0.74,2021-09-22,Yaounde_peri,2021,9,265,38,62.19,97.2,219.57999999999998,417.16999999999996,0.45018884786125557,-0.568000000000005,23.35,equatorial
18.01,23.24,27.57,19.27,83.32,1.28,1.01,5.17,0.69,0.71,2021-09-23,Yaounde_peri,2021,9,266,38,51.43,95.58,217.35,415.38,0.4401986757181649,0.3646666666666647,23.35,equatorial
17.07,22.59,25.45,20.36,90.61,14.19,1.09,2.82,0.69,0.73,2021-09-24,Yaounde_peri,2021,9,267,38,57.279999999999994,98.47,226.1,424.18,0.48867167037447934,-0.2560000000000002,23.35,equatorial
13.92,22.35,25.75,20.29,90.28,6.18,1.74,3.93,0.71,0.73,2021-09-25,Yaounde_peri,2021,9,268,38,60.809999999999995,97.61,226.81,424.78000000000003,0.49186138018066083,-0.46333333333333115,23.35,equatorial
20.47,22.83,26.95,19.56,88.35,2.93,1.72,4.86,0.69,0.71,2021-09-26,Yaounde_peri,2021,9,269,38,57.769999999999996,95.39,226.47,420.46000000000004,0.4678818565712824,0.040666666666663076,23.35,equatorial
17.54,22.83,26.64,20.19,91.72,20.82,2.33,4.47,0.7,0.76,2021-09-27,Yaounde_peri,2021,9,270,39,64.77,112.53,237.75,431.55,0.5290151210106451,0.04866666666666575,23.35,equatorial
18.78,22.82,25.95,20.38,92.45,6.32,1.91,3.1,0.71,0.73,2021-09-28,Yaounde_peri,2021,9,271,39,61.56,117.0,235.54,437.5,0.5617428484515746,0.046333333333333115,23.24,equatorial
16.89,23.04,26.45,20.41,89.84,4.72,1.24,3.49,0.71,0.73,2021-09-29,Yaounde_peri,2021,9,272,39,56.440000000000005,118.63,234.01,441.77,0.5851813257451502,0.26099999999999923,23.24,equatorial
18.31,24.21,28.38,20.76,87.08,2.45,1.04,4.96,0.7,0.71,2021-09-30,Yaounde_peri,2021,9,273,39,57.61,109.04,226.06,442.27000000000004,0.5877844655902554,1.3866666666666667,24.21,equatorial
10.92,22.77,25.03,21.11,93.74,13.75,2.05,2.63,0.7,0.75,2021-10-01,Yaounde_peri,2021,10,274,39,57.17,114.45,203.74,446.01,0.608289864716164,-0.052666666666667084,24.21,equatorial
16.47,23.37,27.4,20.11,86.17,2.36,1.48,5.13,0.71,0.72,2021-10-02,Yaounde_peri,2021,10,275,39,53.35,114.16000000000001,181.27,447.82,0.6181234874449777,0.5226666666666695,24.21,equatorial
18.47,23.56,27.71,20.27,89.89,2.69,1.69,4.26,0.69,0.71,2021-10-03,Yaounde_peri,2021,10,276,39,53.11000000000001,110.88,179.44,441.78,0.5845674855916675,0.6526666666666685,24.21,equatorial
18.14,23.09,26.43,20.88,91.91,31.74,1.3,3.01,0.72,0.8,2021-10-04,Yaounde_peri,2021,10,277,40,64.03,128.8,210.61,469.77,0.7391221638670482,0.15399999999999991,24.21,equatorial
18.48,23.6,26.72,20.45,85.78,5.21,1.12,3.38,0.74,0.75,2021-10-05,Yaounde_peri,2021,10,278,40,62.919999999999995,124.47999999999999,215.14999999999998,471.95000000000005,0.7509409694106262,0.6103333333333332,24.21,equatorial
16.66,23.92,27.59,20.97,85.71,1.87,0.98,4.03,0.73,0.74,2021-10-06,Yaounde_peri,2021,10,279,40,60.06999999999999,116.50999999999999,216.70999999999998,471.61,0.7488238404144993,0.8633333333333368,24.21,equatorial
15.93,23.31,25.93,21.1,90.48,2.45,1.0,2.18,0.71,0.73,2021-10-07,Yaounde_peri,2021,10,280,40,60.07,117.67999999999999,218.68,472.07,0.7511306189278405,0.2446666666666637,23.92,equatorial
17.11,24.56,28.02,21.42,86.6,5.44,1.21,4.1,0.71,0.73,2021-10-08,Yaounde_peri,2021,10,281,40,51.76,108.92999999999999,221.6,474.04,0.7617852263491204,1.4570000000000007,24.56,equatorial
10.0,23.37,25.8,21.52,92.0,7.7,1.29,2.67,0.71,0.74,2021-10-09,Yaounde_peri,2021,10,282,40,57.1,110.45,226.39999999999998,478.26,0.7848759306432188,0.2853333333333339,24.56,equatorial
10.41,23.84,27.11,21.17,89.81,11.84,1.1,3.4,0.71,0.75,2021-10-10,Yaounde_peri,2021,10,283,40,66.25,119.36,226.94,486.40999999999997,0.8296861823865382,0.7516666666666687,24.56,equatorial
16.56,23.9,27.71,21.29,88.01,7.67,1.15,4.26,0.72,0.75,2021-10-11,Yaounde_peri,2021,10,284,41,42.18,106.21000000000001,227.57000000000002,491.53999999999996,0.8577710892879428,0.798333333333332,24.56,equatorial
16.92,23.63,27.07,20.95,89.87,6.55,1.25,3.2,0.72,0.75,2021-10-12,Yaounde_peri,2021,10,285,41,43.52,106.44,228.97,491.33,0.8563093017981673,0.48933333333333096,24.56,equatorial
15.38,23.59,27.36,21.09,89.86,1.66,1.44,3.79,0.72,0.73,2021-10-13,Yaounde_peri,2021,10,286,41,43.31,103.38,226.95,474.57,0.763317788575261,0.4056666666666686,24.56,equatorial
17.66,23.32,27.09,20.6,87.64,0.53,1.8,4.43,0.71,0.71,2021-10-14,Yaounde_peri,2021,10,287,41,41.39,101.46,225.63,469.40999999999997,0.7345324507548874,0.10166666666667012,24.56,equatorial
20.6,23.58,27.56,20.53,88.53,1.09,2.2,4.74,0.69,0.71,2021-10-15,Yaounde_peri,2021,10,288,41,37.04,88.8,223.63,469.61999999999995,0.7354662048706287,0.34399999999999764,23.9,equatorial
15.58,22.82,25.72,20.78,90.82,1.9,2.35,2.94,0.69,0.71,2021-10-16,Yaounde_peri,2021,10,289,41,31.24,88.33999999999999,213.49,469.18,0.7328035781931889,-0.42933333333333223,23.9,equatorial
18.67,23.2,26.76,20.13,88.77,1.71,1.71,4.41,0.68,0.7,2021-10-17,Yaounde_peri,2021,10,290,41,21.11,87.36,206.86,469.46,0.7341259520810784,-0.06766666666666765,23.9,equatorial
16.45,23.58,27.37,20.66,89.88,5.38,1.91,4.57,0.68,0.71,2021-10-18,Yaounde_peri,2021,10,291,42,18.82,61.0,209.59,472.96,0.7532654924987247,0.2953333333333319,23.63,equatorial
15.26,22.53,25.63,20.46,92.47,12.0,3.07,4.1,0.7,0.74,2021-10-19,Yaounde_peri,2021,10,292,42,24.27,67.78999999999999,215.62,483.26,0.8100251734329813,-0.7439999999999998,23.59,equatorial
13.77,21.86,24.36,19.84,93.19,13.65,2.1,2.79,0.71,0.76,2021-10-20,Yaounde_peri,2021,10,293,42,36.26,79.57,215.45000000000002,494.7,0.8730617076839078,-1.373000000000001,23.58,equatorial
15.08,21.72,25.46,19.29,90.26,5.99,1.91,4.42,0.72,0.74,2021-10-21,Yaounde_peri,2021,10,294,42,41.72,83.11000000000001,211.91,499.86,0.9013066293850083,-1.4586666666666694,23.58,equatorial
11.0,23.05,27.71,19.11,89.64,5.41,1.01,4.37,0.71,0.74,2021-10-22,Yaounde_peri,2021,10,295,42,46.040000000000006,83.08,207.48,504.68,0.9276513277341757,-0.15266666666666495,23.58,equatorial
17.19,22.45,24.93,20.95,92.79,18.31,1.88,3.12,0.73,0.79,2021-10-23,Yaounde_peri,2021,10,296,42,62.45,93.69,224.51,522.74,1.0272410385141697,-0.7263333333333328,23.58,equatorial
18.79,23.91,27.96,20.34,86.89,2.01,1.18,4.24,0.73,0.74,2021-10-24,Yaounde_peri,2021,10,297,42,62.75,83.86,212.33,524.71,1.0377173350287674,0.6896666666666675,23.91,equatorial
9.23,23.45,27.27,21.03,87.96,5.8,1.69,4.08,0.72,0.74,2021-10-25,Yaounde_peri,2021,10,298,43,63.17,81.99,211.95,530.42,1.068877667480935,0.19299999999999784,23.91,equatorial
17.9,23.78,28.03,20.48,86.64,3.42,1.49,5.09,0.71,0.73,2021-10-26,Yaounde_peri,2021,10,299,43,54.589999999999996,78.86,212.44,533.69,1.0865096890470851,0.49133333333333695,23.91,equatorial
20.49,24.33,28.57,20.74,84.33,3.76,1.02,5.46,0.71,0.73,2021-10-27,Yaounde_peri,2021,10,300,43,44.7,80.96,195.38,537.14,1.1051207638708818,0.9913333333333298,24.33,equatorial
17.48,23.92,27.6,21.1,88.64,3.11,1.24,4.07,0.7,0.72,2021-10-28,Yaounde_peri,2021,10,301,43,41.82,83.54,192.17,539.41,1.1171859717048347,0.544666666666668,24.33,equatorial
17.21,23.99,28.16,21.12,86.98,2.2,1.68,4.34,0.7,0.72,2021-10-29,Yaounde_peri,2021,10,302,43,38.60999999999999,84.65,189.65,537.2299999999999,1.1046236005504426,0.5829999999999984,24.33,equatorial
16.3,24.26,28.8,20.64,84.34,3.91,0.84,5.58,0.7,0.72,2021-10-30,Yaounde_peri,2021,10,303,43,24.21,86.66,191.10999999999999,530.3000000000001,1.0657983727183313,0.8513333333333364,24.33,equatorial
13.27,23.73,27.4,21.08,91.2,2.83,1.67,3.01,0.69,0.71,2021-10-31,Yaounde_peri,2021,10,304,43,25.03,87.78,180.19,531.9,1.074192914865554,0.28933333333333167,24.33,equatorial
12.77,23.15,25.75,21.33,91.46,4.59,1.17,2.37,0.69,0.72,2021-11-01,Yaounde_peri,2021,11,305,44,23.82,86.99,182.42,535.48,1.093531678833581,-0.283333333333335,24.33,equatorial
11.13,23.06,26.53,20.78,88.57,2.46,1.25,3.1,0.7,0.72,2021-11-02,Yaounde_peri,2021,11,306,44,22.86,77.45,182.19,537.0,1.1014582211384005,-0.35666666666666913,24.33,equatorial
12.95,22.88,25.89,20.41,89.47,10.33,1.24,2.71,0.71,0.75,2021-11-03,Yaounde_peri,2021,11,307,44,29.43,74.13,160.78,546.6099999999999,1.1541186828565317,-0.5296666666666674,24.26,equatorial
21.64,23.65,27.68,20.6,85.2,1.08,1.25,4.17,0.71,0.72,2021-11-04,Yaounde_peri,2021,11,308,44,27.4,69.21999999999998,156.65,545.9399999999999,1.1498754677469245,0.23866666666666347,24.26,equatorial
19.99,24.4,27.99,20.59,82.36,1.0,1.08,4.27,0.7,0.71,2021-11-05,Yaounde_peri,2021,11,309,44,26.199999999999996,64.80999999999999,155.78,546.34,1.1515536009036653,0.9726666666666652,24.4,equatorial
18.27,24.46,28.65,20.79,84.71,2.01,0.89,4.47,0.69,0.71,2021-11-06,Yaounde_peri,2021,11,310,44,24.299999999999997,48.51,155.33999999999997,547.9399999999999,1.1598651713681398,0.9943333333333371,24.46,equatorial
17.88,23.41,25.9,21.36,91.95,29.05,1.15,2.09,0.71,0.79,2021-11-07,Yaounde_peri,2021,11,311,44,50.519999999999996,75.55,178.95,574.8,1.3078094365864763,-0.0173333333333332,24.46,equatorial
15.41,24.08,28.67,20.25,85.73,2.43,1.25,5.57,0.73,0.74,2021-11-08,Yaounde_peri,2021,11,312,45,48.36,72.18,173.68,574.65,1.30627283709828,0.6289999999999978,24.46,equatorial
14.84,24.82,28.73,21.49,85.68,3.58,1.08,4.86,0.72,0.74,2021-11-09,Yaounde_peri,2021,11,313,45,49.480000000000004,72.34,165.42,572.9300000000001,1.2960625580056502,1.3363333333333323,24.82,equatorial
14.91,24.42,27.49,22.2,87.8,11.56,1.07,2.99,0.73,0.77,2021-11-10,Yaounde_peri,2021,11,314,45,50.71000000000001,80.14,169.30999999999997,580.97,1.339792305391613,0.919000000000004,24.82,equatorial
16.33,24.43,28.55,21.32,87.82,14.46,1.04,4.47,0.74,0.78,2021-11-11,Yaounde_peri,2021,11,315,45,64.09,91.49,177.22,593.9200000000001,1.4105789091145164,0.9023333333333312,24.82,equatorial
16.28,24.39,28.02,21.61,88.06,4.24,1.44,3.66,0.74,0.75,2021-11-12,Yaounde_peri,2021,11,316,45,67.33,93.53,179.8,596.09,1.4217219223636983,0.8356666666666683,24.82,equatorial
20.37,23.75,27.33,21.67,91.01,9.19,1.56,2.97,0.74,0.77,2021-11-13,Yaounde_peri,2021,11,317,45,74.50999999999999,98.81,188.46,598.05,1.4316876147858777,0.18133333333333113,24.82,equatorial
10.38,24.35,28.27,21.28,86.65,1.07,1.15,3.3,0.73,0.74,2021-11-14,Yaounde_peri,2021,11,318,45,46.529999999999994,97.05,188.44,592.9200000000001,1.4025003137489453,0.7556666666666665,24.82,equatorial
19.83,23.98,27.59,21.17,89.03,1.83,1.24,3.31,0.72,0.73,2021-11-15,Yaounde_peri,2021,11,319,46,45.93,94.28999999999999,188.37,589.9,1.385004014011944,0.3470000000000013,24.82,equatorial
17.53,23.39,27.91,20.84,89.96,2.02,1.61,3.64,0.71,0.73,2021-11-16,Yaounde_peri,2021,11,320,46,44.37,93.85000000000001,188.67999999999998,584.9300000000001,1.356773330935582,-0.24933333333333607,24.43,equatorial
14.27,23.48,27.51,20.05,85.03,5.55,1.26,4.03,0.71,0.74,2021-11-17,Yaounde_peri,2021,11,321,46,38.36000000000001,89.07000000000001,188.85,586.34,1.3637864845800856,-0.1559999999999988,24.43,equatorial
18.6,23.22,26.22,20.37,89.3,9.67,1.36,2.4,0.72,0.76,2021-11-18,Yaounde_peri,2021,11,322,46,33.57,97.66000000000001,186.51999999999998,594.54,1.4082455198056618,-0.43900000000000006,24.39,equatorial
13.38,24.34,28.11,20.99,86.34,12.54,1.7,4.51,0.73,0.78,2021-11-19,Yaounde_peri,2021,11,323,46,41.87,109.2,185.41,604.5,1.4623386964457967,0.5983333333333327,24.35,equatorial
15.49,24.02,27.38,21.31,87.41,14.61,0.98,3.03,0.74,0.79,2021-11-20,Yaounde_peri,2021,11,324,46,47.29,121.8,194.03,616.4799999999999,1.5274732705555134,0.201666666666668,24.35,equatorial
12.47,23.6,26.69,20.87,88.57,9.0,1.29,2.84,0.75,0.78,2021-11-21,Yaounde_peri,2021,11,325,46,55.22,101.75,197.62,624.68,1.5716528369917353,-0.23666666666666458,24.34,equatorial
18.61,24.71,29.19,19.99,80.16,0.66,1.23,5.43,0.74,0.75,2021-11-22,Yaounde_peri,2021,11,326,47,54.05,99.97999999999999,179.97,621.83,1.5548689065850152,0.7980000000000018,24.71,equatorial
13.51,24.61,28.77,20.82,83.09,0.72,1.39,4.78,0.72,0.74,2021-11-23,Yaounde_peri,2021,11,327,47,52.75,97.12,178.67999999999998,617.11,1.5278170234160524,0.674666666666667,24.71,equatorial
16.92,24.47,28.33,21.41,84.14,0.57,1.38,3.83,0.72,0.73,2021-11-24,Yaounde_peri,2021,11,328,47,47.77,86.13,173.45000000000002,612.21,1.4998234997471198,0.5006666666666675,24.71,equatorial
18.28,24.52,28.96,20.57,81.54,0.22,1.37,5.39,0.71,0.72,2021-11-25,Yaounde_peri,2021,11,329,47,38.32,71.89,170.25,609.16,1.4820650827694117,0.5260000000000034,24.71,equatorial
19.11,24.54,29.06,20.43,79.57,0.13,1.91,5.36,0.7,0.71,2021-11-26,Yaounde_peri,2021,11,330,47,25.91,67.77999999999999,166.62,599.75,1.4293272188459103,0.5389999999999979,24.71,equatorial
16.64,24.25,28.85,20.27,79.48,0.84,1.37,5.17,0.69,0.71,2021-11-27,Yaounde_peri,2021,11,331,47,12.14,59.42999999999999,164.35000000000002,592.0600000000001,1.3861398972514962,0.23799999999999955,24.71,equatorial
16.03,23.92,27.94,20.44,83.56,1.4,1.36,3.98,0.69,0.71,2021-11-28,Yaounde_peri,2021,11,332,47,4.54,59.760000000000005,163.54999999999998,587.21,1.358646938451283,-0.08966666666666256,24.71,equatorial
15.53,24.54,28.86,20.96,83.17,2.93,1.24,5.28,0.69,0.72,2021-11-29,Yaounde_peri,2021,11,333,48,6.81,60.86,162.57,579.74,1.3167763948957927,0.5210000000000008,24.61,equatorial
16.07,24.51,28.72,20.74,84.04,3.28,1.55,5.03,0.69,0.71,2021-11-30,Yaounde_peri,2021,11,334,48,9.37,62.12,163.01999999999998,546.9499999999999,1.1356264583470979,0.4650000000000034,24.54,equatorial
16.14,24.7,29.18,20.97,82.03,1.15,1.22,4.97,0.69,0.71,2021-12-01,Yaounde_peri,2021,12,335,48,9.95,57.72,159.58,523.27,1.00478485034291,0.6033333333333317,24.7,equatorial
16.56,24.02,27.84,21.35,87.38,0.78,1.76,3.98,0.68,0.7,2021-12-02,Yaounde_peri,2021,12,336,48,10.509999999999998,48.82999999999999,157.9,519.53,0.983799883143053,-0.10866666666666802,24.7,equatorial
9.59,24.03,28.11,20.98,87.3,5.96,1.34,4.05,0.69,0.72,2021-12-03,Yaounde_peri,2021,12,337,48,16.34,42.24999999999999,153.53,524.9200000000001,1.0130848447226597,-0.1369999999999969,24.7,equatorial
22.0,24.89,29.11,21.17,84.04,1.29,1.52,3.99,0.69,0.71,2021-12-04,Yaounde_peri,2021,12,338,48,16.79,28.93,153.74,525.54,1.0160917453832394,0.6816666666666684,24.89,equatorial
17.28,24.29,28.09,21.67,88.56,2.47,1.18,2.77,0.69,0.71,2021-12-05,Yaounde_peri,2021,12,339,48,17.86,22.4,155.21,527.7,1.0275724654129499,0.0853333333333346,24.89,equatorial
13.72,24.47,28.67,21.68,84.89,1.0,1.19,3.72,0.69,0.71,2021-12-06,Yaounde_peri,2021,12,340,49,15.93,22.74,154.2,528.22,1.030017389149356,0.264999999999997,24.89,equatorial
17.34,24.42,28.66,20.94,85.46,0.73,1.22,3.58,0.69,0.7,2021-12-07,Yaounde_peri,2021,12,341,49,13.38,22.75,125.88000000000001,526.4300000000001,1.0197465707575875,0.18133333333333468,24.89,equatorial
17.79,25.1,29.27,21.93,80.91,0.29,1.05,4.46,0.68,0.7,2021-12-08,Yaounde_peri,2021,12,342,49,12.52,22.47,123.74,523.82,1.0049710710386588,0.8273333333333319,25.1,equatorial
20.88,24.39,29.35,20.97,82.29,0.09,1.96,5.0,0.68,0.69,2021-12-09,Yaounde_peri,2021,12,343,49,11.830000000000002,22.34,120.25,512.61,0.9428715480506766,0.1316666666666677,25.1,equatorial
19.99,23.91,29.22,19.37,79.85,0.02,2.1,5.39,0.67,0.69,2021-12-10,Yaounde_peri,2021,12,344,49,5.890000000000001,22.23,108.71,505.59,0.9038784755141003,-0.33133333333333326,25.1,equatorial
18.05,24.45,29.28,19.64,76.28,0.03,1.52,4.63,0.67,0.68,2021-12-11,Yaounde_peri,2021,12,345,49,4.63,21.419999999999998,94.28,500.47,0.8753694892097588,0.2079999999999984,25.1,equatorial
19.27,24.62,29.64,20.72,77.55,0.0,1.71,4.86,0.66,0.68,2021-12-12,Yaounde_peri,2021,12,346,49,2.16,20.02,90.03999999999999,496.79,0.8548052591003648,0.37033333333333474,25.1,equatorial
19.51,24.65,29.78,20.49,77.12,0.0,1.45,5.19,0.66,0.67,2021-12-13,Yaounde_peri,2021,12,347,50,1.16,17.09,80.85,494.94,0.844328375055077,0.3703333333333312,25.1,equatorial
18.78,24.47,29.71,20.08,75.92,0.0,1.36,5.09,0.66,0.67,2021-12-14,Yaounde_peri,2021,12,348,50,0.43,13.81,79.78,491.85,0.8270298265430872,0.18633333333333368,25.1,equatorial
13.79,23.76,28.94,19.89,82.01,0.0,1.55,4.15,0.65,0.67,2021-12-15,Yaounde_peri,2021,12,349,50,0.13999999999999999,12.66,77.95,479.81,0.760455361157687,-0.516333333333332,24.65,equatorial
14.37,23.44,27.72,19.87,81.04,0.0,1.73,2.96,0.65,0.67,2021-12-16,Yaounde_peri,2021,12,350,50,0.05,11.88,75.92999999999999,471.47,0.7142874176326001,-0.8379999999999974,24.65,equatorial
19.51,24.06,29.1,20.02,78.4,2.33,1.21,4.54,0.65,0.68,2021-12-17,Yaounde_peri,2021,12,351,50,2.36,8.25,72.71,471.15,0.7123127774690796,-0.23733333333333206,24.65,equatorial
16.55,23.89,28.73,19.04,77.98,3.56,1.52,4.63,0.66,0.69,2021-12-18,Yaounde_peri,2021,12,352,50,5.890000000000001,10.52,66.6,468.74,0.6988259624641517,-0.429666666666666,24.65,equatorial
19.14,24.42,29.38,19.08,77.41,0.34,2.1,4.93,0.66,0.67,2021-12-19,Yaounde_peri,2021,12,353,50,6.23,8.39,54.400000000000006,455.26,0.6243551016565067,0.09766666666666879,24.65,equatorial
21.1,24.76,30.06,20.26,81.41,1.0,2.57,5.16,0.65,0.67,2021-12-20,Yaounde_peri,2021,12,354,51,7.23,8.39,40.790000000000006,446.73,0.5771818588316057,0.4130000000000038,24.76,equatorial
21.06,24.42,29.73,20.35,80.7,2.17,2.48,5.01,0.65,0.67,2021-12-21,Yaounde_peri,2021,12,355,51,9.4,9.83,33.96,439.06,0.5347599951462376,0.04566666666666919,24.76,equatorial
20.09,23.96,28.37,20.61,81.3,2.05,2.63,4.77,0.65,0.68,2021-12-22,Yaounde_peri,2021,12,356,51,11.45,11.59,35.35,439.83,0.5388693428783051,-0.3893333333333331,24.76,equatorial
19.11,23.26,28.67,18.85,82.51,0.17,2.6,4.51,0.65,0.66,2021-12-23,Yaounde_peri,2021,12,357,51,11.620000000000001,11.67,34.8,425.81,0.46144177346435866,-1.0443333333333342,24.76,equatorial
17.37,23.92,29.17,19.24,76.91,0.25,1.81,4.68,0.65,0.66,2021-12-24,Yaounde_peri,2021,12,358,51,9.540000000000001,11.9,34.48,419.88,0.42863434601841,-0.36599999999999966,24.76,equatorial
16.03,23.92,29.13,19.46,83.56,1.43,1.56,4.6,0.65,0.66,2021-12-25,Yaounde_peri,2021,12,359,51,7.409999999999999,13.3,35.69,418.38,0.4202625860183464,-0.3460000000000001,24.76,equatorial
16.47,24.3,28.91,21.13,84.02,2.02,1.51,4.2,0.65,0.67,2021-12-26,Yaounde_peri,2021,12,360,51,9.09,15.32,37.580000000000005,399.58,0.3164663929834015,0.04200000000000159,24.76,equatorial
14.08,23.99,28.02,20.79,84.25,1.83,1.27,3.58,0.65,0.66,2021-12-27,Yaounde_peri,2021,12,361,52,9.92,17.15,38.57,395.09,0.2916267200895777,-0.2593333333333341,24.42,equatorial
12.42,23.0,25.88,21.15,90.26,0.31,1.14,1.46,0.65,0.66,2021-12-28,Yaounde_peri,2021,12,362,52,8.06,17.46,37.480000000000004,390.68,0.26723007758007183,-1.2186666666666675,24.3,equatorial
17.55,22.96,26.17,20.09,85.35,0.64,1.38,1.97,0.65,0.67,2021-12-29,Yaounde_peri,2021,12,363,52,6.65,18.1,35.19,388.86999999999995,0.25718447366902586,-1.2059999999999995,24.3,equatorial
18.78,23.93,29.01,20.28,77.48,0.03,1.61,4.61,0.65,0.66,2021-12-30,Yaounde_peri,2021,12,364,52,6.51,18.13,31.94,375.15,0.18139391227016077,-0.21666666666666856,24.3,equatorial
17.27,23.84,28.81,19.49,81.17,0.44,1.09,3.92,0.64,0.65,2021-12-31,Yaounde_peri,2021,12,365,52,6.7,16.240000000000002,31.23,373.23,0.1707564135487359,-0.27800000000000225,24.3,equatorial
14.46,23.68,27.83,21.04,85.34,0.33,1.35,3.43,0.64,0.65,2022-01-01,Yaounde_peri,2022,1,1,52,5.6,13.01,30.78,370.87,0.15768932760186163,-0.4266666666666694,24.3,equatorial
19.67,24.54,29.27,20.58,77.44,0.08,1.5,4.38,0.64,0.65,2022-01-02,Yaounde_peri,2022,1,2,52,3.66,12.75,24.9,339.21000000000004,-0.01721519574583499,0.41633333333333056,24.54,equatorial
18.69,23.96,29.13,19.62,73.8,0.04,1.55,4.53,0.63,0.64,2022-01-03,Yaounde_peri,2022,1,3,1,1.8699999999999999,11.79,23.65,334.03999999999996,-0.04577384767155432,-0.13266666666666538,24.54,equatorial
18.78,24.1,29.47,20.1,77.54,0.0,1.34,4.49,0.63,0.64,2022-01-04,Yaounde_peri,2022,1,4,1,1.5599999999999998,9.62,21.18,332.16999999999996,-0.05609784253800769,0.013666666666665606,24.54,equatorial
16.61,24.11,28.84,20.16,79.84,0.02,1.61,3.98,0.62,0.63,2022-01-05,Yaounde_peri,2022,1,5,1,0.94,7.59,20.200000000000003,329.74,-0.06951677497487815,0.03566666666666407,24.54,equatorial
19.04,24.68,29.77,19.7,75.21,0.0,1.74,4.66,0.62,0.63,2022-01-06,Yaounde_peri,2022,1,6,1,0.9099999999999999,7.42,19.470000000000002,324.3,-0.09957425664425579,0.5969999999999978,24.68,equatorial
17.94,24.69,29.85,19.46,76.35,0.03,1.57,4.55,0.62,0.62,2022-01-07,Yaounde_peri,2022,1,7,1,0.5,7.2,19.21,316.63,-0.14196071030732285,0.6206666666666649,24.69,equatorial
18.14,24.67,30.14,20.21,81.88,0.21,1.5,4.19,0.61,0.62,2022-01-08,Yaounde_peri,2022,1,8,1,0.38,5.9799999999999995,19.33,305.0,-0.20624437863678435,0.5913333333333348,24.69,equatorial
16.23,24.51,29.0,21.62,85.41,0.63,1.7,3.26,0.61,0.62,2022-01-09,Yaounde_peri,2022,1,9,1,0.9299999999999999,4.59,19.939999999999998,297.96,-0.2451392856291447,0.4113333333333351,24.69,equatorial
17.13,24.57,29.21,21.27,84.24,0.41,1.58,3.39,0.61,0.62,2022-01-10,Yaounde_peri,2022,1,10,2,1.3,3.17,20.32,291.82,-0.2790536339813548,0.4673333333333325,24.69,equatorial
16.29,25.1,30.61,21.01,78.26,0.2,1.54,4.53,0.61,0.62,2022-01-11,Yaounde_peri,2022,1,11,2,1.5,3.06,20.52,290.35999999999996,-0.2870728408530769,0.9813333333333354,25.1,equatorial
15.63,24.38,29.61,20.9,83.07,0.19,1.65,3.69,0.61,0.61,2022-01-12,Yaounde_peri,2022,1,12,2,1.67,2.61,20.71,290.02,-0.2888938339516449,0.2703333333333333,25.1,equatorial
16.2,23.86,27.72,21.18,86.57,0.4,1.82,2.68,0.61,0.62,2022-01-13,Yaounde_peri,2022,1,13,2,2.07,2.98,21.110000000000003,289.33000000000004,-0.29265187800076187,-0.22933333333333294,25.1,equatorial
14.45,24.24,28.56,21.44,86.22,0.46,1.93,2.99,0.61,0.62,2022-01-14,Yaounde_peri,2022,1,14,2,2.5,3.0,21.57,287.89,-0.300561437850364,0.13466666666666782,25.1,equatorial
16.68,24.27,29.38,21.21,83.73,0.85,1.72,3.57,0.61,0.62,2022-01-15,Yaounde_peri,2022,1,15,2,3.14,3.52,22.42,287.03000000000003,-0.30525923575234615,0.13700000000000045,25.1,equatorial
15.23,24.18,29.41,20.37,83.15,0.04,2.5,4.26,0.6,0.61,2022-01-16,Yaounde_peri,2022,1,16,2,2.55,3.48,20.13,281.69,-0.3347649665966102,0.04299999999999926,25.1,equatorial
12.23,23.32,27.26,20.28,84.94,0.03,2.09,2.87,0.6,0.61,2022-01-17,Yaounde_peri,2022,1,17,3,2.1700000000000004,3.4699999999999998,16.6,269.72,-0.4009874095236884,-0.7979999999999983,25.1,equatorial
17.43,23.49,27.68,20.43,81.73,0.01,1.33,2.54,0.6,0.61,2022-01-18,Yaounde_peri,2022,1,18,3,1.98,3.48,16.27,256.08,-0.4764507403670564,-0.5970000000000013,24.38,equatorial
20.04,23.38,29.15,19.27,70.06,0.0,2.52,4.68,0.6,0.6,2022-01-19,Yaounde_peri,2022,1,19,3,1.79,3.46,15.27,250.09,-0.5095206797454206,-0.6610000000000014,24.27,equatorial
20.7,23.39,29.95,17.32,65.87,0.0,2.36,4.82,0.59,0.6,2022-01-20,Yaounde_peri,2022,1,20,3,1.3900000000000001,3.46,13.100000000000001,244.68,-0.5393702406466965,-0.6166666666666671,24.27,equatorial
20.74,24.41,30.61,18.72,65.23,0.0,1.82,4.7,0.59,0.59,2022-01-21,Yaounde_peri,2022,1,21,3,0.93,3.43,11.05,226.37,-0.6406912392514102,0.3883333333333354,24.41,equatorial
21.66,24.66,30.96,18.97,73.63,0.01,1.23,4.42,0.58,0.59,2022-01-22,Yaounde_peri,2022,1,22,3,0.09000000000000011,3.23,10.89,224.37,-0.6515989316007534,0.5916666666666686,24.66,equatorial
20.48,24.63,30.37,19.74,75.08,0.08,1.43,4.27,0.58,0.59,2022-01-23,Yaounde_peri,2022,1,23,3,0.13000000000000012,2.6799999999999997,10.72,218.65,-0.683119079586187,0.5380000000000003,24.66,equatorial
20.62,25.13,31.49,19.96,73.4,0.04,1.7,4.46,0.58,0.58,2022-01-24,Yaounde_peri,2022,1,24,4,0.1400000000000001,2.31,9.33,215.27,-0.7016584173225364,0.9976666666666638,25.13,equatorial
20.3,24.45,30.78,20.19,76.31,0.15,1.43,4.33,0.57,0.58,2022-01-25,Yaounde_peri,2022,1,25,4,0.2800000000000001,2.26,7.46,211.66,-0.7214654942459489,0.3126666666666651,25.13,equatorial
19.79,24.36,30.65,20.26,68.48,0.01,1.92,4.64,0.57,0.57,2022-01-26,Yaounde_peri,2022,1,26,4,0.2900000000000001,2.08,5.64,208.56,-0.738437456557791,0.21033333333333104,25.13,equatorial
18.42,24.44,31.11,19.3,74.23,0.01,1.37,4.16,0.57,0.57,2022-01-27,Yaounde_peri,2022,1,27,4,0.3000000000000001,1.69,5.340000000000001,206.36999999999998,-0.7503574736114349,0.24233333333333462,25.13,equatorial
19.13,24.81,31.41,20.36,72.99,0.02,2.18,4.38,0.56,0.57,2022-01-28,Yaounde_peri,2022,1,28,4,0.32000000000000006,1.25,4.72,202.48,-0.7716973020465598,0.5506666666666611,25.13,equatorial
21.25,23.71,31.58,16.33,63.39,0.0,2.37,4.56,0.56,0.56,2022-01-29,Yaounde_peri,2022,1,29,4,0.31000000000000005,0.39999999999999997,4.69,199.65,-0.7871501260109148,-0.541999999999998,25.13,equatorial
18.22,23.9,31.0,18.19,61.58,0.0,2.16,4.45,0.56,0.56,2022-01-30,Yaounde_peri,2022,1,30,4,0.2300000000000001,0.36,4.25,195.06,-0.8123542798530384,-0.3539999999999992,25.13,equatorial
20.81,24.19,31.2,18.28,55.19,0.0,1.45,4.54,0.55,0.55,2022-01-31,Yaounde_peri,2022,1,31,5,0.19000000000000009,0.32999999999999996,3.92,192.6,-0.8257346026785266,-0.08099999999999952,24.81,equatorial
16.11,23.01,29.95,17.59,74.71,0.11,1.58,3.67,0.55,0.55,2022-02-01,Yaounde_peri,2022,2,32,5,0.15000000000000008,0.42999999999999994,3.9499999999999997,182.38000000000002,-0.8821383146085237,-1.2100000000000009,24.81,equatorial
18.87,23.86,29.68,20.0,79.0,1.91,1.95,3.78,0.55,0.57,2022-02-02,Yaounde_peri,2022,2,33,5,2.05,2.34,5.82,183.21,-0.8772329619454806,-0.3566666666666656,24.81,equatorial
15.72,24.16,29.33,20.72,82.41,2.15,1.9,3.6,0.55,0.57,2022-02-03,Yaounde_peri,2022,2,34,5,4.19,4.49,7.97,184.35999999999999,-0.8705560546167189,-0.05866666666666376,24.81,equatorial
18.3,24.5,30.06,20.63,78.34,1.36,1.26,3.32,0.56,0.57,2022-02-04,Yaounde_peri,2022,2,35,5,5.53,5.85,9.31,183.71,-0.8738657008850933,0.2683333333333344,24.5,equatorial
18.42,24.68,31.19,19.89,64.08,0.0,1.4,4.5,0.55,0.56,2022-02-05,Yaounde_peri,2022,2,36,5,5.53,5.84,9.31,154.66,-1.034668395350386,0.4483333333333306,24.68,equatorial
19.22,24.35,31.29,18.92,65.72,0.0,1.11,3.83,0.55,0.55,2022-02-06,Yaounde_peri,2022,2,37,5,5.53,5.76,9.28,152.23,-1.0477298441802152,0.12966666666667237,24.68,equatorial
21.5,24.59,31.9,19.05,70.47,0.0,1.87,4.06,0.55,0.55,2022-02-07,Yaounde_peri,2022,2,38,6,5.53,5.72,9.07,148.65,-1.067156720813982,0.3723333333333336,24.68,equatorial
19.04,25.1,31.84,19.96,74.2,0.0,1.3,3.79,0.54,0.55,2022-02-08,Yaounde_peri,2022,2,39,6,5.420000000000001,5.569999999999999,8.44,137.09,-1.130809691904894,0.8626666666666694,25.1,equatorial
18.87,25.28,31.89,20.75,75.62,0.0,1.55,3.95,0.54,0.54,2022-02-09,Yaounde_peri,2022,2,40,6,3.5100000000000007,5.56,8.03,122.63,-1.2104729159497538,1.019000000000002,25.28,equatorial
19.68,25.44,32.54,20.67,67.84,0.0,1.47,4.26,0.54,0.54,2022-02-10,Yaounde_peri,2022,2,41,6,1.3600000000000005,5.55,7.83,118.39,-1.233399495511183,1.1676666666666655,25.44,equatorial
20.57,25.09,31.86,20.24,75.88,0.0,1.58,3.53,0.54,0.54,2022-02-11,Yaounde_peri,2022,2,42,6,0.0,5.529999999999999,7.640000000000001,109.2,-1.2837303712070955,0.7940000000000005,25.44,equatorial
19.53,25.4,32.06,20.67,76.3,0.0,1.66,3.63,0.53,0.53,2022-02-12,Yaounde_peri,2022,2,43,6,0.0,5.529999999999999,7.24,108.13,-1.2890055787305479,1.0526666666666635,25.44,equatorial
17.84,25.39,31.64,21.13,76.01,0.0,2.04,3.38,0.53,0.53,2022-02-13,Yaounde_peri,2022,2,44,6,0.0,5.529999999999999,6.78,106.3,-1.2984846519758282,1.0043333333333315,25.44,equatorial
20.31,26.06,33.18,21.07,72.53,0.0,1.68,3.82,0.53,0.53,2022-02-14,Yaounde_peri,2022,2,45,7,0.0,5.529999999999999,5.93,104.28,-1.3090039949338093,1.6146666666666647,26.06,equatorial
19.32,26.2,32.9,21.49,74.04,0.03,1.84,3.77,0.53,0.52,2022-02-15,Yaounde_peri,2022,2,46,7,0.030000000000000443,5.45,5.92,98.76,-1.3388936679619645,1.6873333333333314,26.2,equatorial
17.73,25.63,31.66,21.57,75.71,0.1,2.37,3.45,0.53,0.52,2022-02-16,Yaounde_peri,2022,2,47,7,0.13000000000000045,3.64,5.99,89.19,-1.391166629001544,1.0403333333333293,26.2,equatorial
19.14,25.74,32.48,21.08,73.32,0.05,2.34,3.69,0.52,0.52,2022-02-17,Yaounde_peri,2022,2,48,7,0.18000000000000044,1.54,6.03,76.7,-1.459523188258282,1.0753333333333295,26.2,equatorial
19.03,25.55,31.77,21.25,75.69,0.03,2.38,3.09,0.52,0.52,2022-02-18,Yaounde_peri,2022,2,49,7,0.21000000000000046,0.21000000000000002,6.0600000000000005,62.12,-1.539328956138545,0.8129999999999988,26.2,equatorial
17.69,25.5,31.15,21.75,77.18,0.05,2.6,2.93,0.52,0.52,2022-02-19,Yaounde_peri,2022,2,50,7,0.26000000000000045,0.26,6.11,53.17,-1.5878430108247503,0.6926666666666641,26.2,equatorial
17.25,25.13,30.69,21.66,75.7,0.04,1.67,2.74,0.52,0.52,2022-02-20,Yaounde_peri,2022,2,51,7,0.30000000000000043,0.3,6.15,52.55,-1.590200053199499,0.2986666666666693,26.2,equatorial
20.28,25.86,33.13,21.06,68.34,0.01,1.57,3.58,0.52,0.51,2022-02-21,Yaounde_peri,2022,2,52,8,0.31000000000000044,0.31,6.1499999999999995,51.84,-1.5930501494345626,0.988666666666667,26.2,equatorial
17.92,25.92,33.06,20.66,72.69,0.03,1.6,3.43,0.52,0.51,2022-02-22,Yaounde_peri,2022,2,53,8,0.3100000000000005,0.34,6.1,51.3,-1.5949552879979405,1.0056666666666665,25.92,equatorial
18.3,25.89,32.01,21.7,75.0,0.04,2.18,3.07,0.52,0.51,2022-02-23,Yaounde_peri,2022,2,54,8,0.25000000000000044,0.38,6.1,51.120000000000005,-1.5948678609542888,0.950333333333333,25.92,equatorial
17.45,26.37,32.9,21.74,71.77,0.05,1.66,3.41,0.51,0.51,2022-02-24,Yaounde_peri,2022,2,55,8,0.25000000000000044,0.43,6.0,51.04,-1.594228376167594,1.3663333333333334,26.37,equatorial
19.82,26.81,34.0,21.51,70.94,0.03,1.33,3.47,0.51,0.5,2022-02-25,Yaounde_peri,2022,2,56,8,0.25000000000000044,0.46,6.0200000000000005,50.230000000000004,-1.5976209865461448,1.7246666666666677,26.81,equatorial
20.66,26.84,33.58,21.97,70.36,0.02,1.3,3.18,0.51,0.5,2022-02-26,Yaounde_peri,2022,2,57,8,0.22000000000000045,0.48000000000000004,6.029999999999999,48.849999999999994,-1.6041533805360904,1.674666666666667,26.84,equatorial
15.66,26.8,33.43,22.17,72.55,0.21,1.64,3.12,0.51,0.5,2022-02-27,Yaounde_peri,2022,2,58,8,0.39000000000000046,0.69,6.22,46.129999999999995,-1.6180672105627407,1.5683333333333351,26.84,equatorial
18.03,25.58,30.89,22.24,76.82,0.18,2.51,2.2,0.51,0.5,2022-02-28,Yaounde_peri,2022,2,59,9,0.5600000000000004,0.87,6.4,43.03,-1.6340492393874306,0.2859999999999978,26.84,equatorial
19.23,25.95,32.16,21.64,75.22,0.05,2.51,2.65,0.51,0.5,2022-03-01,Yaounde_peri,2022,3,60,9,0.5800000000000004,0.89,6.45,41.93,-1.6389698466243035,0.5876666666666672,26.84,equatorial
19.27,25.64,31.0,21.74,78.44,0.93,2.49,2.55,0.51,0.5,2022-03-02,Yaounde_peri,2022,3,61,9,1.4700000000000006,1.7200000000000002,7.38,42.080000000000005,-1.63698967098048,0.22933333333333294,26.84,equatorial
17.6,25.19,29.67,22.28,81.71,1.26,2.53,2.23,0.51,0.52,2022-03-03,Yaounde_peri,2022,3,62,9,2.6800000000000006,2.9299999999999997,8.53,37.38,-1.6617406698070383,-0.293333333333333,26.84,equatorial
17.32,24.97,29.42,21.84,80.21,0.69,1.64,2.1,0.51,0.52,2022-03-04,Yaounde_peri,2022,3,63,9,3.3400000000000007,3.59,7.31,36.78,-1.663853694721932,-0.5503333333333345,26.84,equatorial
20.38,25.3,30.49,21.96,81.61,1.45,2.05,2.58,0.51,0.52,2022-03-05,Yaounde_peri,2022,3,64,9,4.7700000000000005,4.99,6.61,35.76,-1.6682751703715162,-0.25833333333333286,26.8,equatorial
20.8,25.23,30.47,22.16,81.73,2.02,1.98,2.64,0.52,0.54,2022-03-06,Yaounde_peri,2022,3,65,9,6.58,6.97,7.27,36.78,-1.6614571812620045,-0.3526666666666678,25.95,equatorial
18.0,24.28,27.69,21.82,86.99,7.31,2.23,2.26,0.52,0.57,2022-03-07,Yaounde_peri,2022,3,66,10,13.71,14.27,14.579999999999998,43.36,-1.6240546737740031,-1.2893333333333281,25.95,equatorial
18.76,24.94,29.79,21.76,84.94,4.81,1.9,2.87,0.53,0.58,2022-03-08,Yaounde_peri,2022,3,67,10,18.47,19.05,19.39,47.88,-1.598060612450849,-0.6490000000000009,25.64,equatorial
17.08,24.48,28.06,22.35,89.01,11.11,1.89,2.28,0.55,0.62,2022-03-09,Yaounde_peri,2022,3,68,10,28.65,30.12,30.5,58.9,-1.5363607249385711,-1.1053333333333342,25.3,equatorial
7.54,23.9,26.76,22.19,91.08,8.85,1.55,1.76,0.57,0.64,2022-03-10,Yaounde_peri,2022,3,69,10,36.239999999999995,38.92,39.349999999999994,67.73,-1.4868140221163808,-1.6453333333333369,25.3,equatorial
16.16,23.77,27.06,21.66,90.29,6.36,1.92,2.29,0.58,0.63,2022-03-11,Yaounde_peri,2022,3,70,10,41.910000000000004,45.25,45.71,74.06,-1.4510969462753018,-1.7250000000000014,25.3,equatorial
15.42,23.36,25.8,21.59,92.17,0.6,1.68,1.27,0.59,0.61,2022-03-12,Yaounde_peri,2022,3,71,10,41.059999999999995,45.83,46.309999999999995,74.66,-1.446940999839457,-2.065666666666665,25.23,equatorial
14.22,24.99,29.81,21.46,82.41,0.17,1.25,3.62,0.58,0.59,2022-03-13,Yaounde_peri,2022,3,72,10,39.21,45.79,46.48,74.83,-1.4451554989631838,-0.43233333333333235,24.99,equatorial
16.86,24.54,28.12,21.75,84.71,0.05,1.23,2.13,0.58,0.58,2022-03-14,Yaounde_peri,2022,3,73,11,31.95,45.660000000000004,46.53,74.88,-1.44403247787456,-0.8536666666666655,24.99,equatorial
10.95,24.47,28.2,22.38,86.49,0.31,2.08,2.44,0.57,0.58,2022-03-15,Yaounde_peri,2022,3,74,11,27.450000000000003,45.92,46.839999999999996,75.19,-1.4414827606584646,-0.8930000000000007,24.99,equatorial
18.59,24.88,29.93,22.13,83.23,0.32,1.81,3.18,0.57,0.57,2022-03-16,Yaounde_peri,2022,3,75,11,16.66,45.309999999999995,47.16,75.51,-1.4388822767813194,-0.4436666666666689,24.99,equatorial
18.03,24.7,28.92,21.66,83.33,1.4,1.56,2.92,0.56,0.58,2022-03-17,Yaounde_peri,2022,3,76,11,9.210000000000003,45.45,48.529999999999994,74.58,-1.4431516334686587,-0.5736666666666679,24.99,equatorial
17.12,25.22,29.92,20.83,78.46,0.59,1.15,3.53,0.56,0.57,2022-03-18,Yaounde_peri,2022,3,77,11,3.4400000000000017,45.35,49.019999999999996,71.61,-1.4586164919467803,-0.03999999999999915,25.22,equatorial
15.69,25.33,30.6,21.11,80.49,2.22,1.28,3.97,0.55,0.57,2022-03-19,Yaounde_peri,2022,3,78,11,5.060000000000002,46.12,51.19,73.49,-1.4474298520998914,0.08366666666666589,25.33,equatorial
16.05,24.82,29.49,21.87,84.35,2.55,1.75,3.53,0.55,0.58,2022-03-20,Yaounde_peri,2022,3,79,11,7.440000000000001,46.65,53.709999999999994,75.03999999999999,-1.4380724349794043,-0.40199999999999747,25.33,equatorial
16.37,24.93,29.89,21.35,84.16,1.0,2.05,3.63,0.55,0.56,2022-03-21,Yaounde_peri,2022,3,80,12,8.390000000000002,40.34,54.66,73.86999999999999,-1.4436570382336606,-0.2729999999999997,25.33,equatorial
16.41,25.2,30.64,21.67,83.04,0.32,2.16,3.6,0.54,0.55,2022-03-22,Yaounde_peri,2022,3,81,12,8.400000000000002,35.85,54.94,72.14,-1.4523054904167232,-0.005333333333336299,25.33,equatorial
19.94,25.68,31.15,21.93,81.01,0.52,1.66,3.87,0.54,0.54,2022-03-23,Yaounde_peri,2022,3,82,12,8.600000000000001,25.26,55.449999999999996,72.49,-1.4495303304000537,0.48066666666666436,25.68,equatorial
18.36,25.58,30.12,22.2,82.51,1.63,1.35,2.99,0.54,0.55,2022-03-24,Yaounde_peri,2022,3,83,12,8.830000000000002,18.040000000000003,57.050000000000004,73.86999999999999,-1.4411107222085628,0.39199999999999946,25.68,equatorial
16.32,25.55,28.73,22.64,79.96,1.38,1.28,2.22,0.54,0.55,2022-03-25,Yaounde_peri,2022,3,84,12,9.620000000000001,13.059999999999999,58.38999999999999,73.82000000000001,-1.440545739179943,0.37333333333333485,25.68,equatorial
20.54,26.83,33.42,20.65,72.69,0.62,1.81,4.84,0.53,0.54,2022-03-26,Yaounde_peri,2022,3,85,12,8.020000000000001,13.08,58.96,72.41999999999999,-1.4473828160788351,1.6379999999999981,26.83,equatorial
17.94,26.72,32.97,22.41,77.14,1.27,1.67,4.57,0.53,0.53,2022-03-27,Yaounde_peri,2022,3,86,12,6.740000000000002,14.18,60.199999999999996,71.86,-1.4496050907245253,1.5309999999999988,26.83,equatorial
18.47,26.43,32.66,22.02,75.63,0.51,1.82,4.36,0.52,0.52,2022-03-28,Yaounde_peri,2022,3,87,13,6.250000000000002,14.64,60.69,72.05999999999999,-1.4476592401295452,1.2546666666666653,26.83,equatorial
18.27,25.97,32.17,21.79,76.95,0.66,2.11,4.1,0.52,0.51,2022-03-29,Yaounde_peri,2022,3,88,13,6.590000000000002,14.99,61.14,72.08,-1.4467028012001635,0.8223333333333294,26.83,equatorial
19.23,26.79,33.63,21.52,73.26,0.18,1.3,3.99,0.51,0.51,2022-03-30,Yaounde_peri,2022,3,89,13,6.250000000000001,14.85,61.14,72.23,-1.4450359209748094,1.6020000000000003,26.83,equatorial
16.92,26.33,31.57,22.44,78.0,1.88,1.25,3.08,0.51,0.51,2022-03-31,Yaounde_peri,2022,3,90,13,6.500000000000002,15.329999999999998,62.97,73.66999999999999,-1.4363069886041757,1.1293333333333315,26.83,equatorial
13.01,24.07,27.08,22.07,89.12,6.64,1.95,2.05,0.51,0.56,2022-04-01,Yaounde_peri,2022,4,91,13,11.760000000000002,21.38,68.67999999999999,79.97999999999999,-1.4009249065557177,-1.0783333333333296,26.83,equatorial
18.17,24.05,28.24,21.39,84.41,2.0,2.17,2.76,0.52,0.54,2022-04-02,Yaounde_peri,2022,4,92,13,13.14,21.16,69.41999999999999,81.89999999999999,-1.3896299566118957,-1.0603333333333325,26.79,equatorial
18.12,24.0,27.67,21.43,85.81,1.8,2.34,2.37,0.52,0.54,2022-04-03,Yaounde_peri,2022,4,93,13,13.670000000000002,20.41,70.52999999999999,83.66,-1.3792273830635198,-1.0779999999999959,26.79,equatorial
11.16,24.01,27.9,21.43,81.73,2.06,1.79,2.96,0.52,0.54,2022-04-04,Yaounde_peri,2022,4,94,14,15.22,21.47,71.14,85.72,-1.3671978407001022,-1.0250000000000021,26.79,equatorial
20.53,25.08,30.25,21.01,81.61,1.25,1.49,3.39,0.52,0.53,2022-04-05,Yaounde_peri,2022,4,95,14,15.81,22.4,70.36999999999999,86.94999999999999,-1.3597274364508807,0.05000000000000071,26.79,equatorial
19.54,25.12,30.54,21.69,81.21,0.46,1.43,2.84,0.52,0.53,2022-04-06,Yaounde_peri,2022,4,96,14,16.09,22.34,63.52,87.41,-1.3564806916332657,0.062000000000001165,26.33,equatorial
18.63,25.84,31.42,21.44,79.05,0.78,1.4,3.5,0.52,0.52,2022-04-07,Yaounde_peri,2022,4,97,14,14.990000000000002,21.490000000000002,59.489999999999995,88.16,-1.351652084644651,0.7519999999999989,25.84,equatorial
15.42,25.7,30.34,22.3,81.91,1.38,1.44,2.67,0.51,0.52,2022-04-08,Yaounde_peri,2022,4,98,14,9.73,21.49,49.76,89.33,-1.3445328870868223,0.5713333333333352,25.84,equatorial
13.72,24.49,27.86,22.44,86.65,0.93,1.99,1.71,0.51,0.53,2022-04-09,Yaounde_peri,2022,4,99,14,8.660000000000002,21.8,41.839999999999996,89.63000000000001,-1.3421816822351786,-0.6583333333333314,25.84,equatorial
22.31,26.08,32.47,21.68,74.87,0.43,1.24,3.99,0.51,0.51,2022-04-10,Yaounde_peri,2022,4,100,14,7.290000000000001,20.96,35.91,89.64999999999999,-1.3413649569043689,0.8546666666666667,26.08,equatorial
15.64,26.22,31.47,22.06,74.55,0.46,0.81,3.51,0.51,0.51,2022-04-11,Yaounde_peri,2022,4,101,15,5.690000000000001,20.91,35.77,89.91,-1.3392372912905757,0.8993333333333311,26.22,equatorial
18.02,25.68,31.04,22.22,78.07,1.09,1.05,2.83,0.51,0.51,2022-04-12,Yaounde_peri,2022,4,102,15,5.530000000000001,21.34,36.69,90.80999999999999,-1.333613936359091,0.3363333333333358,26.22,equatorial
12.88,24.4,28.17,22.14,86.12,2.77,2.55,2.32,0.51,0.52,2022-04-13,Yaounde_peri,2022,4,103,15,7.840000000000001,23.93,39.41,93.18,-1.3199631622756072,-0.9390000000000001,26.22,equatorial
15.73,23.95,27.85,21.23,83.77,1.03,1.43,2.16,0.51,0.52,2022-04-14,Yaounde_peri,2022,4,104,15,8.09,23.080000000000002,40.13,93.74999999999999,-1.3161679794312888,-1.3716666666666661,26.22,equatorial
13.67,24.62,29.68,21.12,80.4,0.56,1.96,2.69,0.51,0.51,2022-04-15,Yaounde_peri,2022,4,105,15,7.2700000000000005,17.0,40.370000000000005,93.46,-1.3170774458813566,-0.6929999999999978,26.22,equatorial
17.82,25.31,29.93,21.3,81.17,6.05,1.37,3.6,0.51,0.56,2022-04-16,Yaounde_peri,2022,4,106,15,12.39,21.05,45.02,99.46999999999998,-1.2835629305505094,-0.023333333333329875,26.22,equatorial
9.92,25.97,31.58,21.62,79.48,5.03,1.55,4.44,0.52,0.54,2022-04-17,Yaounde_peri,2022,4,107,15,16.990000000000002,24.28,49.46,104.47,-1.2556075543994172,0.6116666666666646,26.22,equatorial
16.9,24.31,27.38,22.49,89.83,17.11,2.0,2.68,0.53,0.62,2022-04-18,Yaounde_peri,2022,4,108,16,33.64,39.33,64.35,121.57,-1.1615762518982926,-1.0143333333333366,25.97,equatorial
15.37,23.13,25.4,21.59,92.57,35.99,1.63,2.46,0.6,0.76,2022-04-19,Yaounde_peri,2022,4,109,16,68.54,74.07000000000001,97.79,157.56,-0.9644125676132403,-2.1380000000000052,25.97,equatorial
19.23,23.68,26.89,20.96,88.28,2.08,1.03,2.71,0.62,0.64,2022-04-20,Yaounde_peri,2022,4,110,16,67.85000000000001,75.69,98.87,159.64000000000001,-0.9526968653210497,-1.5463333333333331,25.97,equatorial
18.15,23.75,27.25,21.39,90.89,2.51,1.63,3.15,0.61,0.64,2022-04-21,Yaounde_peri,2022,4,111,16,69.33000000000001,77.42000000000002,101.06,162.15,-0.9386392432610187,-1.4279999999999973,25.97,equatorial
17.88,24.32,27.86,21.72,89.14,1.56,1.79,3.39,0.61,0.62,2022-04-22,Yaounde_peri,2022,4,112,16,70.33000000000001,77.60000000000001,102.10000000000001,163.70000000000002,-0.9298375301558047,-0.8126666666666686,25.97,equatorial
16.2,23.82,26.42,21.99,92.33,3.68,1.89,2.31,0.6,0.63,2022-04-23,Yaounde_peri,2022,4,113,16,67.96000000000001,80.35000000000001,104.15,167.3,-0.9098375150454673,-1.2539999999999978,25.97,equatorial
15.83,23.44,25.98,21.83,93.39,3.59,2.1,1.97,0.6,0.63,2022-04-24,Yaounde_peri,2022,4,114,16,66.52,83.51,106.36,170.85,-0.8901231115115181,-1.5636666666666663,24.32,equatorial
17.03,24.3,28.4,21.11,87.41,2.65,1.19,3.62,0.6,0.62,2022-04-25,Yaounde_peri,2022,4,115,17,52.06,85.7,108.39,173.35,-0.8761596703860579,-0.61933333333333,24.32,equatorial
16.32,24.02,27.49,21.58,90.1,1.86,1.92,2.72,0.59,0.61,2022-04-26,Yaounde_peri,2022,4,116,17,17.93,86.47000000000001,108.98,175.20000000000002,-0.8657573877556612,-0.8093333333333348,24.32,equatorial
13.57,23.69,27.37,20.91,88.38,3.0,2.15,3.87,0.59,0.62,2022-04-27,Yaounde_peri,2022,4,117,17,18.85,86.70000000000002,111.47,178.19,-0.8491290338239895,-1.0479999999999983,24.32,equatorial
19.38,23.64,27.27,21.42,87.73,1.4,1.72,3.46,0.59,0.6,2022-04-28,Yaounde_peri,2022,4,118,17,17.740000000000002,87.07000000000001,112.21000000000001,179.57000000000002,-0.8413115147627513,-1.0203333333333298,24.32,equatorial
17.34,23.76,27.47,21.13,86.6,0.84,1.51,2.93,0.58,0.59,2022-04-29,Yaounde_peri,2022,4,119,17,17.02,87.35000000000001,112.87,180.41,-0.8364505701625887,-0.7993333333333297,24.3,equatorial
16.12,24.35,28.52,21.18,85.11,0.5,1.2,3.06,0.57,0.59,2022-04-30,Yaounde_peri,2022,4,120,17,13.84,81.80000000000001,111.49000000000001,180.91,-0.8334512671905955,-0.14333333333333442,24.35,equatorial
17.64,24.84,29.01,21.3,85.71,2.3,1.22,3.7,0.57,0.59,2022-05-01,Yaounde_peri,2022,5,121,17,12.549999999999999,79.07000000000001,107.15,183.21,-0.820611254660695,0.32099999999999795,24.84,equatorial
15.47,24.72,28.75,21.66,86.39,3.08,1.73,4.16,0.57,0.59,2022-05-02,Yaounde_peri,2022,5,122,18,12.979999999999999,65.04,108.23,186.18,-0.804113894450146,0.17866666666666475,24.84,equatorial
20.04,25.2,29.36,21.18,82.96,0.79,1.05,3.77,0.56,0.57,2022-05-03,Yaounde_peri,2022,5,123,18,11.91,29.840000000000007,107.22000000000001,185.06,-0.8099919399362131,0.6186666666666625,25.2,equatorial
19.53,24.48,27.9,21.84,86.54,2.23,1.26,2.86,0.56,0.58,2022-05-04,Yaounde_peri,2022,5,124,18,11.14,29.990000000000006,107.39,185.14,-0.8093042816798028,-0.11699999999999733,25.2,equatorial
17.79,25.2,30.16,20.86,82.39,1.97,1.59,4.97,0.55,0.57,2022-05-05,Yaounde_peri,2022,5,125,18,11.709999999999999,29.450000000000006,108.11000000000001,185.75,-0.8057182441610912,0.5990000000000002,25.2,equatorial
16.41,24.37,28.26,21.7,85.93,3.54,1.32,3.24,0.55,0.57,2022-05-06,Yaounde_peri,2022,5,126,18,14.41,31.430000000000007,111.19,189.29000000000002,-0.7861072311336867,-0.20599999999999952,25.2,equatorial
16.14,23.22,25.57,21.26,90.21,5.94,1.34,2.35,0.56,0.61,2022-05-07,Yaounde_peri,2022,5,127,18,19.85,33.69000000000001,116.35,195.23000000000002,-0.7533760952820792,-1.2686666666666682,25.2,equatorial
17.83,25.26,30.02,20.9,81.78,0.63,0.99,4.36,0.56,0.57,2022-05-08,Yaounde_peri,2022,5,128,18,18.18,30.730000000000004,115.60000000000001,195.86,-0.7497095214520095,0.7860000000000014,25.26,equatorial
17.95,24.75,28.0,22.35,87.33,1.37,1.18,2.19,0.55,0.57,2022-05-09,Yaounde_peri,2022,5,129,19,16.47,29.450000000000006,116.03999999999999,197.23000000000002,-0.7419957265746524,0.2673333333333332,25.26,equatorial
16.03,24.53,28.39,22.14,85.88,1.06,1.62,2.95,0.55,0.57,2022-05-10,Yaounde_peri,2022,5,130,19,16.74,28.650000000000006,116.67,198.29000000000002,-0.735981460837677,0.09900000000000375,25.26,equatorial
16.24,24.79,28.93,21.44,83.98,1.37,1.02,3.55,0.55,0.56,2022-05-11,Yaounde_peri,2022,5,131,19,15.879999999999999,27.020000000000007,117.58000000000001,199.66,-0.7282732536594697,0.4066666666666663,25.26,equatorial
21.95,25.96,30.58,21.85,78.06,0.28,0.98,4.56,0.54,0.55,2022-05-12,Yaounde_peri,2022,5,132,19,14.190000000000001,25.90000000000001,116.77000000000001,199.94,-0.7265336370781184,1.567333333333334,25.96,equatorial
18.23,25.45,30.2,21.71,83.74,2.95,1.25,3.9,0.54,0.56,2022-05-13,Yaounde_peri,2022,5,133,19,13.600000000000001,28.01000000000001,116.94999999999999,202.89000000000001,-0.7101807552831235,1.0223333333333322,25.96,equatorial
14.01,24.91,27.45,22.49,87.33,4.76,1.1,2.33,0.54,0.57,2022-05-14,Yaounde_peri,2022,5,134,19,12.42,32.27000000000001,120.68,207.65,-0.6839259571368669,0.45033333333333303,25.96,equatorial
18.11,25.35,30.18,21.59,79.76,3.4,1.05,4.96,0.54,0.57,2022-05-15,Yaounde_peri,2022,5,135,19,15.19,33.370000000000005,123.52000000000001,211.05,-0.6651257154165818,0.8660000000000032,25.96,equatorial
16.75,25.23,29.53,21.23,82.09,5.07,0.99,4.18,0.54,0.58,2022-05-16,Yaounde_peri,2022,5,136,20,18.89,35.36000000000001,122.54,216.09,-0.63735202591271,0.748666666666665,25.96,equatorial
6.38,24.23,27.12,21.92,88.64,5.29,1.32,2.5,0.55,0.6,2022-05-17,Yaounde_peri,2022,5,137,20,23.12,39.86000000000001,122.80000000000001,221.28,-0.6087651105865699,-0.19333333333333513,25.96,equatorial
19.39,24.28,28.21,21.58,87.75,5.96,1.39,3.29,0.55,0.58,2022-05-18,Yaounde_peri,2022,5,138,20,27.71,43.59000000000001,111.64999999999999,227.19,-0.576242538285384,-0.14233333333332965,25.96,equatorial
14.12,23.19,24.61,21.92,95.53,7.25,1.75,1.41,0.56,0.62,2022-05-19,Yaounde_peri,2022,5,139,20,34.68,48.870000000000005,82.91,234.41,-0.5365519982938111,-1.234333333333332,25.45,equatorial
13.41,23.38,26.35,21.3,92.8,16.52,1.87,2.87,0.58,0.66,2022-05-20,Yaounde_peri,2022,5,140,20,48.25,61.85000000000001,97.35,250.88,-0.4461926575838964,-1.0343333333333362,25.35,equatorial
16.23,22.64,24.57,20.92,95.17,12.58,2.38,1.7,0.62,0.7,2022-05-21,Yaounde_peri,2022,5,141,20,56.07,68.49000000000001,107.42,263.42,-0.37737988810905276,-1.7373333333333356,25.35,equatorial
15.71,23.38,28.08,20.13,83.97,0.63,1.46,4.49,0.61,0.63,2022-05-22,Yaounde_peri,2022,5,142,20,53.300000000000004,68.49000000000001,106.49,264.04,-0.3739021184694721,-0.9660000000000011,25.23,equatorial
8.76,23.08,26.64,20.73,88.98,5.12,2.88,4.27,0.6,0.63,2022-05-23,Yaounde_peri,2022,5,143,21,53.35,72.24000000000001,107.93,269.13,-0.3459227575840126,-1.2413333333333334,24.28,equatorial
16.32,23.23,27.26,20.16,87.76,4.74,1.53,4.61,0.6,0.64,2022-05-24,Yaounde_peri,2022,5,144,21,52.8,75.92,109.08,273.83000000000004,-0.3200839019529936,-1.0843333333333298,24.28,equatorial
10.5,23.21,26.86,20.78,86.66,1.41,1.75,3.62,0.6,0.61,2022-05-25,Yaounde_peri,2022,5,145,21,48.25,75.96,107.84,275.19,-0.31256129958379125,-1.0680000000000014,23.38,equatorial
17.55,23.24,27.11,20.24,89.46,8.54,1.75,3.95,0.59,0.64,2022-05-26,Yaounde_peri,2022,5,146,21,49.540000000000006,84.22000000000001,114.52,283.70000000000005,-0.2658265534098416,-1.012000000000004,23.38,equatorial
18.08,22.38,25.03,20.3,92.06,9.48,1.56,2.41,0.61,0.67,2022-05-27,Yaounde_peri,2022,5,147,21,42.5,90.75000000000001,121.0,293.15999999999997,-0.2138828898013812,-1.8283333333333331,23.38,equatorial
17.52,23.33,28.06,19.23,86.53,3.87,1.83,5.37,0.61,0.63,2022-05-28,Yaounde_peri,2022,5,148,21,33.79,89.86,123.47,296.82,-0.19376158967844398,-0.8679999999999986,23.38,equatorial
15.57,23.29,27.03,20.36,89.17,6.74,1.49,3.53,0.61,0.65,2022-05-29,Yaounde_peri,2022,5,149,21,39.9,93.20000000000002,129.37,303.38,-0.1577275078284965,-0.8923333333333368,23.33,equatorial
15.47,23.89,27.35,20.84,87.23,11.59,1.17,3.55,0.61,0.68,2022-05-30,Yaounde_peri,2022,5,150,22,46.370000000000005,99.72,140.46,314.92,-0.09436182297858918,-0.27699999999999747,23.89,equatorial
16.52,24.13,27.33,21.22,84.49,3.28,0.82,3.54,0.62,0.65,2022-05-31,Yaounde_peri,2022,5,151,22,44.91,97.71,141.44,317.27,-0.08144414705754242,-0.013333333333331865,24.13,equatorial
17.42,23.99,27.67,20.75,85.05,2.47,1.28,3.88,0.61,0.64,2022-06-01,Yaounde_peri,2022,6,152,22,45.97,94.22,140.83,318.48,-0.07478561323000213,-0.1290000000000049,24.13,equatorial
13.65,23.82,27.14,20.64,83.74,0.85,0.96,2.61,0.61,0.62,2022-06-02,Yaounde_peri,2022,6,153,22,38.279999999999994,87.82000000000001,140.89000000000001,318.64,-0.07389311317876639,-0.25299999999999656,24.13,equatorial
16.58,24.57,28.77,20.16,81.38,0.58,1.29,4.76,0.6,0.61,2022-06-03,Yaounde_peri,2022,6,154,22,29.38,71.88000000000001,139.23999999999998,317.77,-0.07865783394134916,0.4939999999999998,24.57,equatorial
17.13,24.49,28.7,21.25,83.8,2.76,1.27,4.3,0.59,0.6,2022-06-04,Yaounde_peri,2022,6,155,22,28.269999999999996,62.06,140.03,318.51000000000005,-0.0745780977300901,0.4376666666666651,24.57,equatorial
14.97,23.1,26.73,20.47,86.64,21.94,1.34,4.19,0.62,0.7,2022-06-05,Yaounde_peri,2022,6,156,22,43.47,83.37,158.43,333.14000000000004,0.005819741985230956,-0.9100000000000001,24.57,equatorial
16.73,23.98,27.71,20.7,84.03,7.57,1.2,4.53,0.62,0.67,2022-06-06,Yaounde_peri,2022,6,157,23,39.45,85.82000000000001,160.06,335.90000000000003,0.020986203716017202,-0.055333333333333456,24.57,equatorial
14.8,23.27,27.11,20.43,89.11,3.75,2.06,3.48,0.62,0.64,2022-06-07,Yaounde_peri,2022,6,158,23,39.92,84.83000000000001,163.18,328.54,-0.01947187531201646,-0.6990000000000016,24.57,equatorial
15.84,22.58,25.68,20.5,92.1,4.71,1.96,2.93,0.62,0.65,2022-06-08,Yaounde_peri,2022,6,159,23,42.160000000000004,88.13000000000001,166.52,324.4,-0.04222796795834738,-1.3166666666666664,24.57,equatorial
11.51,23.96,28.25,20.31,84.93,1.01,1.38,4.73,0.61,0.63,2022-06-09,Yaounde_peri,2022,6,160,23,42.32,80.60000000000001,166.47,319.05,-0.07163721861050953,0.08233333333333448,24.57,equatorial
16.02,24.31,28.51,20.37,82.45,0.53,1.28,4.82,0.6,0.61,2022-06-10,Yaounde_peri,2022,6,161,23,42.27,71.65,165.63,318.98,-0.07200894222261103,0.44833333333333414,24.49,equatorial
18.6,24.39,29.07,20.07,81.61,0.31,1.6,4.98,0.59,0.6,2022-06-11,Yaounde_peri,2022,6,162,23,39.82000000000001,68.09000000000002,165.66,319.12,-0.07122556251603877,0.5806666666666658,24.39,equatorial
13.12,24.3,28.72,20.56,83.68,0.86,1.2,4.19,0.58,0.59,2022-06-12,Yaounde_peri,2022,6,163,23,18.740000000000002,62.21000000000001,163.57,319.92999999999995,-0.06675616820639431,0.5289999999999999,24.39,equatorial
14.16,24.59,29.05,21.39,83.27,1.16,1.36,4.02,0.57,0.59,2022-06-13,Yaounde_peri,2022,6,164,24,12.33,51.78000000000001,159.97,320.78,-0.06206669212295779,0.8296666666666646,24.59,equatorial
16.58,24.52,28.99,20.87,84.6,1.02,1.24,3.64,0.57,0.58,2022-06-14,Yaounde_peri,2022,6,165,24,9.6,49.52000000000001,157.59,321.47999999999996,-0.05820276636173174,0.7873333333333328,24.59,equatorial
16.07,24.7,29.02,21.5,85.44,1.2,1.43,3.53,0.56,0.58,2022-06-15,Yaounde_peri,2022,6,166,24,6.09,48.25000000000001,153.72,321.28000000000003,-0.05929295738062223,0.985000000000003,24.7,equatorial
9.65,22.5,24.38,20.96,91.89,1.36,2.47,1.51,0.56,0.58,2022-06-16,Yaounde_peri,2022,6,167,24,6.44,48.760000000000005,149.79,322.05,-0.055042752513172144,-1.1573333333333302,24.7,equatorial
10.73,22.12,25.31,20.22,89.62,2.26,1.58,2.21,0.56,0.58,2022-06-17,Yaounde_peri,2022,6,168,24,8.17,50.44000000000001,146.08999999999997,322.09,-0.054812362073366795,-1.46533333333333,24.7,equatorial
14.36,23.44,28.1,19.63,81.4,1.03,1.23,4.74,0.56,0.58,2022-06-18,Yaounde_peri,2022,6,169,24,8.89,48.710000000000015,139.86999999999998,320.57,-0.06317380667723523,-0.15366666666666262,24.7,equatorial
15.8,23.9,28.54,20.02,82.99,0.84,1.65,4.36,0.55,0.56,2022-06-19,Yaounde_peri,2022,6,170,24,8.870000000000001,27.610000000000007,124.19000000000001,320.40999999999997,-0.06404355471283257,0.2890000000000015,24.7,equatorial
12.98,21.98,23.67,20.57,93.31,7.53,1.78,1.67,0.56,0.61,2022-06-20,Yaounde_peri,2022,6,171,25,15.24,27.570000000000007,119.13999999999999,327.62,-0.02430754839024378,-1.6089999999999982,24.7,equatorial
10.08,23.3,27.7,19.94,86.18,3.95,1.1,4.05,0.56,0.6,2022-06-21,Yaounde_peri,2022,6,172,25,18.17,27.770000000000007,122.46,331.05,-0.005401677792938429,-0.28633333333333155,24.7,equatorial
15.09,22.2,24.91,20.38,91.95,5.07,2.17,2.5,0.57,0.6,2022-06-22,Yaounde_peri,2022,6,173,25,22.040000000000003,28.130000000000006,122.41,334.49,0.013559311764300112,-1.3570000000000029,23.9,equatorial
15.18,22.31,26.12,20.0,90.25,3.74,2.21,2.83,0.57,0.6,2022-06-23,Yaounde_peri,2022,6,174,25,24.42,30.86000000000001,121.41,336.85,0.02656665333183588,-1.2163333333333348,23.9,equatorial
12.75,22.9,26.75,20.4,90.48,7.85,2.27,3.62,0.58,0.63,2022-06-24,Yaounde_peri,2022,6,175,25,30.01,38.18000000000001,127.85000000000001,344.08000000000004,0.06642541426329389,-0.6160000000000032,23.9,equatorial
13.54,23.39,27.77,20.03,86.32,1.78,1.69,4.24,0.58,0.6,2022-06-25,Yaounde_peri,2022,6,176,25,30.759999999999998,39.650000000000006,121.08999999999999,344.59,0.06922567777627936,-0.13100000000000023,23.9,equatorial
14.38,23.66,27.92,20.71,87.84,3.21,1.32,3.3,0.58,0.6,2022-06-26,Yaounde_peri,2022,6,177,25,33.13,42.00000000000001,114.82,347.28999999999996,0.08410519091028493,0.09633333333333383,23.66,equatorial
6.83,22.04,23.79,20.67,93.24,5.09,1.4,1.67,0.58,0.62,2022-06-27,Yaounde_peri,2022,6,178,26,30.689999999999998,45.93000000000001,116.04,351.72,0.10852839537927553,-1.480666666666668,23.66,equatorial
15.63,23.27,27.24,19.55,84.15,2.86,1.01,3.7,0.58,0.61,2022-06-28,Yaounde_peri,2022,6,179,26,29.599999999999998,47.77,112.16,354.40000000000003,0.12329555079935875,-0.25,23.66,equatorial
17.03,23.31,27.5,20.38,88.42,4.31,1.97,4.18,0.58,0.61,2022-06-29,Yaounde_peri,2022,6,180,26,28.839999999999996,50.88000000000001,104.88,356.83000000000004,0.13668289316568216,-0.19066666666666876,23.66,equatorial
13.09,22.24,24.43,20.62,94.23,8.09,1.8,1.61,0.59,0.64,2022-06-30,Yaounde_peri,2022,6,181,26,33.19,57.610000000000014,109.69,358.28,0.14466086927798746,-1.1976666666666667,23.66,equatorial
6.26,22.92,26.98,19.53,86.6,6.25,1.18,4.65,0.6,0.64,2022-07-01,Yaounde_peri,2022,7,182,26,31.589999999999996,61.60000000000001,113.47,362.53,0.1680962838869988,-0.48199999999999577,23.66,equatorial
15.17,23.8,28.32,19.97,82.13,1.6,1.05,5.06,0.6,0.61,2022-07-02,Yaounde_peri,2022,7,183,26,31.41,62.17,114.22,362.33000000000004,0.1669604455571127,0.3986666666666636,23.8,equatorial
16.37,23.41,27.91,19.97,85.85,3.25,1.69,4.4,0.59,0.61,2022-07-03,Yaounde_peri,2022,7,184,26,31.45,64.58000000000001,116.89,363.52000000000004,0.17350092883581705,0.04733333333333434,23.8,equatorial
11.75,22.82,26.12,20.24,90.85,4.81,1.65,2.76,0.59,0.62,2022-07-04,Yaounde_peri,2022,7,185,27,31.17,61.86000000000001,118.94,367.08000000000004,0.19313189469435488,-0.4870000000000019,23.8,equatorial
12.66,22.95,26.92,20.1,89.86,13.17,1.83,3.73,0.61,0.67,2022-07-05,Yaounde_peri,2022,7,186,27,41.480000000000004,71.08,110.17,379.78999999999996,0.26331028176050475,-0.3520000000000003,23.8,equatorial
14.02,23.05,27.03,20.0,90.11,4.17,1.52,3.35,0.61,0.64,2022-07-06,Yaounde_peri,2022,7,187,27,41.339999999999996,70.18,106.77,383.18,0.2819895999283329,-0.22100000000000009,23.8,equatorial
15.45,23.78,28.02,20.78,86.01,2.34,1.18,4.69,0.6,0.62,2022-07-07,Yaounde_peri,2022,7,188,27,35.59,68.78,105.36,384.14,0.287239280011319,0.4920000000000009,23.8,equatorial
13.47,23.49,27.96,20.16,88.14,2.45,1.9,3.91,0.6,0.62,2022-07-08,Yaounde_peri,2022,7,189,27,31.790000000000003,63.38000000000001,103.10000000000001,385.66,0.2955838302580543,0.1716666666666633,23.8,equatorial
10.06,22.99,27.12,20.0,88.48,3.35,2.54,4.18,0.59,0.62,2022-07-09,Yaounde_peri,2022,7,190,27,33.54,64.95,105.44,388.58,0.31166702058976276,-0.2960000000000029,23.78,equatorial
10.2,21.97,25.45,19.7,89.83,1.66,2.58,2.98,0.59,0.61,2022-07-10,Yaounde_peri,2022,7,191,27,31.95,63.400000000000006,106.57,389.78000000000003,0.31823945125410175,-1.238000000000003,23.78,equatorial
10.67,22.82,27.4,19.39,86.54,1.53,2.09,4.38,0.59,0.6,2022-07-11,Yaounde_peri,2022,7,192,28,28.67,59.84000000000001,107.78999999999999,390.21999999999997,0.3206088142695686,-0.3356666666666648,23.78,equatorial
9.43,22.66,26.79,20.21,87.09,0.94,2.09,3.53,0.58,0.59,2022-07-12,Yaounde_peri,2022,7,193,28,16.44,57.92000000000001,107.87,388.39,0.3104234227947322,-0.44099999999999895,23.78,equatorial
13.86,23.12,27.83,19.83,86.8,3.38,2.23,4.53,0.58,0.6,2022-07-13,Yaounde_peri,2022,7,194,28,15.65,56.99000000000001,110.09,390.73999999999995,0.32336078133672413,0.06800000000000139,23.78,equatorial
11.7,23.14,27.66,19.76,86.13,1.63,2.52,4.43,0.57,0.59,2022-07-14,Yaounde_peri,2022,7,195,28,14.94,50.53,110.7,391.81,0.32921563320464764,0.1340000000000039,23.49,equatorial
15.08,23.07,27.34,19.95,86.71,2.37,2.52,4.12,0.57,0.58,2022-07-15,Yaounde_peri,2022,7,196,28,14.86,46.650000000000006,111.87,388.13,0.308786577028682,0.11833333333333229,23.14,equatorial
13.91,22.8,27.08,19.83,87.68,2.68,2.19,3.6,0.56,0.58,2022-07-16,Yaounde_peri,2022,7,197,28,14.19,47.73000000000001,113.19,385.78,0.29571955402791783,-0.1616666666666653,23.14,equatorial
13.88,22.16,25.22,19.87,91.63,3.86,2.15,2.56,0.57,0.6,2022-07-17,Yaounde_peri,2022,7,198,28,16.39,48.34000000000001,114.78999999999999,372.53,0.22231847091945345,-0.8030000000000044,23.14,equatorial
15.06,22.76,27.04,20.12,89.38,5.22,2.55,3.85,0.57,0.6,2022-07-18,Yaounde_peri,2022,7,199,29,20.08,48.75000000000001,118.97999999999999,341.76,0.05192124058838087,-0.18033333333333346,23.14,equatorial
12.46,21.82,25.22,19.74,89.89,6.53,2.78,3.13,0.58,0.62,2022-07-19,Yaounde_peri,2022,7,200,29,25.669999999999998,42.11000000000001,124.66999999999999,346.21,0.07655345580081385,-1.0509999999999984,23.14,equatorial
11.93,22.4,26.88,19.55,88.15,4.16,2.4,4.02,0.58,0.61,2022-07-20,Yaounde_peri,2022,7,201,29,26.45,42.10000000000001,121.3,347.86,0.08567792993399502,-0.48499999999999943,23.14,equatorial
9.29,22.45,26.62,19.74,89.73,8.88,2.33,3.82,0.59,0.64,2022-07-21,Yaounde_peri,2022,7,202,29,33.7,48.64000000000001,126.23,355.18,0.1262108901835846,-0.40666666666666984,23.07,equatorial
9.29,21.81,24.33,20.05,93.24,5.72,2.08,2.05,0.59,0.62,2022-07-22,Yaounde_peri,2022,7,203,29,37.050000000000004,51.910000000000004,126.88,357.21999999999997,0.13749007676542965,-1.0336666666666652,22.8,equatorial
7.93,21.93,24.73,19.81,92.1,8.3,1.86,2.96,0.61,0.66,2022-07-23,Yaounde_peri,2022,7,204,29,42.67,56.860000000000014,131.44,361.93,0.16356454913351823,-0.9010000000000034,22.76,equatorial
10.56,23.15,27.97,19.47,87.51,2.84,1.62,4.78,0.6,0.62,2022-07-24,Yaounde_peri,2022,7,205,29,41.650000000000006,58.040000000000006,126.42999999999999,362.12,0.1645871980103331,0.3106666666666662,23.15,equatorial
8.14,22.35,25.62,20.27,91.94,25.49,3.03,3.57,0.62,0.71,2022-07-25,Yaounde_peri,2022,7,206,30,61.92,82.0,150.14000000000001,385.75,0.2955430392873161,-0.45466666666666455,23.15,equatorial
9.62,21.77,25.39,19.9,92.66,35.8,2.87,3.44,0.69,0.81,2022-07-26,Yaounde_peri,2022,7,207,30,91.19,116.86,182.73,418.55,0.4773231352296232,-0.9716666666666676,23.15,equatorial
10.19,22.68,26.83,19.55,90.09,5.65,2.46,4.77,0.7,0.72,2022-07-27,Yaounde_peri,2022,7,208,30,92.68,119.13000000000001,183.29,422.79999999999995,0.5007807101240562,-0.08299999999999841,23.15,equatorial
13.94,22.42,25.85,20.04,89.97,5.53,2.59,4.42,0.69,0.71,2022-07-28,Yaounde_peri,2022,7,209,30,89.33,123.03,185.96,427.49,0.526673738174014,-0.314666666666664,23.15,equatorial
14.46,20.97,23.76,18.96,92.12,5.21,2.44,3.07,0.68,0.71,2022-07-29,Yaounde_peri,2022,7,210,30,88.82,125.87,186.86,432.2,0.5526723538964744,-1.686666666666671,23.15,equatorial
17.48,21.73,25.94,18.11,90.5,4.84,2.29,4.44,0.67,0.7,2022-07-30,Yaounde_peri,2022,7,211,30,85.36,128.03,183.60999999999999,434.74,0.5666296873426508,-0.9096666666666628,23.15,equatorial
15.69,22.5,26.74,19.67,89.8,10.43,2.8,5.42,0.66,0.71,2022-07-31,Yaounde_peri,2022,7,212,30,92.94999999999999,134.6,187.79,442.09000000000003,0.6072642586287165,-0.12566666666666748,22.68,equatorial
20.9,22.22,26.33,19.46,89.57,6.85,2.65,5.15,0.67,0.7,2022-08-01,Yaounde_peri,2022,8,213,31,74.31,136.23,193.04,448.15,0.6407314824505207,-0.352999999999998,22.68,equatorial
14.61,21.51,24.92,19.16,91.79,4.75,2.22,3.18,0.66,0.69,2022-08-02,Yaounde_peri,2022,8,214,31,43.26,134.45,194.54,450.66999999999996,0.654549139977626,-0.9996666666666627,22.68,equatorial
15.42,22.56,27.26,19.5,89.42,10.5,2.39,5.4,0.66,0.7,2022-08-03,Yaounde_peri,2022,8,215,31,48.11,140.79,200.23,459.2,0.7017079542634789,0.05900000000000105,22.56,equatorial
16.77,22.63,27.24,19.18,88.33,1.06,2.04,4.86,0.65,0.67,2022-08-04,Yaounde_peri,2022,8,216,31,43.64,132.97,188.11999999999998,456.71999999999997,0.6877581562154772,0.13966666666666328,22.63,equatorial
12.11,23.05,27.1,20.06,89.38,2.73,1.99,4.38,0.64,0.66,2022-08-05,Yaounde_peri,2022,8,217,31,41.16,129.98,186.68,453.51,0.6697620552411726,0.5596666666666685,23.05,equatorial
15.22,22.69,26.18,20.28,90.92,4.65,2.54,3.64,0.64,0.66,2022-08-06,Yaounde_peri,2022,8,218,31,40.97,126.33,188.98999999999998,457.53,0.6918979926229996,0.23600000000000065,23.05,equatorial
15.15,23.0,27.58,19.81,89.34,5.12,2.93,4.99,0.63,0.66,2022-08-07,Yaounde_peri,2022,8,219,31,35.66,128.61,191.66,461.28,0.7125276071537961,0.5623333333333349,23.05,equatorial
12.36,23.28,27.44,20.33,88.53,4.04,2.23,4.5,0.63,0.66,2022-08-08,Yaounde_peri,2022,8,220,32,32.85,107.16,192.35,464.26,0.7288755343179659,0.8326666666666682,23.28,equatorial
13.88,23.51,28.09,19.91,88.57,5.39,2.0,5.29,0.63,0.66,2022-08-09,Yaounde_peri,2022,8,221,32,33.489999999999995,76.75,196.07999999999998,468.28,0.7509903624523616,1.011333333333333,23.51,equatorial
14.88,23.2,27.67,20.09,90.0,6.68,2.59,4.56,0.63,0.66,2022-08-10,Yaounde_peri,2022,8,222,32,29.669999999999998,77.78,201.23,474.68,0.7863084806094738,0.6886666666666663,23.51,equatorial
10.03,22.63,26.76,20.35,91.9,21.09,3.16,4.2,0.64,0.73,2022-08-11,Yaounde_peri,2022,8,223,32,49.7,93.33999999999999,221.38,492.82,0.8867842901098196,0.1196666666666637,23.51,equatorial
14.75,22.48,26.21,20.09,91.55,9.32,2.44,4.1,0.66,0.7,2022-08-12,Yaounde_peri,2022,8,224,32,56.290000000000006,97.45,227.32,497.37999999999994,0.9118139689104419,-0.009000000000000341,23.51,equatorial
9.73,22.51,26.26,20.03,91.38,9.56,3.64,4.43,0.67,0.71,2022-08-13,Yaounde_peri,2022,8,225,32,61.199999999999996,102.17,235.25,503.53999999999996,0.9457106501524253,0.04199999999999804,23.51,equatorial
9.64,22.01,25.6,19.81,90.46,5.79,3.81,4.24,0.67,0.69,2022-08-14,Yaounde_peri,2022,8,226,32,61.87,97.53,238.67,504.26,0.949385860370186,-0.4226666666666645,23.51,equatorial
9.95,21.9,26.29,18.85,88.97,3.49,3.32,5.04,0.66,0.68,2022-08-15,Yaounde_peri,2022,8,227,33,61.32,94.17,239.48,502.46,0.9390689504435488,-0.5026666666666699,23.51,equatorial
11.38,21.46,24.75,18.73,91.07,2.55,1.61,2.4,0.65,0.67,2022-08-16,Yaounde_peri,2022,8,228,33,58.480000000000004,91.97,238.17,499.05,0.9198202928241129,-0.9193333333333307,23.2,equatorial
12.37,22.27,26.28,19.42,89.73,3.28,2.1,4.11,0.65,0.67,2022-08-17,Yaounde_peri,2022,8,229,33,55.08,84.75,236.23,495.08,0.8974741107240084,-0.09299999999999997,22.63,equatorial
13.82,21.17,24.53,18.45,90.87,1.96,2.28,2.77,0.64,0.66,2022-08-18,Yaounde_peri,2022,8,230,33,35.949999999999996,85.65,231.66,480.52000000000004,0.8163393781142025,-1.1713333333333331,22.51,equatorial
13.3,22.22,27.06,18.16,88.5,2.3,2.41,4.72,0.63,0.65,2022-08-19,Yaounde_peri,2022,8,231,33,28.93,85.22,229.8,470.23999999999995,0.7590090408494513,-0.11533333333333573,22.51,equatorial
18.11,22.7,27.05,19.22,89.15,2.15,2.14,4.56,0.63,0.65,2022-08-20,Yaounde_peri,2022,8,232,33,21.519999999999996,82.72,223.07,471.76,0.767236223009873,0.3563333333333354,22.7,equatorial
12.73,22.87,26.0,20.11,89.83,1.54,1.46,2.54,0.62,0.64,2022-08-21,Yaounde_peri,2022,8,233,33,17.27,79.13999999999999,218.89,468.17999999999995,0.7471340441084231,0.49099999999999966,22.87,equatorial
13.99,22.77,26.33,20.48,91.42,12.63,2.67,3.89,0.63,0.68,2022-08-22,Yaounde_peri,2022,8,234,34,26.41,87.73,223.22,476.06999999999994,0.7907506386726345,0.36299999999999955,22.87,equatorial
13.03,22.47,26.13,19.93,90.33,9.36,1.88,3.7,0.65,0.69,2022-08-23,Yaounde_peri,2022,8,235,34,33.22,91.7,229.73999999999998,484.02,0.8346802409676014,0.08566666666666478,22.87,equatorial
10.57,22.32,25.57,20.04,91.99,23.21,2.09,3.48,0.66,0.74,2022-08-24,Yaounde_peri,2022,8,236,34,53.15,108.23,227.45999999999998,498.69,0.9159137395595033,-0.06333333333333258,22.87,equatorial
13.56,21.75,24.58,19.95,91.97,5.21,2.26,3.07,0.68,0.71,2022-08-25,Yaounde_peri,2022,8,237,34,56.4,92.35000000000001,196.87,494.42,0.8918939011309219,-0.6326666666666689,22.87,equatorial
10.33,21.85,25.65,19.37,90.95,6.09,3.06,4.57,0.68,0.71,2022-08-26,Yaounde_peri,2022,8,238,34,60.19,89.11999999999999,197.31,496.64,0.9039393904342191,-0.5050000000000026,22.87,equatorial
15.0,22.04,25.95,19.1,90.48,6.61,2.28,4.42,0.67,0.7,2022-08-27,Yaounde_peri,2022,8,239,34,64.65,86.16999999999999,198.39,496.51,0.9029235473097237,-0.30233333333333334,22.87,equatorial
13.52,22.26,26.32,19.48,90.16,6.29,1.89,4.35,0.67,0.7,2022-08-28,Yaounde_peri,2022,8,240,34,69.4,86.67,199.47000000000003,491.21,0.8731873159398261,-0.1253333333333302,22.77,equatorial
15.26,22.46,26.4,19.44,89.71,14.59,1.83,4.7,0.68,0.73,2022-08-29,Yaounde_peri,2022,8,241,35,71.36,97.77,209.22,502.52,0.935744875410833,0.0503333333333309,22.47,equatorial
14.09,22.8,26.8,19.6,89.71,7.9,2.34,5.42,0.68,0.71,2022-08-30,Yaounde_peri,2022,8,242,35,69.9,103.11999999999999,206.69,507.95,0.9655969776011409,0.38033333333333275,22.8,equatorial
13.53,22.55,26.44,19.98,92.53,21.41,2.43,3.72,0.7,0.77,2022-08-31,Yaounde_peri,2022,8,243,35,68.1,121.25,221.25,528.51,1.0794745721922716,0.11933333333332996,22.8,equatorial
9.98,22.23,25.95,19.84,92.05,14.94,2.81,4.01,0.71,0.76,2022-09-01,Yaounde_peri,2022,9,244,35,77.83,134.23,231.44,542.87,1.1588160128313953,-0.22466666666666413,22.8,equatorial
14.52,22.11,25.76,19.65,90.79,3.48,2.29,4.22,0.71,0.73,2022-09-02,Yaounde_peri,2022,9,245,35,75.22,135.41,224.42000000000002,543.5899999999999,1.1623302472233463,-0.32966666666666455,22.8,equatorial
16.65,22.14,26.4,19.19,88.28,6.54,2.56,5.62,0.7,0.73,2022-09-03,Yaounde_peri,2022,9,246,35,75.14999999999999,139.8,229.9,528.19,1.0763185017566805,-0.28333333333333144,22.8,equatorial
16.72,22.03,26.37,18.96,90.17,26.81,2.11,5.22,0.71,0.78,2022-09-04,Yaounde_peri,2022,9,247,35,95.67,165.07,253.98,547.43,1.1827499483553727,-0.3593333333333355,22.8,equatorial
15.19,22.15,25.77,19.87,91.05,33.29,2.41,5.02,0.75,0.82,2022-09-05,Yaounde_peri,2022,9,248,36,114.37,185.73,282.62,576.97,1.3462488843083233,-0.22133333333333383,22.8,equatorial
17.29,22.82,26.75,19.98,90.03,35.59,2.07,5.8,0.79,0.85,2022-09-06,Yaounde_peri,2022,9,249,36,142.06,211.96,313.09000000000003,607.8499999999999,1.516952488454554,0.4546666666666681,22.82,equatorial
15.08,23.31,27.29,20.41,91.36,56.33,2.49,5.25,0.84,0.9,2022-09-07,Yaounde_peri,2022,9,250,36,176.98,245.07999999999998,365.38,663.17,1.8228828418876917,0.9436666666666653,23.31,equatorial
15.67,23.04,27.3,20.12,91.48,19.11,2.69,4.85,0.86,0.84,2022-09-08,Yaounde_peri,2022,9,251,36,181.15,258.98,379.1,681.75,1.924449035991376,0.6893333333333338,23.31,equatorial
14.36,22.27,25.21,20.29,92.89,42.65,2.17,3.43,0.89,0.89,2022-09-09,Yaounde_peri,2022,9,252,36,220.32,295.53999999999996,415.07,724.09,2.1572875541768792,-0.04966666666666342,23.31,equatorial
13.24,22.22,25.41,19.68,91.58,7.29,2.1,4.01,0.88,0.83,2022-09-10,Yaounde_peri,2022,9,253,36,221.07,296.21999999999997,401.27000000000004,730.52,2.1906902645874085,-0.08599999999999852,23.31,equatorial
16.52,22.3,26.32,19.68,90.58,5.81,2.34,5.42,0.84,0.81,2022-09-11,Yaounde_peri,2022,9,254,36,200.07,295.74,397.76,735.17,2.2141375993295394,0.0,23.31,equatorial
15.02,22.79,27.61,19.07,87.67,4.9,1.93,6.24,0.8,0.79,2022-09-12,Yaounde_peri,2022,9,255,37,171.68,286.04999999999995,393.1,739.05,2.2332485448197104,0.4806666666666679,23.31,equatorial
14.47,22.94,26.56,20.06,90.57,6.17,2.65,5.31,0.78,0.78,2022-09-13,Yaounde_peri,2022,9,256,37,142.26,284.32,393.48,744.02,2.2583066770318005,0.5996666666666712,23.31,equatorial
16.54,22.89,26.12,20.15,90.33,3.83,1.44,3.69,0.76,0.77,2022-09-14,Yaounde_peri,2022,9,257,37,89.76,266.73999999999995,393.82,746.49,2.269484420422878,0.5166666666666657,23.04,equatorial
14.32,23.81,27.88,20.68,89.67,4.97,2.01,5.26,0.75,0.76,2022-09-15,Yaounde_peri,2022,9,258,37,75.62,256.77,396.23999999999995,749.2,2.2819428153633066,1.3583333333333343,23.81,equatorial
15.0,21.99,24.52,20.18,92.48,5.17,1.87,2.74,0.74,0.77,2022-09-16,Yaounde_peri,2022,9,259,37,38.14,258.46,398.13,753.34,2.302228521841584,-0.4523333333333355,23.81,equatorial
13.9,22.38,26.06,19.8,90.28,3.68,2.29,4.61,0.73,0.75,2022-09-17,Yaounde_peri,2022,9,260,37,34.53,255.6,399.84999999999997,756.18,2.3152834954948305,-0.1026666666666678,23.81,equatorial
15.35,22.79,26.81,19.93,90.72,3.38,2.92,4.69,0.73,0.75,2022-09-18,Yaounde_peri,2022,9,261,37,32.1,232.17,400.93,752.0300000000001,2.289855996108499,0.288333333333334,23.81,equatorial
11.61,21.92,24.52,20.25,93.46,6.07,2.53,2.77,0.73,0.76,2022-09-19,Yaounde_peri,2022,9,262,38,33.269999999999996,204.95,404.84999999999997,754.15,2.2989705281585406,-0.5556666666666672,23.81,equatorial
15.05,22.97,26.71,19.52,86.1,2.48,1.23,4.57,0.73,0.74,2022-09-20,Yaounde_peri,2022,9,263,38,29.58,171.84,405.79,751.56,2.282192133634186,0.49099999999999966,23.81,equatorial
16.23,22.47,25.53,20.33,92.13,6.07,1.61,2.9,0.73,0.75,2022-09-21,Yaounde_peri,2022,9,264,38,31.82,121.58,399.23,753.8899999999999,2.2924657823386068,0.0010000000000012221,23.81,equatorial
14.88,23.44,27.53,20.12,86.62,4.86,1.29,5.25,0.73,0.75,2022-09-22,Yaounde_peri,2022,9,265,38,31.71,107.33,394.73,750.9,2.2735368476865063,0.9386666666666663,23.44,equatorial
17.05,23.27,26.96,20.07,86.95,14.48,1.25,4.63,0.74,0.79,2022-09-23,Yaounde_peri,2022,9,266,38,41.019999999999996,79.16000000000001,385.99999999999994,763.5999999999999,2.340619726997549,0.7369999999999983,23.44,equatorial
16.58,23.39,27.0,20.57,87.21,7.29,1.04,3.86,0.74,0.77,2022-09-24,Yaounde_peri,2022,9,267,38,44.63,79.16,388.08,767.6800000000001,2.3602660733633645,0.8023333333333333,23.44,equatorial
15.36,23.61,27.48,20.31,88.99,21.17,1.47,5.05,0.75,0.8,2022-09-25,Yaounde_peri,2022,9,268,38,62.42,94.52,403.16,783.76,2.445440458685711,0.9636666666666649,23.61,equatorial
16.95,22.31,24.21,20.54,94.85,54.68,2.07,2.2,0.8,0.89,2022-09-26,Yaounde_peri,2022,9,269,39,111.03,144.3,451.23,835.5799999999999,2.725358374274768,-0.3453333333333326,23.61,equatorial
15.35,22.7,26.6,19.73,88.14,46.58,1.46,5.02,0.85,0.89,2022-09-27,Yaounde_peri,2022,9,270,39,155.13,184.70999999999998,491.52,877.85,2.9516641364810527,0.029999999999997584,23.61,equatorial
15.6,22.84,26.49,19.96,89.56,17.94,1.68,5.23,0.87,0.86,2022-09-28,Yaounde_peri,2022,9,271,39,167.0,198.82000000000002,494.87,887.7,3.0001897688376715,0.15733333333333377,23.61,equatorial
16.18,21.75,24.39,19.82,91.43,2.11,1.92,2.87,0.84,0.82,2022-09-29,Yaounde_peri,2022,9,272,39,164.25,195.96,489.08,883.56,2.9724081341449575,-0.8976666666666695,23.61,equatorial
14.56,23.06,27.6,19.28,87.15,5.52,1.31,5.7,0.81,0.81,2022-09-30,Yaounde_peri,2022,9,273,39,155.29,196.31,473.19,887.48,2.988518171398441,0.3953333333333333,23.61,equatorial
16.16,22.79,26.79,20.08,89.79,6.82,1.49,3.85,0.8,0.81,2022-10-01,Yaounde_peri,2022,10,274,39,154.82,199.45000000000002,465.07,891.05,3.002624904689861,0.10666666666666558,23.61,equatorial
19.51,22.56,25.99,20.11,90.44,1.6,1.92,3.73,0.79,0.79,2022-10-02,Yaounde_peri,2022,10,275,39,135.25,197.67,463.19,887.84,2.979962248114516,-0.13833333333333542,23.06,equatorial
17.43,22.54,26.31,19.67,89.59,1.81,2.23,4.57,0.78,0.79,2022-10-03,Yaounde_peri,2022,10,276,40,82.38,193.41,458.46000000000004,876.4799999999999,2.9134038356783485,-0.17166666666666686,23.06,equatorial
18.78,22.74,26.38,19.97,89.8,4.73,1.99,5.22,0.77,0.79,2022-10-04,Yaounde_peri,2022,10,277,40,40.53,195.66000000000003,436.38,877.04,2.9115578200695964,0.0046666666666652645,23.06,equatorial
18.92,22.71,25.85,20.34,92.21,9.99,1.55,3.09,0.77,0.81,2022-10-05,Yaounde_peri,2022,10,278,40,32.58,199.58,413.08,884.6899999999999,2.9479224987560073,-0.04400000000000048,23.06,equatorial
16.73,22.41,25.35,20.28,91.61,14.03,2.02,3.59,0.79,0.83,2022-10-06,Yaounde_peri,2022,10,279,40,44.5,208.75,391.52000000000004,896.27,3.0052010203057677,-0.3303333333333356,23.06,equatorial
12.06,22.8,26.5,19.7,88.35,15.33,1.19,4.9,0.8,0.83,2022-10-07,Yaounde_peri,2022,10,280,40,54.31,209.60000000000002,350.52,908.25,3.064252821295635,0.07666666666666799,22.8,equatorial
19.68,22.33,25.99,19.87,89.69,3.72,1.87,4.82,0.8,0.81,2022-10-08,Yaounde_peri,2022,10,281,40,51.209999999999994,206.03,335.13,910.3100000000001,3.069704030434418,-0.36966666666666725,22.8,equatorial
18.14,22.77,26.17,19.75,86.63,5.02,0.87,3.54,0.79,0.81,2022-10-09,Yaounde_peri,2022,10,282,40,54.63,189.88,297.5,913.8,3.082770410064827,0.05366666666666475,22.8,equatorial
20.78,23.11,26.97,20.1,81.69,11.8,0.94,4.53,0.79,0.82,2022-10-10,Yaounde_peri,2022,10,283,41,64.62,147.0,302.01,924.66,3.13514560184144,0.36400000000000077,23.11,equatorial
18.25,21.83,24.69,19.25,92.84,12.49,1.66,2.99,0.81,0.83,2022-10-11,Yaounde_peri,2022,10,284,41,72.38,112.91,308.69000000000005,933.77,3.1778074716831877,-0.9003333333333323,23.11,equatorial
19.34,22.88,26.9,19.56,89.66,6.97,1.65,4.9,0.8,0.82,2022-10-12,Yaounde_peri,2022,10,285,41,69.36,101.94,310.76,939.11,3.200069724445987,0.14666666666666472,23.11,equatorial
18.23,23.64,27.1,20.77,89.28,8.64,1.26,3.92,0.81,0.83,2022-10-13,Yaounde_peri,2022,10,286,41,63.97,108.47,313.22999999999996,945.38,3.227109468206959,0.8833333333333329,23.64,equatorial
16.06,23.46,26.9,20.87,89.12,5.35,1.36,3.7,0.8,0.82,2022-10-14,Yaounde_peri,2022,10,287,41,53.99,108.3,314.75,948.05,3.23482666163591,0.6843333333333348,23.64,equatorial
13.54,23.1,26.57,20.88,89.0,12.69,1.33,4.22,0.81,0.84,2022-10-15,Yaounde_peri,2022,10,288,41,62.96000000000001,114.17,322.47,956.8799999999999,3.2751304001797954,0.34800000000000253,23.64,equatorial
17.75,23.28,27.14,19.93,86.92,2.95,1.34,4.83,0.8,0.82,2022-10-16,Yaounde_peri,2022,10,289,41,60.89,115.52000000000001,320.25,954.61,3.256387840662848,0.48499999999999943,23.64,equatorial
19.32,24.07,27.95,20.6,85.58,1.59,1.13,4.37,0.8,0.81,2022-10-17,Yaounde_peri,2022,10,290,42,50.68000000000001,115.30000000000001,318.16,949.67,3.223669303541658,1.2186666666666675,24.07,equatorial
15.27,23.86,26.92,21.06,88.8,5.22,1.25,3.02,0.8,0.81,2022-10-18,Yaounde_peri,2022,10,291,42,43.410000000000004,115.79,320.0,950.73,3.222828199654659,0.972999999999999,24.07,equatorial
13.98,23.63,26.47,20.99,90.48,8.19,1.13,2.91,0.8,0.82,2022-10-19,Yaounde_peri,2022,10,292,42,44.63,113.99000000000001,322.12,950.04,3.2127694393455255,0.6859999999999999,24.07,equatorial
15.36,22.55,24.08,21.09,96.21,24.5,2.07,1.52,0.82,0.86,2022-10-20,Yaounde_peri,2022,10,293,42,60.489999999999995,124.46000000000001,344.14,968.8199999999999,3.305122661249937,-0.38000000000000256,24.07,equatorial
18.95,23.38,27.21,20.38,86.57,4.1,1.01,4.72,0.82,0.83,2022-10-21,Yaounde_peri,2022,10,294,42,59.24,113.23,342.17,964.62,3.276191221161643,0.4196666666666644,24.07,equatorial
14.14,23.94,27.87,20.38,86.07,8.43,0.97,5.3,0.82,0.84,2022-10-22,Yaounde_peri,2022,10,295,42,54.98,117.94000000000001,345.74,970.2099999999999,3.2987488409406174,0.9630000000000045,24.07,equatorial
10.13,22.81,25.12,21.05,92.79,25.78,1.35,2.41,0.84,0.87,2022-10-23,Yaounde_peri,2022,10,296,42,77.81,138.7,357.04,970.5,3.293413116883824,-0.15166666666666728,24.07,equatorial
16.88,24.29,28.23,20.66,85.88,3.23,1.74,5.28,0.84,0.84,2022-10-24,Yaounde_peri,2022,10,297,43,79.45,130.13,352.98,937.93,3.116534675052692,1.298333333333332,24.29,equatorial
13.83,24.14,26.95,21.19,83.57,3.5,1.1,3.8,0.83,0.84,2022-10-25,Yaounde_peri,2022,10,298,43,77.73,121.14,335.31,935.78,3.099487899116182,1.1306666666666665,24.29,equatorial
16.73,24.01,27.99,20.33,86.77,3.68,1.4,4.5,0.83,0.84,2022-10-26,Yaounde_peri,2022,10,299,43,73.22,117.85000000000001,284.31,933.9300000000001,3.0841108468501757,0.9440000000000026,24.29,equatorial
18.82,24.1,27.04,21.84,87.3,7.75,1.79,4.2,0.83,0.84,2022-10-27,Yaounde_peri,2022,10,300,43,56.47,116.96000000000001,245.48,936.47,3.091656662871024,0.9873333333333356,24.29,equatorial
14.2,23.17,25.99,20.87,91.96,53.26,1.16,2.47,0.86,0.91,2022-10-28,Yaounde_peri,2022,10,301,43,105.63,164.87,280.8,984.89,3.3372481107208745,0.04633333333333667,24.29,equatorial
18.35,23.06,26.85,19.97,87.7,11.76,1.16,3.78,0.89,0.88,2022-10-29,Yaounde_peri,2022,10,302,43,108.96000000000001,163.94,290.45,986.22,3.3370696065321397,-0.10733333333333306,24.29,equatorial
19.16,23.44,27.15,20.44,86.79,11.44,2.06,5.55,0.88,0.88,2022-10-30,Yaounde_peri,2022,10,303,43,94.62,172.43,296.37,990.81,3.353733432409766,0.26000000000000156,24.29,equatorial
14.48,24.15,28.53,20.16,86.9,2.55,1.55,4.78,0.87,0.86,2022-10-31,Yaounde_peri,2022,10,304,44,93.94,173.39,292.1,988.61,3.335221757388667,0.924666666666667,24.15,equatorial
18.06,23.84,26.7,21.43,87.49,1.96,1.8,3.44,0.86,0.86,2022-11-01,Yaounde_peri,2022,11,305,44,92.4,170.13,292.46,980.07,3.2841831593524273,0.5720000000000027,24.15,equatorial
17.2,23.7,27.04,20.64,87.55,3.03,1.45,3.84,0.86,0.86,2022-11-02,Yaounde_peri,2022,11,306,44,91.75,164.97,293.68,982.04,3.2875713857710656,0.39333333333333087,24.15,equatorial
19.36,24.03,27.8,21.05,87.84,5.09,1.36,3.88,0.86,0.86,2022-11-03,Yaounde_peri,2022,11,307,44,89.09,145.56,294.04,984.4000000000001,3.2929270514686655,0.6803333333333335,24.15,equatorial
19.79,24.38,27.83,21.31,83.35,3.87,1.42,4.84,0.86,0.86,2022-11-04,Yaounde_peri,2022,11,308,44,39.7,145.32999999999998,287.92,983.6199999999999,3.282139884751849,0.9746666666666677,24.38,equatorial
17.63,23.23,26.84,20.17,86.9,17.33,1.87,4.4,0.87,0.88,2022-11-05,Yaounde_peri,2022,11,309,44,45.27000000000001,154.23,291.21999999999997,995.8299999999999,3.3378831186693616,-0.20266666666666566,24.38,equatorial
18.74,23.74,27.58,20.42,86.69,1.3,1.38,4.22,0.86,0.86,2022-11-06,Yaounde_peri,2022,11,310,44,35.13000000000001,129.75,277.19,993.0899999999999,3.316840700886313,0.27599999999999625,24.38,equatorial
18.98,23.49,26.41,21.06,88.16,0.78,1.46,2.72,0.86,0.85,2022-11-07,Yaounde_peri,2022,11,311,45,33.36000000000001,127.3,274.24999999999994,988.48,3.286415063140924,-0.012666666666667936,24.38,equatorial
17.21,23.98,27.78,20.9,86.7,0.75,2.08,4.96,0.85,0.85,2022-11-08,Yaounde_peri,2022,11,312,45,32.150000000000006,124.55,269.97999999999996,982.5500000000001,3.249488208412504,0.4369999999999976,24.38,equatorial
15.68,23.64,26.31,21.28,92.79,0.93,1.49,1.86,0.85,0.85,2022-11-09,Yaounde_peri,2022,11,313,45,30.050000000000008,121.79999999999998,259.10999999999996,962.39,3.1404881773849174,0.07933333333333081,24.38,equatorial
10.28,22.49,24.41,20.25,93.08,7.11,1.29,1.97,0.85,0.86,2022-11-10,Yaounde_peri,2022,11,314,45,32.07000000000001,121.15999999999998,253.73,960.18,3.123341844830743,-1.0926666666666698,24.38,equatorial
15.09,23.07,27.28,19.02,84.42,0.4,1.21,4.74,0.85,0.85,2022-11-11,Yaounde_peri,2022,11,315,45,28.600000000000005,68.3,247.16,951.02,3.0710746165519045,-0.5189999999999984,23.98,equatorial
16.93,23.11,26.06,20.7,87.6,2.23,1.17,2.09,0.85,0.85,2022-11-12,Yaounde_peri,2022,11,316,45,13.500000000000007,58.769999999999996,240.74999999999997,947.4599999999999,3.0474897291668883,-0.46133333333333226,23.98,equatorial
18.0,23.79,28.07,19.85,85.2,1.63,1.95,5.57,0.84,0.84,2022-11-13,Yaounde_peri,2022,11,317,45,13.830000000000005,48.96,237.03,945.6,3.0326442727481435,0.20766666666666822,23.98,equatorial
16.07,24.09,28.04,20.52,83.62,0.65,2.18,5.28,0.84,0.84,2022-11-14,Yaounde_peri,2022,11,318,46,13.700000000000006,47.059999999999995,224.98999999999998,943.6999999999999,3.0176856431032415,0.4746666666666641,24.09,equatorial
14.11,23.87,27.82,21.0,83.87,1.26,1.43,4.23,0.83,0.84,2022-11-15,Yaounde_peri,2022,11,319,46,14.210000000000008,46.36,223.3,941.68,3.002210721437805,0.23500000000000298,24.09,equatorial
17.13,23.84,27.94,19.82,84.14,2.1,1.39,5.11,0.83,0.83,2022-11-16,Yaounde_peri,2022,11,320,46,15.380000000000008,45.42999999999999,223.81,941.8199999999999,2.9977013539889814,0.21266666666666367,24.09,equatorial
17.42,23.82,27.88,20.55,86.22,0.7,1.36,4.49,0.82,0.83,2022-11-17,Yaounde_peri,2022,11,321,46,8.970000000000006,41.04,219.29,940.22,2.9844667365741615,0.19400000000000261,24.09,equatorial
12.81,22.76,26.2,19.91,89.54,0.23,1.63,2.62,0.82,0.83,2022-11-18,Yaounde_peri,2022,11,322,46,8.800000000000008,37.4,211.33,938.3000000000001,2.969701707169209,-0.8369999999999962,24.09,equatorial
10.0,23.63,27.93,19.73,84.88,0.51,1.8,4.99,0.81,0.82,2022-11-19,Yaounde_peri,2022,11,323,46,7.080000000000007,20.58,187.34,937.27,2.959484324984478,-0.002999999999996561,24.09,equatorial
18.1,23.84,28.32,20.74,83.14,0.48,2.11,5.38,0.81,0.82,2022-11-20,Yaounde_peri,2022,11,324,46,5.930000000000007,19.759999999999998,183.71999999999997,925.12,2.8936336934861093,0.19166666666666998,24.09,equatorial
17.54,24.09,28.34,20.15,80.42,0.08,1.39,5.28,0.8,0.81,2022-11-21,Yaounde_peri,2022,11,325,47,5.3600000000000065,19.06,175.37,915.8399999999999,2.8425131953066995,0.4366666666666674,24.09,equatorial
15.67,23.79,28.14,19.88,81.09,0.18,1.83,5.23,0.79,0.81,2022-11-22,Yaounde_peri,2022,11,326,47,4.280000000000007,18.490000000000002,149.77,892.8100000000001,2.7229490408204664,0.10400000000000276,24.09,equatorial
20.8,23.75,28.65,18.82,78.97,0.04,1.87,5.74,0.79,0.8,2022-11-23,Yaounde_peri,2022,11,327,47,2.220000000000007,17.599999999999998,146.57999999999998,887.64,2.69316842690329,0.08200000000000074,24.09,equatorial
19.04,23.69,28.67,18.73,78.52,0.03,2.19,5.85,0.78,0.8,2022-11-24,Yaounde_peri,2022,11,328,47,1.5500000000000071,10.52,143.10999999999999,881.5799999999999,2.659093767614551,0.036999999999999034,24.09,equatorial
14.76,23.64,28.07,20.16,83.29,0.48,1.82,4.34,0.78,0.8,2022-11-25,Yaounde_peri,2022,11,329,47,1.8000000000000071,10.6,139.91,875.4499999999999,2.6248329312666336,-0.0006666666666674814,24.09,equatorial
16.77,24.23,28.19,21.33,82.32,0.84,1.3,4.55,0.78,0.79,2022-11-26,Yaounde_peri,2022,11,330,47,2.130000000000007,9.21,133.0,870.0,2.5941172388815437,0.5850000000000009,24.23,equatorial
18.32,24.0,28.31,20.24,85.1,0.04,1.34,4.64,0.77,0.79,2022-11-27,Yaounde_peri,2022,11,331,47,1.690000000000007,7.62,79.78,855.4499999999999,2.5182713088978326,0.3273333333333319,24.23,equatorial
16.52,24.26,28.19,20.89,84.43,0.08,1.24,4.17,0.77,0.79,2022-11-28,Yaounde_peri,2022,11,332,48,1.690000000000007,7.05,68.1,847.63,2.4762048754280577,0.5473333333333343,24.26,equatorial
14.99,23.51,27.1,21.07,87.09,0.12,1.35,3.27,0.76,0.79,2022-11-29,Yaounde_peri,2022,11,333,48,1.630000000000007,5.91,56.779999999999994,826.34,2.3674010597851423,-0.2049999999999983,24.26,equatorial
17.39,23.32,27.2,20.41,88.37,0.08,1.45,2.9,0.76,0.78,2022-11-30,Yaounde_peri,2022,11,334,48,1.670000000000007,3.8899999999999997,54.309999999999995,811.4799999999999,2.290928746998281,-0.3673333333333346,24.26,equatorial
17.95,24.03,28.32,20.08,85.73,0.14,1.38,3.88,0.76,0.78,2022-12-01,Yaounde_peri,2022,12,335,48,1.780000000000007,3.3299999999999996,52.489999999999995,808.14,2.2718856213669603,0.33633333333333226,24.26,equatorial
15.34,24.25,27.55,21.14,83.94,0.11,1.44,3.02,0.76,0.78,2022-12-02,Yaounde_peri,2022,12,336,48,1.410000000000007,3.2099999999999995,49.56999999999999,801.7099999999999,2.237588366758864,0.5380000000000003,24.26,equatorial
15.68,23.57,27.15,21.29,85.59,0.07,1.54,2.84,0.76,0.78,2022-12-03,Yaounde_peri,2022,12,337,48,0.6400000000000071,2.77,44.55,774.97,2.1027558046571864,-0.12666666666666515,24.26,equatorial
17.83,24.17,28.22,20.62,84.41,0.08,1.39,3.93,0.75,0.78,2022-12-04,Yaounde_peri,2022,12,338,48,0.680000000000007,2.37,40.760000000000005,741.7600000000001,1.9362566431700274,0.48033333333333417,24.26,equatorial
18.73,24.61,28.3,21.34,82.12,0.02,1.28,3.43,0.75,0.77,2022-12-05,Yaounde_peri,2022,12,339,49,0.6200000000000071,2.31,23.45,706.19,1.7584690544543222,0.8743333333333361,24.61,equatorial
15.81,24.33,28.3,20.91,81.64,0.04,1.26,4.05,0.75,0.77,2022-12-06,Yaounde_peri,2022,12,340,49,0.5400000000000071,2.17,22.189999999999998,649.9,1.478373845290928,0.5746666666666655,24.61,equatorial
12.06,23.52,26.85,21.08,84.91,4.55,1.09,2.77,0.75,0.78,2022-12-07,Yaounde_peri,2022,12,341,49,5.010000000000007,6.68,25.959999999999997,635.3399999999999,1.4054274472636183,-0.23633333333333084,24.61,equatorial
19.24,23.83,28.2,20.4,83.54,1.0,1.67,4.73,0.75,0.77,2022-12-08,Yaounde_peri,2022,12,342,49,5.870000000000007,7.65,26.21,593.6899999999999,1.1983551938399248,0.07866666666666688,24.61,equatorial
17.05,23.95,28.14,20.03,83.0,0.54,2.04,4.52,0.75,0.77,2022-12-09,Yaounde_peri,2022,12,343,49,6.300000000000007,7.710000000000001,25.82,586.94,1.164406971011465,0.18833333333333613,24.61,equatorial
20.35,22.96,27.0,19.82,82.24,0.04,1.85,3.36,0.74,0.76,2022-12-10,Yaounde_peri,2022,12,344,49,6.270000000000007,6.910000000000001,18.75,581.17,1.1353456438342344,-0.8173333333333304,24.61,equatorial
19.99,23.37,29.19,17.34,75.83,0.08,1.44,5.16,0.74,0.76,2022-12-11,Yaounde_peri,2022,12,345,49,6.270000000000007,6.950000000000001,18.43,576.35,1.1110167427062632,-0.4173333333333318,24.61,equatorial
17.69,23.52,27.37,19.5,81.32,1.16,1.15,3.52,0.74,0.76,2022-12-12,Yaounde_peri,2022,12,346,50,7.410000000000007,8.030000000000001,17.36,571.34,1.085766953264001,-0.2809999999999988,24.33,equatorial
16.07,23.25,28.02,19.05,81.92,1.8,1.47,4.75,0.74,0.76,2022-12-13,Yaounde_peri,2022,12,347,50,9.170000000000007,9.71,17.53,569.31,1.0753020632779058,-0.5330000000000013,23.95,equatorial
16.32,23.69,27.98,20.26,81.07,1.24,1.25,4.51,0.73,0.76,2022-12-14,Yaounde_peri,2022,12,348,50,5.8600000000000065,10.870000000000001,18.119999999999997,565.5799999999999,1.0564229616340985,-0.0796666666666681,23.95,equatorial
16.53,23.68,28.28,18.94,78.74,0.65,1.39,4.81,0.73,0.75,2022-12-15,Yaounde_peri,2022,12,349,50,5.510000000000007,11.38,17.51,561.06,1.033644231764214,-0.08333333333333215,23.95,equatorial
10.67,23.17,27.32,19.45,85.36,4.09,1.6,3.69,0.73,0.76,2022-12-16,Yaounde_peri,2022,12,350,50,9.060000000000006,15.36,19.5,561.47,1.035307892261447,-0.570999999999998,23.69,equatorial
16.11,23.32,26.87,20.61,85.43,0.05,1.29,2.72,0.73,0.75,2022-12-17,Yaounde_peri,2022,12,351,50,9.070000000000007,15.34,18.85,558.14,1.0184408509357799,-0.40433333333333366,23.69,equatorial
18.26,23.48,28.35,20.16,77.89,0.0,1.76,4.6,0.73,0.75,2022-12-18,Yaounde_peri,2022,12,352,50,8.990000000000007,15.26,18.62,552.07,0.9880102732403441,-0.2683333333333344,23.69,equatorial
19.99,22.92,28.51,16.2,67.08,0.0,1.56,5.34,0.72,0.74,2022-12-19,Yaounde_peri,2022,12,353,51,7.830000000000007,15.24,18.11,549.59,0.9753872848417503,-0.804666666666666,23.69,equatorial
16.71,23.04,27.93,18.19,70.39,0.0,1.33,4.58,0.72,0.74,2022-12-20,Yaounde_peri,2022,12,354,51,6.0300000000000065,15.2,17.630000000000003,543.52,0.9449846953633458,-0.6580000000000013,23.69,equatorial
14.89,22.61,27.27,18.49,78.77,0.0,1.73,4.0,0.72,0.74,2022-12-21,Yaounde_peri,2022,12,355,51,4.790000000000006,10.65,17.55,538.6600000000001,0.9205961073609396,-1.0386666666666677,23.68,equatorial
15.96,22.53,26.93,18.29,77.87,0.0,1.17,3.7,0.71,0.74,2022-12-22,Yaounde_peri,2022,12,356,51,4.140000000000007,9.65,17.37,524.1800000000001,0.8485501490299334,-1.076666666666668,23.48,equatorial
16.14,22.66,27.04,18.9,78.6,0.0,0.94,4.37,0.71,0.73,2022-12-23,Yaounde_peri,2022,12,357,51,0.05000000000000711,9.11,17.330000000000002,516.89,0.8121714682020493,-0.9103333333333339,23.48,equatorial
16.87,22.48,27.62,16.81,74.9,0.0,1.81,4.7,0.71,0.73,2022-12-24,Yaounde_peri,2022,12,358,51,0.0,9.07,17.3,495.71999999999997,0.707012377387407,-1.0499999999999972,23.48,equatorial
19.49,22.2,28.04,16.88,77.16,0.0,2.48,4.8,0.71,0.72,2022-12-25,Yaounde_peri,2022,12,359,51,0.0,8.99,16.82,441.03999999999996,0.43575468126950023,-1.2820000000000036,23.04,equatorial
16.83,22.46,28.24,17.49,76.51,0.0,2.54,5.16,0.7,0.72,2022-12-26,Yaounde_peri,2022,12,360,52,0.0,7.83,15.979999999999999,394.46,0.20468671833413155,-0.9629999999999974,23.04,equatorial
19.93,22.86,28.64,18.34,79.44,0.0,2.74,5.35,0.7,0.72,2022-12-27,Yaounde_peri,2022,12,361,52,0.0,6.03,15.94,376.52,0.1156716887044638,-0.5249999999999986,22.86,equatorial
22.61,22.91,28.92,18.66,78.2,0.01,2.78,5.52,0.7,0.71,2022-12-28,Yaounde_peri,2022,12,362,52,0.010000000000007106,4.800000000000001,15.87,374.41999999999996,0.1052342339815909,-0.42999999999999616,22.91,equatorial
21.82,22.76,28.58,17.01,73.47,0.0,2.08,4.96,0.7,0.71,2022-12-29,Yaounde_peri,2022,12,363,52,0.010000000000007106,4.15,15.75,368.9,0.07782849319717688,-0.5549999999999997,22.91,equatorial
18.23,22.35,28.47,16.75,71.88,0.0,2.48,5.21,0.69,0.71,2022-12-30,Yaounde_peri,2022,12,364,52,0.010000000000007106,0.06000000000000089,15.67,362.08,0.04397176142371098,-0.9326666666666661,22.91,equatorial
19.42,23.27,29.07,16.63,69.71,0.0,1.84,5.06,0.69,0.71,2022-12-31,Yaounde_peri,2022,12,365,52,0.010000000000007106,0.010000000000000888,15.53,360.47999999999996,0.0360230731442567,0.012666666666667936,23.27,equatorial
17.72,23.95,29.0,17.93,74.64,0.0,1.89,4.72,0.69,0.7,2023-01-01,Yaounde_peri,2023,1,1,52,0.010000000000007106,0.010000000000000888,15.42,358.66999999999996,0.027031937753607255,0.7026666666666657,23.95,equatorial
19.26,24.16,28.98,19.59,76.53,0.0,1.76,4.61,0.68,0.7,2023-01-02,Yaounde_peri,2023,1,2,1,0.010000000000007106,0.010000000000000888,15.35,353.93999999999994,0.0035432353601490764,0.8930000000000007,24.16,equatorial
20.7,23.69,29.38,18.77,77.42,0.0,2.37,5.29,0.68,0.7,2023-01-03,Yaounde_peri,2023,1,3,1,0.010000000000007106,0.010000000000000888,15.27,343.95,-0.046065413740681814,0.4390000000000036,24.16,equatorial
19.71,23.39,29.13,18.37,75.91,0.0,2.46,5.0,0.68,0.7,2023-01-04,Yaounde_peri,2023,1,4,1,0.0,0.010000000000000888,15.25,329.91999999999996,-0.11573895255032286,0.17966666666666598,24.16,equatorial
18.35,23.53,28.09,19.34,78.23,0.0,1.32,3.63,0.68,0.7,2023-01-05,Yaounde_peri,2023,1,5,1,0.0,0.010000000000000888,15.209999999999999,314.59,-0.19186910689137177,0.3463333333333338,24.16,equatorial
16.44,24.14,29.29,19.62,80.83,0.12,1.78,4.33,0.68,0.69,2023-01-06,Yaounde_peri,2023,1,6,1,0.1200000000000071,0.1300000000000009,10.780000000000001,310.98999999999995,-0.2097205676090928,0.9356666666666662,24.16,equatorial
19.27,24.6,29.58,20.7,79.03,0.07,1.78,4.42,0.68,0.69,2023-01-07,Yaounde_peri,2023,1,7,1,0.1900000000000071,0.2000000000000009,9.850000000000001,306.03999999999996,-0.2342795636461071,1.370000000000001,24.6,equatorial
18.11,23.92,29.27,19.98,79.16,0.08,2.03,4.67,0.67,0.69,2023-01-08,Yaounde_peri,2023,1,8,1,0.2700000000000071,0.2800000000000009,9.389999999999999,294.32,-0.2924824345136111,0.690999999999999,24.6,equatorial
19.11,23.41,29.1,18.76,74.56,0.04,1.77,4.98,0.67,0.69,2023-01-09,Yaounde_peri,2023,1,9,2,0.3100000000000071,0.3200000000000009,9.39,281.86999999999995,-0.3543097570450665,0.16599999999999682,24.6,equatorial
19.15,23.34,29.01,17.33,62.46,0.01,1.63,5.28,0.67,0.68,2023-01-10,Yaounde_peri,2023,1,10,2,0.3200000000000071,0.3300000000000009,9.32,274.91,-0.38884032257738066,0.09699999999999775,24.6,equatorial
18.09,23.19,28.61,17.78,70.48,0.0,1.33,4.36,0.66,0.68,2023-01-11,Yaounde_peri,2023,1,11,2,0.3200000000000071,0.3200000000000009,8.16,266.27000000000004,-0.43171951938991393,-0.04200000000000159,24.6,equatorial
19.08,22.6,27.75,18.0,67.08,0.0,1.63,4.33,0.66,0.68,2023-01-12,Yaounde_peri,2023,1,12,2,0.3200000000000071,0.3200000000000009,6.359999999999999,260.92,-0.45823413997221907,-0.6103333333333332,24.6,equatorial
21.38,22.32,28.58,17.76,77.3,0.0,2.36,4.83,0.66,0.68,2023-01-13,Yaounde_peri,2023,1,13,2,0.20000000000000712,0.3200000000000009,5.119999999999999,248.23,-0.5212455321674588,-0.8446666666666651,24.6,equatorial
19.85,22.72,29.03,16.58,69.88,0.0,2.25,4.85,0.66,0.67,2023-01-14,Yaounde_peri,2023,1,14,2,0.1300000000000071,0.3200000000000009,4.47,245.28,-0.5358041870659757,-0.41266666666667007,23.92,equatorial
16.2,23.69,28.88,18.55,70.02,0.0,1.38,4.35,0.66,0.67,2023-01-15,Yaounde_peri,2023,1,15,2,0.05000000000000711,0.3200000000000009,0.38,243.69,-0.5435954187956523,0.5400000000000027,23.69,equatorial
17.77,23.83,29.52,18.79,73.23,0.03,1.92,4.8,0.66,0.67,2023-01-16,Yaounde_peri,2023,1,16,3,0.040000000000007106,0.35000000000000087,0.36,238.5,-0.5692933599484546,0.6630000000000003,23.83,equatorial
16.86,24.01,29.55,18.41,70.26,0.03,1.37,4.5,0.65,0.67,2023-01-17,Yaounde_peri,2023,1,17,3,0.0600000000000071,0.3800000000000009,0.39,230.34,-0.6097611270962737,0.8253333333333366,24.01,equatorial
14.06,24.19,29.69,19.15,75.75,0.05,1.67,4.7,0.65,0.66,2023-01-18,Yaounde_peri,2023,1,18,3,0.1100000000000071,0.4300000000000009,0.44,205.89000000000001,-0.7312642144793494,0.963000000000001,24.19,equatorial
18.84,24.34,29.85,19.8,71.7,0.04,1.47,4.68,0.65,0.66,2023-01-19,Yaounde_peri,2023,1,19,3,0.1500000000000071,0.47000000000000086,0.48000000000000004,201.82999999999998,-0.7512736159683081,1.0696666666666665,24.34,equatorial
18.36,24.34,29.53,20.01,75.91,0.05,1.36,4.27,0.65,0.66,2023-01-20,Yaounde_peri,2023,1,20,3,0.20000000000000712,0.4000000000000009,0.53,193.45,-0.792769961826961,1.012000000000004,24.34,equatorial
17.79,23.93,29.01,19.66,80.54,0.0,1.57,4.13,0.65,0.66,2023-01-21,Yaounde_peri,2023,1,21,3,0.20000000000000712,0.3300000000000009,0.53,167.67,-0.9208222714652594,0.5553333333333335,24.34,equatorial
14.12,24.17,29.04,20.51,80.24,0.0,1.27,3.65,0.65,0.66,2023-01-22,Yaounde_peri,2023,1,22,3,0.20000000000000712,0.2500000000000009,0.53,164.43999999999997,-0.9366039685947004,0.745000000000001,24.34,equatorial
17.78,24.76,30.23,20.27,76.53,0.0,1.44,4.94,0.64,0.66,2023-01-23,Yaounde_peri,2023,1,23,4,0.17000000000000712,0.21000000000000088,0.53,160.93999999999997,-0.9537196124450502,1.259000000000004,24.76,equatorial
15.08,24.67,30.63,19.63,73.54,0.0,1.3,5.07,0.64,0.65,2023-01-24,Yaounde_peri,2023,1,24,4,0.14000000000000712,0.2000000000000009,0.53,157.26,-0.9717202239923588,1.0866666666666696,24.76,equatorial
16.63,24.84,29.91,20.73,78.1,0.0,1.15,4.23,0.64,0.65,2023-01-25,Yaounde_peri,2023,1,25,4,0.0900000000000071,0.2000000000000009,0.53,149.51,-1.009958772714976,1.1773333333333333,24.84,equatorial
19.04,24.43,29.18,20.67,82.46,0.11,1.33,3.63,0.64,0.65,2023-01-26,Yaounde_peri,2023,1,26,4,0.1600000000000071,0.31000000000000094,0.64,96.36,-1.2740081303038426,0.7149999999999999,24.84,equatorial
15.72,23.75,27.57,21.07,87.38,0.22,1.82,2.67,0.64,0.65,2023-01-27,Yaounde_peri,2023,1,27,4,0.3300000000000071,0.5300000000000009,0.85,84.82,-1.330830183425023,0.006999999999997897,24.84,equatorial
16.86,23.9,27.96,21.17,87.41,0.33,2.43,3.26,0.64,0.65,2023-01-28,Yaounde_peri,2023,1,28,4,0.660000000000007,0.860000000000001,1.1800000000000002,73.71,-1.3854440346205457,0.11899999999999977,24.84,equatorial
20.16,23.69,27.22,21.03,87.14,0.3,1.7,2.35,0.64,0.66,2023-01-29,Yaounde_peri,2023,1,29,4,0.9600000000000071,1.160000000000001,1.48,71.46,-1.39594363595793,-0.13566666666666904,24.84,equatorial
14.21,24.64,29.43,21.12,83.0,0.37,1.49,3.48,0.64,0.65,2023-01-30,Yaounde_peri,2023,1,30,5,1.3300000000000072,1.5000000000000009,1.85,69.87,-1.4031491614097842,0.7686666666666646,24.84,equatorial
22.71,24.6,29.68,21.43,84.39,0.65,1.55,3.81,0.64,0.65,2023-01-31,Yaounde_peri,2023,1,31,5,1.980000000000007,2.120000000000001,2.5,67.49000000000001,-1.4142708426429766,0.7069999999999972,24.84,equatorial
21.19,24.88,30.06,21.04,82.62,0.88,1.33,4.02,0.64,0.65,2023-02-01,Yaounde_peri,2023,2,32,5,2.860000000000007,2.950000000000001,3.38,63.28,-1.434469386294024,0.9629999999999939,24.88,equatorial
14.06,24.58,28.91,21.19,83.47,0.55,1.23,2.86,0.64,0.65,2023-02-02,Yaounde_peri,2023,2,33,5,3.3000000000000074,3.460000000000001,3.93,59.96,-1.450218806978092,0.6333333333333329,24.88,equatorial
21.52,24.9,30.08,20.78,81.27,0.25,1.4,3.55,0.64,0.65,2023-02-03,Yaounde_peri,2023,2,34,5,3.330000000000007,3.660000000000001,4.18,42.879999999999995,-1.5342767155007169,0.9029999999999987,24.9,equatorial
18.16,25.12,29.89,21.31,80.5,0.55,1.35,3.92,0.63,0.64,2023-02-04,Yaounde_peri,2023,2,35,5,3.550000000000007,4.210000000000001,4.73,42.13,-1.5371302902559578,1.0700000000000003,25.12,equatorial
20.08,24.67,29.5,21.22,82.89,0.95,1.57,3.67,0.63,0.65,2023-02-05,Yaounde_peri,2023,2,36,5,4.200000000000007,5.160000000000001,5.56,42.3,-1.5354131138206455,0.6023333333333305,25.12,equatorial
18.63,24.69,30.4,20.79,81.1,0.59,1.49,4.58,0.63,0.64,2023-02-06,Yaounde_peri,2023,2,37,6,4.420000000000007,5.750000000000001,6.08,42.14,-1.535336303485428,0.6193333333333335,25.12,equatorial
16.2,24.75,30.1,20.85,81.99,0.74,1.74,4.5,0.63,0.64,2023-02-07,Yaounde_peri,2023,2,38,6,4.510000000000007,6.490000000000001,6.74,41.949999999999996,-1.5354085426796027,0.6516666666666673,25.12,equatorial
19.9,24.77,30.4,20.81,80.35,0.31,1.5,4.32,0.62,0.63,2023-02-08,Yaounde_peri,2023,2,39,6,3.940000000000007,6.800000000000001,7.010000000000001,35.15,-1.5682651976896458,0.626333333333335,25.12,equatorial
18.72,24.94,30.1,20.84,81.11,0.6,1.44,4.53,0.62,0.63,2023-02-09,Yaounde_peri,2023,2,40,6,3.990000000000007,7.290000000000001,7.6,35.35,-1.5663580386574363,0.7430000000000021,25.12,equatorial
18.41,25.12,30.35,21.2,78.91,0.03,1.57,4.26,0.62,0.62,2023-02-10,Yaounde_peri,2023,2,41,6,3.7700000000000067,7.1000000000000005,7.63,33.150000000000006,-1.5763514987486746,0.858666666666668,25.12,equatorial
18.97,25.27,31.04,20.0,75.18,0.0,1.17,4.55,0.61,0.62,2023-02-11,Yaounde_peri,2023,2,42,6,3.220000000000007,6.7700000000000005,7.63,31.52,-1.5835033452076783,0.919666666666668,25.27,equatorial
20.88,25.21,31.35,20.4,74.74,0.0,1.58,4.54,0.61,0.61,2023-02-12,Yaounde_peri,2023,2,43,6,2.2700000000000067,6.470000000000001,7.63,30.869999999999997,-1.5857876221953655,0.7633333333333319,25.27,equatorial
17.76,24.85,30.82,20.12,75.57,0.0,1.4,4.4,0.6,0.61,2023-02-13,Yaounde_peri,2023,2,44,7,1.680000000000007,6.1000000000000005,7.63,29.61,-1.5910896244913963,0.3323333333333309,25.27,equatorial
19.48,24.33,29.82,20.22,75.34,0.0,1.71,4.12,0.6,0.61,2023-02-14,Yaounde_peri,2023,2,45,7,0.940000000000007,5.450000000000001,7.63,27.509999999999998,-1.6005422870037174,-0.20899999999999963,25.27,equatorial
21.47,23.24,28.87,19.0,73.61,0.0,1.41,3.96,0.6,0.61,2023-02-15,Yaounde_peri,2023,2,46,7,0.630000000000007,4.57,7.6000000000000005,26.81,-1.6030477776162126,-1.2793333333333372,25.27,equatorial
17.84,23.75,28.81,19.73,73.34,0.0,1.72,3.15,0.6,0.6,2023-02-16,Yaounde_peri,2023,2,47,7,0.030000000000007104,4.0200000000000005,7.57,26.58,-1.6032228166052334,-0.760666666666669,25.27,equatorial
20.38,22.99,29.56,18.06,68.62,0.0,2.77,4.74,0.6,0.6,2023-02-17,Yaounde_peri,2023,2,48,7,0.0,3.7700000000000005,7.5200000000000005,26.07,-1.6047830647632146,-1.480666666666668,25.27,equatorial
18.74,22.8,29.66,17.44,69.57,0.0,3.05,4.34,0.59,0.6,2023-02-18,Yaounde_peri,2023,2,49,7,0.0,3.2200000000000006,7.48,25.59,-1.6061922739302548,-1.61933333333333,25.21,equatorial
20.02,24.0,31.56,17.28,65.58,0.0,2.23,5.15,0.59,0.59,2023-02-19,Yaounde_peri,2023,2,50,7,0.0,2.2700000000000005,7.430000000000001,25.509999999999998,-1.605620957483055,-0.40800000000000125,24.85,equatorial
18.06,24.62,30.96,19.34,76.37,0.0,1.35,3.86,0.58,0.59,2023-02-20,Yaounde_peri,2023,2,51,8,0.0,1.6800000000000008,7.430000000000001,25.33,-1.605545106423056,0.1890000000000036,24.62,equatorial
17.44,24.98,30.36,21.02,82.21,0.0,1.33,3.3,0.58,0.59,2023-02-21,Yaounde_peri,2023,2,52,8,0.0,0.940000000000001,7.430000000000001,25.29,-1.6047774701333102,0.5219999999999985,24.98,equatorial
14.74,25.25,30.06,21.8,83.79,0.0,1.74,3.36,0.58,0.59,2023-02-22,Yaounde_peri,2023,2,53,8,0.0,0.630000000000001,7.430000000000001,25.259999999999998,-1.6039618168868464,0.7756666666666661,25.25,equatorial
15.83,25.14,30.06,21.95,82.21,0.0,2.09,3.59,0.58,0.59,2023-02-23,Yaounde_peri,2023,2,54,8,0.0,0.030000000000000887,7.430000000000001,24.779999999999998,-1.605370707709211,0.6500000000000021,25.25,equatorial
16.1,25.37,30.51,21.54,81.68,0.0,1.83,3.77,0.58,0.58,2023-02-24,Yaounde_peri,2023,2,55,8,0.0,0.0,7.430000000000001,23.939999999999998,-1.6085551965671898,0.8623333333333321,25.37,equatorial
17.88,25.55,31.12,21.78,81.32,1.48,1.82,4.57,0.58,0.59,2023-02-25,Yaounde_peri,2023,2,56,8,1.480000000000007,1.4800000000000009,8.8,25.38,-1.6004766974999867,1.004999999999999,25.55,equatorial
16.05,25.24,30.19,21.79,82.33,0.79,1.7,3.88,0.58,0.59,2023-02-26,Yaounde_peri,2023,2,57,8,2.270000000000007,2.270000000000001,9.37,26.09,-1.596015615726198,0.6453333333333298,25.55,equatorial
18.9,25.3,30.66,21.48,82.33,0.95,1.88,4.11,0.58,0.58,2023-02-27,Yaounde_peri,2023,2,58,9,3.220000000000007,3.2200000000000006,9.989999999999998,26.92,-1.5909700125886974,0.6586666666666687,25.55,equatorial
16.15,24.25,27.77,22.18,88.82,2.49,2.09,2.27,0.58,0.6,2023-02-28,Yaounde_peri,2023,2,59,9,5.710000000000007,5.710000000000001,12.18,29.33,-1.5781375445782204,-0.41000000000000014,25.55,equatorial
21.16,24.8,29.87,21.35,83.57,0.98,2.04,3.93,0.58,0.59,2023-03-01,Yaounde_peri,2023,3,60,9,6.690000000000007,6.690000000000001,12.79,30.169999999999998,-1.5730708381021947,0.13466666666667138,25.55,equatorial
16.5,24.01,27.54,21.96,89.11,2.76,2.2,2.3,0.58,0.61,2023-03-02,Yaounde_peri,2023,3,61,9,9.450000000000006,9.450000000000001,14.9,32.82,-1.5590865008292996,-0.6356666666666655,25.55,equatorial
19.89,24.44,28.65,21.22,87.3,4.46,1.51,2.8,0.59,0.62,2023-03-03,Yaounde_peri,2023,3,62,9,13.910000000000007,13.91,18.48,37.21,-1.536545746113809,-0.1909999999999954,25.55,equatorial
18.16,24.83,28.6,21.95,85.69,5.2,1.08,2.65,0.6,0.64,2023-03-04,Yaounde_peri,2023,3,63,9,17.630000000000006,19.11,23.13,42.33,-1.5104417284332514,0.19066666666666165,25.3,equatorial
16.84,25.54,30.19,22.09,85.39,5.54,1.45,3.72,0.6,0.64,2023-03-05,Yaounde_peri,2023,3,64,9,22.38000000000001,24.65,28.42,47.849999999999994,-1.4824056812028026,0.8793333333333315,25.54,equatorial
15.44,24.54,27.02,22.74,92.06,9.48,2.43,2.16,0.62,0.67,2023-03-06,Yaounde_peri,2023,3,65,10,30.91000000000001,34.13,37.35,57.29,-1.4350923411780157,-0.10133333333333283,25.54,equatorial
17.65,24.72,28.46,22.29,88.93,5.12,2.47,3.42,0.63,0.66,2023-03-07,Yaounde_peri,2023,3,66,10,33.540000000000006,39.25,41.52,57.86,-1.431549303233966,0.07700000000000173,25.54,equatorial
18.96,24.48,28.31,21.61,88.25,2.67,2.31,3.61,0.63,0.65,2023-03-08,Yaounde_peri,2023,3,67,10,35.23000000000001,41.92,43.6,59.53,-1.4225921011133724,-0.15600000000000236,25.54,equatorial
17.13,24.06,26.85,21.99,89.04,4.44,1.84,2.49,0.63,0.66,2023-03-09,Yaounde_peri,2023,3,68,10,36.910000000000004,46.36,47.3,63.43000000000001,-1.4026626431900244,-0.5530000000000008,25.54,equatorial
5.38,23.4,26.27,21.41,89.29,4.25,1.2,1.92,0.63,0.66,2023-03-10,Yaounde_peri,2023,3,69,10,36.7,50.61,51.24,67.64,-1.3812324595948728,-1.1673333333333389,25.54,equatorial
11.88,23.62,27.65,20.6,81.72,4.52,1.34,3.07,0.64,0.67,2023-03-11,Yaounde_peri,2023,3,70,10,36.02000000000001,53.650000000000006,55.160000000000004,72.08000000000001,-1.3586967731087078,-0.9033333333333324,25.54,equatorial
20.17,24.21,30.13,19.43,79.31,0.25,1.52,5.23,0.63,0.64,2023-03-12,Yaounde_peri,2023,3,71,10,30.73000000000001,53.11,55.38,71.16999999999999,-1.3625316614173566,-0.2829999999999977,24.72,equatorial
21.09,23.28,25.89,21.06,81.77,1.03,1.92,2.42,0.63,0.64,2023-03-13,Yaounde_peri,2023,3,72,11,22.280000000000005,53.190000000000005,56.410000000000004,70.39999999999999,-1.3656726715585366,-1.1466666666666647,24.72,equatorial
19.91,23.88,29.4,19.19,81.12,1.49,1.98,4.9,0.62,0.63,2023-03-14,Yaounde_peri,2023,3,73,11,18.65000000000001,52.19,57.9,70.65,-1.3637890428351236,-0.5023333333333362,24.48,equatorial
17.63,23.47,26.46,21.51,90.16,1.69,2.1,2.21,0.62,0.64,2023-03-15,Yaounde_peri,2023,3,74,11,17.670000000000005,52.900000000000006,59.59,71.69,-1.3580197070458795,-0.8663333333333334,24.21,equatorial
15.8,22.64,25.11,20.87,88.02,1.89,1.68,2.37,0.62,0.64,2023-03-16,Yaounde_peri,2023,3,75,11,15.120000000000006,52.03,61.480000000000004,69.49000000000001,-1.3682017357175749,-1.639999999999997,24.21,equatorial
23.72,24.22,30.13,19.63,77.87,0.23,1.57,5.32,0.61,0.62,2023-03-17,Yaounde_peri,2023,3,76,11,11.100000000000007,47.800000000000004,61.71,69.67,-1.3666609279147226,-0.09266666666666623,24.22,equatorial
17.41,23.5,27.55,20.26,86.51,1.08,1.79,3.2,0.6,0.62,2023-03-18,Yaounde_peri,2023,3,77,11,7.660000000000007,43.68,62.79,70.75,-1.3606945282150908,-0.8043333333333322,24.22,equatorial
19.77,22.29,25.41,20.3,88.1,3.09,2.36,3.22,0.61,0.63,2023-03-19,Yaounde_peri,2023,3,78,11,10.500000000000007,41.230000000000004,65.88,73.84,-1.344848439684721,-1.9909999999999997,24.22,equatorial
19.58,24.46,29.18,20.42,79.9,0.98,1.06,4.56,0.6,0.61,2023-03-20,Yaounde_peri,2023,3,79,12,10.450000000000008,32.73,66.86,74.82,-1.3393992876337901,0.12366666666666504,24.46,equatorial
15.65,23.73,27.26,21.4,85.01,5.04,1.17,3.55,0.61,0.64,2023-03-21,Yaounde_peri,2023,3,80,12,14.000000000000007,32.65,71.9,79.86,-1.3139903233784933,-0.597333333333335,24.46,equatorial
19.38,23.28,26.84,20.65,85.7,2.41,1.33,2.99,0.61,0.62,2023-03-22,Yaounde_peri,2023,3,81,12,14.720000000000006,32.39,74.31,82.27,-1.3015431390985654,-1.0026666666666664,24.46,equatorial
17.82,23.84,28.13,20.45,87.88,3.74,1.37,3.51,0.61,0.63,2023-03-23,Yaounde_peri,2023,3,82,12,16.570000000000007,31.69,78.05,86.00999999999999,-1.282570516079098,-0.4046666666666674,24.46,equatorial
15.97,23.6,27.11,21.32,87.61,5.39,1.69,3.5,0.61,0.64,2023-03-24,Yaounde_peri,2023,3,83,12,21.730000000000008,32.83,83.44,91.39999999999999,-1.2555062445118652,-0.5896666666666661,24.46,equatorial
22.22,24.14,28.22,20.77,83.76,8.81,0.87,4.23,0.62,0.67,2023-03-25,Yaounde_peri,2023,3,84,12,29.460000000000008,37.120000000000005,92.25,100.21,-1.2116561877021388,-0.01633333333333553,24.46,equatorial
18.91,23.45,26.75,21.07,87.81,7.57,0.94,2.92,0.63,0.68,2023-03-26,Yaounde_peri,2023,3,85,12,33.940000000000005,44.44,99.82,107.78,-1.1739440768776717,-0.6423333333333332,24.46,equatorial
19.74,23.98,28.6,20.15,85.33,1.52,1.93,4.94,0.63,0.64,2023-03-27,Yaounde_peri,2023,3,86,13,34.48000000000001,44.93,99.86,109.3,-1.1660078870492367,-0.05999999999999872,24.14,equatorial
16.93,24.5,28.87,21.35,84.5,3.6,1.42,4.51,0.63,0.65,2023-03-28,Yaounde_peri,2023,3,87,13,33.040000000000006,47.04,102.67,112.89,-1.1479033816683666,0.48466666666666924,24.5,equatorial
12.62,23.88,27.61,21.26,87.99,2.68,1.78,3.49,0.62,0.64,2023-03-29,Yaounde_peri,2023,3,88,13,33.31,48.03,104.4,115.57000000000001,-1.1342878630504625,-0.08800000000000097,24.5,equatorial
20.52,24.69,29.17,21.01,84.81,3.51,1.19,4.37,0.62,0.64,2023-03-30,Yaounde_peri,2023,3,89,13,33.080000000000005,49.65,105.42,119.08000000000001,-1.1166041894715881,0.7073333333333345,24.69,equatorial
21.26,23.26,25.39,21.08,93.21,7.88,1.45,1.67,0.63,0.68,2023-03-31,Yaounde_peri,2023,3,90,13,35.57000000000001,57.300000000000004,112.32000000000001,126.96000000000001,-1.0774548050602153,-0.6713333333333331,24.69,equatorial
15.57,24.27,29.2,20.07,85.58,1.72,1.22,4.48,0.63,0.65,2023-04-01,Yaounde_peri,2023,4,91,13,28.480000000000008,57.94,111.28,128.68,-1.0686140964015423,0.33000000000000185,24.69,equatorial
19.26,23.74,26.91,21.42,89.65,5.52,1.22,2.48,0.63,0.66,2023-04-02,Yaounde_peri,2023,4,92,13,26.430000000000007,60.37,112.34,134.20000000000002,-1.0411018203115485,-0.17666666666666941,24.69,equatorial
12.12,23.51,26.43,20.97,91.6,15.63,1.49,2.4,0.64,0.7,2023-04-03,Yaounde_peri,2023,4,93,14,40.540000000000006,75.02,122.77,149.83,-0.963912405940533,-0.36266666666666225,24.69,equatorial
17.07,24.73,28.37,21.48,83.1,4.75,1.05,3.84,0.66,0.69,2023-04-04,Yaounde_peri,2023,4,94,14,41.690000000000005,74.73,121.97999999999999,154.58,-0.9402539999726333,0.8843333333333341,24.73,equatorial
23.75,24.98,29.48,20.84,84.55,2.21,1.1,4.48,0.65,0.67,2023-04-05,Yaounde_peri,2023,4,95,14,41.220000000000006,74.52999999999999,114.71000000000001,156.79,-0.9290960905514042,1.1196666666666637,24.98,equatorial
11.68,24.99,28.92,22.08,88.17,4.48,1.33,3.76,0.65,0.67,2023-04-06,Yaounde_peri,2023,4,96,14,42.190000000000005,75.27,114.07,161.15,-0.9073747494015171,1.120666666666665,24.99,equatorial
21.8,24.42,27.96,22.02,89.65,1.48,1.49,3.06,0.64,0.66,2023-04-07,Yaounde_peri,2023,4,97,14,35.790000000000006,71.36,112.88,162.56,-0.9001686636284593,0.5526666666666706,24.99,equatorial
16.69,24.4,27.79,21.65,90.75,6.06,1.99,3.13,0.64,0.67,2023-04-08,Yaounde_peri,2023,4,98,14,40.13000000000001,68.61,114.5,168.54,-0.870497430455576,0.521333333333331,24.99,equatorial
15.95,24.09,27.15,21.88,91.75,4.16,2.57,3.05,0.65,0.68,2023-04-09,Yaounde_peri,2023,4,99,14,38.77000000000001,65.2,114.41,172.66,-0.8499864269716165,0.18833333333333613,24.99,equatorial
18.28,24.42,27.99,21.92,89.61,1.78,2.09,3.41,0.64,0.66,2023-04-10,Yaounde_peri,2023,4,100,15,24.92000000000001,65.46,111.67,174.43,-0.8410407323769271,0.4916666666666707,24.99,equatorial
7.43,23.52,26.57,21.74,92.71,16.02,2.02,2.97,0.66,0.72,2023-04-11,Yaounde_peri,2023,4,101,15,36.19000000000001,77.88,127.44,190.45000000000002,-0.7620226295069741,-0.3853333333333353,24.99,equatorial
19.32,25.14,29.0,20.9,82.18,0.34,1.04,4.49,0.66,0.67,2023-04-12,Yaounde_peri,2023,4,102,15,34.32000000000001,75.54,126.75,190.79000000000002,-0.7601513327543015,1.1726666666666645,25.14,equatorial
19.02,25.48,29.5,21.55,84.08,1.4,1.01,4.4,0.65,0.66,2023-04-13,Yaounde_peri,2023,4,103,15,31.240000000000006,73.43,126.66,192.19000000000003,-0.7530672151946037,1.4593333333333298,25.48,equatorial
15.07,24.48,27.34,22.38,89.2,4.51,1.94,2.94,0.64,0.67,2023-04-14,Yaounde_peri,2023,4,104,15,34.27000000000001,70.06,129.48,196.70000000000002,-0.730687973210505,0.4256666666666682,25.48,equatorial
20.13,24.55,27.49,22.0,85.01,1.29,0.79,2.7,0.64,0.66,2023-04-15,Yaounde_peri,2023,4,105,15,29.500000000000007,69.63000000000001,128.88,197.99,-0.7241569193658017,0.4319999999999986,25.48,equatorial
13.88,24.88,28.85,21.19,85.13,3.83,1.06,4.6,0.64,0.66,2023-04-16,Yaounde_peri,2023,4,106,15,29.17000000000001,67.94,132.48000000000002,201.79000000000002,-0.7052795355592074,0.7399999999999984,25.48,equatorial
23.32,24.89,28.5,22.18,85.65,5.79,0.91,3.77,0.64,0.67,2023-04-17,Yaounde_peri,2023,4,107,16,33.18000000000001,58.1,137.19,207.55,-0.6767645288571434,0.7036666666666669,25.48,equatorial
19.49,24.77,28.0,21.71,87.08,8.63,1.31,3.79,0.65,0.7,2023-04-18,Yaounde_peri,2023,4,108,16,25.790000000000006,61.980000000000004,142.73,216.13,-0.6343811098317873,0.5009999999999977,25.48,equatorial
14.03,25.22,28.58,21.52,85.48,12.13,1.29,4.33,0.66,0.71,2023-04-19,Yaounde_peri,2023,4,109,16,37.58000000000001,71.9,153.88,228.22,-0.5747339155560988,0.9256666666666646,25.48,equatorial
19.87,25.44,29.54,21.84,85.02,3.95,1.13,4.79,0.66,0.68,2023-04-20,Yaounde_peri,2023,4,110,16,40.13000000000001,71.37,152.79000000000002,232.12,-0.5554115918568279,1.0886666666666684,25.44,equatorial
16.58,24.66,27.91,22.39,91.14,6.38,2.12,3.89,0.66,0.69,2023-04-21,Yaounde_peri,2023,4,111,16,42.00000000000001,76.27000000000001,156.76000000000002,238.5,-0.5238846719929795,0.2626666666666644,25.44,equatorial
17.73,24.04,26.69,21.8,92.1,5.01,2.47,2.93,0.66,0.69,2023-04-22,Yaounde_peri,2023,4,112,16,45.720000000000006,75.22,158.03,243.51,-0.49910837641722083,-0.36400000000000077,25.44,equatorial
20.02,24.11,27.33,21.68,90.03,1.14,1.8,3.14,0.66,0.67,2023-04-23,Yaounde_peri,2023,4,113,16,43.03000000000001,72.2,153.78,244.65,-0.49339226056721686,-0.31099999999999994,25.44,equatorial
19.9,25.14,29.24,21.58,85.06,0.81,1.22,4.7,0.65,0.66,2023-04-24,Yaounde_peri,2023,4,114,17,38.05000000000001,71.23,145.78000000000003,245.46,-0.48930224690742696,0.6856666666666662,25.44,equatorial
11.55,23.79,26.34,22.18,92.01,6.06,1.34,2.12,0.64,0.68,2023-04-25,Yaounde_peri,2023,4,115,17,35.480000000000004,61.269999999999996,144.26999999999998,251.52,-0.45935485345070937,-0.6756666666666682,25.44,equatorial
19.72,24.03,27.23,21.51,89.17,2.31,1.3,3.02,0.65,0.67,2023-04-26,Yaounde_peri,2023,4,116,17,25.660000000000007,63.24,145.06,253.72,-0.4484260545416129,-0.43733333333333135,25.44,equatorial
12.75,23.37,26.22,21.3,91.19,3.55,1.69,2.99,0.65,0.67,2023-04-27,Yaounde_peri,2023,4,117,17,25.26000000000001,65.39,145.01,257.05,-0.43193152446808464,-1.059666666666665,25.14,equatorial
19.8,24.2,28.35,21.0,87.93,3.4,1.66,4.88,0.64,0.66,2023-04-28,Yaounde_peri,2023,4,118,17,22.28000000000001,64.28,145.73000000000002,260.12,-0.4167201277698044,-0.24033333333333573,25.14,equatorial
10.58,23.25,26.44,21.38,90.68,2.39,2.62,3.62,0.64,0.67,2023-04-29,Yaounde_peri,2023,4,119,17,19.660000000000007,65.38,144.60999999999999,262.21000000000004,-0.4063400066160514,-1.1423333333333332,25.14,equatorial
21.06,23.18,26.88,19.94,88.21,3.02,2.15,4.83,0.64,0.66,2023-04-30,Yaounde_peri,2023,4,120,17,21.540000000000006,64.57,139.75,264.86,-0.3932008944860548,-1.2096666666666671,25.14,equatorial
20.26,23.41,26.87,20.98,89.99,7.83,1.91,4.45,0.64,0.68,2023-05-01,Yaounde_peri,2023,5,121,18,28.56000000000001,66.61,145.85999999999999,272.03999999999996,-0.35773230216957713,-0.9510000000000005,24.2,equatorial
13.0,23.16,26.3,21.05,91.71,6.59,1.39,3.08,0.65,0.69,2023-05-02,Yaounde_peri,2023,5,122,18,29.090000000000003,64.57,146.93,277.75,-0.32951407528165993,-1.1816666666666649,24.2,equatorial
16.14,23.7,27.07,20.79,86.99,1.28,1.43,3.08,0.65,0.66,2023-05-03,Yaounde_peri,2023,5,123,18,28.060000000000006,53.720000000000006,132.57999999999998,278.48,-0.3258544465310525,-0.6480000000000032,24.2,equatorial
15.64,24.24,28.68,20.6,82.06,0.95,1.8,5.5,0.64,0.65,2023-05-04,Yaounde_peri,2023,5,124,18,25.460000000000004,50.72,128.78,279.18,-0.322343051668599,-0.09166666666666856,24.24,equatorial
18.74,24.25,28.9,19.69,85.35,2.36,1.53,5.36,0.63,0.65,2023-05-05,Yaounde_peri,2023,5,125,18,24.42000000000001,46.699999999999996,128.93,280.99,-0.31335683744753284,-0.0573333333333359,24.25,equatorial
10.17,23.5,26.22,21.91,92.36,3.53,1.95,2.66,0.63,0.66,2023-05-06,Yaounde_peri,2023,5,126,18,25.560000000000006,45.22,127.98,283.57000000000005,-0.30057260591978147,-0.7576666666666689,24.25,equatorial
18.16,24.4,27.96,21.48,88.09,1.83,1.44,2.97,0.63,0.65,2023-05-07,Yaounde_peri,2023,5,127,18,24.370000000000008,45.91,128.33,284.81,-0.29440070941930374,0.14299999999999713,24.4,equatorial
22.38,25.22,28.38,21.92,82.24,2.18,0.88,4.49,0.63,0.64,2023-05-08,Yaounde_peri,2023,5,128,19,18.720000000000006,47.279999999999994,124.45,286.25,-0.28724223108005925,0.9356666666666662,25.22,equatorial
17.08,24.9,29.14,21.68,87.19,1.19,1.45,3.99,0.62,0.64,2023-05-09,Yaounde_peri,2023,5,129,19,13.320000000000007,42.410000000000004,121.48,287.13,-0.28284804119971335,0.5886666666666649,25.22,equatorial
16.03,24.57,27.88,22.2,89.69,1.57,1.89,3.23,0.62,0.64,2023-05-10,Yaounde_peri,2023,5,130,19,13.610000000000008,41.67,121.27000000000001,288.1,-0.2780098391964476,0.2536666666666676,25.22,equatorial
20.45,25.12,29.34,21.62,86.9,0.26,1.52,4.6,0.61,0.63,2023-05-11,Yaounde_peri,2023,5,131,19,12.920000000000007,38.38,105.50999999999999,288.33,-0.27682528881920343,0.7503333333333373,25.22,equatorial
15.91,25.04,28.17,22.22,87.06,0.25,1.37,2.56,0.61,0.62,2023-05-12,Yaounde_peri,2023,5,132,19,10.810000000000008,35.230000000000004,105.42,288.58,-0.27554206579415863,0.6736666666666657,25.22,equatorial
23.49,25.5,29.2,22.45,85.08,0.23,1.55,3.34,0.61,0.62,2023-05-13,Yaounde_peri,2023,5,133,19,7.510000000000008,33.07,104.25,288.81,-0.27435769950591665,1.1329999999999991,25.5,equatorial
17.24,25.38,28.77,22.38,86.59,0.15,0.95,2.8,0.6,0.62,2023-05-14,Yaounde_peri,2023,5,134,19,5.830000000000007,30.2,99.89000000000001,288.96,-0.2735685547165123,0.982999999999997,25.5,equatorial
16.68,25.82,29.83,22.83,86.83,0.2,1.64,4.36,0.6,0.61,2023-05-15,Yaounde_peri,2023,5,135,20,3.850000000000007,22.569999999999997,98.8,289.15999999999997,-0.2725324711941184,1.38066666666667,25.82,equatorial
19.7,25.05,28.38,22.43,89.94,3.29,2.0,3.28,0.6,0.62,2023-05-16,Yaounde_peri,2023,5,136,20,5.950000000000007,19.27,98.26,292.45,-0.2562294990926337,0.6050000000000004,25.82,equatorial
12.86,24.79,28.16,22.51,90.36,5.0,1.85,3.71,0.6,0.63,2023-05-17,Yaounde_peri,2023,5,137,20,9.380000000000006,22.99,97.47,297.45,-0.23147715615522307,0.3483333333333327,25.82,equatorial
20.91,25.67,30.03,22.22,83.51,3.27,0.95,5.03,0.6,0.63,2023-05-18,Yaounde_peri,2023,5,138,20,12.390000000000008,25.31,92.11,300.71999999999997,-0.21527588716273552,1.1983333333333341,25.82,equatorial
19.09,25.8,29.97,21.85,83.48,4.58,1.07,5.35,0.6,0.63,2023-05-19,Yaounde_peri,2023,5,139,20,16.720000000000006,27.53,84.55999999999999,305.3,-0.1925995947375662,1.309000000000001,25.82,equatorial
15.64,24.72,27.65,22.47,90.19,7.27,1.46,2.68,0.61,0.66,2023-05-20,Yaounde_peri,2023,5,140,20,23.760000000000005,31.269999999999996,87.88,312.57,-0.1566246238337822,0.2530000000000001,25.82,equatorial
15.91,24.75,28.73,22.29,88.44,1.14,1.68,3.91,0.61,0.63,2023-05-21,Yaounde_peri,2023,5,141,20,24.750000000000007,30.58,82.63999999999999,313.71,-0.15096143910495055,0.2800000000000047,25.82,equatorial
14.03,24.99,29.03,21.43,86.67,0.78,1.58,4.4,0.61,0.62,2023-05-22,Yaounde_peri,2023,5,142,21,25.33000000000001,29.18,78.41,314.49,-0.14707873804815377,0.4883333333333333,25.8,equatorial
17.8,25.47,29.16,22.18,85.92,1.63,1.01,3.69,0.6,0.62,2023-05-23,Yaounde_peri,2023,5,143,21,23.670000000000005,29.619999999999997,78.9,316.12,-0.13899172779907246,0.9229999999999983,25.8,equatorial
17.81,25.91,29.8,22.8,84.2,0.81,1.28,4.22,0.6,0.61,2023-05-24,Yaounde_peri,2023,5,144,21,19.480000000000008,28.86,78.9,316.93,-0.134961463608517,1.3373333333333335,25.91,equatorial
16.39,24.45,27.0,22.75,92.01,1.08,1.75,1.79,0.6,0.61,2023-05-25,Yaounde_peri,2023,5,145,21,17.290000000000006,29.68,73.92,318.01,-0.12959531956484127,-0.14466666666666939,25.91,equatorial
14.73,25.11,29.22,21.93,88.41,2.96,1.68,3.83,0.6,0.62,2023-05-26,Yaounde_peri,2023,5,146,21,15.670000000000007,32.39,74.57,319.49,-0.12224975700474172,0.47933333333333294,25.91,equatorial
15.48,24.27,27.26,22.44,92.49,5.4,2.36,2.78,0.6,0.64,2023-05-27,Yaounde_peri,2023,5,147,21,13.800000000000008,37.559999999999995,76.42,324.1,-0.0994122838180625,-0.39066666666666805,25.91,equatorial
13.1,23.27,25.48,21.6,92.87,7.12,1.82,2.75,0.61,0.66,2023-05-28,Yaounde_peri,2023,5,148,21,19.78000000000001,44.53,80.14,330.27000000000004,-0.06885242232579357,-1.3596666666666657,25.91,equatorial
19.38,24.35,28.17,21.26,86.5,1.4,1.19,4.17,0.61,0.63,2023-05-29,Yaounde_peri,2023,5,149,22,20.400000000000006,45.730000000000004,79.15,329.18,-0.07423789849082904,-0.3163333333333327,25.91,equatorial
17.9,24.71,28.56,21.33,85.44,1.8,1.05,4.24,0.61,0.63,2023-05-30,Yaounde_peri,2023,5,150,22,20.570000000000007,44.239999999999995,77.92999999999999,330.0,-0.0701651637293039,-0.0073333333333316375,25.91,equatorial
14.22,24.05,26.24,21.8,87.75,13.79,1.0,2.51,0.62,0.69,2023-05-31,Yaounde_peri,2023,5,151,22,33.55000000000001,53.029999999999994,83.89,341.03,-0.015524894113806996,-0.6886666666666663,25.11,equatorial
17.74,24.77,28.87,20.99,83.08,1.55,0.85,5.17,0.63,0.65,2023-06-01,Yaounde_peri,2023,6,152,22,34.02000000000001,51.31,78.85,338.12,-0.029937220266279287,-0.022333333333332206,25.11,equatorial
15.02,24.68,28.6,21.46,87.63,3.64,1.33,4.41,0.62,0.65,2023-06-02,Yaounde_peri,2023,6,153,22,34.70000000000001,50.370000000000005,81.21,336.56,-0.037661153026728365,-0.14499999999999957,24.77,equatorial
15.42,23.64,26.35,21.81,92.8,6.0,1.68,2.53,0.62,0.66,2023-06-03,Yaounde_peri,2023,6,154,22,35.300000000000004,49.1,86.26,337.02000000000004,-0.03537564765180359,-1.1649999999999991,24.77,equatorial
16.22,24.24,27.7,21.64,91.53,7.48,1.91,3.62,0.63,0.67,2023-06-04,Yaounde_peri,2023,6,155,22,35.660000000000004,55.44,91.38000000000001,335.02,-0.04528183456224909,-0.5646666666666675,24.77,equatorial
13.56,23.59,25.81,21.54,94.75,10.25,1.77,1.7,0.65,0.7,2023-06-05,Yaounde_peri,2023,6,156,23,44.510000000000005,64.91,98.10000000000001,340.15,-0.019846203628267636,-1.2176666666666627,24.77,equatorial
14.83,22.63,24.76,20.93,93.52,7.34,1.66,2.25,0.66,0.7,2023-06-06,Yaounde_peri,2023,6,157,23,50.05000000000001,70.62,103.61000000000001,344.82,0.003308937991735334,-2.118666666666666,24.77,equatorial
13.86,23.61,27.3,21.03,89.75,3.11,2.23,4.44,0.65,0.67,2023-06-07,Yaounde_peri,2023,6,158,23,39.370000000000005,72.92,104.54,343.48999999999995,-0.0032862580915202742,-1.0850000000000009,24.77,equatorial
11.64,23.26,26.97,20.51,90.46,4.94,2.88,5.09,0.65,0.68,2023-06-08,Yaounde_peri,2023,6,159,23,42.760000000000005,76.78,108.29,344.17999999999995,0.00013612026696465925,-1.3803333333333292,24.68,equatorial
11.97,22.88,26.4,20.29,90.65,2.87,2.0,3.64,0.65,0.67,2023-06-09,Yaounde_peri,2023,6,160,23,41.99000000000001,76.69000000000001,109.58999999999999,342.53,-0.008047904088446717,-1.7040000000000006,24.24,equatorial
16.32,23.61,27.5,20.77,88.81,1.47,1.7,4.21,0.64,0.66,2023-06-10,Yaounde_peri,2023,6,161,23,37.46000000000001,72.76,110.80000000000001,343.75,-0.001994414938602057,-0.9236666666666657,24.24,equatorial
13.49,23.78,27.56,20.96,88.36,3.07,1.72,4.41,0.63,0.66,2023-06-11,Yaounde_peri,2023,6,162,23,33.05000000000001,68.71,113.62,345.79,0.008127596779208733,-0.711666666666666,23.78,equatorial
13.61,23.34,26.3,20.99,89.88,2.19,2.03,3.37,0.63,0.65,2023-06-12,Yaounde_peri,2023,6,163,24,24.99000000000001,69.5,115.58,346.49,0.01159997154194296,-1.0796666666666646,23.78,equatorial
16.27,23.17,26.26,21.04,89.75,1.02,2.21,3.23,0.63,0.64,2023-06-13,Yaounde_peri,2023,6,164,24,18.67000000000001,68.72,116.44999999999999,345.82,0.008272733720709625,-1.1759999999999984,23.78,equatorial
15.42,23.63,27.64,20.67,88.9,2.91,2.14,4.22,0.62,0.64,2023-06-14,Yaounde_peri,2023,6,165,24,18.47000000000001,57.84,119.16000000000001,346.84000000000003,0.01333470107356584,-0.6430000000000042,23.78,equatorial
15.85,22.43,24.82,20.55,92.03,2.88,1.58,2.36,0.62,0.65,2023-06-15,Yaounde_peri,2023,6,166,24,16.410000000000007,59.17,118.75,349.49,0.026489342682584946,-1.7556666666666665,23.78,equatorial
15.02,23.57,28.17,19.87,85.19,1.91,1.61,5.55,0.62,0.63,2023-06-16,Yaounde_peri,2023,6,167,24,15.450000000000006,57.44,115.66,350.32000000000005,0.030606528809378124,-0.5749999999999993,23.78,equatorial
14.23,23.46,26.91,20.91,90.41,2.51,2.59,3.84,0.62,0.64,2023-06-17,Yaounde_peri,2023,6,168,24,16.49000000000001,53.949999999999996,114.9,349.74,0.027721039333624114,-0.6113333333333308,23.78,equatorial
11.02,23.5,26.48,21.51,92.99,2.66,2.09,2.31,0.62,0.64,2023-06-18,Yaounde_peri,2023,6,169,24,16.080000000000005,49.13,112.98,351.41999999999996,0.036061516740772,-0.4946666666666637,23.63,equatorial
13.78,23.46,27.19,20.8,90.01,2.38,1.66,3.58,0.62,0.64,2023-06-19,Yaounde_peri,2023,6,170,25,16.270000000000007,41.26,108.09,348.76,0.02284068227280468,-0.49266666666666836,23.63,equatorial
12.35,23.64,27.17,21.0,89.45,3.28,1.99,4.15,0.61,0.64,2023-06-20,Yaounde_peri,2023,6,171,25,18.53000000000001,37.2,110.23,349.63,0.027159886875361285,-0.27566666666666606,23.64,equatorial
11.23,22.37,24.53,21.02,93.59,7.91,2.16,2.09,0.63,0.67,2023-06-21,Yaounde_peri,2023,6,172,25,23.53000000000001,42.0,117.36000000000001,353.79999999999995,0.0478789344693021,-1.4583333333333321,23.64,equatorial
13.59,22.86,26.51,20.46,88.81,2.06,2.85,4.13,0.62,0.64,2023-06-22,Yaounde_peri,2023,6,173,25,22.710000000000004,39.12,117.78999999999999,350.46999999999997,0.031319581089954224,-0.881333333333334,23.64,equatorial
11.99,23.24,27.72,19.49,87.13,1.63,2.0,5.29,0.62,0.63,2023-06-23,Yaounde_peri,2023,6,174,25,22.43000000000001,37.88,118.61,343.29,-0.004379108060578462,-0.4123333333333363,23.64,equatorial
15.74,23.13,27.41,19.78,86.62,1.23,2.37,5.1,0.61,0.63,2023-06-24,Yaounde_peri,2023,6,175,25,21.150000000000006,37.64,118.75999999999999,336.95,-0.03590126388142351,-0.4783333333333353,23.64,equatorial
11.46,22.22,25.48,19.95,88.69,8.48,2.23,3.39,0.61,0.64,2023-06-25,Yaounde_peri,2023,6,176,25,26.970000000000006,43.050000000000004,124.28,343.91,-0.00128433805096985,-1.2920000000000016,23.64,equatorial
9.91,22.33,25.64,20.2,91.04,14.28,1.41,2.76,0.64,0.72,2023-06-26,Yaounde_peri,2023,6,177,26,38.870000000000005,55.14,133.16,354.59,0.05183461271491268,-1.1173333333333346,23.64,equatorial
12.63,23.56,28.15,19.9,88.56,2.85,1.85,5.07,0.64,0.66,2023-06-27,Yaounde_peri,2023,6,178,26,38.440000000000005,56.970000000000006,128.89000000000001,354.76,0.05267189033610484,0.10299999999999798,23.56,equatorial
11.69,22.45,25.26,20.44,92.31,2.57,2.37,2.5,0.64,0.66,2023-06-28,Yaounde_peri,2023,6,179,26,33.10000000000001,56.629999999999995,130.06,353.82,0.0479866289091695,-0.9436666666666653,23.56,equatorial
16.14,23.57,27.61,20.18,88.49,1.93,2.24,4.63,0.63,0.65,2023-06-29,Yaounde_peri,2023,6,180,26,32.970000000000006,55.68000000000001,130.19,347.87,0.018371277668274774,0.21433333333333593,23.57,equatorial
11.39,23.62,26.91,20.87,88.99,9.02,1.11,3.3,0.63,0.68,2023-06-30,Yaounde_peri,2023,6,181,26,40.36000000000001,62.79,125.42,355.17,0.054699462118938044,0.2786666666666662,23.62,equatorial
13.47,24.17,28.0,20.78,85.81,4.7,1.03,4.67,0.64,0.68,2023-07-01,Yaounde_peri,2023,7,182,26,43.830000000000005,64.98,128.57,354.34999999999997,0.050608940446516704,0.84866666666667,24.17,equatorial
15.65,24.63,28.57,21.24,83.6,4.37,0.91,5.42,0.64,0.66,2023-07-02,Yaounde_peri,2023,7,183,26,39.720000000000006,66.69,129.3,343.09,-0.005456817392937029,1.310333333333336,24.63,equatorial
16.68,24.59,28.8,20.98,84.24,3.15,0.87,5.02,0.64,0.66,2023-07-03,Yaounde_peri,2023,7,184,27,28.590000000000007,67.46000000000001,126.45,341.49,-0.013422779986847726,1.238666666666667,24.63,equatorial
14.08,23.92,28.13,20.95,87.64,6.26,1.91,5.08,0.63,0.66,2023-07-04,Yaounde_peri,2023,7,185,27,32.00000000000001,70.44,125.22999999999999,345.54,0.006748694921267745,0.5793333333333379,24.63,equatorial
9.82,22.72,25.64,20.7,91.76,3.09,1.55,2.37,0.63,0.66,2023-07-05,Yaounde_peri,2023,7,186,27,32.52,65.62,118.07,344.15,-0.00017581368104287388,-0.5916666666666686,24.63,equatorial
13.0,24.12,28.6,20.28,83.96,0.66,0.96,5.19,0.63,0.64,2023-07-06,Yaounde_peri,2023,7,187,27,31.250000000000004,64.22,111.38999999999999,343.33,-0.004260764628403376,0.7586666666666666,24.63,equatorial
13.49,24.08,28.35,20.4,87.05,5.06,1.13,4.18,0.62,0.65,2023-07-07,Yaounde_peri,2023,7,188,27,27.290000000000006,67.65,113.33999999999999,342.33,-0.009242563506932127,0.7029999999999959,24.63,equatorial
7.52,23.36,26.51,20.9,87.82,6.56,1.64,3.81,0.63,0.67,2023-07-08,Yaounde_peri,2023,7,189,27,29.150000000000006,72.97999999999999,114.96,344.73,0.0027188068758297788,-0.020333333333336867,24.63,equatorial
10.99,23.29,27.52,19.93,86.45,1.35,1.85,4.89,0.63,0.64,2023-07-09,Yaounde_peri,2023,7,190,27,26.13000000000001,65.85000000000001,113.44000000000001,344.29999999999995,0.0005752126807713268,-0.10400000000000276,24.59,equatorial
10.75,23.1,26.78,20.05,89.53,1.39,2.1,3.81,0.62,0.63,2023-07-10,Yaounde_peri,2023,7,191,28,24.370000000000005,52.959999999999994,113.35999999999999,329.67,-0.07235373963695567,-0.277000000000001,24.12,equatorial
13.56,24.5,29.15,20.37,84.17,0.62,1.03,4.88,0.61,0.62,2023-07-11,Yaounde_peri,2023,7,192,28,18.730000000000008,50.73,110.91,329.95000000000005,-0.0709460755435429,1.0990000000000002,24.5,equatorial
12.94,24.48,28.53,21.12,85.04,1.01,1.04,4.0,0.61,0.62,2023-07-12,Yaounde_peri,2023,7,193,28,16.650000000000006,49.169999999999995,109.73,329.56,-0.07287935667556975,1.0409999999999968,24.5,equatorial
13.85,23.94,28.01,20.59,86.67,1.25,1.46,3.57,0.6,0.62,2023-07-13,Yaounde_peri,2023,7,194,28,17.240000000000006,48.489999999999995,109.96000000000001,326.3,-0.0891260837954513,0.47533333333333516,24.5,equatorial
11.33,23.86,28.05,20.7,82.0,0.27,1.77,3.86,0.6,0.61,2023-07-14,Yaounde_peri,2023,7,195,28,12.450000000000008,39.74,107.32,325.28,-0.09419949226063783,0.38766666666666794,24.5,equatorial
15.51,24.37,29.2,19.28,79.18,0.21,1.38,4.66,0.59,0.6,2023-07-15,Yaounde_peri,2023,7,196,28,6.100000000000008,35.25,104.65,321.65999999999997,-0.11224386617645807,0.833000000000002,24.5,equatorial
15.38,25.19,28.93,21.27,79.78,0.37,0.98,4.03,0.58,0.6,2023-07-16,Yaounde_peri,2023,7,197,28,5.120000000000006,31.25,103.11,316.24,-0.13926939458063123,1.5990000000000038,25.19,equatorial
12.12,25.38,30.32,20.99,81.24,0.32,1.01,4.94,0.58,0.59,2023-07-17,Yaounde_peri,2023,7,198,29,4.050000000000007,28.42,100.92,307.92999999999995,-0.18071672356748456,1.7249999999999943,25.38,equatorial
15.0,24.4,27.79,21.78,87.7,0.45,1.6,2.48,0.57,0.59,2023-07-18,Yaounde_peri,2023,7,199,29,3.8800000000000074,22.61,98.71,296.25,-0.23898301957099155,0.7149999999999963,25.38,equatorial
13.75,23.62,27.01,21.51,88.21,1.24,2.51,2.58,0.57,0.59,2023-07-19,Yaounde_peri,2023,7,200,29,4.1100000000000065,20.759999999999998,97.57000000000001,293.54,-0.2524704221311902,-0.07033333333333402,25.38,equatorial
13.48,23.76,27.9,21.0,88.51,7.34,2.5,4.15,0.58,0.63,2023-07-20,Yaounde_peri,2023,7,201,29,10.200000000000006,27.439999999999998,101.63000000000001,294.5,-0.2476345647049036,0.06566666666666521,25.38,equatorial
10.98,23.66,27.82,20.82,87.64,3.16,2.36,4.07,0.59,0.61,2023-07-21,Yaounde_peri,2023,7,202,29,13.090000000000007,25.54,96.88,292.65000000000003,-0.2568301518998802,-0.07733333333333192,25.38,equatorial
10.5,23.83,27.83,20.93,86.39,11.23,1.51,4.18,0.59,0.64,2023-07-22,Yaounde_peri,2023,7,203,29,24.110000000000007,30.21,106.05000000000001,302.74,-0.20639597968063372,0.06033333333332891,25.38,equatorial
10.54,23.86,27.93,20.52,87.36,6.39,1.47,4.18,0.61,0.66,2023-07-23,Yaounde_peri,2023,7,204,29,30.130000000000006,35.25,110.81,308.32,-0.17849004343118888,0.06966666666666654,25.38,equatorial
11.03,23.72,28.16,20.81,87.63,2.51,2.58,4.87,0.61,0.63,2023-07-24,Yaounde_peri,2023,7,205,30,32.32000000000001,36.37,112.09,304.77000000000004,-0.19619525000619353,-0.08999999999999986,24.4,equatorial
10.83,23.75,28.38,20.19,86.3,1.37,2.25,4.62,0.6,0.61,2023-07-25,Yaounde_peri,2023,7,206,30,33.24000000000001,37.120000000000005,104.98,303.83000000000004,-0.20085933729947483,-0.1109999999999971,23.86,equatorial
11.62,24.55,28.89,21.08,85.86,1.4,1.64,4.5,0.6,0.61,2023-07-26,Yaounde_peri,2023,7,207,30,33.400000000000006,37.51,92.1,301.68,-0.21156992054943985,0.6149999999999984,24.55,equatorial
12.0,23.79,27.13,21.26,88.28,1.68,2.04,3.12,0.59,0.61,2023-07-27,Yaounde_peri,2023,7,208,30,27.740000000000006,37.94,90.92999999999999,299.96000000000004,-0.22013108860674716,-0.15266666666666495,24.55,equatorial
12.37,23.95,28.28,21.0,87.47,2.63,2.53,4.46,0.59,0.61,2023-07-28,Yaounde_peri,2023,7,209,30,27.210000000000008,40.300000000000004,90.99,300.2,-0.21889455080045234,-0.04266666666666907,24.55,equatorial
14.06,23.41,27.49,21.04,89.44,11.91,2.37,4.15,0.6,0.67,2023-07-29,Yaounde_peri,2023,7,210,30,27.890000000000008,52.0,100.97,309.09,-0.17441249615384802,-0.5773333333333319,24.55,equatorial
15.35,23.9,27.89,20.45,86.77,0.43,2.13,4.19,0.6,0.61,2023-07-30,Yaounde_peri,2023,7,211,30,21.930000000000007,52.06,92.38,301.69,-0.21138578700288602,-0.09666666666666757,24.55,equatorial
13.89,24.16,28.61,21.11,86.77,0.75,2.68,4.21,0.6,0.61,2023-07-31,Yaounde_peri,2023,7,212,31,20.17000000000001,52.49,88.42999999999999,295.84999999999997,-0.24055637771095353,0.16366666666666774,24.55,equatorial
12.22,23.41,27.81,20.61,86.22,0.38,3.21,3.56,0.59,0.6,2023-08-01,Yaounde_peri,2023,8,213,31,19.180000000000007,52.42,84.44,294.95,-0.24501735654310214,-0.5456666666666692,24.55,equatorial
11.16,23.27,27.46,20.44,86.52,0.41,2.37,3.44,0.59,0.6,2023-08-02,Yaounde_peri,2023,8,214,31,18.19000000000001,51.589999999999996,81.7,294.41,-0.24767729192495735,-0.6416666666666693,24.16,equatorial
11.12,22.76,26.56,20.16,86.6,0.71,2.75,3.47,0.58,0.59,2023-08-03,Yaounde_peri,2023,8,215,31,17.22000000000001,44.96,76.14999999999999,292.76,-0.25589071318794027,-1.1129999999999995,24.16,equatorial
14.25,23.96,28.77,20.12,84.18,1.71,1.57,4.69,0.58,0.59,2023-08-04,Yaounde_peri,2023,8,216,31,16.300000000000008,43.51,74.77,290.94,-0.26495447594457033,0.045666666666665634,24.16,equatorial
10.97,22.64,25.09,20.98,91.91,2.44,1.98,1.87,0.58,0.6,2023-08-05,Yaounde_peri,2023,8,217,31,6.830000000000007,34.72,76.55000000000001,291.55,-0.2618564569761056,-1.2250000000000014,24.16,equatorial
9.56,22.78,26.45,20.24,89.55,3.94,2.82,3.77,0.58,0.61,2023-08-06,Yaounde_peri,2023,8,218,31,10.340000000000007,32.27,75.43,293.31,-0.25300233105997233,-1.0416666666666643,24.16,equatorial
9.38,22.45,26.04,19.94,89.54,2.37,2.54,2.93,0.58,0.61,2023-08-07,Yaounde_peri,2023,8,219,32,11.960000000000008,32.129999999999995,71.24,294.49,-0.24705217382221134,-1.3413333333333348,23.96,equatorial
6.33,22.7,26.73,20.22,88.73,1.56,2.32,3.26,0.58,0.6,2023-08-08,Yaounde_peri,2023,8,220,32,13.140000000000008,32.32,71.44999999999999,294.48,-0.24706053834869549,-1.0716666666666654,23.96,equatorial
9.47,22.69,25.76,20.4,90.41,2.84,1.81,2.44,0.58,0.6,2023-08-09,Yaounde_peri,2023,8,221,32,15.570000000000007,33.76,72.9,297.06,-0.23409895971492892,-1.0679999999999978,23.96,equatorial
11.2,23.68,28.06,20.33,87.45,8.91,1.62,4.86,0.59,0.64,2023-08-10,Yaounde_peri,2023,8,222,32,23.77000000000001,40.989999999999995,81.19,305.72,-0.1906861632693682,-0.05066666666666464,23.96,equatorial
11.48,23.74,27.43,20.79,89.66,12.2,1.77,3.77,0.61,0.68,2023-08-11,Yaounde_peri,2023,8,223,32,34.260000000000005,50.559999999999995,92.38,317.69,-0.1306933666031546,0.03399999999999892,23.74,equatorial
15.38,23.82,27.47,21.71,89.3,2.84,2.08,3.48,0.61,0.63,2023-08-12,Yaounde_peri,2023,8,224,32,34.66000000000001,41.489999999999995,93.97,320.38,-0.11719503716304162,0.11799999999999855,23.82,equatorial
10.45,22.98,26.04,20.87,89.86,4.89,1.4,3.08,0.61,0.65,2023-08-13,Yaounde_peri,2023,8,225,32,35.61000000000001,45.949999999999996,98.59,325.07,-0.09367499465038642,-0.6926666666666641,23.82,equatorial
11.12,23.96,28.3,20.45,84.43,0.75,1.19,4.35,0.61,0.63,2023-08-14,Yaounde_peri,2023,8,226,33,33.99000000000001,45.949999999999996,99.13,322.53,-0.10638971539101093,0.30100000000000193,23.96,equatorial
13.28,24.61,28.55,20.89,84.9,2.41,1.3,4.13,0.6,0.62,2023-08-15,Yaounde_peri,2023,8,227,33,34.84000000000001,47.98,101.17,319.94,-0.11935497021926032,0.9703333333333326,24.61,equatorial
15.82,25.11,29.46,21.48,83.13,3.41,1.18,4.77,0.6,0.63,2023-08-16,Yaounde_peri,2023,8,228,33,35.410000000000004,50.98,104.25999999999999,320.08000000000004,-0.11863390228761907,1.479333333333333,25.11,equatorial
13.39,25.09,29.64,21.46,84.79,1.94,1.09,4.88,0.6,0.62,2023-08-17,Yaounde_peri,2023,8,229,33,28.44000000000001,52.21,105.75,317.44,-0.13185190340007605,1.4363333333333337,25.11,equatorial
9.87,23.94,27.51,21.75,89.37,3.25,2.03,3.33,0.59,0.62,2023-08-18,Yaounde_peri,2023,8,230,33,19.49000000000001,53.75,107.75999999999999,313.42,-0.15199020426760806,0.2756666666666696,25.11,equatorial
14.65,23.12,26.21,20.97,90.32,2.0,2.27,2.87,0.59,0.61,2023-08-19,Yaounde_peri,2023,8,231,33,18.65000000000001,53.31,102.41999999999999,314.28000000000003,-0.14765214146211264,-0.5229999999999961,25.11,equatorial
15.54,24.29,28.9,20.34,84.28,0.96,1.36,5.07,0.59,0.6,2023-08-20,Yaounde_peri,2023,8,232,33,14.720000000000008,50.33,100.22,314.46,-0.14672528244436275,0.6260000000000012,25.11,equatorial
14.01,24.18,27.99,21.14,87.78,5.27,1.56,3.92,0.59,0.62,2023-08-21,Yaounde_peri,2023,8,233,34,19.24000000000001,53.23,94.25999999999999,318.09999999999997,-0.12843907952778866,0.5043333333333351,25.11,equatorial
18.07,24.73,29.15,21.48,87.74,3.25,1.75,4.68,0.59,0.62,2023-08-22,Yaounde_peri,2023,8,234,34,20.08000000000001,54.919999999999995,91.11999999999999,320.53999999999996,-0.11617460185499918,1.0253333333333359,25.11,equatorial
11.18,23.72,27.02,21.53,89.56,4.69,1.57,3.0,0.59,0.62,2023-08-23,Yaounde_peri,2023,8,235,34,21.36000000000001,56.769999999999996,93.3,324.15,-0.0980382946863299,0.01533333333333431,25.09,equatorial
14.28,23.71,27.74,21.13,87.29,1.29,1.74,4.05,0.59,0.61,2023-08-24,Yaounde_peri,2023,8,236,34,20.710000000000008,49.150000000000006,93.22,322.48,-0.10640524838922992,0.006666666666667709,24.73,equatorial
16.2,24.41,28.51,20.63,84.96,1.26,1.31,4.12,0.59,0.6,2023-08-25,Yaounde_peri,2023,8,237,34,18.72000000000001,38.21,93.08,318.34,-0.12717231401010537,0.7113333333333358,24.73,equatorial
20.17,23.92,27.4,21.69,89.5,2.78,1.62,2.9,0.58,0.61,2023-08-26,Yaounde_peri,2023,8,238,34,19.500000000000007,38.150000000000006,94.17999999999999,314.0,-0.1489433672300191,0.2170000000000023,24.73,equatorial
15.4,23.3,26.43,21.29,89.28,9.55,1.31,2.81,0.59,0.63,2023-08-27,Yaounde_peri,2023,8,239,34,28.090000000000007,42.81,101.1,322.15,-0.1079910870944636,-0.3813333333333304,24.73,equatorial
15.84,23.19,26.82,20.52,89.46,13.69,1.66,3.37,0.62,0.7,2023-08-28,Yaounde_peri,2023,8,240,35,36.510000000000005,55.75,102.88000000000001,334.03999999999996,-0.0482542020583563,-0.4839999999999982,24.73,equatorial
14.05,23.26,26.42,20.81,89.54,4.79,1.28,2.75,0.62,0.65,2023-08-29,Yaounde_peri,2023,8,241,35,38.050000000000004,58.129999999999995,107.24,325.04,-0.09345780262507716,-0.39266666666666694,24.41,equatorial
18.33,23.49,27.4,20.77,89.06,2.4,2.3,4.39,0.62,0.64,2023-08-30,Yaounde_peri,2023,8,242,35,35.76000000000001,57.120000000000005,108.89,325.89000000000004,-0.08917229401854486,-0.14033333333333786,24.41,equatorial
17.85,23.67,28.16,20.27,87.13,1.7,1.95,5.22,0.61,0.63,2023-08-31,Yaounde_peri,2023,8,243,35,36.17000000000001,56.879999999999995,110.21000000000001,323.95,-0.09890667389592257,0.03100000000000236,24.41,equatorial
15.85,22.93,26.43,20.69,91.83,6.84,2.36,3.45,0.61,0.65,2023-09-01,Yaounde_peri,2023,9,244,35,41.75000000000001,60.47,116.63999999999999,324.78999999999996,-0.09466921195803041,-0.6976666666666631,23.92,equatorial
14.24,23.01,26.96,20.55,89.99,5.95,2.17,4.31,0.62,0.66,2023-09-02,Yaounde_peri,2023,9,245,35,44.92000000000001,64.42,121.88,323.26,-0.1023448503240856,-0.6260000000000012,23.67,equatorial
12.11,22.88,26.34,20.55,90.86,1.55,2.2,2.75,0.62,0.64,2023-09-03,Yaounde_peri,2023,9,246,35,36.92000000000001,65.00999999999999,121.72,314.56,-0.14606676479099473,-0.7200000000000024,23.67,equatorial
13.89,22.39,25.45,20.47,90.34,2.56,3.02,3.3,0.61,0.64,2023-09-04,Yaounde_peri,2023,9,247,36,25.79000000000001,62.3,121.83999999999999,309.78,-0.1700777309684997,-1.2016666666666644,23.67,equatorial
17.83,22.48,26.15,19.45,87.67,1.23,1.9,3.28,0.61,0.62,2023-09-05,Yaounde_peri,2023,9,248,36,22.230000000000008,60.28,119.13,307.90000000000003,-0.17950445903462178,-1.1016666666666666,23.67,equatorial
16.11,24.17,29.13,19.94,84.78,0.73,1.37,5.34,0.6,0.62,2023-09-06,Yaounde_peri,2023,9,249,36,20.56000000000001,56.32,117.49000000000001,303.69,-0.20065007899000825,0.5310000000000024,24.17,equatorial
17.87,24.91,29.91,20.87,85.64,1.55,1.54,5.33,0.59,0.61,2023-09-07,Yaounde_peri,2023,9,250,36,20.410000000000007,56.580000000000005,117.48,302.37,-0.20725731207111178,1.197333333333333,24.91,equatorial
14.85,23.18,25.62,21.67,92.54,8.03,2.17,2.3,0.59,0.64,2023-09-08,Yaounde_peri,2023,9,251,36,21.60000000000001,63.349999999999994,122.67,308.93,-0.1742187728958708,-0.5489999999999995,24.91,equatorial
13.82,23.12,26.68,20.69,89.64,6.74,2.33,4.54,0.6,0.65,2023-09-09,Yaounde_peri,2023,9,252,36,22.390000000000008,67.31,120.5,312.6,-0.1557231981880645,-0.5903333333333336,24.91,equatorial
16.37,23.45,27.7,20.43,87.4,1.4,2.47,5.07,0.6,0.62,2023-09-10,Yaounde_peri,2023,9,253,36,22.240000000000006,59.16,109.7,311.81,-0.15967395250839914,-0.2506666666666675,24.91,equatorial
14.17,23.4,27.42,20.59,88.28,3.73,2.76,4.49,0.6,0.62,2023-09-11,Yaounde_peri,2023,9,254,37,23.410000000000007,49.2,110.58999999999999,314.52000000000004,-0.14600734290238768,-0.2866666666666653,24.91,equatorial
16.75,23.53,28.01,20.68,89.15,5.95,2.84,4.82,0.6,0.64,2023-09-12,Yaounde_peri,2023,9,255,37,28.13000000000001,50.36,111.64999999999999,317.56,-0.13067959107510072,-0.1750000000000007,24.91,equatorial
15.18,24.07,28.59,20.47,87.46,2.75,2.16,5.51,0.6,0.62,2023-09-13,Yaounde_peri,2023,9,256,37,30.150000000000006,50.709999999999994,113.64999999999999,317.43,-0.13131324638670877,0.3613333333333344,24.91,equatorial
16.82,23.97,27.92,20.97,86.46,1.94,2.46,4.5,0.6,0.61,2023-09-14,Yaounde_peri,2023,9,257,37,30.540000000000006,50.95,113.17999999999999,317.46,-0.13114116578748025,0.28266666666666396,24.07,equatorial
17.74,23.95,28.06,21.36,88.32,3.48,2.65,4.31,0.59,0.61,2023-09-15,Yaounde_peri,2023,9,258,37,25.990000000000006,47.589999999999996,113.25,318.43,-0.12623464639260656,0.3013333333333321,24.07,equatorial
16.1,23.46,27.01,20.78,89.64,7.45,2.4,4.06,0.6,0.64,2023-09-16,Yaounde_peri,2023,9,259,37,26.700000000000006,49.09,118.76,323.22,-0.10208516647781674,-0.13433333333333053,24.07,equatorial
13.98,23.18,26.67,20.74,88.96,7.84,2.11,4.44,0.6,0.64,2023-09-17,Yaounde_peri,2023,9,260,37,33.14000000000001,55.379999999999995,123.35000000000001,328.68,-0.0745602027896935,-0.3890000000000029,24.07,equatorial
15.71,22.3,25.16,19.92,90.7,3.63,1.67,2.93,0.6,0.63,2023-09-18,Yaounde_peri,2023,9,261,38,33.040000000000006,56.45,124.98,329.03,-0.07278476836186742,-1.2416666666666671,24.07,equatorial
17.82,23.21,27.29,20.36,87.63,1.85,1.83,4.78,0.6,0.62,2023-09-19,Yaounde_peri,2023,9,262,38,28.940000000000005,57.07,125.86999999999999,322.97,-0.10331453162730672,-0.2956666666666692,24.07,equatorial
17.25,23.24,26.93,20.26,88.09,1.19,1.54,3.19,0.6,0.62,2023-09-20,Yaounde_peri,2023,9,263,38,27.380000000000006,57.53,121.79,322.1,-0.10768345337733132,-0.2343333333333355,23.97,equatorial
15.53,23.77,28.21,20.37,88.31,1.82,1.37,3.12,0.59,0.61,2023-09-21,Yaounde_peri,2023,9,264,38,27.26000000000001,57.8,120.36,322.28999999999996,-0.10670850194096375,0.32766666666666566,23.95,equatorial
16.62,23.25,25.27,21.75,94.66,17.61,1.38,1.7,0.62,0.69,2023-09-22,Yaounde_peri,2023,9,265,38,41.39000000000001,67.38,133.28,338.67,-0.02410088204173402,-0.17666666666666941,23.77,equatorial
17.64,23.74,27.51,21.46,88.45,4.57,1.61,4.33,0.62,0.65,2023-09-23,Yaounde_peri,2023,9,266,38,38.510000000000005,65.21000000000001,136.56,334.76,-0.04381510080900671,0.31233333333333135,23.77,equatorial
17.53,23.92,28.01,20.89,86.45,6.11,1.21,4.71,0.63,0.67,2023-09-24,Yaounde_peri,2023,9,267,38,36.78000000000001,69.92,141.41,326.59000000000003,-0.08501565273834728,0.5086666666666666,23.92,equatorial
18.93,23.59,26.72,20.87,87.03,3.63,1.19,2.79,0.63,0.65,2023-09-25,Yaounde_peri,2023,9,268,39,36.78000000000001,69.82,142.26,327.37,-0.08106750154152421,0.18966666666666754,23.92,equatorial
17.01,24.32,28.72,20.56,84.56,1.07,1.22,4.65,0.62,0.63,2023-09-26,Yaounde_peri,2023,9,269,39,36.00000000000001,64.94,133.78,325.87,-0.08862269026246293,0.885666666666669,24.32,equatorial
17.46,23.54,26.65,21.2,91.1,1.87,1.41,2.15,0.61,0.64,2023-09-27,Yaounde_peri,2023,9,270,39,36.68000000000001,64.06,121.96,325.81,-0.08891146835522362,0.09399999999999764,24.32,equatorial
17.22,24.11,27.92,21.25,91.32,5.85,1.85,3.66,0.61,0.65,2023-09-28,Yaounde_peri,2023,9,271,39,40.71000000000001,67.97,123.02,322.64,-0.10489604558097142,0.6356666666666655,24.32,equatorial
18.95,23.78,26.4,21.81,91.76,1.53,1.89,2.66,0.61,0.64,2023-09-29,Yaounde_peri,2023,9,272,39,24.630000000000006,66.02,122.14999999999999,319.47,-0.1208805094853665,0.2960000000000029,24.32,equatorial
19.36,24.45,28.56,20.91,87.22,0.68,1.79,4.88,0.61,0.62,2023-09-30,Yaounde_peri,2023,9,273,39,20.74000000000001,59.25,121.13,315.78000000000003,-0.1394900004999839,0.9400000000000013,24.45,equatorial
16.28,24.04,27.2,21.5,89.84,1.64,1.57,2.75,0.6,0.62,2023-10-01,Yaounde_peri,2023,10,274,39,16.270000000000007,53.050000000000004,115.93,314.27,-0.1470920348473201,0.49299999999999855,24.45,equatorial
17.48,24.81,28.98,21.15,87.91,3.08,1.54,4.84,0.6,0.62,2023-10-02,Yaounde_peri,2023,10,275,40,15.720000000000008,52.5,113.06,311.09,-0.16312739414521146,1.203000000000003,24.81,equatorial
16.92,23.94,27.25,21.36,89.5,4.39,2.0,3.57,0.6,0.63,2023-10-03,Yaounde_peri,2023,10,276,40,19.040000000000006,55.04,115.9,312.39000000000004,-0.15653527967260125,0.2976666666666681,24.81,equatorial
18.33,24.82,29.31,21.18,84.63,2.97,0.92,5.05,0.6,0.62,2023-10-04,Yaounde_peri,2023,10,277,40,20.140000000000004,56.82,116.31,314.7,-0.1448412579210132,1.0966666666666676,24.82,equatorial
18.16,25.42,29.62,22.65,84.07,4.72,0.77,5.06,0.6,0.64,2023-10-05,Yaounde_peri,2023,10,278,40,19.010000000000005,59.72,119.8,314.36,-0.14653593067407014,1.59866666666667,25.42,equatorial
17.84,24.8,28.67,21.86,85.52,3.77,1.15,4.55,0.6,0.62,2023-10-06,Yaounde_peri,2023,10,279,40,21.250000000000007,45.88,122.83999999999999,311.57,-0.16061054606019753,0.9576666666666682,25.42,equatorial
18.95,24.93,29.64,21.2,85.13,2.79,1.16,5.03,0.59,0.61,2023-10-07,Yaounde_peri,2023,10,280,40,23.360000000000007,44.1,124.08,313.01000000000005,-0.15330733818879957,1.0869999999999962,25.42,equatorial
15.45,24.52,28.86,21.63,84.64,7.58,1.46,4.86,0.6,0.64,2023-10-08,Yaounde_peri,2023,10,281,40,29.300000000000004,45.57,123.63,319.2,-0.12199490641860403,0.6323333333333316,25.42,equatorial
18.5,24.3,28.5,20.43,83.92,4.72,1.01,4.35,0.6,0.62,2023-10-09,Yaounde_peri,2023,10,282,41,30.94000000000001,46.66,121.61,323.29999999999995,-0.10124849698263481,0.3730000000000011,25.42,equatorial
14.19,23.64,26.75,21.25,89.37,4.43,1.46,2.99,0.6,0.63,2023-10-10,Yaounde_peri,2023,10,283,41,30.980000000000008,50.019999999999996,124.64,326.71999999999997,-0.08394041055053289,-0.293333333333333,25.42,equatorial
16.63,24.38,29.28,20.61,84.61,4.96,1.44,5.63,0.6,0.64,2023-10-11,Yaounde_peri,2023,10,284,41,32.970000000000006,53.11,125.87,330.43,-0.06516587069583359,0.4139999999999979,25.42,equatorial
18.12,24.49,28.74,21.57,86.39,2.94,1.04,4.05,0.6,0.62,2023-10-12,Yaounde_peri,2023,10,285,41,31.19000000000001,50.199999999999996,122.86,333.1,-0.0516514472091885,0.4920000000000009,24.93,equatorial
14.25,25.41,29.31,21.77,84.62,6.2,1.19,4.64,0.6,0.64,2023-10-13,Yaounde_peri,2023,10,286,41,33.620000000000005,54.87,126.31,339.09000000000003,-0.021342643311484947,1.3673333333333346,25.41,equatorial
17.0,24.93,28.49,22.15,85.48,8.92,1.3,3.92,0.61,0.66,2023-10-14,Yaounde_peri,2023,10,287,41,39.75000000000001,63.11,133.29,347.64000000000004,0.021918082144298818,0.8553333333333342,25.41,equatorial
14.17,24.52,28.58,21.54,83.76,4.41,1.21,4.87,0.61,0.64,2023-10-15,Yaounde_peri,2023,10,288,41,36.58000000000001,65.88,134.22,351.73,0.04261060457257664,0.4263333333333357,25.41,equatorial
15.66,24.08,28.02,21.15,88.66,6.02,1.33,3.99,0.61,0.65,2023-10-16,Yaounde_peri,2023,10,289,42,37.88000000000001,68.82,132.79,357.29999999999995,0.07079324762330547,-0.03433333333333621,25.41,equatorial
16.34,24.11,27.8,21.15,86.99,4.21,1.67,5.4,0.61,0.64,2023-10-17,Yaounde_peri,2023,10,290,42,37.660000000000004,68.64,129.16,360.27,0.08581539883310545,-0.03533333333333388,25.41,equatorial
15.59,23.98,27.38,21.25,87.14,1.43,0.97,2.73,0.61,0.63,2023-10-18,Yaounde_peri,2023,10,291,42,34.13,67.1,126.96,354.36,0.055882710798743164,-0.22133333333333027,25.41,equatorial
16.33,24.57,28.55,21.61,85.93,1.19,1.01,3.63,0.6,0.62,2023-10-19,Yaounde_peri,2023,10,292,42,32.38000000000001,63.57,126.3,352.39,0.04589935247478054,0.32333333333333414,25.41,equatorial
16.83,24.81,28.25,21.68,84.06,0.74,0.71,2.78,0.6,0.61,2023-10-20,Yaounde_peri,2023,10,293,42,26.920000000000005,60.54,125.85,341.90000000000003,-0.007229790919770938,0.5110000000000028,24.93,equatorial
14.41,24.66,27.95,21.62,84.15,1.77,1.22,3.44,0.6,0.61,2023-10-21,Yaounde_peri,2023,10,294,42,19.770000000000007,59.519999999999996,125.8,337.28000000000003,-0.03062826903003301,0.33133333333333326,24.81,equatorial
12.55,25.09,29.68,21.17,82.2,1.86,1.19,5.18,0.59,0.61,2023-10-22,Yaounde_peri,2023,10,295,42,17.220000000000006,53.8,110.05,336.63,-0.03391616790120006,0.7000000000000028,25.09,equatorial
13.99,25.11,29.47,21.74,84.64,4.77,0.83,4.36,0.59,0.62,2023-10-23,Yaounde_peri,2023,10,296,43,15.970000000000006,53.85,110.24999999999999,340.03,-0.016685055928600364,0.6743333333333332,25.11,equatorial
15.99,24.9,28.63,22.16,88.86,7.29,1.29,3.13,0.59,0.63,2023-10-24,Yaounde_peri,2023,10,297,43,19.050000000000004,56.71,111.42999999999999,345.92,0.013163413349773001,0.4316666666666684,25.11,equatorial
12.7,23.54,25.8,21.72,93.34,57.82,1.47,1.98,0.67,0.81,2023-10-25,Yaounde_peri,2023,10,298,43,75.44,109.57,165.62,402.06,0.29767476883423066,-0.9266666666666659,25.11,equatorial
11.53,24.13,28.17,20.84,88.02,13.8,1.07,4.76,0.7,0.74,2023-10-26,Yaounde_peri,2023,10,299,43,88.05000000000001,120.43,178.35,413.23,0.35423924015673197,-0.3303333333333356,25.11,equatorial
17.09,24.54,28.42,21.5,83.27,1.98,0.97,4.98,0.69,0.71,2023-10-27,Yaounde_peri,2023,10,300,43,89.29,116.21,178.46,403.3,0.3038407224752836,0.046333333333333115,25.11,equatorial
17.31,24.84,29.02,20.37,82.36,4.92,1.48,6.19,0.68,0.7,2023-10-28,Yaounde_peri,2023,10,301,43,92.44,112.21,177.53,407.79,0.3265530338205616,0.32200000000000273,25.11,equatorial
18.23,24.87,28.33,21.53,84.96,7.13,1.43,4.11,0.67,0.71,2023-10-29,Yaounde_peri,2023,10,302,43,97.71000000000001,114.93,183.13,414.17,0.35884708806267984,0.31566666666666876,25.11,equatorial
17.21,25.04,28.92,22.17,85.92,8.63,1.37,4.05,0.67,0.71,2023-10-30,Yaounde_peri,2023,10,303,44,101.57000000000001,117.54,191.07999999999998,422.42,0.40062144647519304,0.4659999999999975,25.04,equatorial
17.67,24.91,27.92,22.22,82.19,11.64,1.13,3.62,0.67,0.72,2023-10-31,Yaounde_peri,2023,10,304,44,105.92,124.97,201.08,433.65,0.4575049908304646,0.30700000000000216,25.04,equatorial
18.06,23.93,26.76,21.22,84.28,3.76,0.84,2.96,0.68,0.7,2023-11-01,Yaounde_peri,2023,11,305,44,51.86000000000001,127.30000000000001,201.76,436.70000000000005,0.4728897415546912,-0.6436666666666682,25.04,equatorial
10.99,24.24,28.83,20.68,86.15,2.16,1.13,4.88,0.67,0.68,2023-11-02,Yaounde_peri,2023,11,306,44,40.220000000000006,128.27,199.53,437.15,0.47508292178062383,-0.34366666666666745,25.04,equatorial
10.86,23.27,26.32,21.22,93.58,38.86,2.39,3.22,0.7,0.8,2023-11-03,Yaounde_peri,2023,11,307,44,77.10000000000001,166.39,235.42000000000002,473.57,0.659760402941767,-1.2620000000000005,25.04,equatorial
16.77,23.0,25.9,20.28,85.33,6.76,0.91,2.64,0.73,0.75,2023-11-04,Yaounde_peri,2023,11,308,44,78.94000000000001,171.38,237.45999999999998,476.39,0.6739208495262266,-1.4513333333333307,25.04,equatorial
18.48,24.61,28.77,20.04,79.53,1.9,1.1,5.65,0.71,0.72,2023-11-05,Yaounde_peri,2023,11,309,44,73.71000000000001,171.42000000000002,235.59,475.91999999999996,0.6713845213177494,0.16499999999999915,25.04,equatorial
19.14,25.38,29.22,21.15,81.99,1.37,1.35,5.2,0.69,0.7,2023-11-06,Yaounde_peri,2023,11,310,45,66.45000000000002,168.01999999999998,234.17000000000002,475.72999999999996,0.6702697511071061,0.9200000000000017,25.38,equatorial
5.12,24.83,28.13,22.08,85.98,1.85,0.98,3.18,0.67,0.69,2023-11-07,Yaounde_peri,2023,11,311,45,56.66000000000001,162.58,228.44,474.74,0.6650955885230727,0.35966666666666924,25.38,equatorial
13.43,24.21,26.95,22.09,90.12,1.56,1.06,1.94,0.67,0.69,2023-11-08,Yaounde_peri,2023,11,312,45,54.46000000000001,106.32000000000001,225.28,467.39,0.6276445457782024,-0.25733333333333164,25.38,equatorial
17.83,24.14,27.86,21.65,89.52,3.34,1.37,3.01,0.66,0.68,2023-11-09,Yaounde_peri,2023,11,313,45,55.64000000000001,95.86,224.19,458.53,0.582537738600456,-0.34399999999999764,25.38,equatorial
9.61,23.34,25.88,22.14,93.2,3.07,1.76,2.28,0.66,0.68,2023-11-10,Yaounde_peri,2023,11,314,45,19.85000000000001,96.95,222.3,458.76,0.5835847717207007,-1.1093333333333355,25.38,equatorial
8.87,22.72,24.66,21.15,93.94,1.75,1.65,1.64,0.66,0.68,2023-11-11,Yaounde_peri,2023,11,315,45,14.840000000000007,93.78,221.10999999999999,455.62,0.5675224150507128,-1.6703333333333354,25.38,equatorial
16.22,23.58,27.28,20.89,89.29,1.4,1.53,3.26,0.65,0.67,2023-11-12,Yaounde_peri,2023,11,316,45,14.340000000000007,88.05,216.31,456.27000000000004,0.570706928901725,-0.7493333333333361,25.38,equatorial
15.54,22.97,25.69,21.21,92.7,10.96,1.68,2.01,0.66,0.71,2023-11-13,Yaounde_peri,2023,11,317,46,23.930000000000007,90.38,218.35000000000002,464.82,0.6140065089501554,-1.2940000000000005,24.83,equatorial
16.61,24.75,29.22,20.66,84.42,0.68,1.75,5.0,0.66,0.67,2023-11-14,Yaounde_peri,2023,11,318,46,22.76000000000001,79.42,214.62,462.09,0.6000120623920017,0.4783333333333353,24.75,equatorial
12.44,24.35,27.8,21.63,86.34,1.74,1.35,3.69,0.65,0.67,2023-11-15,Yaounde_peri,2023,11,319,46,22.94000000000001,77.39999999999999,210.34,461.89,0.5988704088832694,0.06933333333333636,24.75,equatorial
21.4,24.92,29.24,21.0,83.12,1.11,1.93,4.82,0.65,0.66,2023-11-16,Yaounde_peri,2023,11,320,46,20.710000000000008,76.35,207.24,459.75,0.5878749649446141,0.6123333333333392,24.92,equatorial
17.87,25.23,29.56,21.34,82.99,2.54,1.97,5.31,0.64,0.66,2023-11-17,Yaounde_peri,2023,11,321,46,20.180000000000007,40.03,208.35,460.28999999999996,0.5904961968380287,0.8806666666666665,25.23,equatorial
15.68,25.21,29.11,22.0,84.26,4.72,1.67,4.48,0.63,0.67,2023-11-18,Yaounde_peri,2023,11,322,46,23.15000000000001,37.99,211.88,464.05,0.6094758984312851,0.8393333333333324,25.23,equatorial
17.18,25.07,28.76,22.26,83.98,2.82,1.32,3.94,0.64,0.66,2023-11-19,Yaounde_peri,2023,11,323,46,24.57000000000001,38.910000000000004,213.96,461.6,0.5968988752434876,0.6906666666666688,25.23,equatorial
13.15,25.21,29.51,21.99,81.79,1.52,1.21,4.84,0.63,0.65,2023-11-20,Yaounde_peri,2023,11,324,47,15.130000000000006,39.06,213.71,459.87,0.5879832787983784,0.8123333333333349,25.23,equatorial
15.62,24.89,29.35,21.56,84.15,1.52,1.27,4.64,0.62,0.64,2023-11-21,Yaounde_peri,2023,11,325,47,15.970000000000008,38.73,213.37,456.70000000000005,0.5717515118719292,0.4989999999999988,25.23,equatorial
8.58,24.38,28.14,21.97,87.89,1.38,1.08,2.76,0.62,0.64,2023-11-22,Yaounde_peri,2023,11,326,47,15.610000000000007,38.550000000000004,209.98000000000002,456.79,0.5720921710354392,0.013333333333331865,25.23,equatorial
8.94,23.85,27.64,21.66,89.32,1.67,1.7,3.03,0.62,0.64,2023-11-23,Yaounde_peri,2023,11,327,47,16.17000000000001,36.88,204.35999999999999,457.2,0.5740593927846116,-0.481666666666662,25.23,equatorial
15.22,23.66,27.27,21.34,88.77,1.9,1.64,2.88,0.62,0.64,2023-11-24,Yaounde_peri,2023,11,328,47,15.530000000000006,35.71,148.44,456.32,0.569468420310686,-0.6756666666666646,25.21,equatorial
18.41,24.19,28.34,21.46,86.28,1.37,1.01,2.73,0.62,0.64,2023-11-25,Yaounde_peri,2023,11,329,47,12.180000000000007,35.33,136.01000000000002,448.14000000000004,0.5277637664478738,-0.14766666666666595,25.21,equatorial
13.22,24.55,28.63,21.23,84.93,2.74,1.01,3.94,0.62,0.64,2023-11-26,Yaounde_peri,2023,11,330,47,12.100000000000009,36.67,136.76999999999998,437.19000000000005,0.4719806462667125,0.21199999999999974,25.21,equatorial
16.21,25.09,29.81,20.87,82.77,1.79,1.36,4.88,0.61,0.63,2023-11-27,Yaounde_peri,2023,11,331,48,12.370000000000008,27.5,133.64000000000001,434.19,0.456635259574009,0.743666666666666,25.09,equatorial
12.76,24.33,27.75,21.56,85.27,2.05,1.2,3.02,0.61,0.64,2023-11-28,Yaounde_peri,2023,11,332,48,12.900000000000006,28.87,128.56,433.84,0.4547703073073615,0.0016666666666651508,25.09,equatorial
16.69,23.88,27.52,20.74,85.44,1.01,1.18,2.84,0.61,0.63,2023-11-29,Yaounde_peri,2023,11,333,48,12.530000000000008,28.14,120.94,433.15,0.45117610467110353,-0.40966666666666995,25.09,equatorial
15.92,24.97,29.6,20.35,79.84,0.97,1.51,4.81,0.61,0.62,2023-11-30,Yaounde_peri,2023,11,334,48,11.830000000000007,28.0,110.27,427.28000000000003,0.4212291807793428,0.678333333333331,25.09,equatorial
16.77,25.37,30.13,21.45,77.65,1.38,1.3,5.14,0.6,0.62,2023-12-01,Yaounde_peri,2023,12,335,48,11.310000000000008,26.84,107.89,422.71000000000004,0.3979000562115846,1.0303333333333349,25.37,equatorial
12.56,24.39,28.93,21.27,84.64,1.14,1.48,3.87,0.6,0.61,2023-12-02,Yaounde_peri,2023,12,336,48,11.080000000000007,23.26,106.87,422.3,0.3957429009335399,0.045333333333335446,25.37,equatorial
16.51,24.21,29.16,20.68,83.08,2.79,1.23,4.0,0.6,0.62,2023-12-03,Yaounde_peri,2023,12,337,48,11.130000000000008,23.23,70.8,422.53000000000003,0.3968432806646115,-0.16599999999999682,25.37,equatorial
13.5,24.74,29.1,21.06,81.62,0.59,1.21,3.85,0.59,0.6,2023-12-04,Yaounde_peri,2023,12,338,49,9.930000000000007,22.3,64.63,421.89,0.3935151230295381,0.3059999999999974,25.37,equatorial
16.34,23.97,27.47,21.33,83.84,0.1,1.25,2.4,0.59,0.6,2023-12-05,Yaounde_peri,2023,12,339,49,7.9800000000000075,20.880000000000003,62.830000000000005,421.26000000000005,0.39023821819496374,-0.44266666666666765,25.37,equatorial
15.79,24.54,29.06,20.97,81.94,0.56,1.26,3.6,0.59,0.6,2023-12-06,Yaounde_peri,2023,12,340,49,7.530000000000007,20.06,62.019999999999996,420.27000000000004,0.38512869773834607,0.15533333333333488,25.37,equatorial
13.9,24.77,28.73,21.49,82.22,0.31,1.34,3.18,0.59,0.6,2023-12-07,Yaounde_peri,2023,12,341,49,6.870000000000007,18.7,60.48,412.55,0.3457489440703227,0.38733333333333064,25.37,equatorial
11.87,24.85,29.57,21.9,82.81,0.2,1.02,4.02,0.58,0.59,2023-12-08,Yaounde_peri,2023,12,342,49,5.6900000000000075,17.0,59.120000000000005,406.01,0.3123816054108892,0.4460000000000015,24.85,equatorial
19.55,25.26,30.19,21.05,77.86,0.01,1.42,4.47,0.58,0.58,2023-12-09,Yaounde_peri,2023,12,343,49,4.560000000000007,15.64,55.79,404.62,0.30524885301672416,0.8186666666666689,25.26,equatorial
17.79,25.12,30.15,20.99,79.59,0.0,1.1,4.11,0.57,0.58,2023-12-10,Yaounde_peri,2023,12,344,49,1.7700000000000071,12.899999999999999,52.72,400.89,0.2861955299115886,0.6193333333333335,25.26,equatorial
16.75,24.73,29.22,21.64,76.71,0.02,1.63,3.55,0.57,0.57,2023-12-11,Yaounde_peri,2023,12,345,50,1.2000000000000073,11.129999999999999,50.99,394.96,0.25593369974029045,0.16233333333333633,25.26,equatorial
21.93,23.79,30.14,18.1,66.24,0.0,2.01,4.57,0.56,0.57,2023-12-12,Yaounde_peri,2023,12,346,50,1.1000000000000072,9.079999999999998,49.59,392.21,0.2418781449471766,-0.7846666666666664,25.26,equatorial
22.25,24.12,30.53,18.48,67.2,0.0,2.23,4.35,0.56,0.56,2023-12-13,Yaounde_peri,2023,12,347,50,0.5400000000000071,8.069999999999999,38.63,390.27,0.23195141329350744,-0.49299999999999855,25.26,equatorial
22.42,24.33,31.13,17.99,66.78,0.0,2.19,4.58,0.55,0.56,2023-12-14,Yaounde_peri,2023,12,348,50,0.23000000000000712,7.1000000000000005,37.95,386.78999999999996,0.21417494240973786,-0.2690000000000019,25.26,equatorial
22.17,24.28,31.61,17.41,67.3,0.0,2.6,4.44,0.55,0.55,2023-12-15,Yaounde_peri,2023,12,349,50,0.030000000000007104,5.720000000000001,36.21,379.34,0.17615900708433913,-0.31666666666666643,25.26,equatorial
22.12,25.06,32.05,17.95,65.37,0.0,1.82,4.34,0.54,0.55,2023-12-16,Yaounde_peri,2023,12,350,50,0.020000000000007102,4.58,35.1,371.5,0.13615507589899742,0.45866666666666234,25.12,equatorial
19.92,25.79,32.1,19.89,66.32,0.0,1.84,4.18,0.54,0.54,2023-12-17,Yaounde_peri,2023,12,351,50,0.020000000000007102,1.79,32.56,367.87,0.11762166514555221,1.1699999999999982,25.79,equatorial
20.5,25.37,31.56,21.34,70.02,0.0,1.73,3.68,0.54,0.54,2023-12-18,Yaounde_peri,2023,12,352,51,0.0,1.2000000000000002,27.84,366.02,0.10816741291314724,0.7446666666666673,25.79,equatorial
18.16,26.08,32.11,21.67,76.64,0.0,1.33,3.79,0.54,0.54,2023-12-19,Yaounde_peri,2023,12,353,51,0.0,1.1,25.02,364.83,0.10208011566567399,1.4209999999999958,26.08,equatorial
16.56,26.0,31.89,21.8,76.6,0.01,1.45,3.71,0.53,0.53,2023-12-20,Yaounde_peri,2023,12,354,51,0.010000000000007106,0.55,23.51,363.02,0.09282955013848952,1.314666666666664,26.08,equatorial
18.95,26.6,32.78,21.81,73.86,0.01,1.31,3.89,0.53,0.53,2023-12-21,Yaounde_peri,2023,12,355,51,0.020000000000007106,0.25,22.0,345.42,0.0030041897395643143,1.8576666666666704,26.6,equatorial
18.45,26.66,33.01,22.16,72.29,0.02,1.48,3.71,0.53,0.53,2023-12-22,Yaounde_peri,2023,12,356,51,0.040000000000007106,0.07,20.639999999999997,340.87,-0.02021804899785921,1.841666666666665,26.66,equatorial
20.13,26.47,33.97,20.39,63.19,0.0,1.83,4.22,0.53,0.52,2023-12-23,Yaounde_peri,2023,12,357,51,0.040000000000007106,0.06,18.97,334.76,-0.051403240205571736,1.5643333333333338,26.66,equatorial
22.23,26.44,33.61,20.43,61.39,0.0,1.88,3.65,0.52,0.52,2023-12-24,Yaounde_peri,2023,12,358,51,0.040000000000007106,0.06,17.07,331.13,-0.06992739001271263,1.4416666666666664,26.66,equatorial
16.22,26.87,33.69,21.07,61.81,0.0,2.02,3.79,0.52,0.51,2023-12-25,Yaounde_peri,2023,12,359,52,0.040000000000007106,0.04,15.700000000000001,330.06,-0.07538011123269467,1.7823333333333338,26.87,equatorial
16.84,26.14,33.28,20.61,63.15,0.0,1.51,3.81,0.52,0.51,2023-12-26,Yaounde_peri,2023,12,360,52,0.040000000000007106,0.04,12.96,328.19,-0.08491824051631133,0.9993333333333325,26.87,equatorial
18.47,25.99,33.32,20.03,62.48,0.0,1.52,3.5,0.51,0.5,2023-12-27,Yaounde_peri,2023,12,361,52,0.030000000000007104,0.04,11.17,322.34000000000003,-0.11478434431171537,0.8193333333333328,26.87,equatorial
17.62,25.35,33.15,18.21,60.71,0.0,1.77,3.4,0.51,0.5,2023-12-28,Yaounde_peri,2023,12,362,52,0.020000000000007106,0.04,9.120000000000001,320.81,-0.12258234367337144,0.14533333333333687,26.87,equatorial
18.16,26.05,33.26,19.13,61.64,0.0,1.39,3.2,0.51,0.5,2023-12-29,Yaounde_peri,2023,12,363,52,0.0,0.04,8.11,320.13,-0.12603757416490757,0.7730000000000032,26.87,equatorial
19.9,26.33,32.66,20.76,66.68,0.0,1.12,2.83,0.51,0.5,2023-12-30,Yaounde_peri,2023,12,364,52,0.0,0.04,7.140000000000001,318.49,-0.13439821362537668,1.0076666666666618,26.87,equatorial
20.26,26.6,33.33,20.8,65.61,0.0,1.56,2.89,0.51,0.5,2023-12-31,Yaounde_peri,2023,12,365,52,0.0,0.04,5.76,315.41,-0.1501180047777135,1.2366666666666646,26.87,equatorial
19.74,26.56,33.56,20.95,66.29,0.0,1.53,2.85,0.51,0.5,2024-01-01,Yaounde_peri,2024,1,1,1,0.0,0.04,4.62,311.02,-0.17253341169511263,1.1243333333333325,26.6,equatorial
18.92,26.46,33.32,21.46,71.59,0.0,1.5,2.91,0.51,0.5,2024-01-02,Yaounde_peri,2024,1,2,1,0.0,0.04,1.83,308.05,-0.18768925931698693,0.9493333333333318,26.6,equatorial
18.84,25.81,32.2,21.75,73.48,0.0,1.62,2.52,0.51,0.5,2024-01-03,Yaounde_peri,2024,1,3,1,0.0,0.03,1.2400000000000002,303.33,-0.21179217216889917,0.2636666666666656,26.6,equatorial
17.86,26.57,33.54,21.49,65.32,0.0,1.19,2.99,0.51,0.49,2024-01-04,Yaounde_peri,2024,1,4,1,0.0,0.02,1.1400000000000001,299.56,-0.23103655040665924,0.9370000000000012,26.6,equatorial
19.84,26.26,33.71,20.17,60.5,0.0,1.2,3.0,0.51,0.49,2024-01-05,Yaounde_peri,2024,1,5,1,0.0,0.0,0.58,296.77,-0.24526833492950142,0.5696666666666665,26.6,equatorial
20.26,26.03,32.95,20.01,61.58,0.0,1.31,2.65,0.5,0.49,2024-01-06,Yaounde_peri,2024,1,6,1,0.0,0.0,0.27,289.19,-0.2840001321307614,0.2976666666666681,26.6,equatorial
19.73,26.17,34.28,19.95,60.01,0.0,1.6,2.98,0.5,0.48,2024-01-07,Yaounde_peri,2024,1,7,1,0.0,0.0,0.07,284.47,-0.3080992683809534,0.39366666666666816,26.57,equatorial
20.41,25.46,32.48,20.34,71.72,0.01,1.4,2.34,0.5,0.49,2024-01-08,Yaounde_peri,2024,1,8,2,0.010000000000007106,0.01,0.06999999999999999,280.05,-0.3306620767893774,-0.3230000000000004,26.57,equatorial
21.78,25.81,32.72,20.77,70.05,0.01,1.62,2.55,0.5,0.49,2024-01-09,Yaounde_peri,2024,1,9,2,0.020000000000007106,0.02,0.08,275.09999999999997,-0.3559353061154599,0.003999999999997783,26.57,equatorial
19.58,25.81,32.83,21.27,68.36,0.02,2.32,2.61,0.5,0.48,2024-01-10,Yaounde_peri,2024,1,10,2,0.040000000000007106,0.04,0.08,272.18,-0.3708178568498989,-0.03200000000000003,26.57,equatorial
19.55,25.46,32.7,20.78,69.68,0.0,1.88,2.49,0.5,0.48,2024-01-11,Yaounde_peri,2024,1,11,2,0.040000000000007106,0.04,0.08,265.98,-0.40248686557133884,-0.43766666666666865,26.26,equatorial
21.2,25.29,33.56,19.27,68.05,0.0,1.73,2.62,0.5,0.48,2024-01-12,Yaounde_peri,2024,1,12,2,0.040000000000007106,0.04,0.08,257.06,-0.4480756441010741,-0.6466666666666683,26.17,equatorial
18.96,25.61,32.51,21.03,71.79,0.0,2.02,2.34,0.5,0.48,2024-01-13,Yaounde_peri,2024,1,13,2,0.040000000000007106,0.04,0.08,252.65,-0.47057045169866973,-0.3693333333333335,26.17,equatorial
18.03,25.71,33.39,20.63,68.65,0.0,1.61,2.49,0.5,0.48,2024-01-14,Yaounde_peri,2024,1,14,2,0.040000000000007106,0.04,0.08,246.63,-0.501305153239802,-0.31700000000000017,25.81,equatorial
20.94,25.76,33.18,20.76,67.41,0.0,1.5,2.51,0.5,0.48,2024-01-15,Yaounde_peri,2024,1,15,3,0.030000000000007104,0.04,0.08,242.42,-0.5227671187253974,-0.2903333333333329,25.81,equatorial
20.97,25.65,34.09,19.76,59.25,0.0,1.79,2.67,0.49,0.47,2024-01-16,Yaounde_peri,2024,1,16,3,0.020000000000007106,0.04,0.08,240.99,-0.5299893199613981,-0.39566666666666706,25.81,equatorial
21.1,24.26,32.99,17.58,57.67,0.0,1.78,2.55,0.49,0.47,2024-01-17,Yaounde_peri,2024,1,17,3,0.0,0.04,0.08,239.8,-0.5359811691895588,-1.748666666666665,25.76,equatorial
18.94,24.6,33.41,17.5,59.26,0.0,1.52,2.41,0.49,0.47,2024-01-18,Yaounde_peri,2024,1,18,3,0.0,0.04,0.08,239.06,-0.5396671033273809,-1.359333333333332,25.76,equatorial
18.81,24.86,33.83,18.46,61.41,0.0,1.61,2.42,0.49,0.47,2024-01-19,Yaounde_peri,2024,1,19,3,0.0,0.04,0.07,237.29,-0.548628658520207,-1.0613333333333337,25.76,equatorial
20.77,25.94,34.0,20.55,68.43,0.01,1.83,2.31,0.49,0.47,2024-01-20,Yaounde_peri,2024,1,20,3,0.010000000000007106,0.05,0.06999999999999999,235.44000000000003,-0.5579984518216408,0.04066666666666663,25.94,equatorial
19.81,26.2,34.45,21.09,65.67,0.02,1.58,2.39,0.49,0.46,2024-01-21,Yaounde_peri,2024,1,21,3,0.030000000000007104,0.07,0.07,230.69,-0.5822248138681981,0.31599999999999895,26.2,equatorial
17.51,25.44,32.84,20.24,70.09,0.05,2.47,2.11,0.49,0.46,2024-01-22,Yaounde_peri,2024,1,22,4,0.08000000000000711,0.11,0.12,223.45000000000002,-0.6192047698696382,-0.4096666666666664,26.2,equatorial
15.22,25.23,31.23,20.86,74.22,0.07,2.09,1.71,0.49,0.47,2024-01-23,Yaounde_peri,2024,1,23,4,0.15000000000000713,0.17,0.19,165.7,-0.9149823108340709,-0.5793333333333308,26.2,equatorial
20.71,26.18,33.85,20.63,61.99,0.03,1.49,2.31,0.49,0.46,2024-01-24,Yaounde_peri,2024,1,24,4,0.1800000000000071,0.18000000000000002,0.22,151.93,-0.985276915838428,0.3936666666666646,26.2,equatorial
20.67,26.24,34.44,19.55,44.21,0.0,1.5,2.43,0.49,0.46,2024-01-25,Yaounde_peri,2024,1,25,4,0.1800000000000071,0.18,0.22,149.95000000000002,-0.9951277280170436,0.4503333333333295,26.24,equatorial
21.5,25.4,34.28,18.96,49.99,0.0,1.5,2.3,0.49,0.46,2024-01-26,Yaounde_peri,2024,1,26,4,0.1800000000000071,0.18,0.22,145.03,-1.0200345797695751,-0.370000000000001,26.24,equatorial
21.75,26.2,34.76,19.06,46.86,0.0,2.14,2.32,0.48,0.45,2024-01-27,Yaounde_peri,2024,1,27,4,0.1700000000000071,0.18,0.22,137.9,-1.0562471488345344,0.4016666666666673,26.24,equatorial
22.34,26.58,35.56,18.68,45.62,0.0,1.92,2.39,0.48,0.45,2024-01-28,Yaounde_peri,2024,1,28,4,0.15000000000000713,0.18,0.22,129.27,-1.1001186386287392,0.7639999999999993,26.58,equatorial
18.95,26.49,34.52,19.42,59.89,0.0,1.4,2.06,0.48,0.45,2024-01-29,Yaounde_peri,2024,1,29,5,0.10000000000000711,0.18,0.22,117.63,-1.1593747739083233,0.6686666666666667,26.58,equatorial
18.66,27.63,35.48,21.29,60.03,0.0,1.54,2.07,0.48,0.44,2024-01-30,Yaounde_peri,2024,1,30,5,0.030000000000007104,0.18,0.22,113.87,-1.1782229733487344,1.7743333333333347,27.63,equatorial
17.33,27.95,36.17,21.45,54.02,0.0,1.55,2.25,0.48,0.44,2024-01-31,Yaounde_peri,2024,1,31,5,0.0,0.18,0.22,111.71000000000001,-1.188861195138739,2.0479999999999983,27.95,equatorial
17.01,26.93,34.08,22.18,64.1,0.0,1.87,1.63,0.48,0.44,2024-02-01,Yaounde_peri,2024,2,32,5,0.0,0.18,0.22,72.85,-1.3874097088373885,1.0123333333333342,27.95,equatorial
19.96,27.36,35.66,21.1,59.5,0.0,1.76,2.08,0.48,0.44,2024-02-02,Yaounde_peri,2024,2,33,5,0.0,0.18,0.22,66.09,-1.4214032923550313,1.3906666666666645,27.95,equatorial
18.84,26.87,33.6,21.57,60.65,0.0,1.5,1.58,0.48,0.44,2024-02-03,Yaounde_peri,2024,2,34,5,0.0,0.17,0.22,64.19,-1.4304814794954688,0.890666666666668,27.95,equatorial
20.31,27.47,35.04,21.8,64.32,0.0,1.82,1.79,0.48,0.44,2024-02-04,Yaounde_peri,2024,2,35,5,0.0,0.15000000000000002,0.22,62.82,-1.43683640255396,1.4503333333333295,27.95,equatorial
18.33,27.28,34.76,22.05,61.95,0.0,2.08,1.76,0.48,0.44,2024-02-05,Yaounde_peri,2024,2,36,6,0.0,0.1,0.22,60.97,-1.4456393391157154,1.2186666666666675,27.95,equatorial
23.23,27.49,34.97,22.23,55.42,0.0,2.15,1.96,0.48,0.43,2024-02-06,Yaounde_peri,2024,2,37,6,0.0,0.03,0.22,59.410000000000004,-1.4529477666332022,1.3846666666666607,27.95,equatorial
22.87,27.83,35.63,21.6,51.66,0.0,1.7,1.88,0.48,0.43,2024-02-07,Yaounde_peri,2024,2,38,6,0.0,0.0,0.21,56.07,-1.4693508014714705,1.645666666666667,27.83,equatorial
21.17,27.22,35.39,20.38,62.29,0.0,1.83,1.84,0.48,0.42,2024-02-08,Yaounde_peri,2024,2,39,6,0.0,0.0,0.2,53.0,-1.4843518043374593,0.988666666666667,27.83,equatorial
18.22,27.33,33.74,22.45,67.48,0.0,2.52,1.56,0.48,0.43,2024-02-09,Yaounde_peri,2024,2,40,6,0.0,0.0,0.18,51.25,-1.4925843874817073,1.0479999999999983,27.83,equatorial
15.97,27.68,34.37,22.71,67.96,0.0,2.36,1.59,0.48,0.43,2024-02-10,Yaounde_peri,2024,2,41,6,0.0,0.0,0.18,49.85,-1.4990169539314955,1.3240000000000016,27.83,equatorial
16.96,27.83,34.99,22.97,67.34,0.0,1.72,1.45,0.48,0.43,2024-02-11,Yaounde_peri,2024,2,42,6,0.0,0.0,0.18,38.89,-1.5542958213717324,1.3893333333333295,27.83,equatorial
18.0,28.9,36.45,22.91,60.22,0.0,1.91,1.8,0.48,0.42,2024-02-12,Yaounde_peri,2024,2,43,7,0.0,0.0,0.18,38.21,-1.55697309200513,2.349666666666664,28.9,equatorial
20.22,28.49,35.84,23.53,64.61,0.0,2.7,1.61,0.47,0.42,2024-02-13,Yaounde_peri,2024,2,44,7,0.0,0.0,0.18,36.47,-1.5650609448439132,1.8470000000000013,28.9,equatorial
20.75,27.65,34.2,23.29,69.04,0.0,2.74,1.33,0.47,0.42,2024-02-14,Yaounde_peri,2024,2,45,7,0.0,0.0,0.18,35.36,-1.569919664477532,0.9439999999999991,28.9,equatorial
18.25,27.2,33.27,23.23,67.93,0.13,2.25,1.43,0.47,0.42,2024-02-15,Yaounde_peri,2024,2,46,7,0.1300000000000071,0.13,0.31,32.95,-1.5814085166769176,0.44233333333333036,28.9,equatorial
16.63,27.57,35.15,22.59,61.2,0.31,1.8,1.92,0.47,0.42,2024-02-16,Yaounde_peri,2024,2,47,7,0.4400000000000071,0.44,0.62,28.54,-1.6030886952854813,0.7020000000000017,28.9,equatorial
15.73,27.94,35.07,22.51,65.38,0.04,2.1,1.72,0.47,0.42,2024-02-17,Yaounde_peri,2024,2,48,7,0.4800000000000071,0.48,0.66,25.76,-1.6164173931181378,0.9606666666666683,28.9,equatorial
16.4,27.93,34.6,23.21,66.64,0.16,1.86,1.53,0.47,0.42,2024-02-18,Yaounde_peri,2024,2,49,7,0.6400000000000071,0.64,0.8200000000000001,24.400000000000002,-1.6224807784075774,0.8483333333333363,28.9,equatorial
15.74,28.4,35.73,23.47,65.57,0.57,2.09,1.89,0.47,0.42,2024-02-19,Yaounde_peri,2024,2,50,8,1.210000000000007,1.21,1.38,23.450000000000003,-1.6264434540592603,1.2363333333333344,28.49,equatorial
15.82,28.06,34.91,23.17,67.88,0.96,2.15,2.0,0.47,0.43,2024-02-20,Yaounde_peri,2024,2,51,8,2.170000000000007,2.17,2.32,23.029999999999998,-1.6276973448190983,0.8343333333333334,28.4,equatorial
17.31,27.08,32.71,23.56,75.1,0.97,2.61,1.48,0.48,0.44,2024-02-21,Yaounde_peri,2024,2,52,8,3.140000000000007,3.1399999999999997,3.24,22.330000000000002,-1.6303766931699455,-0.20033333333333303,28.4,equatorial
13.64,26.53,31.95,23.39,76.2,1.09,2.7,1.69,0.48,0.46,2024-02-22,Yaounde_peri,2024,2,53,8,4.100000000000007,4.23,4.26,21.52,-1.633612439379892,-0.7936666666666667,28.4,equatorial
17.29,27.87,35.4,23.0,65.39,0.17,2.41,2.07,0.48,0.44,2024-02-23,Yaounde_peri,2024,2,54,8,3.960000000000007,4.4,4.3999999999999995,20.32,-1.6388302060194488,0.490000000000002,28.4,equatorial
18.59,27.88,35.16,22.51,58.19,0.01,1.81,1.91,0.48,0.43,2024-02-24,Yaounde_peri,2024,2,55,8,3.9300000000000073,4.41,4.409999999999999,17.59,-1.6518332825517879,0.445333333333334,28.4,equatorial
16.61,28.72,36.83,22.62,58.22,0.0,1.96,2.02,0.47,0.42,2024-02-25,Yaounde_peri,2024,2,56,8,3.770000000000007,4.41,4.409999999999999,15.8,-1.6600281106462504,1.1746666666666705,28.72,equatorial
17.76,28.39,34.87,23.43,67.2,0.06,2.16,1.5,0.47,0.41,2024-02-26,Yaounde_peri,2024,2,57,9,3.2600000000000073,4.47,4.47,13.809999999999999,-1.6692276329007867,0.7716666666666647,28.72,equatorial
17.56,28.87,35.58,23.93,65.95,0.14,2.23,1.56,0.47,0.41,2024-02-27,Yaounde_peri,2024,2,58,9,2.440000000000007,4.61,4.609999999999999,12.94,-1.6727113485289702,1.1753333333333345,28.87,equatorial
16.64,27.61,32.58,24.1,73.35,0.32,2.38,1.13,0.47,0.42,2024-02-28,Yaounde_peri,2024,2,59,9,1.7900000000000071,4.93,4.93,12.290000000000001,-1.6750698271073485,-0.12199999999999633,28.87,equatorial
12.5,26.16,30.13,23.97,79.27,0.5,1.98,0.78,0.47,0.44,2024-02-29,Yaounde_peri,2024,2,60,9,1.2000000000000073,5.3,5.43,11.41,-1.6785943665426364,-1.5229999999999997,28.87,equatorial
23.16,27.3,32.59,23.69,71.69,0.06,1.51,1.09,0.47,0.44,2024-03-01,Yaounde_peri,2024,3,61,9,1.0900000000000072,5.05,5.489999999999999,10.330000000000002,-1.6831300906353632,-0.36133333333333084,28.87,equatorial
17.18,25.84,29.55,23.41,82.48,6.98,2.41,1.92,0.48,0.51,2024-03-02,Yaounde_peri,2024,3,62,9,8.060000000000008,11.99,12.469999999999999,14.52,-1.6608645192061862,-1.7850000000000001,28.87,equatorial
16.43,25.59,30.17,22.67,83.94,4.37,1.87,2.13,0.49,0.53,2024-03-03,Yaounde_peri,2024,3,63,9,12.430000000000007,16.2,16.84,18.3,-1.6407193634374035,-1.975999999999999,28.87,equatorial
18.41,26.24,31.82,22.65,80.47,2.43,1.93,2.5,0.5,0.51,2024-03-04,Yaounde_peri,2024,3,64,10,14.800000000000008,18.06,19.27,20.63,-1.627975136063449,-1.3049999999999997,28.87,equatorial
20.29,26.4,31.66,22.87,80.47,3.55,1.75,2.71,0.5,0.52,2024-03-05,Yaounde_peri,2024,3,65,10,18.210000000000008,20.650000000000002,22.82,23.62,-1.6118976877248956,-1.1093333333333355,27.61,equatorial
10.03,25.29,28.31,23.07,85.3,6.21,1.22,1.83,0.51,0.56,2024-03-06,Yaounde_peri,2024,3,66,10,24.10000000000001,25.89,29.03,29.520000000000003,-1.5810629869825392,-2.1529999999999987,27.3,equatorial
21.89,26.13,31.88,22.34,79.31,0.68,1.21,2.72,0.51,0.52,2024-03-07,Yaounde_peri,2024,3,67,10,24.28000000000001,25.48,29.71,30.0,-1.5778006319000217,-1.267666666666667,27.3,equatorial
18.79,27.07,33.19,22.83,77.02,2.34,1.63,3.79,0.51,0.51,2024-03-08,Yaounde_peri,2024,3,68,10,26.560000000000006,27.650000000000002,32.05,32.33,-1.565149595744078,-0.3023333333333369,27.07,equatorial
20.67,26.89,32.35,23.19,77.34,0.93,1.45,2.92,0.51,0.51,2024-03-09,Yaounde_peri,2024,3,69,10,20.510000000000005,28.57,32.98,33.26,-1.5596242429472906,-0.4713333333333338,27.07,equatorial
20.97,27.67,33.89,22.83,74.15,0.43,1.55,3.08,0.5,0.49,2024-03-10,Yaounde_peri,2024,3,70,10,16.570000000000007,29.0,33.41,33.669999999999995,-1.5567462223625843,0.2973333333333379,27.67,equatorial
17.83,26.37,29.99,24.03,83.34,1.15,1.71,1.57,0.5,0.5,2024-03-11,Yaounde_peri,2024,3,71,11,15.290000000000006,30.090000000000003,34.56,34.82,-1.5501173026528419,-0.9589999999999996,27.67,equatorial
17.71,26.08,29.99,23.55,84.54,1.66,2.04,1.8,0.5,0.51,2024-03-12,Yaounde_peri,2024,3,72,11,13.400000000000007,31.610000000000003,36.22,36.48,-1.5409104280195596,-1.1906666666666688,27.67,equatorial
18.16,26.23,30.36,23.76,84.4,1.56,1.94,1.82,0.5,0.51,2024-03-13,Yaounde_peri,2024,3,73,11,8.750000000000007,32.85,37.78,38.04,-1.5322238350733717,-0.951666666666668,27.67,equatorial
19.74,26.77,32.49,23.23,77.48,0.92,1.87,2.49,0.5,0.5,2024-03-14,Yaounde_peri,2024,3,74,11,8.990000000000007,33.27,38.7,38.96,-1.5267951983066899,-0.35433333333333294,27.67,equatorial
23.33,27.32,33.99,22.6,74.48,0.52,2.41,2.88,0.5,0.48,2024-03-15,Yaounde_peri,2024,3,75,11,7.170000000000008,33.73,39.22,39.48,-1.5234023748686418,0.206666666666667,27.67,equatorial
24.1,27.15,32.56,23.13,74.11,0.96,1.17,2.24,0.49,0.49,2024-03-16,Yaounde_peri,2024,3,76,11,7.200000000000007,27.71,40.05,40.44,-1.5177836795154043,0.038333333333333997,27.67,equatorial
18.71,26.96,31.89,23.25,77.24,0.73,1.44,1.88,0.49,0.49,2024-03-17,Yaounde_peri,2024,3,77,11,7.500000000000007,24.07,40.47,41.169999999999995,-1.5133385287974608,-0.13133333333333397,27.32,equatorial
13.63,26.3,30.24,23.49,81.51,0.8,1.34,1.37,0.49,0.49,2024-03-18,Yaounde_peri,2024,3,78,12,7.150000000000007,22.44,41.230000000000004,41.97,-1.5085447547510615,-0.7366666666666646,27.32,equatorial
18.65,26.52,32.11,22.78,76.15,0.42,1.59,1.82,0.49,0.48,2024-03-19,Yaounde_peri,2024,3,79,12,5.910000000000007,19.310000000000002,41.49,42.38,-1.5057335730563164,-0.4696666666666687,27.32,equatorial
8.4,27.63,34.26,22.93,72.6,0.66,1.08,2.52,0.49,0.48,2024-03-20,Yaounde_peri,2024,3,80,12,5.010000000000007,13.76,41.58,43.03,-1.5017104492832851,0.6659999999999968,27.63,equatorial
11.26,27.57,34.15,23.35,73.26,1.59,1.55,2.57,0.49,0.48,2024-03-21,Yaounde_peri,2024,3,81,12,5.680000000000007,14.67,42.21,44.6,-1.4930330301691714,0.6223333333333336,27.63,equatorial
17.68,27.73,34.39,23.34,71.68,0.04,1.84,2.3,0.48,0.47,2024-03-22,Yaounde_peri,2024,3,82,12,5.200000000000006,12.370000000000001,41.28,44.64,-1.4921151618753863,0.7606666666666655,27.73,equatorial
16.42,25.89,29.17,23.77,81.29,0.0,2.33,0.75,0.48,0.47,2024-03-23,Yaounde_peri,2024,3,83,12,4.240000000000006,11.440000000000001,40.190000000000005,44.64,-1.4914011133461702,-1.0579999999999963,27.73,equatorial
19.86,27.25,33.46,22.82,72.35,0.0,1.95,1.81,0.48,0.46,2024-03-24,Yaounde_peri,2024,3,84,12,3.5100000000000073,11.01,40.02,44.64,-1.4906880890425889,0.3226666666666702,27.73,equatorial
18.04,27.89,34.44,23.15,70.7,0.0,2.55,2.02,0.48,0.45,2024-03-25,Yaounde_peri,2024,3,85,13,2.710000000000007,9.860000000000001,40.010000000000005,44.64,-1.4899760865183758,0.962333333333337,27.89,equatorial
21.49,28.23,34.81,23.73,67.47,0.0,1.93,1.86,0.48,0.44,2024-03-26,Yaounde_peri,2024,3,86,13,2.290000000000007,8.200000000000001,40.010000000000005,44.64,-1.4892651033354383,1.3186666666666653,28.23,equatorial
21.14,28.76,35.82,23.45,68.51,2.3,1.57,2.58,0.48,0.45,2024-03-27,Yaounde_peri,2024,3,87,13,3.930000000000007,8.94,42.25,46.94,-1.4769182287966327,1.8363333333333358,28.76,equatorial
17.79,29.29,36.25,24.17,68.22,3.32,1.61,2.93,0.48,0.47,2024-03-28,Yaounde_peri,2024,3,88,13,5.660000000000007,11.34,45.43,50.26,-1.459427349409731,2.352333333333334,29.29,equatorial
17.06,27.2,32.39,23.98,78.45,7.57,1.32,2.65,0.49,0.53,2024-03-29,Yaounde_peri,2024,3,89,13,13.190000000000008,18.39,52.68,57.83,-1.4204613750466317,0.2759999999999998,29.29,equatorial
21.35,26.08,30.43,23.9,86.13,8.6,1.79,2.9,0.5,0.57,2024-03-30,Yaounde_peri,2024,3,90,13,21.790000000000006,26.03,60.78,66.42999999999999,-1.3763316885529366,-0.8413333333333348,29.29,equatorial
12.75,26.11,30.31,23.62,87.4,7.41,2.34,3.14,0.51,0.57,2024-03-31,Yaounde_peri,2024,3,91,13,29.200000000000006,32.71,68.13,73.84,-1.3382686136742612,-0.7716666666666683,29.29,equatorial
18.51,24.78,28.18,22.82,85.43,2.84,2.11,2.27,0.52,0.56,2024-04-01,Yaounde_peri,2024,4,92,14,32.040000000000006,34.75,63.99,76.67999999999999,-1.3233549323392784,-2.0663333333333327,29.29,equatorial
20.22,26.25,32.08,21.39,79.63,2.43,1.44,3.99,0.52,0.53,2024-04-02,Yaounde_peri,2024,4,93,14,34.470000000000006,36.76,62.050000000000004,79.11,-1.3105297614263378,-0.6183333333333323,29.29,equatorial
18.81,25.25,28.9,22.92,89.89,39.32,1.92,3.55,0.57,0.73,2024-04-03,Yaounde_peri,2024,4,94,14,71.49000000000001,75.42,98.94,118.43,-1.1111889304961193,-1.5853333333333346,29.29,equatorial
16.39,24.86,29.6,21.08,85.33,0.84,1.21,3.67,0.59,0.6,2024-04-04,Yaounde_peri,2024,4,95,14,69.01,74.67,96.23,119.27,-1.1065742604067064,-1.9239999999999995,27.2,equatorial
12.61,24.93,28.3,22.61,87.14,2.34,1.33,2.79,0.58,0.6,2024-04-05,Yaounde_peri,2024,4,96,14,63.78000000000001,76.97,92.36000000000001,121.61,-1.0943781732408537,-1.8419999999999987,26.25,equatorial
21.35,24.7,28.86,22.09,84.62,2.77,1.87,3.76,0.58,0.6,2024-04-06,Yaounde_peri,2024,4,97,14,57.95000000000001,79.74000000000001,94.45,124.38,-1.0800164498333522,-2.0243333333333347,26.25,equatorial
16.72,25.79,30.86,20.8,79.99,0.43,1.19,5.0,0.57,0.58,2024-04-07,Yaounde_peri,2024,4,98,14,50.970000000000006,80.17,92.53999999999999,124.8,-1.0775472121683962,-0.8916666666666657,26.25,equatorial
17.21,25.7,29.65,23.11,84.86,3.26,1.28,3.7,0.55,0.58,2024-04-08,Yaounde_peri,2024,4,99,15,51.39000000000001,83.43,94.87,128.05,-1.0607703760916827,-0.9420000000000002,26.25,equatorial
17.78,24.94,28.32,22.62,87.47,3.77,1.03,2.54,0.55,0.59,2024-04-09,Yaounde_peri,2024,4,100,15,52.730000000000004,87.2,98.21,131.79999999999998,-1.04147647859623,-1.610999999999997,25.79,equatorial
15.32,25.35,29.48,22.18,86.95,13.12,0.94,3.39,0.57,0.65,2024-04-10,Yaounde_peri,2024,4,101,15,26.53000000000001,98.02,110.18,144.92,-0.9748155966846388,-1.166999999999998,25.79,equatorial
18.13,25.45,28.89,22.68,86.19,10.54,1.24,3.54,0.58,0.64,2024-04-11,Yaounde_peri,2024,4,102,15,36.230000000000004,105.24,119.05999999999999,155.45999999999998,-0.9212370760732517,-1.0459999999999994,25.79,equatorial
14.15,25.58,29.59,22.65,86.21,4.71,1.34,4.38,0.58,0.62,2024-04-12,Yaounde_peri,2024,4,103,15,38.6,102.38,122.21000000000001,160.17,-0.8971673630488355,-0.8943333333333356,25.79,equatorial
17.55,25.62,30.08,22.84,84.22,6.94,1.35,4.41,0.58,0.64,2024-04-13,Yaounde_peri,2024,4,104,15,42.77000000000001,100.72,128.23000000000002,167.10999999999999,-0.8618310826688322,-0.8159999999999954,25.79,equatorial
19.08,24.83,28.25,22.38,90.57,7.16,1.93,3.33,0.58,0.63,2024-04-14,Yaounde_peri,2024,4,105,15,49.50000000000001,100.47,134.87,174.26999999999998,-0.8253971962664477,-1.5230000000000032,25.7,equatorial
18.54,24.98,27.98,22.64,90.92,14.69,1.38,2.94,0.6,0.68,2024-04-15,Yaounde_peri,2024,4,106,16,60.93000000000001,112.32,148.60000000000002,188.95999999999998,-0.7508899066371594,-1.3006666666666682,25.62,equatorial
15.11,25.5,28.77,23.09,90.13,4.71,1.68,3.67,0.61,0.65,2024-04-16,Yaounde_peri,2024,4,107,16,61.870000000000005,114.60000000000001,152.57999999999998,193.67,-0.7268911707587281,-0.7320000000000029,25.62,equatorial
15.04,25.11,28.29,22.8,89.95,4.73,1.39,2.93,0.6,0.64,2024-04-17,Yaounde_peri,2024,4,108,16,53.48000000000001,80.01,156.51000000000002,198.4,-0.7027986023517377,-1.082333333333338,25.62,equatorial
19.36,25.73,29.73,22.43,88.38,6.74,1.26,3.91,0.6,0.65,2024-04-18,Yaounde_peri,2024,4,109,16,49.68000000000001,85.91,162.82999999999998,205.14,-0.6685433570299141,-0.4359999999999964,25.73,equatorial
12.36,25.7,29.15,23.31,89.04,4.24,1.37,3.34,0.6,0.64,2024-04-19,Yaounde_peri,2024,4,110,16,49.21000000000001,87.80999999999999,166.41,209.37,-0.6469974261729926,-0.4016666666666673,25.73,equatorial
23.72,26.05,30.15,22.79,84.24,0.59,0.99,3.71,0.6,0.61,2024-04-20,Yaounde_peri,2024,4,111,16,42.860000000000014,85.63,165.41,209.94,-0.6439779536411052,-0.0009999999999976694,26.05,equatorial
22.66,25.45,29.17,22.29,88.49,4.32,1.81,3.8,0.59,0.62,2024-04-21,Yaounde_peri,2024,4,112,16,40.02000000000001,89.52000000000001,169.69,214.21,-0.6222339718181406,-0.5250000000000021,26.05,equatorial
16.2,25.6,29.51,22.77,87.14,4.06,1.82,4.38,0.58,0.62,2024-04-22,Yaounde_peri,2024,4,113,17,29.390000000000008,90.32,173.75,218.2,-0.6019120635478996,-0.3653333333333322,26.05,equatorial
20.69,25.49,29.04,22.89,88.85,4.1,1.59,3.51,0.58,0.62,2024-04-23,Yaounde_peri,2024,4,114,17,28.78000000000001,90.65,177.85,222.27,-0.5811894665778063,-0.4166666666666714,26.05,equatorial
14.17,25.12,28.0,23.23,91.19,3.18,1.75,2.27,0.58,0.6,2024-04-24,Yaounde_peri,2024,4,115,17,27.230000000000008,80.71,181.03,225.45000000000002,-0.5649765453376485,-0.6943333333333328,26.05,equatorial
21.5,25.22,28.77,22.88,90.34,4.57,1.92,3.38,0.58,0.61,2024-04-25,Yaounde_peri,2024,4,116,17,25.060000000000006,74.74000000000001,185.6,230.02,-0.5417290037862728,-0.4940000000000033,26.05,equatorial
19.1,24.63,27.17,22.85,92.09,2.49,1.86,2.1,0.58,0.6,2024-04-26,Yaounde_peri,2024,4,117,17,23.31000000000001,72.52,185.79,232.51000000000002,-0.5290177297601609,-0.9463333333333352,26.05,equatorial
19.9,26.55,31.21,22.12,81.19,0.97,1.07,4.88,0.57,0.59,2024-04-27,Yaounde_peri,2024,4,118,17,23.69000000000001,66.55,183.44,233.48000000000002,-0.5240060893543028,1.0650000000000013,26.55,equatorial
19.54,25.49,28.64,22.91,88.47,2.55,1.44,2.5,0.56,0.59,2024-04-28,Yaounde_peri,2024,4,119,17,21.92000000000001,61.940000000000005,178.42000000000002,236.03,-0.5109930257012391,0.06199999999999761,26.55,equatorial
18.15,25.07,28.12,23.06,91.43,2.15,1.36,1.87,0.56,0.59,2024-04-29,Yaounde_peri,2024,4,120,18,20.010000000000005,49.4,171.97,238.18,-0.5000080807590994,-0.3243333333333318,26.55,equatorial
13.93,25.62,29.69,22.59,88.12,2.11,1.52,3.16,0.56,0.58,2024-04-30,Yaounde_peri,2024,4,121,18,18.020000000000007,46.8,166.67,240.29000000000002,-0.4892273933581205,0.24200000000000443,26.55,equatorial
19.34,26.19,29.87,23.3,84.74,3.28,1.01,3.39,0.56,0.59,2024-05-01,Yaounde_peri,2024,5,122,18,18.120000000000008,45.35,167.11,243.57000000000002,-0.4725204420390861,0.7650000000000006,26.55,equatorial
15.29,25.83,29.54,23.22,84.68,3.27,1.26,3.45,0.56,0.59,2024-05-02,Yaounde_peri,2024,5,123,18,16.820000000000007,41.879999999999995,167.95000000000002,246.84,-0.4558663259789292,0.41899999999999693,26.55,equatorial
19.01,24.95,28.24,22.72,90.61,7.81,1.63,3.13,0.56,0.62,2024-05-03,Yaounde_peri,2024,5,124,18,22.140000000000008,45.449999999999996,136.44,254.65,-0.4162066359549544,-0.4510000000000005,26.55,equatorial
18.8,25.2,28.68,22.94,90.16,4.05,1.78,2.81,0.57,0.61,2024-05-04,Yaounde_peri,2024,5,125,18,25.220000000000006,48.91,139.65,258.7,-0.3956080533251205,-0.21233333333333348,26.19,equatorial
18.12,25.59,29.52,22.68,85.66,3.41,1.22,3.74,0.57,0.6,2024-05-05,Yaounde_peri,2024,5,126,18,26.080000000000005,48.0,140.72,262.11,-0.37825552664029166,0.15566666666666862,26.19,equatorial
18.93,26.09,30.47,22.62,85.22,0.76,1.27,3.71,0.56,0.58,2024-05-06,Yaounde_peri,2024,5,127,19,24.69000000000001,44.699999999999996,138.71,262.87,-0.3743392267052282,0.6093333333333355,26.19,equatorial
15.85,25.54,28.15,23.93,92.23,7.1,1.26,1.42,0.57,0.61,2024-05-07,Yaounde_peri,2024,5,128,19,29.680000000000003,47.699999999999996,145.38,269.97,-0.3382769688807798,0.06766666666666765,26.19,equatorial
15.12,25.49,28.15,23.76,91.87,1.2,1.76,2.16,0.57,0.59,2024-05-08,Yaounde_peri,2024,5,129,19,27.600000000000005,45.71999999999999,143.32,271.17,-0.33213650065551076,0.02466666666666839,26.09,equatorial
20.06,25.78,29.43,23.4,88.53,0.43,1.71,2.74,0.56,0.58,2024-05-09,Yaounde_peri,2024,5,130,19,24.76000000000001,41.58,139.98,271.6,-0.32990169637831857,0.2866666666666653,26.09,equatorial
17.28,25.6,28.74,23.42,86.29,0.52,1.19,2.39,0.56,0.57,2024-05-10,Yaounde_peri,2024,5,131,19,17.47000000000001,39.61,127.38,272.12,-0.32721053863123073,0.09833333333333627,26.09,equatorial
17.01,25.69,29.69,22.95,87.44,2.77,1.4,3.25,0.55,0.57,2024-05-11,Yaounde_peri,2024,5,132,19,16.19000000000001,41.410000000000004,119.61,274.89,-0.31310511273436753,0.180333333333337,26.09,equatorial
16.76,25.42,28.5,23.16,90.74,3.47,1.39,2.42,0.56,0.59,2024-05-12,Yaounde_peri,2024,5,133,19,16.250000000000007,42.33,118.36999999999999,278.36,-0.2954488343736528,-0.08433333333332982,26.09,equatorial
15.87,24.75,27.31,23.23,92.37,3.66,1.93,2.21,0.56,0.59,2024-05-13,Yaounde_peri,2024,5,134,20,19.150000000000006,43.839999999999996,115.09,282.02000000000004,-0.27682928172611876,-0.7253333333333316,25.78,equatorial
15.95,24.91,28.76,22.28,88.1,5.25,1.91,3.78,0.56,0.6,2024-05-14,Yaounde_peri,2024,5,135,20,17.300000000000008,46.98,113.18,287.27000000000004,-0.25014095841844863,-0.5680000000000014,25.78,equatorial
21.77,25.07,28.78,22.05,84.89,1.12,1.24,3.11,0.56,0.58,2024-05-15,Yaounde_peri,2024,5,136,20,17.22000000000001,44.82,99.61,288.26,-0.24507698993758434,-0.4109999999999978,25.78,equatorial
18.76,26.04,30.63,22.08,82.98,4.6,1.17,4.75,0.56,0.59,2024-05-16,Yaounde_peri,2024,5,137,20,21.390000000000004,46.15,99.5,292.55,-0.22326034868068495,0.5409999999999968,26.04,equatorial
17.25,26.56,30.85,23.22,84.48,5.32,1.22,4.81,0.55,0.59,2024-05-17,Yaounde_peri,2024,5,138,20,26.190000000000005,43.66,100.08999999999999,297.83,-0.19641772171300267,1.012666666666668,26.56,equatorial
16.21,25.09,27.43,23.34,92.93,9.06,2.61,2.49,0.57,0.63,2024-05-18,Yaounde_peri,2024,5,139,20,32.480000000000004,48.67,102.41,306.73,-0.15119290756586742,-0.4360000000000035,26.56,equatorial
20.7,24.49,27.27,22.48,91.15,3.78,1.47,2.36,0.57,0.61,2024-05-19,Yaounde_peri,2024,5,140,20,32.790000000000006,49.04,101.95,309.94,-0.13486726574208874,-0.9956666666666685,26.56,equatorial
19.37,24.97,28.56,22.46,90.02,3.22,1.5,3.04,0.57,0.6,2024-05-20,Yaounde_peri,2024,5,141,21,32.35000000000001,51.5,104.58,312.2,-0.12336739290079465,-0.4796666666666667,26.56,equatorial
19.86,24.49,26.98,22.9,92.88,3.06,1.7,1.79,0.57,0.6,2024-05-21,Yaounde_peri,2024,5,142,21,30.160000000000007,47.46,103.32,314.29,-0.11273127582765671,-0.9276666666666671,26.56,equatorial
10.17,24.4,27.7,22.06,89.9,3.04,1.9,2.88,0.57,0.6,2024-05-22,Yaounde_peri,2024,5,143,21,32.080000000000005,49.300000000000004,102.3,316.24,-0.10280658575731204,-0.9776666666666642,26.56,equatorial
15.72,24.41,28.44,21.84,88.23,3.1,1.8,3.61,0.57,0.6,2024-05-23,Yaounde_peri,2024,5,144,21,30.58000000000001,51.97,101.3,319.16999999999996,-0.08790180053602283,-0.9316666666666649,26.56,equatorial
15.44,23.7,26.74,21.77,90.77,4.64,1.79,2.77,0.57,0.6,2024-05-24,Yaounde_peri,2024,5,145,21,29.90000000000001,56.09,102.76,323.8,-0.06435676633317813,-1.5943333333333314,25.09,equatorial
18.91,24.21,28.69,20.98,85.46,1.65,1.97,5.08,0.57,0.59,2024-05-25,Yaounde_peri,2024,5,146,21,22.490000000000006,54.97,99.83999999999999,325.45,-0.05595994959708726,-1.0506666666666646,24.97,equatorial
21.12,25.1,29.44,20.42,79.66,0.91,1.01,4.22,0.56,0.57,2024-05-26,Yaounde_peri,2024,5,147,21,19.620000000000005,52.41,98.26,326.3,-0.051630363449204957,-0.17633333333333212,25.1,equatorial
15.67,25.74,30.33,21.78,84.41,2.89,1.3,4.46,0.55,0.57,2024-05-27,Yaounde_peri,2024,5,148,22,19.290000000000006,51.64,100.18,329.05,-0.03763974555432832,0.4906666666666659,25.74,equatorial
16.84,25.5,29.14,23.05,88.88,7.18,1.24,3.24,0.55,0.6,2024-05-28,Yaounde_peri,2024,5,149,22,23.410000000000007,53.57,104.81,335.91,-0.002747725609514866,0.25033333333333374,25.74,equatorial
16.51,25.37,29.27,22.74,89.09,3.62,1.64,3.61,0.56,0.6,2024-05-29,Yaounde_peri,2024,5,150,22,23.990000000000006,56.06999999999999,106.28,339.03000000000003,0.013121750744144973,0.11033333333333317,25.74,equatorial
16.38,24.61,27.45,22.72,91.66,8.04,2.01,2.7,0.56,0.61,2024-05-30,Yaounde_peri,2024,5,151,22,28.930000000000007,59.510000000000005,112.21,347.01,0.05371394485721608,-0.6160000000000032,25.74,equatorial
15.5,24.08,27.17,22.27,89.64,2.15,2.5,3.05,0.57,0.6,2024-05-31,Yaounde_peri,2024,5,152,22,26.440000000000005,56.34,111.08,342.18,0.02913243953556304,-1.0756666666666668,25.74,equatorial
15.14,25.2,29.64,21.41,85.39,1.02,1.71,4.03,0.56,0.58,2024-06-01,Yaounde_peri,2024,6,153,22,25.81000000000001,48.3,108.83,338.83,0.01208186156372713,0.06533333333333502,25.74,equatorial
13.56,24.95,28.77,22.57,88.45,1.42,2.27,3.11,0.56,0.58,2024-06-02,Yaounde_peri,2024,6,154,22,26.320000000000007,45.94,102.44,337.82,0.006940013251006506,-0.18466666666666498,25.74,equatorial
16.41,25.23,29.45,21.93,85.4,1.13,2.33,4.44,0.55,0.56,2024-06-03,Yaounde_peri,2024,6,155,23,24.560000000000006,43.85,99.52,335.40000000000003,-0.005378652134604885,0.09433333333333493,25.5,equatorial
15.97,25.23,29.78,21.85,84.77,1.1,2.23,4.16,0.54,0.56,2024-06-04,Yaounde_peri,2024,6,156,23,18.480000000000008,41.88999999999999,97.21000000000001,330.28999999999996,-0.03139124697134544,0.10633333333333184,25.37,equatorial
9.94,24.98,29.42,21.59,85.01,1.12,1.88,3.68,0.54,0.55,2024-06-05,Yaounde_peri,2024,6,157,23,15.980000000000006,39.97,97.57,330.72999999999996,-0.02914646209312802,-0.10666666666666558,25.23,equatorial
16.59,24.4,27.85,21.94,85.86,0.43,2.59,2.72,0.53,0.54,2024-06-06,Yaounde_peri,2024,6,158,23,8.370000000000006,37.3,90.9,328.82,-0.038868248579436944,-0.6486666666666707,25.23,equatorial
15.4,25.1,29.85,21.15,82.24,0.5,2.27,4.15,0.53,0.53,2024-06-07,Yaounde_peri,2024,6,159,23,6.720000000000007,33.16,90.2,328.39,-0.04105254623430624,0.0643333333333338,25.23,equatorial
13.63,24.17,27.8,22.1,87.87,1.34,2.1,2.07,0.52,0.54,2024-06-08,Yaounde_peri,2024,6,160,23,7.040000000000007,32.85,91.11,329.3,-0.036411376774461685,-0.8119999999999941,25.23,equatorial
15.1,24.56,29.09,21.49,85.5,0.74,2.36,2.97,0.52,0.53,2024-06-09,Yaounde_peri,2024,6,161,23,6.360000000000007,32.68,91.33,328.89,-0.03849478317873715,-0.38733333333333775,25.23,equatorial
10.69,23.47,26.6,21.27,88.09,4.38,2.24,1.96,0.52,0.55,2024-06-10,Yaounde_peri,2024,6,162,24,9.610000000000007,34.17,92.94,331.60999999999996,-0.024630494617451794,-1.403333333333336,25.23,equatorial
15.44,24.46,28.82,21.49,86.91,4.94,2.0,4.1,0.53,0.57,2024-06-11,Yaounde_peri,2024,6,163,24,13.450000000000008,31.93,94.41000000000001,334.99,-0.007402947094494135,-0.38133333333333397,25.1,equatorial
16.32,25.23,30.12,21.6,76.58,0.51,1.1,4.09,0.53,0.54,2024-06-12,Yaounde_peri,2024,6,164,24,12.840000000000007,28.82,91.25999999999999,334.58000000000004,-0.009491476825279933,0.37266666666666737,25.23,equatorial
15.27,26.02,30.87,21.55,78.21,2.49,1.0,4.11,0.52,0.54,2024-06-13,Yaounde_peri,2024,6,165,24,14.900000000000007,23.27,88.5,336.55,0.0005516371241308125,1.1256666666666675,26.02,equatorial
15.09,24.52,27.31,22.36,89.46,4.24,1.37,2.11,0.52,0.56,2024-06-14,Yaounde_peri,2024,6,166,24,18.640000000000008,25.360000000000003,91.62,339.83,0.01727322146946991,-0.3559999999999981,26.02,equatorial
12.0,24.57,28.63,21.44,85.89,0.07,1.85,2.53,0.52,0.54,2024-06-15,Yaounde_peri,2024,6,167,24,17.370000000000008,24.410000000000004,87.08999999999999,339.16999999999996,0.013905508431761382,-0.25700000000000145,26.02,equatorial
10.82,23.81,26.48,21.43,84.61,0.0,3.06,1.77,0.52,0.53,2024-06-16,Yaounde_peri,2024,6,168,24,16.63000000000001,22.990000000000002,81.77,338.36999999999995,0.009823859792120823,-0.9253333333333345,26.02,equatorial
21.27,24.67,29.43,20.77,79.54,0.0,1.35,3.09,0.52,0.52,2024-06-17,Yaounde_peri,2024,6,169,25,12.250000000000007,21.860000000000003,72.71,337.95,0.007680319387856086,-0.05133333333333212,26.02,equatorial
15.74,25.84,31.22,21.45,76.48,0.0,1.06,3.53,0.51,0.51,2024-06-18,Yaounde_peri,2024,6,170,25,7.310000000000008,20.76,68.92999999999999,337.28999999999996,0.0043125338329071256,1.0736666666666714,26.02,equatorial
16.51,26.44,31.93,21.67,76.0,0.0,1.28,3.49,0.5,0.5,2024-06-19,Yaounde_peri,2024,6,171,25,6.800000000000008,19.64,65.71,335.7,-0.003799889579663706,1.6246666666666663,26.44,equatorial
12.88,25.15,29.36,22.48,85.27,9.89,1.24,2.71,0.51,0.56,2024-06-20,Yaounde_peri,2024,6,172,25,14.200000000000008,29.1,72.53999999999999,345.55,0.046460262738611646,0.3126666666666651,26.44,equatorial
10.93,24.03,27.18,22.22,91.16,7.31,1.56,2.15,0.53,0.6,2024-06-21,Yaounde_peri,2024,6,173,25,17.270000000000007,35.91,76.81,352.86,0.08375811914606235,-0.7949999999999982,26.44,equatorial
14.57,24.98,29.94,21.28,85.17,3.32,1.82,4.58,0.53,0.56,2024-06-22,Yaounde_peri,2024,6,174,25,20.520000000000007,37.89,77.03,356.18,0.10069104996825909,0.13600000000000279,26.44,equatorial
13.61,24.69,29.14,21.5,87.22,4.36,1.89,3.34,0.53,0.57,2024-06-23,Yaounde_peri,2024,6,175,25,24.88000000000001,41.510000000000005,76.75,360.54,0.12293273060786934,-0.18700000000000117,26.44,equatorial
13.17,23.26,25.24,21.92,92.87,4.81,1.68,1.64,0.54,0.58,2024-06-24,Yaounde_peri,2024,6,176,26,29.69000000000001,41.94,79.91000000000001,365.35,0.14747161990757543,-1.585333333333331,26.44,equatorial
7.93,23.74,26.94,21.03,86.81,5.82,1.16,3.24,0.54,0.59,2024-06-25,Yaounde_peri,2024,6,177,26,35.510000000000005,42.82,84.82,368.87,0.1654233236569527,-1.0600000000000023,26.44,equatorial
12.45,23.8,28.21,20.99,86.88,3.08,1.51,3.5,0.55,0.58,2024-06-26,Yaounde_peri,2024,6,178,26,38.59000000000001,45.39,85.00999999999999,368.63,0.16417317173955068,-0.9353333333333325,25.15,equatorial
11.03,24.33,28.25,21.07,84.54,4.31,1.54,4.22,0.54,0.57,2024-06-27,Yaounde_peri,2024,6,179,26,33.010000000000005,47.21,82.14,365.37,0.1474983111107308,-0.3663333333333334,24.98,equatorial
14.8,24.91,29.63,21.16,84.31,3.45,1.16,4.3,0.54,0.57,2024-06-28,Yaounde_peri,2024,6,180,26,29.15000000000001,46.42,81.97,360.21999999999997,0.12116902201546023,0.22900000000000276,24.98,equatorial
15.55,24.61,28.56,22.06,88.22,4.68,2.06,3.6,0.54,0.59,2024-06-29,Yaounde_peri,2024,6,181,26,30.51000000000001,51.03,78.61,357.49,0.10720372550244413,-0.07099999999999795,24.91,equatorial
12.92,23.74,27.5,21.67,89.26,1.79,1.94,2.73,0.55,0.57,2024-06-30,Yaounde_peri,2024,6,182,26,27.940000000000005,52.82,78.25,356.44,0.1018228778625979,-0.9296666666666695,24.91,equatorial
12.23,24.1,28.5,20.7,86.52,1.11,2.29,3.15,0.54,0.55,2024-07-01,Yaounde_peri,2024,7,183,27,24.240000000000006,53.93,78.34,355.12,0.0950622404300783,-0.5329999999999977,24.91,equatorial
12.4,23.46,26.41,21.86,90.52,1.74,2.17,1.84,0.54,0.56,2024-07-02,Yaounde_peri,2024,7,184,27,20.160000000000007,55.67,78.66,317.53999999999996,-0.0970309227361949,-1.1233333333333313,24.91,equatorial
15.75,24.67,29.71,20.72,82.56,0.55,2.13,4.33,0.54,0.55,2024-07-03,Yaounde_peri,2024,7,185,27,17.630000000000006,56.22,78.08,317.25,-0.09849927984774669,0.10533333333333417,24.91,equatorial
10.56,23.51,26.43,21.22,89.2,1.55,2.12,1.73,0.53,0.54,2024-07-04,Yaounde_peri,2024,7,186,27,14.870000000000008,47.879999999999995,78.53,316.46,-0.10252396286402111,-0.9973333333333336,24.91,equatorial
13.78,23.73,27.54,21.32,87.05,2.21,2.61,3.26,0.53,0.55,2024-07-05,Yaounde_peri,2024,7,187,27,13.630000000000008,42.78,79.62,315.9,-0.1053725497348375,-0.7356666666666669,24.67,equatorial
13.39,23.16,25.95,21.41,89.64,1.76,1.82,1.86,0.53,0.55,2024-07-06,Yaounde_peri,2024,7,188,27,10.710000000000006,41.220000000000006,80.95,317.22999999999996,-0.09855545329083795,-1.264333333333333,24.67,equatorial
15.72,23.92,28.05,20.71,86.88,2.88,2.4,3.14,0.53,0.55,2024-07-07,Yaounde_peri,2024,7,189,27,11.800000000000008,39.739999999999995,83.33,316.84999999999997,-0.10048478242280479,-0.4649999999999963,24.67,equatorial
15.2,24.02,28.59,20.75,84.64,1.17,2.67,3.73,0.53,0.54,2024-07-08,Yaounde_peri,2024,7,190,28,11.860000000000007,36.1,83.16,314.25,-0.11377066758074722,-0.360000000000003,24.67,equatorial
11.25,24.1,29.12,20.55,83.22,1.85,2.91,3.71,0.52,0.53,2024-07-09,Yaounde_peri,2024,7,191,28,11.970000000000008,32.13,84.27,302.98,-0.1714145226211126,-0.2646666666666633,24.67,equatorial
13.93,22.85,26.24,20.89,86.55,0.05,2.02,1.55,0.52,0.53,2024-07-10,Yaounde_peri,2024,7,192,28,11.470000000000006,29.099999999999998,79.94000000000001,292.49,-0.22506594957277137,-1.4939999999999998,24.1,equatorial
14.82,24.28,29.51,20.09,81.19,0.0,2.53,3.09,0.52,0.52,2024-07-11,Yaounde_peri,2024,7,193,28,9.920000000000005,24.79,75.0,287.78000000000003,-0.24913592201840243,-0.05799999999999983,24.28,equatorial
12.95,23.57,27.52,20.79,84.02,0.0,2.45,1.62,0.51,0.51,2024-07-12,Yaounde_peri,2024,7,194,28,7.710000000000007,21.34,74.49000000000001,280.84000000000003,-0.2846186927298912,-0.7126666666666672,24.28,equatorial
9.95,23.98,28.37,21.01,83.44,0.0,2.19,1.83,0.51,0.51,2024-07-13,Yaounde_peri,2024,7,195,28,5.950000000000007,16.66,72.0,273.68,-0.3212258255526753,-0.23466666666666924,24.28,equatorial
13.08,23.27,26.79,20.66,84.57,0.0,1.92,1.36,0.51,0.51,2024-07-14,Yaounde_peri,2024,7,196,28,3.070000000000007,14.87,67.76,258.99,-0.39638004817293193,-0.9030000000000022,24.28,equatorial
11.5,22.91,26.01,21.04,90.93,5.31,2.51,2.26,0.51,0.54,2024-07-15,Yaounde_peri,2024,7,197,29,7.210000000000006,19.07,73.0,259.59,-0.39324221432080614,-1.2076666666666647,24.28,equatorial
12.79,23.95,29.25,20.23,85.98,5.07,2.92,4.32,0.52,0.55,2024-07-16,Yaounde_peri,2024,7,198,29,10.430000000000007,22.4,78.07000000000001,259.93,-0.3914360564977517,-0.1723333333333379,24.28,equatorial
10.24,23.09,26.37,20.76,90.22,4.86,2.67,2.7,0.52,0.56,2024-07-17,Yaounde_peri,2024,7,199,29,15.240000000000007,26.71,82.93,258.05,-0.40099932380472986,-0.9796666666666667,24.28,equatorial
11.86,23.62,28.21,20.46,86.53,5.16,3.06,4.19,0.52,0.56,2024-07-18,Yaounde_peri,2024,7,200,29,20.400000000000006,30.32,88.09,258.96999999999997,-0.39622045048170645,-0.37566666666667103,23.98,equatorial
11.09,23.29,27.76,20.62,87.69,7.11,3.66,4.14,0.53,0.59,2024-07-19,Yaounde_peri,2024,7,201,29,27.51000000000001,35.22,95.2,265.49,-0.362755765737332,-0.6006666666666689,23.98,equatorial
9.92,23.55,28.71,19.8,84.4,1.67,3.15,4.33,0.53,0.55,2024-07-20,Yaounde_peri,2024,7,202,29,29.180000000000007,35.13,86.98,262.84,-0.37627342458598495,-0.2873333333333328,23.95,equatorial
12.69,23.3,28.18,19.71,84.64,0.89,2.54,3.34,0.53,0.53,2024-07-21,Yaounde_peri,2024,7,203,29,30.070000000000007,33.14,80.56,259.67,-0.3924543551499108,-0.5130000000000017,23.95,equatorial
12.1,22.81,26.79,19.97,85.12,0.27,1.23,1.98,0.52,0.53,2024-07-22,Yaounde_peri,2024,7,204,30,25.03000000000001,32.24,77.50999999999999,255.84,-0.41201593176996243,-0.9306666666666672,23.95,equatorial
15.99,23.95,29.5,19.87,80.84,0.32,2.34,3.73,0.52,0.52,2024-07-23,Yaounde_peri,2024,7,205,30,20.28000000000001,30.71,73.47,252.98,-0.42660435990007456,0.2339999999999982,23.95,equatorial
14.37,24.36,29.95,20.4,82.93,2.35,2.88,4.08,0.51,0.52,2024-07-24,Yaounde_peri,2024,7,206,30,17.770000000000007,33.01,71.00999999999999,250.76,-0.4379109150437183,0.6073333333333331,24.36,equatorial
11.4,23.54,28.06,20.56,86.16,3.15,3.15,3.26,0.51,0.53,2024-07-25,Yaounde_peri,2024,7,207,30,15.760000000000007,36.16,68.34,251.42,-0.43445299372759194,-0.20599999999999952,24.36,equatorial
11.22,23.49,28.12,20.52,86.31,3.38,3.43,3.46,0.51,0.53,2024-07-26,Yaounde_peri,2024,7,208,30,12.030000000000006,39.54,68.64,253.82999999999998,-0.42202365960341487,-0.24566666666666848,24.36,equatorial
11.72,23.15,26.92,20.37,86.67,2.68,2.64,2.81,0.51,0.53,2024-07-27,Yaounde_peri,2024,7,209,30,13.040000000000006,42.22,67.01,253.96,-0.42128600612868516,-0.5463333333333331,24.36,equatorial
9.97,22.89,27.22,20.11,87.89,3.29,2.96,2.96,0.51,0.54,2024-07-28,Yaounde_peri,2024,7,210,30,15.440000000000008,45.51,66.85,255.1,-0.4153692025751408,-0.7390000000000008,24.36,equatorial
10.11,23.14,27.57,20.28,87.25,3.29,2.74,3.27,0.51,0.54,2024-07-29,Yaounde_peri,2024,7,211,31,18.460000000000008,43.49,65.46,256.28,-0.4092478603954426,-0.4399999999999977,24.36,equatorial
9.66,23.64,29.14,19.97,84.43,2.83,3.41,4.27,0.51,0.53,2024-07-30,Yaounde_peri,2024,7,212,31,20.970000000000006,41.25000000000001,66.5,255.82999999999998,-0.4114877392370113,0.06333333333333613,24.36,equatorial
11.58,23.66,28.89,20.09,82.81,1.63,3.29,3.83,0.51,0.52,2024-07-31,Yaounde_peri,2024,7,213,31,20.250000000000007,38.019999999999996,67.02,254.19,-0.41983189458034303,0.09799999999999898,23.66,equatorial
15.16,23.12,27.54,20.01,83.7,0.73,2.67,2.49,0.51,0.51,2024-08-01,Yaounde_peri,2024,8,214,31,17.83000000000001,33.59,66.01,247.11,-0.45608438298856574,-0.4306666666666672,23.66,equatorial
17.26,24.35,30.31,19.9,79.99,0.67,2.57,3.51,0.5,0.5,2024-08-02,Yaounde_peri,2024,8,215,31,15.120000000000006,27.150000000000002,66.13000000000001,243.73,-0.47334816013187453,0.8100000000000023,24.35,equatorial
9.25,22.9,26.46,20.96,86.3,1.04,2.39,1.48,0.5,0.5,2024-08-03,Yaounde_peri,2024,8,216,31,13.480000000000008,26.52,65.61999999999999,241.35999999999999,-0.4854269711439327,-0.6196666666666708,24.35,equatorial
11.04,23.14,28.11,20.28,83.51,0.91,2.96,2.29,0.5,0.5,2024-08-04,Yaounde_peri,2024,8,217,31,11.100000000000009,26.54,64.32000000000001,241.51000000000002,-0.4845715973286669,-0.35999999999999943,24.35,equatorial
10.19,23.95,30.12,20.14,80.41,0.67,3.02,2.73,0.5,0.49,2024-08-05,Yaounde_peri,2024,8,218,32,8.480000000000008,26.94,63.23,235.08,-0.5174882857334461,0.42366666666666575,24.35,equatorial
13.06,24.21,30.25,20.37,80.48,2.04,3.4,3.42,0.5,0.49,2024-08-06,Yaounde_peri,2024,8,219,32,7.690000000000007,28.66,62.39,235.92,-0.5130830044190832,0.6739999999999995,24.35,equatorial
11.47,23.66,28.6,19.98,81.97,1.57,3.27,2.55,0.49,0.49,2024-08-07,Yaounde_peri,2024,8,220,32,7.630000000000007,27.880000000000003,62.79,237.06,-0.5071383450474376,0.13600000000000279,24.35,equatorial
11.79,24.47,30.52,19.89,79.4,0.82,2.8,2.7,0.49,0.49,2024-08-08,Yaounde_peri,2024,8,221,32,7.720000000000008,25.55,61.76,237.36,-0.5055072498396666,0.9336666666666638,24.47,equatorial
12.59,24.28,28.99,20.68,82.59,3.18,2.4,3.02,0.49,0.5,2024-08-09,Yaounde_peri,2024,8,222,32,10.230000000000008,25.35,64.89,237.77,-0.5033116132915584,0.6960000000000015,24.47,equatorial
10.52,23.58,27.04,20.91,88.09,4.44,2.24,2.24,0.5,0.52,2024-08-10,Yaounde_peri,2024,8,223,32,13.630000000000008,27.11,69.33,238.74,-0.498240601666408,0.01933333333332854,24.47,equatorial
12.17,23.52,27.44,20.99,87.62,4.36,2.42,2.8,0.5,0.54,2024-08-11,Yaounde_peri,2024,8,224,32,17.08000000000001,28.180000000000003,73.69,239.44,-0.49455699905517375,-0.03900000000000148,24.47,equatorial
11.54,23.25,27.59,20.74,88.94,5.17,2.66,2.82,0.51,0.55,2024-08-12,Yaounde_peri,2024,8,225,33,21.580000000000005,30.06,78.86,239.36,-0.4948802888757524,-0.2846666666666664,24.47,equatorial
10.64,23.36,28.1,20.21,85.84,4.34,2.97,3.91,0.51,0.55,2024-08-13,Yaounde_peri,2024,8,226,33,23.880000000000006,31.57,83.2,242.57999999999998,-0.4782517667361738,-0.17766666666666708,24.47,equatorial
10.17,23.93,28.92,20.17,83.69,1.15,2.34,3.46,0.51,0.52,2024-08-14,Yaounde_peri,2024,8,227,33,23.460000000000008,31.09,79.04,239.13,-0.4958924486970987,0.3583333333333343,24.47,equatorial
12.1,23.56,27.36,20.81,86.73,2.8,2.22,2.76,0.51,0.52,2024-08-15,Yaounde_peri,2024,8,228,33,25.440000000000005,33.160000000000004,76.77000000000001,236.61,-0.5087523164715452,0.0013333333333314101,24.28,equatorial
13.31,23.57,28.01,20.84,82.31,1.31,3.0,3.09,0.51,0.52,2024-08-16,Yaounde_peri,2024,8,229,33,23.570000000000007,33.8,73.22000000000001,228.86,-0.5484844348898746,-0.004666666666661712,23.93,equatorial
12.48,23.83,28.55,20.68,83.86,2.12,2.35,2.88,0.51,0.52,2024-08-17,Yaounde_peri,2024,8,230,33,21.250000000000007,34.88,70.17999999999999,227.20000000000002,-0.5569136382175754,0.24833333333333485,23.93,equatorial
8.26,23.15,27.13,21.02,87.67,3.17,2.76,2.74,0.51,0.53,2024-08-18,Yaounde_peri,2024,8,231,33,20.060000000000006,37.14,66.24,227.15,-0.557066923160657,-0.4269999999999996,23.93,equatorial
12.07,22.97,27.04,20.31,87.39,4.33,2.36,2.91,0.51,0.54,2024-08-19,Yaounde_peri,2024,8,232,34,19.220000000000006,40.800000000000004,68.89999999999999,228.42000000000002,-0.5504355059586723,-0.5876666666666672,23.93,equatorial
12.02,23.62,28.58,20.3,84.89,5.76,2.78,4.26,0.51,0.55,2024-08-20,Yaounde_peri,2024,8,233,34,20.640000000000008,44.52,73.77,231.14000000000001,-0.5363515658351243,0.051666666666669414,23.93,equatorial
9.84,23.34,27.59,20.18,88.07,7.23,2.25,3.58,0.52,0.57,2024-08-21,Yaounde_peri,2024,8,234,34,26.720000000000006,50.18000000000001,80.73,235.26999999999998,-0.5150210412357468,-0.24600000000000222,23.83,equatorial
11.47,23.22,27.41,20.89,89.84,8.25,3.04,3.44,0.53,0.59,2024-08-22,Yaounde_peri,2024,8,235,34,32.17000000000001,57.61,88.66000000000001,238.88,-0.4963673180621154,-0.341666666666665,23.83,equatorial
10.84,23.35,28.21,20.18,87.6,6.4,3.28,4.49,0.54,0.58,2024-08-23,Yaounde_peri,2024,8,236,34,37.260000000000005,60.830000000000005,92.71,243.63,-0.47185402090251616,-0.17799999999999727,23.83,equatorial
14.22,22.42,25.89,20.02,89.42,1.41,1.61,2.22,0.54,0.56,2024-08-24,Yaounde_peri,2024,8,237,34,36.55000000000001,57.8,90.97,244.13,-0.46920077501147006,-1.0706666666666642,23.62,equatorial
10.21,23.52,28.6,20.19,85.97,2.68,2.95,4.09,0.54,0.55,2024-08-25,Yaounde_peri,2024,8,238,34,36.06000000000001,56.12,90.27,243.92,-0.47019969257577976,0.028333333333332433,23.62,equatorial
10.84,23.12,27.52,20.57,87.98,5.05,3.7,4.04,0.54,0.58,2024-08-26,Yaounde_peri,2024,8,239,35,36.78000000000001,56.0,92.64,241.79000000000002,-0.48107487244355535,-0.3706666666666649,23.62,equatorial
16.09,23.96,29.16,19.82,85.5,1.21,2.42,4.18,0.53,0.54,2024-08-27,Yaounde_peri,2024,8,240,35,32.230000000000004,52.870000000000005,90.56,239.38,-0.4933890833262795,0.4336666666666673,23.96,equatorial
13.69,23.5,27.17,20.5,88.14,1.85,2.45,2.73,0.53,0.54,2024-08-28,Yaounde_peri,2024,8,241,35,26.85000000000001,53.57,89.12,233.19000000000003,-0.5251495590333188,-0.038333333333333997,23.96,equatorial
11.99,23.06,26.07,21.12,86.71,0.09,2.71,1.88,0.53,0.54,2024-08-29,Yaounde_peri,2024,8,242,35,18.69000000000001,50.86,86.38000000000001,231.13,-0.5356542922080878,-0.4590000000000032,23.96,equatorial
9.97,23.7,28.24,20.65,80.66,0.0,2.9,3.35,0.52,0.52,2024-08-30,Yaounde_peri,2024,8,243,35,12.290000000000006,49.550000000000004,84.75,230.10999999999999,-0.5408055446810976,0.17966666666666953,23.96,equatorial
12.42,24.06,29.09,20.46,81.33,0.0,2.4,3.11,0.51,0.51,2024-08-31,Yaounde_peri,2024,8,244,35,10.880000000000006,47.43,84.02000000000001,228.69,-0.5480145579801888,0.5083333333333329,24.06,equatorial
15.25,24.49,29.13,20.49,80.37,0.0,1.64,2.46,0.51,0.51,2024-09-01,Yaounde_peri,2024,9,245,35,8.200000000000006,44.260000000000005,83.35000000000001,227.56,-0.5537297569756634,0.9336666666666638,24.49,equatorial
7.96,24.42,28.9,21.46,80.72,0.0,2.3,2.17,0.5,0.5,2024-09-02,Yaounde_peri,2024,9,246,36,3.150000000000007,39.93,82.31,226.45999999999998,-0.5592895721465873,0.8130000000000059,24.49,equatorial
12.63,24.14,29.08,20.87,79.39,1.34,2.18,3.02,0.5,0.5,2024-09-03,Yaounde_peri,2024,9,247,36,3.2800000000000074,35.51,82.74000000000001,226.68,-0.5580531571952667,0.4996666666666698,24.49,equatorial
15.83,23.53,28.28,20.41,80.78,0.59,2.6,2.1,0.5,0.49,2024-09-04,Yaounde_peri,2024,9,248,36,2.020000000000007,28.87,82.66,226.84,-0.5571259061551835,-0.09633333333333383,24.49,equatorial
16.32,22.58,26.31,19.72,85.76,3.23,1.55,2.11,0.5,0.51,2024-09-05,Yaounde_peri,2024,9,249,36,5.160000000000007,23.85,83.85,229.57000000000002,-0.5429659997872903,-0.9920000000000009,24.49,equatorial
8.03,23.15,26.68,20.66,84.23,3.43,3.21,2.98,0.5,0.53,2024-09-06,Yaounde_peri,2024,9,250,36,8.590000000000007,20.880000000000003,85.71000000000001,231.66,-0.5321041455971217,-0.40500000000000114,24.49,equatorial
17.73,23.55,29.4,19.55,77.66,0.42,2.03,2.84,0.5,0.5,2024-09-07,Yaounde_peri,2024,9,251,36,9.010000000000007,19.89,85.30999999999999,231.34,-0.5336556853678867,0.02566666666666606,24.49,equatorial
17.01,24.83,30.51,20.28,80.33,5.22,1.55,3.83,0.5,0.51,2024-09-08,Yaounde_peri,2024,9,252,36,14.230000000000008,22.43,87.35,232.18,-0.5292323505105455,1.2873333333333328,24.83,equatorial
16.69,24.87,29.85,21.58,82.11,7.49,1.27,3.65,0.51,0.56,2024-09-09,Yaounde_peri,2024,9,253,37,21.720000000000006,24.87,90.4,234.73,-0.5160013293583847,1.2843333333333362,24.87,equatorial
14.06,24.92,30.15,21.12,84.12,7.43,1.71,4.74,0.51,0.57,2024-09-10,Yaounde_peri,2024,9,254,37,27.810000000000006,31.09,93.47,241.65,-0.48025927821566516,1.2876666666666665,24.92,equatorial
14.91,23.48,26.36,21.78,91.62,9.14,2.25,2.59,0.52,0.59,2024-09-11,Yaounde_peri,2024,9,255,37,36.36000000000001,38.379999999999995,97.44,248.3,-0.44591280097840724,-0.16000000000000014,24.92,equatorial
11.85,23.93,27.84,20.76,86.86,7.13,1.43,3.71,0.54,0.59,2024-09-12,Yaounde_peri,2024,9,256,37,40.26000000000001,45.42,100.23,251.19,-0.4309452838396951,0.2710000000000008,24.92,equatorial
17.41,23.58,26.88,21.1,88.6,6.47,1.55,3.06,0.54,0.6,2024-09-13,Yaounde_peri,2024,9,257,37,43.300000000000004,51.89,105.55,257.59,-0.39789010833046223,-0.06733333333333746,24.92,equatorial
14.9,24.13,28.95,21.1,86.56,3.0,1.79,4.32,0.55,0.58,2024-09-14,Yaounde_peri,2024,9,258,37,45.88000000000001,54.89,105.75,260.59,-0.3823623219896388,0.4636666666666649,24.92,equatorial
15.38,24.67,29.34,21.08,86.28,3.54,1.67,4.48,0.54,0.57,2024-09-15,Yaounde_peri,2024,9,259,37,44.20000000000001,58.43,107.97999999999999,264.13,-0.3640521412547068,0.9670000000000023,24.92,equatorial
16.32,24.95,29.17,21.84,85.3,4.67,1.54,4.29,0.54,0.57,2024-09-16,Yaounde_peri,2024,9,260,38,41.38000000000001,63.1,110.53,268.8,-0.33991748102846886,1.2096666666666636,24.95,equatorial
13.13,23.43,27.12,21.32,90.42,6.48,2.65,3.1,0.54,0.59,2024-09-17,Yaounde_peri,2024,9,261,38,40.43000000000001,68.24,113.84,275.28,-0.30645146255528877,-0.31966666666666654,24.95,equatorial
14.49,23.62,28.34,20.21,85.5,2.81,2.01,4.5,0.54,0.57,2024-09-18,Yaounde_peri,2024,9,262,38,34.10000000000001,70.46,112.32000000000001,268.2,-0.3429152413090358,-0.15133333333333354,24.95,equatorial
17.66,22.94,26.69,20.91,90.03,12.02,2.24,3.65,0.55,0.62,2024-09-19,Yaounde_peri,2024,9,263,38,38.99,79.25,118.58,272.91,-0.31856919458731847,-0.8086666666666673,24.95,equatorial
13.8,23.11,27.01,20.51,88.7,12.91,2.21,4.88,0.58,0.66,2024-09-20,Yaounde_peri,2024,9,264,38,45.43000000000001,88.73,124.25999999999999,282.5,-0.26905210904327487,-0.6310000000000002,24.95,equatorial
17.56,23.05,26.3,20.76,90.64,8.63,1.97,3.69,0.58,0.62,2024-09-21,Yaounde_peri,2024,9,265,38,51.06,96.94,124.64,286.77,-0.24698267914972402,-0.685333333333336,24.95,equatorial
18.02,23.61,27.2,20.97,90.93,27.95,1.66,3.77,0.59,0.7,2024-09-22,Yaounde_peri,2024,9,266,38,75.47,119.67,146.19,309.91,-0.12754980762165982,-0.1340000000000039,24.95,equatorial
15.59,23.13,25.67,21.15,87.7,23.46,1.35,3.32,0.67,0.76,2024-09-23,Yaounde_peri,2024,9,267,39,94.26,135.64000000000001,168.24,327.55,-0.03650033386527253,-0.6376666666666679,23.62,equatorial
12.72,22.07,25.01,19.94,87.42,2.69,1.54,3.75,0.66,0.68,2024-09-24,Yaounde_peri,2024,9,268,39,90.47,130.9,168.25,327.16,-0.0385080780078966,-1.649333333333331,23.62,equatorial
14.66,23.68,28.28,19.31,82.65,2.38,0.69,5.14,0.65,0.67,2024-09-25,Yaounde_peri,2024,9,269,39,90.03999999999999,124.14,165.57999999999998,325.23,-0.04846524755346184,-0.05799999999999983,23.68,equatorial
17.48,23.87,28.0,20.42,88.3,2.72,1.86,5.04,0.63,0.65,2024-09-26,Yaounde_peri,2024,9,270,39,80.74000000000001,119.73,167.09,324.5,-0.052227182207798616,0.134999999999998,23.87,equatorial
6.77,22.66,24.08,21.68,95.29,12.87,2.09,1.62,0.63,0.7,2024-09-27,Yaounde_peri,2024,9,271,39,80.7,126.13,178.10999999999999,332.69000000000005,-0.00993145637848011,-1.0470000000000006,23.87,equatorial
14.5,22.29,25.7,20.08,90.89,3.34,2.4,4.17,0.64,0.66,2024-09-28,Yaounde_peri,2024,9,272,39,75.41000000000001,126.47,181.36,334.24,-0.0019256391199102049,-1.391333333333332,23.87,equatorial
18.37,22.5,26.58,19.65,88.96,1.58,2.05,4.39,0.62,0.64,2024-09-29,Yaounde_peri,2024,9,273,39,49.040000000000006,124.50999999999999,182.94000000000003,334.71,0.0005021199323019067,-1.141333333333332,23.87,equatorial
15.15,23.62,28.35,19.99,86.3,0.7,1.8,5.45,0.61,0.62,2024-09-30,Yaounde_peri,2024,9,274,40,26.28000000000001,120.53999999999999,183.64000000000001,333.66999999999996,-0.004870169797417252,-0.006666666666664156,23.87,equatorial
17.25,24.23,28.62,20.8,87.62,2.18,2.37,4.98,0.59,0.61,2024-10-01,Yaounde_peri,2024,10,275,40,25.770000000000007,116.24000000000001,185.82000000000002,335.3,0.003551617374986843,0.6120000000000019,24.23,equatorial
15.73,24.09,28.09,21.51,90.07,28.06,2.03,3.99,0.6,0.68,2024-10-02,Yaounde_peri,2024,10,276,40,51.45,141.49,213.88000000000002,361.81,0.14052914630564137,0.482999999999997,24.23,equatorial
15.29,22.65,24.6,21.26,95.71,30.52,2.41,1.77,0.67,0.77,2024-10-03,Yaounde_peri,2024,10,277,40,79.25,159.98999999999998,243.06,390.12,0.2868053629685187,-0.9073333333333373,24.23,equatorial
13.59,22.92,26.31,20.71,92.88,17.51,2.27,3.53,0.7,0.76,2024-10-04,Yaounde_peri,2024,10,278,40,83.89,164.59,259.98,405.87,0.36816082511256354,-0.6169999999999938,24.23,equatorial
14.56,22.74,25.91,20.8,90.11,15.08,1.29,3.35,0.72,0.77,2024-10-05,Yaounde_peri,2024,10,279,40,95.63000000000001,171.04,271.83,418.07,0.43116039641521403,-0.8023333333333333,24.23,equatorial
16.33,23.53,27.55,20.49,88.48,3.91,1.41,4.75,0.71,0.72,2024-10-06,Yaounde_peri,2024,10,280,40,97.96000000000001,147.0,272.31,420.81,0.4452524096573863,-0.02500000000000213,24.23,equatorial
8.09,23.68,27.66,20.79,88.71,5.5,1.22,4.25,0.69,0.71,2024-10-07,Yaounde_peri,2024,10,281,41,102.76000000000002,129.04,277.39000000000004,424.46000000000004,0.464047330749347,0.12066666666666848,24.23,equatorial
17.81,24.1,27.96,20.33,82.12,12.8,1.2,6.03,0.69,0.73,2024-10-08,Yaounde_peri,2024,10,282,41,113.38000000000001,139.15,284.96999999999997,437.21,0.5298890780375389,0.5649999999999977,24.1,equatorial
13.88,23.85,27.69,20.66,83.01,0.79,0.81,4.04,0.68,0.69,2024-10-09,Yaounde_peri,2024,10,283,41,86.11,137.56,278.27,438.0,0.5338788917705899,0.3490000000000002,24.1,equatorial
14.18,24.8,29.23,20.57,81.51,0.28,0.72,4.95,0.66,0.67,2024-10-10,Yaounde_peri,2024,10,284,41,55.87000000000001,135.12,271.12,438.28000000000003,0.5352307864928975,1.3030000000000008,24.8,equatorial
18.72,24.96,29.24,21.45,83.61,1.6,0.97,5.45,0.64,0.65,2024-10-11,Yaounde_peri,2024,10,285,41,39.960000000000015,123.85000000000001,263.58,439.88,0.543409164829851,1.4136666666666677,24.96,equatorial
11.64,23.4,25.94,21.6,93.94,25.46,2.24,2.69,0.65,0.74,2024-10-12,Yaounde_peri,2024,10,286,41,50.34,145.97,281.91,465.34000000000003,0.6749910792697698,-0.1286666666666676,24.96,equatorial
13.34,22.28,24.66,20.15,93.02,5.44,1.73,2.21,0.68,0.71,2024-10-13,Yaounde_peri,2024,10,287,41,51.87000000000001,149.82999999999998,280.88000000000005,465.47,0.6755260368266314,-1.205333333333332,24.96,equatorial
16.44,22.36,26.88,19.31,87.31,1.01,2.02,5.45,0.66,0.67,2024-10-14,Yaounde_peri,2024,10,288,42,47.38000000000001,150.14000000000001,278.89000000000004,461.41,0.6543873498061568,-1.0663333333333327,24.96,equatorial
18.44,22.57,27.76,18.17,85.01,1.17,1.83,6.02,0.64,0.65,2024-10-15,Yaounde_peri,2024,10,289,42,35.75000000000001,149.13,276.52,457.71999999999997,0.6351677312450633,-0.7863333333333351,24.96,equatorial
17.64,23.41,28.1,20.04,86.07,3.7,1.61,5.31,0.63,0.66,2024-10-16,Yaounde_peri,2024,10,290,42,38.66000000000001,124.77,275.55,456.26000000000005,0.6274896458805038,0.10500000000000043,24.96,equatorial
16.57,23.99,28.72,20.71,85.43,2.28,1.18,4.96,0.62,0.64,2024-10-17,Yaounde_peri,2024,10,291,42,40.660000000000004,96.53,271.35,451.43,0.6023764884080205,0.6663333333333306,24.96,equatorial
15.62,23.76,28.06,20.51,87.97,1.47,1.85,4.39,0.61,0.62,2024-10-18,Yaounde_peri,2024,10,292,42,40.53,80.49000000000001,270.01000000000005,451.23,0.6012268922008989,0.4316666666666684,23.99,equatorial
15.99,23.6,26.89,21.5,88.96,2.96,1.82,3.41,0.6,0.63,2024-10-19,Yaounde_peri,2024,10,293,42,18.03000000000001,68.36999999999999,260.95,453.3,0.6118249540639308,0.2496666666666698,23.99,equatorial
14.48,23.89,27.57,21.21,87.4,10.08,1.2,3.84,0.6,0.64,2024-10-20,Yaounde_peri,2024,10,294,42,22.670000000000005,74.53999999999999,258.12,463.11,0.6624785091336433,0.5136666666666692,23.99,equatorial
14.11,24.73,29.11,20.97,85.78,7.17,1.12,5.1,0.62,0.67,2024-10-21,Yaounde_peri,2024,10,295,43,28.830000000000005,76.21,256.66,469.96,0.6977990889521899,1.2976666666666645,24.73,equatorial
14.92,24.5,27.77,21.8,85.72,2.59,0.99,3.25,0.62,0.64,2024-10-22,Yaounde_peri,2024,10,296,43,30.250000000000007,66.0,231.3,470.2,0.6988965630623313,1.0380000000000003,24.73,equatorial
15.33,24.62,28.19,21.34,84.95,2.18,0.88,3.2,0.61,0.63,2024-10-23,Yaounde_peri,2024,10,297,43,28.730000000000008,67.39,210.02,469.22999999999996,0.6937303416139743,1.1083333333333343,24.73,equatorial
6.74,24.19,26.91,22.34,90.48,14.5,0.87,2.3,0.62,0.7,2024-10-24,Yaounde_peri,2024,10,298,43,40.95,81.61,221.83,480.34999999999997,0.7511519289170228,0.6076666666666668,24.73,equatorial
14.86,24.0,27.97,21.07,88.0,1.48,1.66,4.6,0.63,0.65,2024-10-25,Yaounde_peri,2024,10,299,43,40.96000000000001,81.49,220.93,479.15,0.7447758020023809,0.40700000000000003,24.73,equatorial
16.31,23.04,25.72,21.36,91.43,1.27,1.57,2.29,0.62,0.64,2024-10-26,Yaounde_peri,2024,10,300,43,39.27,57.3,219.48000000000002,477.13,0.7341563100864802,-0.5253333333333359,24.73,equatorial
13.71,24.9,29.19,21.1,84.44,5.04,0.64,5.3,0.62,0.64,2024-10-27,Yaounde_peri,2024,10,301,43,34.230000000000004,56.9,211.65,478.88,0.7430597130818654,1.259999999999998,24.9,equatorial
16.54,25.13,29.25,21.83,84.83,1.83,1.43,5.14,0.61,0.63,2024-10-28,Yaounde_peri,2024,10,302,44,28.890000000000004,57.72,210.14000000000001,477.88,0.7377211210162017,1.3953333333333298,25.13,equatorial
12.51,25.01,29.13,21.8,88.97,16.99,1.54,4.6,0.62,0.69,2024-10-29,Yaounde_peri,2024,10,303,44,43.290000000000006,73.53999999999999,225.54999999999998,493.24,0.8170987543457721,1.1916666666666664,25.13,equatorial
17.22,24.96,29.4,21.65,85.2,1.23,1.7,5.44,0.62,0.64,2024-10-30,Yaounde_peri,2024,10,304,44,42.34,71.07,226.07999999999998,493.74,0.8194981705988771,1.0969999999999978,25.13,equatorial
16.1,23.68,26.9,21.74,86.66,1.57,1.33,2.66,0.62,0.63,2024-10-31,Yaounde_peri,2024,10,305,44,29.410000000000004,70.36,225.47,494.64,0.8239681348653508,-0.16466666666666896,25.13,equatorial
14.53,24.58,29.11,20.36,81.14,1.72,0.85,5.37,0.61,0.62,2024-11-01,Yaounde_peri,2024,11,306,44,29.650000000000006,70.61,199.13,495.32,0.8272971555771377,0.7189999999999976,25.13,equatorial
18.47,22.88,25.1,20.91,92.76,5.86,1.51,1.96,0.61,0.65,2024-11-02,Yaounde_peri,2024,11,307,44,34.24,73.51,174.47,500.27,0.852738683471636,-0.9886666666666706,25.13,equatorial
13.53,24.56,29.0,21.05,86.23,2.07,1.56,4.36,0.61,0.63,2024-11-03,Yaounde_peri,2024,11,308,44,31.270000000000003,65.5,159.03,501.66999999999996,0.8597844672671842,0.6366666666666632,25.13,equatorial
15.18,24.15,27.18,21.6,88.46,2.27,1.2,2.28,0.6,0.63,2024-11-04,Yaounde_peri,2024,11,309,45,31.710000000000008,60.599999999999994,146.22,501.90000000000003,0.8607677833240488,0.17966666666666598,25.01,equatorial
16.38,24.02,27.37,21.21,86.49,2.28,1.32,2.79,0.6,0.62,2024-11-05,Yaounde_peri,2024,11,310,45,17.000000000000007,60.29,144.59,502.61,0.8642368476037781,0.03333333333333499,24.96,equatorial
16.64,24.78,28.45,21.65,83.54,1.03,1.19,3.94,0.6,0.61,2024-11-06,Yaounde_peri,2024,11,311,45,16.800000000000008,59.14,140.12,502.82000000000005,0.865114772274749,0.7566666666666677,24.78,equatorial
15.27,25.29,29.33,21.93,81.28,1.51,1.29,4.45,0.59,0.61,2024-11-07,Yaounde_peri,2024,11,312,45,16.740000000000006,46.15,128.82999999999998,501.15000000000003,0.8562545196475815,1.2270000000000003,25.29,equatorial
18.46,25.48,30.01,21.43,78.69,0.26,1.78,5.21,0.59,0.59,2024-11-08,Yaounde_peri,2024,11,313,45,15.280000000000008,44.92999999999999,128.3,496.97,0.8343961412845621,1.3626666666666694,25.48,equatorial
16.19,24.08,27.44,21.61,86.06,1.28,1.58,2.64,0.58,0.59,2024-11-09,Yaounde_peri,2024,11,314,45,10.700000000000006,44.94,129.3,493.89,0.8182444447306467,-0.013333333333331865,25.48,equatorial
14.25,24.14,28.72,21.03,85.37,1.67,1.42,3.88,0.58,0.59,2024-11-10,Yaounde_peri,2024,11,315,45,10.300000000000006,41.57,129.37,490.39,0.7999228800371279,0.07400000000000162,25.48,equatorial
21.15,24.9,29.82,20.9,80.57,0.27,2.4,4.62,0.57,0.58,2024-11-11,Yaounde_peri,2024,11,316,46,8.300000000000008,40.01,104.18,486.32,0.7786546493713523,0.7839999999999989,25.48,equatorial
21.51,25.59,30.89,20.17,75.74,0.47,2.49,5.39,0.56,0.57,2024-11-12,Yaounde_peri,2024,11,317,46,6.490000000000007,23.490000000000002,99.21000000000001,485.64,0.7749579223678106,1.3636666666666635,25.59,equatorial
9.65,25.64,30.14,21.69,79.49,1.46,2.01,3.92,0.55,0.57,2024-11-13,Yaounde_peri,2024,11,318,46,6.920000000000007,23.72,99.66,484.3,0.7678426733187794,1.3043333333333322,25.64,equatorial
19.94,26.1,31.25,22.21,76.91,1.34,2.32,4.95,0.55,0.56,2024-11-14,Yaounde_peri,2024,11,319,46,6.750000000000007,23.49,99.83,484.33000000000004,0.7678289106170565,1.6466666666666718,26.1,equatorial
13.51,24.52,28.13,21.89,85.41,2.32,1.2,3.09,0.55,0.57,2024-11-15,Yaounde_peri,2024,11,320,46,8.810000000000006,24.09,98.44999999999999,484.53000000000003,0.768696169516243,0.029666666666663843,26.1,equatorial
20.7,25.43,30.73,20.69,76.58,0.29,0.97,4.72,0.54,0.55,2024-11-16,Yaounde_peri,2024,11,321,46,7.820000000000007,18.519999999999996,96.46,481.65,0.7536012938036174,0.8916666666666657,26.1,equatorial
18.13,25.12,30.1,21.54,80.55,0.02,1.31,3.28,0.54,0.54,2024-11-17,Yaounde_peri,2024,11,322,46,6.170000000000007,16.470000000000002,95.00999999999999,477.34000000000003,0.7310997004109915,0.5363333333333351,26.1,equatorial
14.53,25.48,30.52,21.54,78.67,0.1,1.42,3.73,0.54,0.54,2024-11-18,Yaounde_peri,2024,11,323,47,6.000000000000007,14.299999999999999,92.15,471.68,0.7016072690425253,0.8336666666666659,26.1,equatorial
18.67,25.26,29.73,21.42,76.93,0.4,2.37,3.12,0.53,0.54,2024-11-19,Yaounde_peri,2024,11,324,47,5.930000000000007,12.42,82.47,464.85,0.6660577119219089,0.5680000000000014,26.1,equatorial
18.54,25.86,30.6,21.84,74.44,0.12,1.28,3.54,0.53,0.53,2024-11-20,Yaounde_peri,2024,11,325,47,4.590000000000007,11.51,75.42,456.72,0.6237770663211863,1.1303333333333327,26.1,equatorial
17.95,26.37,31.7,22.27,74.17,0.13,1.82,3.79,0.52,0.52,2024-11-21,Yaounde_peri,2024,11,326,47,3.380000000000007,10.129999999999999,72.96,450.45,0.5911488392423715,1.578000000000003,26.37,equatorial
17.69,25.11,30.84,21.54,80.42,2.1,1.49,3.69,0.52,0.53,2024-11-22,Yaounde_peri,2024,11,327,47,3.1600000000000072,11.969999999999999,72.88000000000001,451.14,0.5946163081144357,0.30166666666666586,26.37,equatorial
20.2,24.8,30.2,20.9,79.95,1.17,1.43,3.59,0.52,0.53,2024-11-23,Yaounde_peri,2024,11,328,47,4.040000000000007,11.86,59.55,449.63,0.5866745692665734,-0.028666666666666174,26.37,equatorial
21.99,26.03,32.12,21.45,72.51,0.07,1.72,4.11,0.52,0.52,2024-11-24,Yaounde_peri,2024,11,329,47,4.090000000000008,10.26,58.14,444.65,0.560738114374781,1.1336666666666666,26.37,equatorial
20.87,25.65,31.32,21.28,75.09,0.3,1.55,3.5,0.51,0.51,2024-11-25,Yaounde_peri,2024,11,330,48,4.290000000000007,10.29,57.169999999999995,443.74,0.5559162901810366,0.6666666666666643,26.37,equatorial
17.66,25.04,31.15,21.43,74.62,0.97,1.74,3.53,0.51,0.51,2024-11-26,Yaounde_peri,2024,11,331,48,4.860000000000007,10.790000000000001,53.099999999999994,442.86,0.5512509399148325,0.0519999999999996,26.37,equatorial
19.94,24.66,30.57,20.95,71.73,0.07,1.59,3.27,0.51,0.51,2024-11-27,Yaounde_peri,2024,11,332,48,4.810000000000007,9.399999999999999,51.339999999999996,442.84000000000003,0.5510478943146203,-0.31233333333333135,26.37,equatorial
22.58,25.66,31.69,20.42,68.36,0.0,1.48,3.53,0.51,0.5,2024-11-28,Yaounde_peri,2024,11,333,48,4.680000000000007,8.059999999999999,34.349999999999994,442.84000000000003,0.5509486851915283,0.6660000000000039,26.03,equatorial
19.49,25.98,31.52,21.12,66.35,0.01,1.66,3.09,0.5,0.5,2024-11-29,Yaounde_peri,2024,11,334,48,2.590000000000007,5.75,33.13,442.85,0.5509014173630148,0.9520000000000017,26.03,equatorial
20.98,27.1,33.56,21.46,65.2,0.0,1.86,3.49,0.5,0.49,2024-11-30,Yaounde_peri,2024,11,335,48,1.420000000000007,5.46,31.56,442.85,0.5508023016456096,1.958000000000002,27.1,equatorial
22.63,27.31,33.77,22.4,65.09,0.0,1.84,3.43,0.49,0.48,2024-12-01,Yaounde_peri,2024,12,336,48,1.350000000000007,5.44,29.84,442.85,0.5507032394098438,2.076999999999998,27.31,equatorial
19.45,26.41,32.43,22.76,71.44,0.24,1.44,2.85,0.49,0.48,2024-12-02,Yaounde_peri,2024,12,337,49,1.290000000000007,5.58,24.22,441.75,0.5448949239349321,1.0593333333333348,27.31,equatorial
20.27,26.46,32.95,22.13,70.71,0.48,1.73,3.06,0.49,0.48,2024-12-03,Yaounde_peri,2024,12,338,49,0.8000000000000071,5.66,22.630000000000003,441.64,0.5442264777385759,1.0459999999999994,27.31,equatorial
21.7,26.27,32.9,21.85,69.31,0.24,1.9,2.87,0.49,0.48,2024-12-04,Yaounde_peri,2024,12,339,49,0.9700000000000071,5.78,20.599999999999998,438.65,0.5286071912487464,0.7853333333333303,27.31,equatorial
19.03,25.84,32.05,21.44,72.1,0.27,1.26,2.35,0.49,0.48,2024-12-05,Yaounde_peri,2024,12,340,49,1.240000000000007,5.920000000000001,18.59,435.49,0.5121076728991993,0.2946666666666644,27.31,equatorial
16.41,25.81,31.59,21.35,73.27,0.54,1.61,2.38,0.49,0.48,2024-12-06,Yaounde_peri,2024,12,341,49,1.7700000000000071,4.359999999999999,18.099999999999998,435.61,0.5126416892192496,0.23033333333333417,27.31,equatorial
14.72,26.16,31.96,21.47,67.69,0.03,2.25,2.22,0.49,0.48,2024-12-07,Yaounde_peri,2024,12,342,49,1.8000000000000071,3.2199999999999998,16.62,430.42,0.485600995969437,0.5513333333333321,27.31,equatorial
21.49,26.91,33.81,20.94,56.44,0.0,2.33,2.78,0.49,0.47,2024-12-08,Yaounde_peri,2024,12,343,49,1.8000000000000071,3.15,16.36,422.93,0.44661839426059646,1.2536666666666676,26.91,equatorial
21.39,27.46,34.2,21.81,61.96,0.0,1.66,2.61,0.49,0.46,2024-12-09,Yaounde_peri,2024,12,344,50,1.5600000000000072,2.8499999999999996,15.08,415.5,0.4079514858726548,1.6910000000000025,27.46,equatorial
19.41,28.05,34.77,22.22,61.74,0.01,1.97,2.61,0.48,0.46,2024-12-10,Yaounde_peri,2024,12,345,50,1.0900000000000072,1.8900000000000001,13.42,406.37,0.36045650876557167,2.150666666666666,28.05,equatorial
19.54,27.93,35.24,22.61,57.54,0.0,2.26,2.65,0.48,0.45,2024-12-11,Yaounde_peri,2024,12,346,50,0.8500000000000072,1.82,13.149999999999999,399.24,0.32335588143196425,1.929666666666666,28.05,equatorial
20.18,26.85,34.46,21.01,62.29,0.02,1.79,2.34,0.48,0.45,2024-12-12,Yaounde_peri,2024,12,347,50,0.6000000000000072,1.84,12.7,392.79,0.2897907180525428,0.8076666666666696,28.05,equatorial
19.39,26.78,34.67,21.13,58.35,0.01,1.91,2.45,0.48,0.45,2024-12-13,Yaounde_peri,2024,12,348,50,0.0700000000000071,1.84,11.25,389.8,0.27420857588589115,0.6996666666666691,28.05,equatorial
18.15,27.11,34.77,20.45,59.17,0.01,1.93,2.27,0.48,0.45,2024-12-14,Yaounde_peri,2024,12,349,50,0.05000000000000711,1.85,9.92,386.27,0.2558203293884567,0.9959999999999987,28.05,equatorial
19.71,28.03,35.26,22.41,60.75,0.01,1.91,2.19,0.48,0.45,2024-12-15,Yaounde_peri,2024,12,350,50,0.0600000000000071,1.86,7.61,381.61,0.2315585841689323,1.799000000000003,28.05,equatorial
10.67,26.76,31.82,22.74,69.96,0.05,1.8,1.4,0.48,0.45,2024-12-16,Yaounde_peri,2024,12,351,51,0.1100000000000071,1.67,7.37,375.18,0.1980951751884652,0.48466666666666924,28.05,equatorial
15.35,27.12,33.81,22.41,64.71,0.0,1.6,1.9,0.48,0.45,2024-12-17,Yaounde_peri,2024,12,352,51,0.10000000000000711,1.19,7.3500000000000005,372.37,0.18345557717534094,0.7780000000000022,28.03,equatorial
19.02,27.51,34.44,22.36,65.22,0.01,1.57,2.04,0.48,0.45,2024-12-18,Yaounde_peri,2024,12,353,51,0.1100000000000071,0.9600000000000001,7.26,360.36,0.12097182223437233,1.1003333333333352,28.03,equatorial
15.48,26.67,32.67,22.17,69.23,0.06,1.8,1.8,0.48,0.45,2024-12-19,Yaounde_peri,2024,12,354,51,0.1500000000000071,0.7499999999999999,6.920000000000001,347.51000000000005,0.054119380727952304,0.2133333333333347,28.03,equatorial
18.42,26.1,31.88,22.2,68.09,0.03,1.66,1.47,0.48,0.45,2024-12-20,Yaounde_peri,2024,12,355,51,0.1700000000000071,0.23999999999999988,6.83,338.91,0.009375241503148548,-0.3646666666666647,28.03,equatorial
20.49,27.16,34.81,21.5,63.03,0.01,1.79,2.06,0.48,0.45,2024-12-21,Yaounde_peri,2024,12,356,51,0.17000000000000712,0.2199999999999999,6.71,310.96999999999997,-0.13598795707234598,0.6690000000000005,28.03,equatorial
19.02,27.69,35.05,21.93,64.18,0.0,1.9,2.02,0.48,0.45,2024-12-22,Yaounde_peri,2024,12,357,51,0.1600000000000071,0.2199999999999999,4.609999999999999,287.51,-0.25803774826444686,1.113000000000003,27.69,equatorial
16.01,27.9,34.51,22.7,64.35,0.0,1.85,1.9,0.47,0.44,2024-12-23,Yaounde_peri,2024,12,358,52,0.1100000000000071,0.2199999999999999,3.44,284.82,-0.27199842758478143,1.2196666666666651,27.9,equatorial
17.3,27.71,35.07,22.3,63.38,0.0,1.98,1.94,0.47,0.44,2024-12-24,Yaounde_peri,2024,12,359,52,0.1100000000000071,0.20999999999999988,3.37,282.44,-0.2843451362984741,0.9736666666666665,27.9,equatorial
16.75,27.77,34.87,22.16,64.63,0.0,1.76,1.9,0.47,0.44,2024-12-25,Yaounde_peri,2024,12,360,52,0.10000000000000711,0.20999999999999988,3.07,279.71999999999997,-0.2984610499254693,0.963000000000001,27.9,equatorial
13.89,27.57,34.23,22.62,64.38,0.0,1.77,1.64,0.47,0.44,2024-12-26,Yaounde_peri,2024,12,361,52,0.040000000000007106,0.1899999999999999,2.1,266.84999999999997,-0.3654146114678402,0.6786666666666683,27.9,equatorial
19.69,28.16,35.14,22.58,61.25,0.0,1.75,1.82,0.47,0.44,2024-12-27,Yaounde_peri,2024,12,362,52,0.010000000000007106,0.17999999999999988,2.03,263.51,-0.38274695275322007,1.152000000000001,28.16,equatorial
18.0,27.68,35.27,21.59,59.86,0.0,1.91,1.88,0.47,0.43,2024-12-28,Yaounde_peri,2024,12,363,52,0.0,0.1699999999999999,2.03,261.93,-0.39091375664847067,0.6046666666666631,28.16,equatorial
19.94,28.13,35.16,23.54,62.02,0.0,2.09,1.66,0.47,0.43,2024-12-29,Yaounde_peri,2024,12,364,52,0.0,0.1599999999999999,2.02,261.23,-0.3944972989905245,0.982999999999997,28.16,equatorial
18.52,28.91,36.6,22.7,56.91,0.0,2.25,1.89,0.47,0.43,2024-12-30,Yaounde_peri,2024,12,365,1,0.0,0.10999999999999989,2.02,259.05,-0.4057885234015021,1.7026666666666657,28.91,equatorial
20.39,28.11,36.25,21.76,55.74,0.0,2.14,1.83,0.47,0.42,2024-12-31,Yaounde_peri,2024,12,366,1,0.0,0.10999999999999989,2.02,230.98999999999998,-0.551875254035788,0.8760000000000012,28.91,equatorial
20.88,27.46,35.81,21.43,60.15,0.01,2.11,1.79,0.47,0.42,2025-01-01,Yaounde_peri,2025,1,1,1,0.010000000000007106,0.10999999999999989,1.79,200.48000000000002,-0.7106931375239087,0.1910000000000025,28.91,equatorial
20.31,27.6,35.47,21.88,58.77,0.01,2.05,1.74,0.47,0.42,2025-01-02,Yaounde_peri,2025,1,2,1,0.020000000000007106,0.05999999999999989,1.32,182.98,-0.8016982243828695,0.2930000000000028,28.91,equatorial
20.13,27.51,35.08,21.66,63.86,0.01,1.79,1.6,0.47,0.42,2025-01-03,Yaounde_peri,2025,1,3,1,0.030000000000007104,0.03999999999999989,1.09,167.91,-0.8800120039827198,0.16166666666666885,28.91,equatorial
16.66,27.66,34.42,22.66,65.54,0.03,1.73,1.47,0.47,0.42,2025-01-04,Yaounde_peri,2025,1,4,1,0.0600000000000071,0.05999999999999989,0.8500000000000001,164.03,-0.9000078948987762,0.25099999999999767,28.91,equatorial
17.65,27.74,34.61,22.61,63.09,0.04,1.9,1.47,0.47,0.42,2025-01-05,Yaounde_peri,2025,1,5,1,0.10000000000000711,0.0999999999999999,0.35,158.57,-0.9282244361393052,0.26666666666666217,28.91,equatorial
19.23,27.93,35.68,21.98,57.45,0.0,2.1,1.63,0.47,0.41,2025-01-06,Yaounde_peri,2025,1,6,2,0.10000000000000711,0.0999999999999999,0.31999999999999995,145.76999999999998,-0.9946577755176078,0.39766666666666595,28.11,equatorial
19.02,27.49,34.86,22.16,64.21,0.0,1.9,1.48,0.47,0.41,2025-01-07,Yaounde_peri,2025,1,7,2,0.10000000000000711,0.0999999999999999,0.31999999999999995,144.98,-0.9985021410817578,-0.06166666666667098,27.93,equatorial
16.08,27.6,35.67,22.03,57.78,0.0,1.85,1.61,0.47,0.41,2025-01-08,Yaounde_peri,2025,1,8,2,0.0900000000000071,0.0999999999999999,0.31999999999999995,144.7,-0.9996881992233522,0.04366666666666674,27.93,equatorial
18.17,26.4,32.83,21.77,64.56,0.0,2.04,1.2,0.46,0.41,2025-01-09,Yaounde_peri,2025,1,9,2,0.0800000000000071,0.0999999999999999,0.31,143.1,-1.0077487479323561,-1.1013333333333364,27.93,equatorial
18.8,27.11,34.8,21.92,58.76,0.0,1.58,1.44,0.47,0.41,2025-01-10,Yaounde_peri,2025,1,10,2,0.07000000000000711,0.0999999999999999,0.31,117.64,-1.1400687425993077,-0.36400000000000077,27.93,equatorial
19.69,27.55,36.0,20.82,51.89,0.0,1.94,1.6,0.46,0.4,2025-01-11,Yaounde_peri,2025,1,11,2,0.040000000000007106,0.0999999999999999,0.29,112.2,-1.168039646905253,0.052666666666667084,27.93,equatorial
16.99,27.31,34.96,20.73,56.22,0.0,1.8,1.37,0.46,0.4,2025-01-12,Yaounde_peri,2025,1,12,2,0.0,0.0999999999999999,0.27999999999999997,111.19,-1.172922156857425,-0.20500000000000185,27.93,equatorial
17.24,27.85,35.0,21.98,58.77,0.0,2.07,1.35,0.46,0.4,2025-01-13,Yaounde_peri,2025,1,13,3,0.0,0.0999999999999999,0.26999999999999996,110.02,-1.1786341658931359,0.310333333333336,27.85,equatorial
15.67,28.28,35.91,22.3,58.97,0.0,2.12,1.42,0.46,0.4,2025-01-14,Yaounde_peri,2025,1,14,3,0.0,0.0999999999999999,0.25999999999999995,106.32,-1.197514319425402,0.7319999999999993,28.28,equatorial
15.7,28.15,35.45,22.56,60.21,0.0,2.25,1.27,0.46,0.4,2025-01-15,Yaounde_peri,2025,1,15,3,0.0,0.08999999999999989,0.21,104.03999999999999,-1.2089870030719025,0.5556666666666636,28.28,equatorial
16.61,28.03,35.53,22.1,57.81,0.22,1.78,1.26,0.46,0.4,2025-01-16,Yaounde_peri,2025,1,16,3,0.2200000000000071,0.2999999999999999,0.43000000000000005,102.78999999999999,-1.2150886799609932,0.4053333333333349,28.28,equatorial
18.7,28.94,36.85,22.27,54.15,0.3,2.57,1.56,0.46,0.4,2025-01-17,Yaounde_peri,2025,1,17,3,0.5200000000000071,0.5899999999999999,0.72,100.13,-1.2285250385967557,1.267666666666667,28.94,equatorial
15.17,26.56,32.23,22.65,71.4,1.94,3.03,1.51,0.46,0.42,2025-01-18,Yaounde_peri,2025,1,18,3,2.460000000000007,2.5,2.5999999999999996,91.99,-1.270472705451899,-1.1086666666666645,28.94,equatorial
10.96,25.22,30.53,22.08,80.45,3.6,2.98,1.87,0.47,0.48,2025-01-19,Yaounde_peri,2025,1,19,3,6.060000000000008,6.06,6.17,88.42,-1.288599748282333,-2.4193333333333378,28.94,equatorial
15.16,25.31,31.03,21.66,76.12,1.44,2.28,1.76,0.47,0.47,2025-01-20,Yaounde_peri,2025,1,20,4,7.500000000000007,7.5,7.6000000000000005,87.27,-1.2941174307527021,-2.267666666666667,28.94,equatorial
16.05,26.07,32.6,21.71,70.47,0.09,1.94,1.7,0.47,0.46,2025-01-21,Yaounde_peri,2025,1,21,4,7.590000000000007,7.59,7.69,85.18,-1.3045211415093292,-1.4536666666666669,28.94,equatorial
10.79,27.01,33.6,22.52,67.48,0.0,1.95,1.63,0.47,0.45,2025-01-22,Yaounde_peri,2025,1,22,4,7.590000000000007,7.59,7.69,70.68,-1.3794774069664784,-0.48400000000000176,28.94,equatorial
17.58,26.53,32.58,22.22,68.74,0.0,1.67,1.4,0.47,0.44,2025-01-23,Yaounde_peri,2025,1,23,4,7.370000000000007,7.59,7.69,69.2,-1.3866311926266408,-0.9246666666666634,28.94,equatorial
16.91,25.99,31.59,22.28,71.19,0.0,2.12,1.24,0.47,0.44,2025-01-24,Yaounde_peri,2025,1,24,4,7.070000000000007,7.59,7.69,67.93,-1.3926853634024137,-1.4053333333333349,27.01,equatorial
17.32,26.12,32.17,21.35,69.31,0.0,1.91,1.34,0.47,0.43,2025-01-25,Yaounde_peri,2025,1,25,4,5.130000000000007,7.59,7.69,62.89,-1.4183376495452429,-1.2269999999999968,27.01,equatorial
18.29,26.66,33.46,21.75,67.35,0.15,2.12,1.58,0.47,0.43,2025-01-26,Yaounde_peri,2025,1,26,4,1.680000000000007,7.739999999999999,7.840000000000001,61.21,-1.4264921190639321,-0.6370000000000005,27.01,equatorial
19.04,27.05,35.17,21.72,60.56,0.06,2.25,1.77,0.47,0.42,2025-01-27,Yaounde_peri,2025,1,27,5,0.3000000000000071,7.8,7.9,44.279999999999994,-1.5139112080636512,-0.2259999999999991,27.05,equatorial
19.79,26.9,34.71,21.03,63.35,0.04,2.2,1.54,0.47,0.41,2025-01-28,Yaounde_peri,2025,1,28,5,0.2500000000000071,7.84,7.94,43.09,-1.5194189974553487,-0.33500000000000085,27.05,equatorial
18.23,27.43,35.31,21.65,60.93,0.07,1.99,1.57,0.47,0.4,2025-01-29,Yaounde_peri,2025,1,29,5,0.3200000000000071,7.909999999999999,8.01,41.589999999999996,-1.5265307171724376,0.2443333333333335,27.43,equatorial
18.78,26.76,34.04,21.64,62.47,0.03,1.7,1.23,0.46,0.4,2025-01-30,Yaounde_peri,2025,1,30,5,0.3500000000000071,7.72,8.040000000000001,39.9,-1.5346205387003344,-0.3806666666666665,27.43,equatorial
15.27,27.16,35.0,21.57,59.0,0.09,1.55,1.36,0.46,0.39,2025-01-31,Yaounde_peri,2025,1,31,5,0.4400000000000071,7.51,8.120000000000001,34.13,-1.563891694751442,0.029333333333330103,27.43,equatorial
18.12,27.16,34.75,20.94,63.15,0.09,1.66,1.21,0.46,0.39,2025-02-01,Yaounde_peri,2025,2,32,5,0.5300000000000071,5.659999999999999,8.200000000000001,32.15,-1.5734427209853885,0.04400000000000048,27.43,equatorial
16.62,27.03,34.01,22.35,65.59,0.29,2.29,1.16,0.46,0.39,2025-02-02,Yaounde_peri,2025,2,33,5,0.670000000000007,2.3499999999999996,8.479999999999999,30.169999999999998,-1.582980909028981,-0.07000000000000028,27.43,equatorial
18.72,27.39,34.91,22.04,63.99,0.54,1.9,1.33,0.46,0.4,2025-02-03,Yaounde_peri,2025,2,34,6,1.150000000000007,1.4499999999999995,8.99,28.43,-1.591260363077603,0.2989999999999995,27.43,equatorial
14.85,28.12,36.17,22.51,65.94,0.56,2.76,1.54,0.46,0.39,2025-02-04,Yaounde_peri,2025,2,35,6,1.670000000000007,1.9199999999999995,9.510000000000002,27.96,-1.5929377187024572,1.016333333333339,28.12,equatorial
15.63,27.45,33.72,23.0,68.03,0.05,3.12,1.0,0.46,0.39,2025-02-05,Yaounde_peri,2025,2,36,6,1.650000000000007,1.9699999999999995,9.56,26.5,-1.5997493922426824,0.36233333333333206,28.12,equatorial
14.41,27.96,36.12,22.59,62.39,0.0,2.71,1.27,0.46,0.39,2025-02-06,Yaounde_peri,2025,2,37,6,1.620000000000007,1.9699999999999995,9.56,26.24,-1.6003268400458412,0.8566666666666656,28.12,equatorial
15.79,27.36,33.45,23.09,68.86,0.0,2.73,0.81,0.46,0.38,2025-02-07,Yaounde_peri,2025,2,38,6,1.5300000000000071,1.9699999999999995,9.56,24.959999999999997,-1.6061934852224964,0.2646666666666668,28.12,equatorial
16.75,28.01,34.82,23.19,67.32,0.0,2.52,0.95,0.46,0.39,2025-02-08,Yaounde_peri,2025,2,39,6,1.440000000000007,1.9699999999999995,9.56,23.29,-1.6140741231506408,0.8610000000000007,28.12,equatorial
14.51,28.64,35.49,23.82,61.42,0.0,2.15,1.03,0.46,0.38,2025-02-09,Yaounde_peri,2025,2,40,6,1.150000000000007,1.8199999999999996,9.56,23.02,-1.6146861926919818,1.4400000000000013,28.64,equatorial
19.29,28.9,35.86,23.5,61.44,0.0,2.32,1.1,0.46,0.38,2025-02-10,Yaounde_peri,2025,2,41,7,0.6100000000000072,1.7599999999999996,9.56,22.549999999999997,-1.6163339960110763,1.6549999999999976,28.9,equatorial
13.67,28.65,35.6,23.84,61.9,0.0,2.64,1.0,0.46,0.37,2025-02-11,Yaounde_peri,2025,2,42,7,0.05000000000000711,1.7199999999999995,9.56,21.09,-1.6231093107200283,1.3603333333333332,28.9,equatorial
17.42,28.8,36.88,23.59,60.1,0.0,2.61,1.08,0.46,0.37,2025-02-12,Yaounde_peri,2025,2,43,7,0.0,1.6499999999999997,9.56,19.75,-1.6292533247628957,1.4786666666666655,28.9,equatorial
17.79,28.39,36.01,23.22,61.54,0.0,2.82,1.03,0.46,0.36,2025-02-13,Yaounde_peri,2025,2,44,7,0.0,1.6199999999999997,9.56,17.43,-1.6404641378428944,1.0650000000000013,28.9,equatorial
17.66,28.4,35.63,23.02,61.06,0.0,2.44,0.92,0.46,0.36,2025-02-14,Yaounde_peri,2025,2,45,7,0.0,1.5299999999999996,9.56,17.14,-1.6411473392797986,1.0666666666666664,28.9,equatorial
15.73,28.65,36.02,23.37,59.81,0.0,2.23,0.95,0.46,0.36,2025-02-15,Yaounde_peri,2025,2,46,7,0.0,1.4399999999999995,9.34,17.119999999999997,-1.6404318422997888,1.2959999999999994,28.9,equatorial
10.79,28.64,35.75,23.63,60.96,0.0,2.28,0.86,0.46,0.36,2025-02-16,Yaounde_peri,2025,2,47,7,0.0,1.1499999999999997,9.04,17.02,-1.640131470327386,1.296000000000003,28.9,equatorial
19.54,28.55,36.04,23.1,61.03,0.0,2.27,0.93,0.46,0.36,2025-02-17,Yaounde_peri,2025,2,48,8,0.0,0.6099999999999997,7.1,16.619999999999997,-1.6413839019470795,1.1396666666666668,28.8,equatorial
15.66,27.57,33.54,23.52,66.66,0.0,2.51,0.61,0.46,0.36,2025-02-18,Yaounde_peri,2025,2,49,8,0.0,0.04999999999999956,3.5000000000000004,16.5,-1.6411860331538843,0.08133333333333326,28.8,equatorial
15.42,27.71,34.3,22.92,65.39,0.0,2.67,0.75,0.46,0.36,2025-02-19,Yaounde_peri,2025,2,50,8,0.0,0.0,2.0600000000000005,16.369999999999997,-1.641040206776091,0.14133333333333198,28.65,equatorial
14.9,27.44,33.86,22.7,67.09,0.87,2.71,1.13,0.46,0.37,2025-02-20,Yaounde_peri,2025,2,51,8,0.8700000000000071,0.8699999999999996,2.8400000000000003,15.14,-1.6465825858866854,-0.17433333333332968,28.65,equatorial
16.9,26.52,31.1,22.75,71.45,1.03,2.3,1.02,0.46,0.4,2025-02-21,Yaounde_peri,2025,2,52,8,1.900000000000007,1.8999999999999995,3.8700000000000006,15.0,-1.6464819561519741,-1.078000000000003,28.65,equatorial
16.09,25.95,31.16,22.76,74.67,1.2,2.78,1.17,0.46,0.42,2025-02-22,Yaounde_peri,2025,2,53,8,3.100000000000007,3.0999999999999996,5.07,16.13,-1.6398175240814827,-1.6286666666666676,28.64,equatorial
15.36,25.35,30.24,21.71,75.37,0.96,2.13,1.13,0.46,0.43,2025-02-23,Yaounde_peri,2025,2,54,8,4.060000000000008,4.06,6.03,16.79,-1.6355914318326992,-2.2073333333333345,28.55,equatorial
18.77,26.41,32.95,22.03,73.36,1.43,2.77,1.72,0.47,0.44,2025-02-24,Yaounde_peri,2025,2,55,9,5.490000000000007,5.489999999999999,7.460000000000001,17.25,-1.6324047065438423,-1.157,27.71,equatorial
15.83,26.94,33.59,22.23,73.51,3.13,2.78,2.36,0.47,0.46,2025-02-25,Yaounde_peri,2025,2,56,9,8.620000000000008,8.62,10.44,20.31,-1.615793261977044,-0.636333333333333,27.71,equatorial
11.65,24.53,27.47,22.73,85.74,3.47,2.3,1.56,0.47,0.5,2025-02-26,Yaounde_peri,2025,2,57,9,12.090000000000007,12.09,13.850000000000001,23.779999999999998,-1.5970877534197048,-2.96233333333333,27.44,equatorial
19.27,27.58,35.67,21.74,66.84,0.53,1.82,2.45,0.47,0.46,2025-02-27,Yaounde_peri,2025,2,58,9,11.750000000000009,12.62,14.34,24.3,-1.593639139965005,0.06499999999999773,27.58,equatorial
18.74,28.28,35.79,22.14,65.98,1.04,1.81,2.43,0.47,0.45,2025-02-28,Yaounde_peri,2025,2,59,9,11.760000000000007,13.66,15.31,25.34,-1.5875110032204263,0.7366666666666646,28.28,equatorial
14.54,27.33,33.49,23.55,71.7,1.71,2.11,1.99,0.47,0.46,2025-03-01,Yaounde_peri,2025,3,60,9,12.270000000000008,15.37,16.990000000000002,27.05,-1.5779332838586362,-0.2323333333333366,28.28,equatorial
20.08,28.03,35.32,23.04,69.67,1.22,2.06,2.26,0.47,0.46,2025-03-02,Yaounde_peri,2025,3,61,9,12.530000000000006,16.59,18.12,28.029999999999998,-1.572135283802816,0.4386666666666663,28.28,equatorial
15.45,26.96,33.28,23.06,75.34,3.71,2.87,2.25,0.47,0.48,2025-03-03,Yaounde_peri,2025,3,62,10,14.810000000000008,20.3,21.740000000000002,31.259999999999998,-1.5547369335532788,-0.6246666666666663,28.28,equatorial
12.28,27.07,33.88,22.85,75.2,4.37,2.27,2.87,0.48,0.5,2025-03-04,Yaounde_peri,2025,3,63,10,16.050000000000008,24.67,25.82,35.39,-1.5327185876725333,-0.5160000000000018,28.28,equatorial
13.04,25.78,30.91,22.97,81.71,3.99,2.11,1.97,0.48,0.51,2025-03-05,Yaounde_peri,2025,3,64,10,16.570000000000007,28.66,29.27,39.11,-1.5128424363153792,-1.7523333333333326,28.28,equatorial
17.06,26.77,33.12,22.6,75.84,2.59,2.23,2.96,0.49,0.5,2025-03-06,Yaounde_peri,2025,3,65,10,18.630000000000006,30.38,31.3,41.16,-1.501602347639921,-0.7173333333333325,28.28,equatorial
16.53,26.96,33.64,22.53,74.01,2.11,2.18,3.1,0.49,0.49,2025-03-07,Yaounde_peri,2025,3,66,10,19.700000000000006,31.46,33.36,43.239999999999995,-1.4902212035099838,-0.5109999999999992,28.03,equatorial
17.29,26.59,32.99,22.71,77.0,2.88,1.83,2.69,0.49,0.5,2025-03-08,Yaounde_peri,2025,3,67,10,20.870000000000005,33.14,36.24,46.12,-1.4747295162707115,-0.8353333333333346,28.03,equatorial
18.09,27.09,33.42,22.87,75.97,2.73,2.53,3.22,0.49,0.49,2025-03-09,Yaounde_peri,2025,3,68,10,22.380000000000006,34.91,38.97,48.849999999999994,-1.460029036781169,-0.32633333333333425,27.09,equatorial
17.32,26.73,32.76,22.78,77.15,5.31,2.13,3.23,0.49,0.52,2025-03-10,Yaounde_peri,2025,3,69,11,23.980000000000004,38.79,44.28,54.15,-1.432100105166483,-0.6436666666666646,27.09,equatorial
17.11,26.83,33.15,22.89,77.67,5.39,2.62,3.7,0.49,0.53,2025-03-11,Yaounde_peri,2025,3,70,11,25.000000000000007,41.050000000000004,49.67,59.54,-1.4037377854116977,-0.4833333333333343,27.09,equatorial
16.46,25.65,30.27,22.82,82.12,3.04,3.13,2.79,0.5,0.52,2025-03-12,Yaounde_peri,2025,3,71,11,24.050000000000004,40.62,52.71,62.56,-1.3876170761917503,-1.5549999999999997,27.09,equatorial
17.25,26.47,32.69,22.28,76.99,1.24,3.28,3.41,0.49,0.5,2025-03-13,Yaounde_peri,2025,3,72,11,22.700000000000006,41.33,53.949999999999996,63.79,-1.380735262033658,-0.6623333333333363,27.09,equatorial
17.83,26.73,32.96,21.86,73.6,1.1,2.26,3.21,0.49,0.48,2025-03-14,Yaounde_peri,2025,3,73,11,21.69000000000001,41.39,55.05,64.88,-1.3745817549502124,-0.33333333333333215,27.09,equatorial
20.04,26.99,33.78,21.85,72.76,1.74,2.23,2.97,0.49,0.48,2025-03-15,Yaounde_peri,2025,3,74,11,20.550000000000008,41.42,56.79,66.61,-1.365137951702169,-0.026666666666667282,27.09,equatorial
18.06,26.35,32.08,22.48,78.78,6.47,2.79,3.18,0.49,0.52,2025-03-16,Yaounde_peri,2025,3,75,11,24.290000000000006,46.67,63.26,73.03,-1.3315479461682156,-0.5983333333333327,26.99,equatorial
12.26,25.09,29.44,22.63,83.2,3.53,2.98,2.51,0.5,0.53,2025-03-17,Yaounde_peri,2025,3,76,12,22.510000000000005,46.49,66.78999999999999,76.56,-1.3128732800497551,-1.7396666666666647,26.99,equatorial
18.8,25.69,30.96,22.0,78.4,2.18,2.36,2.95,0.49,0.51,2025-03-18,Yaounde_peri,2025,3,77,12,19.300000000000008,44.3,68.97,78.73,-1.301219345564817,-1.041333333333334,26.99,equatorial
21.21,26.54,32.81,22.05,74.99,2.34,1.7,3.67,0.49,0.51,2025-03-19,Yaounde_peri,2025,3,78,12,18.600000000000005,42.650000000000006,71.31,81.01,-1.289009585131783,-0.12433333333333252,26.99,equatorial
18.58,25.36,30.07,22.33,83.72,8.74,2.04,2.97,0.5,0.55,2025-03-20,Yaounde_peri,2025,3,79,12,26.10000000000001,48.8,80.05,89.72,-1.243702972082396,-1.230666666666668,26.99,equatorial
17.49,25.37,30.87,21.91,83.57,7.94,2.06,3.56,0.51,0.57,2025-03-21,Yaounde_peri,2025,3,80,12,32.940000000000005,54.63,87.99,97.64999999999999,-1.202449108436819,-1.142666666666667,26.99,equatorial
14.5,25.12,29.23,22.23,85.31,5.76,1.5,2.8,0.52,0.58,2025-03-22,Yaounde_peri,2025,3,81,12,36.96000000000001,57.51,92.88,103.41,-1.1723992241874481,-1.315333333333335,26.54,equatorial
18.7,25.45,30.31,22.18,82.72,2.93,2.01,3.67,0.52,0.54,2025-03-23,Yaounde_peri,2025,3,82,12,33.42000000000001,57.71,94.77999999999999,106.34,-1.1569415431639303,-0.9496666666666691,26.54,equatorial
18.88,26.45,32.24,22.24,79.46,2.87,1.53,4.11,0.52,0.54,2025-03-24,Yaounde_peri,2025,3,83,13,32.760000000000005,55.269999999999996,96.45,109.21,-1.1418038132713197,0.03366666666666518,26.54,equatorial
19.77,26.67,32.5,22.67,78.59,2.22,2.0,3.85,0.51,0.53,2025-03-25,Yaounde_peri,2025,3,84,13,32.80000000000001,52.099999999999994,97.71,111.42999999999999,-1.1300229649917835,0.20966666666667066,26.67,equatorial
17.22,24.94,29.23,22.63,86.66,6.28,2.23,2.84,0.52,0.56,2025-03-26,Yaounde_peri,2025,3,85,13,36.74000000000001,55.339999999999996,102.56,117.71,-1.0973488093703392,-1.4713333333333338,26.67,equatorial
19.14,25.83,31.41,21.89,80.9,0.73,2.78,3.91,0.52,0.53,2025-03-27,Yaounde_peri,2025,3,86,13,28.730000000000008,54.830000000000005,100.16,118.44,-1.0932673403874087,-0.5443333333333342,26.67,equatorial
20.8,26.3,31.98,22.0,77.14,0.4,2.65,3.62,0.51,0.51,2025-03-28,Yaounde_peri,2025,3,87,13,21.19000000000001,54.13,97.09,118.84,-1.0908873675118664,-0.13333333333333286,26.67,equatorial
18.22,26.47,31.95,22.54,78.05,0.57,2.81,3.14,0.5,0.5,2025-03-29,Yaounde_peri,2025,3,88,13,16.000000000000007,52.96,97.13,119.41,-1.087633856749445,0.07366666666666433,26.67,equatorial
17.88,24.59,28.07,21.66,85.79,0.89,2.49,1.48,0.5,0.5,2025-03-30,Yaounde_peri,2025,3,89,13,13.960000000000008,47.38,96.98,120.3,-1.082735211279769,-1.6833333333333336,26.67,equatorial
12.69,25.19,30.21,21.78,81.91,0.62,2.92,2.17,0.49,0.5,2025-03-31,Yaounde_peri,2025,3,90,14,11.710000000000008,44.47,95.89,120.92,-1.0792295553724,-1.011999999999997,26.67,equatorial
19.71,26.41,33.06,21.35,74.49,1.44,2.27,3.42,0.49,0.49,2025-04-01,Yaounde_peri,2025,4,91,14,10.930000000000007,43.730000000000004,96.11,122.35000000000001,-1.0715566646032026,0.26200000000000045,26.47,equatorial
16.42,24.43,28.07,22.32,88.14,9.08,2.11,2.63,0.5,0.55,2025-04-02,Yaounde_peri,2025,4,92,14,13.730000000000008,50.47,101.48,131.42000000000002,-1.0245613041827508,-1.6336666666666702,26.47,equatorial
11.4,25.86,32.44,21.9,79.32,1.5,1.7,3.31,0.5,0.51,2025-04-03,Yaounde_peri,2025,4,93,14,14.500000000000005,43.230000000000004,98.61,132.91000000000003,-1.0166110943043638,-0.163333333333334,26.47,equatorial
25.19,27.56,34.74,22.23,73.12,1.09,1.59,4.12,0.5,0.5,2025-04-04,Yaounde_peri,2025,4,94,14,15.190000000000005,36.379999999999995,95.71000000000001,133.97,-1.0108788002011826,1.4773333333333305,27.56,equatorial
17.15,25.93,30.71,23.18,81.39,1.73,2.48,2.31,0.49,0.5,2025-04-05,Yaounde_peri,2025,4,95,14,16.350000000000005,32.35,94.85,135.66,-1.001906675454818,-0.12466666666666981,27.56,equatorial
20.8,26.32,32.23,22.43,77.53,0.42,2.92,2.6,0.49,0.48,2025-04-06,Yaounde_peri,2025,4,96,14,15.880000000000006,29.84,93.16,136.07999999999998,-0.9994769398859524,0.2866666666666653,27.56,equatorial
19.2,26.74,32.37,22.66,75.93,0.6,2.23,2.33,0.49,0.48,2025-04-07,Yaounde_peri,2025,4,97,15,15.860000000000005,27.57,90.88000000000001,136.67999999999998,-0.9961219869119984,0.7016666666666644,27.56,equatorial
11.13,25.57,29.2,23.46,81.26,0.64,1.47,1.23,0.48,0.48,2025-04-08,Yaounde_peri,2025,4,98,15,15.060000000000006,25.99,88.79,137.32,-0.9925629679764272,-0.4176666666666655,27.56,equatorial
18.28,27.26,33.82,22.74,71.68,0.31,1.34,2.32,0.48,0.47,2025-04-09,Yaounde_peri,2025,4,99,15,6.290000000000005,20.02,83.78999999999999,137.63,-0.9907046304589661,1.2546666666666653,27.56,equatorial
7.53,25.14,28.94,22.79,84.02,3.78,2.02,2.07,0.48,0.49,2025-04-10,Yaounde_peri,2025,4,100,15,8.570000000000006,23.069999999999997,82.17999999999999,141.41,-0.9709845728599037,-0.809000000000001,27.56,equatorial
15.29,25.78,31.08,22.53,79.39,0.53,1.28,1.91,0.48,0.48,2025-04-11,Yaounde_peri,2025,4,101,15,8.010000000000005,23.2,79.67,141.94,-0.9680049866055254,-0.173333333333332,27.26,equatorial
17.12,27.14,33.61,22.31,69.69,0.04,1.66,2.25,0.48,0.47,2025-04-12,Yaounde_peri,2025,4,102,15,6.320000000000005,22.669999999999998,78.47,141.98,-0.9675494279060783,1.1643333333333352,27.26,equatorial
16.47,27.81,34.6,22.34,68.82,0.2,2.02,2.37,0.48,0.45,2025-04-13,Yaounde_peri,2025,4,103,15,6.100000000000005,21.98,77.57000000000001,142.17999999999998,-0.9662704926990936,1.798333333333332,27.81,equatorial
16.01,28.19,35.07,23.01,68.52,0.45,2.14,2.18,0.47,0.44,2025-04-14,Yaounde_peri,2025,4,104,16,5.9500000000000055,21.81,76.28,142.63,-0.9637052596116733,2.1383333333333354,28.19,equatorial
17.83,27.09,32.65,23.56,73.76,0.56,2.12,1.42,0.47,0.44,2025-04-15,Yaounde_peri,2025,4,105,16,5.8700000000000045,20.93,70.36999999999999,143.19,-0.9605750728045804,1.0136666666666692,28.19,equatorial
9.29,24.7,28.36,21.65,84.76,10.69,2.8,3.05,0.48,0.54,2025-04-16,Yaounde_peri,2025,4,106,16,16.250000000000004,22.54,77.53,153.66,-0.9064274805352409,-1.3633333333333368,28.19,equatorial
21.1,26.59,34.18,20.9,70.37,0.34,1.74,3.17,0.49,0.48,2025-04-17,Yaounde_peri,2025,4,107,16,12.810000000000006,21.38,75.69,153.70000000000002,-0.9060020005269701,0.4966666666666697,28.19,equatorial
16.74,27.38,33.94,22.09,70.99,0.84,1.64,2.78,0.48,0.47,2025-04-18,Yaounde_peri,2025,4,108,16,13.120000000000005,21.13,74.19,152.60000000000002,-0.9114461393332446,1.2586666666666666,28.19,equatorial
18.81,27.17,32.79,23.03,73.52,0.92,1.81,2.07,0.48,0.47,2025-04-19,Yaounde_peri,2025,4,109,16,14.000000000000005,20.32,66.37,149.92,-0.9250227765986873,0.9883333333333333,28.19,equatorial
19.49,26.3,30.97,22.98,78.42,1.36,1.6,1.65,0.48,0.48,2025-04-20,Yaounde_peri,2025,4,110,16,15.160000000000004,21.26,59.79,149.83999999999997,-0.9252066223602511,0.08733333333333348,28.19,equatorial
18.38,27.72,34.51,22.63,71.25,1.34,1.42,2.62,0.48,0.47,2025-04-21,Yaounde_peri,2025,4,111,17,16.050000000000004,22.0,55.37,151.08999999999997,-0.9185425003248003,1.4206666666666656,27.72,equatorial
16.26,27.95,34.89,23.29,72.33,1.73,2.02,2.62,0.47,0.47,2025-04-22,Yaounde_peri,2025,4,112,17,17.220000000000006,23.09,54.17,152.82,-0.9094099017505884,1.5673333333333375,27.95,equatorial
12.41,27.3,33.81,22.87,74.5,2.28,2.09,2.6,0.47,0.47,2025-04-23,Yaounde_peri,2025,4,113,17,8.810000000000006,25.06,53.58,155.1,-0.8974493182282769,0.8889999999999993,27.95,equatorial
21.79,26.54,31.74,23.38,79.26,3.04,1.79,2.18,0.48,0.49,2025-04-24,Yaounde_peri,2025,4,114,17,11.510000000000005,24.32,54.400000000000006,158.14,-0.8815803667792007,0.1333333333333293,27.95,equatorial
13.83,26.41,31.67,23.5,78.88,2.15,1.27,1.98,0.48,0.48,2025-04-25,Yaounde_peri,2025,4,115,17,12.820000000000006,25.939999999999998,50.27,160.29,-0.870301031500585,-0.045666666666665634,27.95,equatorial
18.24,25.36,29.43,22.71,85.25,5.11,1.95,2.24,0.48,0.51,2025-04-26,Yaounde_peri,2025,4,116,17,17.010000000000005,31.009999999999998,54.65,165.25,-0.8445553983630945,-1.0799999999999983,27.95,equatorial
8.61,24.88,29.51,22.71,88.29,7.31,2.02,2.83,0.49,0.54,2025-04-27,Yaounde_peri,2025,4,117,17,22.960000000000004,38.12,61.559999999999995,172.5,-0.8070256241238527,-1.512666666666668,27.95,equatorial
21.36,25.04,29.58,22.03,85.42,6.63,1.95,3.33,0.5,0.55,2025-04-28,Yaounde_peri,2025,4,118,18,28.250000000000007,44.3,67.62,179.08999999999997,-0.7729077372716348,-1.3050000000000033,27.95,equatorial
18.24,24.18,27.31,22.1,89.0,37.94,1.36,2.54,0.56,0.69,2025-04-29,Yaounde_peri,2025,4,119,18,64.46000000000001,81.68,104.66999999999999,216.95999999999998,-0.5776747744897377,-2.15133333333333,27.3,equatorial
11.02,25.09,29.86,21.03,83.25,1.72,1.27,4.4,0.57,0.58,2025-04-30,Yaounde_peri,2025,4,120,18,63.900000000000006,72.71000000000001,105.77,218.64999999999998,-0.5688662332082937,-1.2379999999999995,26.54,equatorial
15.97,24.89,29.26,21.39,84.35,0.45,1.51,3.29,0.56,0.57,2025-05-01,Yaounde_peri,2025,5,121,18,61.31000000000001,72.82,104.77999999999999,219.01,-0.5669116904772614,-1.3873333333333342,26.41,equatorial
17.96,25.49,30.23,22.04,84.19,0.98,1.79,3.9,0.54,0.56,2025-05-02,Yaounde_peri,2025,5,122,18,60.14000000000001,72.96,96.67999999999999,219.9,-0.5622265856552743,-0.8226666666666667,25.49,equatorial
10.32,24.89,27.69,22.7,87.93,7.83,1.47,2.56,0.55,0.61,2025-05-03,Yaounde_peri,2025,5,123,18,62.860000000000014,79.86999999999999,103.00999999999999,227.44,-0.5232734076874331,-1.3903333333333308,25.49,equatorial
20.46,25.69,30.55,21.65,80.3,0.16,1.22,4.49,0.54,0.55,2025-05-04,Yaounde_peri,2025,5,124,18,55.71000000000001,78.66999999999999,102.07999999999998,227.06,-0.5251436056505403,-0.5279999999999987,25.69,equatorial
18.16,25.58,30.03,22.32,82.89,0.88,1.27,3.36,0.53,0.54,2025-05-05,Yaounde_peri,2025,5,125,19,49.960000000000015,78.21000000000001,101.23,227.38,-0.5234055937381948,-0.6263333333333314,25.69,equatorial
20.48,25.84,30.42,21.99,78.56,0.42,1.3,3.32,0.53,0.53,2025-05-06,Yaounde_peri,2025,5,126,19,12.440000000000015,76.9,101.23,227.74999999999997,-0.5214101277869351,-0.35033333333333516,25.84,equatorial
22.47,26.99,32.88,21.94,73.59,0.48,1.58,5.22,0.52,0.52,2025-05-07,Yaounde_peri,2025,5,127,19,11.200000000000014,75.1,101.10999999999999,228.23,-0.5188479025989612,0.7913333333333306,26.99,equatorial
17.78,26.67,32.28,22.3,76.25,1.72,1.57,4.61,0.51,0.51,2025-05-08,Yaounde_peri,2025,5,128,19,12.470000000000015,73.77999999999999,102.18999999999998,229.95,-0.5098929327491141,0.43466666666666853,26.99,equatorial
15.55,24.01,26.32,22.43,92.91,34.78,1.83,2.5,0.54,0.69,2025-05-09,Yaounde_peri,2025,5,129,19,46.27000000000002,106.41,136.66,264.72999999999996,-0.3304672059930055,-2.1169999999999973,26.99,equatorial
14.56,24.23,27.73,21.56,85.23,0.44,1.13,2.68,0.57,0.59,2025-05-10,Yaounde_peri,2025,5,130,19,38.88000000000002,101.74000000000001,133.32,265.16999999999996,-0.3281496037455831,-1.8666666666666671,26.99,equatorial
18.59,24.62,28.24,21.09,84.43,0.55,1.47,2.77,0.56,0.57,2025-05-11,Yaounde_peri,2025,5,131,19,39.27000000000002,94.98,133.34,265.71999999999997,-0.32526479277722675,-1.4379999999999988,26.99,equatorial
22.32,25.92,31.05,21.49,79.18,0.17,1.05,4.94,0.55,0.56,2025-05-12,Yaounde_peri,2025,5,132,20,38.56000000000002,88.52000000000001,133.47,265.89,-0.324340357276374,-0.0973333333333315,26.99,equatorial
18.08,25.98,30.77,22.05,81.34,0.99,1.64,4.6,0.54,0.55,2025-05-13,Yaounde_peri,2025,5,133,20,39.13000000000002,51.57,134.26,266.88,-0.3191855890013001,0.02366666666667072,26.99,equatorial
17.34,25.67,29.33,22.7,83.64,1.42,1.21,2.81,0.53,0.55,2025-05-14,Yaounde_peri,2025,5,134,20,40.070000000000014,51.27,135.23,268.29999999999995,-0.31181246254070105,-0.20233333333333547,26.67,equatorial
9.46,25.37,29.08,23.01,85.37,0.98,1.37,2.13,0.53,0.54,2025-05-15,Yaounde_peri,2025,5,135,20,39.33000000000001,51.8,135.65,269.28,-0.30671024566851374,-0.4450000000000003,25.98,equatorial
18.48,24.95,28.04,22.73,87.27,1.26,1.05,1.53,0.52,0.54,2025-05-16,Yaounde_peri,2025,5,136,20,5.810000000000014,52.080000000000005,126.22,270.53999999999996,-0.30016324405606026,-0.8733333333333313,25.98,equatorial
14.54,24.8,28.24,22.62,89.25,4.56,1.16,2.18,0.52,0.56,2025-05-17,Yaounde_peri,2025,5,137,20,9.930000000000014,48.809999999999995,130.44,275.09999999999997,-0.2765834912761146,-0.9636666666666684,25.98,equatorial
17.07,24.83,27.98,22.54,88.08,2.46,1.35,1.98,0.53,0.55,2025-05-18,Yaounde_peri,2025,5,138,20,11.840000000000014,51.11,132.06,277.56,-0.2638452567139438,-0.84866666666667,25.98,equatorial
15.33,24.09,26.82,22.36,91.08,8.53,1.49,2.17,0.54,0.61,2025-05-19,Yaounde_peri,2025,5,139,21,20.200000000000014,58.76,139.67000000000002,286.09,-0.2197689662105682,-1.4860000000000007,25.98,equatorial
12.64,24.21,28.06,21.53,87.75,4.11,1.76,3.83,0.54,0.58,2025-05-20,Yaounde_peri,2025,5,140,21,23.32000000000001,62.45,142.42,290.2,-0.19851651120368244,-1.2963333333333331,25.67,equatorial
18.05,25.67,31.12,21.3,78.57,0.07,0.92,4.8,0.53,0.54,2025-05-21,Yaounde_peri,2025,5,141,21,21.970000000000013,62.04,141.15,289.4,-0.2026206732442139,0.23200000000000287,25.67,equatorial
16.09,25.88,31.11,21.42,80.29,1.0,1.48,4.61,0.52,0.53,2025-05-22,Yaounde_peri,2025,5,142,21,21.990000000000013,61.32,140.42000000000002,289.37,-0.20274783181190306,0.5109999999999957,25.88,equatorial
15.43,25.46,29.6,22.44,85.23,2.27,1.9,2.77,0.52,0.53,2025-05-23,Yaounde_peri,2025,5,143,21,23.00000000000001,28.81,140.41,290.44,-0.1971929551436202,0.15233333333333476,25.88,equatorial
7.76,24.64,28.47,22.48,87.75,2.32,2.22,2.98,0.52,0.54,2025-05-24,Yaounde_peri,2025,5,144,21,20.760000000000012,30.689999999999998,139.69,291.79999999999995,-0.19014001473430886,-0.604333333333333,25.88,equatorial
17.03,24.37,27.85,21.79,87.17,0.55,2.29,1.95,0.51,0.52,2025-05-25,Yaounde_peri,2025,5,145,21,18.850000000000012,30.69,138.09,290.91999999999996,-0.1946608764030501,-0.8063333333333347,25.88,equatorial
15.04,24.39,28.65,21.88,85.78,3.87,2.18,3.06,0.51,0.54,2025-05-26,Yaounde_peri,2025,5,146,22,14.190000000000015,34.39,136.85,291.65999999999997,-0.19081036615341088,-0.7540000000000013,25.88,equatorial
14.43,25.18,31.03,20.23,77.5,2.19,1.07,4.91,0.51,0.53,2025-05-27,Yaounde_peri,2025,5,147,22,12.270000000000016,35.589999999999996,131.73,290.38,-0.1973995440084593,0.0259999999999998,25.88,equatorial
18.43,25.87,31.23,21.06,75.59,2.13,1.22,4.23,0.51,0.52,2025-05-28,Yaounde_peri,2025,5,148,22,14.330000000000014,36.300000000000004,127.22999999999999,291.97999999999996,-0.18910253071757874,0.6883333333333361,25.88,equatorial
12.63,25.87,31.42,21.6,79.71,4.36,1.3,4.08,0.5,0.53,2025-05-29,Yaounde_peri,2025,5,149,22,17.690000000000015,39.68,93.64999999999999,295.3,-0.1719142346828018,0.6320000000000014,25.87,equatorial
15.36,25.21,29.69,22.19,85.51,13.76,1.2,3.99,0.52,0.61,2025-05-30,Yaounde_peri,2025,5,150,22,29.180000000000014,52.18,105.69,307.34999999999997,-0.10959094722098013,-0.03200000000000003,25.87,equatorial
18.51,26.04,30.69,22.06,79.97,2.62,1.13,4.44,0.53,0.55,2025-05-31,Yaounde_peri,2025,5,151,22,29.480000000000015,50.24,107.86000000000001,308.75,-0.10233722925369321,0.7596666666666678,26.04,equatorial
12.71,23.92,26.25,22.59,92.1,7.95,1.95,1.92,0.53,0.59,2025-06-01,Yaounde_peri,2025,6,152,22,36.88000000000002,55.73,114.83,312.98999999999995,-0.08039650315833552,-1.3079999999999998,26.04,equatorial
15.24,24.32,28.42,21.9,87.73,4.84,1.53,3.2,0.54,0.58,2025-06-02,Yaounde_peri,2025,6,153,23,37.850000000000016,52.040000000000006,111.84,313.46000000000004,-0.07795495275917662,-0.8889999999999993,26.04,equatorial
13.64,23.18,27.13,20.85,90.07,7.45,2.27,2.96,0.54,0.59,2025-06-03,Yaounde_peri,2025,6,154,23,43.110000000000014,55.379999999999995,119.13000000000001,316.92,-0.060046578761038555,-1.9453333333333376,26.04,equatorial
10.12,22.86,25.12,21.14,92.53,12.5,1.79,2.24,0.56,0.64,2025-06-04,Yaounde_peri,2025,6,155,23,53.48000000000002,67.81,130.75,326.83,-0.00876890110577098,-2.174666666666667,26.04,equatorial
19.52,23.43,27.31,20.97,88.37,5.29,1.85,3.72,0.57,0.62,2025-06-05,Yaounde_peri,2025,6,156,23,54.41000000000002,72.1,135.62,330.01,0.00768627276623301,-1.5243333333333347,26.04,equatorial
16.54,24.32,29.15,20.76,84.08,1.32,1.51,4.48,0.56,0.58,2025-06-06,Yaounde_peri,2025,6,157,23,41.97000000000001,71.15,136.46,328.45,-0.0003875809103162546,-0.5453333333333354,26.04,equatorial
13.61,24.59,29.09,20.94,86.13,2.92,1.59,4.25,0.55,0.58,2025-06-07,Yaounde_peri,2025,6,158,23,42.27000000000002,71.75,137.66,328.64,0.000595830199495988,-0.20599999999999952,24.59,equatorial
19.0,24.21,27.8,21.81,88.32,2.42,1.38,2.36,0.55,0.58,2025-06-08,Yaounde_peri,2025,6,159,23,36.740000000000016,73.62,105.3,325.75,-0.014363638623690016,-0.5926666666666662,24.59,equatorial
19.03,24.95,28.74,22.05,83.61,2.52,0.92,2.79,0.55,0.57,2025-06-09,Yaounde_peri,2025,6,160,24,34.420000000000016,72.27000000000001,107.38,322.88000000000005,-0.029219567659704095,0.12333333333333485,24.95,equatorial
16.63,25.56,30.01,21.34,80.05,0.97,1.19,3.95,0.54,0.56,2025-06-10,Yaounde_peri,2025,6,161,24,27.940000000000015,71.05,107.8,320.81,-0.03993339863686589,0.7019999999999982,25.56,equatorial
15.13,24.76,28.96,21.77,86.02,0.85,1.64,2.63,0.53,0.54,2025-06-11,Yaounde_peri,2025,6,162,24,16.290000000000013,69.77,108.48,320.42,-0.041947691737081585,-0.05933333333333479,25.56,equatorial
15.36,24.27,27.28,22.34,88.1,0.66,1.4,1.62,0.53,0.54,2025-06-12,Yaounde_peri,2025,6,163,24,11.660000000000014,66.07000000000001,108.15,319.97999999999996,-0.04422093378805024,-0.4923333333333346,25.56,equatorial
14.8,24.8,29.39,21.25,82.15,0.45,1.45,3.27,0.53,0.53,2025-06-13,Yaounde_peri,2025,6,164,24,10.790000000000015,52.760000000000005,107.18,318.69,-0.050896875881628105,0.06666666666666643,25.56,equatorial
15.55,24.63,28.55,22.18,85.46,0.75,2.28,2.45,0.52,0.53,2025-06-14,Yaounde_peri,2025,6,165,24,8.620000000000013,50.89,106.95,312.96999999999997,-0.08052162562839847,-0.07866666666666688,25.56,equatorial
14.71,24.86,29.68,21.59,84.37,1.59,1.81,3.0,0.52,0.53,2025-06-15,Yaounde_peri,2025,6,166,24,7.790000000000014,44.53,107.28,311.03000000000003,-0.09056213506586994,0.1543333333333301,25.56,equatorial
11.62,23.02,24.95,21.54,92.34,1.61,1.7,1.18,0.51,0.53,2025-06-16,Yaounde_peri,2025,6,167,25,6.880000000000014,41.3,104.33,310.46000000000004,-0.09350373242783269,-1.626333333333335,25.56,equatorial
17.06,24.53,29.15,21.28,81.7,0.38,1.37,3.08,0.51,0.52,2025-06-17,Yaounde_peri,2025,6,168,25,6.290000000000014,34.230000000000004,102.25,308.5,-0.10364875872166981,-0.10633333333333184,24.86,equatorial
16.65,24.66,29.23,21.44,80.83,0.71,2.34,2.96,0.51,0.51,2025-06-18,Yaounde_peri,2025,6,169,25,6.150000000000015,22.44,94.42999999999999,300.46999999999997,-0.14525445874672555,0.004666666666668817,24.86,equatorial
15.74,24.38,28.67,21.2,82.41,0.76,2.25,2.5,0.5,0.51,2025-06-19,Yaounde_peri,2025,6,170,25,6.250000000000014,17.91,91.08,293.28999999999996,-0.18245352957757469,-0.2809999999999988,24.86,equatorial
16.29,24.8,29.9,20.98,80.93,3.6,1.84,3.79,0.5,0.52,2025-06-20,Yaounde_peri,2025,6,171,25,9.400000000000015,20.19,94.61,291.13,-0.19362690478139463,0.16799999999999926,24.86,equatorial
13.14,24.65,29.35,21.4,86.18,8.83,1.71,3.77,0.51,0.56,2025-06-21,Yaounde_peri,2025,6,172,25,17.480000000000015,26.1,102.44,297.03,-0.16300956831771804,0.0589999999999975,24.86,equatorial
14.52,23.93,28.28,21.3,86.32,7.05,1.5,3.54,0.52,0.58,2025-06-22,Yaounde_peri,2025,6,173,25,22.940000000000015,30.73,107.22000000000001,301.21,-0.1413118661962139,-0.6099999999999994,24.8,equatorial
14.8,23.04,25.49,21.42,92.57,5.05,1.81,1.84,0.52,0.57,2025-06-23,Yaounde_peri,2025,6,174,26,26.380000000000017,33.260000000000005,109.95,304.04,-0.12661585976099587,-1.446666666666669,24.8,equatorial
16.51,24.59,29.7,20.77,84.54,6.2,1.29,4.14,0.53,0.57,2025-06-24,Yaounde_peri,2025,6,175,26,32.20000000000002,38.49,115.60000000000001,303.96,-0.1270140159808228,0.09600000000000364,24.8,equatorial
15.68,23.51,26.73,21.51,91.6,3.78,1.4,1.9,0.54,0.58,2025-06-25,Yaounde_peri,2025,6,176,26,35.27000000000002,41.42,115.50999999999999,307.01,-0.11117491202262396,-0.9546666666666646,24.8,equatorial
13.8,24.01,28.0,21.48,86.41,1.13,1.93,2.99,0.53,0.55,2025-06-26,Yaounde_peri,2025,6,177,26,35.640000000000015,41.89,114.45,307.73999999999995,-0.10737276398139632,-0.4156666666666631,24.8,equatorial
16.07,24.45,29.3,20.55,83.31,1.75,2.1,4.28,0.53,0.55,2025-06-27,Yaounde_peri,2025,6,178,26,33.79000000000001,43.190000000000005,114.07000000000001,308.91999999999996,-0.10123560630077337,0.07166666666666544,24.65,equatorial
15.26,24.72,29.32,20.99,83.02,0.94,2.08,3.64,0.52,0.53,2025-06-28,Yaounde_peri,2025,6,179,26,25.900000000000013,43.38,110.65,308.96999999999997,-0.10096278212388164,0.379999999999999,24.72,equatorial
12.81,23.67,27.6,21.3,87.56,2.51,2.91,2.32,0.52,0.53,2025-06-29,Yaounde_peri,2025,6,180,26,21.360000000000014,44.3,99.4,310.86,-0.09113978423158722,-0.6186666666666625,24.72,equatorial
10.15,22.88,26.37,20.71,88.54,6.55,1.32,2.79,0.52,0.57,2025-06-30,Yaounde_peri,2025,6,181,27,22.860000000000014,49.239999999999995,103.33,315.96999999999997,-0.06460182486822193,-1.3033333333333346,24.72,equatorial
8.2,22.86,26.44,20.27,87.83,5.69,1.41,3.09,0.53,0.58,2025-07-01,Yaounde_peri,2025,7,182,27,22.350000000000012,54.550000000000004,101.07000000000001,312.58,-0.08219312883034231,-1.2880000000000003,24.72,equatorial
12.18,23.71,28.14,20.45,82.96,2.32,1.75,4.08,0.53,0.55,2025-07-02,Yaounde_peri,2025,7,183,27,20.890000000000015,56.160000000000004,98.55,313.40000000000003,-0.0779246260043677,-0.4176666666666655,24.72,equatorial
11.76,22.98,26.83,20.48,89.99,32.67,2.64,3.24,0.54,0.64,2025-07-03,Yaounde_peri,2025,7,184,27,52.430000000000014,88.07,123.77000000000001,344.97999999999996,0.08608122351942679,-1.1409999999999982,24.72,equatorial
12.15,22.25,25.01,20.51,93.28,11.78,2.16,2.52,0.61,0.69,2025-07-04,Yaounde_peri,2025,7,185,27,62.460000000000015,96.25,123.05,355.03000000000003,0.13826633957720022,-1.8506666666666653,24.72,equatorial
13.79,23.03,26.8,20.06,89.43,2.9,2.31,4.16,0.6,0.62,2025-07-05,Yaounde_peri,2025,7,186,27,64.42000000000002,90.32000000000001,120.66,357.51,0.15112990524832107,-1.0573333333333323,23.71,equatorial
11.92,23.16,26.86,20.71,89.95,5.78,2.33,3.52,0.6,0.63,2025-07-06,Yaounde_peri,2025,7,187,27,67.69000000000001,89.05,125.12,362.69,0.17801972257740203,-0.8886666666666656,23.71,equatorial
9.35,22.72,26.4,20.66,91.3,6.17,2.65,3.28,0.6,0.64,2025-07-07,Yaounde_peri,2025,7,188,28,67.31000000000002,90.17,128.37,368.21999999999997,0.20672751296360795,-1.2663333333333355,23.71,equatorial
10.63,21.98,24.05,20.52,93.87,8.35,2.51,2.05,0.6,0.66,2025-07-08,Yaounde_peri,2025,7,189,28,69.97000000000001,92.32,134.3,376.26,0.24847709300052406,-1.9319999999999986,23.71,equatorial
10.66,22.63,26.57,19.59,88.96,4.6,2.51,4.34,0.6,0.63,2025-07-09,Yaounde_peri,2025,7,190,28,72.25,93.14000000000001,136.38,377.08000000000004,0.2527041795701115,-1.2046666666666717,23.16,equatorial
10.91,22.61,25.77,20.5,89.33,2.84,2.6,3.54,0.6,0.62,2025-07-10,Yaounde_peri,2025,7,191,28,42.420000000000016,94.85,138.25,379.39,0.2646753503704194,-1.126333333333335,23.16,equatorial
9.27,22.37,25.88,20.26,89.58,2.83,2.47,3.32,0.59,0.62,2025-07-11,Yaounde_peri,2025,7,192,28,33.47000000000001,95.92999999999999,140.23,382.18,0.2791411579194974,-1.2866666666666688,23.16,equatorial
14.34,22.94,27.26,19.4,86.32,1.57,2.61,4.57,0.58,0.6,2025-07-12,Yaounde_peri,2025,7,193,28,32.140000000000015,96.56,141.14,383.54999999999995,0.286224248456587,-0.6723333333333308,23.16,equatorial
11.89,22.69,26.42,19.68,87.25,0.75,1.97,3.02,0.57,0.58,2025-07-13,Yaounde_peri,2025,7,194,28,27.11000000000001,94.8,141.44,383.84999999999997,0.2877437976565509,-0.8519999999999968,22.94,equatorial
11.0,23.02,26.74,20.41,87.56,1.15,1.53,2.61,0.56,0.58,2025-07-14,Yaounde_peri,2025,7,195,29,22.090000000000014,89.39999999999999,141.84,384.44,0.2907712734161723,-0.4683333333333337,23.02,equatorial
10.95,22.46,26.03,20.28,89.02,3.55,2.43,3.22,0.56,0.59,2025-07-15,Yaounde_peri,2025,7,196,29,17.290000000000013,87.26,143.8,377.3,0.2535983235921369,-0.9483333333333341,23.02,equatorial
13.39,22.58,26.17,20.08,86.15,0.99,2.82,3.5,0.56,0.57,2025-07-16,Yaounde_peri,2025,7,197,29,13.680000000000014,85.93,143.17999999999998,377.95,0.25694406323300906,-0.8136666666666663,23.02,equatorial
12.36,22.73,27.03,19.47,86.98,2.54,2.57,3.82,0.55,0.57,2025-07-17,Yaounde_peri,2025,7,198,29,13.380000000000013,55.8,145.34,379.65,0.26575162560928295,-0.6036666666666655,23.02,equatorial
11.9,23.29,27.92,19.53,85.1,2.5,1.91,4.34,0.54,0.56,2025-07-18,Yaounde_peri,2025,7,199,29,13.050000000000015,46.519999999999996,147.13,381.23,0.2739345777690821,0.0019999999999988916,23.29,equatorial
12.83,23.91,28.74,20.56,86.88,5.75,1.89,4.49,0.54,0.58,2025-07-19,Yaounde_peri,2025,7,200,29,17.230000000000015,49.37,152.12,385.62,0.29673780868863947,0.6376666666666644,23.91,equatorial
13.62,23.38,27.53,20.51,87.77,8.05,2.71,4.06,0.55,0.61,2025-07-20,Yaounde_peri,2025,7,201,29,24.530000000000015,51.64,156.57,392.33,0.33161237044139613,0.15499999999999758,23.91,equatorial
12.54,23.33,27.54,20.51,86.71,1.26,2.88,3.07,0.55,0.56,2025-07-21,Yaounde_peri,2025,7,202,30,24.64000000000002,46.73,149.0,391.86,0.3291186530565329,0.1490000000000009,23.91,equatorial
11.89,23.04,27.27,20.0,86.08,1.03,2.52,3.25,0.54,0.56,2025-07-22,Yaounde_peri,2025,7,203,30,22.120000000000015,39.410000000000004,142.98000000000002,390.61,0.32256532280452155,-0.11133333333333795,23.91,equatorial
10.88,22.74,26.61,19.91,86.7,4.09,2.91,3.04,0.54,0.56,2025-07-23,Yaounde_peri,2025,7,204,30,25.220000000000017,38.9,142.02,391.66,0.3279848732202904,-0.40133333333333354,23.91,equatorial
7.79,22.77,26.96,19.79,86.55,2.76,2.73,3.34,0.54,0.58,2025-07-24,Yaounde_peri,2025,7,205,30,25.440000000000015,38.82,138.58,392.27,0.3311134821654998,-0.31066666666666976,23.91,equatorial
10.71,22.95,27.59,20.06,86.25,1.56,2.58,3.26,0.54,0.55,2025-07-25,Yaounde_peri,2025,7,206,30,24.500000000000014,37.55,136.36,388.71999999999997,0.31258229285533135,-0.11200000000000188,23.91,equatorial
10.01,21.42,23.41,19.92,91.92,2.39,2.39,1.84,0.54,0.56,2025-07-26,Yaounde_peri,2025,7,207,30,21.140000000000015,38.37,137.62,383.79999999999995,0.2869180237262716,-1.5556666666666636,23.38,equatorial
8.97,22.72,27.07,19.93,87.5,1.62,2.42,3.13,0.54,0.55,2025-07-27,Yaounde_peri,2025,7,208,30,14.710000000000015,39.239999999999995,137.49,378.78999999999996,0.26078607582023194,-0.1980000000000004,23.33,equatorial
9.83,23.14,28.16,19.88,85.45,1.44,2.06,3.52,0.53,0.55,2025-07-28,Yaounde_peri,2025,7,209,31,14.890000000000015,39.53,137.99,342.28999999999996,0.07063424556833646,0.27466666666666484,23.14,equatorial
13.37,23.89,28.79,20.5,84.26,1.7,1.74,3.59,0.53,0.54,2025-07-29,Yaounde_peri,2025,7,210,31,15.560000000000013,37.68,137.18,342.27000000000004,0.07052087182713909,1.0173333333333332,23.89,equatorial
12.11,24.39,29.48,20.44,82.16,0.3,2.2,3.53,0.52,0.53,2025-07-30,Yaounde_peri,2025,7,211,31,11.770000000000014,36.99,130.93,342.12,0.06973019593842211,1.4669999999999987,24.39,equatorial
11.04,23.17,26.08,20.88,85.12,0.43,2.76,1.7,0.52,0.53,2025-07-31,Yaounde_peri,2025,7,212,31,9.440000000000015,34.88,125.67,341.57,0.06685523825401629,0.23666666666666814,24.39,equatorial
13.01,23.45,28.2,20.38,80.44,0.48,2.1,2.98,0.52,0.52,2025-08-01,Yaounde_peri,2025,8,213,31,8.360000000000015,32.86,123.83000000000001,334.22,0.028542808499349415,0.5253333333333323,24.39,equatorial
9.55,23.0,27.07,20.28,85.09,1.11,1.76,1.87,0.51,0.52,2025-08-02,Yaounde_peri,2025,8,214,31,7.080000000000014,28.22,92.27,335.17,0.03349058297887358,0.07466666666666555,24.39,equatorial
13.79,22.87,27.25,20.24,84.65,0.91,2.77,2.66,0.51,0.52,2025-08-03,Yaounde_peri,2025,8,215,31,6.370000000000014,21.08,81.4,335.2,0.033642632101990484,-0.07600000000000051,24.39,equatorial
13.45,23.89,29.73,19.56,79.5,0.9,2.36,3.7,0.51,0.51,2025-08-04,Yaounde_peri,2025,8,216,32,5.830000000000014,20.72,79.39999999999999,335.68,0.036140720730573846,0.9153333333333329,24.39,equatorial
10.73,23.98,29.59,19.82,80.24,0.93,2.44,3.31,0.5,0.5,2025-08-05,Yaounde_peri,2025,8,217,32,5.060000000000015,20.62,74.55,336.13,0.03848238693429986,0.977999999999998,24.39,equatorial
9.48,23.7,29.52,20.08,80.84,1.5,2.83,3.15,0.5,0.5,2025-08-06,Yaounde_peri,2025,8,218,32,6.260000000000015,18.03,69.88,335.90999999999997,0.03733016194721715,0.6653333333333329,23.98,equatorial
9.78,22.97,27.61,19.8,84.65,5.88,2.73,3.38,0.5,0.53,2025-08-07,Yaounde_peri,2025,8,219,32,11.710000000000015,21.15,67.41,307.01000000000005,-0.1134006735755513,-0.09766666666666524,23.98,equatorial
10.01,22.32,26.37,19.91,88.66,3.98,2.57,2.24,0.5,0.53,2025-08-08,Yaounde_peri,2025,8,220,32,15.210000000000013,23.57,66.79,310.55,-0.09492091473321342,-0.7373333333333356,23.98,equatorial
10.08,22.02,25.54,19.64,88.48,2.06,2.04,2.06,0.51,0.54,2025-08-09,Yaounde_peri,2025,8,221,32,16.160000000000014,23.240000000000002,66.00999999999999,312.06,-0.08703125419643747,-1.017666666666667,23.98,equatorial
14.67,23.76,29.36,19.35,81.42,1.34,2.19,3.78,0.51,0.51,2025-08-10,Yaounde_peri,2025,8,222,32,16.590000000000014,22.96,64.52,313.23,-0.08091555173366004,0.6760000000000019,23.98,equatorial
13.04,23.85,29.04,20.18,80.76,1.12,2.59,3.2,0.5,0.51,2025-08-11,Yaounde_peri,2025,8,223,33,16.810000000000013,22.64,64.07,313.36,-0.08022669470136187,0.7356666666666669,23.98,equatorial
13.67,23.78,29.2,20.1,79.1,0.86,2.41,2.94,0.5,0.5,2025-08-12,Yaounde_peri,2025,8,224,33,16.740000000000013,21.799999999999997,64.17999999999999,312.8,-0.08313879282313558,0.6293333333333351,23.85,equatorial
10.09,23.53,28.92,19.89,80.04,1.02,2.83,2.64,0.5,0.49,2025-08-13,Yaounde_peri,2025,8,225,33,16.260000000000016,22.520000000000003,64.05,312.84000000000003,-0.08291922411313893,0.3623333333333356,23.85,equatorial
11.06,22.72,27.4,19.25,82.95,4.0,2.57,3.0,0.5,0.52,2025-08-14,Yaounde_peri,2025,8,226,33,14.380000000000015,26.090000000000003,64.5,315.58000000000004,-0.06860537409375228,-0.45633333333333326,23.85,equatorial
11.36,22.47,28.02,19.2,83.49,1.92,2.81,2.93,0.5,0.51,2025-08-15,Yaounde_peri,2025,8,227,33,12.320000000000014,27.53,65.43,312.94,-0.0823793425533266,-0.7026666666666692,23.85,equatorial
12.53,22.91,27.47,18.99,81.12,1.01,2.76,2.83,0.5,0.5,2025-08-16,Yaounde_peri,2025,8,228,33,11.270000000000014,27.430000000000003,63.9,311.49,-0.0899397495430612,-0.26866666666666816,23.85,equatorial
11.85,23.3,28.66,19.52,80.14,0.87,2.81,2.68,0.49,0.49,2025-08-17,Yaounde_peri,2025,8,229,33,10.800000000000015,27.39,62.27,303.83,-0.1299293562376312,0.12100000000000222,23.85,equatorial
12.6,23.93,30.16,19.01,77.46,0.61,2.12,2.84,0.49,0.48,2025-08-18,Yaounde_peri,2025,8,230,34,10.290000000000013,27.1,57.13,300.33,-0.14819196035621923,0.7503333333333337,23.93,equatorial
13.16,24.47,30.85,19.73,78.7,1.84,2.07,2.89,0.49,0.48,2025-08-19,Yaounde_peri,2025,8,231,34,11.270000000000014,28.01,50.919999999999995,302.1,-0.13892704533006014,1.2539999999999978,24.47,equatorial
12.05,22.72,26.03,20.63,88.92,7.28,2.1,2.43,0.49,0.54,2025-08-20,Yaounde_peri,2025,8,232,34,17.530000000000015,33.79,56.94,308.38,-0.10610164160195296,-0.4756666666666689,24.47,equatorial
11.93,23.31,28.7,19.74,83.52,3.48,3.0,3.91,0.5,0.53,2025-08-21,Yaounde_peri,2025,8,233,34,17.010000000000016,31.39,59.39,309.59000000000003,-0.09976589377583618,0.10533333333333417,24.47,equatorial
8.5,23.23,28.98,19.56,83.5,4.94,3.37,4.2,0.5,0.53,2025-08-22,Yaounde_peri,2025,8,234,34,20.030000000000015,32.35,60.24,312.21000000000004,-0.08606234036493805,0.008999999999996788,24.47,equatorial
11.92,22.54,26.68,19.55,86.07,3.17,2.96,2.9,0.5,0.53,2025-08-23,Yaounde_peri,2025,8,235,34,22.190000000000012,33.46,60.650000000000006,314.83000000000004,-0.07235883621953128,-0.673333333333332,24.47,equatorial
10.2,22.32,26.28,19.51,85.95,1.55,3.05,2.41,0.5,0.52,2025-08-24,Yaounde_peri,2025,8,236,34,22.870000000000015,33.67,60.64,312.51,-0.08447556856800364,-0.8723333333333336,24.47,equatorial
11.1,23.14,28.36,19.39,83.0,0.77,2.75,2.89,0.5,0.51,2025-08-25,Yaounde_peri,2025,8,237,35,23.030000000000015,33.32,59.02,311.09000000000003,-0.09188757722311847,-0.10966666666666569,24.47,equatorial
11.18,23.56,28.89,19.7,81.23,0.58,2.42,2.61,0.5,0.5,2025-08-26,Yaounde_peri,2025,8,238,35,21.770000000000014,33.04,57.980000000000004,309.54,-0.09997920823653847,0.2823333333333302,23.56,equatorial
12.09,24.3,30.61,19.46,76.84,0.75,2.65,3.54,0.49,0.49,2025-08-27,Yaounde_peri,2025,8,239,35,15.240000000000016,32.77,57.29,305.93,-0.1188420176363471,0.983666666666668,24.3,equatorial
11.45,24.64,30.57,20.14,77.63,0.64,2.67,2.86,0.49,0.48,2025-08-28,Yaounde_peri,2025,8,240,35,12.400000000000016,29.410000000000004,56.230000000000004,292.81,-0.1874360940620724,1.2986666666666657,24.64,equatorial
11.17,23.88,28.9,20.03,79.69,0.59,2.93,1.92,0.48,0.48,2025-08-29,Yaounde_peri,2025,8,241,35,8.050000000000015,28.080000000000002,56.519999999999996,290.78000000000003,-0.19802810265728962,0.5556666666666636,24.64,equatorial
13.46,24.03,28.91,20.86,78.97,0.65,2.54,1.89,0.48,0.48,2025-08-30,Yaounde_peri,2025,8,242,35,5.5300000000000145,27.72,56.74,283.48,-0.2361853154178535,0.6769999999999996,24.64,equatorial
13.5,24.79,30.23,20.79,77.49,0.54,1.81,1.96,0.48,0.47,2025-08-31,Yaounde_peri,2025,8,243,35,4.520000000000015,27.39,56.800000000000004,279.18,-0.2586476505825838,1.3923333333333332,24.79,equatorial
11.43,25.1,31.28,21.54,76.52,1.1,1.61,2.12,0.48,0.47,2025-09-01,Yaounde_peri,2025,9,244,36,4.850000000000014,27.880000000000003,56.790000000000006,272.83,-0.29183441894286993,1.6323333333333352,25.1,equatorial
15.12,24.71,30.7,21.09,80.05,7.03,2.16,3.02,0.48,0.5,2025-09-02,Yaounde_peri,2025,9,245,36,11.300000000000015,33.07,62.91,267.36,-0.3204151187409018,1.181000000000001,25.1,equatorial
14.08,23.3,27.65,21.05,87.39,6.57,2.64,3.24,0.5,0.56,2025-09-03,Yaounde_peri,2025,9,246,36,17.120000000000015,32.36,68.58,268.64,-0.31367157183374833,-0.20933333333333337,25.1,equatorial
12.14,22.78,26.18,20.5,88.51,1.95,1.7,1.84,0.5,0.52,2025-09-04,Yaounde_peri,2025,9,247,36,18.430000000000014,30.830000000000002,69.60000000000001,269.27,-0.3103302294552536,-0.6893333333333302,25.1,equatorial
14.61,23.24,27.58,20.32,83.72,0.89,1.79,2.08,0.5,0.51,2025-09-05,Yaounde_peri,2025,9,248,36,18.730000000000015,26.78,68.99,267.24,-0.3209120953989613,-0.2140000000000022,25.1,equatorial
14.59,24.22,29.26,20.28,81.64,1.44,1.64,2.72,0.5,0.51,2025-09-06,Yaounde_peri,2025,9,249,36,19.520000000000014,25.049999999999997,64.55,266.26,-0.32599686168905906,0.7243333333333304,25.1,equatorial
14.04,24.0,28.63,21.12,86.45,2.35,1.84,2.28,0.5,0.52,2025-09-07,Yaounde_peri,2025,9,250,36,21.330000000000016,25.85,62.92,266.09,-0.326840687927872,0.44833333333333414,25.1,equatorial
16.67,22.79,25.68,20.93,90.37,5.66,2.23,2.15,0.5,0.54,2025-09-08,Yaounde_peri,2025,9,251,37,25.890000000000015,30.740000000000002,66.52,270.78000000000003,-0.3022374195570833,-0.7873333333333328,24.71,equatorial
13.11,23.74,28.5,20.22,84.57,4.31,2.32,4.58,0.51,0.54,2025-09-09,Yaounde_peri,2025,9,252,37,23.170000000000012,34.47,69.49,274.24,-0.284076355039915,0.163333333333334,24.22,equatorial
13.18,23.69,27.5,20.52,85.92,4.06,1.95,3.36,0.51,0.54,2025-09-10,Yaounde_peri,2025,9,253,37,20.66000000000001,37.78,72.43,277.64,-0.26623025739065126,0.11866666666666958,24.22,equatorial
13.95,22.15,24.85,20.54,93.17,27.94,1.85,2.34,0.54,0.67,2025-09-11,Yaounde_peri,2025,9,254,37,46.65000000000002,65.08,99.51,305.13,-0.12220137328348847,-1.3670000000000009,24.22,equatorial
15.32,22.2,24.81,20.49,92.35,10.39,1.78,2.53,0.58,0.65,2025-09-12,Yaounde_peri,2025,9,255,37,56.15000000000002,74.88,108.88,314.77000000000004,-0.07168431480814891,-1.2726666666666695,24.22,equatorial
14.67,22.56,26.34,20.01,88.72,5.99,2.29,4.48,0.58,0.63,2025-09-13,Yaounde_peri,2025,9,256,37,60.70000000000002,80.22,110.86999999999999,319.17,-0.04862177447410687,-0.9073333333333338,24.0,equatorial
14.14,22.51,26.25,20.15,91.16,14.97,1.94,3.61,0.59,0.67,2025-09-14,Yaounde_peri,2025,9,257,37,73.32000000000002,94.65,123.91999999999999,332.53,0.021391757983406933,-0.9586666666666623,23.74,equatorial
14.71,22.83,26.87,20.06,90.26,2.82,1.53,3.06,0.6,0.62,2025-09-15,Yaounde_peri,2025,9,258,38,70.48000000000002,96.37,125.73,334.96999999999997,0.0341764215207457,-0.6360000000000028,23.74,equatorial
13.19,22.23,24.68,20.18,92.23,3.64,2.25,2.58,0.59,0.62,2025-09-16,Yaounde_peri,2025,9,259,38,69.81000000000002,92.98,128.5,337.9,0.04952936585837458,-1.2003333333333366,23.69,equatorial
18.15,23.47,27.94,19.96,86.76,2.79,1.75,4.87,0.59,0.61,2025-09-17,Yaounde_peri,2025,9,260,38,68.54000000000002,89.19999999999999,130.68,339.93,0.06016442740294461,0.054999999999999716,23.47,equatorial
14.44,24.36,28.95,20.15,85.02,2.87,1.45,5.15,0.57,0.59,2025-09-18,Yaounde_peri,2025,9,261,38,43.47000000000002,90.12,131.71,339.2,0.0563295162299918,0.9486666666666643,24.36,equatorial
16.25,23.2,26.39,21.16,89.98,12.61,1.75,3.58,0.58,0.65,2025-09-19,Yaounde_peri,2025,9,262,38,45.69000000000002,101.84,137.04,342.98,0.07614236940267112,-0.22733333333333405,24.36,equatorial
14.55,23.74,27.87,20.53,87.48,3.57,1.45,4.41,0.58,0.61,2025-09-20,Yaounde_peri,2025,9,263,38,43.27000000000002,103.97,137.13,339.5,0.05788322773419894,0.298333333333332,24.36,equatorial
14.21,23.84,28.11,20.63,88.12,6.84,1.6,4.5,0.58,0.62,2025-09-21,Yaounde_peri,2025,9,264,38,35.140000000000015,108.46000000000001,139.03,341.28999999999996,0.06726389929512129,0.37800000000000367,24.36,equatorial
14.09,22.28,25.47,20.69,90.97,8.06,2.63,3.6,0.58,0.64,2025-09-22,Yaounde_peri,2025,9,265,39,40.38000000000002,110.86,143.92,343.15,0.07701172918816591,-1.173333333333332,24.36,equatorial
14.24,22.85,26.84,19.92,88.3,0.67,2.02,3.57,0.58,0.6,2025-09-23,Yaounde_peri,2025,9,266,39,37.41000000000002,107.22,143.04000000000002,340.04,0.060686567818684485,-0.6209999999999987,24.36,equatorial
15.95,23.07,26.44,20.28,87.73,0.43,2.2,2.61,0.57,0.58,2025-09-24,Yaounde_peri,2025,9,267,39,35.05000000000002,103.59,142.7,339.34000000000003,0.057006081793464294,-0.3986666666666636,24.36,equatorial
12.36,23.14,26.88,20.2,87.5,0.95,1.8,3.24,0.56,0.58,2025-09-25,Yaounde_peri,2025,9,268,39,33.130000000000024,76.60000000000001,143.07000000000002,338.54,0.05280086307752944,-0.314666666666664,23.84,equatorial
17.9,23.78,27.59,20.4,81.2,0.15,1.15,3.55,0.55,0.56,2025-09-26,Yaounde_peri,2025,9,269,39,20.67000000000002,66.36,142.47000000000003,337.75000000000006,0.04864813294521333,0.34266666666666623,23.84,equatorial
18.39,24.5,28.91,20.65,82.46,0.13,1.47,3.46,0.55,0.55,2025-09-27,Yaounde_peri,2025,9,270,39,17.230000000000018,60.5,141.96,335.37,0.03614990110870692,1.0673333333333375,24.5,equatorial
10.13,24.09,28.27,21.44,88.48,6.92,1.78,3.78,0.54,0.58,2025-09-28,Yaounde_peri,2025,9,271,39,17.310000000000016,52.45,148.29,335.74,0.03808757381100352,0.6503333333333359,24.5,equatorial
17.21,23.62,27.36,21.26,90.62,8.24,2.56,3.66,0.55,0.61,2025-09-29,Yaounde_peri,2025,9,272,40,17.490000000000016,57.870000000000005,155.88,338.29,0.051470428902107325,0.19400000000000261,24.5,equatorial
14.64,22.75,25.83,21.0,91.45,9.44,2.49,3.39,0.56,0.63,2025-09-30,Yaounde_peri,2025,9,273,40,26.260000000000016,63.67,164.78,345.40999999999997,0.08884916223020954,-0.6080000000000005,24.5,equatorial
11.48,21.17,23.94,19.77,91.96,9.1,2.52,2.9,0.57,0.63,2025-10-01,Yaounde_peri,2025,10,274,40,34.930000000000014,69.98,172.78,321.84000000000003,-0.0349380893354694,-2.056999999999995,24.5,equatorial
11.49,22.17,26.2,19.21,89.75,10.02,2.39,4.67,0.58,0.64,2025-10-02,Yaounde_peri,2025,10,275,40,44.00000000000002,77.13,175.77,320.08,-0.04417730556173851,-0.9723333333333315,24.5,equatorial
15.7,22.47,25.53,19.9,87.52,3.65,1.45,3.2,0.59,0.62,2025-10-03,Yaounde_peri,2025,10,276,40,47.500000000000014,68.17,172.85000000000002,320.83000000000004,-0.040232110126379034,-0.6446666666666694,24.5,equatorial
14.34,22.33,25.69,19.45,90.61,5.09,1.63,2.53,0.58,0.61,2025-10-04,Yaounde_peri,2025,10,277,40,52.46000000000002,69.69,175.98999999999998,320.14,-0.04385184355707767,-0.7696666666666694,24.09,equatorial
12.14,22.26,24.9,20.14,91.87,31.0,1.36,2.74,0.62,0.73,2025-10-05,Yaounde_peri,2025,10,278,40,76.54000000000002,93.85,206.10000000000002,344.97,0.0866127155306034,-0.8069999999999986,23.62,equatorial
15.86,22.32,25.32,20.48,93.14,4.81,2.23,2.64,0.64,0.67,2025-10-06,Yaounde_peri,2025,10,279,41,73.11000000000003,90.6,209.47,341.43,0.06799983407448283,-0.6836666666666673,22.75,equatorial
15.53,23.19,27.27,20.26,88.98,8.2,2.1,5.0,0.64,0.68,2025-10-07,Yaounde_peri,2025,10,280,41,71.87000000000002,98.13,215.32000000000002,345.03,0.08691061850970347,0.2133333333333347,23.19,equatorial
17.37,21.78,23.83,20.23,94.71,12.94,2.19,1.9,0.64,0.71,2025-10-08,Yaounde_peri,2025,10,281,41,75.71000000000001,110.64,222.6,355.13,0.13998566679237717,-1.1630000000000003,23.19,equatorial
16.43,23.82,28.16,19.97,83.47,1.3,0.88,4.65,0.64,0.66,2025-10-09,Yaounde_peri,2025,10,282,41,66.99000000000002,110.99,219.58999999999997,353.6,0.13192478086206075,0.8743333333333325,23.82,equatorial
7.89,23.38,26.36,20.72,85.42,6.05,1.39,3.32,0.63,0.67,2025-10-10,Yaounde_peri,2025,10,283,41,69.39000000000001,116.88999999999999,221.58,358.08000000000004,0.15546067944273587,0.44466666666666654,23.82,equatorial
16.88,23.42,27.37,20.05,85.46,4.96,1.11,4.02,0.63,0.66,2025-10-11,Yaounde_peri,2025,10,284,41,69.26000000000002,121.72,198.6,362.29,0.17757660868109104,0.4423333333333339,23.82,equatorial
16.66,23.42,27.83,20.21,85.86,2.26,1.79,4.99,0.62,0.64,2025-10-12,Yaounde_peri,2025,10,285,41,40.52000000000002,117.06,190.47,363.4,0.18339043414517528,0.4016666666666673,23.82,equatorial
16.61,24.04,28.31,20.41,82.38,1.02,1.12,5.09,0.61,0.62,2025-10-13,Yaounde_peri,2025,10,286,42,36.73000000000001,109.84,185.5,360.87,0.17006040372462725,0.972333333333335,24.04,equatorial
18.05,23.42,26.95,20.95,88.28,3.35,1.44,3.37,0.6,0.62,2025-10-14,Yaounde_peri,2025,10,287,42,31.880000000000017,103.75,173.88,363.23,0.182451629996248,0.3219999999999992,24.04,equatorial
16.45,23.65,28.11,20.31,88.08,5.24,1.12,4.23,0.59,0.62,2025-10-15,Yaounde_peri,2025,10,288,42,24.18000000000002,99.89,176.3,365.93,0.19663123590676604,0.5246666666666648,24.04,equatorial
12.23,22.89,25.7,21.16,88.03,7.44,0.99,2.76,0.59,0.64,2025-10-16,Yaounde_peri,2025,10,289,42,30.320000000000018,97.31,180.10000000000002,370.87,0.22259560901801886,-0.25733333333333164,24.04,equatorial
18.25,24.07,29.13,18.89,79.65,0.39,1.41,5.74,0.6,0.61,2025-10-17,Yaounde_peri,2025,10,290,42,24.660000000000018,94.05,177.7,365.51,0.19436260914975964,0.902666666666665,24.07,equatorial
13.28,24.61,27.95,21.13,79.82,3.79,1.22,4.2,0.58,0.61,2025-10-18,Yaounde_peri,2025,10,291,42,23.490000000000016,92.75,178.61999999999998,361.25,0.17191884795450635,1.4343333333333348,24.61,equatorial
15.68,23.27,26.42,20.84,89.66,7.24,1.14,2.45,0.59,0.64,2025-10-19,Yaounde_peri,2025,10,292,42,28.47000000000002,68.99,173.25,367.23,0.20336994481941392,0.09199999999999875,24.61,equatorial
14.3,23.49,27.59,20.32,87.5,7.72,1.5,4.76,0.59,0.64,2025-10-20,Yaounde_peri,2025,10,293,43,35.17000000000002,71.89999999999999,177.4,373.91999999999996,0.23855756289655702,0.320333333333334,24.61,equatorial
16.9,24.08,28.67,20.35,85.5,2.67,1.54,5.22,0.59,0.61,2025-10-21,Yaounde_peri,2025,10,294,43,34.490000000000016,66.37,173.23000000000002,372.5,0.2310502356313301,0.9023333333333312,24.61,equatorial
15.09,24.08,27.89,20.98,86.15,5.26,1.03,3.29,0.59,0.62,2025-10-22,Yaounde_peri,2025,10,295,43,34.51000000000002,58.690000000000005,170.43,375.0,0.244181892856006,0.8423333333333325,24.61,equatorial
15.73,23.48,26.7,21.21,90.66,5.94,1.22,2.86,0.59,0.64,2025-10-23,Yaounde_peri,2025,10,296,43,33.01000000000002,63.33,175.7,379.38,0.2672124655209318,0.22133333333333027,24.61,equatorial
16.3,23.84,28.07,21.05,88.65,1.04,1.68,3.29,0.59,0.6,2025-10-24,Yaounde_peri,2025,10,297,43,33.66000000000002,58.32,176.31,378.03000000000003,0.26006684698737315,0.5556666666666672,24.61,equatorial
15.74,23.73,27.79,20.74,87.88,2.07,1.96,3.87,0.58,0.6,2025-10-25,Yaounde_peri,2025,10,298,43,31.94000000000002,55.43,177.43,378.48,0.2624017915956634,0.42600000000000193,24.08,equatorial
17.06,24.32,28.47,21.54,87.0,1.26,1.33,3.24,0.58,0.59,2025-10-26,Yaounde_peri,2025,10,299,43,25.96000000000002,54.43,178.54,378.3,0.2614181710432597,0.9979999999999976,24.32,equatorial
8.34,24.0,27.88,20.94,89.38,10.07,1.72,4.02,0.57,0.63,2025-10-27,Yaounde_peri,2025,10,300,44,28.310000000000016,63.48,188.48,386.66999999999996,0.3054764610416063,0.694666666666663,24.32,equatorial
11.19,23.37,26.12,21.31,94.04,9.12,2.3,2.34,0.59,0.65,2025-10-28,Yaounde_peri,2025,10,301,44,34.76000000000002,69.25,190.68,395.49,0.35190331217836995,0.0886666666666649,24.32,equatorial
14.45,24.05,28.31,21.09,88.22,3.39,1.36,4.32,0.6,0.63,2025-10-29,Yaounde_peri,2025,10,302,44,32.890000000000015,67.4,185.82999999999998,398.45,0.36744999094568365,0.7543333333333351,24.32,equatorial
12.89,22.69,24.33,21.45,94.63,4.24,2.37,1.58,0.59,0.62,2025-10-30,Yaounde_peri,2025,10,303,44,31.19000000000002,64.2,180.63,402.21,0.38721134119816175,-0.603666666666669,24.32,equatorial
8.57,21.8,23.75,20.08,92.19,3.53,2.16,2.22,0.6,0.63,2025-10-31,Yaounde_peri,2025,10,304,44,33.68000000000002,67.34,175.06,404.63,0.39990906034626145,-1.5146666666666668,24.32,equatorial
14.2,23.44,28.22,19.78,85.48,1.46,1.29,4.23,0.59,0.61,2025-11-01,Yaounde_peri,2025,11,305,44,33.070000000000014,65.00999999999999,166.5,405.18,0.40274940226950506,0.08299999999999841,24.32,equatorial
12.84,24.21,28.7,20.45,81.93,3.5,1.1,5.42,0.59,0.61,2025-11-02,Yaounde_peri,2025,11,306,44,35.31000000000002,61.27,166.35,407.78,0.4163957524254731,0.7950000000000017,24.21,equatorial
14.62,24.3,28.61,21.22,84.73,4.01,1.38,4.37,0.58,0.61,2025-11-03,Yaounde_peri,2025,11,307,45,29.250000000000014,57.559999999999995,165.27,410.86,0.43257138562474856,0.8193333333333328,24.3,equatorial
16.96,24.5,28.6,21.2,85.18,4.41,1.48,4.36,0.58,0.61,2025-11-04,Yaounde_peri,2025,11,308,45,24.54000000000002,59.300000000000004,138.67999999999998,413.77000000000004,0.4478491704264595,0.944666666666663,24.5,equatorial
15.71,24.0,27.46,21.82,84.76,2.47,1.46,2.76,0.58,0.61,2025-11-05,Yaounde_peri,2025,11,309,45,23.62000000000002,56.51,136.34,410.35999999999996,0.429800720609554,0.3886666666666656,24.5,equatorial
14.71,23.84,28.11,20.79,87.77,3.63,1.27,3.23,0.58,0.61,2025-11-06,Yaounde_peri,2025,11,310,45,23.010000000000016,54.2,131.76999999999998,410.01,0.427890773223438,0.20700000000000074,24.5,equatorial
18.12,23.79,26.89,21.06,85.8,6.02,1.13,3.21,0.58,0.62,2025-11-07,Yaounde_peri,2025,11,311,45,25.500000000000018,59.18,124.85,413.97,0.4487119400575143,0.08999999999999986,24.5,equatorial
16.19,24.1,28.52,20.39,83.79,6.13,1.6,4.95,0.58,0.62,2025-11-08,Yaounde_peri,2025,11,312,45,30.170000000000016,63.24,129.68,418.76,0.47390874736956645,0.39066666666666805,24.5,equatorial
14.64,24.66,28.83,20.81,81.22,5.14,1.33,4.85,0.59,0.62,2025-11-09,Yaounde_peri,2025,11,313,45,31.810000000000016,67.12,128.77,422.78,0.4950409146802101,0.9079999999999977,24.66,equatorial
19.97,24.61,29.27,20.86,81.65,1.97,1.67,4.8,0.58,0.6,2025-11-10,Yaounde_peri,2025,11,314,46,29.770000000000017,59.02,125.78,423.89000000000004,0.500818969006182,0.8183333333333316,24.66,equatorial
17.77,25.1,29.67,21.26,78.17,1.46,1.42,5.38,0.57,0.59,2025-11-11,Yaounde_peri,2025,11,315,46,26.820000000000014,51.36000000000001,124.98,424.33,0.5030614498583524,1.2523333333333362,25.1,equatorial
17.37,24.79,29.53,20.48,79.26,1.79,1.53,4.93,0.57,0.58,2025-11-12,Yaounde_peri,2025,11,316,46,26.140000000000015,49.760000000000005,125.75,422.12,0.49132114049394193,0.9173333333333318,25.1,equatorial
11.35,24.13,29.04,20.48,83.88,3.05,1.32,4.16,0.56,0.58,2025-11-13,Yaounde_peri,2025,11,317,46,25.560000000000016,48.57,125.44999999999999,423.25,0.4972072760469459,0.23366666666666447,25.1,equatorial
15.21,24.04,28.44,20.79,83.34,5.57,1.39,4.31,0.56,0.61,2025-11-14,Yaounde_peri,2025,11,318,46,25.110000000000017,50.61,125.78,427.80999999999995,0.5211941963219215,0.1306666666666665,25.1,equatorial
15.9,24.32,28.79,20.88,80.34,1.32,1.1,3.88,0.56,0.58,2025-11-15,Yaounde_peri,2025,11,319,46,20.30000000000002,50.47,119.66,428.26000000000005,0.5234858172860205,0.36299999999999955,25.1,equatorial
12.0,24.53,29.18,21.19,81.71,2.24,1.98,4.54,0.55,0.57,2025-11-16,Yaounde_peri,2025,11,320,46,17.40000000000002,49.21,121.51,429.89,0.5320055874590554,0.5576666666666696,25.1,equatorial
16.99,24.84,29.83,20.66,79.3,0.79,2.44,4.6,0.55,0.56,2025-11-17,Yaounde_peri,2025,11,321,47,16.220000000000017,45.99,118.50999999999999,428.84,0.5263769643702241,0.8599999999999959,25.1,equatorial
15.03,25.32,30.36,20.66,75.66,0.65,2.07,4.45,0.54,0.55,2025-11-18,Yaounde_peri,2025,11,322,47,15.410000000000018,42.23,111.92,422.21000000000004,0.49129042408280194,1.2716666666666683,25.32,equatorial
16.95,25.45,30.41,20.67,75.76,2.81,1.56,4.76,0.54,0.55,2025-11-19,Yaounde_peri,2025,11,323,47,16.430000000000017,42.57,107.01,421.53999999999996,0.48767622180020154,1.3363333333333287,25.45,equatorial
18.42,25.42,30.73,20.66,74.31,0.43,1.55,4.19,0.53,0.54,2025-11-20,Yaounde_peri,2025,11,324,47,13.810000000000018,39.37,104.77,417.03,0.463785682572766,1.2616666666666667,25.45,equatorial
18.31,25.52,31.45,21.0,72.97,0.48,1.71,4.31,0.53,0.53,2025-11-21,Yaounde_peri,2025,11,325,47,8.720000000000018,33.83,99.99,414.34,0.44950905444976275,1.3136666666666699,25.52,equatorial
17.74,25.35,30.94,21.11,76.21,1.41,1.32,4.05,0.52,0.53,2025-11-22,Yaounde_peri,2025,11,326,47,8.810000000000018,29.11,95.46,414.20000000000005,0.4487017538938108,1.0813333333333368,25.52,equatorial
17.87,25.78,31.43,20.98,74.64,0.71,1.31,3.92,0.52,0.52,2025-11-23,Yaounde_peri,2025,11,327,47,7.280000000000017,24.68,95.13,414.14,0.4483171222544139,1.446666666666669,25.78,equatorial
19.28,25.83,32.36,20.84,69.67,0.43,2.23,4.1,0.51,0.51,2025-11-24,Yaounde_peri,2025,11,328,48,6.920000000000018,23.14,93.49,413.99,0.447457121355465,1.4266666666666659,25.83,equatorial
18.61,25.79,32.13,19.54,71.45,1.36,1.93,3.48,0.51,0.5,2025-11-25,Yaounde_peri,2025,11,329,48,7.630000000000017,23.04,93.58999999999999,414.6,0.4506123906417967,1.3376666666666672,25.83,equatorial
15.07,26.37,31.62,21.85,74.5,3.69,1.16,3.49,0.51,0.53,2025-11-26,Yaounde_peri,2025,11,330,48,8.510000000000018,24.94,87.21000000000001,417.65000000000003,0.46665937767364013,1.8386666666666684,26.37,equatorial
6.6,25.31,29.58,22.23,81.08,0.79,1.31,2.07,0.51,0.52,2025-11-27,Yaounde_peri,2025,11,331,48,8.870000000000019,22.68,78.88,417.84999999999997,0.46764489084292127,0.7139999999999986,26.37,equatorial
14.93,26.2,31.7,22.04,73.96,0.26,1.4,2.82,0.51,0.51,2025-11-28,Yaounde_peri,2025,11,332,48,8.650000000000018,17.37,75.75,417.46,0.46551238374726667,1.5323333333333338,26.37,equatorial
19.71,26.62,33.61,20.44,65.88,0.08,1.53,3.62,0.5,0.49,2025-11-29,Yaounde_peri,2025,11,333,48,7.320000000000017,16.13,71.59,417.0,0.4630101708512487,1.8213333333333352,26.62,equatorial
18.01,26.74,33.66,20.94,68.12,0.13,1.31,3.17,0.5,0.48,2025-11-30,Yaounde_peri,2025,11,334,48,6.740000000000017,14.02,68.19,416.03000000000003,0.4578125462534247,1.7766666666666673,26.74,equatorial
14.35,27.08,33.78,21.75,68.3,0.39,1.31,2.97,0.49,0.48,2025-12-01,Yaounde_peri,2025,12,335,49,6.700000000000018,13.620000000000001,67.12,409.39,0.42264240869574504,1.9953333333333312,27.08,equatorial
14.52,26.11,31.76,22.07,76.11,1.7,1.31,2.57,0.49,0.49,2025-12-02,Yaounde_peri,2025,12,336,49,7.040000000000017,14.67,65.32,404.52,0.3968330231061496,0.9619999999999962,27.08,equatorial
12.04,24.79,28.63,22.56,83.46,1.19,1.17,1.54,0.5,0.5,2025-12-03,Yaounde_peri,2025,12,337,49,4.540000000000018,13.05,62.5,403.76,0.3927570238458736,-0.3743333333333325,27.08,equatorial
14.45,26.24,32.65,21.83,73.56,0.61,1.57,2.67,0.5,0.49,2025-12-04,Yaounde_peri,2025,12,338,49,4.360000000000018,13.23,58.699999999999996,403.48,0.3912195974650223,1.017666666666667,27.08,equatorial
15.7,25.75,31.36,21.5,73.72,1.09,1.33,2.4,0.49,0.49,2025-12-05,Yaounde_peri,2025,12,339,49,5.190000000000018,13.84,57.32,403.13,0.3893121093122052,0.46933333333333493,27.08,equatorial
15.19,25.52,31.06,21.24,75.32,1.15,1.42,2.42,0.49,0.49,2025-12-06,Yaounde_peri,2025,12,340,49,6.2600000000000176,13.58,54.839999999999996,401.93,0.38290902331619214,0.18333333333333357,27.08,equatorial
13.12,25.52,31.5,21.54,76.47,1.35,1.52,2.46,0.49,0.5,2025-12-07,Yaounde_peri,2025,12,341,49,7.480000000000018,14.22,50.17,397.61999999999995,0.3600553832177117,0.12566666666666748,27.08,equatorial
17.17,25.18,30.26,21.69,78.57,2.42,1.29,2.38,0.5,0.51,2025-12-08,Yaounde_peri,2025,12,342,50,9.510000000000018,16.21,46.459999999999994,395.72999999999996,0.35000578358577666,-0.2503333333333373,26.24,equatorial
15.64,24.34,28.62,21.34,80.61,1.31,1.2,1.83,0.5,0.51,2025-12-09,Yaounde_peri,2025,12,343,50,9.120000000000019,16.16,42.629999999999995,392.98,0.33540660945070455,-1.0796666666666646,26.24,equatorial
16.31,25.04,31.21,20.79,77.8,0.92,1.71,2.65,0.5,0.5,2025-12-10,Yaounde_peri,2025,12,344,50,8.850000000000017,13.39,41.58,365.96,0.19238099281637228,-0.3940000000000019,26.24,equatorial
14.82,24.79,29.66,21.63,80.57,1.39,1.32,1.96,0.5,0.5,2025-12-11,Yaounde_peri,2025,12,345,50,9.630000000000019,13.990000000000002,41.51,356.96,0.1447251701387791,-0.6336666666666702,25.75,equatorial
15.31,25.82,31.37,21.66,73.48,0.38,1.46,2.43,0.5,0.5,2025-12-12,Yaounde_peri,2025,12,346,50,8.920000000000018,14.11,40.1,351.34999999999997,0.11501301817376701,0.3619999999999983,25.82,equatorial
17.74,26.99,33.6,21.45,65.74,0.2,1.56,2.82,0.5,0.48,2025-12-13,Yaounde_peri,2025,12,347,50,7.970000000000018,14.229999999999999,37.25,336.58,0.0368110077143525,1.4366666666666674,26.99,equatorial
10.54,26.72,32.69,21.58,68.64,0.69,1.37,2.34,0.49,0.48,2025-12-14,Yaounde_peri,2025,12,348,50,7.310000000000018,14.790000000000001,32.37,334.45,0.025529462732277967,1.077333333333332,26.99,equatorial
17.73,26.53,33.94,21.89,68.2,0.71,1.79,2.81,0.49,0.48,2025-12-15,Yaounde_peri,2025,12,349,51,5.600000000000017,15.11,31.76,331.52000000000004,0.010011919691111065,0.8136666666666663,26.99,equatorial
19.48,26.39,33.97,21.37,65.41,0.27,1.61,2.79,0.49,0.47,2025-12-16,Yaounde_peri,2025,12,350,51,4.560000000000017,13.68,29.790000000000003,329.0,-0.0033344020686459598,0.6116666666666681,26.99,equatorial
17.32,26.33,33.51,21.31,67.06,0.01,1.5,2.45,0.49,0.47,2025-12-17,Yaounde_peri,2025,12,351,51,3.6500000000000177,12.5,29.009999999999998,326.14,-0.018481474993081372,0.5020000000000024,26.99,equatorial
14.62,26.26,32.62,21.74,68.14,0.0,1.47,1.99,0.48,0.46,2025-12-18,Yaounde_peri,2025,12,352,51,2.2600000000000176,11.89,28.36,313.53,-0.08527409408162051,0.4006666666666696,26.99,equatorial
19.62,27.19,34.23,21.32,63.27,0.0,1.63,2.25,0.48,0.46,2025-12-19,Yaounde_peri,2025,12,353,51,1.8800000000000179,10.8,25.549999999999997,309.96,-0.1041758997059862,1.2726666666666695,27.19,equatorial
17.69,26.85,33.43,21.96,67.65,0.0,1.89,1.96,0.48,0.46,2025-12-20,Yaounde_peri,2025,12,354,51,1.6800000000000177,9.65,25.119999999999997,303.12,-0.140402917155112,0.8850000000000016,27.19,equatorial
17.24,27.01,34.44,21.79,67.19,0.0,1.92,2.01,0.48,0.45,2025-12-21,Yaounde_peri,2025,12,355,51,0.9900000000000178,8.3,24.64,295.06,-0.18309414987385692,0.9953333333333347,27.19,equatorial
16.25,27.05,34.09,21.57,66.55,0.0,1.77,1.92,0.48,0.44,2025-12-22,Yaounde_peri,2025,12,356,52,0.2800000000000178,5.88,23.23,294.39,-0.18662123040551032,0.978666666666669,27.19,equatorial
16.95,27.7,35.48,22.03,63.39,0.0,1.79,2.09,0.47,0.43,2025-12-23,Yaounde_peri,2025,12,357,52,0.010000000000017764,4.57,22.52,293.96,-0.188876221223185,1.564666666666664,27.7,equatorial
15.21,27.52,35.2,22.07,64.67,0.0,2.03,1.86,0.47,0.43,2025-12-24,Yaounde_peri,2025,12,358,52,0.0,3.65,22.09,293.01,-0.19388759089225896,1.3283333333333331,27.7,equatorial
18.28,27.58,35.4,21.74,61.66,0.0,1.81,1.85,0.47,0.42,2025-12-25,Yaounde_peri,2025,12,359,52,0.0,2.26,20.73,292.85999999999996,-0.1946577370467217,1.3286666666666633,27.7,equatorial
18.44,27.84,35.58,22.06,63.54,0.0,2.09,1.77,0.47,0.42,2025-12-26,Yaounde_peri,2025,12,360,52,0.0,1.8800000000000001,17.04,292.72999999999996,-0.19532183679039095,1.5396666666666654,27.84,equatorial
20.21,27.84,35.76,22.1,62.71,0.0,2.35,1.76,0.47,0.41,2025-12-27,Yaounde_peri,2025,12,361,52,0.0,1.68,16.25,285.81,-0.23199112741338476,1.4553333333333356,27.84,equatorial
15.41,27.96,36.22,21.99,61.77,0.0,1.98,1.75,0.47,0.4,2025-12-28,Yaounde_peri,2025,12,362,52,0.0,0.99,15.99,277.57,-0.27565961510563514,1.5166666666666657,27.96,equatorial
15.53,26.79,33.78,22.19,66.13,0.0,1.47,1.22,0.47,0.4,2025-12-29,Yaounde_peri,2025,12,363,1,0.0,0.28,15.91,268.13,-0.3256908206483328,0.3409999999999975,27.96,equatorial
18.61,27.88,36.31,22.09,60.73,0.0,1.96,1.64,0.47,0.4,2025-12-30,Yaounde_peri,2025,12,364,1,0.0,0.01,15.780000000000001,259.03,-0.3739156146811201,1.3929999999999971,27.96,equatorial
15.23,27.77,34.97,22.28,61.14,0.0,1.95,1.37,0.47,0.4,2025-12-31,Yaounde_peri,2025,12,365,1,0.0,0.0,15.39,249.01000000000002,-0.4270171592518815,1.2600000000000016,27.96,equatorial
