date,mois,pluie_7j,pluie_30j,pluie_prev_7j,temp_max,temp_max_3j,sm_surface,sm_rootzone,ndvi,ndwi,sin_mois,cos_mois,anomalie_pluie,ratio_30j_7j,trend_sm,sm_deficit,label_inondation,label_secheresse,label_chaleur,source
1990-01-01,1,45.8,153.4,23.7,27.78,27.78,0.4133,0.4164,0.5811,0.2401,0.5,0.866,0.5267,0.7815,0.0,0.0,0,0,0,open-meteo-real
1990-01-08,1,23.7,128.8,34.2,27.78,27.78,0.4047,0.4082,0.5866,0.176,0.5,0.866,-0.21,1.2681,-0.0086,0.0,0,0,0,open-meteo-real
1990-01-15,1,34.2,157.6,47.3,27.73,27.77,0.3997,0.3965,0.5761,0.201,0.5,0.866,0.14,1.0752,-0.005,0.0,0,0,0,open-meteo-real
1990-01-22,1,47.3,147.5,19.1,28.03,27.85,0.4101,0.4134,0.5839,0.2422,0.5,0.866,0.5767,0.7276,0.0104,0.0,0,0,0,open-meteo-real
1990-01-29,1,19.1,119.8,55.2,28.08,27.95,0.4006,0.4019,0.5877,0.1613,0.5,0.866,-0.3633,1.4635,-0.0095,0.0,0,0,0,open-meteo-real
1990-02-05,2,55.2,124.2,17.9,27.98,28.03,0.4097,0.4085,0.5849,0.2041,0.866,0.5,0.104,0.525,0.0091,0.0,0,0,0,open-meteo-real
1990-02-12,2,17.9,81.3,25.7,28.98,28.35,0.3959,0.3963,0.5917,0.1362,0.866,0.5,-0.642,1.0598,-0.0138,0.0,0,0,0,open-meteo-real
1990-02-19,2,25.7,89.0,19.2,29.08,28.68,0.4022,0.4029,0.5886,0.1524,0.866,0.5,-0.486,0.808,0.0063,0.0,0,0,0,open-meteo-real
1990-02-26,2,19.2,92.3,16.3,29.23,29.1,0.3912,0.3896,0.5826,0.1354,0.866,0.5,-0.616,1.1217,-0.011,0.0,0,0,0,open-meteo-real
1990-03-05,3,16.3,121.2,11.1,29.03,29.12,0.3923,0.3895,0.5864,0.1162,1.0,0.0,-0.8642,1.735,0.0011,0.0,0,0,0,open-meteo-real
1990-03-12,3,11.1,158.9,29.5,29.58,29.28,0.3814,0.3757,0.5756,0.1062,1.0,0.0,-0.9075,3.3402,-0.0109,0.0,0,0,0,open-meteo-real
1990-03-19,3,29.5,202.1,47.6,29.53,29.38,0.3926,0.3927,0.5866,0.1252,1.0,0.0,-0.7542,1.5985,0.0112,0.0,0,0,0,open-meteo-real
1990-03-26,3,47.6,249.8,62.2,29.33,29.48,0.4052,0.4043,0.5826,0.1448,1.0,0.0,-0.6033,1.2245,0.0126,0.0,0,0,0,open-meteo-real
1990-04-02,4,62.2,246.8,42.6,29.78,29.55,0.4076,0.412,0.5947,0.1422,0.866,-0.5,-0.6544,0.9258,0.0025,0.0,0,0,0,open-meteo-real
1990-04-09,4,42.6,293.6,69.8,29.33,29.48,0.409,0.4094,0.597,0.1343,0.866,-0.5,-0.7633,1.6081,0.0014,0.0,0,0,0,open-meteo-real
1990-04-16,4,69.8,301.7,58.8,29.18,29.43,0.4139,0.4199,0.6042,0.1494,0.866,-0.5,-0.6122,1.0085,0.0049,0.0,0,0,0,open-meteo-real
1990-04-23,4,58.8,296.3,68.6,28.83,29.12,0.413,0.4162,0.5904,0.1439,0.866,-0.5,-0.6733,1.1758,-0.0009,0.0,0,0,0,open-meteo-real
1990-04-30,4,68.6,337.2,78.0,29.28,29.1,0.4156,0.4196,0.5925,0.1499,0.866,-0.5,-0.6189,1.1469,0.0026,0.0,0,0,0,open-meteo-real
1990-05-07,5,78.0,323.1,80.2,30.43,29.52,0.409,0.4038,0.5801,0.1466,0.5,-0.866,-0.61,0.9665,-0.0067,0.0,0,0,0,open-meteo-real
1990-05-14,5,80.2,288.3,98.0,28.48,29.4,0.4158,0.4197,0.592,0.1515,0.5,-0.866,-0.599,0.8388,0.0068,0.0,0,0,0,open-meteo-real
1990-05-21,5,98.0,260.0,57.8,27.93,28.95,0.4202,0.4235,0.595,0.1613,0.5,-0.866,-0.51,0.619,0.0045,0.0,0,0,0,open-meteo-real
1990-05-28,5,57.8,207.3,36.9,28.48,28.3,0.4135,0.4175,0.5953,0.1412,0.5,-0.866,-0.711,0.8369,-0.0068,0.0,0,0,0,open-meteo-real
1990-06-04,6,36.9,170.7,52.2,27.93,28.12,0.4095,0.408,0.5896,0.1341,0.0,-1.0,-0.7694,1.0794,-0.004,0.0,0,0,0,open-meteo-real
1990-06-11,6,52.2,152.0,46.8,27.73,28.05,0.4152,0.4128,0.5833,0.1452,0.0,-1.0,-0.6738,0.6794,0.0057,0.0,0,0,0,open-meteo-real
1990-06-18,6,46.8,125.1,24.6,27.98,27.88,0.4095,0.4112,0.5752,0.1391,0.0,-1.0,-0.7075,0.6237,-0.0057,0.0,0,0,0,open-meteo-real
1990-06-25,6,24.6,100.3,25.6,26.53,27.42,0.4021,0.4022,0.5555,0.1236,0.0,-1.0,-0.8462,0.9514,-0.0073,0.0,0,0,0,open-meteo-real
1990-07-02,7,25.6,114.5,22.6,26.88,27.13,0.3977,0.3954,0.5544,0.1342,-0.5,-0.866,-0.68,1.0436,-0.0045,0.0,0,0,0,open-meteo-real
1990-07-09,7,22.6,206.8,18.4,25.83,26.42,0.379,0.377,0.5399,0.12,-0.5,-0.866,-0.7175,2.1351,-0.0186,0.0,0,1,0,open-meteo-real
1990-07-16,7,18.4,290.6,35.3,25.73,26.15,0.3831,0.3773,0.531,0.1183,-0.5,-0.866,-0.77,3.6851,0.0041,0.0,0,0,0,open-meteo-real
1990-07-23,7,35.3,308.7,45.0,26.13,25.9,0.4017,0.3958,0.5624,0.1463,-0.5,-0.866,-0.5588,2.0405,0.0186,0.0,0,0,0,open-meteo-real
1990-07-30,7,45.0,361.2,134.5,26.13,26.0,0.4121,0.4084,0.5797,0.1623,-0.5,-0.866,-0.4375,1.8729,0.0104,0.0,0,0,0,open-meteo-real
1990-08-06,8,134.5,368.5,81.6,25.53,25.93,0.4174,0.4112,0.5615,0.2281,-0.866,-0.5,0.345,0.6393,0.0053,0.0,0,0,0,open-meteo-real
1990-08-13,8,81.6,271.0,89.2,26.18,25.95,0.4142,0.412,0.5711,0.1838,-0.866,-0.5,-0.184,0.7749,-0.0032,0.0,0,0,0,open-meteo-real
1990-08-20,8,89.2,255.4,56.4,26.58,26.1,0.4098,0.407,0.5665,0.1872,-0.866,-0.5,-0.108,0.6681,-0.0044,0.0,0,0,0,open-meteo-real
1990-08-27,8,56.4,214.8,22.9,26.58,26.45,0.4177,0.4201,0.5752,0.1658,-0.866,-0.5,-0.436,0.8887,0.0079,0.0,0,0,0,open-meteo-real
1990-09-03,9,22.9,247.7,71.4,26.48,26.55,0.4045,0.405,0.584,0.1229,-1.0,-0.0,-0.8728,2.5239,-0.0133,0.0,0,0,0,open-meteo-real
1990-09-10,9,71.4,271.5,46.0,26.83,26.63,0.4173,0.4189,0.5895,0.1521,-1.0,-0.0,-0.6033,0.8873,0.0128,0.0,0,0,0,open-meteo-real
1990-09-17,9,46.0,269.2,92.7,26.78,26.7,0.4159,0.4163,0.5983,0.14,-1.0,-0.0,-0.7444,1.3655,-0.0014,0.0,0,0,0,open-meteo-real
1990-09-24,9,92.7,290.5,54.5,27.08,26.9,0.4181,0.4197,0.584,0.1621,-1.0,-0.0,-0.485,0.7312,0.0022,0.0,0,0,0,open-meteo-real
1990-10-01,10,54.5,260.9,65.8,27.23,27.03,0.4131,0.4125,0.5862,0.1396,-0.866,0.5,-0.7275,1.117,-0.005,0.0,0,0,0,open-meteo-real
1990-10-08,10,65.8,256.9,57.9,27.18,27.17,0.4157,0.4157,0.5923,0.1458,-0.866,0.5,-0.671,0.911,0.0027,0.0,0,0,0,open-meteo-real
1990-10-15,10,57.9,249.7,65.5,27.43,27.28,0.4153,0.4194,0.5899,0.1424,-0.866,0.5,-0.7105,1.0063,-0.0004,0.0,0,0,0,open-meteo-real
1990-10-22,10,65.5,241.6,61.1,27.78,27.47,0.411,0.4094,0.5849,0.1428,-0.866,0.5,-0.6725,0.8607,-0.0043,0.0,0,0,0,open-meteo-real
1990-10-29,10,61.1,245.5,58.4,27.88,27.7,0.4145,0.4141,0.5799,0.1431,-0.866,0.5,-0.6945,0.9375,0.0035,0.0,0,0,0,open-meteo-real
1990-11-05,11,58.4,229.4,42.6,27.83,27.83,0.4151,0.4199,0.5968,0.1502,-0.5,0.866,-0.6107,0.9166,0.0006,0.0,0,0,0,open-meteo-real
1990-11-12,11,42.6,234.5,49.1,27.93,27.88,0.4136,0.4167,0.6018,0.1409,-0.5,0.866,-0.716,1.2844,-0.0015,0.0,0,0,0,open-meteo-real
1990-11-19,11,49.1,256.2,57.9,28.18,27.98,0.4138,0.4153,0.5854,0.1445,-0.5,0.866,-0.6727,1.2175,0.0001,0.0,0,0,0,open-meteo-real
1990-11-26,11,57.9,262.2,58.9,28.43,28.18,0.4087,0.4152,0.5866,0.1461,-0.5,0.866,-0.614,1.0566,-0.0051,0.0,0,0,0,open-meteo-real
1990-12-03,12,58.9,229.6,78.9,28.28,28.3,0.4145,0.4159,0.582,0.2129,-0.0,1.0,0.178,0.9096,0.0057,0.0,0,0,0,open-meteo-real
1990-12-10,12,78.9,179.0,61.3,27.88,28.2,0.413,0.4161,0.5793,0.2441,-0.0,1.0,0.578,0.5294,-0.0014,0.0,0,0,0,open-meteo-real
1990-12-17,12,61.3,118.6,23.4,28.13,28.1,0.4109,0.4104,0.5822,0.2146,-0.0,1.0,0.226,0.4514,-0.0022,0.0,0,0,0,open-meteo-real
1990-12-24,12,23.4,84.6,13.0,28.33,28.12,0.4016,0.4002,0.579,0.1484,-0.0,1.0,-0.532,0.8436,-0.0093,0.0,0,0,0,open-meteo-real
1990-12-31,12,13.0,76.6,15.7,28.08,28.18,0.394,0.3941,0.5796,0.1272,-0.0,1.0,-0.74,1.3749,-0.0076,0.0,0,0,0,open-meteo-real
1991-01-07,1,15.7,83.0,29.5,28.48,28.3,0.3831,0.3794,0.5688,0.1417,0.5,0.866,-0.4767,1.2335,-0.011,0.0,0,0,0,open-meteo-real
1991-01-14,1,29.5,100.1,17.4,28.43,28.33,0.3887,0.3791,0.5661,0.1819,0.5,0.866,-0.0167,0.7918,0.0056,0.0,0,0,0,open-meteo-real
1991-01-21,1,17.4,104.4,13.0,28.78,28.57,0.3999,0.3953,0.5857,0.1563,0.5,0.866,-0.42,1.4,0.0112,0.0,0,0,0,open-meteo-real
1991-01-28,1,13.0,130.5,34.2,28.48,28.57,0.3768,0.3722,0.5699,0.1307,0.5,0.866,-0.5667,2.3423,-0.0231,0.0,0,0,0,open-meteo-real
1991-02-04,2,34.2,141.6,28.7,28.93,28.73,0.3937,0.3825,0.5686,0.161,0.866,0.5,-0.316,0.9661,0.0169,0.0,0,0,0,open-meteo-real
1991-02-11,2,28.7,139.9,42.1,28.73,28.72,0.4024,0.3968,0.5825,0.1574,0.866,0.5,-0.426,1.1374,0.0087,0.0,0,0,0,open-meteo-real
1991-02-18,2,42.1,173.1,31.8,28.98,28.88,0.4111,0.4095,0.5871,0.184,0.866,0.5,-0.158,0.9594,0.0086,0.0,0,0,0,open-meteo-real
1991-02-25,2,31.8,174.6,31.8,29.03,28.92,0.4024,0.4076,0.5942,0.1623,0.866,0.5,-0.364,1.2811,-0.0087,0.0,0,0,0,open-meteo-real
1991-03-04,3,31.8,207.2,61.9,29.23,29.08,0.3993,0.4003,0.5854,0.1308,1.0,0.0,-0.735,1.5203,-0.0031,0.0,0,0,0,open-meteo-real
1991-03-11,3,61.9,244.8,30.0,29.18,29.15,0.4079,0.4146,0.5998,0.156,1.0,0.0,-0.4842,0.9228,0.0086,0.0,0,0,0,open-meteo-real
1991-03-18,3,30.0,266.8,51.9,29.23,29.22,0.4012,0.4017,0.5951,0.1307,1.0,0.0,-0.75,2.0751,-0.0067,0.0,0,0,0,open-meteo-real
1991-03-25,3,51.9,307.6,72.7,29.23,29.22,0.4028,0.4021,0.5965,0.1463,1.0,0.0,-0.5675,1.3829,0.0017,0.0,0,0,0,open-meteo-real
1991-04-01,4,72.7,349.4,97.1,28.63,29.03,0.4093,0.4114,0.5861,0.1479,0.866,-0.5,-0.5961,1.1214,0.0065,0.0,0,0,0,open-meteo-real
1991-04-08,4,97.1,330.8,75.4,29.23,29.03,0.418,0.421,0.5938,0.1639,0.866,-0.5,-0.4606,0.7949,0.0087,0.0,0,0,0,open-meteo-real
1991-04-15,4,75.4,290.9,73.9,29.08,28.98,0.4086,0.4132,0.6008,0.1487,0.866,-0.5,-0.5811,0.9002,-0.0093,0.0,0,0,0,open-meteo-real
1991-04-22,4,73.9,291.7,72.7,29.33,29.22,0.4106,0.4108,0.5971,0.1492,0.866,-0.5,-0.5894,0.921,0.002,0.0,0,0,0,open-meteo-real
1991-04-29,4,72.7,343.7,37.8,34.83,31.08,0.4105,0.4124,0.5918,0.1486,0.866,-0.5,-0.5961,1.1031,-0.0001,0.0,0,0,0,open-meteo-real
1991-05-06,5,37.8,349.8,89.9,29.28,31.15,0.4078,0.4092,0.5972,0.1298,0.5,-0.866,-0.811,2.1593,-0.0028,0.0,0,0,0,open-meteo-real
1991-05-13,5,89.9,355.7,96.7,29.28,31.13,0.4192,0.4218,0.582,0.1575,0.5,-0.866,-0.5505,0.9232,0.0114,0.0,0,0,0,open-meteo-real
1991-05-20,5,96.7,325.7,100.0,27.88,28.82,0.4195,0.4191,0.5745,0.1604,0.5,-0.866,-0.5165,0.7859,0.0003,0.0,0,0,0,open-meteo-real
1991-05-27,5,100.0,280.1,61.2,28.68,28.62,0.4145,0.4184,0.586,0.1587,0.5,-0.866,-0.5,0.6536,-0.005,0.0,0,0,0,open-meteo-real
1991-06-03,6,61.2,205.0,49.3,28.38,28.32,0.416,0.4185,0.5888,0.1502,0.0,-1.0,-0.6175,0.7816,0.0015,0.0,0,0,0,open-meteo-real
1991-06-10,6,49.3,168.3,64.7,27.48,28.18,0.412,0.4121,0.5764,0.1419,0.0,-1.0,-0.6919,0.7966,-0.004,0.0,0,0,0,open-meteo-real
1991-06-17,6,64.7,155.0,19.8,27.53,27.8,0.4133,0.4185,0.5911,0.1503,0.0,-1.0,-0.5956,0.559,0.0013,0.0,0,0,0,open-meteo-real
1991-06-24,6,19.8,142.4,24.1,27.28,27.43,0.3943,0.3956,0.5594,0.1165,0.0,-1.0,-0.8763,1.6781,-0.019,0.0,0,0,0,open-meteo-real
1991-07-01,7,24.1,171.4,41.5,26.93,27.25,0.3957,0.3928,0.5751,0.1315,-0.5,-0.866,-0.6988,1.6595,0.0014,0.0,0,0,0,open-meteo-real
1991-07-08,7,41.5,181.2,48.8,26.48,26.9,0.4016,0.3995,0.5675,0.1525,-0.5,-0.866,-0.4813,1.0188,0.0059,0.0,0,0,0,open-meteo-real
1991-07-15,7,48.8,172.2,46.2,26.48,26.63,0.3957,0.3942,0.5655,0.1562,-0.5,-0.866,-0.39,0.8234,-0.0059,0.0,0,0,0,open-meteo-real
1991-07-22,7,46.2,222.5,37.5,26.58,26.52,0.4122,0.4141,0.5907,0.1635,-0.5,-0.866,-0.4225,1.1237,0.0166,0.0,0,0,0,open-meteo-real
1991-07-29,7,37.5,237.2,32.2,26.03,26.37,0.4036,0.408,0.5786,0.1497,-0.5,-0.866,-0.5312,1.4759,-0.0086,0.0,0,0,0,open-meteo-real
1991-08-05,8,32.2,372.1,85.0,26.38,26.33,0.3909,0.3843,0.5612,0.1303,-0.866,-0.5,-0.678,2.6964,-0.0127,0.0,0,0,0,open-meteo-real
1991-08-12,8,85.0,418.8,76.5,26.58,26.33,0.4182,0.4191,0.5811,0.1889,-0.866,-0.5,-0.15,1.1496,0.0273,0.0,0,0,0,open-meteo-real
1991-08-19,8,76.5,394.8,22.3,26.33,26.43,0.4155,0.415,0.5653,0.1805,-0.866,-0.5,-0.235,1.2042,-0.0027,0.0,0,0,0,open-meteo-real
1991-08-26,8,22.3,377.7,224.9,26.43,26.45,0.3963,0.3937,0.581,0.1256,-0.866,-0.5,-0.777,3.952,-0.0192,0.0,0,0,0,open-meteo-real
1991-09-02,9,224.9,419.5,60.4,26.58,26.45,0.4078,0.4033,0.5698,0.2146,-1.0,-0.0,0.2494,0.4352,0.0115,0.0,0,0,0,open-meteo-real
1991-09-09,9,60.4,250.7,51.2,26.58,26.53,0.4124,0.408,0.5767,0.1443,-1.0,-0.0,-0.6644,0.9685,0.0046,0.0,0,0,0,open-meteo-real
1991-09-16,9,51.2,262.8,68.2,26.83,26.67,0.4132,0.4154,0.5962,0.1407,-1.0,-0.0,-0.7156,1.1977,0.0007,0.0,0,0,0,open-meteo-real
1991-09-23,9,68.2,284.0,50.0,26.93,26.78,0.4177,0.4206,0.5794,0.1509,-1.0,-0.0,-0.6211,0.9717,0.0045,0.0,0,0,0,open-meteo-real
1991-09-30,9,50.0,283.6,63.9,26.83,26.87,0.4149,0.4149,0.593,0.1412,-1.0,-0.0,-0.7222,1.3235,-0.0028,0.0,0,0,0,open-meteo-real
1991-10-07,10,63.9,281.6,75.3,26.68,26.82,0.4172,0.4181,0.5853,0.1459,-0.866,0.5,-0.6805,1.0283,0.0023,0.0,0,0,0,open-meteo-real
1991-10-14,10,75.3,267.5,67.5,26.23,26.58,0.418,0.4154,0.59,0.1509,-0.866,0.5,-0.6235,0.8289,0.0008,0.0,0,0,0,open-meteo-real
1991-10-21,10,67.5,254.4,59.7,27.28,26.73,0.4169,0.4223,0.6034,0.1471,-0.866,0.5,-0.6625,0.8794,-0.0011,0.0,0,0,0,open-meteo-real
1991-10-28,10,59.7,237.2,48.7,27.33,26.95,0.4157,0.4186,0.5944,0.1433,-0.866,0.5,-0.7015,0.9271,-0.0012,0.0,0,0,0,open-meteo-real
1991-11-04,11,48.7,229.0,59.9,27.78,27.47,0.4127,0.4174,0.5932,0.1436,-0.5,0.866,-0.6753,1.0972,-0.003,0.0,0,0,0,open-meteo-real
1991-11-11,11,59.9,209.3,60.3,27.48,27.53,0.4154,0.4142,0.5926,0.1512,-0.5,0.866,-0.6007,0.8153,0.0027,0.0,0,0,0,open-meteo-real
1991-11-18,11,60.3,161.7,55.8,27.93,27.73,0.4136,0.4152,0.5907,0.1503,-0.5,0.866,-0.598,0.6257,-0.0018,0.0,0,0,0,open-meteo-real
1991-11-25,11,55.8,114.4,28.5,27.63,27.68,0.4168,0.4207,0.5927,0.1499,-0.5,0.866,-0.628,0.4784,0.0033,0.0,0,0,0,open-meteo-real
1991-12-02,12,28.5,66.3,14.9,27.58,27.72,0.398,0.3946,0.5719,0.1544,-0.0,1.0,-0.43,0.5428,-0.0189,0.0,0,0,0,open-meteo-real
1991-12-09,12,14.9,39.6,7.8,28.28,27.83,0.3899,0.3879,0.5728,0.1278,-0.0,1.0,-0.702,0.6201,-0.008,0.0,0,0,0,open-meteo-real
1991-12-16,12,7.8,26.0,10.4,28.08,27.98,0.3812,0.3772,0.5662,0.1112,-0.0,1.0,-0.844,0.7778,-0.0087,0.0,0,0,0,open-meteo-real
1991-12-23,12,10.4,29.1,6.5,27.78,28.05,0.3738,0.3682,0.5615,0.1109,-0.0,1.0,-0.792,0.6529,-0.0075,0.0,0,0,0,open-meteo-real
1991-12-30,12,6.5,43.8,1.3,28.63,28.17,0.3581,0.3558,0.5575,0.0953,-0.0,1.0,-0.87,1.5723,-0.0156,0.0,0,0,0,open-meteo-real
1992-01-06,1,1.3,68.0,7.7,28.08,28.17,0.3128,0.3239,0.5347,0.0611,0.5,0.866,-0.9567,5.0,-0.0454,0.0,0,1,0,open-meteo-real
1992-01-13,1,7.7,75.9,25.7,28.48,28.4,0.3171,0.3058,0.5114,0.0808,0.5,0.866,-0.7433,2.3,0.0043,0.0,0,1,0,open-meteo-real
1992-01-20,1,25.7,73.7,31.3,28.48,28.35,0.3659,0.3364,0.5307,0.1581,0.5,0.866,-0.1433,0.6691,0.0488,0.0,0,1,0,open-meteo-real
1992-01-27,1,31.3,64.5,10.7,28.78,28.58,0.3831,0.367,0.5564,0.1833,0.5,0.866,0.0433,0.4808,0.0171,0.0,0,0,0,open-meteo-real
1992-02-03,2,10.7,44.6,5.2,29.33,28.87,0.3786,0.3734,0.5712,0.1143,0.866,0.5,-0.786,0.9726,-0.0044,0.0,0,0,0,open-meteo-real
1992-02-10,2,5.2,66.6,13.2,28.88,29.0,0.3542,0.3482,0.5551,0.0909,0.866,0.5,-0.896,2.9885,-0.0244,0.0,0,0,0,open-meteo-real
1992-02-17,2,13.2,130.4,10.4,28.63,28.95,0.3532,0.3361,0.5437,0.103,0.866,0.5,-0.736,2.3051,-0.0011,0.0,0,1,0,open-meteo-real
1992-02-24,2,10.4,186.9,13.9,28.98,28.83,0.3498,0.3363,0.5452,0.0965,0.866,0.5,-0.792,4.1933,-0.0033,0.0,0,0,0,open-meteo-real
1992-03-02,3,13.9,282.1,68.7,29.58,29.07,0.3485,0.3291,0.5408,0.0884,1.0,0.0,-0.8842,4.7355,-0.0014,0.0,0,1,0,open-meteo-real
1992-03-09,3,68.7,320.4,87.1,29.08,29.22,0.4078,0.3937,0.571,0.1605,1.0,0.0,-0.4275,1.0882,0.0593,0.0,0,0,0,open-meteo-real
1992-03-16,3,87.1,286.4,92.6,28.18,28.95,0.4189,0.4186,0.5979,0.1794,1.0,0.0,-0.2742,0.7672,0.0111,0.0,0,0,0,open-meteo-real
1992-03-23,3,92.6,248.0,63.8,30.28,29.18,0.4115,0.4156,0.5881,0.1787,1.0,0.0,-0.2283,0.6249,-0.0074,0.0,0,0,0,open-meteo-real
1992-03-30,3,63.8,205.1,32.7,29.23,29.23,0.4074,0.4093,0.5867,0.157,1.0,0.0,-0.4683,0.7501,-0.0041,0.0,0,0,0,open-meteo-real
1992-04-06,4,32.7,203.3,50.2,29.03,29.52,0.4025,0.3975,0.5966,0.126,0.866,-0.5,-0.8183,1.4507,-0.005,0.0,0,0,0,open-meteo-real
1992-04-13,4,50.2,213.2,37.6,29.08,29.12,0.4099,0.4146,0.5953,0.1382,0.866,-0.5,-0.7211,0.991,0.0074,0.0,0,0,0,open-meteo-real
1992-04-20,4,37.6,222.6,72.3,29.23,29.12,0.4021,0.4025,0.5863,0.128,0.866,-0.5,-0.7911,1.3814,-0.0078,0.0,0,0,0,open-meteo-real
1992-04-27,4,72.3,236.0,30.8,28.43,28.92,0.4184,0.4199,0.5919,0.1532,0.866,-0.5,-0.5983,0.7616,0.0163,0.0,0,0,0,open-meteo-real
1992-05-04,5,30.8,220.9,51.9,28.63,28.77,0.4027,0.4051,0.5936,0.124,0.5,-0.866,-0.846,1.6735,-0.0157,0.0,0,0,0,open-meteo-real
1992-05-11,5,51.9,268.7,63.0,28.38,28.48,0.4111,0.4137,0.5932,0.1374,0.5,-0.866,-0.7405,1.208,0.0084,0.0,0,0,0,open-meteo-real
1992-05-18,5,63.0,269.8,49.7,28.08,28.37,0.4068,0.4038,0.5767,0.1393,0.5,-0.866,-0.685,0.9993,-0.0043,0.0,0,0,0,open-meteo-real
1992-05-25,5,49.7,256.7,66.8,27.83,28.1,0.4108,0.4116,0.5859,0.1363,0.5,-0.866,-0.7515,1.2052,0.004,0.0,0,0,0,open-meteo-real
1992-06-01,6,66.8,223.5,71.1,27.68,27.87,0.4205,0.4232,0.5849,0.1557,0.0,-1.0,-0.5825,0.7807,0.0098,0.0,0,0,0,open-meteo-real
1992-06-08,6,71.1,228.5,64.1,26.83,27.45,0.4113,0.408,0.5759,0.1523,0.0,-1.0,-0.5556,0.7499,-0.0092,0.0,0,0,0,open-meteo-real
1992-06-15,6,64.1,210.2,19.5,26.98,27.17,0.4158,0.4148,0.5843,0.1515,0.0,-1.0,-0.5994,0.7652,0.0045,0.0,0,0,0,open-meteo-real
1992-06-22,6,19.5,185.3,61.1,26.78,26.87,0.3973,0.3992,0.5665,0.1181,0.0,-1.0,-0.8781,2.2173,-0.0185,0.0,0,0,0,open-meteo-real
1992-06-29,6,61.1,188.5,57.9,26.33,26.7,0.4014,0.3953,0.5554,0.1414,0.0,-1.0,-0.6181,0.7199,0.004,0.0,0,0,0,open-meteo-real
1992-07-06,7,57.9,165.2,41.5,25.73,26.28,0.4174,0.4166,0.5736,0.1783,-0.5,-0.866,-0.2763,0.6657,0.016,0.0,0,0,0,open-meteo-real
1992-07-13,7,41.5,147.1,16.4,25.98,26.02,0.4083,0.4103,0.5722,0.1565,-0.5,-0.866,-0.4812,0.8271,-0.0092,0.0,0,0,0,open-meteo-real
1992-07-20,7,16.4,130.3,25.9,25.88,25.87,0.3927,0.3948,0.5571,0.122,-0.5,-0.866,-0.795,1.8539,-0.0155,0.0,0,0,0,open-meteo-real
1992-07-27,7,25.9,131.0,54.5,25.63,25.83,0.3927,0.3887,0.5538,0.1315,-0.5,-0.866,-0.6763,1.1802,-0.0,0.0,0,0,0,open-meteo-real
1992-08-03,8,54.5,150.0,24.4,25.63,25.72,0.4127,0.4111,0.578,0.1612,-0.866,-0.5,-0.455,0.6422,0.02,0.0,0,0,0,open-meteo-real
1992-08-10,8,24.4,164.4,20.2,25.23,25.5,0.3991,0.399,0.5528,0.129,-0.866,-0.5,-0.756,1.5721,-0.0136,0.0,0,0,0,open-meteo-real
1992-08-17,8,20.2,187.1,36.1,25.48,25.45,0.3939,0.393,0.559,0.1225,-0.866,-0.5,-0.798,2.1612,-0.0052,0.0,0,0,0,open-meteo-real
1992-08-24,8,36.1,239.0,65.8,25.68,25.47,0.4016,0.3951,0.5477,0.1399,-0.866,-0.5,-0.639,1.5448,0.0078,0.0,0,1,0,open-meteo-real
1992-08-31,8,65.8,257.0,46.2,25.28,25.48,0.4173,0.4153,0.5573,0.173,-0.866,-0.5,-0.342,0.9113,0.0156,0.0,0,0,0,open-meteo-real
1992-09-07,9,46.2,248.6,83.1,26.13,25.7,0.4148,0.4177,0.59,0.1394,-1.0,-0.0,-0.7433,1.2556,-0.0025,0.0,0,0,0,open-meteo-real
1992-09-14,9,83.1,259.4,37.5,26.48,25.97,0.4153,0.4162,0.5789,0.1561,-1.0,-0.0,-0.5383,0.7284,0.0005,0.0,0,0,0,open-meteo-real
1992-09-21,9,37.5,275.5,52.4,26.53,26.38,0.4129,0.4118,0.5927,0.1344,-1.0,-0.0,-0.7917,1.7142,-0.0024,0.0,0,0,0,open-meteo-real
1992-09-28,9,52.4,320.7,80.4,26.48,26.5,0.417,0.4173,0.5941,0.1435,-1.0,-0.0,-0.7089,1.4281,0.0041,0.0,0,0,0,open-meteo-real
1992-10-05,10,80.4,316.0,91.2,26.33,26.45,0.4176,0.4154,0.5788,0.1527,-0.866,0.5,-0.598,0.9171,0.0005,0.0,0,0,0,open-meteo-real
1992-10-12,10,91.2,298.9,66.7,26.23,26.35,0.4162,0.4138,0.5764,0.1562,-0.866,0.5,-0.544,0.7647,-0.0014,0.0,0,0,0,open-meteo-real
1992-10-19,10,66.7,267.7,61.7,26.68,26.42,0.4196,0.422,0.5936,0.1484,-0.866,0.5,-0.6665,0.9365,0.0034,0.0,0,0,0,open-meteo-real
1992-10-26,10,61.7,236.4,55.7,27.58,26.83,0.4131,0.4181,0.598,0.1426,-0.866,0.5,-0.6915,0.894,-0.0065,0.0,0,0,0,open-meteo-real
1992-11-02,11,55.7,198.2,70.3,27.43,27.23,0.4145,0.4179,0.5955,0.1484,-0.5,0.866,-0.6287,0.8303,0.0014,0.0,0,0,0,open-meteo-real
1992-11-09,11,70.3,214.4,41.0,27.48,27.5,0.418,0.4206,0.595,0.1583,-0.5,0.866,-0.5313,0.7116,0.0035,0.0,0,0,0,open-meteo-real
1992-11-16,11,41.0,177.1,27.1,27.53,27.48,0.4154,0.4177,0.596,0.1411,-0.5,0.866,-0.7267,1.0079,-0.0026,0.0,0,0,0,open-meteo-real
1992-11-23,11,27.1,160.9,50.5,28.43,27.82,0.4067,0.4106,0.5934,0.1285,-0.5,0.866,-0.8193,1.3854,-0.0087,0.0,0,0,0,open-meteo-real
1992-11-30,11,50.5,169.3,49.5,30.83,28.93,0.4064,0.406,0.5839,0.1408,-0.5,0.866,-0.6633,0.7822,-0.0003,0.0,0,0,0,open-meteo-real
1992-12-07,12,49.5,180.4,31.9,27.78,29.02,0.4095,0.4146,0.5852,0.1949,-0.0,1.0,-0.01,0.8504,0.0031,0.0,0,0,0,open-meteo-real
1992-12-14,12,31.9,171.2,18.8,28.03,28.88,0.407,0.408,0.5898,0.1652,-0.0,1.0,-0.362,1.2522,-0.0025,0.0,0,0,0,open-meteo-real
1992-12-21,12,18.8,158.0,63.1,28.08,27.97,0.3884,0.3867,0.5727,0.1331,-0.0,1.0,-0.624,1.961,-0.0186,0.0,0,0,0,open-meteo-real
1992-12-28,12,63.1,149.2,49.8,28.73,28.28,0.41,0.414,0.5846,0.2169,-0.0,1.0,0.262,0.5517,0.0216,0.0,0,0,0,open-meteo-real
1993-01-04,1,49.8,110.5,25.8,28.03,28.28,0.4096,0.4122,0.5747,0.2486,0.5,0.866,0.66,0.5177,-0.0003,0.0,0,0,0,open-meteo-real
1993-01-11,1,25.8,72.2,6.4,27.83,28.2,0.3941,0.389,0.5715,0.1752,0.5,0.866,-0.14,0.653,-0.0156,0.0,0,0,0,open-meteo-real
1993-01-18,1,6.4,74.5,18.6,28.38,28.08,0.3761,0.3813,0.581,0.1127,0.5,0.866,-0.7867,2.7161,-0.018,0.0,0,0,0,open-meteo-real
1993-01-25,1,18.6,102.3,20.1,28.23,28.15,0.3839,0.3737,0.5641,0.1499,0.5,0.866,-0.38,1.2833,0.0077,0.0,0,0,0,open-meteo-real
1993-02-01,2,20.1,133.5,19.8,28.28,28.3,0.3935,0.3891,0.5787,0.1382,0.866,0.5,-0.598,1.5498,0.0096,0.0,0,0,0,open-meteo-real
1993-02-08,2,19.8,190.3,37.7,28.53,28.35,0.3749,0.3693,0.5671,0.1266,0.866,0.5,-0.604,2.2426,-0.0185,0.0,0,0,0,open-meteo-real
1993-02-15,2,37.7,224.5,40.6,28.18,28.33,0.4036,0.4014,0.5816,0.1725,0.866,0.5,-0.246,1.3895,0.0287,0.0,0,0,0,open-meteo-real
1993-02-22,2,40.6,225.8,85.8,28.63,28.45,0.4056,0.4063,0.5873,0.1783,0.866,0.5,-0.188,1.2977,0.0019,0.0,0,0,0,open-meteo-real
1993-03-01,3,85.8,223.9,41.3,28.53,28.45,0.4167,0.4206,0.5939,0.1772,1.0,0.0,-0.285,0.6089,0.0111,0.0,0,0,0,open-meteo-real
1993-03-08,3,41.3,186.1,48.5,28.93,28.7,0.4027,0.4053,0.5952,0.1392,1.0,0.0,-0.6558,1.0514,-0.014,0.0,0,0,0,open-meteo-real
1993-03-15,3,48.5,179.3,31.0,28.93,28.8,0.4143,0.4192,0.6027,0.1509,1.0,0.0,-0.5958,0.8626,0.0116,0.0,0,0,0,open-meteo-real
1993-03-22,3,31.0,164.8,56.1,28.83,28.9,0.4021,0.3993,0.5871,0.1319,1.0,0.0,-0.7417,1.2404,-0.0122,0.0,0,0,0,open-meteo-real
1993-03-29,3,56.1,225.9,31.7,29.08,28.95,0.4069,0.4098,0.5921,0.1515,1.0,0.0,-0.5325,0.9396,0.0048,0.0,0,0,0,open-meteo-real
1993-04-05,4,31.7,199.2,33.5,28.83,28.92,0.4032,0.4033,0.5966,0.126,0.866,-0.5,-0.8239,1.4662,-0.0036,0.0,0,0,0,open-meteo-real
1993-04-12,4,33.5,233.0,84.2,29.03,28.98,0.4091,0.4143,0.6018,0.1304,0.866,-0.5,-0.8139,1.6229,0.0059,0.0,0,0,0,open-meteo-real
1993-04-19,4,84.2,243.6,38.3,28.68,28.85,0.4115,0.4129,0.5864,0.1543,0.866,-0.5,-0.5322,0.6751,0.0024,0.0,0,0,0,open-meteo-real
1993-04-26,4,38.3,231.3,69.7,28.78,28.83,0.4053,0.4049,0.5865,0.1302,0.866,-0.5,-0.7872,1.4091,-0.0062,0.0,0,0,0,open-meteo-real
1993-05-03,5,69.7,271.1,37.2,28.88,28.78,0.4121,0.4139,0.5933,0.1451,0.5,-0.866,-0.6515,0.9076,0.0068,0.0,0,0,0,open-meteo-real
1993-05-10,5,37.2,265.6,64.4,28.83,28.83,0.4084,0.4155,0.603,0.1299,0.5,-0.866,-0.814,1.6659,-0.0037,0.0,0,0,0,open-meteo-real
1993-05-17,5,64.4,267.6,95.6,28.63,28.78,0.4127,0.4161,0.5935,0.1434,0.5,-0.866,-0.678,0.9696,0.0043,0.0,0,0,0,open-meteo-real
1993-05-24,5,95.6,264.2,54.4,27.83,28.43,0.414,0.4124,0.5765,0.1567,0.5,-0.866,-0.522,0.6448,0.0013,0.0,0,0,0,open-meteo-real
1993-05-31,5,54.4,225.0,46.7,27.58,28.02,0.4145,0.414,0.5815,0.1405,0.5,-0.866,-0.728,0.9651,0.0005,0.0,0,0,0,open-meteo-real
1993-06-07,6,46.7,233.4,37.7,27.58,27.67,0.4151,0.4168,0.5927,0.1424,0.0,-1.0,-0.7081,1.1662,0.0006,0.0,0,0,0,open-meteo-real
1993-06-14,6,37.7,295.1,65.5,27.23,27.47,0.394,0.3932,0.5611,0.1253,0.0,-1.0,-0.7644,1.8264,-0.0211,0.0,0,0,0,open-meteo-real
1993-06-21,6,65.5,383.8,73.0,27.23,27.35,0.418,0.4204,0.5853,0.1536,0.0,-1.0,-0.5906,1.3672,0.024,0.0,0,0,0,open-meteo-real
1993-06-28,6,73.0,422.7,107.8,26.53,27.0,0.418,0.4225,0.5878,0.1573,0.0,-1.0,-0.5437,1.3511,-0.0,0.0,0,0,0,open-meteo-real
1993-07-05,7,107.8,425.2,115.6,28.43,27.4,0.4199,0.4203,0.5793,0.2297,-0.5,-0.866,0.3475,0.9203,0.0019,0.0,0,0,0,open-meteo-real
1993-07-12,7,115.6,465.1,121.2,26.23,27.07,0.415,0.4167,0.5686,0.2346,-0.5,-0.866,0.445,0.9388,-0.0049,0.0,0,0,0,open-meteo-real
1993-07-19,7,121.2,401.8,37.5,25.93,26.87,0.4183,0.4202,0.5634,0.2422,-0.5,-0.866,0.515,0.7735,0.0032,0.0,0,0,0,open-meteo-real
1993-07-26,7,37.5,350.5,184.8,26.53,26.23,0.4088,0.404,0.5808,0.1528,-0.5,-0.866,-0.5312,2.1809,-0.0095,0.0,0,0,0,open-meteo-real
1993-08-02,8,184.8,371.8,47.8,25.83,26.1,0.4201,0.4246,0.567,0.2699,-0.866,-0.5,0.848,0.4694,0.0113,0.0,0,0,0,open-meteo-real
1993-08-09,8,47.8,214.6,48.0,26.48,26.28,0.4079,0.4056,0.5732,0.153,-0.866,-0.5,-0.522,1.0476,-0.0122,0.0,0,0,0,open-meteo-real
1993-08-16,8,48.0,215.2,79.2,26.83,26.38,0.4099,0.4098,0.5866,0.1543,-0.866,-0.5,-0.52,1.0461,0.002,0.0,0,0,0,open-meteo-real
1993-08-23,8,79.2,211.8,31.4,26.28,26.53,0.4174,0.421,0.5692,0.1838,-0.866,-0.5,-0.208,0.624,0.0076,0.0,0,0,0,open-meteo-real
1993-08-30,8,31.4,177.1,41.0,26.43,26.52,0.408,0.4108,0.5875,0.1399,-0.866,-0.5,-0.686,1.316,-0.0094,0.0,0,0,0,open-meteo-real
1993-09-06,9,41.0,189.3,50.4,27.08,26.6,0.4109,0.4094,0.5873,0.1348,-1.0,-0.0,-0.7722,1.0773,0.0029,0.0,0,0,0,open-meteo-real
1993-09-13,9,50.4,190.6,33.6,26.68,26.73,0.417,0.4206,0.5965,0.1426,-1.0,-0.0,-0.72,0.8824,0.0061,0.0,0,0,0,open-meteo-real
1993-09-20,9,33.6,184.4,41.9,27.18,26.98,0.4101,0.4124,0.5945,0.131,-1.0,-0.0,-0.8133,1.2806,-0.0069,0.0,0,0,0,open-meteo-real
1993-09-27,9,41.9,186.8,50.3,27.28,27.05,0.4146,0.4175,0.597,0.1374,-1.0,-0.0,-0.7672,1.0403,0.0046,0.0,0,0,0,open-meteo-real
1993-10-04,10,50.3,221.2,40.1,27.08,27.18,0.4129,0.4141,0.5926,0.1378,-0.866,0.5,-0.7485,1.0261,-0.0018,0.0,0,0,0,open-meteo-real
1993-10-11,10,40.1,220.6,45.5,27.48,27.28,0.4111,0.4107,0.5952,0.1327,-0.866,0.5,-0.7995,1.2836,-0.0018,0.0,0,0,0,open-meteo-real
1993-10-18,10,45.5,221.2,72.0,27.58,27.38,0.4118,0.4132,0.5949,0.1353,-0.866,0.5,-0.7725,1.1344,0.0007,0.0,0,0,0,open-meteo-real
1993-10-25,10,72.0,242.5,54.3,28.33,27.8,0.414,0.4179,0.5993,0.1472,-0.866,0.5,-0.64,0.7859,0.0023,0.0,0,0,0,open-meteo-real
1993-11-01,11,54.3,247.0,46.1,27.88,27.93,0.4111,0.411,0.5911,0.1456,-0.5,0.866,-0.638,1.0614,-0.0029,0.0,0,0,0,open-meteo-real
1993-11-08,11,46.1,261.5,59.7,28.08,28.1,0.4144,0.416,0.5926,0.1432,-0.5,0.866,-0.6927,1.3236,0.0033,0.0,0,0,0,open-meteo-real
1993-11-15,11,59.7,254.4,70.8,28.03,28.0,0.4117,0.4174,0.5853,0.1488,-0.5,0.866,-0.602,0.9943,-0.0028,0.0,0,0,0,open-meteo-real
1993-11-22,11,70.8,222.6,75.3,27.48,27.87,0.4147,0.4141,0.585,0.1566,-0.5,0.866,-0.528,0.7336,0.003,0.0,0,0,0,open-meteo-real
1993-11-29,11,75.3,194.0,39.7,29.53,28.35,0.4156,0.4204,0.5821,0.1595,-0.5,0.866,-0.498,0.6012,0.001,0.0,0,0,0,open-meteo-real
1993-12-06,12,39.7,143.0,24.1,28.38,28.47,0.4079,0.4068,0.5856,0.1783,-0.0,1.0,-0.206,0.8405,-0.0077,0.0,0,0,0,open-meteo-real
1993-12-13,12,24.1,134.3,29.2,28.43,28.78,0.4058,0.4066,0.5872,0.152,-0.0,1.0,-0.518,1.3003,-0.0021,0.0,0,0,0,open-meteo-real
1993-12-20,12,29.2,130.7,39.1,28.68,28.5,0.4031,0.4028,0.5846,0.1586,-0.0,1.0,-0.416,1.0444,-0.0026,0.0,0,0,0,open-meteo-real
1993-12-27,12,39.1,149.1,34.7,28.03,28.38,0.4087,0.4066,0.5738,0.1778,-0.0,1.0,-0.218,0.8898,0.0056,0.0,0,0,0,open-meteo-real
1994-01-03,1,34.7,144.2,24.0,28.03,28.25,0.4062,0.4059,0.59,0.2062,0.5,0.866,0.1567,0.9696,-0.0025,0.0,0,0,0,open-meteo-real
1994-01-10,1,24.0,154.1,36.2,27.98,28.02,0.4009,0.3977,0.579,0.1745,0.5,0.866,-0.2,1.4982,-0.0053,0.0,0,0,0,open-meteo-real
1994-01-17,1,36.2,145.8,37.9,27.88,27.97,0.4046,0.4042,0.581,0.2093,0.5,0.866,0.2067,0.9398,0.0037,0.0,0,0,0,open-meteo-real
1994-01-24,1,37.9,124.8,26.8,28.33,28.07,0.4118,0.4135,0.5977,0.2181,0.5,0.866,0.2633,0.7683,0.0072,0.0,0,0,0,open-meteo-real
1994-01-31,1,26.8,106.6,37.7,28.53,28.25,0.4051,0.411,0.5931,0.1845,0.5,0.866,-0.1067,0.9281,-0.0066,0.0,0,0,0,open-meteo-real
1994-02-07,2,37.7,117.2,19.8,28.53,28.47,0.3984,0.4022,0.5869,0.1694,0.866,0.5,-0.246,0.7254,-0.0067,0.0,0,0,0,open-meteo-real
1994-02-14,2,19.8,121.1,10.8,28.38,28.48,0.3839,0.3761,0.5765,0.132,0.866,0.5,-0.604,1.4271,-0.0145,0.0,0,0,0,open-meteo-real
1994-02-21,2,10.8,127.7,35.7,28.68,28.53,0.3738,0.3692,0.5729,0.1115,0.866,0.5,-0.784,2.759,-0.0101,0.0,0,0,0,open-meteo-real
1994-02-28,2,35.7,153.9,39.6,28.73,28.6,0.3981,0.3878,0.5833,0.166,0.866,0.5,-0.286,1.0059,0.0243,0.0,0,0,0,open-meteo-real
1994-03-07,3,39.6,189.8,36.8,28.83,28.75,0.4055,0.4069,0.5936,0.1397,1.0,0.0,-0.67,1.1184,0.0074,0.0,0,0,0,open-meteo-real
1994-03-14,3,36.8,226.9,34.3,28.93,28.83,0.4044,0.4068,0.5904,0.1372,1.0,0.0,-0.6933,1.4387,-0.0011,0.0,0,0,0,open-meteo-real
1994-03-21,3,34.3,231.6,58.5,29.48,29.08,0.4037,0.4109,0.6042,0.1351,1.0,0.0,-0.7142,1.5755,-0.0007,0.0,0,0,0,open-meteo-real
1994-03-28,3,58.5,236.5,70.8,29.33,29.25,0.4087,0.4086,0.5814,0.1542,1.0,0.0,-0.5125,0.9433,0.005,0.0,0,0,0,open-meteo-real
1994-04-04,4,70.8,268.4,57.7,28.98,29.27,0.4051,0.41,0.5865,0.1445,0.866,-0.5,-0.6067,0.8846,-0.0036,0.0,0,0,0,open-meteo-real
1994-04-11,4,57.7,248.2,34.1,29.03,29.12,0.4067,0.4057,0.5838,0.1397,0.866,-0.5,-0.6794,1.0037,0.0016,0.0,0,0,0,open-meteo-real
1994-04-18,4,34.1,256.8,77.7,28.93,28.98,0.408,0.4106,0.5986,0.13,0.866,-0.5,-0.8106,1.7572,0.0013,0.0,0,0,0,open-meteo-real
1994-04-25,4,77.7,293.9,57.0,28.73,28.9,0.4157,0.421,0.5971,0.1539,0.866,-0.5,-0.5683,0.8826,0.0077,0.0,0,0,0,open-meteo-real
1994-05-02,5,57.0,331.1,75.2,28.68,28.78,0.4069,0.4083,0.5899,0.1369,0.5,-0.866,-0.715,1.3554,-0.0088,0.0,0,0,0,open-meteo-real
1994-05-09,5,75.2,366.3,66.8,28.38,28.6,0.413,0.4181,0.5934,0.1479,0.5,-0.866,-0.624,1.1366,0.0062,0.0,0,0,0,open-meteo-real
1994-05-16,5,66.8,346.8,61.4,28.53,28.53,0.4166,0.4188,0.5951,0.1467,0.5,-0.866,-0.666,1.2114,0.0036,0.0,0,0,0,open-meteo-real
1994-05-23,5,61.4,342.0,125.1,28.43,28.45,0.4137,0.4122,0.5903,0.1428,0.5,-0.866,-0.693,1.2997,-0.003,0.0,0,0,0,open-meteo-real
1994-05-30,5,125.1,334.7,82.4,28.38,28.45,0.4189,0.422,0.5894,0.1714,0.5,-0.866,-0.3745,0.6243,0.0053,0.0,0,0,0,open-meteo-real
1994-06-06,6,82.4,338.1,51.7,27.13,27.98,0.418,0.4179,0.5716,0.162,0.0,-1.0,-0.485,0.9574,-0.0009,0.0,0,0,0,open-meteo-real
1994-06-13,6,51.7,297.1,57.7,27.28,27.6,0.4137,0.4132,0.5903,0.1441,0.0,-1.0,-0.6769,1.3409,-0.0043,0.0,0,0,0,open-meteo-real
1994-06-20,6,57.7,285.1,133.5,26.53,26.98,0.4138,0.4168,0.5765,0.1472,0.0,-1.0,-0.6394,1.1529,0.0002,0.0,0,0,0,open-meteo-real
1994-06-27,6,133.5,262.3,44.8,26.08,26.63,0.423,0.4198,0.5644,0.1905,0.0,-1.0,-0.1656,0.4585,0.0091,0.0,0,0,0,open-meteo-real
1994-07-04,7,44.8,142.0,23.7,26.33,26.32,0.4066,0.4087,0.5719,0.1588,-0.5,-0.866,-0.44,0.7396,-0.0163,0.0,0,0,0,open-meteo-real
1994-07-11,7,23.7,153.2,57.4,25.98,26.13,0.3934,0.3941,0.5579,0.1297,-0.5,-0.866,-0.7037,1.5083,-0.0132,0.0,0,0,0,open-meteo-real
1994-07-18,7,57.4,292.5,13.0,25.73,26.02,0.4013,0.3983,0.5463,0.1682,-0.5,-0.866,-0.2825,1.189,0.0079,0.0,0,0,0,open-meteo-real
1994-07-25,7,13.0,265.8,17.5,25.68,25.8,0.3896,0.3899,0.553,0.1168,-0.5,-0.866,-0.8375,4.7708,-0.0117,0.0,0,0,0,open-meteo-real
1994-08-01,8,17.5,319.1,152.5,25.83,25.75,0.3774,0.3703,0.5471,0.1105,-0.866,-0.5,-0.825,4.2547,-0.0122,0.0,0,0,0,open-meteo-real
1994-08-08,8,152.5,480.1,76.5,25.58,25.7,0.4159,0.4114,0.5509,0.2416,-0.866,-0.5,0.525,0.7346,0.0385,0.0,0,0,0,open-meteo-real
1994-08-15,8,76.5,406.9,53.4,25.98,25.8,0.4057,0.4023,0.5613,0.1746,-0.866,-0.5,-0.235,1.2411,-0.0103,0.0,0,0,0,open-meteo-real
1994-08-22,8,53.4,393.7,169.5,26.53,26.03,0.4039,0.4026,0.5733,0.1551,-0.866,-0.5,-0.466,1.7203,-0.0017,0.0,0,0,0,open-meteo-real
1994-08-29,8,169.5,409.1,73.0,26.23,26.25,0.4232,0.4231,0.5683,0.2595,-0.866,-0.5,0.695,0.5632,0.0193,0.0,0,0,0,open-meteo-real
1994-09-05,9,73.0,339.1,76.4,26.58,26.45,0.4176,0.4183,0.5827,0.153,-1.0,-0.0,-0.5944,1.0839,-0.0056,0.0,0,0,0,open-meteo-real
1994-09-12,9,76.4,344.5,63.9,27.03,26.62,0.4218,0.4229,0.5743,0.157,-1.0,-0.0,-0.5756,1.0521,0.0042,0.0,0,0,0,open-meteo-real
1994-09-19,9,63.9,339.8,104.4,26.68,26.77,0.4181,0.4225,0.5851,0.1493,-1.0,-0.0,-0.645,1.2408,-0.0037,0.0,0,0,0,open-meteo-real
1994-09-26,9,104.4,358.2,77.1,27.03,26.92,0.4231,0.426,0.5843,0.1702,-1.0,-0.0,-0.42,0.8006,0.005,0.0,0,0,0,open-meteo-real
1994-10-03,10,77.1,310.7,72.2,27.13,26.95,0.4198,0.4218,0.5837,0.1527,-0.866,0.5,-0.6145,0.9403,-0.0033,0.0,0,0,0,open-meteo-real
1994-10-10,10,72.2,332.7,72.0,27.38,27.18,0.4189,0.4228,0.5975,0.1502,-0.866,0.5,-0.639,1.0752,-0.0009,0.0,0,0,0,open-meteo-real
1994-10-17,10,72.0,334.3,81.4,27.68,27.4,0.4122,0.4192,0.5877,0.1461,-0.866,0.5,-0.64,1.0834,-0.0067,0.0,0,0,0,open-meteo-real
1994-10-24,10,81.4,313.2,95.0,27.08,27.38,0.4205,0.4216,0.5846,0.1549,-0.866,0.5,-0.593,0.8978,0.0083,0.0,0,0,0,open-meteo-real
1994-10-31,10,95.0,261.5,73.1,27.78,27.52,0.4172,0.4183,0.5916,0.1583,-0.866,0.5,-0.525,0.6423,-0.0033,0.0,0,0,0,open-meteo-real
1994-11-07,11,73.1,216.5,60.6,27.28,27.38,0.4188,0.4203,0.5871,0.1603,-0.5,0.866,-0.5127,0.6911,0.0017,0.0,0,0,0,open-meteo-real
1994-11-14,11,60.6,168.0,27.4,27.68,27.58,0.4178,0.4201,0.5902,0.153,-0.5,0.866,-0.596,0.6469,-0.0011,0.0,0,0,0,open-meteo-real
1994-11-21,11,27.4,121.9,47.5,28.23,27.73,0.4046,0.4065,0.5848,0.1274,-0.5,0.866,-0.8173,1.0381,-0.0132,0.0,0,0,0,open-meteo-real
1994-11-28,11,47.5,113.3,26.0,27.88,27.93,0.4057,0.4016,0.5795,0.1388,-0.5,0.866,-0.6833,0.5566,0.0011,0.0,0,0,0,open-meteo-real
1994-12-05,12,26.0,87.7,15.7,28.33,28.15,0.4043,0.4024,0.5864,0.1542,-0.0,1.0,-0.48,0.7871,-0.0015,0.0,0,0,0,open-meteo-real
1994-12-12,12,15.7,85.7,15.7,28.18,28.13,0.3849,0.3809,0.5706,0.1261,-0.0,1.0,-0.686,1.2737,-0.0194,0.0,0,0,0,open-meteo-real
1994-12-19,12,15.7,118.2,22.8,28.18,28.23,0.3813,0.3744,0.5673,0.1239,-0.0,1.0,-0.686,1.7567,-0.0036,0.0,0,0,0,open-meteo-real
1994-12-26,12,22.8,111.7,19.7,28.68,28.35,0.3925,0.3824,0.5653,0.142,-0.0,1.0,-0.544,1.1431,0.0112,0.0,0,0,0,open-meteo-real
1995-01-02,1,19.7,99.1,46.7,28.13,28.33,0.3915,0.3834,0.5634,0.1574,0.5,0.866,-0.3433,1.1738,-0.001,0.0,0,0,0,open-meteo-real
1995-01-09,1,46.7,124.6,20.6,28.63,28.48,0.4103,0.4069,0.5772,0.2407,0.5,0.866,0.5567,0.6226,0.0188,0.0,0,0,0,open-meteo-real
1995-01-16,1,20.6,116.4,8.1,28.18,28.32,0.4008,0.401,0.5886,0.1654,0.5,0.866,-0.3133,1.3184,-0.0095,0.0,0,0,0,open-meteo-real
1995-01-23,1,8.1,115.9,35.4,28.53,28.45,0.3785,0.3773,0.5734,0.1187,0.5,0.866,-0.73,3.3387,-0.0223,0.0,0,0,0,open-meteo-real
1995-01-30,1,35.4,131.0,44.7,28.68,28.47,0.3976,0.3958,0.5802,0.203,0.5,0.866,0.18,0.8635,0.0191,0.0,0,0,0,open-meteo-real
1995-02-06,2,44.7,111.7,24.2,28.88,28.7,0.4123,0.4158,0.597,0.1889,0.866,0.5,-0.106,0.5831,0.0147,0.0,0,0,0,open-meteo-real
1995-02-13,2,24.2,135.4,22.5,29.03,28.87,0.3981,0.4019,0.5873,0.1476,0.866,0.5,-0.516,1.3055,-0.0143,0.0,0,0,0,open-meteo-real
1995-02-20,2,22.5,173.8,17.0,28.63,28.85,0.3988,0.3933,0.5826,0.1453,0.866,0.5,-0.55,1.8024,0.0008,0.0,0,0,0,open-meteo-real
1995-02-27,2,17.0,189.2,59.1,29.03,28.9,0.3919,0.3905,0.5871,0.1324,0.866,0.5,-0.66,2.5969,-0.0069,0.0,0,0,0,open-meteo-real
1995-03-06,3,59.1,218.9,54.2,29.58,29.08,0.4044,0.4058,0.596,0.152,1.0,0.0,-0.5075,0.8642,0.0125,0.0,0,0,0,open-meteo-real
1995-03-13,3,54.2,202.4,33.5,29.03,29.22,0.4117,0.4152,0.5893,0.1532,1.0,0.0,-0.5483,0.8713,0.0074,0.0,0,0,0,open-meteo-real
1995-03-20,3,33.5,221.3,61.6,30.33,29.65,0.3944,0.3998,0.5892,0.129,1.0,0.0,-0.7208,1.5414,-0.0173,0.0,0,0,0,open-meteo-real
1995-03-27,3,61.6,299.4,47.9,29.88,29.75,0.4042,0.4036,0.5866,0.1536,1.0,0.0,-0.4867,1.1341,0.0098,0.0,0,0,0,open-meteo-real
1995-04-03,4,47.9,281.8,58.6,29.68,29.97,0.4086,0.4153,0.6044,0.1364,0.866,-0.5,-0.7339,1.3727,0.0043,0.0,0,0,0,open-meteo-real
1995-04-10,4,58.6,290.5,108.8,29.93,29.83,0.3983,0.4012,0.5937,0.135,0.866,-0.5,-0.6744,1.1567,-0.0102,0.0,0,0,0,open-meteo-real
1995-04-17,4,108.8,337.1,40.7,29.08,29.57,0.4142,0.4208,0.5886,0.1669,0.866,-0.5,-0.3956,0.7229,0.0158,0.0,0,0,0,open-meteo-real
1995-04-24,4,40.7,292.9,72.6,29.13,29.38,0.3999,0.3979,0.592,0.128,0.866,-0.5,-0.7739,1.6792,-0.0143,0.0,0,0,0,open-meteo-real
1995-05-01,5,72.6,306.6,88.6,28.88,29.03,0.4152,0.4185,0.5855,0.1481,0.5,-0.866,-0.637,0.9854,0.0153,0.0,0,0,0,open-meteo-real
1995-05-08,5,88.6,293.1,68.8,28.98,29.0,0.4097,0.4142,0.5873,0.1513,0.5,-0.866,-0.557,0.7719,-0.0054,0.0,0,0,0,open-meteo-real
1995-05-15,5,68.8,275.2,61.0,29.13,29.0,0.409,0.4129,0.6008,0.1429,0.5,-0.866,-0.656,0.9333,-0.0007,0.0,0,0,0,open-meteo-real
1995-05-22,5,61.0,242.7,45.7,28.23,28.78,0.4137,0.4168,0.5868,0.1426,0.5,-0.866,-0.695,0.9284,0.0047,0.0,0,0,0,open-meteo-real
1995-05-29,5,45.7,273.2,76.3,28.08,28.48,0.4118,0.4131,0.5878,0.1353,0.5,-0.866,-0.7715,1.3949,-0.0019,0.0,0,0,0,open-meteo-real
1995-06-05,6,76.3,298.2,52.2,27.98,28.1,0.4142,0.4144,0.5859,0.1567,0.0,-1.0,-0.5231,0.9119,0.0025,0.0,0,0,0,open-meteo-real
1995-06-12,6,52.2,267.1,82.6,27.98,28.02,0.4142,0.4178,0.58,0.1446,0.0,-1.0,-0.6738,1.1939,-0.0,0.0,0,0,0,open-meteo-real
1995-06-19,6,82.6,246.4,63.5,27.83,27.93,0.4102,0.4114,0.5829,0.1574,0.0,-1.0,-0.4838,0.696,-0.004,0.0,0,0,0,open-meteo-real
1995-06-26,6,63.5,248.3,56.7,30.93,28.92,0.416,0.4153,0.5884,0.1514,0.0,-1.0,-0.6031,0.9124,0.0058,0.0,0,0,0,open-meteo-real
1995-07-03,7,56.7,250.5,26.8,27.03,28.6,0.4076,0.4086,0.5707,0.1712,-0.5,-0.866,-0.2912,1.0309,-0.0084,0.0,0,0,0,open-meteo-real
1995-07-10,7,26.8,258.2,91.2,26.78,28.25,0.4065,0.4084,0.5809,0.1407,-0.5,-0.866,-0.665,2.248,-0.001,0.0,0,0,0,open-meteo-real
1995-07-17,7,91.2,279.0,65.4,26.38,26.73,0.413,0.4088,0.5715,0.209,-0.5,-0.866,0.14,0.7138,0.0065,0.0,0,0,0,open-meteo-real
1995-07-24,7,65.4,249.0,69.1,26.38,26.52,0.4101,0.4098,0.5644,0.1815,-0.5,-0.866,-0.1825,0.8884,-0.0029,0.0,0,0,0,open-meteo-real
1995-07-31,7,69.1,240.0,32.6,26.08,26.28,0.4153,0.4138,0.5668,0.1883,-0.5,-0.866,-0.1363,0.8104,0.0052,0.0,0,0,0,open-meteo-real
1995-08-07,8,32.6,232.5,65.5,26.63,26.37,0.4048,0.4043,0.5808,0.139,-0.866,-0.5,-0.674,1.6641,-0.0104,0.0,0,0,0,open-meteo-real
1995-08-14,8,65.5,275.1,66.0,26.93,26.55,0.418,0.4158,0.5897,0.1732,-0.866,-0.5,-0.345,0.98,0.0132,0.0,0,0,0,open-meteo-real
1995-08-21,8,66.0,259.5,44.8,26.63,26.73,0.415,0.4185,0.5881,0.1718,-0.866,-0.5,-0.34,0.9174,-0.003,0.0,0,0,0,open-meteo-real
1995-08-28,8,44.8,264.5,77.8,27.13,26.9,0.4091,0.4122,0.5927,0.1513,-0.866,-0.5,-0.552,1.3776,-0.0059,0.0,0,0,0,open-meteo-real
1995-09-04,9,77.8,334.8,60.6,26.83,26.87,0.4188,0.4193,0.5826,0.1559,-1.0,-0.0,-0.5678,1.0041,0.0097,0.0,0,0,0,open-meteo-real
1995-09-11,9,60.6,349.0,62.6,27.68,27.22,0.4133,0.4116,0.5857,0.1449,-1.0,-0.0,-0.6633,1.3438,-0.0056,0.0,0,0,0,open-meteo-real
1995-09-18,9,62.6,379.7,116.8,27.23,27.25,0.4166,0.4192,0.5944,0.1478,-1.0,-0.0,-0.6522,1.4153,0.0033,0.0,0,0,0,open-meteo-real
1995-09-25,9,116.8,379.7,82.5,27.43,27.45,0.4205,0.4216,0.5773,0.1742,-1.0,-0.0,-0.3511,0.7585,0.0039,0.0,0,0,0,open-meteo-real
1995-10-02,10,82.5,352.5,102.3,30.13,28.27,0.4166,0.421,0.5932,0.1529,-0.866,0.5,-0.5875,0.997,-0.0039,0.0,0,0,0,open-meteo-real
1995-10-09,10,102.3,341.8,57.0,27.88,28.48,0.4206,0.4232,0.5854,0.1633,-0.866,0.5,-0.4885,0.7796,0.004,0.0,0,0,0,open-meteo-real
1995-10-16,10,57.0,281.3,79.7,27.23,28.42,0.4172,0.4199,0.5894,0.1431,-0.866,0.5,-0.715,1.1515,-0.0034,0.0,0,0,0,open-meteo-real
1995-10-23,10,79.7,256.9,88.2,27.53,27.55,0.4154,0.4187,0.5804,0.1511,-0.866,0.5,-0.6015,0.7521,-0.0017,0.0,0,0,0,open-meteo-real
1995-10-30,10,88.2,213.4,50.4,27.38,27.38,0.4181,0.4171,0.5881,0.1561,-0.866,0.5,-0.559,0.5646,0.0027,0.0,0,0,0,open-meteo-real
1995-11-06,11,50.4,189.5,34.7,27.88,27.6,0.4143,0.4176,0.598,0.1454,-0.5,0.866,-0.664,0.8773,-0.0038,0.0,0,0,0,open-meteo-real
1995-11-13,11,34.7,180.2,31.6,27.68,27.65,0.4054,0.4083,0.5925,0.1317,-0.5,0.866,-0.7687,1.2117,-0.0089,0.0,0,0,0,open-meteo-real
1995-11-20,11,31.6,170.6,66.6,28.53,28.03,0.4058,0.4032,0.5861,0.1303,-0.5,0.866,-0.7893,1.2597,0.0004,0.0,0,0,0,open-meteo-real
1995-11-27,11,66.6,168.8,35.9,28.13,28.12,0.406,0.4035,0.5776,0.1491,-0.5,0.866,-0.556,0.5914,0.0002,0.0,0,0,0,open-meteo-real
1995-12-04,12,35.9,121.5,32.7,28.08,28.25,0.4091,0.4108,0.5909,0.1729,-0.0,1.0,-0.282,0.7897,0.0031,0.0,0,0,0,open-meteo-real
1995-12-11,12,32.7,102.7,29.7,28.68,28.3,0.405,0.4055,0.583,0.1653,-0.0,1.0,-0.346,0.7328,-0.0041,0.0,0,0,0,open-meteo-real
1995-12-18,12,29.7,89.7,18.0,28.18,28.32,0.4076,0.4102,0.5853,0.1621,-0.0,1.0,-0.406,0.7047,0.0026,0.0,0,0,0,open-meteo-real
1995-12-25,12,18.0,86.4,17.1,28.13,28.33,0.4002,0.4,0.5825,0.1389,-0.0,1.0,-0.64,1.12,-0.0074,0.0,0,0,0,open-meteo-real
1996-01-01,1,17.1,94.5,22.6,28.28,28.2,0.3905,0.3909,0.5779,0.1499,0.5,0.866,-0.43,1.2895,-0.0098,0.0,0,0,0,open-meteo-real
1996-01-08,1,22.6,121.5,20.8,27.78,28.07,0.3943,0.3869,0.5748,0.1668,0.5,0.866,-0.2467,1.2544,0.0038,0.0,0,0,0,open-meteo-real
1996-01-15,1,20.8,154.0,27.9,29.03,28.37,0.3902,0.3906,0.5779,0.1596,0.5,0.866,-0.3067,1.7276,-0.0041,0.0,0,0,0,open-meteo-real
1996-01-22,1,27.9,191.2,40.1,28.63,28.48,0.402,0.3976,0.5797,0.1856,0.5,0.866,-0.07,1.599,0.0118,0.0,0,0,0,open-meteo-real
1996-01-29,1,40.1,199.3,56.4,28.18,28.62,0.4062,0.4061,0.5865,0.2207,0.5,0.866,0.3367,1.1597,0.0042,0.0,0,0,0,open-meteo-real
1996-02-05,2,56.4,200.1,61.9,29.28,28.7,0.4144,0.4186,0.5978,0.2089,0.866,0.5,0.128,0.8278,0.0082,0.0,0,0,0,open-meteo-real
1996-02-12,2,61.9,215.6,24.0,28.43,28.63,0.4056,0.4044,0.5887,0.2124,0.866,0.5,0.238,0.8127,-0.0088,0.0,0,0,0,open-meteo-real
1996-02-19,2,24.0,211.5,50.3,28.83,28.85,0.3869,0.3776,0.5709,0.1406,0.866,0.5,-0.52,2.0563,-0.0187,0.0,0,0,0,open-meteo-real
1996-02-26,2,50.3,248.9,58.9,28.68,28.65,0.4117,0.4118,0.5933,0.1975,0.866,0.5,0.006,1.1546,0.0248,0.0,0,0,0,open-meteo-real
1996-03-04,3,58.9,253.7,72.7,29.38,28.97,0.4091,0.4125,0.5979,0.1547,1.0,0.0,-0.5092,1.005,-0.0026,0.0,0,0,0,open-meteo-real
1996-03-11,3,72.7,250.5,50.9,28.58,28.88,0.4132,0.4188,0.5978,0.1664,1.0,0.0,-0.3942,0.804,0.0041,0.0,0,0,0,open-meteo-real
1996-03-18,3,50.9,261.8,66.3,29.43,29.13,0.4008,0.4036,0.5869,0.1444,1.0,0.0,-0.5758,1.2001,-0.0123,0.0,0,0,0,open-meteo-real
1996-03-25,3,66.3,291.7,43.7,29.58,29.2,0.4007,0.4016,0.5882,0.1546,1.0,0.0,-0.4475,1.0266,-0.0002,0.0,0,0,0,open-meteo-real
1996-04-01,4,43.7,277.7,68.4,29.83,29.62,0.4048,0.41,0.5925,0.1323,0.866,-0.5,-0.7572,1.4828,0.0041,0.0,0,0,0,open-meteo-real
1996-04-08,4,68.4,295.1,84.4,28.98,29.47,0.4126,0.4176,0.5921,0.148,0.866,-0.5,-0.62,1.0067,0.0079,0.0,0,0,0,open-meteo-real
1996-04-15,4,84.4,275.4,65.9,28.93,29.25,0.4117,0.4188,0.5968,0.1545,0.866,-0.5,-0.5311,0.7614,-0.001,0.0,0,0,0,open-meteo-real
1996-04-22,4,65.9,253.6,56.4,29.33,29.08,0.4064,0.4092,0.5985,0.1431,0.866,-0.5,-0.6339,0.8979,-0.0052,0.0,0,0,0,open-meteo-real
1996-04-29,4,56.4,282.7,56.4,28.93,29.07,0.4106,0.4145,0.5925,0.1415,0.866,-0.5,-0.6867,1.1696,0.0042,0.0,0,0,0,open-meteo-real
1996-05-06,5,56.4,346.0,46.5,28.98,29.08,0.4126,0.4174,0.595,0.1401,0.5,-0.866,-0.718,1.4314,0.002,0.0,0,0,0,open-meteo-real
1996-05-13,5,46.5,375.2,86.0,29.18,29.03,0.4089,0.4081,0.5943,0.1339,0.5,-0.866,-0.7675,1.8827,-0.0038,0.0,0,0,0,open-meteo-real
1996-05-20,5,86.0,347.1,143.5,28.73,28.97,0.4149,0.42,0.5935,0.1533,0.5,-0.866,-0.57,0.9417,0.006,0.0,0,0,0,open-meteo-real
1996-05-27,5,143.5,327.9,83.4,27.28,28.4,0.4211,0.4236,0.5829,0.18,0.5,-0.866,-0.2825,0.5332,0.0062,0.0,0,0,0,open-meteo-real
1996-06-03,6,83.4,261.0,30.4,27.88,27.97,0.418,0.4222,0.5939,0.1625,0.0,-1.0,-0.4787,0.7302,-0.003,0.0,0,0,0,open-meteo-real
1996-06-10,6,30.4,232.4,48.0,27.08,27.42,0.4013,0.4079,0.5734,0.126,0.0,-1.0,-0.81,1.7838,-0.0168,0.0,0,0,0,open-meteo-real
1996-06-17,6,48.0,228.9,72.9,27.93,27.63,0.396,0.3907,0.5623,0.1316,0.0,-1.0,-0.7,1.1127,-0.0053,0.0,0,0,0,open-meteo-real
1996-06-24,6,72.9,185.3,67.9,26.63,27.22,0.4197,0.4213,0.5772,0.1583,0.0,-1.0,-0.5444,0.5931,0.0237,0.0,0,0,0,open-meteo-real
1996-07-01,7,67.9,154.0,35.0,26.98,27.18,0.4175,0.4169,0.5824,0.1884,-0.5,-0.866,-0.1513,0.5292,-0.0022,0.0,0,0,0,open-meteo-real
1996-07-08,7,35.0,107.0,7.7,27.23,26.95,0.4091,0.413,0.5849,0.1504,-0.5,-0.866,-0.5625,0.7133,-0.0084,0.0,0,0,0,open-meteo-real
1996-07-15,7,7.7,103.0,33.9,26.53,26.92,0.3737,0.3821,0.5493,0.1019,-0.5,-0.866,-0.9037,3.1212,-0.0354,0.0,0,1,0,open-meteo-real
1996-07-22,7,33.9,187.8,25.3,26.48,26.75,0.384,0.3759,0.5473,0.1343,-0.5,-0.866,-0.5762,1.2926,0.0103,0.0,0,1,0,open-meteo-real
1996-07-29,7,25.3,200.1,28.4,26.08,26.37,0.3941,0.3909,0.5585,0.1318,-0.5,-0.866,-0.6838,1.8455,0.0101,0.0,0,0,0,open-meteo-real
1996-08-05,8,28.4,249.3,77.9,26.68,26.42,0.3865,0.3795,0.5605,0.1246,-0.866,-0.5,-0.716,2.0482,-0.0076,0.0,0,0,0,open-meteo-real
1996-08-12,8,77.9,324.3,59.7,26.18,26.32,0.4008,0.3943,0.5535,0.1728,-0.866,-0.5,-0.221,0.9714,0.0143,0.0,0,0,0,open-meteo-real
1996-08-19,8,59.7,337.0,57.7,26.28,26.38,0.4137,0.4173,0.5905,0.166,-0.866,-0.5,-0.403,1.3171,0.0129,0.0,0,0,0,open-meteo-real
1996-08-26,8,57.7,386.1,65.0,26.73,26.4,0.413,0.4156,0.5821,0.164,-0.866,-0.5,-0.423,1.5614,-0.0007,0.0,0,0,0,open-meteo-real
1996-09-02,9,65.0,400.0,136.5,26.63,26.55,0.4103,0.4094,0.5809,0.1451,-1.0,-0.0,-0.6389,1.4359,-0.0027,0.0,0,0,0,open-meteo-real
1996-09-09,9,136.5,411.0,69.6,26.53,26.63,0.4137,0.4118,0.5813,0.1789,-1.0,-0.0,-0.2417,0.7026,0.0034,0.0,0,0,0,open-meteo-real
1996-09-16,9,69.6,358.4,109.9,26.73,26.63,0.4162,0.4159,0.5818,0.1507,-1.0,-0.0,-0.6133,1.2015,0.0025,0.0,0,0,0,open-meteo-real
1996-09-23,9,109.9,367.4,76.6,26.88,26.72,0.419,0.4199,0.5883,0.1703,-1.0,-0.0,-0.3894,0.78,0.0028,0.0,0,0,0,open-meteo-real
1996-09-30,9,76.6,313.1,73.3,26.53,26.72,0.4212,0.4228,0.5946,0.1567,-1.0,-0.0,-0.5744,0.9537,0.0021,0.0,0,0,0,open-meteo-real
1996-10-07,10,73.3,296.3,85.0,27.33,26.92,0.4206,0.4224,0.5847,0.1517,-0.866,0.5,-0.6335,0.9432,-0.0006,0.0,0,0,0,open-meteo-real
1996-10-14,10,85.0,280.4,59.2,27.33,27.07,0.416,0.4183,0.5844,0.1536,-0.866,0.5,-0.575,0.7697,-0.0046,0.0,0,0,0,open-meteo-real
1996-10-21,10,59.2,234.2,71.1,27.23,27.3,0.4132,0.417,0.5975,0.1416,-0.866,0.5,-0.704,0.9231,-0.0028,0.0,0,0,0,open-meteo-real
1996-10-28,10,71.1,221.9,52.0,27.73,27.43,0.415,0.4153,0.5889,0.1474,-0.866,0.5,-0.6445,0.7282,0.0018,0.0,0,0,0,open-meteo-real
1996-11-04,11,52.0,205.7,41.6,27.53,27.5,0.4105,0.4118,0.5957,0.144,-0.5,0.866,-0.6533,0.923,-0.0045,0.0,0,0,0,open-meteo-real
1996-11-11,11,41.6,182.1,44.0,27.28,27.52,0.4126,0.413,0.5912,0.1398,-0.5,0.866,-0.7227,1.0214,0.0021,0.0,0,0,0,open-meteo-real
1996-11-18,11,44.0,167.0,62.6,27.93,27.58,0.4111,0.41,0.5776,0.1402,-0.5,0.866,-0.7067,0.8856,-0.0015,0.0,0,0,0,open-meteo-real
1996-11-25,11,62.6,141.3,25.3,27.93,27.72,0.4116,0.4166,0.5853,0.1503,-0.5,0.866,-0.5827,0.5267,0.0004,0.0,0,0,0,open-meteo-real
1996-12-02,12,25.3,113.6,31.0,27.53,27.8,0.4034,0.4055,0.5811,0.1525,-0.0,1.0,-0.494,1.0477,-0.0082,0.0,0,0,0,open-meteo-real
1996-12-09,12,31.0,114.7,14.6,27.78,27.75,0.4043,0.4001,0.5811,0.1622,-0.0,1.0,-0.38,0.8633,0.0009,0.0,0,0,0,open-meteo-real
1996-12-16,12,14.6,120.6,35.8,27.78,27.7,0.3882,0.3905,0.5763,0.1263,-0.0,1.0,-0.708,1.9274,-0.0161,0.0,0,0,0,open-meteo-real
1996-12-23,12,35.8,119.6,29.3,27.93,27.83,0.4044,0.3992,0.5762,0.1699,-0.0,1.0,-0.284,0.7795,0.0162,0.0,0,0,0,open-meteo-real
1996-12-30,12,29.3,98.8,32.0,28.48,28.07,0.4016,0.3994,0.5767,0.1578,-0.0,1.0,-0.414,0.7868,-0.0028,0.0,0,0,0,open-meteo-real
1997-01-06,1,32.0,78.9,20.7,28.38,28.27,0.4099,0.4115,0.5853,0.2013,0.5,0.866,0.0667,0.5753,0.0084,0.0,0,0,0,open-meteo-real
1997-01-13,1,20.7,55.7,11.4,28.13,28.33,0.4019,0.4073,0.5862,0.1663,0.5,0.866,-0.31,0.6279,-0.008,0.0,0,0,0,open-meteo-real
1997-01-20,1,11.4,43.1,9.1,27.73,28.08,0.3908,0.3877,0.5753,0.1349,0.5,0.866,-0.62,0.8822,-0.0111,0.0,0,0,0,open-meteo-real
1997-01-27,1,9.1,39.2,12.0,28.08,27.98,0.3846,0.3835,0.5758,0.125,0.5,0.866,-0.6967,1.0051,-0.0062,0.0,0,0,0,open-meteo-real
1997-02-03,2,12.0,48.0,8.9,27.83,27.88,0.3785,0.3745,0.5667,0.1163,0.866,0.5,-0.76,0.9333,-0.0061,0.0,0,0,0,open-meteo-real
1997-02-10,2,8.9,63.2,6.6,28.08,28.0,0.3717,0.3667,0.5684,0.1073,0.866,0.5,-0.822,1.6569,-0.0068,0.0,0,0,0,open-meteo-real
1997-02-17,2,6.6,103.1,17.9,28.38,28.1,0.3595,0.3547,0.5574,0.0963,0.866,0.5,-0.868,3.6449,-0.0122,0.0,0,0,0,open-meteo-real
1997-02-24,2,17.9,185.4,21.4,28.48,28.32,0.3694,0.3568,0.5591,0.1203,0.866,0.5,-0.642,2.4168,0.0099,0.0,0,0,0,open-meteo-real
1997-03-03,3,21.4,237.3,29.7,28.78,28.55,0.3869,0.3766,0.5724,0.1164,1.0,0.0,-0.8217,2.5874,0.0175,0.0,0,0,0,open-meteo-real
1997-03-10,3,29.7,265.2,57.4,28.78,28.68,0.4053,0.3993,0.5861,0.133,1.0,0.0,-0.7525,2.0835,0.0184,0.0,0,0,0,open-meteo-real
1997-03-17,3,57.4,275.1,91.3,29.03,28.87,0.4134,0.4158,0.591,0.1563,1.0,0.0,-0.5217,1.1183,0.0082,0.0,0,0,0,open-meteo-real
1997-03-24,3,91.3,315.7,84.5,28.68,28.83,0.4135,0.4138,0.5911,0.1789,1.0,0.0,-0.2392,0.8068,0.0,0.0,0,0,0,open-meteo-real
1997-03-31,3,84.5,263.4,35.3,28.48,28.73,0.4143,0.4171,0.5881,0.1749,1.0,0.0,-0.2958,0.7273,0.0008,0.0,0,0,0,open-meteo-real
1997-04-07,4,35.3,236.3,72.8,29.18,28.78,0.4006,0.4049,0.5958,0.126,0.866,-0.5,-0.8039,1.5619,-0.0137,0.0,0,0,0,open-meteo-real
1997-04-14,4,72.8,261.4,55.3,28.63,28.77,0.4083,0.41,0.5934,0.1473,0.866,-0.5,-0.5956,0.8378,0.0077,0.0,0,0,0,open-meteo-real
1997-04-21,4,55.3,219.3,56.8,28.68,28.83,0.4095,0.4086,0.5924,0.1403,0.866,-0.5,-0.6928,0.9253,0.0012,0.0,0,0,0,open-meteo-real
1997-04-28,4,56.8,202.0,56.4,28.48,28.6,0.4112,0.4149,0.5979,0.142,0.866,-0.5,-0.6844,0.8298,0.0017,0.0,0,0,0,open-meteo-real
1997-05-05,5,56.4,210.4,40.0,29.03,28.73,0.4159,0.4201,0.5967,0.1421,0.5,-0.866,-0.718,0.8704,0.0047,0.0,0,0,0,open-meteo-real
1997-05-12,5,40.0,229.8,40.4,28.28,28.6,0.409,0.4111,0.6,0.1314,0.5,-0.866,-0.8,1.3405,-0.0069,0.0,0,0,0,open-meteo-real
1997-05-19,5,40.4,274.8,33.4,28.28,28.53,0.4068,0.4092,0.5934,0.1302,0.5,-0.866,-0.798,1.5871,-0.0023,0.0,0,0,0,open-meteo-real
1997-05-26,5,33.4,278.4,82.1,27.93,28.17,0.4049,0.4012,0.5812,0.1263,0.5,-0.866,-0.833,1.9449,-0.0018,0.0,0,0,0,open-meteo-real
1997-06-02,6,82.1,271.0,113.2,27.88,28.03,0.4143,0.4148,0.5838,0.1597,0.0,-1.0,-0.4869,0.7702,0.0094,0.0,0,0,0,open-meteo-real
1997-06-09,6,113.2,199.7,36.4,26.93,27.58,0.4208,0.4189,0.5684,0.1791,0.0,-1.0,-0.2925,0.4116,0.0065,0.0,0,0,0,open-meteo-real
1997-06-16,6,36.4,146.0,38.0,27.28,27.37,0.4093,0.4079,0.5812,0.1338,0.0,-1.0,-0.7725,0.9359,-0.0115,0.0,0,0,0,open-meteo-real
1997-06-23,6,38.0,178.2,4.1,26.63,26.95,0.407,0.4075,0.5773,0.1332,0.0,-1.0,-0.7625,1.0942,-0.0023,0.0,0,0,0,open-meteo-real
1997-06-30,6,4.1,182.6,44.7,26.48,26.8,0.3708,0.3795,0.5652,0.0945,0.0,-1.0,-0.9744,5.0,-0.0362,0.0,0,0,0,open-meteo-real
1997-07-07,7,44.7,234.1,74.6,27.03,26.72,0.3994,0.3867,0.5588,0.1543,-0.5,-0.866,-0.4413,1.222,0.0286,0.0,0,0,0,open-meteo-real
1997-07-14,7,74.6,254.1,47.2,26.33,26.62,0.4218,0.421,0.59,0.1977,-0.5,-0.866,-0.0675,0.7948,0.0224,0.0,0,0,0,open-meteo-real
1997-07-21,7,47.2,368.5,65.6,26.33,26.57,0.4142,0.4156,0.5806,0.1657,-0.5,-0.866,-0.41,1.8217,-0.0076,0.0,0,0,0,open-meteo-real
1997-07-28,7,65.6,379.4,28.1,26.73,26.47,0.4101,0.4116,0.5656,0.1817,-0.5,-0.866,-0.18,1.3495,-0.0041,0.0,0,0,0,open-meteo-real
1997-08-04,8,28.1,412.1,224.8,26.43,26.5,0.3854,0.378,0.5582,0.1237,-0.866,-0.5,-0.719,3.4219,-0.0247,0.0,0,0,0,open-meteo-real
1997-08-11,8,224.8,454.3,49.3,25.83,26.33,0.4205,0.4207,0.5654,0.3021,-0.866,-0.5,1.248,0.4715,0.0351,0.0,1,0,0,open-meteo-real
1997-08-18,8,49.3,273.0,88.2,26.68,26.32,0.4096,0.4114,0.581,0.1552,-0.866,-0.5,-0.507,1.2921,-0.0109,0.0,0,0,0,open-meteo-real
1997-08-25,8,88.2,292.6,71.9,26.28,26.27,0.4163,0.4171,0.5799,0.1904,-0.866,-0.5,-0.118,0.7741,0.0068,0.0,0,0,0,open-meteo-real
1997-09-01,9,71.9,246.3,49.7,26.58,26.52,0.4205,0.4239,0.5853,0.1542,-1.0,-0.0,-0.6006,0.7993,0.0041,0.0,0,0,0,open-meteo-real
1997-09-08,9,49.7,232.7,48.2,27.38,26.75,0.4113,0.4129,0.5942,0.1389,-1.0,-0.0,-0.7239,1.0925,-0.0092,0.0,0,0,0,open-meteo-real
1997-09-15,9,48.2,255.7,65.2,27.58,27.18,0.4142,0.418,0.5978,0.14,-1.0,-0.0,-0.7322,1.2378,0.0029,0.0,0,0,0,open-meteo-real
1997-09-22,9,65.2,259.4,50.5,27.33,27.43,0.413,0.4139,0.5831,0.1468,-1.0,-0.0,-0.6378,0.9283,-0.0012,0.0,0,0,0,open-meteo-real
1997-09-29,9,50.5,256.6,64.7,27.48,27.47,0.4149,0.4169,0.5921,0.1414,-1.0,-0.0,-0.7194,1.1856,0.0019,0.0,0,0,0,open-meteo-real
1997-10-06,10,64.7,305.4,66.5,27.38,27.4,0.4145,0.4171,0.594,0.1446,-0.866,0.5,-0.6765,1.1014,-0.0004,0.0,0,0,0,open-meteo-real
1997-10-13,10,66.5,305.2,60.9,27.98,27.62,0.4144,0.4158,0.5893,0.1452,-0.866,0.5,-0.6675,1.0709,-0.0002,0.0,0,0,0,open-meteo-real
1997-10-20,10,60.9,345.1,99.8,28.28,27.88,0.4129,0.4156,0.5919,0.1421,-0.866,0.5,-0.6955,1.3222,-0.0015,0.0,0,0,0,open-meteo-real
1997-10-27,10,99.8,319.8,64.2,28.53,28.27,0.4173,0.4192,0.5926,0.1603,-0.866,0.5,-0.501,0.7477,0.0044,0.0,0,0,0,open-meteo-real
1997-11-03,11,64.2,283.4,67.8,28.13,28.32,0.413,0.4146,0.5862,0.152,-0.5,0.866,-0.572,1.03,-0.0043,0.0,0,0,0,open-meteo-real
1997-11-10,11,67.8,266.9,75.6,28.33,28.33,0.4181,0.4202,0.5885,0.157,-0.5,0.866,-0.548,0.9185,0.0051,0.0,0,0,0,open-meteo-real
1997-11-17,11,75.6,240.1,65.7,27.53,28.0,0.4125,0.4136,0.5789,0.1578,-0.5,0.866,-0.496,0.741,-0.0056,0.0,0,0,0,open-meteo-real
1997-11-24,11,65.7,189.6,45.8,28.28,28.05,0.4123,0.4168,0.5899,0.1524,-0.5,0.866,-0.562,0.6734,-0.0002,0.0,0,0,0,open-meteo-real
1997-12-01,12,45.8,167.4,48.6,28.53,28.12,0.407,0.4063,0.584,0.1875,-0.0,1.0,-0.084,0.8528,-0.0054,0.0,0,0,0,open-meteo-real
1997-12-08,12,48.6,131.6,22.4,28.33,28.38,0.4164,0.4195,0.595,0.1976,-0.0,1.0,-0.028,0.6318,0.0094,0.0,0,0,0,open-meteo-real
1997-12-15,12,22.4,86.2,44.3,28.33,28.4,0.4016,0.4052,0.5856,0.1468,-0.0,1.0,-0.552,0.8979,-0.0148,0.0,0,0,0,open-meteo-real
1997-12-22,12,44.3,69.9,14.0,28.88,28.52,0.4105,0.4129,0.5821,0.1872,-0.0,1.0,-0.114,0.3682,0.0089,0.0,0,0,0,open-meteo-real
1997-12-29,12,14.0,37.6,4.0,28.68,28.63,0.4002,0.402,0.5876,0.1325,-0.0,1.0,-0.72,0.6267,-0.0102,0.0,0,0,0,open-meteo-real
1998-01-05,1,4.0,36.5,5.4,29.18,28.92,0.3665,0.3737,0.5705,0.1005,0.5,0.866,-0.8667,2.1292,-0.0338,0.0,0,0,0,open-meteo-real
1998-01-12,1,5.4,53.2,7.0,28.83,28.9,0.3472,0.3469,0.5521,0.0927,0.5,0.866,-0.82,2.2988,-0.0193,0.0,0,0,0,open-meteo-real
1998-01-19,1,7.0,68.9,19.6,28.98,29.0,0.3455,0.3356,0.5407,0.096,0.5,0.866,-0.7667,2.2967,-0.0017,0.0,0,1,0,open-meteo-real
1998-01-26,1,19.6,70.6,13.9,29.63,29.15,0.3733,0.3508,0.5486,0.1463,0.5,0.866,-0.3467,0.8405,0.0278,0.0,0,1,0,open-meteo-real
1998-02-02,2,13.9,74.5,26.9,30.48,29.7,0.3632,0.3523,0.5519,0.1102,0.866,0.5,-0.722,1.2506,-0.0101,0.0,0,0,0,open-meteo-real
1998-02-09,2,26.9,69.4,7.8,29.53,29.88,0.3849,0.3677,0.5612,0.144,0.866,0.5,-0.462,0.602,0.0218,0.0,0,0,0,open-meteo-real
1998-02-16,2,7.8,88.1,22.3,29.68,29.9,0.3788,0.3743,0.5753,0.1097,0.866,0.5,-0.844,2.6355,-0.0062,0.0,0,0,0,open-meteo-real
1998-02-23,2,22.3,120.3,10.7,29.93,29.72,0.3747,0.3599,0.559,0.1305,0.866,0.5,-0.554,1.2587,-0.0041,0.0,0,0,0,open-meteo-real
1998-03-02,3,10.7,135.9,35.5,29.83,29.82,0.3703,0.3621,0.5663,0.0993,1.0,0.0,-0.9108,2.9636,-0.0044,0.0,0,0,0,open-meteo-real
1998-03-09,3,35.5,170.9,40.7,29.93,29.9,0.3707,0.3529,0.5521,0.1161,1.0,0.0,-0.7042,1.1233,0.0004,0.0,0,0,0,open-meteo-real
1998-03-16,3,40.7,185.5,43.6,29.98,29.92,0.4044,0.4017,0.5878,0.1398,1.0,0.0,-0.6608,1.0635,0.0337,0.0,0,0,0,open-meteo-real
1998-03-23,3,43.6,192.3,36.6,29.93,29.95,0.406,0.4042,0.5969,0.1426,1.0,0.0,-0.6367,1.0291,0.0015,0.0,0,0,0,open-meteo-real
1998-03-30,3,36.6,202.5,51.4,30.18,30.03,0.3977,0.3985,0.5918,0.133,1.0,0.0,-0.695,1.291,-0.0083,0.0,0,0,0,open-meteo-real
1998-04-06,4,51.4,219.4,39.7,30.23,30.12,0.4103,0.4082,0.5913,0.139,0.866,-0.5,-0.7144,0.996,0.0126,0.0,0,0,0,open-meteo-real
1998-04-13,4,39.7,238.2,60.2,30.08,30.17,0.4069,0.4093,0.5982,0.1318,0.866,-0.5,-0.7794,1.4,-0.0034,0.0,0,0,0,open-meteo-real
1998-04-20,4,60.2,235.2,57.6,30.23,30.18,0.408,0.4133,0.5999,0.1415,0.866,-0.5,-0.6656,0.9116,0.0011,0.0,0,0,0,open-meteo-real
1998-04-27,4,57.6,210.2,66.6,29.88,30.07,0.4102,0.4164,0.5967,0.1417,0.866,-0.5,-0.68,0.8515,0.0023,0.0,0,0,0,open-meteo-real
1998-05-04,5,66.6,215.7,37.4,29.38,29.83,0.4119,0.4136,0.5934,0.1438,0.5,-0.866,-0.667,0.7557,0.0017,0.0,0,0,0,open-meteo-real
1998-05-11,5,37.4,230.2,41.0,29.28,29.52,0.4092,0.408,0.5818,0.1305,0.5,-0.866,-0.813,1.4362,-0.0028,0.0,0,0,0,open-meteo-real
1998-05-18,5,41.0,271.5,38.2,29.23,29.3,0.4113,0.4108,0.5917,0.1332,0.5,-0.866,-0.795,1.5451,0.0022,0.0,0,0,0,open-meteo-real
1998-05-25,5,38.2,334.1,102.1,29.28,29.27,0.4089,0.4087,0.5921,0.1306,0.5,-0.866,-0.809,2.0408,-0.0025,0.0,0,0,0,open-meteo-real
1998-06-01,6,102.1,377.0,77.1,27.88,28.8,0.4216,0.421,0.5854,0.174,0.0,-1.0,-0.3619,0.8616,0.0127,0.0,0,0,0,open-meteo-real
1998-06-08,6,77.1,360.3,108.8,28.53,28.57,0.4039,0.4049,0.5813,0.1509,0.0,-1.0,-0.5181,1.0904,-0.0176,0.0,0,0,0,open-meteo-real
1998-06-15,6,108.8,417.6,59.3,28.28,28.23,0.4133,0.4109,0.5861,0.1724,0.0,-1.0,-0.32,0.8956,0.0093,0.0,0,0,0,open-meteo-real
1998-06-22,6,59.3,477.9,99.4,28.23,28.35,0.4166,0.4179,0.5912,0.1496,0.0,-1.0,-0.6294,1.8804,0.0034,0.0,0,0,0,open-meteo-real
1998-06-29,6,99.4,490.9,112.8,27.68,28.07,0.4196,0.425,0.5896,0.1714,0.0,-1.0,-0.3787,1.1523,0.0029,0.0,0,0,0,open-meteo-real
1998-07-06,7,112.8,442.0,202.5,27.73,27.88,0.4224,0.4236,0.5786,0.2362,-0.5,-0.866,0.41,0.9143,0.0028,0.0,0,0,0,open-meteo-real
1998-07-13,7,202.5,363.7,28.7,26.88,27.43,0.4227,0.4261,0.5574,0.3261,-0.5,-0.866,1.5312,0.4191,0.0003,0.0,1,0,0,open-meteo-real
1998-07-20,7,28.7,260.8,94.3,26.98,27.2,0.407,0.4048,0.5775,0.1429,-0.5,-0.866,-0.6412,2.1203,-0.0157,0.0,0,0,0,open-meteo-real
1998-07-27,7,94.3,286.4,22.4,26.23,26.7,0.4203,0.421,0.5826,0.2165,-0.5,-0.866,0.1788,0.7087,0.0133,0.0,0,0,0,open-meteo-real
1998-08-03,8,22.4,240.6,92.5,26.53,26.58,0.4038,0.4059,0.583,0.1302,-0.866,-0.5,-0.776,2.5063,-0.0165,0.0,0,0,0,open-meteo-real
1998-08-10,8,92.5,260.5,74.3,26.93,26.57,0.4139,0.4127,0.5752,0.1923,-0.866,-0.5,-0.075,0.6571,0.0101,0.0,0,0,0,open-meteo-real
1998-08-17,8,74.3,236.9,38.6,26.13,26.53,0.4182,0.4177,0.581,0.1804,-0.866,-0.5,-0.257,0.744,0.0043,0.0,0,0,0,open-meteo-real
1998-08-24,8,38.6,254.8,48.2,26.68,26.58,0.4028,0.3965,0.5763,0.1426,-0.866,-0.5,-0.614,1.5402,-0.0154,0.0,0,0,0,open-meteo-real
1998-08-31,8,48.2,311.8,60.8,26.73,26.52,0.4148,0.4115,0.5843,0.1574,-0.866,-0.5,-0.518,1.5094,0.012,0.0,0,0,0,open-meteo-real
1998-09-07,9,60.8,337.3,82.3,27.18,26.87,0.4169,0.4164,0.5852,0.1472,-1.0,-0.0,-0.6622,1.2945,0.0022,0.0,0,0,0,open-meteo-real
1998-09-14,9,82.3,364.3,91.3,26.98,26.97,0.4164,0.417,0.5873,0.1564,-1.0,-0.0,-0.5428,1.0328,-0.0005,0.0,0,0,0,open-meteo-real
1998-09-21,9,91.3,367.4,73.0,26.68,26.95,0.4165,0.4155,0.5812,0.1604,-1.0,-0.0,-0.4928,0.939,0.0001,0.0,0,0,0,open-meteo-real
1998-09-28,9,73.0,336.8,109.6,27.23,26.97,0.4173,0.4199,0.5921,0.1528,-1.0,-0.0,-0.5944,1.0765,0.0008,0.0,0,0,0,open-meteo-real
1998-10-05,10,109.6,331.2,61.2,26.93,26.95,0.4203,0.4231,0.5787,0.166,-0.866,0.5,-0.452,0.7051,0.0031,0.0,0,0,0,open-meteo-real
1998-10-12,10,61.2,294.6,80.4,27.18,27.12,0.4132,0.4095,0.5814,0.1424,-0.866,0.5,-0.694,1.1232,-0.0072,0.0,0,0,0,open-meteo-real
1998-10-19,10,80.4,295.9,57.6,27.88,27.33,0.4157,0.42,0.5908,0.1516,-0.866,0.5,-0.598,0.8587,0.0026,0.0,0,0,0,open-meteo-real
1998-10-26,10,57.6,272.5,86.2,28.03,27.7,0.4178,0.4199,0.5969,0.1437,-0.866,0.5,-0.712,1.1039,0.002,0.0,0,0,0,open-meteo-real
1998-11-02,11,86.2,267.0,57.6,30.18,28.7,0.4154,0.4186,0.5833,0.1652,-0.5,0.866,-0.4253,0.7227,-0.0024,0.0,0,0,0,open-meteo-real
1998-11-09,11,57.6,214.4,61.1,28.58,28.93,0.4108,0.4141,0.5916,0.1472,-0.5,0.866,-0.616,0.8685,-0.0046,0.0,0,0,0,open-meteo-real
1998-11-16,11,61.1,207.4,53.3,28.18,28.98,0.4141,0.4134,0.5914,0.151,-0.5,0.866,-0.5927,0.792,0.0033,0.0,0,0,0,open-meteo-real
1998-11-23,11,53.3,169.4,25.7,28.88,28.55,0.4102,0.4142,0.5915,0.1446,-0.5,0.866,-0.6447,0.7416,-0.0038,0.0,0,0,0,open-meteo-real
1998-11-30,11,25.7,162.5,63.7,28.93,28.67,0.4049,0.4075,0.5928,0.1266,-0.5,0.866,-0.8287,1.4754,-0.0054,0.0,0,0,0,open-meteo-real
1998-12-07,12,63.7,178.3,21.0,28.88,28.9,0.4158,0.4175,0.5849,0.2214,-0.0,1.0,0.274,0.6531,0.0109,0.0,0,0,0,open-meteo-real
1998-12-14,12,21.0,142.9,32.3,27.98,28.6,0.4078,0.4113,0.5928,0.1483,-0.0,1.0,-0.58,1.5878,-0.0079,0.0,0,0,0,open-meteo-real
1998-12-21,12,32.3,150.8,51.4,27.88,28.25,0.4057,0.4057,0.5764,0.1651,-0.0,1.0,-0.354,1.0894,-0.0021,0.0,0,0,0,open-meteo-real
1998-12-28,12,51.4,172.4,34.8,28.53,28.13,0.4142,0.4146,0.5892,0.2008,-0.0,1.0,0.028,0.7826,0.0085,0.0,0,0,0,open-meteo-real
1999-01-04,1,34.8,164.3,13.0,28.18,28.2,0.4091,0.4126,0.5896,0.2083,0.5,0.866,0.16,1.1016,-0.0051,0.0,0,0,0,open-meteo-real
1999-01-11,1,13.0,170.7,66.1,28.43,28.38,0.3937,0.3949,0.5757,0.1409,0.5,0.866,-0.5667,3.0638,-0.0154,0.0,0,0,0,open-meteo-real
1999-01-18,1,66.1,211.2,41.8,28.88,28.5,0.4121,0.4151,0.59,0.2936,0.5,0.866,1.2033,0.7455,0.0185,0.0,1,0,0,open-meteo-real
1999-01-25,1,41.8,206.7,48.0,28.53,28.62,0.4037,0.4047,0.58,0.2237,0.5,0.866,0.3933,1.1538,-0.0084,0.0,0,0,0,open-meteo-real
1999-02-01,2,48.0,199.6,22.7,28.58,28.67,0.4064,0.402,0.5777,0.1907,0.866,0.5,-0.04,0.9703,0.0027,0.0,0,0,0,open-meteo-real
1999-02-08,2,22.7,195.3,79.7,28.78,28.63,0.3994,0.3981,0.5909,0.146,0.866,0.5,-0.546,2.0075,-0.007,0.0,0,0,0,open-meteo-real
1999-02-15,2,79.7,237.7,36.4,28.78,28.72,0.4171,0.421,0.5884,0.2478,0.866,0.5,0.594,0.6959,0.0177,0.0,0,0,0,open-meteo-real
1999-02-22,2,36.4,205.5,50.4,29.23,28.93,0.4028,0.4046,0.5955,0.1699,0.866,0.5,-0.272,1.3173,-0.0143,0.0,0,0,0,open-meteo-real
1999-03-01,3,50.4,208.7,57.3,29.38,29.13,0.4068,0.412,0.591,0.1477,1.0,0.0,-0.58,0.9662,0.004,0.0,0,0,0,open-meteo-real
1999-03-08,3,57.3,258.8,45.1,29.03,29.22,0.4089,0.4141,0.597,0.1536,1.0,0.0,-0.5225,1.0539,0.0021,0.0,0,0,0,open-meteo-real
1999-03-15,3,45.1,243.8,49.4,29.38,29.27,0.4074,0.407,0.5983,0.1445,1.0,0.0,-0.6242,1.2613,-0.0015,0.0,0,0,0,open-meteo-real
1999-03-22,3,49.4,279.9,76.1,29.18,29.2,0.4099,0.4113,0.5971,0.1489,1.0,0.0,-0.5883,1.3221,0.0025,0.0,0,0,0,open-meteo-real
1999-03-29,3,76.1,305.0,57.8,29.38,29.32,0.4113,0.4155,0.5977,0.1675,1.0,0.0,-0.3658,0.9352,0.0014,0.0,0,0,0,open-meteo-real
1999-04-05,4,57.8,282.3,68.8,29.18,29.25,0.4077,0.4045,0.5883,0.1403,0.866,-0.5,-0.6789,1.1396,-0.0036,0.0,0,0,0,open-meteo-real
1999-04-12,4,68.8,339.6,83.9,29.18,29.25,0.4093,0.4119,0.5863,0.1461,0.866,-0.5,-0.6178,1.1517,0.0015,0.0,0,0,0,open-meteo-real
1999-04-19,4,83.9,353.3,68.9,28.73,29.03,0.4156,0.42,0.5948,0.1566,0.866,-0.5,-0.5339,0.9826,0.0063,0.0,0,0,0,open-meteo-real
1999-04-26,4,68.9,313.6,43.8,28.53,28.82,0.4149,0.4124,0.5881,0.1496,0.866,-0.5,-0.6172,1.062,-0.0006,0.0,0,0,0,open-meteo-real
1999-05-03,5,43.8,302.7,141.4,28.38,28.55,0.4071,0.4116,0.5922,0.1318,0.5,-0.866,-0.781,1.6126,-0.0078,0.0,0,0,0,open-meteo-real
1999-05-10,5,141.4,310.9,43.7,28.43,28.45,0.4172,0.4199,0.5862,0.1769,0.5,-0.866,-0.293,0.513,0.0101,0.0,0,0,0,open-meteo-real
1999-05-17,5,43.7,240.8,44.9,28.38,28.4,0.4112,0.4172,0.5985,0.1342,0.5,-0.866,-0.7815,1.2857,-0.006,0.0,0,0,0,open-meteo-real
1999-05-24,5,44.9,275.9,64.6,28.33,28.38,0.4108,0.4112,0.5929,0.1344,0.5,-0.866,-0.7755,1.4338,-0.0004,0.0,0,0,0,open-meteo-real
1999-05-31,5,64.6,397.7,61.2,27.83,28.18,0.4174,0.4193,0.5837,0.1463,0.5,-0.866,-0.677,1.4365,0.0067,0.0,0,0,0,open-meteo-real
1999-06-07,6,61.2,410.9,86.5,28.18,28.12,0.4118,0.4165,0.5927,0.1477,0.0,-1.0,-0.6175,1.5666,-0.0057,0.0,0,0,0,open-meteo-real
1999-06-14,6,86.5,448.0,83.4,28.63,28.22,0.4093,0.4107,0.5704,0.1588,0.0,-1.0,-0.4594,1.2085,-0.0024,0.0,0,0,0,open-meteo-real
1999-06-21,6,83.4,373.7,159.7,27.53,28.12,0.4172,0.4164,0.5828,0.162,0.0,-1.0,-0.4788,1.0455,0.0079,0.0,0,0,0,open-meteo-real
1999-06-28,6,159.7,351.4,83.6,26.78,27.65,0.419,0.4218,0.5767,0.2012,0.0,-1.0,-0.0019,0.5134,0.0018,0.0,0,0,0,open-meteo-real
1999-07-05,7,83.6,284.4,43.0,26.78,27.03,0.4166,0.4188,0.5876,0.2035,-0.5,-0.866,0.045,0.7938,-0.0024,0.0,0,0,0,open-meteo-real
1999-07-12,7,43.0,229.5,53.7,26.73,26.77,0.4066,0.4129,0.581,0.1569,-0.5,-0.866,-0.4625,1.2453,-0.01,0.0,0,0,0,open-meteo-real
1999-07-19,7,53.7,239.3,50.2,26.78,26.77,0.4019,0.4017,0.5666,0.1648,-0.5,-0.866,-0.3288,1.0398,-0.0047,0.0,0,0,0,open-meteo-real
1999-07-26,7,50.2,267.2,81.0,26.48,26.67,0.4097,0.4072,0.566,0.166,-0.5,-0.866,-0.3725,1.242,0.0078,0.0,0,0,0,open-meteo-real
1999-08-02,8,81.0,272.7,30.9,26.08,26.45,0.4133,0.4117,0.5552,0.1828,-0.866,-0.5,-0.19,0.7856,0.0036,0.0,0,0,0,open-meteo-real
1999-08-09,8,30.9,294.7,88.2,26.98,26.52,0.405,0.4044,0.5857,0.1377,-0.866,-0.5,-0.691,2.2254,-0.0084,0.0,0,0,0,open-meteo-real
1999-08-16,8,88.2,428.4,47.6,26.93,26.67,0.4176,0.4168,0.5739,0.1911,-0.866,-0.5,-0.118,1.1333,0.0127,0.0,0,0,0,open-meteo-real
1999-08-23,8,47.6,419.8,95.0,26.88,26.93,0.4115,0.4132,0.5813,0.155,-0.866,-0.5,-0.524,2.0578,-0.0061,0.0,0,0,0,open-meteo-real
1999-08-30,8,95.0,458.3,157.4,26.48,26.77,0.4205,0.4227,0.5766,0.1983,-0.866,-0.5,-0.05,1.1256,0.009,0.0,0,0,0,open-meteo-real
1999-09-06,9,157.4,502.4,92.4,26.43,26.6,0.4196,0.4171,0.5772,0.1917,-1.0,-0.0,-0.1256,0.7448,-0.0009,0.0,0,0,0,open-meteo-real
1999-09-13,9,92.4,456.7,78.5,34.68,29.2,0.4171,0.4206,0.5879,0.1613,-1.0,-0.0,-0.4867,1.1533,-0.0025,0.0,0,0,0,open-meteo-real
1999-09-20,9,78.5,441.5,127.5,26.43,29.18,0.4181,0.4212,0.585,0.1558,-1.0,-0.0,-0.5639,1.3123,0.001,0.0,0,0,0,open-meteo-real
1999-09-27,9,127.5,409.7,125.8,26.68,29.27,0.4214,0.4235,0.5816,0.1795,-1.0,-0.0,-0.2917,0.7498,0.0033,0.0,0,0,0,open-meteo-real
1999-10-04,10,125.8,353.2,79.0,26.08,26.4,0.4232,0.4264,0.5692,0.1742,-0.866,0.5,-0.371,0.6551,0.0018,0.0,0,0,0,open-meteo-real
1999-10-11,10,79.0,262.1,69.4,26.83,26.53,0.4186,0.422,0.5892,0.1528,-0.866,0.5,-0.605,0.7741,-0.0046,0.0,0,0,0,open-meteo-real
1999-10-18,10,69.4,234.2,40.2,28.03,26.98,0.4204,0.4233,0.5927,0.15,-0.866,0.5,-0.653,0.7874,0.0018,0.0,0,0,0,open-meteo-real
1999-10-25,10,40.2,227.8,64.0,27.13,27.33,0.4163,0.4169,0.5936,0.1358,-0.866,0.5,-0.799,1.3222,-0.0042,0.0,0,0,0,open-meteo-real
1999-11-01,11,64.0,234.9,43.9,27.68,27.62,0.4139,0.4172,0.5882,0.1525,-0.5,0.866,-0.5733,0.8564,-0.0024,0.0,0,0,0,open-meteo-real
1999-11-08,11,43.9,213.1,65.7,28.08,27.63,0.4092,0.4079,0.5911,0.1389,-0.5,0.866,-0.7073,1.1327,-0.0047,0.0,0,0,0,open-meteo-real
1999-11-15,11,65.7,193.7,48.6,28.13,27.97,0.4153,0.418,0.5938,0.1542,-0.5,0.866,-0.562,0.6879,0.0061,0.0,0,0,0,open-meteo-real
1999-11-22,11,48.6,146.5,48.2,27.93,28.05,0.4158,0.4206,0.5917,0.1454,-0.5,0.866,-0.676,0.7034,0.0006,0.0,0,0,0,open-meteo-real
1999-11-29,11,48.2,138.7,28.0,27.98,28.02,0.4099,0.4072,0.584,0.1417,-0.5,0.866,-0.6787,0.6714,-0.0059,0.0,0,0,0,open-meteo-real
1999-12-06,12,28.0,112.3,10.2,28.03,27.98,0.4079,0.4118,0.5924,0.1595,-0.0,1.0,-0.44,0.9358,-0.0021,0.0,0,0,0,open-meteo-real
1999-12-13,12,10.2,98.9,48.8,28.08,28.03,0.3883,0.3884,0.5782,0.1193,-0.0,1.0,-0.796,2.2624,-0.0196,0.0,0,0,0,open-meteo-real
1999-12-20,12,48.8,121.9,22.6,28.68,28.27,0.4058,0.4025,0.5801,0.1915,-0.0,1.0,-0.024,0.5829,0.0175,0.0,0,0,0,open-meteo-real
1999-12-27,12,22.6,114.8,12.5,28.18,28.32,0.4043,0.4048,0.5866,0.1487,-0.0,1.0,-0.548,1.1853,-0.0015,0.0,0,0,0,open-meteo-real
2000-01-03,1,12.5,123.9,27.3,28.33,28.4,0.3924,0.391,0.5761,0.1388,0.5,0.866,-0.5833,2.3128,-0.0119,0.0,0,0,0,open-meteo-real
2000-01-10,1,27.3,131.4,45.4,28.13,28.22,0.3913,0.3868,0.5713,0.1776,0.5,0.866,-0.09,1.1231,-0.001,0.0,0,0,0,open-meteo-real
2000-01-17,1,45.4,128.2,28.3,28.43,28.3,0.4082,0.4125,0.5817,0.236,0.5,0.866,0.5133,0.6589,0.0169,0.0,0,0,0,open-meteo-real
2000-01-24,1,28.3,109.2,19.1,28.33,28.3,0.4008,0.4041,0.5897,0.1859,0.5,0.866,-0.0567,0.9004,-0.0075,0.0,0,0,0,open-meteo-real
2000-01-31,1,19.1,99.0,31.1,28.48,28.42,0.3938,0.3937,0.5841,0.1572,0.5,0.866,-0.3633,1.2094,-0.007,0.0,0,0,0,open-meteo-real
2000-02-07,2,31.1,89.9,17.2,28.53,28.45,0.4085,0.4079,0.5879,0.1649,0.866,0.5,-0.378,0.6745,0.0147,0.0,0,0,0,open-meteo-real
2000-02-14,2,17.2,73.9,30.0,28.43,28.48,0.4045,0.4051,0.5938,0.1402,0.866,0.5,-0.656,1.0025,-0.004,0.0,0,0,0,open-meteo-real
2000-02-21,2,30.0,147.6,9.0,28.93,28.63,0.4056,0.4086,0.5916,0.1613,0.866,0.5,-0.4,1.148,0.001,0.0,0,0,0,open-meteo-real
2000-02-28,2,9.0,174.3,9.9,28.73,28.7,0.3788,0.3813,0.5837,0.1117,0.866,0.5,-0.82,4.5189,-0.0268,0.0,0,0,0,open-meteo-real
2000-03-06,3,9.9,219.7,53.3,28.48,28.72,0.3635,0.3573,0.5584,0.0947,1.0,0.0,-0.9175,5.0,-0.0154,0.0,0,0,0,open-meteo-real
2000-03-13,3,53.3,259.7,88.0,29.03,28.75,0.4022,0.3956,0.5836,0.1468,1.0,0.0,-0.5558,1.1369,0.0387,0.0,0,0,0,open-meteo-real
2000-03-20,3,88.0,287.3,56.3,29.43,28.98,0.4071,0.409,0.5942,0.1729,1.0,0.0,-0.2667,0.7618,0.0049,0.0,0,0,0,open-meteo-real
2000-03-27,3,56.3,244.5,30.2,29.58,29.35,0.4075,0.4124,0.5975,0.152,1.0,0.0,-0.5308,1.0133,0.0005,0.0,0,0,0,open-meteo-real
2000-04-03,4,30.2,247.7,83.5,29.48,29.5,0.4047,0.4071,0.5999,0.1262,0.866,-0.5,-0.8322,1.9138,-0.0029,0.0,0,0,0,open-meteo-real
2000-04-10,4,83.5,272.2,62.2,29.68,29.58,0.4072,0.4111,0.5857,0.1514,0.866,-0.5,-0.5361,0.7606,0.0025,0.0,0,0,0,open-meteo-real
2000-04-17,4,62.2,249.8,56.6,29.08,29.42,0.4022,0.4038,0.5974,0.139,0.866,-0.5,-0.6544,0.9371,-0.005,0.0,0,0,0,open-meteo-real
2000-04-24,4,56.6,259.3,47.9,29.03,29.27,0.409,0.4148,0.5992,0.1405,0.866,-0.5,-0.6856,1.069,0.0068,0.0,0,0,0,open-meteo-real
2000-05-01,5,47.9,257.5,52.8,29.28,29.13,0.4097,0.4144,0.6014,0.135,0.5,-0.866,-0.7605,1.2543,0.0007,0.0,0,0,0,open-meteo-real
2000-05-08,5,52.8,328.2,81.3,28.38,28.9,0.4124,0.4164,0.5882,0.1386,0.5,-0.866,-0.736,1.4504,0.0028,0.0,0,0,0,open-meteo-real
2000-05-15,5,81.3,326.3,64.8,29.63,29.1,0.4091,0.4142,0.583,0.148,0.5,-0.866,-0.5935,0.9365,-0.0033,0.0,0,0,0,open-meteo-real
2000-05-22,5,64.8,328.5,80.1,27.88,28.63,0.4171,0.419,0.5857,0.1462,0.5,-0.866,-0.676,1.1829,0.008,0.0,0,0,0,open-meteo-real
2000-05-29,5,80.1,336.2,80.3,28.18,28.57,0.4156,0.4168,0.5811,0.1514,0.5,-0.866,-0.5995,0.9794,-0.0015,0.0,0,0,0,open-meteo-real
2000-06-05,6,80.3,306.9,85.0,27.83,27.97,0.4182,0.4192,0.5887,0.1611,0.0,-1.0,-0.4981,0.8918,0.0025,0.0,0,0,0,open-meteo-real
2000-06-12,6,85.0,270.5,85.3,27.58,27.87,0.4186,0.4209,0.5853,0.1636,0.0,-1.0,-0.4688,0.7425,0.0004,0.0,0,0,0,open-meteo-real
2000-06-19,6,85.3,228.0,37.5,27.08,27.5,0.4185,0.4194,0.5834,0.1638,0.0,-1.0,-0.4669,0.6237,-0.0,0.0,0,0,0,open-meteo-real
2000-06-26,6,37.5,215.5,58.9,26.93,27.2,0.4116,0.4073,0.5806,0.1357,0.0,-1.0,-0.7656,1.3409,-0.0069,0.0,0,0,0,open-meteo-real
2000-07-03,7,58.9,227.4,21.7,26.83,26.95,0.4179,0.4201,0.5939,0.1797,-0.5,-0.866,-0.2637,0.9008,0.0063,0.0,0,0,0,open-meteo-real
2000-07-10,7,21.7,229.6,80.7,26.68,26.82,0.4012,0.4037,0.5812,0.1324,-0.5,-0.866,-0.7288,2.4688,-0.0167,0.0,0,0,0,open-meteo-real
2000-07-17,7,80.7,274.2,53.3,26.18,26.57,0.4229,0.4206,0.5808,0.2044,-0.5,-0.866,0.0087,0.7928,0.0217,0.0,0,0,0,open-meteo-real
2000-07-24,7,53.3,240.8,67.3,26.73,26.53,0.4144,0.4164,0.5868,0.1719,-0.5,-0.866,-0.3338,1.0542,-0.0085,0.0,0,0,0,open-meteo-real
2000-07-31,7,67.3,221.9,44.3,26.48,26.47,0.4122,0.4129,0.5742,0.1846,-0.5,-0.866,-0.1588,0.7693,-0.0022,0.0,0,0,0,open-meteo-real
2000-08-07,8,44.3,199.4,59.0,26.33,26.52,0.4102,0.4054,0.5723,0.1516,-0.866,-0.5,-0.557,1.0503,-0.0019,0.0,0,0,0,open-meteo-real
2000-08-14,8,59.0,260.6,39.5,26.08,26.3,0.4165,0.4181,0.5731,0.1671,-0.866,-0.5,-0.41,1.0306,0.0063,0.0,0,0,0,open-meteo-real
2000-08-21,8,39.5,257.5,43.2,26.58,26.33,0.4144,0.4157,0.5837,0.1502,-0.866,-0.5,-0.605,1.5211,-0.0021,0.0,0,0,0,open-meteo-real
2000-08-28,8,43.2,314.9,105.4,26.73,26.47,0.412,0.4092,0.5827,0.1518,-0.866,-0.5,-0.568,1.7008,-0.0024,0.0,0,0,0,open-meteo-real
2000-09-04,9,105.4,371.5,54.0,25.98,26.43,0.4217,0.4215,0.5665,0.1699,-1.0,-0.0,-0.4144,0.8224,0.0097,0.0,0,0,0,open-meteo-real
2000-09-11,9,54.0,354.0,90.9,26.63,26.45,0.4118,0.4135,0.591,0.1411,-1.0,-0.0,-0.7,1.5296,-0.01,0.0,0,0,0,open-meteo-real
2000-09-18,9,90.9,382.1,99.6,26.63,26.42,0.4217,0.424,0.58,0.1634,-1.0,-0.0,-0.495,0.9808,0.0099,0.0,0,0,0,open-meteo-real
2000-09-25,9,99.6,396.9,96.8,26.18,26.48,0.4221,0.4203,0.5741,0.1675,-1.0,-0.0,-0.4467,0.9298,0.0005,0.0,0,0,0,open-meteo-real
2000-10-02,10,96.8,378.1,62.7,26.78,26.53,0.4195,0.4189,0.571,0.1604,-0.866,0.5,-0.516,0.9114,-0.0027,0.0,0,0,0,open-meteo-real
2000-10-09,10,62.7,349.6,101.0,27.38,26.78,0.4179,0.4191,0.5952,0.1458,-0.866,0.5,-0.6865,1.301,-0.0016,0.0,0,0,0,open-meteo-real
2000-10-16,10,101.0,384.0,97.3,27.63,27.27,0.4164,0.4207,0.5914,0.1602,-0.866,0.5,-0.495,0.8871,-0.0015,0.0,0,0,0,open-meteo-real
2000-10-23,10,97.3,311.1,79.9,27.48,27.5,0.4183,0.4213,0.587,0.1599,-0.866,0.5,-0.5135,0.746,0.0019,0.0,0,0,0,open-meteo-real
2000-10-30,10,79.9,277.6,68.5,28.03,27.72,0.4151,0.4185,0.599,0.151,-0.866,0.5,-0.6005,0.8107,-0.0032,0.0,0,0,0,open-meteo-real
2000-11-06,11,68.5,236.1,60.0,28.38,27.97,0.4126,0.4125,0.5945,0.1541,-0.5,0.866,-0.5433,0.8042,-0.0025,0.0,0,0,0,open-meteo-real
2000-11-13,11,60.0,185.3,50.4,27.93,28.12,0.4113,0.4108,0.581,0.1488,-0.5,0.866,-0.6,0.7206,-0.0013,0.0,0,0,0,open-meteo-real
2000-11-20,11,50.4,155.8,49.7,28.03,28.12,0.4077,0.4089,0.5887,0.1415,-0.5,0.866,-0.664,0.7213,-0.0036,0.0,0,0,0,open-meteo-real
2000-11-27,11,49.7,151.8,22.9,27.58,27.85,0.416,0.4183,0.5919,0.1461,-0.5,0.866,-0.6687,0.7127,0.0083,0.0,0,0,0,open-meteo-real
2000-12-04,12,22.9,127.2,15.4,28.03,27.88,0.3993,0.3989,0.5872,0.1462,-0.0,1.0,-0.542,1.2961,-0.0167,0.0,0,0,0,open-meteo-real
2000-12-11,12,15.4,118.8,54.3,28.23,27.95,0.3909,0.3911,0.5786,0.1292,-0.0,1.0,-0.692,1.8,-0.0084,0.0,0,0,0,open-meteo-real
2000-12-18,12,54.3,114.4,31.9,27.58,27.95,0.4123,0.4107,0.5737,0.2043,-0.0,1.0,0.086,0.4916,0.0214,0.0,0,0,0,open-meteo-real
2000-12-25,12,31.9,81.6,13.5,27.68,27.83,0.4078,0.4073,0.5897,0.1657,-0.0,1.0,-0.362,0.5969,-0.0045,0.0,0,0,0,open-meteo-real
2001-01-01,1,13.5,63.2,11.9,27.43,27.57,0.3916,0.3912,0.5797,0.141,0.5,0.866,-0.55,1.0923,-0.0162,0.0,0,0,0,open-meteo-real
2001-01-08,1,11.9,59.0,19.5,28.18,27.77,0.3802,0.3769,0.5703,0.1299,0.5,0.866,-0.6033,1.1569,-0.0114,0.0,0,0,0,open-meteo-real
2001-01-15,1,19.5,53.7,14.3,27.88,27.83,0.3855,0.3761,0.5602,0.1533,0.5,0.866,-0.35,0.6426,0.0053,0.0,0,0,0,open-meteo-real
2001-01-22,1,14.3,66.3,11.7,27.73,27.93,0.3969,0.3933,0.5841,0.1463,0.5,0.866,-0.5233,1.0818,0.0114,0.0,0,0,0,open-meteo-real
2001-01-29,1,11.7,77.5,5.0,28.53,28.05,0.3843,0.3792,0.5721,0.1318,0.5,0.866,-0.61,1.5456,-0.0126,0.0,0,0,0,open-meteo-real
2001-02-05,2,5.0,96.6,14.1,27.88,28.05,0.3666,0.3642,0.5638,0.098,0.866,0.5,-0.9,4.508,-0.0176,0.0,0,0,0,open-meteo-real
2001-02-12,2,14.1,131.6,36.2,28.48,28.3,0.3677,0.3552,0.5559,0.1132,0.866,0.5,-0.718,2.1778,0.0011,0.0,0,0,0,open-meteo-real
2001-02-19,2,36.2,212.1,32.1,29.33,28.57,0.3988,0.3922,0.5872,0.1672,0.866,0.5,-0.276,1.3671,0.0311,0.0,0,0,0,open-meteo-real
2001-02-26,2,32.1,241.3,42.7,29.33,29.05,0.4041,0.4011,0.5906,0.1638,0.866,0.5,-0.358,1.754,0.0053,0.0,0,0,0,open-meteo-real
2001-03-05,3,42.7,284.3,79.4,29.08,29.25,0.4093,0.4053,0.5924,0.1441,1.0,0.0,-0.6442,1.5536,0.0053,0.0,0,0,0,open-meteo-real
2001-03-12,3,79.4,303.5,58.8,29.03,29.15,0.4118,0.4141,0.5855,0.17,1.0,0.0,-0.3383,0.8919,0.0025,0.0,0,0,0,open-meteo-real
2001-03-19,3,58.8,306.0,79.9,29.08,29.07,0.4066,0.4073,0.6032,0.1532,1.0,0.0,-0.51,1.2143,-0.0052,0.0,0,0,0,open-meteo-real
2001-03-26,3,79.9,283.7,65.6,28.88,29.0,0.4179,0.4204,0.6022,0.174,1.0,0.0,-0.3342,0.8285,0.0113,0.0,0,0,0,open-meteo-real
2001-04-02,4,65.6,233.7,67.6,29.48,29.15,0.4075,0.4074,0.595,0.1437,0.866,-0.5,-0.6356,0.8313,-0.0103,0.0,0,0,0,open-meteo-real
2001-04-09,4,67.6,201.4,58.2,29.83,29.4,0.4104,0.4139,0.5968,0.1463,0.866,-0.5,-0.6244,0.6952,0.0028,0.0,0,0,0,open-meteo-real
2001-04-16,4,58.2,187.4,35.5,28.73,29.35,0.408,0.4144,0.6055,0.1407,0.866,-0.5,-0.6767,0.7513,-0.0024,0.0,0,0,0,open-meteo-real
2001-04-23,4,35.5,205.8,28.5,28.78,29.12,0.4074,0.4066,0.5951,0.1302,0.866,-0.5,-0.8028,1.3527,-0.0006,0.0,0,0,0,open-meteo-real
2001-04-30,4,28.5,259.9,57.2,29.13,28.88,0.401,0.4024,0.5933,0.1233,0.866,-0.5,-0.8417,2.1278,-0.0064,0.0,0,0,0,open-meteo-real
2001-05-07,5,57.2,336.5,66.9,28.98,28.97,0.4108,0.4072,0.5875,0.1394,0.5,-0.866,-0.714,1.3727,0.0098,0.0,0,0,0,open-meteo-real
2001-05-14,5,66.9,337.4,86.1,29.43,29.18,0.4083,0.4158,0.5873,0.1417,0.5,-0.866,-0.6655,1.1768,-0.0025,0.0,0,0,0,open-meteo-real
2001-05-21,5,86.1,351.3,107.3,28.13,28.85,0.4176,0.4187,0.5874,0.155,0.5,-0.866,-0.5695,0.952,0.0093,0.0,0,0,0,open-meteo-real
2001-05-28,5,107.3,342.3,65.9,27.58,28.38,0.4187,0.4189,0.5761,0.1641,0.5,-0.866,-0.4635,0.7444,0.0011,0.0,0,0,0,open-meteo-real
2001-06-04,6,65.9,268.5,81.2,26.98,27.57,0.4165,0.419,0.5874,0.1528,0.0,-1.0,-0.5881,0.9507,-0.0022,0.0,0,0,0,open-meteo-real
2001-06-11,6,81.2,233.1,73.0,27.13,27.23,0.4185,0.4187,0.5883,0.1617,0.0,-1.0,-0.4925,0.6698,0.002,0.0,0,0,0,open-meteo-real
2001-06-18,6,73.0,207.5,40.0,27.58,27.23,0.4158,0.4164,0.5832,0.156,0.0,-1.0,-0.5437,0.6632,-0.0027,0.0,0,0,0,open-meteo-real
2001-06-25,6,40.0,150.3,24.5,27.03,27.25,0.4156,0.4159,0.5795,0.1393,0.0,-1.0,-0.75,0.8768,-0.0002,0.0,0,0,0,open-meteo-real
2001-07-02,7,24.5,179.4,54.3,27.08,27.23,0.3997,0.3997,0.5716,0.1343,-0.5,-0.866,-0.6937,1.7086,-0.0158,0.0,0,0,0,open-meteo-real
2001-07-09,7,54.3,187.2,27.1,26.68,26.93,0.4091,0.4061,0.568,0.1698,-0.5,-0.866,-0.3213,0.8044,0.0094,0.0,0,0,0,open-meteo-real
2001-07-16,7,27.1,175.5,51.6,26.43,26.73,0.3986,0.4018,0.564,0.1363,-0.5,-0.866,-0.6612,1.5111,-0.0106,0.0,0,0,0,open-meteo-real
2001-07-23,7,51.6,169.9,49.3,25.93,26.35,0.3949,0.3958,0.5567,0.1585,-0.5,-0.866,-0.355,0.7683,-0.0037,0.0,0,0,0,open-meteo-real
2001-07-30,7,49.3,163.3,42.9,26.03,26.13,0.4042,0.4068,0.5652,0.1618,-0.5,-0.866,-0.3838,0.7729,0.0093,0.0,0,0,0,open-meteo-real
2001-08-06,8,42.9,170.3,20.3,25.68,25.88,0.4077,0.4106,0.576,0.1489,-0.866,-0.5,-0.571,0.9263,0.0035,0.0,0,0,0,open-meteo-real
2001-08-13,8,20.3,185.8,32.7,25.58,25.77,0.3915,0.3902,0.5437,0.1211,-0.866,-0.5,-0.797,2.1356,-0.0162,0.0,0,1,0,open-meteo-real
2001-08-20,8,32.7,223.5,67.2,25.88,25.72,0.403,0.3985,0.5498,0.138,-0.866,-0.5,-0.673,1.5948,0.0115,0.0,0,1,0,open-meteo-real
2001-08-27,8,67.2,279.4,44.8,25.88,25.78,0.4089,0.4089,0.5623,0.1691,-0.866,-0.5,-0.328,0.9701,0.0059,0.0,0,0,0,open-meteo-real
2001-09-03,9,44.8,259.4,59.1,26.18,25.98,0.4119,0.4131,0.5719,0.137,-1.0,-0.0,-0.7511,1.351,0.0029,0.0,0,0,0,open-meteo-real
2001-09-10,9,59.1,270.0,89.9,26.53,26.2,0.4185,0.4203,0.5875,0.1473,-1.0,-0.0,-0.6717,1.066,0.0066,0.0,0,0,0,open-meteo-real
2001-09-17,9,89.9,293.7,54.5,26.58,26.43,0.4192,0.42,0.5832,0.1615,-1.0,-0.0,-0.5006,0.7623,0.0007,0.0,0,0,0,open-meteo-real
2001-09-24,9,54.5,260.9,56.9,26.53,26.55,0.4162,0.4186,0.5928,0.144,-1.0,-0.0,-0.6972,1.117,-0.003,0.0,0,0,0,open-meteo-real
2001-10-01,10,56.9,264.3,83.1,27.38,26.83,0.4178,0.4217,0.5945,0.1434,-0.866,0.5,-0.7155,1.0838,0.0015,0.0,0,0,0,open-meteo-real
2001-10-08,10,83.1,282.0,47.0,27.03,26.98,0.4181,0.4182,0.5893,0.1541,-0.866,0.5,-0.5845,0.7918,0.0003,0.0,0,0,0,open-meteo-real
2001-10-15,10,47.0,247.1,66.6,27.78,27.4,0.4066,0.4047,0.5875,0.1328,-0.866,0.5,-0.765,1.2267,-0.0115,0.0,0,0,0,open-meteo-real
2001-10-22,10,66.6,243.7,56.1,26.88,27.23,0.4178,0.4222,0.5898,0.1473,-0.866,0.5,-0.667,0.8538,0.0112,0.0,0,0,0,open-meteo-real
2001-10-29,10,56.1,226.2,66.6,27.53,27.4,0.4175,0.4208,0.5958,0.143,-0.866,0.5,-0.7195,0.9408,-0.0003,0.0,0,0,0,open-meteo-real
2001-11-05,11,66.6,214.6,42.4,27.18,27.2,0.4178,0.419,0.5909,0.1562,-0.5,0.866,-0.556,0.7519,0.0002,0.0,0,0,0,open-meteo-real
2001-11-12,11,42.4,173.8,49.5,28.13,27.62,0.4104,0.413,0.5955,0.1389,-0.5,0.866,-0.7173,0.9564,-0.0074,0.0,0,0,0,open-meteo-real
2001-11-19,11,49.5,167.0,47.2,27.93,27.75,0.4148,0.4155,0.5924,0.1453,-0.5,0.866,-0.67,0.7872,0.0044,0.0,0,0,0,open-meteo-real
2001-11-26,11,47.2,160.5,23.7,27.83,27.97,0.4124,0.4121,0.5856,0.1426,-0.5,0.866,-0.6853,0.7934,-0.0024,0.0,0,0,0,open-meteo-real
2001-12-03,12,23.7,130.4,37.9,28.38,28.05,0.4012,0.4041,0.5864,0.1486,-0.0,1.0,-0.526,1.2838,-0.0112,0.0,0,0,0,open-meteo-real
2001-12-10,12,37.9,135.4,45.0,28.18,28.13,0.4057,0.4046,0.5771,0.1741,-0.0,1.0,-0.242,0.8336,0.0045,0.0,0,0,0,open-meteo-real
2001-12-17,12,45.0,106.7,21.1,28.73,28.43,0.4099,0.4126,0.5899,0.1879,-0.0,1.0,-0.1,0.5533,0.0042,0.0,0,0,0,open-meteo-real
2001-12-24,12,21.1,73.6,27.1,29.03,28.65,0.3992,0.3993,0.5831,0.1433,-0.0,1.0,-0.578,0.8139,-0.0107,0.0,0,0,0,open-meteo-real
2001-12-31,12,27.1,59.9,8.4,28.03,28.6,0.4003,0.3963,0.5774,0.1535,-0.0,1.0,-0.458,0.5157,0.0011,0.0,0,0,0,open-meteo-real
2002-01-07,1,8.4,40.2,11.9,28.73,28.6,0.3866,0.39,0.5819,0.1243,0.5,0.866,-0.72,1.1167,-0.0137,0.0,0,0,0,open-meteo-real
2002-01-14,1,11.9,50.8,9.8,27.93,28.23,0.3764,0.3717,0.5591,0.1276,0.5,0.866,-0.6033,0.9961,-0.0102,0.0,0,0,0,open-meteo-real
2002-01-21,1,9.8,53.6,7.0,28.18,28.28,0.3779,0.3719,0.5659,0.1229,0.5,0.866,-0.6733,1.2762,0.0015,0.0,0,0,0,open-meteo-real
2002-01-28,1,7.0,112.3,20.8,28.68,28.27,0.3614,0.3579,0.5591,0.1055,0.5,0.866,-0.7667,3.7433,-0.0165,0.0,0,0,0,open-meteo-real
2002-02-04,2,20.8,148.6,12.7,28.23,28.37,0.3841,0.3674,0.554,0.1337,0.866,0.5,-0.584,1.667,0.0227,0.0,0,0,0,open-meteo-real
2002-02-11,2,12.7,172.7,44.2,28.48,28.47,0.3847,0.3776,0.5694,0.1211,0.866,0.5,-0.746,3.173,0.0006,0.0,0,0,0,open-meteo-real
2002-02-18,2,44.2,285.4,64.2,29.73,28.82,0.3955,0.3892,0.5771,0.178,0.866,0.5,-0.116,1.5066,0.0109,0.0,0,0,0,open-meteo-real
2002-02-25,2,64.2,313.6,47.1,29.38,29.2,0.4141,0.4166,0.5998,0.2212,0.866,0.5,0.284,1.1398,0.0186,0.0,0,0,0,open-meteo-real
2002-03-04,3,47.1,298.9,120.1,29.73,29.62,0.4137,0.4164,0.5947,0.1496,1.0,0.0,-0.6075,1.4808,-0.0004,0.0,0,0,0,open-meteo-real
2002-03-11,3,120.1,334.2,67.4,29.38,29.5,0.4092,0.4101,0.5886,0.1956,1.0,0.0,0.0008,0.6493,-0.0045,0.0,0,0,0,open-meteo-real
2002-03-18,3,67.4,255.1,47.4,28.98,29.37,0.4092,0.4099,0.5926,0.1605,1.0,0.0,-0.4383,0.8831,0.0,0.0,0,0,0,open-meteo-real
2002-03-25,3,47.4,245.7,61.6,29.78,29.38,0.4099,0.4093,0.6023,0.1475,1.0,0.0,-0.605,1.2095,0.0006,0.0,0,0,0,open-meteo-real
2002-04-01,4,61.6,264.2,67.8,29.38,29.38,0.4075,0.4127,0.5931,0.1419,0.866,-0.5,-0.6578,1.0008,-0.0023,0.0,0,0,0,open-meteo-real
2002-04-08,4,67.8,243.4,57.7,29.33,29.5,0.4065,0.4059,0.5913,0.144,0.866,-0.5,-0.6233,0.8377,-0.001,0.0,0,0,0,open-meteo-real
2002-04-15,4,57.7,223.2,45.1,29.23,29.32,0.4116,0.4179,0.5961,0.1426,0.866,-0.5,-0.6794,0.9026,0.0051,0.0,0,0,0,open-meteo-real
2002-04-22,4,45.1,236.3,70.2,28.63,29.07,0.4126,0.4194,0.5912,0.1376,0.866,-0.5,-0.7494,1.2225,0.001,0.0,0,0,0,open-meteo-real
2002-04-29,4,70.2,252.2,38.2,29.13,29.0,0.4078,0.4072,0.5856,0.1459,0.866,-0.5,-0.61,0.8383,-0.0048,0.0,0,0,0,open-meteo-real
2002-05-06,5,38.2,242.2,65.7,28.83,28.87,0.4103,0.4131,0.5981,0.1315,0.5,-0.866,-0.809,1.4794,0.0025,0.0,0,0,0,open-meteo-real
2002-05-13,5,65.7,300.1,50.9,28.88,28.95,0.4151,0.4202,0.5984,0.1453,0.5,-0.866,-0.6715,1.0658,0.0048,0.0,0,0,0,open-meteo-real
2002-05-20,5,50.9,343.5,56.8,28.68,28.8,0.4102,0.4101,0.5884,0.1365,0.5,-0.866,-0.7455,1.5747,-0.0049,0.0,0,0,0,open-meteo-real
2002-05-27,5,56.8,361.6,94.3,28.58,28.72,0.4161,0.4221,0.5964,0.1424,0.5,-0.866,-0.716,1.4854,0.0059,0.0,0,0,0,open-meteo-real
2002-06-03,6,94.3,408.7,101.5,28.28,28.52,0.4144,0.4158,0.5884,0.1658,0.0,-1.0,-0.4106,1.0113,-0.0017,0.0,0,0,0,open-meteo-real
2002-06-10,6,101.5,364.0,83.8,27.78,28.22,0.4213,0.4233,0.5845,0.1735,0.0,-1.0,-0.3656,0.8368,0.0069,0.0,0,0,0,open-meteo-real
2002-06-17,6,83.8,358.2,82.1,27.83,27.97,0.419,0.4222,0.5863,0.1633,0.0,-1.0,-0.4762,0.9974,-0.0023,0.0,0,0,0,open-meteo-real
2002-06-24,6,82.1,319.7,89.7,27.33,27.65,0.4157,0.4132,0.5803,0.1605,0.0,-1.0,-0.4869,0.9086,-0.0032,0.0,0,0,0,open-meteo-real
2002-07-01,7,89.7,293.5,28.4,26.93,27.37,0.4207,0.422,0.5799,0.2121,-0.5,-0.866,0.1213,0.7635,0.0049,0.0,0,0,0,open-meteo-real
2002-07-08,7,28.4,223.5,102.2,26.93,27.07,0.4072,0.4093,0.5844,0.1427,-0.5,-0.866,-0.645,1.8363,-0.0134,0.0,0,0,0,open-meteo-real
2002-07-15,7,102.2,240.7,54.6,26.48,26.78,0.4145,0.4125,0.5668,0.2209,-0.5,-0.866,0.2775,0.5495,0.0073,0.0,0,0,0,open-meteo-real
2002-07-22,7,54.6,183.0,35.4,26.48,26.63,0.4105,0.4141,0.5695,0.1709,-0.5,-0.866,-0.3175,0.7821,-0.004,0.0,0,0,0,open-meteo-real
2002-07-29,7,35.4,189.9,31.0,26.23,26.4,0.4089,0.4085,0.5796,0.1508,-0.5,-0.866,-0.5575,1.2517,-0.0016,0.0,0,0,0,open-meteo-real
2002-08-05,8,31.0,215.5,36.4,26.83,26.52,0.4028,0.3998,0.5776,0.1365,-0.866,-0.5,-0.69,1.622,-0.0061,0.0,0,0,0,open-meteo-real
2002-08-12,8,36.4,264.3,74.7,26.33,26.47,0.4057,0.404,0.5836,0.1425,-0.866,-0.5,-0.636,1.6942,0.0029,0.0,0,0,0,open-meteo-real
2002-08-19,8,74.7,306.2,60.7,26.18,26.45,0.4194,0.4177,0.562,0.1814,-0.866,-0.5,-0.253,0.9564,0.0138,0.0,0,0,0,open-meteo-real
2002-08-26,8,60.7,272.1,77.3,26.58,26.37,0.4169,0.4216,0.577,0.1687,-0.866,-0.5,-0.393,1.046,-0.0026,0.0,0,0,0,open-meteo-real
2002-09-02,9,77.3,281.5,61.2,26.53,26.43,0.4207,0.4204,0.5815,0.1568,-1.0,-0.0,-0.5706,0.8497,0.0038,0.0,0,0,0,open-meteo-real
2002-09-09,9,61.2,277.7,62.3,26.83,26.65,0.4154,0.4152,0.5914,0.1464,-1.0,-0.0,-0.66,1.0588,-0.0053,0.0,0,0,0,open-meteo-real
2002-09-16,9,62.3,316.8,58.7,27.48,26.95,0.4162,0.4155,0.5923,0.1474,-1.0,-0.0,-0.6539,1.1865,0.0008,0.0,0,0,0,open-meteo-real
2002-09-23,9,58.7,350.0,78.2,26.88,27.07,0.4119,0.4146,0.5913,0.1432,-1.0,-0.0,-0.6739,1.3913,-0.0042,0.0,0,0,0,open-meteo-real
2002-09-30,9,78.2,345.2,82.0,27.13,27.17,0.4201,0.4236,0.5847,0.1568,-1.0,-0.0,-0.5656,1.03,0.0082,0.0,0,0,0,open-meteo-real
2002-10-07,10,82.0,361.2,108.9,27.28,27.1,0.4163,0.4168,0.593,0.1526,-0.866,0.5,-0.59,1.0278,-0.0038,0.0,0,0,0,open-meteo-real
2002-10-14,10,108.9,333.4,68.5,29.33,27.92,0.4185,0.4188,0.5901,0.1646,-0.866,0.5,-0.4555,0.7144,0.0022,0.0,0,0,0,open-meteo-real
2002-10-21,10,68.5,265.2,88.6,28.08,28.23,0.4146,0.4162,0.59,0.1462,-0.866,0.5,-0.6575,0.9034,-0.0039,0.0,0,0,0,open-meteo-real
2002-10-28,10,88.6,245.5,56.4,28.33,28.58,0.4142,0.4188,0.5875,0.154,-0.866,0.5,-0.557,0.6465,-0.0004,0.0,0,0,0,open-meteo-real
2002-11-04,11,56.4,203.0,40.6,27.83,28.08,0.4079,0.4113,0.5903,0.1448,-0.5,0.866,-0.624,0.8398,-0.0062,0.0,0,0,0,open-meteo-real
2002-11-11,11,40.6,203.0,46.6,27.83,28.0,0.4125,0.4155,0.5875,0.1392,-0.5,0.866,-0.7293,1.1667,0.0046,0.0,0,0,0,open-meteo-real
2002-11-18,11,46.6,194.5,48.8,28.03,27.9,0.4139,0.4139,0.5966,0.1432,-0.5,0.866,-0.6893,0.9739,0.0014,0.0,0,0,0,open-meteo-real
2002-11-25,11,48.8,169.4,61.2,27.98,27.95,0.4151,0.4159,0.5937,0.1451,-0.5,0.866,-0.6747,0.81,0.0012,0.0,0,0,0,open-meteo-real
2002-12-02,12,61.2,132.9,30.6,28.18,28.07,0.4179,0.4211,0.5885,0.2187,-0.0,1.0,0.224,0.5067,0.0028,0.0,0,0,0,open-meteo-real
2002-12-09,12,30.6,80.2,22.8,28.28,28.15,0.4066,0.4091,0.5911,0.1629,-0.0,1.0,-0.388,0.6115,-0.0113,0.0,0,0,0,open-meteo-real
2002-12-16,12,22.8,83.2,16.5,28.28,28.25,0.4028,0.3982,0.5749,0.1481,-0.0,1.0,-0.544,0.8515,-0.0038,0.0,0,0,0,open-meteo-real
2002-12-23,12,16.5,108.1,8.9,28.43,28.33,0.3955,0.3949,0.5807,0.1337,-0.0,1.0,-0.67,1.5287,-0.0072,0.0,0,0,0,open-meteo-real
2002-12-30,12,8.9,131.5,22.3,28.43,28.38,0.3729,0.3733,0.5667,0.108,-0.0,1.0,-0.822,3.4476,-0.0227,0.0,0,0,0,open-meteo-real
2003-01-06,1,22.3,146.0,41.0,29.13,28.67,0.3873,0.3808,0.5661,0.1618,0.5,0.866,-0.2567,1.5277,0.0144,0.0,0,0,0,open-meteo-real
2003-01-13,1,41.0,145.1,41.2,28.28,28.62,0.4115,0.4033,0.5769,0.2262,0.5,0.866,0.3667,0.8258,0.0242,0.0,0,0,0,open-meteo-real
2003-01-20,1,41.2,131.8,39.5,28.13,28.52,0.4107,0.4107,0.5898,0.2263,0.5,0.866,0.3733,0.7464,-0.0008,0.0,0,0,0,open-meteo-real
2003-01-27,1,39.5,138.7,17.6,29.03,28.48,0.4029,0.4057,0.5881,0.2171,0.5,0.866,0.3167,0.8193,-0.0078,0.0,0,0,0,open-meteo-real
2003-02-03,2,17.6,150.1,19.1,29.38,28.85,0.381,0.3753,0.5718,0.1268,0.866,0.5,-0.648,1.99,-0.0218,0.0,0,0,0,open-meteo-real
2003-02-10,2,19.1,169.1,48.9,29.18,29.2,0.3867,0.3771,0.5742,0.1326,0.866,0.5,-0.618,2.0658,0.0056,0.0,0,0,0,open-meteo-real
2003-02-17,2,48.9,184.3,53.0,29.28,29.28,0.4071,0.4083,0.5865,0.1925,0.866,0.5,-0.022,0.8794,0.0204,0.0,0,0,0,open-meteo-real
2003-02-24,2,53.0,216.1,35.0,29.63,29.37,0.4077,0.4135,0.5889,0.1994,0.866,0.5,0.06,0.9514,0.0006,0.0,0,0,0,open-meteo-real
2003-03-03,3,35.0,216.0,19.9,28.68,29.2,0.4118,0.4154,0.6015,0.1404,1.0,0.0,-0.7083,1.44,0.0042,0.0,0,0,0,open-meteo-real
2003-03-10,3,19.9,260.9,98.8,29.78,29.37,0.3939,0.3964,0.5964,0.1196,1.0,0.0,-0.8342,3.0591,-0.0179,0.0,0,0,0,open-meteo-real
2003-03-17,3,98.8,292.8,40.7,29.23,29.23,0.4128,0.4177,0.5956,0.1836,1.0,0.0,-0.1767,0.6915,0.0189,0.0,0,0,0,open-meteo-real
2003-03-24,3,40.7,261.7,66.6,29.53,29.52,0.4098,0.4159,0.611,0.143,1.0,0.0,-0.6608,1.5003,-0.0031,0.0,0,0,0,open-meteo-real
2003-03-31,3,66.6,275.9,81.8,29.58,29.45,0.4084,0.4099,0.5998,0.1594,1.0,0.0,-0.445,0.9666,-0.0014,0.0,0,0,0,open-meteo-real
2003-04-07,4,81.8,270.1,70.6,29.83,29.65,0.4067,0.4088,0.5929,0.1504,0.866,-0.5,-0.5456,0.7705,-0.0017,0.0,0,0,0,open-meteo-real
2003-04-14,4,70.6,268.0,26.1,29.13,29.52,0.4119,0.4141,0.5897,0.1485,0.866,-0.5,-0.6078,0.8857,0.0052,0.0,0,0,0,open-meteo-real
2003-04-21,4,26.1,240.4,63.3,29.18,29.38,0.3938,0.39,0.5795,0.1179,0.866,-0.5,-0.855,2.1492,-0.0181,0.0,0,0,0,open-meteo-real
2003-04-28,4,63.3,266.7,70.2,28.68,29.0,0.416,0.4165,0.5923,0.1477,0.866,-0.5,-0.6483,0.9831,0.0222,0.0,0,0,0,open-meteo-real
2003-05-05,5,70.2,280.2,67.5,29.13,29.0,0.4117,0.4169,0.5965,0.1451,0.5,-0.866,-0.649,0.9313,-0.0043,0.0,0,0,0,open-meteo-real
2003-05-12,5,67.5,259.5,50.3,28.98,28.93,0.4047,0.4022,0.5852,0.1398,0.5,-0.866,-0.6625,0.897,-0.007,0.0,0,0,0,open-meteo-real
2003-05-19,5,50.3,248.9,78.0,28.93,29.02,0.4144,0.4187,0.5948,0.1387,0.5,-0.866,-0.7485,1.1546,0.0097,0.0,0,0,0,open-meteo-real
2003-05-26,5,78.0,285.1,60.2,28.68,28.87,0.4168,0.4178,0.5862,0.1513,0.5,-0.866,-0.61,0.8529,0.0024,0.0,0,0,0,open-meteo-real
2003-06-02,6,60.2,281.2,39.2,27.78,28.47,0.416,0.4162,0.5864,0.1497,0.0,-1.0,-0.6237,1.0899,-0.0007,0.0,0,0,0,open-meteo-real
2003-06-09,6,39.2,282.7,74.9,27.18,27.88,0.4022,0.4017,0.5724,0.1309,0.0,-1.0,-0.755,1.6827,-0.0138,0.0,0,0,0,open-meteo-real
2003-06-16,6,74.9,295.9,67.7,27.88,27.62,0.4196,0.4232,0.5928,0.1592,0.0,-1.0,-0.5319,0.9218,0.0174,0.0,0,0,0,open-meteo-real
2003-06-23,6,67.7,314.5,78.5,26.83,27.3,0.4181,0.4174,0.5819,0.1547,0.0,-1.0,-0.5769,1.0839,-0.0016,0.0,0,0,0,open-meteo-real
2003-06-30,6,78.5,300.4,55.7,27.13,27.28,0.4091,0.4086,0.5789,0.1547,0.0,-1.0,-0.5094,0.8929,-0.0089,0.0,0,0,0,open-meteo-real
2003-07-07,7,55.7,384.2,100.4,27.43,27.13,0.4168,0.4188,0.5847,0.1758,-0.5,-0.866,-0.3037,1.6095,0.0076,0.0,0,0,0,open-meteo-real
2003-07-14,7,100.4,394.8,44.1,26.78,27.12,0.4185,0.4186,0.577,0.2215,-0.5,-0.866,0.255,0.9175,0.0017,0.0,0,0,0,open-meteo-real
2003-07-21,7,44.1,352.6,89.1,27.03,27.08,0.411,0.4084,0.588,0.1607,-0.5,-0.866,-0.4488,1.8656,-0.0075,0.0,0,0,0,open-meteo-real
2003-07-28,7,89.1,469.4,120.1,26.73,26.85,0.4201,0.4217,0.5701,0.2111,-0.5,-0.866,0.1137,1.2293,0.0091,0.0,0,0,0,open-meteo-real
2003-08-04,8,120.1,576.3,81.3,26.18,26.65,0.4105,0.4055,0.5638,0.2124,-0.866,-0.5,0.201,1.1197,-0.0096,0.0,0,0,0,open-meteo-real
2003-08-11,8,81.3,532.7,41.8,26.43,26.45,0.4179,0.4189,0.5822,0.1858,-0.866,-0.5,-0.187,1.5289,0.0074,0.0,0,0,0,open-meteo-real
2003-08-18,8,41.8,507.0,248.6,26.28,26.3,0.4116,0.413,0.5813,0.1504,-0.866,-0.5,-0.582,2.8301,-0.0063,0.0,0,0,0,open-meteo-real
2003-08-25,8,248.6,524.4,152.1,26.38,26.37,0.4158,0.4112,0.5676,0.3184,-0.866,-0.5,1.486,0.4922,0.0042,0.0,1,0,0,open-meteo-real
2003-09-01,9,152.1,336.5,52.8,25.88,26.18,0.4238,0.4269,0.5856,0.1919,-1.0,-0.0,-0.155,0.5162,0.008,0.0,0,0,0,open-meteo-real
2003-09-08,9,52.8,245.2,59.1,27.33,26.53,0.4127,0.4133,0.5863,0.1411,-1.0,-0.0,-0.7067,1.0836,-0.0111,0.0,0,0,0,open-meteo-real
2003-09-15,9,59.1,259.3,46.0,26.83,26.68,0.4211,0.4211,0.5893,0.1489,-1.0,-0.0,-0.6717,1.0237,0.0084,0.0,0,0,0,open-meteo-real
2003-09-22,9,46.0,272.3,76.5,27.93,27.37,0.414,0.4159,0.5947,0.1389,-1.0,-0.0,-0.7444,1.3812,-0.007,0.0,0,0,0,open-meteo-real
2003-09-29,9,76.5,290.9,54.5,27.78,27.52,0.4152,0.4195,0.5889,0.1531,-1.0,-0.0,-0.575,0.8873,0.0012,0.0,0,0,0,open-meteo-real
2003-10-06,10,54.5,287.7,64.6,27.68,27.8,0.4133,0.4124,0.5893,0.1398,-0.866,0.5,-0.7275,1.2317,-0.0018,0.0,0,0,0,open-meteo-real
2003-10-13,10,64.6,282.4,79.9,27.98,27.82,0.4141,0.4169,0.5932,0.1443,-0.866,0.5,-0.677,1.02,0.0007,0.0,0,0,0,open-meteo-real
2003-10-20,10,79.9,268.3,73.8,27.73,27.8,0.4161,0.4188,0.5956,0.1516,-0.866,0.5,-0.6005,0.7835,0.0021,0.0,0,0,0,open-meteo-real
2003-10-27,10,73.8,243.4,54.7,28.13,27.95,0.4174,0.4213,0.5986,0.15,-0.866,0.5,-0.631,0.7696,0.0013,0.0,0,0,0,open-meteo-real
2003-11-03,11,54.7,247.7,53.4,28.08,27.98,0.4059,0.4057,0.5825,0.1427,-0.5,0.866,-0.6353,1.0566,-0.0115,0.0,0,0,0,open-meteo-real
2003-11-10,11,53.4,217.5,42.6,28.33,28.18,0.411,0.412,0.5912,0.1451,-0.5,0.866,-0.644,0.9504,0.005,0.0,0,0,0,open-meteo-real
2003-11-17,11,42.6,211.7,65.0,28.68,28.37,0.4067,0.407,0.5842,0.1367,-0.5,0.866,-0.716,1.1595,-0.0043,0.0,0,0,0,open-meteo-real
2003-11-24,11,65.0,222.6,46.5,28.13,28.38,0.4172,0.42,0.598,0.155,-0.5,0.866,-0.5667,0.7991,0.0105,0.0,0,0,0,open-meteo-real
2003-12-01,12,46.5,164.5,47.4,28.48,28.43,0.4034,0.4029,0.5784,0.1864,-0.0,1.0,-0.07,0.8254,-0.0139,0.0,0,0,0,open-meteo-real
2003-12-08,12,47.4,158.2,56.3,28.43,28.35,0.4104,0.4084,0.5902,0.1921,-0.0,1.0,-0.052,0.7788,0.007,0.0,0,0,0,open-meteo-real
2003-12-15,12,56.3,124.5,12.7,27.98,28.3,0.4134,0.4189,0.5842,0.2081,-0.0,1.0,0.126,0.516,0.0031,0.0,0,0,0,open-meteo-real
2003-12-22,12,12.7,105.3,25.5,28.78,28.4,0.3977,0.4001,0.5848,0.129,-0.0,1.0,-0.746,1.9346,-0.0157,0.0,0,0,0,open-meteo-real
2003-12-29,12,25.5,140.2,25.7,28.83,28.53,0.3749,0.3699,0.5599,0.1357,-0.0,1.0,-0.49,1.2829,-0.0229,0.0,0,0,0,open-meteo-real
2004-01-05,1,25.7,129.2,13.6,28.98,28.87,0.4037,0.4021,0.5856,0.1808,0.5,0.866,-0.1433,1.173,0.0289,0.0,0,0,0,open-meteo-real
2004-01-12,1,13.6,116.0,68.5,28.88,28.9,0.3904,0.3893,0.5747,0.1405,0.5,0.866,-0.5467,1.9902,-0.0133,0.0,0,0,0,open-meteo-real
2004-01-19,1,68.5,132.2,19.7,27.53,28.47,0.4121,0.4106,0.5769,0.2999,0.5,0.866,1.2833,0.4503,0.0217,0.0,0,0,0,open-meteo-real
2004-01-26,1,19.7,76.6,10.8,28.08,28.17,0.406,0.4058,0.5889,0.1661,0.5,0.866,-0.3433,0.9073,-0.0061,0.0,0,0,0,open-meteo-real
2004-02-02,2,10.8,92.5,24.3,29.18,28.27,0.3861,0.389,0.5844,0.1189,0.866,0.5,-0.784,1.9985,-0.0199,0.0,0,0,0,open-meteo-real
2004-02-09,2,24.3,126.2,15.7,29.33,28.87,0.3842,0.3782,0.5743,0.1394,0.866,0.5,-0.514,1.2118,-0.0019,0.0,0,0,0,open-meteo-real
2004-02-16,2,15.7,123.1,34.6,29.13,29.22,0.385,0.3811,0.5769,0.1261,0.866,0.5,-0.686,1.8295,0.0009,0.0,0,0,0,open-meteo-real
2004-02-23,2,34.6,137.4,50.3,29.03,29.17,0.3952,0.392,0.5825,0.1625,0.866,0.5,-0.308,0.9266,0.0102,0.0,0,0,0,open-meteo-real
2004-03-01,3,50.3,133.4,12.5,29.08,29.08,0.4105,0.4152,0.5916,0.1498,1.0,0.0,-0.5808,0.6188,0.0153,0.0,0,0,0,open-meteo-real
2004-03-08,3,12.5,154.3,36.7,29.18,29.1,0.3814,0.3804,0.5859,0.1072,1.0,0.0,-0.8958,2.8803,-0.029,0.0,0,0,0,open-meteo-real
2004-03-15,3,36.7,187.3,23.8,29.13,29.13,0.4061,0.4064,0.5918,0.1381,1.0,0.0,-0.6942,1.1908,0.0247,0.0,0,0,0,open-meteo-real
2004-03-22,3,23.8,224.1,60.0,29.88,29.4,0.3913,0.3911,0.5857,0.1206,1.0,0.0,-0.8017,2.1971,-0.0148,0.0,0,0,0,open-meteo-real
2004-03-29,3,60.0,289.8,56.6,29.33,29.45,0.4111,0.418,0.5885,0.1567,1.0,0.0,-0.5,1.127,0.0198,0.0,0,0,0,open-meteo-real
2004-04-05,4,56.6,272.4,67.8,28.68,29.3,0.4146,0.4165,0.6012,0.1439,0.866,-0.5,-0.6856,1.123,0.0035,0.0,0,0,0,open-meteo-real
2004-04-12,4,67.8,295.6,76.1,28.88,28.97,0.4082,0.411,0.5967,0.145,0.866,-0.5,-0.6233,1.0173,-0.0065,0.0,0,0,0,open-meteo-real
2004-04-19,4,76.1,274.5,65.1,29.28,28.95,0.4101,0.4158,0.5957,0.1499,0.866,-0.5,-0.5772,0.8417,0.0019,0.0,0,0,0,open-meteo-real
2004-04-26,4,65.1,272.3,57.7,29.28,29.15,0.4115,0.4142,0.586,0.1458,0.866,-0.5,-0.6383,0.976,0.0014,0.0,0,0,0,open-meteo-real
2004-05-03,5,57.7,314.0,61.1,28.03,28.87,0.4082,0.4087,0.5853,0.138,0.5,-0.866,-0.7115,1.2698,-0.0033,0.0,0,0,0,open-meteo-real
2004-05-10,5,61.1,321.3,47.3,28.58,28.63,0.4135,0.4158,0.5951,0.1425,0.5,-0.866,-0.6945,1.227,0.0053,0.0,0,0,0,open-meteo-real
2004-05-17,5,47.3,328.4,93.1,27.93,28.18,0.4162,0.4151,0.5874,0.1386,0.5,-0.866,-0.7635,1.62,0.0027,0.0,0,0,0,open-meteo-real
2004-05-24,5,93.1,326.2,99.4,26.88,27.8,0.4161,0.4162,0.5797,0.1569,0.5,-0.866,-0.5345,0.8175,-0.0,0.0,0,0,0,open-meteo-real
2004-05-31,5,99.4,297.8,61.7,27.28,27.37,0.418,0.4166,0.5881,0.1606,0.5,-0.866,-0.503,0.6991,0.0019,0.0,0,0,0,open-meteo-real
2004-06-07,6,61.7,258.0,70.8,27.18,27.12,0.4141,0.4181,0.5903,0.1493,0.0,-1.0,-0.6144,0.9757,-0.0039,0.0,0,0,0,open-meteo-real
2004-06-14,6,70.8,251.6,45.2,27.08,27.18,0.4167,0.4199,0.5888,0.1554,0.0,-1.0,-0.5575,0.8292,0.0026,0.0,0,0,0,open-meteo-real
2004-06-21,6,45.2,263.6,66.0,27.43,27.23,0.4081,0.4101,0.5714,0.1375,0.0,-1.0,-0.7175,1.3608,-0.0086,0.0,0,0,0,open-meteo-real
2004-06-28,6,66.0,355.2,63.4,27.13,27.22,0.418,0.4219,0.588,0.1538,0.0,-1.0,-0.5875,1.2558,0.0099,0.0,0,0,0,open-meteo-real
2004-07-05,7,63.4,335.5,69.5,26.98,27.18,0.4186,0.4204,0.5907,0.1846,-0.5,-0.866,-0.2075,1.2348,0.0006,0.0,0,0,0,open-meteo-real
2004-07-12,7,69.5,312.9,110.7,26.58,26.9,0.4113,0.4071,0.5758,0.1863,-0.5,-0.866,-0.1313,1.0505,-0.0073,0.0,0,0,0,open-meteo-real
2004-07-19,7,110.7,314.4,78.2,26.03,26.53,0.4229,0.4197,0.5694,0.2344,-0.5,-0.866,0.3837,0.6627,0.0115,0.0,0,0,0,open-meteo-real
2004-07-26,7,78.2,251.0,53.7,26.48,26.37,0.4153,0.4123,0.5615,0.1974,-0.5,-0.866,-0.0225,0.7489,-0.0075,0.0,0,0,0,open-meteo-real
2004-08-02,8,53.7,226.3,68.6,25.93,26.15,0.4116,0.4096,0.568,0.1599,-0.866,-0.5,-0.463,0.9833,-0.0037,0.0,0,0,0,open-meteo-real
2004-08-09,8,68.6,242.7,37.2,26.33,26.25,0.401,0.4052,0.5698,0.1655,-0.866,-0.5,-0.314,0.8255,-0.0106,0.0,0,0,0,open-meteo-real
2004-08-16,8,37.2,237.8,50.2,26.43,26.23,0.4026,0.3997,0.5547,0.1413,-0.866,-0.5,-0.628,1.4916,0.0017,0.0,0,0,0,open-meteo-real
2004-08-23,8,50.2,277.2,78.7,26.68,26.48,0.4167,0.4175,0.5825,0.1602,-0.866,-0.5,-0.498,1.2884,0.014,0.0,0,0,0,open-meteo-real
2004-08-30,8,78.7,287.4,45.5,26.83,26.65,0.4182,0.4207,0.585,0.1839,-0.866,-0.5,-0.213,0.8521,0.0015,0.0,0,0,0,open-meteo-real
2004-09-06,9,45.5,276.9,84.3,27.23,26.92,0.4129,0.4137,0.5916,0.138,-1.0,-0.0,-0.7472,1.42,-0.0053,0.0,0,0,0,open-meteo-real
2004-09-13,9,84.3,323.9,55.9,27.18,27.08,0.4192,0.4232,0.5921,0.159,-1.0,-0.0,-0.5317,0.8965,0.0063,0.0,0,0,0,open-meteo-real
2004-09-20,9,55.9,309.6,81.6,26.98,27.13,0.4178,0.4174,0.5979,0.1455,-1.0,-0.0,-0.6894,1.2923,-0.0013,0.0,0,0,0,open-meteo-real
2004-09-27,9,81.6,314.9,92.1,27.08,27.08,0.4176,0.4219,0.5922,0.1568,-1.0,-0.0,-0.5467,0.9004,-0.0002,0.0,0,0,0,open-meteo-real
2004-10-04,10,92.1,289.6,54.5,27.58,27.22,0.4122,0.4098,0.5757,0.1542,-0.866,0.5,-0.5395,0.7337,-0.0054,0.0,0,0,0,open-meteo-real
2004-10-11,10,54.5,275.0,76.6,28.03,27.57,0.4127,0.4175,0.6004,0.1394,-0.866,0.5,-0.7275,1.1774,0.0005,0.0,0,0,0,open-meteo-real
2004-10-18,10,76.6,276.9,51.7,28.03,27.88,0.4177,0.4225,0.5903,0.1512,-0.866,0.5,-0.617,0.8435,0.005,0.0,0,0,0,open-meteo-real
2004-10-25,10,51.7,295.2,77.0,29.18,28.42,0.4123,0.4178,0.5898,0.138,-0.866,0.5,-0.7415,1.3323,-0.0054,0.0,0,0,0,open-meteo-real
2004-11-01,11,77.0,288.7,57.4,28.18,28.47,0.4164,0.4175,0.595,0.1609,-0.5,0.866,-0.4867,0.8748,0.0041,0.0,0,0,0,open-meteo-real
2004-11-08,11,57.4,224.8,70.6,28.53,28.63,0.4119,0.4136,0.5926,0.1477,-0.5,0.866,-0.6173,0.9138,-0.0045,0.0,0,0,0,open-meteo-real
2004-11-15,11,70.6,198.2,70.6,28.63,28.45,0.4107,0.4118,0.5786,0.154,-0.5,0.866,-0.5293,0.6551,-0.0012,0.0,0,0,0,open-meteo-real
2004-11-22,11,70.6,142.5,25.0,28.43,28.53,0.4131,0.4163,0.5901,0.1555,-0.5,0.866,-0.5293,0.471,0.0024,0.0,0,0,0,open-meteo-real
2004-11-29,11,25.0,92.5,26.5,28.88,28.65,0.4002,0.403,0.5887,0.1234,-0.5,0.866,-0.8333,0.8633,-0.0129,0.0,0,0,0,open-meteo-real
2004-12-06,12,26.5,88.6,18.1,28.53,28.62,0.3983,0.396,0.5786,0.1514,-0.0,1.0,-0.47,0.7801,-0.0019,0.0,0,0,0,open-meteo-real
2004-12-13,12,18.1,63.4,21.0,28.28,28.57,0.3977,0.3943,0.5757,0.1376,-0.0,1.0,-0.638,0.8173,-0.0006,0.0,0,0,0,open-meteo-real
2004-12-20,12,21.0,47.7,16.7,28.68,28.5,0.3895,0.3819,0.5599,0.1373,-0.0,1.0,-0.58,0.53,-0.0082,0.0,0,0,0,open-meteo-real
2004-12-27,12,16.7,38.3,7.6,28.98,28.65,0.394,0.3924,0.5767,0.1331,-0.0,1.0,-0.666,0.5351,0.0045,0.0,0,0,0,open-meteo-real
2005-01-03,1,7.6,36.2,1.0,29.13,28.93,0.3741,0.3773,0.5805,0.1147,0.5,0.866,-0.7467,1.1114,-0.0199,0.0,0,0,0,open-meteo-real
2005-01-10,1,1.0,80.3,8.7,29.18,29.1,0.3191,0.3341,0.547,0.0641,0.5,0.866,-0.9667,5.0,-0.055,0.0,0,1,0,open-meteo-real
2005-01-17,1,8.7,98.0,15.9,29.33,29.22,0.3247,0.3137,0.5227,0.088,0.5,0.866,-0.71,2.6284,0.0056,0.0,0,0,0,open-meteo-real
2005-01-24,1,15.9,109.9,48.3,29.28,29.27,0.3554,0.3262,0.5249,0.1256,0.5,0.866,-0.47,1.6128,0.0307,0.0,0,0,0,open-meteo-real
2005-01-31,1,48.3,129.8,21.7,29.08,29.23,0.3828,0.3662,0.5511,0.2285,0.5,0.866,0.61,0.6271,0.0274,0.0,0,0,0,open-meteo-real
2005-02-07,2,21.7,123.2,23.1,29.43,29.27,0.3961,0.3969,0.5915,0.1424,0.866,0.5,-0.566,1.3247,0.0134,0.0,0,0,0,open-meteo-real
2005-02-14,2,23.1,167.7,28.5,29.63,29.38,0.3812,0.374,0.5718,0.1357,0.866,0.5,-0.538,1.6939,-0.015,0.0,0,0,0,open-meteo-real
2005-02-21,2,28.5,223.5,43.1,30.23,29.77,0.3941,0.392,0.589,0.152,0.866,0.5,-0.43,1.8298,0.0129,0.0,0,0,0,open-meteo-real
2005-02-28,2,43.1,218.6,59.5,29.73,29.87,0.4055,0.4034,0.5941,0.1822,0.866,0.5,-0.138,1.1834,0.0114,0.0,0,0,0,open-meteo-real
2005-03-07,3,59.5,208.3,59.5,30.43,30.13,0.4034,0.4099,0.5941,0.1517,1.0,0.0,-0.5042,0.8169,-0.0021,0.0,0,0,0,open-meteo-real
2005-03-14,3,59.5,173.4,52.5,29.93,30.03,0.4073,0.415,0.5933,0.154,1.0,0.0,-0.5042,0.68,0.0039,0.0,0,0,0,open-meteo-real
2005-03-21,3,52.5,143.6,32.4,29.83,30.07,0.4062,0.4063,0.6008,0.1487,1.0,0.0,-0.5625,0.6382,-0.0011,0.0,0,0,0,open-meteo-real
2005-03-28,3,32.4,140.1,20.4,29.48,29.75,0.3992,0.3998,0.5942,0.1311,1.0,0.0,-0.73,1.009,-0.007,0.0,0,0,0,open-meteo-real
2005-04-04,4,20.4,172.4,29.1,29.48,29.6,0.3847,0.3816,0.5871,0.1099,0.866,-0.5,-0.8867,1.9719,-0.0145,0.0,0,0,0,open-meteo-real
2005-04-11,4,29.1,197.6,44.1,29.58,29.52,0.3897,0.3818,0.5816,0.1167,0.866,-0.5,-0.8383,1.5844,0.005,0.0,0,0,0,open-meteo-real
2005-04-18,4,44.1,195.0,47.6,29.28,29.45,0.407,0.4046,0.5938,0.1338,0.866,-0.5,-0.755,1.0317,0.0174,0.0,0,0,0,open-meteo-real
2005-04-25,4,47.6,174.9,53.9,29.13,29.33,0.4106,0.4149,0.5981,0.1375,0.866,-0.5,-0.7356,0.8574,0.0036,0.0,0,0,0,open-meteo-real
2005-05-02,5,53.9,194.7,43.5,28.78,29.07,0.4058,0.4094,0.5896,0.135,0.5,-0.866,-0.7305,0.8429,-0.0048,0.0,0,0,0,open-meteo-real
2005-05-09,5,43.5,191.0,26.7,28.78,28.9,0.4086,0.4106,0.5946,0.1326,0.5,-0.866,-0.7825,1.0245,0.0028,0.0,0,0,0,open-meteo-real
2005-05-16,5,26.7,179.5,59.3,28.83,28.8,0.3965,0.3902,0.5774,0.1186,0.5,-0.866,-0.8665,1.5687,-0.0121,0.0,0,0,0,open-meteo-real
2005-05-23,5,59.3,186.9,50.9,28.73,28.78,0.4061,0.4084,0.5842,0.1374,0.5,-0.866,-0.7035,0.7354,0.0096,0.0,0,0,0,open-meteo-real
2005-05-30,5,50.9,187.9,37.6,27.83,28.47,0.4132,0.4159,0.5831,0.1383,0.5,-0.866,-0.7455,0.8614,0.0071,0.0,0,0,0,open-meteo-real
2005-06-06,6,37.6,155.7,26.5,27.38,27.98,0.4057,0.4057,0.5758,0.1322,0.0,-1.0,-0.765,0.9662,-0.0076,0.0,0,0,0,open-meteo-real
2005-06-13,6,26.5,153.3,66.8,27.03,27.42,0.3909,0.3853,0.5648,0.1178,0.0,-1.0,-0.8344,1.3498,-0.0148,0.0,0,0,0,open-meteo-real
2005-06-20,6,66.8,161.5,17.7,26.88,27.1,0.4055,0.4021,0.5721,0.1467,0.0,-1.0,-0.5825,0.5641,0.0147,0.0,0,0,0,open-meteo-real
2005-06-27,6,17.7,134.3,32.2,26.53,26.82,0.3955,0.399,0.5598,0.1162,0.0,-1.0,-0.8894,1.7704,-0.01,0.0,0,0,0,open-meteo-real
2005-07-04,7,32.2,149.7,37.7,26.43,26.62,0.401,0.4,0.5698,0.1428,-0.5,-0.866,-0.5975,1.0848,0.0055,0.0,0,0,0,open-meteo-real
2005-07-11,7,37.7,144.6,22.3,26.28,26.42,0.4064,0.4032,0.5769,0.1515,-0.5,-0.866,-0.5288,0.895,0.0053,0.0,0,0,0,open-meteo-real
2005-07-18,7,22.3,172.8,48.2,26.43,26.38,0.3968,0.3956,0.5737,0.1304,-0.5,-0.866,-0.7213,1.8081,-0.0095,0.0,0,0,0,open-meteo-real
2005-07-25,7,48.2,225.9,32.4,26.58,26.43,0.4041,0.4045,0.5672,0.1607,-0.5,-0.866,-0.3975,1.0936,0.0073,0.0,0,0,0,open-meteo-real
2005-08-01,8,32.4,223.9,56.1,26.28,26.43,0.4064,0.4057,0.5633,0.1397,-0.866,-0.5,-0.676,1.6124,0.0022,0.0,0,0,0,open-meteo-real
2005-08-08,8,56.1,225.2,35.1,26.88,26.58,0.4061,0.4048,0.5627,0.1585,-0.866,-0.5,-0.439,0.9367,-0.0003,0.0,0,0,0,open-meteo-real
2005-08-15,8,35.1,231.0,95.2,25.93,26.37,0.4053,0.4056,0.5845,0.1412,-0.866,-0.5,-0.649,1.5356,-0.0008,0.0,0,0,0,open-meteo-real
2005-08-22,8,95.2,458.5,33.0,26.48,26.43,0.4153,0.414,0.5693,0.1953,-0.866,-0.5,-0.048,1.1238,0.01,0.0,0,0,0,open-meteo-real
2005-08-29,8,33.0,422.7,50.3,26.88,26.43,0.4081,0.4077,0.5886,0.1413,-0.866,-0.5,-0.67,2.9888,-0.0072,0.0,0,0,0,open-meteo-real
2005-09-05,9,50.3,444.9,56.1,26.98,26.78,0.4135,0.4154,0.59,0.1404,-1.0,-0.0,-0.7206,2.0638,0.0054,0.0,0,0,0,open-meteo-real
2005-09-12,9,56.1,446.9,270.8,27.08,26.98,0.4108,0.4126,0.5782,0.1414,-1.0,-0.0,-0.6883,1.8588,-0.0026,0.0,0,0,0,open-meteo-real
2005-09-19,9,270.8,439.3,45.5,27.13,27.07,0.4152,0.4151,0.5705,0.2395,-1.0,-0.0,0.5044,0.3785,0.0044,0.0,0,0,0,open-meteo-real
2005-09-26,9,45.5,260.2,62.9,27.23,27.15,0.4103,0.4151,0.5938,0.1364,-1.0,-0.0,-0.7472,1.3344,-0.0049,0.0,0,0,0,open-meteo-real
2005-10-03,10,62.9,262.0,48.6,27.03,27.13,0.4116,0.4141,0.591,0.1421,-0.866,0.5,-0.6855,0.9719,0.0012,0.0,0,0,0,open-meteo-real
2005-10-10,10,48.6,273.5,79.1,27.78,27.35,0.4122,0.4136,0.5913,0.1368,-0.866,0.5,-0.757,1.3131,0.0006,0.0,0,0,0,open-meteo-real
2005-10-17,10,79.1,255.6,54.3,28.63,27.82,0.4161,0.416,0.5854,0.1513,-0.866,0.5,-0.6045,0.754,0.0039,0.0,0,0,0,open-meteo-real
2005-10-24,10,54.3,224.8,68.8,27.78,28.07,0.4095,0.4096,0.5852,0.1374,-0.866,0.5,-0.7285,0.966,-0.0066,0.0,0,0,0,open-meteo-real
2005-10-31,10,68.8,231.8,43.9,28.08,28.17,0.4149,0.4163,0.6037,0.1465,-0.866,0.5,-0.656,0.7861,0.0054,0.0,0,0,0,open-meteo-real
2005-11-07,11,43.9,205.4,35.1,27.98,27.95,0.4101,0.4121,0.5961,0.1395,-0.5,0.866,-0.7073,1.0917,-0.0048,0.0,0,0,0,open-meteo-real
2005-11-14,11,35.1,217.7,73.5,28.38,28.15,0.4087,0.4091,0.5908,0.134,-0.5,0.866,-0.766,1.4472,-0.0014,0.0,0,0,0,open-meteo-real
2005-11-21,11,73.5,208.7,45.4,28.43,28.27,0.4178,0.4227,0.5963,0.1599,-0.5,0.866,-0.51,0.6625,0.0091,0.0,0,0,0,open-meteo-real
2005-11-28,11,45.4,167.3,61.4,28.23,28.35,0.41,0.4098,0.5831,0.1402,-0.5,0.866,-0.6973,0.8598,-0.0079,0.0,0,0,0,open-meteo-real
2005-12-05,12,61.4,154.6,22.7,28.48,28.38,0.4165,0.4226,0.5881,0.2181,-0.0,1.0,0.228,0.5875,0.0065,0.0,0,0,0,open-meteo-real
2005-12-12,12,22.7,124.1,36.8,28.88,28.53,0.3933,0.3927,0.5741,0.1423,-0.0,1.0,-0.546,1.2756,-0.0231,0.0,0,0,0,open-meteo-real
2005-12-19,12,36.8,131.7,17.1,28.18,28.52,0.4009,0.3999,0.5779,0.1694,-0.0,1.0,-0.264,0.8351,0.0076,0.0,0,0,0,open-meteo-real
2005-12-26,12,17.1,124.8,41.1,28.58,28.55,0.3838,0.381,0.5711,0.1277,-0.0,1.0,-0.658,1.7029,-0.0171,0.0,0,0,0,open-meteo-real
2006-01-02,1,41.1,128.2,29.8,28.08,28.28,0.4122,0.4075,0.5786,0.2269,0.5,0.866,0.37,0.7278,0.0284,0.0,0,0,0,open-meteo-real
2006-01-09,1,29.8,123.2,14.9,28.63,28.43,0.4013,0.4012,0.5837,0.1902,0.5,0.866,-0.0067,0.9647,-0.0109,0.0,0,0,0,open-meteo-real
2006-01-16,1,14.9,131.7,40.9,29.28,28.67,0.3988,0.398,0.5868,0.149,0.5,0.866,-0.5033,2.0624,-0.0024,0.0,0,0,0,open-meteo-real
2006-01-23,1,40.9,176.9,29.7,29.88,29.27,0.4081,0.4086,0.5844,0.2239,0.5,0.866,0.3633,1.0092,0.0093,0.0,0,0,0,open-meteo-real
2006-01-30,1,29.7,168.5,33.4,30.38,29.85,0.3995,0.4046,0.5936,0.1889,0.5,0.866,-0.01,1.3238,-0.0085,0.0,0,0,0,open-meteo-real
2006-02-06,2,33.4,167.9,55.4,28.68,29.65,0.4038,0.4023,0.588,0.1657,0.866,0.5,-0.332,1.173,0.0043,0.0,0,0,0,open-meteo-real
2006-02-13,2,55.4,176.3,46.4,29.38,29.48,0.4164,0.4198,0.5914,0.2085,0.866,0.5,0.108,0.7425,0.0126,0.0,0,0,0,open-meteo-real
2006-02-20,2,46.4,188.1,24.9,29.53,29.2,0.411,0.4142,0.5916,0.1908,0.866,0.5,-0.072,0.9459,-0.0054,0.0,0,0,0,open-meteo-real
2006-02-27,2,24.9,164.5,35.7,29.43,29.45,0.3993,0.3971,0.5906,0.1494,0.866,0.5,-0.502,1.5415,-0.0117,0.0,0,0,0,open-meteo-real
2006-03-06,3,35.7,204.0,60.1,28.83,29.27,0.4089,0.4088,0.5881,0.1391,1.0,0.0,-0.7025,1.3333,0.0096,0.0,0,0,0,open-meteo-real
2006-03-13,3,60.1,236.0,38.0,29.28,29.18,0.4099,0.4152,0.6058,0.156,1.0,0.0,-0.4992,0.9163,0.001,0.0,0,0,0,open-meteo-real
2006-03-20,3,38.0,215.0,62.8,29.23,29.12,0.4049,0.406,0.5948,0.1383,1.0,0.0,-0.6833,1.3202,-0.005,0.0,0,0,0,open-meteo-real
2006-03-27,3,62.8,222.7,32.9,29.78,29.43,0.4061,0.4087,0.6019,0.1555,1.0,0.0,-0.4767,0.8274,0.0012,0.0,0,0,0,open-meteo-real
2006-04-03,4,32.9,190.4,66.8,29.63,29.55,0.4045,0.407,0.5938,0.1273,0.866,-0.5,-0.8172,1.3504,-0.0016,0.0,0,0,0,open-meteo-real
2006-04-10,4,66.8,214.5,40.9,29.63,29.68,0.4004,0.3992,0.5859,0.1399,0.866,-0.5,-0.6289,0.7493,-0.0041,0.0,0,0,0,open-meteo-real
2006-04-17,4,40.9,200.5,37.9,29.03,29.43,0.4038,0.4075,0.6004,0.1304,0.866,-0.5,-0.7728,1.1438,0.0034,0.0,0,0,0,open-meteo-real
2006-04-24,4,37.9,217.3,44.1,28.83,29.17,0.4092,0.4126,0.5873,0.1323,0.866,-0.5,-0.7894,1.3378,0.0054,0.0,0,0,0,open-meteo-real
2006-05-01,5,44.1,238.8,72.2,28.88,28.92,0.4068,0.4091,0.5967,0.1317,0.5,-0.866,-0.7795,1.2635,-0.0024,0.0,0,0,0,open-meteo-real
2006-05-08,5,72.2,256.8,47.0,28.38,28.7,0.417,0.4205,0.5902,0.1491,0.5,-0.866,-0.639,0.8299,0.0102,0.0,0,0,0,open-meteo-real
2006-05-15,5,47.0,257.5,62.6,28.03,28.43,0.3912,0.3961,0.5721,0.1235,0.5,-0.866,-0.765,1.2784,-0.0258,0.0,0,0,0,open-meteo-real
2006-05-22,5,62.6,304.2,63.9,28.28,28.23,0.4131,0.4091,0.582,0.1429,0.5,-0.866,-0.687,1.1339,0.0219,0.0,0,0,0,open-meteo-real
2006-05-29,5,63.9,305.2,74.8,28.43,28.25,0.4146,0.4188,0.5906,0.1443,0.5,-0.866,-0.6805,1.1144,0.0015,0.0,0,0,0,open-meteo-real
2006-06-05,6,74.8,323.7,80.8,28.43,28.38,0.4113,0.4147,0.59,0.1542,0.0,-1.0,-0.5325,1.0098,-0.0033,0.0,0,0,0,open-meteo-real
2006-06-12,6,80.8,266.4,79.4,28.23,28.37,0.4073,0.4084,0.5796,0.1548,0.0,-1.0,-0.495,0.7693,-0.004,0.0,0,0,0,open-meteo-real
2006-06-19,6,79.4,263.6,58.9,28.13,28.27,0.4178,0.4225,0.5953,0.1604,0.0,-1.0,-0.5038,0.7746,0.0105,0.0,0,0,0,open-meteo-real
2006-06-26,6,58.9,231.0,40.7,27.48,27.95,0.4176,0.4184,0.5929,0.15,0.0,-1.0,-0.6319,0.9151,-0.0002,0.0,0,0,0,open-meteo-real
2006-07-03,7,40.7,275.7,77.4,27.18,27.6,0.3955,0.3992,0.5618,0.148,-0.5,-0.866,-0.4913,1.5806,-0.0221,0.0,0,0,0,open-meteo-real
2006-07-10,7,77.4,253.5,52.6,26.98,27.22,0.4032,0.399,0.5673,0.1893,-0.5,-0.866,-0.0325,0.7642,0.0077,0.0,0,0,0,open-meteo-real
2006-07-17,7,52.6,196.6,93.3,25.68,26.62,0.4077,0.4078,0.5532,0.1672,-0.5,-0.866,-0.3425,0.8721,0.0045,0.0,0,0,0,open-meteo-real
2006-07-24,7,93.3,200.7,26.9,26.68,26.45,0.4022,0.4047,0.5678,0.2046,-0.5,-0.866,0.1663,0.5019,-0.0055,0.0,0,0,0,open-meteo-real
2006-07-31,7,26.9,158.9,16.6,26.03,26.13,0.3976,0.3929,0.5534,0.1355,-0.5,-0.866,-0.6638,1.3783,-0.0046,0.0,0,0,0,open-meteo-real
2006-08-07,8,16.6,185.0,39.4,26.33,26.35,0.3794,0.3773,0.5615,0.1109,-0.866,-0.5,-0.834,2.6004,-0.0182,0.0,0,0,0,open-meteo-real
2006-08-14,8,39.4,260.7,55.9,26.38,26.25,0.3978,0.3944,0.5647,0.1402,-0.866,-0.5,-0.606,1.5439,0.0184,0.0,0,0,0,open-meteo-real
2006-08-21,8,55.9,273.4,55.1,26.48,26.4,0.4089,0.4078,0.5764,0.16,-0.866,-0.5,-0.441,1.1412,0.0111,0.0,0,0,0,open-meteo-real
2006-08-28,8,55.1,275.9,96.7,26.93,26.6,0.4099,0.4065,0.57,0.16,-0.866,-0.5,-0.449,1.1684,0.0011,0.0,0,0,0,open-meteo-real
2006-09-04,9,96.7,286.5,56.3,26.58,26.67,0.4203,0.4206,0.5821,0.1652,-1.0,-0.0,-0.4628,0.6913,0.0104,0.0,0,0,0,open-meteo-real
2006-09-11,9,56.3,239.0,44.3,26.83,26.78,0.4126,0.4114,0.5938,0.1426,-1.0,-0.0,-0.6872,0.9905,-0.0077,0.0,0,0,0,open-meteo-real
2006-09-18,9,44.3,234.8,77.0,27.33,26.92,0.4132,0.4164,0.5982,0.1376,-1.0,-0.0,-0.7539,1.2367,0.0006,0.0,0,0,0,open-meteo-real
2006-09-25,9,77.0,274.3,38.5,26.58,26.92,0.4167,0.417,0.582,0.1543,-1.0,-0.0,-0.5722,0.8312,0.0035,0.0,0,0,0,open-meteo-real
2006-10-02,10,38.5,269.2,59.5,27.78,27.23,0.4116,0.4103,0.5955,0.1324,-0.866,0.5,-0.8075,1.6315,-0.0051,0.0,0,0,0,open-meteo-real
2006-10-09,10,59.5,300.1,57.3,28.18,27.52,0.4148,0.4172,0.5948,0.1427,-0.866,0.5,-0.7025,1.1769,0.0031,0.0,0,0,0,open-meteo-real
2006-10-16,10,57.3,303.3,93.8,28.38,28.12,0.4084,0.4106,0.5971,0.1379,-0.866,0.5,-0.7135,1.2351,-0.0064,0.0,0,0,0,open-meteo-real
2006-10-23,10,93.8,322.8,69.8,28.33,28.3,0.414,0.4108,0.5796,0.1559,-0.866,0.5,-0.531,0.803,0.0056,0.0,0,0,0,open-meteo-real
2006-10-30,10,69.8,244.7,65.7,28.13,28.28,0.4182,0.4191,0.5888,0.1488,-0.866,0.5,-0.651,0.818,0.0042,0.0,0,0,0,open-meteo-real
2006-11-06,11,65.7,204.4,73.6,28.38,28.28,0.4147,0.4212,0.5965,0.1539,-0.5,0.866,-0.562,0.7259,-0.0035,0.0,0,0,0,open-meteo-real
2006-11-13,11,73.6,162.5,32.1,28.13,28.22,0.4176,0.4218,0.596,0.1598,-0.5,0.866,-0.5093,0.5152,0.0029,0.0,0,0,0,open-meteo-real
2006-11-20,11,32.1,99.2,28.6,28.08,28.2,0.4045,0.4044,0.5885,0.1298,-0.5,0.866,-0.786,0.7211,-0.0131,0.0,0,0,0,open-meteo-real
2006-11-27,11,28.6,82.5,24.8,28.68,28.3,0.4009,0.3998,0.5872,0.1258,-0.5,0.866,-0.8093,0.6731,-0.0036,0.0,0,0,0,open-meteo-real
2006-12-04,12,24.8,72.5,12.1,28.38,28.38,0.4031,0.4006,0.5796,0.1516,-0.0,1.0,-0.504,0.6821,0.0022,0.0,0,0,0,open-meteo-real
2006-12-11,12,12.1,50.9,10.6,28.38,28.48,0.3882,0.3859,0.5728,0.1223,-0.0,1.0,-0.758,0.9815,-0.0149,0.0,0,0,0,open-meteo-real
2006-12-18,12,10.6,40.7,20.5,28.58,28.45,0.3799,0.3736,0.565,0.1149,-0.0,1.0,-0.788,0.8959,-0.0084,0.0,0,0,0,open-meteo-real
2006-12-25,12,20.5,38.1,7.2,28.28,28.42,0.3866,0.376,0.5635,0.1347,-0.0,1.0,-0.59,0.4337,0.0067,0.0,0,0,0,open-meteo-real
2007-01-01,1,7.2,25.5,2.1,28.98,28.62,0.3606,0.363,0.5662,0.1056,0.5,0.866,-0.76,0.8264,-0.026,0.0,0,0,0,open-meteo-real
2007-01-08,1,2.1,29.0,2.5,28.98,28.75,0.3261,0.3308,0.5405,0.0713,0.5,0.866,-0.93,3.2222,-0.0345,0.0,0,1,0,open-meteo-real
2007-01-15,1,2.5,60.3,11.1,29.38,29.12,0.2902,0.3029,0.5214,0.0508,0.5,0.866,-0.9167,5.0,-0.0359,0.0,0,1,0,open-meteo-real
2007-01-22,1,11.1,100.7,9.8,29.63,29.33,0.3274,0.3001,0.5087,0.096,0.5,0.866,-0.63,2.1168,0.0372,0.0,0,0,0,open-meteo-real
2007-01-29,1,9.8,134.5,31.6,29.43,29.48,0.323,0.3014,0.5128,0.0899,0.5,0.866,-0.6733,3.2024,-0.0044,0.0,0,0,0,open-meteo-real
2007-02-05,2,31.6,162.7,26.5,29.18,29.42,0.361,0.3253,0.5159,0.1372,0.866,0.5,-0.368,1.2014,0.038,0.0,0,0,0,open-meteo-real
2007-02-12,2,26.5,165.0,58.9,28.83,29.15,0.3909,0.3763,0.5635,0.1469,0.866,0.5,-0.47,1.4528,0.0299,0.0,0,0,0,open-meteo-real
2007-02-19,2,58.9,243.3,20.9,28.93,28.98,0.4112,0.4058,0.582,0.211,0.866,0.5,0.178,0.9638,0.0204,0.0,0,0,0,open-meteo-real
2007-02-26,2,20.9,245.8,47.0,29.33,29.03,0.3941,0.3905,0.5855,0.1399,0.866,0.5,-0.582,2.7442,-0.0171,0.0,0,0,0,open-meteo-real
2007-03-05,3,47.0,300.1,110.1,29.03,29.1,0.4103,0.4083,0.5943,0.1475,1.0,0.0,-0.6083,1.4899,0.0162,0.0,0,0,0,open-meteo-real
2007-03-12,3,110.1,294.1,65.6,29.43,29.27,0.4095,0.4131,0.5929,0.1891,1.0,0.0,-0.0825,0.6233,-0.0009,0.0,0,0,0,open-meteo-real
2007-03-19,3,65.6,268.5,55.7,29.28,29.25,0.4107,0.4121,0.5948,0.1601,1.0,0.0,-0.4533,0.955,0.0012,0.0,0,0,0,open-meteo-real
2007-03-26,3,55.7,276.9,57.8,29.83,29.52,0.4036,0.4047,0.5872,0.1493,1.0,0.0,-0.5358,1.16,-0.0071,0.0,0,0,0,open-meteo-real
2007-04-02,4,57.8,285.4,68.0,31.53,30.22,0.4088,0.4127,0.5786,0.141,0.866,-0.5,-0.6789,1.1521,0.0052,0.0,0,0,0,open-meteo-real
2007-04-09,4,68.0,313.6,57.4,29.48,30.28,0.405,0.401,0.5936,0.1432,0.866,-0.5,-0.6222,1.0761,-0.0038,0.0,0,0,0,open-meteo-real
2007-04-16,4,57.4,360.7,93.2,28.78,29.93,0.4068,0.4047,0.589,0.1396,0.866,-0.5,-0.6811,1.4663,0.0018,0.0,0,0,0,open-meteo-real
2007-04-23,4,93.2,375.4,88.7,28.78,29.02,0.4159,0.4189,0.5893,0.161,0.866,-0.5,-0.4822,0.9398,0.0091,0.0,0,0,0,open-meteo-real
2007-04-30,4,88.7,352.0,111.8,29.38,28.98,0.4089,0.4112,0.5917,0.1548,0.866,-0.5,-0.5072,0.926,-0.007,0.0,0,0,0,open-meteo-real
2007-05-07,5,111.8,362.5,56.7,29.18,29.12,0.4103,0.4079,0.5723,0.1609,0.5,-0.866,-0.441,0.7566,0.0014,0.0,0,0,0,open-meteo-real
2007-05-14,5,56.7,335.8,51.1,28.73,29.1,0.4081,0.4087,0.5882,0.1375,0.5,-0.866,-0.7165,1.3819,-0.0022,0.0,0,0,0,open-meteo-real
2007-05-21,5,51.1,326.9,106.1,28.68,28.87,0.4089,0.4107,0.5762,0.1358,0.5,-0.866,-0.7445,1.4927,0.0008,0.0,0,0,0,open-meteo-real
2007-05-28,5,106.1,321.8,115.7,29.13,28.85,0.4151,0.4202,0.5818,0.1615,0.5,-0.866,-0.4695,0.7077,0.0063,0.0,0,0,0,open-meteo-real
2007-06-04,6,115.7,258.7,33.5,27.23,28.35,0.4179,0.4206,0.5873,0.1786,0.0,-1.0,-0.2769,0.5217,0.0028,0.0,0,0,0,open-meteo-real
2007-06-11,6,33.5,157.3,58.5,27.48,27.95,0.4017,0.4,0.581,0.1278,0.0,-1.0,-0.7906,1.0956,-0.0162,0.0,0,0,0,open-meteo-real
2007-06-18,6,58.5,161.4,26.7,27.38,27.37,0.4179,0.4172,0.5836,0.15,0.0,-1.0,-0.6344,0.6438,0.0162,0.0,0,0,0,open-meteo-real
2007-06-25,6,26.7,174.1,32.4,26.98,27.28,0.3895,0.3904,0.5603,0.1171,0.0,-1.0,-0.8331,1.5215,-0.0283,0.0,0,0,0,open-meteo-real
2007-07-02,7,32.4,210.0,31.2,26.98,27.12,0.4,0.405,0.5739,0.1424,-0.5,-0.866,-0.595,1.5123,0.0104,0.0,0,0,0,open-meteo-real
2007-07-09,7,31.2,346.6,65.9,27.03,27.0,0.3949,0.3906,0.5579,0.1382,-0.5,-0.866,-0.61,2.5921,-0.005,0.0,0,0,0,open-meteo-real
2007-07-16,7,65.9,448.1,44.2,26.63,26.88,0.4186,0.4157,0.5701,0.1871,-0.5,-0.866,-0.1762,1.5866,0.0237,0.0,0,0,0,open-meteo-real
2007-07-23,7,44.2,446.4,124.9,26.63,26.77,0.4072,0.409,0.5806,0.1585,-0.5,-0.866,-0.4475,2.3566,-0.0115,0.0,0,0,0,open-meteo-real
2007-07-30,7,124.9,500.7,150.6,26.33,26.53,0.3972,0.3955,0.561,0.2332,-0.5,-0.866,0.5613,0.9354,-0.0099,0.0,1,0,0,open-meteo-real
2007-08-06,8,150.6,465.1,105.4,26.33,26.43,0.4098,0.4027,0.5526,0.2364,-0.866,-0.5,0.506,0.7206,0.0126,0.0,0,0,0,open-meteo-real
2007-08-13,8,105.4,356.9,114.2,26.78,26.48,0.4144,0.4135,0.5775,0.203,-0.866,-0.5,0.054,0.7901,0.0046,0.0,0,0,0,open-meteo-real
2007-08-20,8,114.2,318.3,58.7,26.83,26.65,0.4195,0.4213,0.5786,0.2131,-0.866,-0.5,0.142,0.6504,0.0051,0.0,0,0,0,open-meteo-real
2007-08-27,8,58.7,272.0,69.0,26.73,26.78,0.4123,0.4157,0.5835,0.1644,-0.866,-0.5,-0.413,1.0812,-0.0072,0.0,0,0,0,open-meteo-real
2007-09-03,9,69.0,311.4,48.9,26.53,26.7,0.4164,0.4196,0.5847,0.1505,-1.0,-0.0,-0.6167,1.053,0.004,0.0,0,0,0,open-meteo-real
2007-09-10,9,48.9,408.7,85.1,27.03,26.77,0.4136,0.415,0.5911,0.1399,-1.0,-0.0,-0.7283,1.9502,-0.0028,0.0,0,0,0,open-meteo-real
2007-09-17,9,85.1,440.2,85.6,28.08,27.22,0.4125,0.4163,0.5778,0.1553,-1.0,-0.0,-0.5272,1.207,-0.0012,0.0,0,0,0,open-meteo-real
2007-09-24,9,85.6,418.3,175.3,27.93,27.68,0.4173,0.4192,0.5771,0.1584,-1.0,-0.0,-0.5244,1.1402,0.0048,0.0,0,0,0,open-meteo-real
2007-10-01,10,175.3,398.2,77.7,26.33,27.45,0.424,0.4237,0.5782,0.1945,-0.866,0.5,-0.1235,0.53,0.0067,0.0,0,0,0,open-meteo-real
2007-10-08,10,77.7,282.3,57.1,26.93,27.07,0.4214,0.4231,0.589,0.1539,-0.866,0.5,-0.6115,0.8477,-0.0026,0.0,0,0,0,open-meteo-real
2007-10-15,10,57.1,308.2,71.9,27.63,26.97,0.4128,0.418,0.5914,0.1405,-0.866,0.5,-0.7145,1.2594,-0.0086,0.0,0,0,0,open-meteo-real
2007-10-22,10,71.9,360.0,68.0,27.78,27.45,0.4188,0.4212,0.5904,0.15,-0.866,0.5,-0.6405,1.1683,0.006,0.0,0,0,0,open-meteo-real
2007-10-29,10,68.0,336.9,79.6,28.28,27.9,0.4177,0.4211,0.5946,0.1478,-0.866,0.5,-0.66,1.156,-0.0011,0.0,0,0,0,open-meteo-real
2007-11-05,11,79.6,327.1,117.4,27.63,27.9,0.415,0.4165,0.5881,0.1614,-0.5,0.866,-0.4693,0.9588,-0.0028,0.0,0,0,0,open-meteo-real
2007-11-12,11,117.4,301.1,67.2,28.13,28.02,0.4169,0.4161,0.578,0.1828,-0.5,0.866,-0.2173,0.5984,0.002,0.0,0,0,0,open-meteo-real
2007-11-19,11,67.2,222.0,31.6,28.98,28.25,0.416,0.4181,0.5864,0.1555,-0.5,0.866,-0.552,0.7708,-0.0009,0.0,0,0,0,open-meteo-real
2007-11-26,11,31.6,166.0,71.4,28.68,28.6,0.3999,0.3997,0.5842,0.1268,-0.5,0.866,-0.7893,1.2257,-0.0161,0.0,0,0,0,open-meteo-real
2007-12-03,12,71.4,152.8,46.1,28.18,28.62,0.4176,0.4185,0.5768,0.2348,-0.0,1.0,0.428,0.4993,0.0177,0.0,0,0,0,open-meteo-real
2007-12-10,12,46.1,125.5,13.8,28.28,28.38,0.4083,0.411,0.5865,0.1888,-0.0,1.0,-0.078,0.6352,-0.0093,0.0,0,0,0,open-meteo-real
2007-12-17,12,13.8,106.8,14.0,28.08,28.18,0.3968,0.4002,0.5843,0.1302,-0.0,1.0,-0.724,1.8058,-0.0115,0.0,0,0,0,open-meteo-real
2007-12-24,12,14.0,141.2,45.4,27.63,28.0,0.386,0.3818,0.5607,0.124,-0.0,1.0,-0.72,2.3533,-0.0108,0.0,0,0,0,open-meteo-real
2007-12-31,12,45.4,129.9,28.1,27.43,27.72,0.4113,0.408,0.5726,0.1894,-0.0,1.0,-0.092,0.6676,0.0253,0.0,0,0,0,open-meteo-real
2008-01-07,1,28.1,88.3,27.2,28.48,27.85,0.4038,0.4031,0.5772,0.1872,0.5,0.866,-0.0633,0.7332,-0.0075,0.0,0,0,0,open-meteo-real
2008-01-14,1,27.2,77.3,27.5,27.88,27.93,0.4066,0.4081,0.5834,0.1865,0.5,0.866,-0.0933,0.6631,0.0029,0.0,0,0,0,open-meteo-real
2008-01-21,1,27.5,55.3,2.8,28.38,28.25,0.3921,0.4003,0.5828,0.1786,0.5,0.866,-0.0833,0.4692,-0.0146,0.0,0,0,0,open-meteo-real
2008-01-28,1,2.8,40.0,15.8,28.88,28.38,0.3478,0.3545,0.5606,0.0862,0.5,0.866,-0.9067,3.3333,-0.0443,0.0,0,0,0,open-meteo-real
2008-02-04,2,15.8,63.9,7.6,28.43,28.57,0.3588,0.3441,0.5412,0.1106,0.866,0.5,-0.684,0.9437,0.011,0.0,0,1,0,open-meteo-real
2008-02-11,2,7.6,122.6,11.1,28.73,28.68,0.3701,0.3607,0.5641,0.1042,0.866,0.5,-0.848,3.764,0.0113,0.0,0,0,0,open-meteo-real
2008-02-18,2,11.1,166.8,15.4,28.48,28.55,0.3649,0.354,0.5568,0.1067,0.866,0.5,-0.778,3.5063,-0.0053,0.0,0,0,0,open-meteo-real
2008-02-25,2,15.4,199.5,84.8,28.98,28.73,0.3685,0.3558,0.5563,0.1158,0.866,0.5,-0.692,3.0227,0.0037,0.0,0,0,0,open-meteo-real
2008-03-03,3,84.8,241.9,40.5,29.48,28.98,0.3973,0.3921,0.5767,0.1649,1.0,0.0,-0.2933,0.6656,0.0288,0.0,0,0,0,open-meteo-real
2008-03-10,3,40.5,242.5,43.8,29.03,29.17,0.4041,0.4101,0.5963,0.1395,1.0,0.0,-0.6625,1.3971,0.0068,0.0,0,0,0,open-meteo-real
2008-03-17,3,43.8,256.9,46.8,28.58,29.03,0.407,0.4081,0.5969,0.1434,1.0,0.0,-0.635,1.3686,0.0029,0.0,0,0,0,open-meteo-real
2008-03-24,3,46.8,274.3,101.3,29.13,28.92,0.4077,0.4113,0.604,0.1458,1.0,0.0,-0.61,1.3676,0.0007,0.0,0,0,0,open-meteo-real
2008-03-31,3,101.3,271.0,54.7,28.98,28.9,0.4109,0.4168,0.5844,0.1841,1.0,0.0,-0.1558,0.6242,0.0032,0.0,0,0,0,open-meteo-real
2008-04-07,4,54.7,219.6,60.3,28.98,29.03,0.4028,0.4037,0.5929,0.136,0.866,-0.5,-0.6961,0.9367,-0.0081,0.0,0,0,0,open-meteo-real
2008-04-14,4,60.3,227.2,40.7,29.13,29.03,0.398,0.4025,0.5859,0.1356,0.866,-0.5,-0.665,0.8792,-0.0048,0.0,0,0,0,open-meteo-real
2008-04-21,4,40.7,224.3,58.4,28.88,29.0,0.3925,0.385,0.57,0.1236,0.866,-0.5,-0.7739,1.2859,-0.0054,0.0,0,0,0,open-meteo-real
2008-04-28,4,58.4,251.6,46.2,29.58,29.2,0.4042,0.4093,0.5944,0.1385,0.866,-0.5,-0.6756,1.0053,0.0116,0.0,0,0,0,open-meteo-real
2008-05-05,5,46.2,247.5,59.0,29.13,29.2,0.4043,0.4114,0.5993,0.1311,0.5,-0.866,-0.769,1.25,0.0001,0.0,0,0,0,open-meteo-real
2008-05-12,5,59.0,220.9,70.7,28.38,29.03,0.4141,0.417,0.5922,0.1421,0.5,-0.866,-0.705,0.8736,0.0098,0.0,0,0,0,open-meteo-real
2008-05-19,5,70.7,222.7,58.9,30.03,29.18,0.4077,0.4105,0.5772,0.1429,0.5,-0.866,-0.6465,0.735,-0.0064,0.0,0,0,0,open-meteo-real
2008-05-26,5,58.9,198.2,26.4,27.98,28.8,0.4121,0.415,0.5974,0.1408,0.5,-0.866,-0.7055,0.7852,0.0044,0.0,0,0,0,open-meteo-real
2008-06-02,6,26.4,184.8,47.9,27.33,28.45,0.398,0.3951,0.5704,0.122,0.0,-1.0,-0.835,1.6333,-0.0141,0.0,0,0,0,open-meteo-real
2008-06-09,6,47.9,248.3,58.7,27.53,27.62,0.4048,0.4003,0.575,0.1368,0.0,-1.0,-0.7006,1.2095,0.0068,0.0,0,0,0,open-meteo-real
2008-06-16,6,58.7,245.5,37.4,26.83,27.23,0.4173,0.4172,0.5713,0.1497,0.0,-1.0,-0.6331,0.9759,0.0125,0.0,0,0,0,open-meteo-real
2008-06-23,6,37.4,219.6,23.5,27.13,27.17,0.4045,0.4071,0.5759,0.1314,0.0,-1.0,-0.7662,1.3701,-0.0128,0.0,0,0,0,open-meteo-real
2008-06-30,6,23.5,197.5,118.7,26.78,26.92,0.3989,0.404,0.577,0.1211,0.0,-1.0,-0.8531,1.961,-0.0056,0.0,0,0,0,open-meteo-real
2008-07-07,7,118.7,195.5,28.4,26.58,26.83,0.4007,0.3956,0.553,0.2291,-0.5,-0.866,0.4838,0.3843,0.0018,0.0,0,0,0,open-meteo-real
2008-07-14,7,28.4,137.7,21.6,26.88,26.75,0.3994,0.3919,0.5689,0.138,-0.5,-0.866,-0.645,1.1313,-0.0014,0.0,0,0,0,open-meteo-real
2008-07-21,7,21.6,155.9,21.4,26.73,26.73,0.3992,0.4006,0.5796,0.1311,-0.5,-0.866,-0.73,1.6841,-0.0002,0.0,0,0,0,open-meteo-real
2008-07-28,7,21.4,262.4,26.4,26.73,26.78,0.3972,0.3913,0.5678,0.1297,-0.5,-0.866,-0.7325,2.8611,-0.002,0.0,0,0,0,open-meteo-real
2008-08-04,8,26.4,304.1,78.2,26.53,26.67,0.398,0.3927,0.5668,0.1299,-0.866,-0.5,-0.736,2.6878,0.0008,0.0,0,0,0,open-meteo-real
2008-08-11,8,78.2,336.4,117.4,26.98,26.75,0.4157,0.4177,0.5802,0.182,-0.866,-0.5,-0.218,1.0038,0.0177,0.0,0,0,0,open-meteo-real
2008-08-18,8,117.4,405.1,69.6,26.93,26.82,0.4149,0.4158,0.5734,0.2129,-0.866,-0.5,0.174,0.8051,-0.0007,0.0,0,0,0,open-meteo-real
2008-08-25,8,69.6,359.6,52.6,26.98,26.97,0.4186,0.4189,0.5851,0.1768,-0.866,-0.5,-0.304,1.2056,0.0036,0.0,0,0,0,open-meteo-real
2008-09-01,9,52.6,370.8,73.2,27.68,27.2,0.408,0.4062,0.5791,0.1382,-1.0,-0.0,-0.7078,1.6449,-0.0106,0.0,0,0,0,open-meteo-real
2008-09-08,9,73.2,396.0,161.5,26.68,27.12,0.4183,0.4181,0.5834,0.1535,-1.0,-0.0,-0.5933,1.2623,0.0104,0.0,0,0,0,open-meteo-real
2008-09-15,9,161.5,371.7,72.9,27.23,27.2,0.4181,0.4181,0.5717,0.1927,-1.0,-0.0,-0.1028,0.537,-0.0002,0.0,0,0,0,open-meteo-real
2008-09-22,9,72.9,291.4,51.4,27.83,27.25,0.4086,0.4108,0.5814,0.1476,-1.0,-0.0,-0.595,0.9327,-0.0095,0.0,0,0,0,open-meteo-real
2008-09-29,9,51.4,271.0,73.1,27.43,27.5,0.4128,0.4118,0.5868,0.1405,-1.0,-0.0,-0.7144,1.2302,0.0042,0.0,0,0,0,open-meteo-real
2008-10-06,10,73.1,288.7,80.2,27.53,27.6,0.4145,0.4197,0.6017,0.148,-0.866,0.5,-0.6345,0.9215,0.0017,0.0,0,0,0,open-meteo-real
2008-10-13,10,80.2,310.7,52.9,27.83,27.6,0.4178,0.4194,0.5934,0.1527,-0.866,0.5,-0.599,0.9039,0.0032,0.0,0,0,0,open-meteo-real
2008-10-20,10,52.9,276.7,71.4,28.43,27.93,0.4112,0.4133,0.5874,0.1379,-0.866,0.5,-0.7355,1.2205,-0.0066,0.0,0,0,0,open-meteo-real
2008-10-27,10,71.4,246.0,67.8,31.33,29.2,0.4167,0.4203,0.5904,0.1486,-0.866,0.5,-0.643,0.8039,0.0055,0.0,0,0,0,open-meteo-real
2008-11-03,11,67.8,234.7,80.5,27.63,29.13,0.4192,0.4219,0.588,0.1577,-0.5,0.866,-0.548,0.8077,0.0025,0.0,0,0,0,open-meteo-real
2008-11-10,11,80.5,229.0,24.4,29.28,29.42,0.4044,0.4014,0.5754,0.1556,-0.5,0.866,-0.4633,0.6638,-0.0148,0.0,0,0,0,open-meteo-real
2008-11-17,11,24.4,197.5,26.4,28.23,28.38,0.3982,0.3977,0.5867,0.1219,-0.5,0.866,-0.8373,1.8887,-0.0062,0.0,0,0,0,open-meteo-real
2008-11-24,11,26.4,193.2,77.6,28.38,28.63,0.395,0.3896,0.5719,0.1211,-0.5,0.866,-0.824,1.7076,-0.0032,0.0,0,0,0,open-meteo-real
2008-12-01,12,77.6,180.2,56.3,28.03,28.22,0.4133,0.4134,0.5744,0.2421,-0.0,1.0,0.552,0.5418,0.0183,0.0,0,0,0,open-meteo-real
2008-12-08,12,56.3,131.3,24.9,28.93,28.45,0.4111,0.4143,0.5878,0.2067,-0.0,1.0,0.126,0.5442,-0.0022,0.0,0,0,0,open-meteo-real
2008-12-15,12,24.9,109.6,15.7,28.53,28.5,0.4044,0.4061,0.5852,0.1525,-0.0,1.0,-0.502,1.027,-0.0067,0.0,0,0,0,open-meteo-real
2008-12-22,12,15.7,141.9,31.3,28.23,28.57,0.3901,0.391,0.5758,0.1292,-0.0,1.0,-0.686,2.1089,-0.0143,0.0,0,0,0,open-meteo-real
2008-12-29,12,31.3,187.6,31.5,28.03,28.27,0.4019,0.4006,0.5754,0.1612,-0.0,1.0,-0.374,1.3985,0.0118,0.0,0,0,0,open-meteo-real
2009-01-05,1,31.5,175.7,47.7,28.23,28.17,0.4021,0.4045,0.5822,0.1953,0.5,0.866,0.05,1.3015,0.0002,0.0,0,0,0,open-meteo-real
2009-01-12,1,47.7,188.5,70.3,28.58,28.28,0.4107,0.4106,0.5861,0.2436,0.5,0.866,0.59,0.9221,0.0086,0.0,1,0,0,open-meteo-real
2009-01-19,1,70.3,207.9,24.9,28.63,28.48,0.4117,0.4188,0.5864,0.3045,0.5,0.866,1.3433,0.69,0.001,0.0,1,0,0,open-meteo-real
2009-01-26,1,24.9,169.8,32.8,28.88,28.7,0.3865,0.3824,0.5706,0.1683,0.5,0.866,-0.17,1.5912,-0.0252,0.0,0,0,0,open-meteo-real
2009-02-02,2,32.8,188.4,67.6,28.83,28.78,0.3973,0.3946,0.5814,0.1608,0.866,0.5,-0.344,1.3402,0.0108,0.0,0,0,0,open-meteo-real
2009-02-09,2,67.6,174.9,31.0,28.88,28.87,0.41,0.4137,0.5814,0.2242,0.866,0.5,0.352,0.6037,0.0127,0.0,0,0,0,open-meteo-real
2009-02-16,2,31.0,136.9,45.1,28.78,28.83,0.4092,0.4145,0.5943,0.1651,0.866,0.5,-0.38,1.0304,-0.0008,0.0,0,0,0,open-meteo-real
2009-02-23,2,45.1,140.2,22.3,28.73,28.8,0.407,0.4095,0.5924,0.1864,0.866,0.5,-0.098,0.7254,-0.0022,0.0,0,0,0,open-meteo-real
2009-03-02,3,22.3,163.7,33.5,29.68,29.07,0.3993,0.4011,0.5896,0.1244,1.0,0.0,-0.8142,1.7129,-0.0078,0.0,0,0,0,open-meteo-real
2009-03-09,3,33.5,190.0,33.2,28.78,29.07,0.4014,0.3993,0.5829,0.1332,1.0,0.0,-0.7208,1.3234,0.0021,0.0,0,0,0,open-meteo-real
2009-03-16,3,33.2,182.7,65.8,28.88,29.12,0.4034,0.4054,0.5963,0.1342,1.0,0.0,-0.7233,1.284,0.002,0.0,0,0,0,open-meteo-real
2009-03-23,3,65.8,206.3,47.7,29.33,29.0,0.4065,0.4114,0.5832,0.1578,1.0,0.0,-0.4517,0.7316,0.0031,0.0,0,0,0,open-meteo-real
2009-03-30,3,47.7,206.2,32.5,29.18,29.13,0.4045,0.4109,0.5998,0.1445,1.0,0.0,-0.6025,1.0087,-0.002,0.0,0,0,0,open-meteo-real
2009-04-06,4,32.5,203.1,42.0,29.13,29.22,0.3932,0.3979,0.5865,0.1204,0.866,-0.5,-0.8194,1.4582,-0.0113,0.0,0,0,0,open-meteo-real
2009-04-13,4,42.0,269.1,66.4,29.33,29.22,0.3942,0.3964,0.5826,0.1252,0.866,-0.5,-0.7667,1.495,0.001,0.0,0,0,0,open-meteo-real
2009-04-20,4,66.4,262.4,48.1,29.23,29.23,0.4154,0.4177,0.5964,0.1488,0.866,-0.5,-0.6311,0.9221,0.0212,0.0,0,0,0,open-meteo-real
2009-04-27,4,48.1,238.5,92.6,28.93,29.17,0.4089,0.4107,0.6,0.1367,0.866,-0.5,-0.7328,1.157,-0.0065,0.0,0,0,0,open-meteo-real
2009-05-04,5,92.6,221.6,38.7,29.83,29.33,0.4088,0.411,0.576,0.1523,0.5,-0.866,-0.537,0.5584,-0.0001,0.0,0,0,0,open-meteo-real
2009-05-11,5,38.7,186.7,54.1,28.68,29.15,0.4082,0.4085,0.5986,0.1304,0.5,-0.866,-0.8065,1.1257,-0.0006,0.0,0,0,0,open-meteo-real
2009-05-18,5,54.1,212.9,27.4,28.83,29.12,0.4095,0.4121,0.5772,0.1374,0.5,-0.866,-0.7295,0.9182,0.0013,0.0,0,0,0,open-meteo-real
2009-05-25,5,27.4,221.5,43.9,28.58,28.7,0.403,0.4043,0.5927,0.1228,0.5,-0.866,-0.863,1.8863,-0.0065,0.0,0,0,0,open-meteo-real
2009-06-01,6,43.9,243.8,66.4,28.08,28.5,0.4122,0.4092,0.5876,0.1392,0.0,-1.0,-0.7256,1.2958,0.0092,0.0,0,0,0,open-meteo-real
2009-06-08,6,66.4,235.2,77.6,27.58,28.08,0.4185,0.4222,0.5856,0.1543,0.0,-1.0,-0.585,0.8265,0.0063,0.0,0,0,0,open-meteo-real
2009-06-15,6,77.6,187.1,51.4,27.18,27.62,0.4175,0.4194,0.5841,0.1593,0.0,-1.0,-0.515,0.5626,-0.001,0.0,0,0,0,open-meteo-real
2009-06-22,6,51.4,132.7,18.2,27.08,27.28,0.4087,0.4044,0.5699,0.1409,0.0,-1.0,-0.6787,0.6024,-0.0088,0.0,0,0,0,open-meteo-real
2009-06-29,6,18.2,106.0,37.2,27.18,27.15,0.3971,0.3964,0.5728,0.1174,0.0,-1.0,-0.8863,1.359,-0.0115,0.0,0,0,0,open-meteo-real
2009-07-06,7,37.2,110.5,20.6,26.33,26.87,0.4056,0.4051,0.5658,0.1506,-0.5,-0.866,-0.535,0.6931,0.0085,0.0,0,0,0,open-meteo-real
2009-07-13,7,20.6,108.0,21.6,26.73,26.75,0.3909,0.3875,0.5702,0.1251,-0.5,-0.866,-0.7425,1.2233,-0.0147,0.0,0,0,0,open-meteo-real
2009-07-20,7,21.6,136.0,22.9,26.58,26.55,0.3935,0.389,0.5672,0.1277,-0.5,-0.866,-0.73,1.4691,0.0026,0.0,0,0,0,open-meteo-real
2009-07-27,7,22.9,151.5,27.6,26.58,26.63,0.392,0.3844,0.5512,0.1281,-0.5,-0.866,-0.7137,1.5437,-0.0015,0.0,0,0,0,open-meteo-real
2009-08-03,8,27.6,191.7,41.7,26.53,26.57,0.3981,0.3936,0.5604,0.1309,-0.866,-0.5,-0.724,1.6207,0.0061,0.0,0,0,0,open-meteo-real
2009-08-10,8,41.7,217.2,46.2,26.43,26.52,0.4013,0.3941,0.5608,0.1441,-0.866,-0.5,-0.583,1.2153,0.0032,0.0,0,0,0,open-meteo-real
2009-08-17,8,46.2,222.7,67.8,26.43,26.47,0.4082,0.4083,0.5641,0.1519,-0.866,-0.5,-0.538,1.1247,0.0069,0.0,0,0,0,open-meteo-real
2009-08-24,8,67.8,321.7,52.9,26.48,26.45,0.4179,0.4181,0.581,0.175,-0.866,-0.5,-0.322,1.1071,0.0096,0.0,0,0,0,open-meteo-real
2009-08-31,8,52.9,296.3,41.9,27.03,26.65,0.4151,0.4157,0.5828,0.1614,-0.866,-0.5,-0.471,1.3069,-0.0028,0.0,0,0,0,open-meteo-real
2009-09-07,9,41.9,378.1,154.0,26.93,26.82,0.4167,0.4191,0.5859,0.1387,-1.0,-0.0,-0.7672,2.1056,0.0016,0.0,0,0,0,open-meteo-real
2009-09-14,9,154.0,437.2,38.0,27.18,27.05,0.4191,0.4211,0.5774,0.1899,-1.0,-0.0,-0.1444,0.6624,0.0024,0.0,0,0,0,open-meteo-real
2009-09-21,9,38.0,352.3,106.9,27.43,27.18,0.4061,0.4033,0.5882,0.1306,-1.0,-0.0,-0.7889,2.1632,-0.013,0.0,0,0,0,open-meteo-real
2009-09-28,9,106.9,372.8,108.5,27.53,27.38,0.4174,0.4164,0.5865,0.1679,-1.0,-0.0,-0.4061,0.8137,0.0113,0.0,0,0,0,open-meteo-real
2009-10-05,10,108.5,342.3,82.0,26.68,27.22,0.4189,0.4197,0.5844,0.1648,-0.866,0.5,-0.4575,0.7361,0.0015,0.0,0,0,0,open-meteo-real
2009-10-12,10,82.0,287.1,58.2,27.38,27.2,0.4163,0.4194,0.5885,0.1526,-0.866,0.5,-0.59,0.817,-0.0026,0.0,0,0,0,open-meteo-real
2009-10-19,10,58.2,276.8,52.5,27.73,27.27,0.4106,0.4153,0.5927,0.1396,-0.866,0.5,-0.709,1.1097,-0.0057,0.0,0,0,0,open-meteo-real
2009-10-26,10,52.5,265.1,84.1,28.13,27.75,0.4143,0.4167,0.5957,0.1396,-0.866,0.5,-0.7375,1.1782,0.0037,0.0,0,0,0,open-meteo-real
2009-11-02,11,84.1,242.3,57.7,28.43,28.1,0.416,0.4197,0.5867,0.1644,-0.5,0.866,-0.4393,0.6723,0.0017,0.0,0,0,0,open-meteo-real
2009-11-09,11,57.7,191.4,66.5,27.68,28.08,0.4164,0.4194,0.6001,0.1506,-0.5,0.866,-0.6153,0.774,0.0004,0.0,0,0,0,open-meteo-real
2009-11-16,11,66.5,163.6,20.0,27.98,28.03,0.4149,0.4162,0.5865,0.1544,-0.5,0.866,-0.5567,0.574,-0.0015,0.0,0,0,0,open-meteo-real
2009-11-23,11,20.0,113.8,28.7,28.18,27.95,0.403,0.4022,0.588,0.1225,-0.5,0.866,-0.8667,1.3277,-0.0119,0.0,0,0,0,open-meteo-real
2009-11-30,11,28.7,101.2,46.0,31.18,29.12,0.4045,0.4031,0.5873,0.128,-0.5,0.866,-0.8087,0.8228,0.0015,0.0,0,0,0,open-meteo-real
2009-12-07,12,46.0,85.9,15.4,28.58,29.32,0.4098,0.4086,0.5849,0.1895,-0.0,1.0,-0.08,0.4357,0.0053,0.0,0,0,0,open-meteo-real
2009-12-14,12,15.4,48.9,9.5,28.73,29.5,0.3914,0.39,0.5778,0.1295,-0.0,1.0,-0.692,0.7409,-0.0184,0.0,0,0,0,open-meteo-real
2009-12-21,12,9.5,58.4,11.5,28.33,28.55,0.3833,0.3802,0.5656,0.1152,-0.0,1.0,-0.81,1.4344,-0.0081,0.0,0,0,0,open-meteo-real
2009-12-28,12,11.5,68.0,8.0,28.63,28.57,0.3728,0.367,0.5581,0.1121,-0.0,1.0,-0.77,1.3797,-0.0105,0.0,0,0,0,open-meteo-real
2010-01-04,1,8.0,81.6,25.0,28.68,28.55,0.3684,0.3605,0.5518,0.1124,0.5,0.866,-0.7333,2.38,-0.0044,0.0,0,0,0,open-meteo-real
2010-01-11,1,25.0,97.6,21.0,28.18,28.5,0.3763,0.3608,0.5451,0.1625,0.5,0.866,-0.1667,0.9109,0.008,0.0,0,0,0,open-meteo-real
2010-01-18,1,21.0,89.5,18.6,28.63,28.5,0.3962,0.3911,0.5778,0.1637,0.5,0.866,-0.3,0.9944,0.0199,0.0,0,0,0,open-meteo-real
2010-01-25,1,18.6,90.6,24.9,29.73,28.85,0.3944,0.3895,0.5795,0.1563,0.5,0.866,-0.38,1.1366,-0.0018,0.0,0,0,0,open-meteo-real
2010-02-01,2,24.9,89.4,20.6,29.23,29.2,0.3978,0.3924,0.5768,0.1485,0.866,0.5,-0.502,0.8378,0.0034,0.0,0,0,0,open-meteo-real
2010-02-08,2,20.6,96.6,21.1,29.43,29.47,0.4008,0.3997,0.5835,0.1435,0.866,0.5,-0.588,1.0942,0.0031,0.0,0,0,0,open-meteo-real
2010-02-15,2,21.1,133.9,17.7,29.58,29.42,0.3969,0.3906,0.5831,0.1419,0.866,0.5,-0.578,1.4807,-0.0039,0.0,0,0,0,open-meteo-real
2010-02-22,2,17.7,159.6,22.7,30.03,29.68,0.4016,0.4012,0.589,0.1393,0.866,0.5,-0.646,2.104,0.0047,0.0,0,0,0,open-meteo-real
2010-03-01,3,22.7,168.0,52.9,29.88,29.83,0.3912,0.3896,0.5786,0.1199,1.0,0.0,-0.8108,1.7269,-0.0104,0.0,0,0,0,open-meteo-real
2010-03-08,3,52.9,166.8,57.8,29.53,29.82,0.4127,0.4125,0.5955,0.1529,1.0,0.0,-0.5592,0.7357,0.0215,0.0,0,0,0,open-meteo-real
2010-03-15,3,57.8,142.6,21.3,29.78,29.73,0.4075,0.4165,0.5905,0.1531,1.0,0.0,-0.5183,0.5757,-0.0052,0.0,0,0,0,open-meteo-real
2010-03-22,3,21.3,130.2,30.1,29.63,29.65,0.3938,0.3967,0.597,0.1205,1.0,0.0,-0.8225,1.4263,-0.0137,0.0,0,0,0,open-meteo-real
2010-03-29,3,30.1,148.2,28.5,29.83,29.75,0.3878,0.3792,0.5735,0.1228,1.0,0.0,-0.7492,1.1488,-0.006,0.0,0,0,0,open-meteo-real
2010-04-05,4,28.5,180.3,20.3,30.03,29.83,0.385,0.3805,0.5813,0.1137,0.866,-0.5,-0.8417,1.4761,-0.0028,0.0,0,0,0,open-meteo-real
2010-04-12,4,20.3,190.5,58.2,30.13,30.0,0.3942,0.3898,0.5849,0.1155,0.866,-0.5,-0.8872,2.1897,0.0092,0.0,0,0,0,open-meteo-real
2010-04-19,4,58.2,212.7,50.8,29.43,29.87,0.4053,0.4059,0.589,0.139,0.866,-0.5,-0.6767,0.8527,0.0111,0.0,0,0,0,open-meteo-real
2010-04-26,4,50.8,220.9,52.7,28.98,29.52,0.4093,0.4126,0.5938,0.1381,0.866,-0.5,-0.7178,1.0146,0.004,0.0,0,0,0,open-meteo-real
2010-05-03,5,52.7,200.1,43.8,28.88,29.1,0.4063,0.413,0.5917,0.1349,0.5,-0.866,-0.7365,0.886,-0.003,0.0,0,0,0,open-meteo-real
2010-05-10,5,43.8,192.0,43.4,28.93,28.93,0.4061,0.4046,0.5882,0.1312,0.5,-0.866,-0.781,1.0228,-0.0002,0.0,0,0,0,open-meteo-real
2010-05-17,5,43.4,170.9,59.8,28.43,28.75,0.4089,0.4129,0.588,0.1327,0.5,-0.866,-0.783,0.9188,0.0028,0.0,0,0,0,open-meteo-real
2010-05-24,5,59.8,171.1,23.3,28.78,28.72,0.4105,0.4108,0.5795,0.1402,0.5,-0.866,-0.701,0.6676,0.0016,0.0,0,0,0,open-meteo-real
2010-05-31,5,23.3,160.1,37.8,28.08,28.43,0.3886,0.3883,0.5751,0.1125,0.5,-0.866,-0.8835,1.6033,-0.0219,0.0,0,0,0,open-meteo-real
2010-06-07,6,37.8,232.4,31.1,27.78,28.22,0.4069,0.4092,0.5887,0.133,0.0,-1.0,-0.7638,1.4346,0.0183,0.0,0,0,0,open-meteo-real
2010-06-14,6,31.1,224.1,61.6,27.38,27.75,0.3907,0.388,0.5597,0.12,0.0,-1.0,-0.8056,1.6814,-0.0162,0.0,0,0,0,open-meteo-real
2010-06-21,6,61.6,215.3,94.2,27.18,27.45,0.4125,0.4128,0.5688,0.1483,0.0,-1.0,-0.615,0.8155,0.0218,0.0,0,0,0,open-meteo-real
2010-06-28,6,94.2,183.6,32.9,27.38,27.32,0.4049,0.4027,0.5682,0.1601,0.0,-1.0,-0.4113,0.4548,-0.0075,0.0,0,0,0,open-meteo-real
2010-07-05,7,32.9,111.2,11.0,26.78,27.12,0.3992,0.3928,0.5608,0.1424,-0.5,-0.866,-0.5888,0.7887,-0.0058,0.0,0,0,0,open-meteo-real
2010-07-12,7,11.0,91.0,43.6,26.88,27.02,0.3859,0.3883,0.5587,0.1125,-0.5,-0.866,-0.8625,1.9303,-0.0133,0.0,0,0,0,open-meteo-real
2010-07-19,7,43.6,116.8,16.8,25.93,26.53,0.4015,0.3962,0.5632,0.1545,-0.5,-0.866,-0.455,0.6251,0.0156,0.0,0,0,0,open-meteo-real
2010-07-26,7,16.8,133.5,15.4,26.28,26.37,0.3924,0.3904,0.5708,0.1222,-0.5,-0.866,-0.79,1.8542,-0.0091,0.0,0,0,0,open-meteo-real
2010-08-02,8,15.4,136.5,29.2,26.18,26.13,0.3847,0.3826,0.5481,0.1131,-0.866,-0.5,-0.846,2.0682,-0.0077,0.0,0,1,0,open-meteo-real
2010-08-09,8,29.2,148.0,66.3,27.13,26.53,0.3919,0.3852,0.5583,0.1285,-0.866,-0.5,-0.708,1.1826,0.0073,0.0,0,0,0,open-meteo-real
2010-08-16,8,66.3,172.7,21.5,26.73,26.68,0.4047,0.3977,0.5645,0.1659,-0.866,-0.5,-0.337,0.6078,0.0128,0.0,0,0,0,open-meteo-real
2010-08-23,8,21.5,159.8,15.8,26.43,26.77,0.3995,0.4022,0.5852,0.1269,-0.866,-0.5,-0.785,1.7343,-0.0052,0.0,0,0,0,open-meteo-real
2010-08-30,8,15.8,213.0,57.3,26.98,26.72,0.3876,0.3869,0.5654,0.1152,-0.866,-0.5,-0.842,3.1456,-0.0119,0.0,0,0,0,open-meteo-real
2010-09-06,9,57.3,247.9,48.0,26.98,26.8,0.4066,0.4049,0.5798,0.1394,-1.0,-0.0,-0.6817,1.0095,0.019,0.0,0,0,0,open-meteo-real
2010-09-13,9,48.0,264.1,74.9,26.93,26.97,0.4143,0.4129,0.5926,0.1399,-1.0,-0.0,-0.7333,1.2838,0.0077,0.0,0,0,0,open-meteo-real
2010-09-20,9,74.9,274.3,57.6,27.18,27.03,0.418,0.4195,0.591,0.1541,-1.0,-0.0,-0.5839,0.8545,0.0037,0.0,0,0,0,open-meteo-real
2010-09-27,9,57.6,286.0,69.7,27.78,27.3,0.4127,0.4122,0.5796,0.1432,-1.0,-0.0,-0.68,1.1586,-0.0053,0.0,0,0,0,open-meteo-real
2010-10-04,10,69.7,298.4,47.3,27.38,27.45,0.4149,0.4186,0.589,0.1468,-0.866,0.5,-0.6515,0.9989,0.0022,0.0,0,0,0,open-meteo-real
2010-10-11,10,47.3,356.5,92.2,33.03,29.4,0.4139,0.4148,0.5855,0.1372,-0.866,0.5,-0.7635,1.7586,-0.001,0.0,0,0,0,open-meteo-real
2010-10-18,10,92.2,378.3,63.3,26.83,29.08,0.4207,0.4228,0.5792,0.1593,-0.866,0.5,-0.539,0.9574,0.0069,0.0,0,0,0,open-meteo-real
2010-10-25,10,63.3,329.1,149.9,28.38,29.42,0.4121,0.4131,0.5883,0.1426,-0.866,0.5,-0.6835,1.2131,-0.0086,0.0,0,0,0,open-meteo-real
2010-11-01,11,149.9,326.7,33.6,29.33,28.18,0.417,0.4206,0.5744,0.2001,-0.5,0.866,-0.0007,0.5085,0.0049,0.0,0,0,0,open-meteo-real
2010-11-08,11,33.6,213.0,75.2,28.58,28.77,0.4006,0.4007,0.5841,0.1283,-0.5,0.866,-0.776,1.4792,-0.0164,0.0,0,0,0,open-meteo-real
2010-11-15,11,75.2,202.9,57.1,28.43,28.78,0.4107,0.4155,0.5822,0.1565,-0.5,0.866,-0.4987,0.6296,0.0101,0.0,0,0,0,open-meteo-real
2010-11-22,11,57.1,147.9,41.2,28.28,28.43,0.4131,0.4161,0.581,0.1483,-0.5,0.866,-0.6193,0.6044,0.0024,0.0,0,0,0,open-meteo-real
2010-11-29,11,41.2,127.1,18.3,27.78,28.17,0.4099,0.4104,0.5824,0.1379,-0.5,0.866,-0.7253,0.7198,-0.0032,0.0,0,0,0,open-meteo-real
2010-12-06,12,18.3,119.8,25.2,28.23,28.1,0.399,0.3998,0.5825,0.1387,-0.0,1.0,-0.634,1.5275,-0.0109,0.0,0,0,0,open-meteo-real
2010-12-13,12,25.2,115.2,38.3,28.83,28.28,0.4005,0.3996,0.5808,0.1506,-0.0,1.0,-0.496,1.0667,0.0015,0.0,0,0,0,open-meteo-real
2010-12-20,12,38.3,98.8,24.7,28.63,28.57,0.3987,0.3965,0.5732,0.1705,-0.0,1.0,-0.234,0.6019,-0.0017,0.0,0,0,0,open-meteo-real
2010-12-27,12,24.7,71.9,25.5,29.63,29.03,0.4033,0.4037,0.5791,0.1515,-0.0,1.0,-0.506,0.6792,0.0045,0.0,0,0,0,open-meteo-real
2011-01-03,1,25.5,63.5,9.5,28.08,28.78,0.3999,0.3999,0.575,0.178,0.5,0.866,-0.15,0.581,-0.0033,0.0,0,0,0,open-meteo-real
2011-01-10,1,9.5,88.8,7.8,28.48,28.73,0.3825,0.3823,0.5717,0.1248,0.5,0.866,-0.6833,2.1811,-0.0175,0.0,0,0,0,open-meteo-real
2011-01-17,1,7.8,115.4,12.5,28.58,28.38,0.3662,0.3651,0.5634,0.1105,0.5,0.866,-0.74,3.4521,-0.0163,0.0,0,0,0,open-meteo-real
2011-01-24,1,12.5,154.0,53.7,28.43,28.5,0.3751,0.3645,0.5591,0.1284,0.5,0.866,-0.5833,2.8747,0.0089,0.0,0,0,0,open-meteo-real
2011-01-31,1,53.7,195.4,34.1,28.03,28.35,0.4055,0.3968,0.5749,0.2565,0.5,0.866,0.79,0.849,0.0304,0.0,0,0,0,open-meteo-real
2011-02-07,2,34.1,166.3,27.2,28.93,28.47,0.4071,0.4098,0.5893,0.1688,0.866,0.5,-0.318,1.1379,0.0017,0.0,0,0,0,open-meteo-real
2011-02-14,2,27.2,164.2,51.8,29.23,28.73,0.4077,0.4079,0.5937,0.1581,0.866,0.5,-0.456,1.4086,0.0005,0.0,0,0,0,open-meteo-real
2011-02-21,2,51.8,180.0,41.0,28.78,28.98,0.4109,0.4141,0.5878,0.1994,0.866,0.5,0.036,0.8108,0.0032,0.0,0,0,0,open-meteo-real
2011-02-28,2,41.0,172.6,40.6,29.13,29.05,0.4019,0.4057,0.5926,0.1767,0.866,0.5,-0.18,0.9823,-0.009,0.0,0,0,0,open-meteo-real
2011-03-07,3,40.6,171.9,29.2,29.33,29.08,0.4009,0.394,0.5815,0.1376,1.0,0.0,-0.6617,0.9879,-0.001,0.0,0,0,0,open-meteo-real
2011-03-14,3,29.2,164.0,55.1,28.88,29.12,0.4087,0.4122,0.5988,0.1347,1.0,0.0,-0.7567,1.3105,0.0078,0.0,0,0,0,open-meteo-real
2011-03-21,3,55.1,199.8,43.3,29.18,29.13,0.4035,0.4096,0.592,0.1488,1.0,0.0,-0.5408,0.8461,-0.0052,0.0,0,0,0,open-meteo-real
2011-03-28,3,43.3,179.1,31.2,29.38,29.15,0.4079,0.4085,0.5921,0.1436,1.0,0.0,-0.6392,0.9651,0.0045,0.0,0,0,0,open-meteo-real
2011-04-04,4,31.2,239.4,43.6,29.28,29.28,0.3955,0.3988,0.5976,0.1211,0.866,-0.5,-0.8267,1.7904,-0.0125,0.0,0,0,0,open-meteo-real
2011-04-11,4,43.6,244.2,59.5,29.68,29.45,0.3993,0.4023,0.5932,0.129,0.866,-0.5,-0.7578,1.3069,0.0038,0.0,0,0,0,open-meteo-real
2011-04-18,4,59.5,237.1,19.3,28.68,29.22,0.4126,0.4194,0.5954,0.144,0.866,-0.5,-0.6694,0.9298,0.0133,0.0,0,0,0,open-meteo-real
2011-04-25,4,19.3,220.9,106.9,28.93,29.1,0.3863,0.3846,0.5779,0.1103,0.866,-0.5,-0.8928,2.6706,-0.0263,0.0,0,0,0,open-meteo-real
2011-05-02,5,106.9,239.6,39.6,29.53,29.05,0.4048,0.3987,0.5805,0.1557,0.5,-0.866,-0.4655,0.523,0.0185,0.0,0,0,0,open-meteo-real
2011-05-09,5,39.6,190.2,51.3,28.88,29.12,0.4112,0.4134,0.5903,0.1325,0.5,-0.866,-0.802,1.1207,0.0063,0.0,0,0,0,open-meteo-real
2011-05-16,5,51.3,178.1,31.6,28.68,29.03,0.4134,0.4155,0.5869,0.1386,0.5,-0.866,-0.7435,0.8101,0.0022,0.0,0,0,0,open-meteo-real
2011-05-23,5,31.6,161.1,54.2,27.83,28.47,0.4013,0.4024,0.5824,0.1234,0.5,-0.866,-0.842,1.1896,-0.0121,0.0,0,0,0,open-meteo-real
2011-05-30,5,54.2,149.9,33.1,27.93,28.15,0.4132,0.4154,0.5867,0.1396,0.5,-0.866,-0.729,0.6453,0.0118,0.0,0,0,0,open-meteo-real
2011-06-06,6,33.1,115.1,34.4,27.68,27.82,0.4035,0.4091,0.5818,0.1287,0.0,-1.0,-0.7931,0.8114,-0.0096,0.0,0,0,0,open-meteo-real
2011-06-13,6,34.4,143.7,25.2,27.38,27.67,0.3984,0.392,0.565,0.1263,0.0,-1.0,-0.785,0.9747,-0.0051,0.0,0,0,0,open-meteo-real
2011-06-20,6,25.2,147.7,17.1,26.63,27.23,0.3989,0.3983,0.5688,0.122,0.0,-1.0,-0.8425,1.3676,0.0005,0.0,0,0,0,open-meteo-real
2011-06-27,6,17.1,158.9,53.8,26.93,26.98,0.3909,0.3886,0.5695,0.1131,0.0,-1.0,-0.8931,2.1682,-0.0081,0.0,0,0,0,open-meteo-real
2011-07-04,7,53.8,151.7,40.9,26.78,26.78,0.3991,0.3918,0.5541,0.1633,-0.5,-0.866,-0.3275,0.6579,0.0083,0.0,0,0,0,open-meteo-real
2011-07-11,7,40.9,139.3,45.0,26.73,26.82,0.4109,0.4132,0.5821,0.1575,-0.5,-0.866,-0.4887,0.7947,0.0118,0.0,0,0,0,open-meteo-real
2011-07-18,7,45.0,216.6,9.7,26.88,26.8,0.4095,0.4118,0.5778,0.1607,-0.5,-0.866,-0.4375,1.1231,-0.0014,0.0,0,0,0,open-meteo-real
2011-07-25,7,9.7,199.2,34.8,26.18,26.6,0.3804,0.3869,0.554,0.1079,-0.5,-0.866,-0.8788,4.7918,-0.0291,0.0,0,0,0,open-meteo-real
2011-08-01,8,34.8,270.5,121.0,26.38,26.48,0.3915,0.3899,0.5563,0.1327,-0.866,-0.5,-0.652,1.8137,0.0111,0.0,0,0,0,open-meteo-real
2011-08-08,8,121.0,319.3,28.1,26.58,26.38,0.41,0.4087,0.57,0.2128,-0.866,-0.5,0.21,0.6157,0.0185,0.0,0,0,0,open-meteo-real
2011-08-15,8,28.1,278.7,61.0,26.53,26.5,0.3952,0.3894,0.5634,0.1296,-0.866,-0.5,-0.719,2.3142,-0.0148,0.0,0,0,0,open-meteo-real
2011-08-22,8,61.0,302.8,103.2,26.63,26.58,0.4103,0.4111,0.5718,0.165,-0.866,-0.5,-0.39,1.1583,0.0151,0.0,0,0,0,open-meteo-real
2011-08-29,8,103.2,311.7,48.4,26.53,26.57,0.4176,0.4189,0.5721,0.2031,-0.866,-0.5,0.032,0.7047,0.0073,0.0,0,0,0,open-meteo-real
2011-09-05,9,48.4,273.5,84.0,27.03,26.73,0.4035,0.3984,0.5764,0.1336,-1.0,-0.0,-0.7311,1.3185,-0.0141,0.0,0,0,0,open-meteo-real
2011-09-12,9,84.0,323.2,55.8,26.58,26.72,0.4185,0.4224,0.5763,0.1584,-1.0,-0.0,-0.5333,0.8978,0.0149,0.0,0,0,0,open-meteo-real
2011-09-19,9,55.8,279.5,72.9,27.88,27.17,0.4137,0.4162,0.5819,0.143,-1.0,-0.0,-0.69,1.1688,-0.0048,0.0,0,0,0,open-meteo-real
2011-09-26,9,72.9,330.5,83.6,26.88,27.12,0.4197,0.4222,0.5875,0.1542,-1.0,-0.0,-0.595,1.0578,0.0059,0.0,0,0,0,open-meteo-real
2011-10-03,10,83.6,317.5,55.5,27.33,27.37,0.4121,0.4088,0.5743,0.1507,-0.866,0.5,-0.582,0.8862,-0.0076,0.0,0,0,0,open-meteo-real
2011-10-10,10,55.5,286.0,91.6,27.68,27.3,0.4133,0.4191,0.5795,0.1402,-0.866,0.5,-0.7225,1.2024,0.0012,0.0,0,0,0,open-meteo-real
2011-10-17,10,91.6,298.2,72.1,28.93,27.98,0.4164,0.4186,0.5755,0.1565,-0.866,0.5,-0.542,0.7596,0.0032,0.0,0,0,0,open-meteo-real
2011-10-24,10,72.1,282.9,61.8,27.38,28.0,0.4145,0.417,0.59,0.1475,-0.866,0.5,-0.6395,0.9155,-0.002,0.0,0,0,0,open-meteo-real
2011-10-31,10,61.8,232.8,57.9,27.38,27.9,0.4165,0.4214,0.5915,0.1446,-0.866,0.5,-0.691,0.879,0.002,0.0,0,0,0,open-meteo-real
2011-11-07,11,57.9,185.7,68.7,27.83,27.53,0.4142,0.4127,0.5899,0.1494,-0.5,0.866,-0.614,0.7484,-0.0023,0.0,0,0,0,open-meteo-real
2011-11-14,11,68.7,139.8,41.4,27.93,27.72,0.4187,0.4218,0.5907,0.1578,-0.5,0.866,-0.542,0.4748,0.0044,0.0,0,0,0,open-meteo-real
2011-11-21,11,41.4,94.7,12.1,27.98,27.92,0.4015,0.4004,0.5829,0.133,-0.5,0.866,-0.724,0.5337,-0.0171,0.0,0,0,0,open-meteo-real
2011-11-28,11,12.1,88.7,14.0,27.98,27.97,0.3895,0.3867,0.5743,0.1101,-0.5,0.866,-0.9193,1.7105,-0.0121,0.0,0,0,0,open-meteo-real
2011-12-05,12,14.0,85.1,23.1,27.73,27.9,0.3878,0.3823,0.5709,0.1251,-0.0,1.0,-0.72,1.4183,-0.0017,0.0,0,0,0,open-meteo-real
2011-12-12,12,23.1,93.7,31.9,27.83,27.85,0.3887,0.379,0.5648,0.1402,-0.0,1.0,-0.538,0.9465,0.001,0.0,0,0,0,open-meteo-real
2011-12-19,12,31.9,82.2,14.1,28.03,27.87,0.3903,0.384,0.5632,0.1552,-0.0,1.0,-0.362,0.6013,0.0015,0.0,0,0,0,open-meteo-real
2011-12-26,12,14.1,63.6,22.0,27.78,27.88,0.4003,0.3988,0.5811,0.1327,-0.0,1.0,-0.718,1.0525,0.01,0.0,0,0,0,open-meteo-real
2012-01-02,1,22.0,80.4,10.2,27.83,27.88,0.3871,0.3837,0.5683,0.1609,0.5,0.866,-0.2667,0.8527,-0.0131,0.0,0,0,0,open-meteo-real
2012-01-09,1,10.2,99.8,14.3,27.98,27.87,0.3802,0.375,0.5656,0.1253,0.5,0.866,-0.66,2.283,-0.0069,0.0,0,0,0,open-meteo-real
2012-01-16,1,14.3,149.2,22.5,28.13,27.98,0.375,0.3662,0.5575,0.1331,0.5,0.866,-0.5233,2.4345,-0.0053,0.0,0,0,0,open-meteo-real
2012-01-23,1,22.5,219.3,32.5,28.23,28.12,0.379,0.367,0.5519,0.1574,0.5,0.866,-0.25,2.2742,0.004,0.0,0,0,0,open-meteo-real
2012-01-30,1,32.5,233.8,60.8,28.43,28.27,0.4088,0.4019,0.5855,0.2019,0.5,0.866,0.0833,1.6786,0.0298,0.0,0,0,0,open-meteo-real
2012-02-06,2,60.8,257.5,41.9,27.78,28.15,0.4103,0.4073,0.5835,0.2135,0.866,0.5,0.216,0.9882,0.0016,0.0,0,0,0,open-meteo-real
2012-02-13,2,41.9,220.0,77.7,28.48,28.23,0.4012,0.4067,0.5903,0.1778,0.866,0.5,-0.162,1.2251,-0.0091,0.0,0,0,0,open-meteo-real
2012-02-20,2,77.7,216.1,51.2,28.48,28.25,0.4059,0.4015,0.5834,0.2379,0.866,0.5,0.554,0.6489,0.0047,0.0,0,0,0,open-meteo-real
2012-02-27,2,51.2,157.6,41.2,28.33,28.43,0.4082,0.4083,0.5915,0.1968,0.866,0.5,0.024,0.7182,0.0023,0.0,0,0,0,open-meteo-real
2012-03-05,3,41.2,171.2,23.8,28.93,28.58,0.408,0.4112,0.5931,0.1422,1.0,0.0,-0.6567,0.9696,-0.0002,0.0,0,0,0,open-meteo-real
2012-03-12,3,23.8,153.2,34.5,29.53,28.93,0.3929,0.3864,0.583,0.1216,1.0,0.0,-0.8017,1.502,-0.0151,0.0,0,0,0,open-meteo-real
2012-03-19,3,34.5,221.9,42.1,29.18,29.22,0.3989,0.3963,0.5861,0.1323,1.0,0.0,-0.7125,1.5008,0.006,0.0,0,0,0,open-meteo-real
2012-03-26,3,42.1,256.1,47.4,29.18,29.3,0.4051,0.404,0.5805,0.1412,1.0,0.0,-0.6492,1.4194,0.0062,0.0,0,0,0,open-meteo-real
2012-04-02,4,47.4,266.1,70.9,28.98,29.12,0.4069,0.4104,0.6012,0.1352,0.866,-0.5,-0.7367,1.3099,0.0018,0.0,0,0,0,open-meteo-real
2012-04-09,4,70.9,237.2,61.7,28.78,28.98,0.4121,0.4146,0.5935,0.1488,0.866,-0.5,-0.6061,0.7806,0.0052,0.0,0,0,0,open-meteo-real
2012-04-16,4,61.7,237.8,62.7,28.78,28.85,0.4123,0.4168,0.5957,0.1448,0.866,-0.5,-0.6572,0.8993,0.0002,0.0,0,0,0,open-meteo-real
2012-04-23,4,62.7,281.8,32.7,28.98,28.85,0.3973,0.3928,0.5794,0.1363,0.866,-0.5,-0.6517,1.0487,-0.015,0.0,0,0,0,open-meteo-real
2012-04-30,4,32.7,309.2,70.9,28.63,28.8,0.4021,0.4075,0.592,0.1258,0.866,-0.5,-0.8183,2.2063,0.0047,0.0,0,0,0,open-meteo-real
2012-05-07,5,70.9,359.7,64.9,28.73,28.78,0.4087,0.4087,0.5842,0.1436,0.5,-0.866,-0.6455,1.1838,0.0066,0.0,0,0,0,open-meteo-real
2012-05-14,5,64.9,331.2,90.5,28.43,28.6,0.4146,0.419,0.595,0.1447,0.5,-0.866,-0.6755,1.1908,0.006,0.0,0,0,0,open-meteo-real
2012-05-21,5,90.5,366.4,110.6,28.23,28.47,0.4089,0.41,0.5767,0.1515,0.5,-0.866,-0.5475,0.9447,-0.0057,0.0,0,0,0,open-meteo-real
2012-05-28,5,110.6,329.0,42.3,27.93,28.2,0.4146,0.4138,0.5743,0.163,0.5,-0.866,-0.447,0.6941,0.0057,0.0,0,0,0,open-meteo-real
2012-06-04,6,42.3,276.1,90.9,28.18,28.12,0.4096,0.4125,0.594,0.1369,0.0,-1.0,-0.7356,1.523,-0.005,0.0,0,0,0,open-meteo-real
2012-06-11,6,90.9,271.0,54.5,28.48,28.2,0.4177,0.4212,0.5785,0.1661,0.0,-1.0,-0.4319,0.6956,0.0081,0.0,0,0,0,open-meteo-real
2012-06-18,6,54.5,232.6,71.4,27.13,27.93,0.4083,0.4031,0.5768,0.1422,0.0,-1.0,-0.6594,0.9958,-0.0094,0.0,0,0,0,open-meteo-real
2012-06-25,6,71.4,278.4,34.1,26.58,27.4,0.4196,0.4228,0.5908,0.1575,0.0,-1.0,-0.5537,0.9098,0.0113,0.0,0,0,0,open-meteo-real
2012-07-02,7,34.1,233.1,53.8,26.68,26.8,0.4136,0.4151,0.5832,0.1522,-0.5,-0.866,-0.5738,1.595,-0.006,0.0,0,0,0,open-meteo-real
2012-07-09,7,53.8,517.8,112.6,26.83,26.7,0.4133,0.4172,0.582,0.1718,-0.5,-0.866,-0.3275,2.2457,-0.0003,0.0,0,0,0,open-meteo-real
2012-07-16,7,112.6,602.2,26.7,26.23,26.58,0.418,0.4157,0.5692,0.2334,-0.5,-0.866,0.4075,1.2479,0.0047,0.0,0,0,0,open-meteo-real
2012-07-23,7,26.7,549.8,171.3,26.08,26.38,0.3864,0.3845,0.5445,0.1286,-0.5,-0.866,-0.6663,4.8047,-0.0316,0.0,0,0,0,open-meteo-real
2012-07-30,7,171.3,573.1,275.5,26.58,26.3,0.4157,0.4154,0.5535,0.2907,-0.5,-0.866,1.1413,0.7806,0.0293,0.0,1,0,0,open-meteo-real
2012-08-06,8,275.5,464.7,65.4,26.13,26.27,0.4204,0.4222,0.571,0.3426,-0.866,-0.5,1.755,0.3936,0.0046,0.0,1,0,0,open-meteo-real
2012-08-13,8,65.4,266.0,32.1,25.58,26.1,0.4132,0.4106,0.5736,0.1702,-0.866,-0.5,-0.346,0.949,-0.0072,0.0,0,0,0,open-meteo-real
2012-08-20,8,32.1,292.4,79.0,26.58,26.1,0.408,0.4071,0.5838,0.1405,-0.866,-0.5,-0.679,2.1254,-0.0051,0.0,0,0,0,open-meteo-real
2012-08-27,8,79.0,299.4,48.7,26.48,26.22,0.4199,0.4174,0.5883,0.1852,-0.866,-0.5,-0.21,0.8843,0.0119,0.0,0,0,0,open-meteo-real
2012-09-03,9,48.7,311.5,117.9,26.88,26.65,0.4163,0.4189,0.5896,0.1414,-1.0,-0.0,-0.7294,1.4925,-0.0037,0.0,0,0,0,open-meteo-real
2012-09-10,9,117.9,347.0,40.0,27.18,26.85,0.4208,0.4202,0.5815,0.1749,-1.0,-0.0,-0.345,0.6867,0.0046,0.0,0,0,0,open-meteo-real
2012-09-17,9,40.0,301.4,88.6,26.98,27.02,0.4093,0.4093,0.5851,0.1333,-1.0,-0.0,-0.7778,1.7582,-0.0116,0.0,0,0,0,open-meteo-real
2012-09-24,9,88.6,447.1,72.0,27.48,27.22,0.416,0.4166,0.5854,0.159,-1.0,-0.0,-0.5078,1.1775,0.0067,0.0,0,0,0,open-meteo-real
2012-10-01,10,72.0,420.3,78.7,26.93,27.13,0.4152,0.4191,0.5868,0.1479,-0.866,0.5,-0.64,1.3621,-0.0008,0.0,0,0,0,open-meteo-real
2012-10-08,10,78.7,420.6,100.6,27.78,27.4,0.4176,0.4176,0.5897,0.1521,-0.866,0.5,-0.6065,1.247,0.0024,0.0,0,0,0,open-meteo-real
2012-10-15,10,100.6,400.8,155.5,28.78,27.83,0.4207,0.4224,0.587,0.1626,-0.866,0.5,-0.497,0.9296,0.0031,0.0,0,0,0,open-meteo-real
2012-10-22,10,155.5,373.0,40.9,28.33,28.3,0.4138,0.4128,0.5829,0.1805,-0.866,0.5,-0.2225,0.5597,-0.0069,0.0,0,0,0,open-meteo-real
2012-10-29,10,40.9,272.1,99.7,27.98,28.37,0.4103,0.4092,0.5917,0.1325,-0.866,0.5,-0.7955,1.5523,-0.0035,0.0,0,0,0,open-meteo-real
2012-11-05,11,99.7,272.6,59.0,27.73,28.02,0.4167,0.4193,0.5903,0.1732,-0.5,0.866,-0.3353,0.638,0.0064,0.0,0,0,0,open-meteo-real
2012-11-12,11,59.0,205.9,62.6,30.98,28.9,0.4122,0.4129,0.5769,0.1488,-0.5,0.866,-0.6067,0.8143,-0.0045,0.0,0,0,0,open-meteo-real
2012-11-19,11,62.6,170.2,44.5,28.03,28.92,0.4141,0.4186,0.5898,0.1519,-0.5,0.866,-0.5827,0.6344,0.002,0.0,0,0,0,open-meteo-real
2012-11-26,11,44.5,126.2,32.5,28.53,29.18,0.4099,0.4118,0.5808,0.1397,-0.5,0.866,-0.7033,0.6617,-0.0043,0.0,0,0,0,open-meteo-real
2012-12-03,12,32.5,98.5,23.7,28.23,28.27,0.4065,0.4086,0.587,0.1659,-0.0,1.0,-0.35,0.7072,-0.0034,0.0,0,0,0,open-meteo-real
2012-12-10,12,23.7,77.3,18.7,28.48,28.42,0.4046,0.4027,0.5821,0.1507,-0.0,1.0,-0.526,0.761,-0.0019,0.0,0,0,0,open-meteo-real
2012-12-17,12,18.7,67.1,18.3,28.73,28.48,0.4006,0.4025,0.5825,0.1403,-0.0,1.0,-0.626,0.8373,-0.004,0.0,0,0,0,open-meteo-real
2012-12-24,12,18.3,81.1,15.8,28.03,28.42,0.3957,0.3899,0.5699,0.1367,-0.0,1.0,-0.634,1.0341,-0.0049,0.0,0,0,0,open-meteo-real
2012-12-31,12,15.8,93.4,9.6,28.13,28.3,0.3935,0.3888,0.5744,0.1314,-0.0,1.0,-0.684,1.3793,-0.0022,0.0,0,0,0,open-meteo-real
2013-01-07,1,9.6,95.6,21.3,28.78,28.32,0.3763,0.3729,0.5668,0.1214,0.5,0.866,-0.68,2.3236,-0.0171,0.0,0,0,0,open-meteo-real
2013-01-14,1,21.3,114.7,43.3,28.73,28.55,0.3925,0.3865,0.5664,0.1623,0.5,0.866,-0.29,1.2565,0.0162,0.0,0,0,0,open-meteo-real
2013-01-21,1,43.3,126.2,16.4,28.53,28.68,0.4041,0.399,0.5776,0.2279,0.5,0.866,0.4433,0.6801,0.0115,0.0,0,0,0,open-meteo-real
2013-01-28,1,16.4,115.2,21.8,29.03,28.77,0.3949,0.3962,0.583,0.1507,0.5,0.866,-0.4533,1.639,-0.0091,0.0,0,0,0,open-meteo-real
2013-02-04,2,21.8,125.8,38.4,29.23,28.93,0.3874,0.3811,0.5716,0.1373,0.866,0.5,-0.564,1.3465,-0.0076,0.0,0,0,0,open-meteo-real
2013-02-11,2,38.4,135.7,28.7,28.93,29.07,0.4045,0.4031,0.5892,0.1741,0.866,0.5,-0.232,0.8246,0.0171,0.0,0,0,0,open-meteo-real
2013-02-18,2,28.7,152.0,30.7,29.38,29.18,0.3985,0.3993,0.5882,0.155,0.866,0.5,-0.426,1.2358,-0.006,0.0,0,0,0,open-meteo-real
2013-02-25,2,30.7,189.6,28.9,29.68,29.33,0.4043,0.4072,0.5949,0.1617,0.866,0.5,-0.386,1.441,0.0058,0.0,0,0,0,open-meteo-real
2013-03-04,3,28.9,198.7,45.5,29.83,29.63,0.3996,0.4028,0.597,0.129,1.0,0.0,-0.7592,1.6043,-0.0047,0.0,0,0,0,open-meteo-real
2013-03-11,3,45.5,208.0,63.6,29.53,29.68,0.4056,0.4104,0.6008,0.1437,1.0,0.0,-0.6208,1.0667,0.006,0.0,0,0,0,open-meteo-real
2013-03-18,3,63.6,226.4,53.4,29.78,29.72,0.4151,0.4211,0.5907,0.1615,1.0,0.0,-0.47,0.8306,0.0095,0.0,0,0,0,open-meteo-real
2013-03-25,3,53.4,217.5,36.8,29.58,29.63,0.4073,0.413,0.5925,0.15,1.0,0.0,-0.555,0.9504,-0.0079,0.0,0,0,0,open-meteo-real
2013-04-01,4,36.8,215.5,57.4,29.43,29.6,0.4062,0.4072,0.594,0.1301,0.866,-0.5,-0.7956,1.3664,-0.001,0.0,0,0,0,open-meteo-real
2013-04-08,4,57.4,237.0,47.8,29.88,29.63,0.4059,0.4082,0.5959,0.1391,0.866,-0.5,-0.6811,0.9634,-0.0003,0.0,0,0,0,open-meteo-real
2013-04-15,4,47.8,250.9,45.6,29.13,29.48,0.4115,0.4131,0.5974,0.1382,0.866,-0.5,-0.7344,1.2248,0.0056,0.0,0,0,0,open-meteo-real
2013-04-22,4,45.6,257.2,63.1,29.03,29.35,0.4094,0.4099,0.5863,0.1359,0.866,-0.5,-0.7467,1.3161,-0.0021,0.0,0,0,0,open-meteo-real
2013-04-29,4,63.1,277.7,80.6,29.18,29.12,0.4119,0.4163,0.5966,0.1452,0.866,-0.5,-0.6494,1.0269,0.0025,0.0,0,0,0,open-meteo-real
2013-05-06,5,80.6,306.3,60.5,33.58,30.6,0.4146,0.4169,0.5879,0.151,0.5,-0.866,-0.597,0.8867,0.0027,0.0,0,0,0,open-meteo-real
2013-05-13,5,60.5,263.4,53.4,28.13,30.3,0.409,0.4073,0.584,0.1396,0.5,-0.866,-0.6975,1.0159,-0.0056,0.0,0,0,0,open-meteo-real
2013-05-20,5,53.4,228.3,78.7,28.83,30.18,0.4073,0.406,0.5842,0.1357,0.5,-0.866,-0.733,0.9976,-0.0017,0.0,0,0,0,open-meteo-real
2013-05-27,5,78.7,202.3,55.5,27.98,28.32,0.4128,0.4191,0.5867,0.1491,0.5,-0.866,-0.6065,0.5998,0.0055,0.0,0,0,0,open-meteo-real
2013-06-03,6,55.5,198.1,32.9,27.53,28.12,0.4081,0.403,0.5772,0.1426,0.0,-1.0,-0.6531,0.8329,-0.0047,0.0,0,0,0,open-meteo-real
2013-06-10,6,32.9,185.4,27.3,27.18,27.57,0.4047,0.4036,0.5857,0.1293,0.0,-1.0,-0.7944,1.3149,-0.0033,0.0,0,0,0,open-meteo-real
2013-06-17,6,27.3,213.8,56.2,27.18,27.3,0.3932,0.3879,0.5615,0.1196,0.0,-1.0,-0.8294,1.8274,-0.0115,0.0,0,0,0,open-meteo-real
2013-06-24,6,56.2,208.5,57.0,26.68,27.02,0.4012,0.4033,0.5605,0.1388,0.0,-1.0,-0.6487,0.8657,0.0079,0.0,0,0,0,open-meteo-real
2013-07-01,7,57.0,178.7,67.0,26.38,26.75,0.4139,0.4139,0.5587,0.1753,-0.5,-0.866,-0.2875,0.7315,0.0127,0.0,0,0,0,open-meteo-real
2013-07-08,7,67.0,147.6,20.8,26.38,26.48,0.409,0.4107,0.5744,0.1824,-0.5,-0.866,-0.1625,0.514,-0.0049,0.0,0,0,0,open-meteo-real
2013-07-15,7,20.8,102.9,30.1,25.73,26.17,0.3889,0.384,0.5474,0.1242,-0.5,-0.866,-0.74,1.1543,-0.0201,0.0,0,1,0,open-meteo-real
2013-07-22,7,30.1,98.1,26.4,25.68,25.93,0.3981,0.3941,0.5506,0.139,-0.5,-0.866,-0.6238,0.7605,0.0091,0.0,0,0,0,open-meteo-real
2013-07-29,7,26.4,89.5,14.8,25.83,25.75,0.3891,0.3874,0.5502,0.1299,-0.5,-0.866,-0.67,0.791,-0.0089,0.0,0,0,0,open-meteo-real
2013-08-05,8,14.8,129.5,21.5,25.63,25.72,0.3865,0.3844,0.5638,0.1138,-0.866,-0.5,-0.852,2.0417,-0.0026,0.0,0,0,0,open-meteo-real
2013-08-12,8,21.5,217.7,24.3,26.13,25.87,0.3933,0.3877,0.5554,0.1232,-0.866,-0.5,-0.785,2.3626,0.0068,0.0,0,0,0,open-meteo-real
2013-08-19,8,24.3,248.7,56.4,26.23,26.0,0.3875,0.3837,0.559,0.1219,-0.866,-0.5,-0.757,2.3881,-0.0058,0.0,0,0,0,open-meteo-real
2013-08-26,8,56.4,269.9,63.5,26.13,26.17,0.39,0.3892,0.5596,0.1491,-0.866,-0.5,-0.436,1.1166,0.0026,0.0,0,0,0,open-meteo-real
2013-09-02,9,63.5,282.5,97.7,26.03,26.13,0.4136,0.4121,0.5751,0.1464,-1.0,-0.0,-0.6472,1.0381,0.0236,0.0,0,0,0,open-meteo-real
2013-09-09,9,97.7,303.7,44.1,26.83,26.33,0.418,0.4162,0.5821,0.1642,-1.0,-0.0,-0.4572,0.7253,0.0044,0.0,0,0,0,open-meteo-real
2013-09-16,9,44.1,252.8,54.7,27.13,26.67,0.4075,0.4064,0.5754,0.1341,-1.0,-0.0,-0.755,1.3376,-0.0105,0.0,0,0,0,open-meteo-real
2013-09-23,9,54.7,276.8,86.4,26.93,26.97,0.408,0.4089,0.5853,0.1391,-1.0,-0.0,-0.6961,1.1807,0.0005,0.0,0,0,0,open-meteo-real
2013-09-30,9,86.4,272.0,56.7,27.03,27.03,0.4218,0.4224,0.5783,0.1615,-1.0,-0.0,-0.52,0.7346,0.0138,0.0,0,0,0,open-meteo-real
2013-10-07,10,56.7,239.2,56.2,27.13,27.03,0.4178,0.4189,0.5921,0.1433,-0.866,0.5,-0.7165,0.9844,-0.0041,0.0,0,0,0,open-meteo-real
2013-10-14,10,56.2,288.6,62.1,27.48,27.22,0.4137,0.4185,0.5832,0.1407,-0.866,0.5,-0.719,1.1982,-0.0041,0.0,0,0,0,open-meteo-real
2013-10-21,10,62.1,296.2,38.5,27.28,27.3,0.4165,0.4189,0.5921,0.1447,-0.866,0.5,-0.6895,1.1129,0.0028,0.0,0,0,0,open-meteo-real
2013-10-28,10,38.5,271.3,93.8,27.43,27.4,0.4114,0.4106,0.5881,0.1322,-0.866,0.5,-0.8075,1.6442,-0.0051,0.0,0,0,0,open-meteo-real
2013-11-04,11,93.8,282.8,75.5,27.83,27.52,0.4065,0.4116,0.5882,0.1639,-0.5,0.866,-0.3747,0.7035,-0.0049,0.0,0,0,0,open-meteo-real
2013-11-11,11,75.5,263.6,55.2,28.63,27.97,0.4155,0.4134,0.577,0.1596,-0.5,0.866,-0.4967,0.8147,0.0091,0.0,0,0,0,open-meteo-real
2013-11-18,11,55.2,211.8,48.4,27.63,28.03,0.412,0.4144,0.582,0.1466,-0.5,0.866,-0.632,0.8953,-0.0036,0.0,0,0,0,open-meteo-real
2013-11-25,11,48.4,167.3,46.9,28.28,28.18,0.407,0.41,0.5772,0.14,-0.5,0.866,-0.6773,0.8065,-0.0049,0.0,0,0,0,open-meteo-real
2013-12-02,12,46.9,131.1,61.0,27.68,27.87,0.4141,0.4134,0.587,0.1935,-0.0,1.0,-0.062,0.6522,0.0071,0.0,0,0,0,open-meteo-real
2013-12-09,12,61.0,93.9,8.2,27.68,27.88,0.4072,0.4077,0.5797,0.2119,-0.0,1.0,0.22,0.3592,-0.0069,0.0,0,0,0,open-meteo-real
2013-12-16,12,8.2,47.4,12.1,28.33,27.9,0.3685,0.3666,0.5578,0.1042,-0.0,1.0,-0.836,1.3488,-0.0387,0.0,0,0,0,open-meteo-real
2013-12-23,12,12.1,55.9,10.2,28.68,28.23,0.372,0.3632,0.5528,0.1126,-0.0,1.0,-0.758,1.078,0.0035,0.0,0,0,0,open-meteo-real
2013-12-30,12,10.2,70.3,13.9,27.98,28.33,0.3701,0.3627,0.5537,0.1084,-0.0,1.0,-0.796,1.6082,-0.002,0.0,0,0,0,open-meteo-real
2014-01-06,1,13.9,94.2,17.7,28.38,28.35,0.3767,0.3652,0.5584,0.1331,0.5,0.866,-0.5367,1.5813,0.0066,0.0,0,0,0,open-meteo-real
2014-01-13,1,17.7,91.5,14.3,28.48,28.28,0.3753,0.3628,0.5523,0.1424,0.5,0.866,-0.41,1.2062,-0.0014,0.0,0,0,0,open-meteo-real
2014-01-20,1,14.3,83.9,43.7,28.88,28.58,0.3759,0.3637,0.5565,0.1337,0.5,0.866,-0.5233,1.369,0.0006,0.0,0,0,0,open-meteo-real
2014-01-27,1,43.7,87.4,13.2,28.03,28.47,0.4027,0.3894,0.5611,0.2281,0.5,0.866,0.4567,0.4667,0.0268,0.0,0,0,0,open-meteo-real
2014-02-03,2,13.2,117.8,9.0,28.58,28.5,0.3914,0.3872,0.5809,0.1259,0.866,0.5,-0.736,2.0823,-0.0113,0.0,0,0,0,open-meteo-real
2014-02-10,2,9.0,176.2,15.5,28.78,28.47,0.3716,0.366,0.5679,0.1074,0.866,0.5,-0.82,4.5681,-0.0198,0.0,0,0,0,open-meteo-real
2014-02-17,2,15.5,224.2,73.9,29.38,28.92,0.3662,0.3539,0.5544,0.1145,0.866,0.5,-0.69,3.3751,-0.0054,0.0,0,0,0,open-meteo-real
2014-02-24,2,73.9,263.6,72.7,28.48,28.88,0.4062,0.3972,0.5718,0.232,0.866,0.5,0.478,0.8323,0.04,0.0,0,0,0,open-meteo-real
2014-03-03,3,72.7,234.4,40.7,29.13,29.0,0.4114,0.4182,0.5867,0.1653,1.0,0.0,-0.3942,0.7523,0.0052,0.0,0,0,0,open-meteo-real
2014-03-10,3,40.7,200.8,56.9,29.33,28.98,0.4012,0.4028,0.5911,0.1379,1.0,0.0,-0.6608,1.1512,-0.0101,0.0,0,0,0,open-meteo-real
2014-03-17,3,56.9,319.0,47.0,29.13,29.2,0.4053,0.4055,0.5894,0.1511,1.0,0.0,-0.5258,1.3081,0.0041,0.0,0,0,0,open-meteo-real
2014-03-24,3,47.0,316.0,36.8,29.18,29.22,0.4161,0.4208,0.606,0.151,1.0,0.0,-0.6083,1.5688,0.0107,0.0,0,0,0,open-meteo-real
2014-03-31,3,36.8,328.8,174.4,29.38,29.23,0.4027,0.4028,0.5936,0.1362,1.0,0.0,-0.6933,2.0848,-0.0133,0.0,0,0,0,open-meteo-real
2014-04-07,4,174.4,360.8,36.4,29.08,29.22,0.4161,0.4194,0.5882,0.1972,0.866,-0.5,-0.0311,0.4827,0.0133,0.0,0,0,0,open-meteo-real
2014-04-14,4,36.4,269.5,56.2,29.28,29.25,0.3884,0.3865,0.5736,0.1192,0.866,-0.5,-0.7978,1.7276,-0.0277,0.0,0,0,0,open-meteo-real
2014-04-21,4,56.2,292.0,66.5,29.08,29.15,0.4081,0.4087,0.5842,0.1399,0.866,-0.5,-0.6878,1.2123,0.0197,0.0,0,0,0,open-meteo-real
2014-04-28,4,66.5,351.2,58.6,29.28,29.22,0.408,0.4109,0.5843,0.1444,0.866,-0.5,-0.6306,1.2323,-0.0001,0.0,0,0,0,open-meteo-real
2014-05-05,5,58.6,345.0,90.7,28.98,29.12,0.4094,0.4143,0.594,0.1391,0.5,-0.866,-0.707,1.3737,0.0014,0.0,0,0,0,open-meteo-real
2014-05-12,5,90.7,370.9,59.8,29.68,29.32,0.4061,0.4073,0.5795,0.1499,0.5,-0.866,-0.5465,0.9542,-0.0033,0.0,0,0,0,open-meteo-real
2014-05-19,5,59.8,350.1,114.2,28.98,29.22,0.4118,0.4154,0.5971,0.141,0.5,-0.866,-0.701,1.3661,0.0057,0.0,0,0,0,open-meteo-real
2014-05-26,5,114.2,335.5,83.0,28.28,28.98,0.4109,0.4102,0.5736,0.1622,0.5,-0.866,-0.429,0.6855,-0.0009,0.0,0,0,0,open-meteo-real
2014-06-02,6,83.0,272.2,66.5,28.38,28.55,0.4184,0.4235,0.5891,0.1625,0.0,-1.0,-0.4813,0.7652,0.0075,0.0,0,0,0,open-meteo-real
2014-06-09,6,66.5,223.7,55.6,27.63,28.1,0.4178,0.418,0.5812,0.1539,0.0,-1.0,-0.5844,0.7849,-0.0006,0.0,0,0,0,open-meteo-real
2014-06-16,6,55.6,170.1,56.4,27.58,27.87,0.413,0.4144,0.5912,0.1456,0.0,-1.0,-0.6525,0.7138,-0.0048,0.0,0,0,0,open-meteo-real
2014-06-23,6,56.4,132.7,40.7,27.33,27.52,0.4168,0.4179,0.5742,0.1483,0.0,-1.0,-0.6475,0.549,0.0038,0.0,0,0,0,open-meteo-real
2014-06-30,6,40.7,90.6,12.4,26.83,27.25,0.411,0.4153,0.5699,0.1369,0.0,-1.0,-0.7456,0.5194,-0.0058,0.0,0,0,0,open-meteo-real
2014-07-07,7,12.4,70.7,15.0,26.68,26.95,0.3871,0.389,0.5669,0.1147,-0.5,-0.866,-0.845,1.3304,-0.0239,0.0,0,0,0,open-meteo-real
2014-07-14,7,15.0,98.8,15.5,26.18,26.57,0.3807,0.377,0.5492,0.1134,-0.5,-0.866,-0.8125,1.5369,-0.0065,0.0,0,1,0,open-meteo-real
2014-07-21,7,15.5,127.3,23.9,25.88,26.25,0.3776,0.3744,0.5312,0.112,-0.5,-0.866,-0.8063,1.9163,-0.0031,0.0,0,1,0,open-meteo-real
2014-07-28,7,23.9,145.6,24.5,26.03,26.03,0.3777,0.3669,0.541,0.1205,-0.5,-0.866,-0.7012,1.4215,0.0002,0.0,0,1,0,open-meteo-real
2014-08-04,8,24.5,240.3,54.8,26.38,26.1,0.3759,0.3679,0.548,0.1151,-0.866,-0.5,-0.755,2.2886,-0.0018,0.0,0,1,0,open-meteo-real
2014-08-11,8,54.8,256.7,41.1,26.13,26.18,0.4089,0.403,0.5617,0.1592,-0.866,-0.5,-0.452,1.093,0.033,0.0,0,0,0,open-meteo-real
2014-08-18,8,41.1,259.4,102.5,26.88,26.47,0.4046,0.4025,0.5682,0.1456,-0.866,-0.5,-0.589,1.4727,-0.0043,0.0,0,0,0,open-meteo-real
2014-08-25,8,102.5,282.1,42.8,26.28,26.43,0.4064,0.4103,0.5601,0.1958,-0.866,-0.5,0.025,0.6422,0.0018,0.0,0,0,0,open-meteo-real
2014-09-01,9,42.8,279.7,57.2,25.98,26.38,0.4057,0.402,0.5611,0.1325,-1.0,-0.0,-0.7622,1.5248,-0.0006,0.0,0,0,0,open-meteo-real
2014-09-08,9,57.2,285.4,56.9,26.63,26.3,0.4182,0.4185,0.5885,0.1464,-1.0,-0.0,-0.6822,1.1642,0.0125,0.0,0,0,0,open-meteo-real
2014-09-15,9,56.9,286.3,108.5,29.08,27.23,0.4162,0.4199,0.5881,0.145,-1.0,-0.0,-0.6839,1.174,-0.002,0.0,0,0,0,open-meteo-real
2014-09-22,9,108.5,333.5,49.0,26.38,27.37,0.4217,0.4211,0.5788,0.1713,-1.0,-0.0,-0.3972,0.7172,0.0055,0.0,0,0,0,open-meteo-real
2014-09-29,9,49.0,313.7,51.1,27.13,27.53,0.4127,0.4141,0.588,0.1394,-1.0,-0.0,-0.7278,1.4938,-0.009,0.0,0,0,0,open-meteo-real
2014-10-06,10,51.1,354.6,103.8,27.33,26.95,0.4159,0.414,0.5809,0.14,-0.866,0.5,-0.7445,1.6192,0.0032,0.0,0,0,0,open-meteo-real
2014-10-13,10,103.8,368.3,98.2,27.38,27.28,0.4175,0.4183,0.5697,0.162,-0.866,0.5,-0.481,0.8279,0.0016,0.0,0,0,0,open-meteo-real
2014-10-20,10,98.2,320.5,67.1,29.43,28.05,0.4191,0.4166,0.5718,0.1607,-0.866,0.5,-0.509,0.7615,0.0015,0.0,0,0,0,open-meteo-real
2014-10-27,10,67.1,280.6,88.7,27.83,28.22,0.4173,0.4179,0.587,0.1472,-0.866,0.5,-0.6645,0.9758,-0.0018,0.0,0,0,0,open-meteo-real
2014-11-03,11,88.7,234.4,58.3,28.28,28.52,0.4134,0.4135,0.5768,0.1653,-0.5,0.866,-0.4087,0.6166,-0.0039,0.0,0,0,0,open-meteo-real
2014-11-10,11,58.3,180.8,37.3,27.73,27.95,0.4116,0.4107,0.5716,0.1481,-0.5,0.866,-0.6113,0.7236,-0.0017,0.0,0,0,0,open-meteo-real
2014-11-17,11,37.3,166.9,46.2,28.18,28.07,0.4048,0.4052,0.5786,0.1328,-0.5,0.866,-0.7513,1.0441,-0.0068,0.0,0,0,0,open-meteo-real
2014-11-24,11,46.2,141.9,33.8,28.28,28.07,0.4068,0.4083,0.5782,0.1387,-0.5,0.866,-0.692,0.7167,0.002,0.0,0,0,0,open-meteo-real
2014-12-01,12,33.8,111.5,46.8,27.58,28.02,0.4071,0.4064,0.5857,0.1684,-0.0,1.0,-0.324,0.7697,0.0003,0.0,0,0,0,open-meteo-real
2014-12-08,12,46.8,88.8,10.6,28.88,28.25,0.4096,0.4101,0.5729,0.1906,-0.0,1.0,-0.064,0.4427,0.0025,0.0,0,0,0,open-meteo-real
2014-12-15,12,10.6,44.6,18.0,27.93,28.13,0.3923,0.3949,0.5772,0.1224,-0.0,1.0,-0.788,0.9818,-0.0173,0.0,0,0,0,open-meteo-real
2014-12-22,12,18.0,40.8,12.6,28.03,28.28,0.3821,0.3777,0.5646,0.1281,-0.0,1.0,-0.64,0.5289,-0.0102,0.0,0,0,0,open-meteo-real
2014-12-29,12,12.6,48.6,3.2,27.78,27.92,0.3855,0.379,0.559,0.1215,-0.0,1.0,-0.748,0.9,0.0033,0.0,0,0,0,open-meteo-real
2015-01-05,1,3.2,48.9,4.5,28.73,28.18,0.3584,0.3612,0.5662,0.0936,0.5,0.866,-0.8933,3.5656,-0.0271,0.0,0,0,0,open-meteo-real
2015-01-12,1,4.5,77.1,14.3,28.13,28.22,0.3328,0.3327,0.5368,0.0817,0.5,0.866,-0.85,3.9978,-0.0256,0.0,0,1,0,open-meteo-real
2015-01-19,1,14.3,128.8,24.0,28.08,28.32,0.3534,0.3318,0.5283,0.1202,0.5,0.866,-0.5233,2.1016,0.0206,0.0,0,0,0,open-meteo-real
2015-01-26,1,24.0,160.2,33.4,28.33,28.18,0.3938,0.3788,0.5623,0.1703,0.5,0.866,-0.2,1.5575,0.0404,0.0,0,0,0,open-meteo-real
2015-02-02,2,33.4,167.1,27.7,28.73,28.38,0.3897,0.3777,0.5671,0.1573,0.866,0.5,-0.332,1.1674,-0.0041,0.0,0,0,0,open-meteo-real
2015-02-09,2,27.7,163.7,65.5,29.53,28.87,0.3932,0.3963,0.5805,0.1502,0.866,0.5,-0.446,1.3789,0.0034,0.0,0,0,0,open-meteo-real
2015-02-16,2,65.5,183.7,36.1,28.63,28.97,0.4084,0.4049,0.586,0.2198,0.866,0.5,0.31,0.6544,0.0152,0.0,0,0,0,open-meteo-real
2015-02-23,2,36.1,185.7,33.1,28.83,29.0,0.4087,0.4125,0.5889,0.173,0.866,0.5,-0.278,1.2003,0.0003,0.0,0,0,0,open-meteo-real
2015-03-02,3,33.1,251.7,36.6,28.63,28.7,0.3993,0.4015,0.5882,0.1316,1.0,0.0,-0.7242,1.7743,-0.0095,0.0,0,0,0,open-meteo-real
2015-03-09,3,36.6,257.6,56.8,29.83,29.1,0.3929,0.3959,0.5907,0.1302,1.0,0.0,-0.695,1.6423,-0.0064,0.0,0,0,0,open-meteo-real
2015-03-16,3,56.8,268.8,101.7,29.33,29.27,0.4117,0.4192,0.6053,0.1549,1.0,0.0,-0.5267,1.1042,0.0188,0.0,0,0,0,open-meteo-real
2015-03-23,3,101.7,242.5,48.0,28.88,29.35,0.4171,0.4166,0.5906,0.1881,1.0,0.0,-0.1525,0.5564,0.0054,0.0,0,0,0,open-meteo-real
2015-03-30,3,48.0,183.5,47.6,28.78,29.0,0.4103,0.4151,0.6002,0.1482,1.0,0.0,-0.6,0.892,-0.0068,0.0,0,0,0,open-meteo-real
2015-04-06,4,47.6,184.9,33.6,29.13,28.93,0.4067,0.4108,0.5899,0.1352,0.866,-0.5,-0.7356,0.9064,-0.0036,0.0,0,0,0,open-meteo-real
2015-04-13,4,33.6,172.1,46.8,28.98,28.97,0.408,0.4115,0.6009,0.1298,0.866,-0.5,-0.8133,1.1951,0.0013,0.0,0,0,0,open-meteo-real
2015-04-20,4,46.8,195.9,33.0,29.23,29.12,0.4036,0.4091,0.6016,0.1329,0.866,-0.5,-0.74,0.9767,-0.0045,0.0,0,0,0,open-meteo-real
2015-04-27,4,33.0,216.5,48.4,29.73,29.32,0.3965,0.397,0.5912,0.1226,0.866,-0.5,-0.8167,1.5308,-0.0071,0.0,0,0,0,open-meteo-real
2015-05-04,5,48.4,227.5,57.5,29.38,29.45,0.4103,0.4121,0.5919,0.1355,0.5,-0.866,-0.758,1.0968,0.0138,0.0,0,0,0,open-meteo-real
2015-05-11,5,57.5,219.9,63.1,31.18,30.1,0.4123,0.4163,0.5938,0.1404,0.5,-0.866,-0.7125,0.8923,0.002,0.0,0,0,0,open-meteo-real
2015-05-18,5,63.1,187.0,53.3,28.93,29.83,0.4135,0.4145,0.5893,0.1433,0.5,-0.866,-0.6845,0.6915,0.0012,0.0,0,0,0,open-meteo-real
2015-05-25,5,53.3,151.2,39.6,28.28,29.47,0.4146,0.4157,0.5864,0.1401,0.5,-0.866,-0.7335,0.6619,0.0011,0.0,0,0,0,open-meteo-real
2015-06-01,6,39.6,113.6,22.0,27.78,28.33,0.4065,0.407,0.5752,0.1337,0.0,-1.0,-0.7525,0.6694,-0.0081,0.0,0,0,0,open-meteo-real
2015-06-08,6,22.0,82.5,27.6,27.13,27.73,0.3976,0.3991,0.5657,0.1195,0.0,-1.0,-0.8625,0.875,-0.0089,0.0,0,0,0,open-meteo-real
2015-06-15,6,27.6,91.9,22.1,26.78,27.23,0.3993,0.3978,0.5554,0.1234,0.0,-1.0,-0.8275,0.7769,0.0017,0.0,0,0,0,open-meteo-real
2015-06-22,6,22.1,84.0,7.7,26.38,26.77,0.3928,0.3916,0.5459,0.1167,0.0,-1.0,-0.8619,0.8869,-0.0065,0.0,0,1,0,open-meteo-real
2015-06-29,6,7.7,76.5,31.4,27.28,26.82,0.366,0.369,0.5374,0.0935,0.0,-1.0,-0.9519,2.3182,-0.0267,0.0,0,1,0,open-meteo-real
2015-07-06,7,31.4,83.2,10.2,27.58,27.08,0.3829,0.3711,0.5466,0.1311,-0.5,-0.866,-0.6075,0.6183,0.0169,0.0,0,1,0,open-meteo-real
2015-07-13,7,10.2,64.1,22.6,26.58,27.15,0.3719,0.3699,0.542,0.1034,-0.5,-0.866,-0.8725,1.4663,-0.011,0.0,0,1,0,open-meteo-real
2015-07-20,7,22.6,67.7,16.5,25.78,26.65,0.377,0.3694,0.5296,0.1188,-0.5,-0.866,-0.7175,0.699,0.0051,0.0,0,1,0,open-meteo-real
2015-07-27,7,16.5,83.8,7.5,26.33,26.23,0.3747,0.3663,0.5411,0.1113,-0.5,-0.866,-0.7937,1.1851,-0.0023,0.0,0,1,0,open-meteo-real
2015-08-03,8,7.5,126.0,17.3,26.68,26.27,0.3515,0.352,0.5378,0.0869,-0.866,-0.5,-0.925,3.92,-0.0232,0.0,0,1,0,open-meteo-real
2015-08-10,8,17.3,187.3,37.1,26.23,26.42,0.356,0.3438,0.508,0.0975,-0.866,-0.5,-0.827,2.5262,0.0045,0.0,0,1,0,open-meteo-real
2015-08-17,8,37.1,334.5,61.6,26.48,26.47,0.3795,0.3685,0.5347,0.1274,-0.866,-0.5,-0.629,2.1038,0.0234,0.0,0,0,0,open-meteo-real
2015-08-24,8,61.6,348.9,54.8,25.93,26.22,0.4096,0.4063,0.5538,0.1651,-0.866,-0.5,-0.384,1.3216,0.0302,0.0,0,0,0,open-meteo-real
2015-08-31,8,54.8,358.5,36.9,26.93,26.45,0.4055,0.4066,0.5606,0.1571,-0.866,-0.5,-0.452,1.5265,-0.0042,0.0,0,0,0,open-meteo-real
2015-09-07,9,36.9,354.4,187.1,26.63,26.5,0.4107,0.4134,0.5794,0.1328,-1.0,-0.0,-0.795,2.241,0.0052,0.0,0,0,0,open-meteo-real
2015-09-14,9,187.1,363.0,58.7,26.63,26.73,0.4164,0.4143,0.5698,0.203,-1.0,-0.0,0.0394,0.4527,0.0057,0.0,0,0,0,open-meteo-real
2015-09-21,9,58.7,252.4,54.4,26.93,26.73,0.4125,0.4096,0.58,0.1436,-1.0,-0.0,-0.6739,1.0033,-0.0039,0.0,0,0,0,open-meteo-real
2015-09-28,9,54.4,343.4,45.3,27.33,26.97,0.4169,0.4195,0.5897,0.1443,-1.0,-0.0,-0.6978,1.4729,0.0044,0.0,0,0,0,open-meteo-real
2015-10-05,10,45.3,406.6,72.3,27.78,27.35,0.4096,0.4112,0.5893,0.1339,-0.866,0.5,-0.7735,2.0943,-0.0073,0.0,0,0,0,open-meteo-real
2015-10-12,10,72.3,433.8,137.4,27.78,27.63,0.4174,0.4155,0.5893,0.1494,-0.866,0.5,-0.6385,1.4,0.0078,0.0,0,0,0,open-meteo-real
2015-10-19,10,137.4,416.2,126.3,27.38,27.65,0.4197,0.4167,0.5713,0.1768,-0.866,0.5,-0.313,0.7068,0.0023,0.0,0,0,0,open-meteo-real
2015-10-26,10,126.3,330.2,88.0,27.88,27.68,0.4185,0.4206,0.5707,0.1716,-0.866,0.5,-0.3685,0.61,-0.0012,0.0,0,0,0,open-meteo-real
2015-11-02,11,88.0,225.1,48.8,28.38,27.88,0.4154,0.4171,0.5845,0.1662,-0.5,0.866,-0.4133,0.5969,-0.003,0.0,0,0,0,open-meteo-real
2015-11-09,11,48.8,169.8,50.8,27.98,28.08,0.408,0.4113,0.5814,0.1408,-0.5,0.866,-0.6747,0.8119,-0.0074,0.0,0,0,0,open-meteo-real
2015-11-16,11,50.8,134.4,33.1,27.73,28.03,0.4139,0.4156,0.5848,0.1455,-0.5,0.866,-0.6613,0.6173,0.0059,0.0,0,0,0,open-meteo-real
2015-11-23,11,33.1,95.6,30.7,28.63,28.12,0.4043,0.405,0.5839,0.1302,-0.5,0.866,-0.7793,0.6739,-0.0097,0.0,0,0,0,open-meteo-real
2015-11-30,11,30.7,68.6,15.7,29.53,28.63,0.4074,0.4051,0.5794,0.1308,-0.5,0.866,-0.7953,0.5214,0.0031,0.0,0,0,0,open-meteo-real
2015-12-07,12,15.7,49.4,14.3,28.23,28.8,0.3878,0.3865,0.5713,0.1278,-0.0,1.0,-0.686,0.7342,-0.0196,0.0,0,0,0,open-meteo-real
2015-12-14,12,14.3,43.9,7.2,27.98,28.58,0.3885,0.3857,0.5701,0.126,-0.0,1.0,-0.714,0.7163,0.0007,0.0,0,0,0,open-meteo-real
2015-12-21,12,7.2,41.6,7.8,28.53,28.25,0.3732,0.3697,0.5648,0.1054,-0.0,1.0,-0.856,1.3481,-0.0153,0.0,0,0,0,open-meteo-real
2015-12-28,12,7.8,80.5,12.5,28.38,28.3,0.3579,0.3506,0.5476,0.0972,-0.0,1.0,-0.844,2.4081,-0.0153,0.0,0,1,0,open-meteo-real
2016-01-04,1,12.5,76.2,10.4,28.63,28.52,0.3674,0.3524,0.5455,0.1238,0.5,0.866,-0.5833,1.4224,0.0095,0.0,0,1,0,open-meteo-real
2016-01-11,1,10.4,77.7,45.7,28.98,28.67,0.3653,0.3532,0.5478,0.1169,0.5,0.866,-0.6533,1.7433,-0.0021,0.0,0,1,0,open-meteo-real
2016-01-18,1,45.7,86.6,5.3,28.53,28.72,0.3729,0.3582,0.5485,0.2156,0.5,0.866,0.5233,0.4422,0.0076,0.0,0,0,0,open-meteo-real
2016-01-25,1,5.3,58.0,14.9,28.78,28.77,0.3733,0.3781,0.5788,0.1081,0.5,0.866,-0.8233,2.5535,0.0004,0.0,0,0,0,open-meteo-real
2016-02-01,2,14.9,107.8,17.5,28.73,28.68,0.3552,0.3453,0.5396,0.107,0.866,0.5,-0.702,1.6881,-0.0181,0.0,0,1,0,open-meteo-real
2016-02-08,2,17.5,146.0,17.0,29.18,28.9,0.367,0.3507,0.5469,0.1182,0.866,0.5,-0.65,1.9467,0.0118,0.0,0,0,0,open-meteo-real
2016-02-15,2,17.0,184.9,32.0,29.33,29.08,0.3742,0.3604,0.563,0.1217,0.866,0.5,-0.66,2.5378,0.0072,0.0,0,0,0,open-meteo-real
2016-02-22,2,32.0,233.2,69.4,29.63,29.38,0.3904,0.3761,0.5691,0.1555,0.866,0.5,-0.36,1.7004,0.0162,0.0,0,0,0,open-meteo-real
2016-02-29,2,69.4,261.9,58.9,29.53,29.5,0.4125,0.413,0.5869,0.2285,0.866,0.5,0.388,0.8805,0.0221,0.0,0,0,0,open-meteo-real
2016-03-07,3,58.9,271.8,50.9,29.83,29.67,0.4084,0.4093,0.5874,0.1543,1.0,0.0,-0.5092,1.0767,-0.0041,0.0,0,0,0,open-meteo-real
2016-03-14,3,50.9,271.7,49.8,32.93,30.77,0.4088,0.4151,0.5747,0.1492,1.0,0.0,-0.5758,1.2455,0.0003,0.0,0,0,0,open-meteo-real
2016-03-21,3,49.8,267.2,81.2,29.38,30.72,0.4106,0.4145,0.5963,0.1496,1.0,0.0,-0.585,1.2519,0.0019,0.0,0,0,0,open-meteo-real
2016-03-28,3,81.2,261.5,77.4,29.38,30.57,0.4068,0.4076,0.5795,0.1682,1.0,0.0,-0.3233,0.7514,-0.0038,0.0,0,0,0,open-meteo-real
2016-04-04,4,77.4,230.7,46.2,29.43,29.4,0.4096,0.412,0.5776,0.1501,0.866,-0.5,-0.57,0.6955,0.0028,0.0,0,0,0,open-meteo-real
2016-04-11,4,46.2,219.8,44.5,31.33,30.05,0.406,0.4088,0.5838,0.1341,0.866,-0.5,-0.7433,1.1101,-0.0036,0.0,0,0,0,open-meteo-real
2016-04-18,4,44.5,367.7,51.9,29.78,30.18,0.4024,0.4044,0.5845,0.1312,0.866,-0.5,-0.7528,1.928,-0.0036,0.0,0,0,0,open-meteo-real
2016-04-25,4,51.9,399.9,59.6,29.28,30.13,0.412,0.4149,0.5957,0.1403,0.866,-0.5,-0.7117,1.7979,0.0096,0.0,0,0,0,open-meteo-real
2016-05-02,5,59.6,437.0,78.7,29.38,29.48,0.4115,0.4165,0.5891,0.1407,0.5,-0.866,-0.702,1.7109,-0.0005,0.0,0,0,0,open-meteo-real
2016-05-09,5,78.7,437.0,200.7,29.08,29.25,0.4126,0.4172,0.5791,0.1491,0.5,-0.866,-0.6065,1.2956,0.0012,0.0,0,0,0,open-meteo-real
2016-05-16,5,200.7,454.0,83.7,28.63,29.03,0.4155,0.4123,0.5735,0.1996,0.5,-0.866,0.0035,0.5278,0.0028,0.0,0,0,0,open-meteo-real
2016-05-23,5,83.7,371.0,64.3,28.73,28.82,0.4167,0.4222,0.5921,0.1535,0.5,-0.866,-0.5815,1.0342,0.0013,0.0,0,0,0,open-meteo-real
2016-05-30,5,64.3,357.6,70.2,28.43,28.6,0.4128,0.4197,0.5879,0.1434,0.5,-0.866,-0.6785,1.2977,-0.004,0.0,0,0,0,open-meteo-real
2016-06-06,6,70.2,362.1,148.5,28.28,28.48,0.4138,0.4139,0.5761,0.1534,0.0,-1.0,-0.5613,1.2036,0.001,0.0,0,0,0,open-meteo-real
2016-06-13,6,148.5,387.6,53.2,27.53,28.08,0.4142,0.4193,0.5755,0.1928,0.0,-1.0,-0.0719,0.609,0.0004,0.0,0,0,0,open-meteo-real
2016-06-20,6,53.2,313.1,50.0,27.18,27.67,0.4109,0.4107,0.5783,0.1432,0.0,-1.0,-0.6675,1.3732,-0.0033,0.0,0,0,0,open-meteo-real
2016-06-27,6,50.0,330.8,72.4,27.63,27.45,0.4122,0.4153,0.5922,0.1423,0.0,-1.0,-0.6875,1.5437,0.0012,0.0,0,0,0,open-meteo-real
2016-07-04,7,72.4,320.8,118.6,27.33,27.38,0.419,0.4202,0.5806,0.1938,-0.5,-0.866,-0.095,1.0339,0.0068,0.0,0,0,0,open-meteo-real
2016-07-11,7,118.6,278.9,80.9,27.03,27.33,0.42,0.4209,0.5791,0.2406,-0.5,-0.866,0.4825,0.5487,0.001,0.0,0,0,0,open-meteo-real
2016-07-18,7,80.9,226.6,39.6,26.83,27.07,0.4219,0.4234,0.5753,0.2041,-0.5,-0.866,0.0112,0.6536,0.0019,0.0,0,0,0,open-meteo-real
2016-07-25,7,39.6,199.1,37.5,26.53,26.8,0.4073,0.4039,0.5559,0.154,-0.5,-0.866,-0.505,1.1731,-0.0146,0.0,0,0,0,open-meteo-real
2016-08-01,8,37.5,335.9,57.7,26.43,26.6,0.4072,0.4072,0.5696,0.1443,-0.866,-0.5,-0.625,2.09,-0.0,0.0,0,0,0,open-meteo-real
2016-08-08,8,57.7,345.6,51.0,26.88,26.62,0.4007,0.401,0.5714,0.1566,-0.866,-0.5,-0.423,1.3976,-0.0066,0.0,0,0,0,open-meteo-real
2016-08-15,8,51.0,405.6,163.0,26.73,26.68,0.4126,0.416,0.5765,0.1584,-0.866,-0.5,-0.49,1.8557,0.0119,0.0,0,0,0,open-meteo-real
2016-08-22,8,163.0,464.7,69.0,26.58,26.73,0.4121,0.4061,0.557,0.2477,-0.866,-0.5,0.63,0.6652,-0.0005,0.0,0,0,0,open-meteo-real
2016-08-29,8,69.0,408.4,74.1,27.13,26.82,0.4148,0.4167,0.5828,0.1741,-0.866,-0.5,-0.31,1.3811,0.0027,0.0,0,0,0,open-meteo-real
2016-09-05,9,74.1,418.1,81.2,26.63,26.78,0.4117,0.41,0.5702,0.15,-1.0,-0.0,-0.5883,1.3166,-0.0031,0.0,0,0,0,open-meteo-real
2016-09-12,9,81.2,410.7,167.1,30.03,27.93,0.4109,0.4083,0.5725,0.1527,-1.0,-0.0,-0.5489,1.1802,-0.0008,0.0,0,0,0,open-meteo-real
2016-09-19,9,167.1,385.9,80.7,27.08,27.92,0.4186,0.4176,0.5676,0.1954,-1.0,-0.0,-0.0717,0.5389,0.0077,0.0,0,0,0,open-meteo-real
2016-09-26,9,80.7,310.4,70.5,27.58,28.23,0.4164,0.4176,0.5874,0.1557,-1.0,-0.0,-0.5517,0.8975,-0.0022,0.0,0,0,0,open-meteo-real
2016-10-03,10,70.5,279.5,46.4,27.63,27.43,0.4176,0.4209,0.5906,0.1488,-0.866,0.5,-0.6475,0.9251,0.0012,0.0,0,0,0,open-meteo-real
2016-10-10,10,46.4,263.0,95.1,28.03,27.75,0.414,0.4157,0.5849,0.137,-0.866,0.5,-0.768,1.3226,-0.0036,0.0,0,0,0,open-meteo-real
2016-10-17,10,95.1,272.7,52.8,27.83,27.83,0.4169,0.4206,0.5901,0.1582,-0.866,0.5,-0.5245,0.6691,0.0029,0.0,0,0,0,open-meteo-real
2016-10-24,10,52.8,240.0,58.0,28.23,28.03,0.4086,0.4093,0.5839,0.1363,-0.866,0.5,-0.736,1.0606,-0.0083,0.0,0,0,0,open-meteo-real
2016-10-31,10,58.0,230.1,44.8,27.63,27.9,0.4103,0.4136,0.5837,0.1394,-0.866,0.5,-0.71,0.9257,0.0017,0.0,0,0,0,open-meteo-real
2016-11-07,11,44.8,233.2,80.1,28.38,28.08,0.4084,0.4124,0.5918,0.1389,-0.5,0.866,-0.7013,1.2146,-0.0019,0.0,0,0,0,open-meteo-real
2016-11-14,11,80.1,220.8,44.6,27.93,27.98,0.4109,0.4187,0.5768,0.1593,-0.5,0.866,-0.466,0.6432,0.0026,0.0,0,0,0,open-meteo-real
2016-11-21,11,44.6,159.6,50.2,28.93,28.42,0.3966,0.3928,0.5729,0.1317,-0.5,0.866,-0.7027,0.835,-0.0144,0.0,0,0,0,open-meteo-real
2016-11-28,11,50.2,133.6,42.3,28.73,28.53,0.4054,0.4104,0.5846,0.14,-0.5,0.866,-0.6653,0.621,0.0088,0.0,0,0,0,open-meteo-real
2016-12-05,12,42.3,104.1,21.5,30.03,29.23,0.4118,0.414,0.5872,0.1847,-0.0,1.0,-0.154,0.5742,0.0064,0.0,0,0,0,open-meteo-real
2016-12-12,12,21.5,87.4,15.1,29.13,29.3,0.4009,0.4058,0.5876,0.1449,-0.0,1.0,-0.57,0.9485,-0.0109,0.0,0,0,0,open-meteo-real
2016-12-19,12,15.1,94.7,18.3,29.48,29.55,0.3943,0.3936,0.5785,0.1308,-0.0,1.0,-0.698,1.4634,-0.0065,0.0,0,0,0,open-meteo-real
2016-12-26,12,18.3,137.9,26.7,28.95,29.19,0.3904,0.3874,0.5738,0.1335,-0.0,1.0,-0.634,1.7583,-0.0039,0.0,0,0,0,open-meteo-real
2017-01-02,1,26.7,158.9,22.1,30.3,29.58,0.3909,0.3872,0.5787,0.1758,0.5,0.866,-0.11,1.3886,0.0005,0.0,0,0,0,open-meteo-real
2017-01-09,1,22.1,156.9,49.9,29.3,29.52,0.3939,0.3913,0.5778,0.1653,0.5,0.866,-0.2633,1.6566,0.0029,0.0,0,0,0,open-meteo-real
2017-01-16,1,49.9,158.2,41.9,29.55,29.72,0.4046,0.4009,0.5709,0.2458,0.5,0.866,0.6633,0.7397,0.0107,0.0,1,0,0,open-meteo-real
2017-01-23,1,41.9,129.8,39.8,29.85,29.57,0.4071,0.407,0.5926,0.226,0.5,0.866,0.3967,0.7228,0.0024,0.0,0,0,0,open-meteo-real
2017-01-30,1,39.8,119.9,20.5,30.55,29.98,0.3972,0.4005,0.5861,0.2145,0.5,0.866,0.3267,0.7029,-0.0099,0.0,0,0,0,open-meteo-real
2017-02-06,2,20.5,113.6,24.0,30.05,30.15,0.3835,0.3807,0.5819,0.1329,0.866,0.5,-0.59,1.293,-0.0137,0.0,0,0,0,open-meteo-real
2017-02-13,2,24.0,154.0,25.4,30.65,30.42,0.3719,0.365,0.5612,0.1316,0.866,0.5,-0.52,1.4972,-0.0115,0.0,0,0,0,open-meteo-real
2017-02-20,2,25.4,178.1,36.4,29.6,30.1,0.3605,0.3534,0.5574,0.1269,0.866,0.5,-0.492,1.6361,-0.0114,0.0,0,0,0,open-meteo-real
2017-02-27,2,36.4,190.5,57.5,30.4,30.22,0.376,0.3571,0.5556,0.1538,0.866,0.5,-0.272,1.2212,0.0155,0.0,0,0,0,open-meteo-real
2017-03-06,3,57.5,215.9,25.8,30.15,30.05,0.408,0.4096,0.5858,0.1532,1.0,0.0,-0.5208,0.8761,0.032,0.0,0,0,0,open-meteo-real
2017-03-13,3,25.8,213.9,63.5,30.35,30.3,0.3958,0.4017,0.5954,0.1247,1.0,0.0,-0.785,1.9345,-0.0122,0.0,0,0,0,open-meteo-real
2017-03-20,3,63.5,245.6,50.7,30.4,30.3,0.4105,0.4151,0.5947,0.1586,1.0,0.0,-0.4708,0.9025,0.0146,0.0,0,0,0,open-meteo-real
2017-03-27,3,50.7,257.1,55.7,30.95,30.57,0.3989,0.4046,0.5935,0.1432,1.0,0.0,-0.5775,1.1832,-0.0115,0.0,0,0,0,open-meteo-real
2017-04-03,4,55.7,264.6,61.3,31.1,30.82,0.4078,0.415,0.5986,0.1394,0.866,-0.5,-0.6906,1.1084,0.0089,0.0,0,0,0,open-meteo-real
2017-04-10,4,61.3,308.5,84.9,30.15,30.73,0.406,0.4076,0.5863,0.1408,0.866,-0.5,-0.6594,1.1743,-0.0018,0.0,0,0,0,open-meteo-real
2017-04-17,4,84.9,316.0,40.8,30.2,30.48,0.4021,0.3985,0.5765,0.149,0.866,-0.5,-0.5283,0.8685,-0.0039,0.0,0,0,0,open-meteo-real
2017-04-24,4,40.8,324.5,62.9,30.8,30.38,0.4057,0.4088,0.5964,0.1316,0.866,-0.5,-0.7733,1.8558,0.0036,0.0,0,0,0,open-meteo-real
2017-05-01,5,62.9,329.9,114.6,29.85,30.28,0.4055,0.4073,0.596,0.1385,0.5,-0.866,-0.6855,1.2238,-0.0002,0.0,0,0,0,open-meteo-real
2017-05-08,5,114.6,347.4,59.1,29.9,30.18,0.4158,0.419,0.5917,0.1653,0.5,-0.866,-0.427,0.7073,0.0103,0.0,0,0,0,open-meteo-real
2017-05-15,5,59.1,359.4,80.2,29.1,29.62,0.4152,0.42,0.5955,0.1428,0.5,-0.866,-0.7045,1.419,-0.0006,0.0,0,0,0,open-meteo-real
2017-05-22,5,80.2,437.2,46.0,29.7,29.57,0.415,0.4184,0.5935,0.1511,0.5,-0.866,-0.599,1.272,-0.0002,0.0,0,0,0,open-meteo-real
2017-05-29,5,46.0,438.9,85.6,29.25,29.35,0.4069,0.4031,0.5799,0.1325,0.5,-0.866,-0.77,2.2263,-0.0081,0.0,0,0,0,open-meteo-real
2017-06-05,6,85.6,480.8,209.1,29.15,29.37,0.4122,0.4127,0.5807,0.1601,0.0,-1.0,-0.465,1.3106,0.0054,0.0,0,0,0,open-meteo-real
2017-06-12,6,209.1,408.0,64.2,28.6,29.0,0.4236,0.4269,0.5777,0.2287,0.0,-1.0,0.3069,0.4553,0.0114,0.0,0,0,0,open-meteo-real
2017-06-19,6,64.2,220.3,98.0,28.55,28.77,0.4161,0.4181,0.5848,0.1517,0.0,-1.0,-0.5988,0.8007,-0.0075,0.0,0,0,0,open-meteo-real
2017-06-26,6,98.0,188.6,32.6,28.2,28.45,0.4148,0.4166,0.5738,0.1679,0.0,-1.0,-0.3875,0.449,-0.0013,0.0,0,0,0,open-meteo-real
2017-07-03,7,32.6,102.2,24.7,27.4,28.05,0.3916,0.3898,0.5641,0.1375,-0.5,-0.866,-0.5925,0.7315,-0.0232,0.0,0,0,0,open-meteo-real
2017-07-10,7,24.7,93.2,18.2,27.65,27.75,0.3957,0.3941,0.5639,0.1321,-0.5,-0.866,-0.6913,0.8804,0.0041,0.0,0,0,0,open-meteo-real
2017-07-17,7,18.2,105.8,24.9,27.6,27.55,0.3673,0.3702,0.5452,0.1086,-0.5,-0.866,-0.7725,1.3564,-0.0284,0.0,0,1,0,open-meteo-real
2017-07-24,7,24.9,133.9,18.8,27.45,27.57,0.3668,0.3607,0.5357,0.115,-0.5,-0.866,-0.6887,1.2548,-0.0006,0.0,0,1,0,open-meteo-real
2017-07-31,7,18.8,145.2,19.4,27.25,27.43,0.3524,0.3458,0.5242,0.1002,-0.5,-0.866,-0.765,1.8021,-0.0144,0.0,0,1,0,open-meteo-real
2017-08-07,8,19.4,289.5,57.3,27.9,27.53,0.3805,0.3684,0.5467,0.1138,-0.866,-0.5,-0.806,3.482,0.0281,0.0,0,0,0,open-meteo-real
2017-08-14,8,57.3,321.7,38.5,27.45,27.53,0.4043,0.3963,0.5503,0.1584,-0.866,-0.5,-0.427,1.31,0.0239,0.0,0,0,0,open-meteo-real
2017-08-21,8,38.5,443.3,86.6,27.85,27.73,0.4027,0.3984,0.5731,0.1424,-0.866,-0.5,-0.615,2.6867,-0.0016,0.0,0,0,0,open-meteo-real
2017-08-28,8,86.6,484.3,121.8,27.4,27.57,0.4057,0.4045,0.565,0.1827,-0.866,-0.5,-0.134,1.3049,0.003,0.0,0,0,0,open-meteo-real
2017-09-04,9,121.8,487.8,161.1,28.35,27.87,0.4016,0.3975,0.5733,0.1651,-1.0,-0.0,-0.3233,0.9345,-0.0041,0.0,0,0,0,open-meteo-real
2017-09-11,9,161.1,441.0,88.5,28.05,27.93,0.4218,0.4218,0.5749,0.1947,-1.0,-0.0,-0.105,0.6387,0.0202,0.0,0,0,0,open-meteo-real
2017-09-18,9,88.5,386.4,68.4,27.95,28.12,0.4168,0.4161,0.5786,0.1594,-1.0,-0.0,-0.5083,1.0188,-0.0051,0.0,0,0,0,open-meteo-real
2017-09-25,9,68.4,365.5,101.2,28.2,28.07,0.4172,0.4206,0.5808,0.1507,-1.0,-0.0,-0.62,1.2468,0.0005,0.0,0,0,0,open-meteo-real
2017-10-02,10,101.2,399.1,99.1,28.35,28.17,0.4187,0.4187,0.5843,0.1617,-0.866,0.5,-0.494,0.9202,0.0015,0.0,0,0,0,open-meteo-real
2017-10-09,10,99.1,381.7,74.2,27.95,28.17,0.4167,0.4183,0.5861,0.1597,-0.866,0.5,-0.5045,0.8987,-0.002,0.0,0,0,0,open-meteo-real
2017-10-16,10,74.2,374.3,87.5,28.95,28.42,0.4167,0.4212,0.5977,0.1497,-0.866,0.5,-0.629,1.177,0.0,0.0,0,0,0,open-meteo-real
2017-10-23,10,87.5,365.0,105.4,28.7,28.53,0.4126,0.417,0.5883,0.1526,-0.866,0.5,-0.5625,0.9733,-0.0041,0.0,0,0,0,open-meteo-real
2017-10-30,10,105.4,312.8,58.1,29.75,29.13,0.4187,0.4251,0.5926,0.1634,-0.866,0.5,-0.473,0.6925,0.0061,0.0,0,0,0,open-meteo-real
2017-11-06,11,58.1,245.8,81.0,30.1,29.52,0.4107,0.4146,0.5882,0.1474,-0.5,0.866,-0.6127,0.9871,-0.008,0.0,0,0,0,open-meteo-real
2017-11-13,11,81.0,239.8,53.7,29.95,29.93,0.414,0.4183,0.5851,0.1616,-0.5,0.866,-0.46,0.6908,0.0032,0.0,0,0,0,open-meteo-real
2017-11-20,11,53.7,188.8,45.4,29.2,29.75,0.4055,0.4089,0.5816,0.142,-0.5,0.866,-0.642,0.8204,-0.0084,0.0,0,0,0,open-meteo-real
2017-11-27,11,45.4,189.5,50.7,29.05,29.4,0.4102,0.4073,0.5829,0.1403,-0.5,0.866,-0.6973,0.9739,0.0046,0.0,0,0,0,open-meteo-real
2017-12-04,12,50.7,167.2,33.6,29.05,29.1,0.4081,0.4058,0.577,0.196,-0.0,1.0,0.014,0.7695,-0.0021,0.0,0,0,0,open-meteo-real
2017-12-11,12,33.6,164.1,55.2,29.3,29.13,0.4021,0.4027,0.5748,0.165,-0.0,1.0,-0.328,1.1396,-0.006,0.0,0,0,0,open-meteo-real
2017-12-18,12,55.2,163.8,19.0,29.4,29.25,0.4147,0.4172,0.5851,0.2072,-0.0,1.0,0.104,0.6924,0.0126,0.0,0,0,0,open-meteo-real
2017-12-25,12,19.0,170.1,50.6,29.4,29.37,0.3876,0.3871,0.5648,0.1329,-0.0,1.0,-0.62,2.0889,-0.0272,0.0,0,0,0,open-meteo-real
2018-01-01,1,50.6,177.3,33.3,29.6,29.47,0.3902,0.388,0.5647,0.239,0.5,0.866,0.6867,0.8176,0.0026,0.0,0,0,0,open-meteo-real
2018-01-08,1,33.3,147.7,26.2,28.85,29.28,0.393,0.3906,0.561,0.1946,0.5,0.866,0.11,1.0349,0.0029,0.0,0,0,0,open-meteo-real
2018-01-15,1,26.2,197.4,62.6,29.35,29.27,0.3964,0.3958,0.5696,0.1777,0.5,0.866,-0.1267,1.758,0.0033,0.0,0,0,0,open-meteo-real
2018-01-22,1,62.6,273.1,18.7,29.1,29.1,0.4011,0.3973,0.5697,0.2776,0.5,0.866,1.0867,1.0179,0.0047,0.0,0,0,0,open-meteo-real
2018-01-29,1,18.7,385.8,50.0,30.1,29.52,0.3856,0.3825,0.5663,0.1512,0.5,0.866,-0.3767,4.8139,-0.0155,0.0,0,0,0,open-meteo-real
2018-02-05,2,50.0,398.4,101.2,29.75,29.65,0.3948,0.3842,0.5627,0.1869,0.866,0.5,-0.0,1.8592,0.0093,0.0,0,0,0,open-meteo-real
2018-02-12,2,101.2,403.1,178.5,30.55,30.13,0.4132,0.4189,0.5817,0.2798,0.866,0.5,1.024,0.9294,0.0184,0.0,1,0,0,open-meteo-real
2018-02-19,2,178.5,394.1,65.4,29.8,30.03,0.4197,0.4211,0.584,0.4074,0.866,0.5,2.57,0.5152,0.0065,0.0,1,0,0,open-meteo-real
2018-02-26,2,65.4,296.5,51.5,30.0,30.12,0.4035,0.4039,0.5831,0.2167,0.866,0.5,0.308,1.0578,-0.0162,0.0,0,0,0,open-meteo-real
2018-03-05,3,51.5,292.1,65.3,29.55,29.78,0.398,0.3968,0.5779,0.1431,1.0,0.0,-0.5708,1.3234,-0.0055,0.0,0,0,0,open-meteo-real
2018-03-12,3,65.3,325.5,100.1,29.5,29.68,0.4154,0.4177,0.5821,0.1628,1.0,0.0,-0.4558,1.1631,0.0174,0.0,0,0,0,open-meteo-real
2018-03-19,3,100.1,297.0,68.3,29.85,29.63,0.4185,0.4221,0.5927,0.1878,1.0,0.0,-0.1658,0.6923,0.003,0.0,0,0,0,open-meteo-real
2018-03-26,3,68.3,240.9,80.5,30.25,29.87,0.4081,0.409,0.5818,0.1604,1.0,0.0,-0.4308,0.823,-0.0104,0.0,0,0,0,open-meteo-real
2018-04-02,4,80.5,218.6,42.4,29.5,29.87,0.4094,0.4127,0.5885,0.1514,0.866,-0.5,-0.5528,0.6336,0.0013,0.0,0,0,0,open-meteo-real
2018-04-09,4,42.4,182.9,41.5,29.25,29.67,0.4084,0.4051,0.5782,0.1339,0.866,-0.5,-0.7644,1.0065,-0.001,0.0,0,0,0,open-meteo-real
2018-04-16,4,41.5,273.6,34.6,30.15,29.63,0.4105,0.4149,0.5957,0.1347,0.866,-0.5,-0.7694,1.5383,0.0021,0.0,0,0,0,open-meteo-real
2018-04-23,4,34.6,286.3,59.4,30.65,30.02,0.4073,0.4103,0.5956,0.1297,0.866,-0.5,-0.8078,1.9307,-0.0032,0.0,0,0,0,open-meteo-real
2018-04-30,4,59.4,335.9,108.7,30.05,30.28,0.4167,0.421,0.5971,0.1464,0.866,-0.5,-0.67,1.3195,0.0094,0.0,0,0,0,open-meteo-real
2018-05-07,5,108.7,370.9,77.9,29.6,30.1,0.4124,0.4163,0.5843,0.1609,0.5,-0.866,-0.4565,0.7962,-0.0043,0.0,0,0,0,open-meteo-real
2018-05-14,5,77.9,339.0,55.4,29.6,29.75,0.4159,0.4158,0.5913,0.1507,0.5,-0.866,-0.6105,1.0154,0.0035,0.0,0,0,0,open-meteo-real
2018-05-21,5,55.4,338.7,114.1,29.25,29.48,0.4077,0.406,0.5804,0.1368,0.5,-0.866,-0.723,1.4265,-0.0082,0.0,0,0,0,open-meteo-real
2018-05-28,5,114.1,351.7,77.6,29.3,29.38,0.4219,0.4259,0.5962,0.1688,0.5,-0.866,-0.4295,0.7192,0.0142,0.0,0,0,0,open-meteo-real
2018-06-04,6,77.6,320.2,59.4,29.2,29.25,0.4143,0.4151,0.5937,0.1574,0.0,-1.0,-0.515,0.9628,-0.0076,0.0,0,0,0,open-meteo-real
2018-06-11,6,59.4,327.1,86.8,29.0,29.17,0.4171,0.417,0.5911,0.15,0.0,-1.0,-0.6287,1.2849,0.0029,0.0,0,0,0,open-meteo-real
2018-06-18,6,86.8,411.5,79.0,27.4,28.53,0.4147,0.4169,0.5773,0.1622,0.0,-1.0,-0.4575,1.1062,-0.0024,0.0,0,0,0,open-meteo-real
2018-06-25,6,79.0,388.8,75.8,27.35,27.92,0.4188,0.4152,0.5798,0.1608,0.0,-1.0,-0.5062,1.1484,0.0041,0.0,0,0,0,open-meteo-real
2018-07-02,7,75.8,366.3,151.9,28.45,27.73,0.4179,0.4224,0.5892,0.1965,-0.5,-0.866,-0.0525,1.1276,-0.0009,0.0,0,0,0,open-meteo-real
2018-07-09,7,151.9,338.4,57.3,28.45,28.08,0.4214,0.4235,0.5884,0.2747,-0.5,-0.866,0.8988,0.5198,0.0035,0.0,0,0,0,open-meteo-real
2018-07-16,7,57.3,230.8,73.1,28.05,28.32,0.4161,0.4172,0.5885,0.177,-0.5,-0.866,-0.2838,0.9398,-0.0053,0.0,0,0,0,open-meteo-real
2018-07-23,7,73.1,251.2,43.9,27.35,27.95,0.4146,0.4166,0.5768,0.1918,-0.5,-0.866,-0.0862,0.8018,-0.0015,0.0,0,0,0,open-meteo-real
2018-07-30,7,43.9,215.2,47.6,27.35,27.58,0.4088,0.4053,0.5751,0.1592,-0.5,-0.866,-0.4513,1.1438,-0.0058,0.0,0,0,0,open-meteo-real
2018-08-06,8,47.6,250.4,75.9,27.45,27.38,0.4141,0.4128,0.5877,0.1565,-0.866,-0.5,-0.524,1.2275,0.0053,0.0,0,0,0,open-meteo-real
2018-08-13,8,75.9,366.0,26.6,28.25,27.68,0.4175,0.4138,0.5734,0.1812,-0.866,-0.5,-0.241,1.1252,0.0034,0.0,0,0,0,open-meteo-real
2018-08-20,8,26.6,355.2,76.8,28.05,27.92,0.3924,0.3951,0.5767,0.1267,-0.866,-0.5,-0.734,3.1158,-0.025,0.0,0,0,0,open-meteo-real
2018-08-27,8,76.8,408.5,91.8,27.75,28.02,0.4151,0.413,0.5844,0.1805,-0.866,-0.5,-0.232,1.2411,0.0227,0.0,0,0,0,open-meteo-real
2018-09-03,9,91.8,625.4,147.9,27.5,27.77,0.4193,0.4221,0.5829,0.1624,-1.0,-0.0,-0.49,1.5896,0.0042,0.0,0,0,0,open-meteo-real
2018-09-10,9,147.9,594.4,55.9,28.1,27.78,0.4128,0.4099,0.5737,0.1834,-1.0,-0.0,-0.1783,0.9378,-0.0066,0.0,0,0,0,open-meteo-real
2018-09-17,9,55.9,524.9,290.6,28.65,28.08,0.4104,0.4106,0.5823,0.1411,-1.0,-0.0,-0.6894,2.191,-0.0024,0.0,0,0,0,open-meteo-real
2018-09-24,9,290.6,541.2,88.6,28.5,28.42,0.4156,0.4174,0.5806,0.2485,-1.0,-0.0,0.6144,0.4345,0.0052,0.0,0,0,0,open-meteo-real
2018-10-01,10,88.6,319.5,71.3,29.1,28.75,0.4166,0.4217,0.5885,0.1554,-0.866,0.5,-0.557,0.8414,0.001,0.0,0,0,0,open-meteo-real
2018-10-08,10,71.3,549.0,66.4,27.85,28.48,0.4141,0.413,0.5783,0.147,-0.866,0.5,-0.6435,1.7966,-0.0024,0.0,0,0,0,open-meteo-real
2018-10-15,10,66.4,541.1,68.7,28.95,28.63,0.4066,0.4091,0.5851,0.1405,-0.866,0.5,-0.668,1.9015,-0.0075,0.0,0,0,0,open-meteo-real
2018-10-22,10,68.7,509.5,116.2,30.05,28.95,0.4117,0.413,0.5954,0.1445,-0.866,0.5,-0.6565,1.7305,0.005,0.0,0,0,0,open-meteo-real
2018-10-29,10,116.2,482.5,256.0,29.2,29.4,0.4172,0.4162,0.588,0.1668,-0.866,0.5,-0.419,0.9689,0.0056,0.0,0,0,0,open-meteo-real
2018-11-05,11,256.0,403.3,61.7,29.8,29.68,0.4059,0.4118,0.5829,0.2501,-0.5,0.866,0.7067,0.3676,-0.0113,0.0,0,0,0,open-meteo-real
2018-11-12,11,61.7,227.0,34.2,29.65,29.55,0.408,0.4097,0.5793,0.1477,-0.5,0.866,-0.5887,0.8585,0.002,0.0,0,0,0,open-meteo-real
2018-11-19,11,34.2,196.6,48.9,29.4,29.62,0.4038,0.4009,0.5735,0.1305,-0.5,0.866,-0.772,1.3413,-0.0041,0.0,0,0,0,open-meteo-real
2018-11-26,11,48.9,187.9,74.5,29.4,29.48,0.411,0.412,0.5804,0.1427,-0.5,0.866,-0.674,0.8966,0.0072,0.0,0,0,0,open-meteo-real
2018-12-03,12,74.5,167.2,33.8,29.95,29.58,0.4123,0.4177,0.577,0.2366,-0.0,1.0,0.49,0.5237,0.0012,0.0,0,0,0,open-meteo-real
2018-12-10,12,33.8,143.4,24.2,29.0,29.45,0.4007,0.3981,0.5689,0.1645,-0.0,1.0,-0.324,0.9899,-0.0116,0.0,0,0,0,open-meteo-real
2018-12-17,12,24.2,146.5,25.2,29.15,29.37,0.3914,0.3832,0.5622,0.1436,-0.0,1.0,-0.516,1.4125,-0.0093,0.0,0,0,0,open-meteo-real
2018-12-24,12,25.2,174.9,51.7,29.55,29.23,0.3907,0.3875,0.5651,0.1447,-0.0,1.0,-0.496,1.6194,-0.0007,0.0,0,0,0,open-meteo-real
2018-12-31,12,51.7,215.0,40.0,29.5,29.4,0.4077,0.4029,0.5728,0.1974,-0.0,1.0,0.034,0.9703,0.0171,0.0,0,0,0,open-meteo-real
2019-01-07,1,40.0,204.9,45.3,29.6,29.55,0.406,0.4071,0.582,0.2203,0.5,0.866,0.3333,1.1952,-0.0017,0.0,0,0,0,open-meteo-real
2019-01-14,1,45.3,193.3,58.3,29.8,29.63,0.4045,0.4031,0.5742,0.2335,0.5,0.866,0.51,0.9957,-0.0015,0.0,1,0,0,open-meteo-real
2019-01-21,1,58.3,192.9,48.3,29.85,29.75,0.4127,0.4104,0.5784,0.2731,0.5,0.866,0.9433,0.772,0.0082,0.0,1,0,0,open-meteo-real
2019-01-28,1,48.3,187.0,33.0,29.9,29.85,0.4104,0.413,0.5854,0.245,0.5,0.866,0.61,0.9034,-0.0023,0.0,0,0,0,open-meteo-real
2019-02-04,2,33.0,272.4,46.4,29.9,29.88,0.4025,0.4055,0.582,0.1643,0.866,0.5,-0.34,1.9261,-0.0079,0.0,0,0,0,open-meteo-real
2019-02-11,2,46.4,312.7,41.8,30.85,30.22,0.3981,0.3983,0.5826,0.1831,0.866,0.5,-0.072,1.5725,-0.0044,0.0,0,0,0,open-meteo-real
2019-02-18,2,41.8,333.0,138.6,30.5,30.42,0.3979,0.3945,0.5717,0.1756,0.866,0.5,-0.164,1.8589,-0.0002,0.0,0,0,0,open-meteo-real
2019-02-25,2,138.6,430.8,74.9,29.85,30.4,0.4219,0.4271,0.5845,0.3449,0.866,0.5,1.772,0.7253,0.024,0.0,1,0,0,open-meteo-real
2019-03-04,3,74.9,339.2,61.0,30.55,30.3,0.411,0.4178,0.5937,0.1666,1.0,0.0,-0.3758,1.0567,-0.0109,0.0,0,0,0,open-meteo-real
2019-03-11,3,61.0,334.8,156.0,30.75,30.38,0.4089,0.4142,0.5841,0.156,1.0,0.0,-0.4917,1.2807,-0.0021,0.0,0,0,0,open-meteo-real
2019-03-18,3,156.0,341.9,36.9,30.05,30.45,0.4173,0.4199,0.5883,0.2244,1.0,0.0,0.3,0.5114,0.0084,0.0,0,0,0,open-meteo-real
2019-03-25,3,36.9,328.0,59.6,31.3,30.7,0.4009,0.4071,0.5894,0.1352,1.0,0.0,-0.6925,2.0741,-0.0164,0.0,0,0,0,open-meteo-real
2019-04-01,4,59.6,340.5,71.8,31.05,30.8,0.4093,0.4156,0.596,0.1421,0.866,-0.5,-0.6689,1.3331,0.0084,0.0,0,0,0,open-meteo-real
2019-04-08,4,71.8,412.1,142.5,30.25,30.87,0.4123,0.4167,0.5885,0.1493,0.866,-0.5,-0.6011,1.3392,0.003,0.0,0,0,0,open-meteo-real
2019-04-15,4,142.5,436.1,51.2,30.55,30.62,0.4027,0.4029,0.5694,0.175,0.866,-0.5,-0.2083,0.7141,-0.0096,0.0,0,0,0,open-meteo-real
2019-04-22,4,51.2,362.9,139.8,29.85,30.22,0.4069,0.4052,0.5822,0.1369,0.866,-0.5,-0.7156,1.6538,0.0042,0.0,0,0,0,open-meteo-real
2019-04-29,4,139.8,490.9,73.2,30.4,30.27,0.4145,0.4173,0.5881,0.1808,0.866,-0.5,-0.2233,0.8193,0.0076,0.0,0,0,0,open-meteo-real
2019-05-06,5,73.2,433.0,85.5,30.3,30.18,0.4076,0.4103,0.58,0.1438,0.5,-0.866,-0.634,1.3802,-0.0069,0.0,0,0,0,open-meteo-real
2019-05-13,5,85.5,468.0,154.4,30.5,30.4,0.4124,0.4157,0.5842,0.1516,0.5,-0.866,-0.5725,1.2772,0.0047,0.0,0,0,0,open-meteo-real
2019-05-20,5,154.4,467.1,92.0,29.8,30.2,0.4234,0.4263,0.5892,0.1858,0.5,-0.866,-0.228,0.7059,0.0111,0.0,0,0,0,open-meteo-real
2019-05-27,5,92.0,414.7,78.9,28.75,29.68,0.4196,0.4226,0.588,0.1586,0.5,-0.866,-0.54,1.0518,-0.0038,0.0,0,0,0,open-meteo-real
2019-06-03,6,78.9,351.5,131.4,28.75,29.1,0.4103,0.4124,0.5814,0.1556,0.0,-1.0,-0.5069,1.0395,-0.0093,0.0,0,0,0,open-meteo-real
2019-06-10,6,131.4,398.0,105.6,28.6,28.7,0.4221,0.4221,0.5834,0.1889,0.0,-1.0,-0.1787,0.7067,0.0118,0.0,0,0,0,open-meteo-real
2019-06-17,6,105.6,326.8,28.8,28.55,28.63,0.4149,0.4116,0.5729,0.1718,0.0,-1.0,-0.34,0.7221,-0.0071,0.0,0,0,0,open-meteo-real
2019-06-24,6,28.8,389.9,100.7,28.3,28.48,0.3886,0.3816,0.5715,0.1176,0.0,-1.0,-0.82,3.1589,-0.0263,0.0,0,0,0,open-meteo-real
2019-07-01,7,100.7,448.9,78.8,28.15,28.33,0.3973,0.389,0.5561,0.2091,-0.5,-0.866,0.2588,1.0402,0.0086,0.0,0,0,0,open-meteo-real
2019-07-08,7,78.8,542.2,171.3,27.55,28.0,0.4107,0.403,0.565,0.1952,-0.5,-0.866,-0.015,1.6055,0.0135,0.0,0,0,0,open-meteo-real
2019-07-15,7,171.3,542.3,84.9,27.75,27.82,0.4183,0.4202,0.5753,0.2923,-0.5,-0.866,1.1413,0.7387,0.0075,0.0,0,0,0,open-meteo-real
2019-07-22,7,84.9,470.7,198.4,27.7,27.67,0.4174,0.4157,0.5744,0.2054,-0.5,-0.866,0.0613,1.2936,-0.0008,0.0,0,0,0,open-meteo-real
2019-07-29,7,198.4,725.3,81.1,27.1,27.52,0.4191,0.4198,0.5707,0.3199,-0.5,-0.866,1.48,0.853,0.0017,0.0,1,0,0,open-meteo-real
2019-08-05,8,81.1,613.3,92.0,27.25,27.35,0.4069,0.4048,0.5754,0.179,-0.866,-0.5,-0.189,1.7645,-0.0122,0.0,0,0,0,open-meteo-real
2019-08-12,8,92.0,687.4,337.1,27.55,27.3,0.4123,0.4114,0.5751,0.191,-0.866,-0.5,-0.08,1.7434,0.0053,0.0,0,0,0,open-meteo-real
2019-08-19,8,337.1,715.4,88.5,27.75,27.52,0.4209,0.4215,0.5769,0.3922,-0.866,-0.5,2.371,0.4952,0.0087,0.0,1,0,0,open-meteo-real
2019-08-26,8,88.5,479.1,71.3,27.95,27.75,0.4131,0.4108,0.5842,0.1886,-0.866,-0.5,-0.115,1.2632,-0.0079,0.0,0,0,0,open-meteo-real
2019-09-02,9,71.3,507.1,174.1,28.05,27.92,0.4202,0.4196,0.5832,0.1538,-1.0,-0.0,-0.6039,1.6595,0.0071,0.0,0,0,0,open-meteo-real
2019-09-09,9,174.1,515.7,105.8,28.0,28.0,0.4242,0.4252,0.5899,0.2019,-1.0,-0.0,-0.0328,0.6912,0.004,0.0,0,0,0,open-meteo-real
2019-09-16,9,105.8,433.5,140.4,29.0,28.35,0.4134,0.4177,0.5924,0.1651,-1.0,-0.0,-0.4122,0.956,-0.0108,0.0,0,0,0,open-meteo-real
2019-09-23,9,140.4,417.3,89.6,28.4,28.47,0.4251,0.4268,0.5819,0.1874,-1.0,-0.0,-0.22,0.6935,0.0116,0.0,0,0,0,open-meteo-real
2019-09-30,9,89.6,364.5,73.9,29.1,28.83,0.4166,0.4212,0.5897,0.1598,-1.0,-0.0,-0.5022,0.9492,-0.0084,0.0,0,0,0,open-meteo-real
2019-10-07,10,73.9,374.6,78.3,29.35,28.95,0.4173,0.4183,0.5966,0.1499,-0.866,0.5,-0.6305,1.1828,0.0006,0.0,0,0,0,open-meteo-real
2019-10-14,10,78.3,410.7,109.6,28.65,29.03,0.4194,0.4216,0.5888,0.153,-0.866,0.5,-0.6085,1.2239,0.0021,0.0,0,0,0,open-meteo-real
2019-10-21,10,109.6,415.7,94.4,28.05,28.68,0.4217,0.4219,0.576,0.1669,-0.866,0.5,-0.452,0.885,0.0023,0.0,0,0,0,open-meteo-real
2019-10-28,10,94.4,352.9,96.2,29.5,28.73,0.4128,0.4155,0.5859,0.1554,-0.866,0.5,-0.528,0.8723,-0.0089,0.0,0,0,0,open-meteo-real
2019-11-04,11,96.2,326.3,80.5,28.8,28.78,0.4096,0.408,0.5804,0.167,-0.5,0.866,-0.3587,0.7914,-0.0032,0.0,0,0,0,open-meteo-real
2019-11-11,11,80.5,261.2,54.8,29.85,29.38,0.4098,0.4136,0.5797,0.1588,-0.5,0.866,-0.4633,0.7571,0.0002,0.0,0,0,0,open-meteo-real
2019-11-18,11,54.8,235.4,80.7,29.2,29.28,0.3946,0.4015,0.5743,0.136,-0.5,0.866,-0.6347,1.0023,-0.0152,0.0,0,0,0,open-meteo-real
2019-11-25,11,80.7,206.9,38.8,29.65,29.57,0.4125,0.4054,0.5743,0.1605,-0.5,0.866,-0.462,0.5982,0.0179,0.0,0,0,0,open-meteo-real
2019-12-02,12,38.8,148.0,29.7,28.7,29.18,0.4032,0.4021,0.5767,0.174,-0.0,1.0,-0.224,0.89,-0.0093,0.0,0,0,0,open-meteo-real
2019-12-09,12,29.7,125.7,49.3,29.95,29.43,0.3855,0.38,0.5573,0.1488,-0.0,1.0,-0.406,0.9875,-0.0177,0.0,0,0,0,open-meteo-real
2019-12-16,12,49.3,130.0,25.6,29.75,29.47,0.4003,0.3968,0.5716,0.1891,-0.0,1.0,-0.014,0.6153,0.0148,0.0,0,0,0,open-meteo-real
2019-12-23,12,25.6,105.1,14.4,29.2,29.63,0.3687,0.3682,0.5487,0.1322,-0.0,1.0,-0.488,0.9579,-0.0316,0.0,0,1,0,open-meteo-real
2019-12-30,12,14.4,93.5,34.1,30.85,29.93,0.3525,0.3473,0.5324,0.1045,-0.0,1.0,-0.712,1.515,-0.0163,0.0,0,1,0,open-meteo-real
2020-01-06,1,34.1,108.4,25.3,29.9,29.98,0.3847,0.3747,0.5553,0.1918,0.5,0.866,0.1367,0.7417,0.0323,0.0,0,0,0,open-meteo-real
2020-01-13,1,25.3,101.6,17.6,29.8,30.18,0.3725,0.3691,0.5474,0.161,0.5,0.866,-0.1567,0.937,-0.0122,0.0,0,0,0,open-meteo-real
2020-01-20,1,17.6,118.3,24.9,31.7,30.47,0.3595,0.3517,0.5451,0.1327,0.5,0.866,-0.4133,1.5684,-0.013,0.0,0,0,0,open-meteo-real
2020-01-27,1,24.9,132.7,23.0,30.0,30.5,0.3491,0.3342,0.5229,0.1459,0.5,0.866,-0.17,1.2435,-0.0104,0.0,0,0,0,open-meteo-real
2020-02-03,2,23.0,138.5,46.8,30.1,30.6,0.3629,0.3503,0.5418,0.1245,0.866,0.5,-0.54,1.4051,0.0138,0.0,0,1,0,open-meteo-real
2020-02-10,2,46.8,174.2,28.6,30.15,30.08,0.3647,0.3402,0.5348,0.1637,0.866,0.5,-0.064,0.8685,0.0018,0.0,0,0,0,open-meteo-real
2020-02-17,2,28.6,168.8,30.9,30.0,30.08,0.3637,0.344,0.5387,0.134,0.866,0.5,-0.428,1.3772,-0.001,0.0,0,0,0,open-meteo-real
2020-02-24,2,30.9,243.0,54.3,30.5,30.22,0.3681,0.3505,0.5399,0.1403,0.866,0.5,-0.382,1.835,0.0045,0.0,0,0,0,open-meteo-real
2020-03-02,3,54.3,268.1,41.3,30.85,30.45,0.3951,0.3892,0.5734,0.1432,1.0,0.0,-0.5475,1.1521,0.0269,0.0,0,0,0,open-meteo-real
2020-03-09,3,41.3,293.6,64.7,30.65,30.67,0.3974,0.3921,0.575,0.136,1.0,0.0,-0.6558,1.6588,0.0023,0.0,0,0,0,open-meteo-real
2020-03-16,3,64.7,346.3,73.7,30.7,30.73,0.3989,0.3904,0.5624,0.1525,1.0,0.0,-0.4608,1.2489,0.0016,0.0,0,0,0,open-meteo-real
2020-03-23,3,73.7,348.9,85.1,31.3,30.88,0.4054,0.4055,0.5836,0.1624,1.0,0.0,-0.3858,1.1046,0.0064,0.0,0,0,0,open-meteo-real
2020-03-30,3,85.1,332.5,91.6,30.75,30.92,0.4119,0.4157,0.585,0.1738,1.0,0.0,-0.2908,0.9117,0.0065,0.0,0,0,0,open-meteo-real
2020-04-06,4,91.6,275.4,86.8,30.8,30.95,0.4057,0.4129,0.5837,0.1541,0.866,-0.5,-0.4911,0.7015,-0.0061,0.0,0,0,0,open-meteo-real
2020-04-13,4,86.8,262.5,61.4,30.4,30.65,0.407,0.4107,0.5813,0.1528,0.866,-0.5,-0.5178,0.7056,0.0013,0.0,0,0,0,open-meteo-real
2020-04-20,4,61.4,259.9,27.8,30.45,30.55,0.3953,0.3915,0.577,0.1345,0.866,-0.5,-0.6589,0.9877,-0.0117,0.0,0,0,0,open-meteo-real
2020-04-27,4,27.8,319.8,66.2,29.9,30.25,0.3896,0.387,0.5786,0.1161,0.866,-0.5,-0.8456,2.6842,-0.0057,0.0,0,0,0,open-meteo-real
2020-05-04,5,66.2,363.4,64.6,30.45,30.27,0.4041,0.4062,0.5822,0.139,0.5,-0.866,-0.669,1.2809,0.0145,0.0,0,0,0,open-meteo-real
2020-05-11,5,64.6,379.0,144.0,30.5,30.28,0.4074,0.4114,0.5805,0.1403,0.5,-0.866,-0.677,1.3689,0.0033,0.0,0,0,0,open-meteo-real
2020-05-18,5,144.0,421.6,67.9,29.25,30.07,0.4201,0.4184,0.5824,0.1797,0.5,-0.866,-0.28,0.6831,0.0127,0.0,0,0,0,open-meteo-real
2020-05-25,5,67.9,334.5,69.0,29.7,29.82,0.4098,0.4093,0.582,0.143,0.5,-0.866,-0.6605,1.1495,-0.0104,0.0,0,0,0,open-meteo-real
2020-06-01,6,69.0,325.0,121.3,29.15,29.37,0.4172,0.417,0.5881,0.1548,0.0,-1.0,-0.5687,1.099,0.0075,0.0,0,0,0,open-meteo-real
2020-06-08,6,121.3,327.0,57.6,28.65,29.17,0.417,0.4171,0.5852,0.1808,0.0,-1.0,-0.2419,0.629,-0.0003,0.0,0,0,0,open-meteo-real
2020-06-15,6,57.6,329.3,49.2,28.1,28.63,0.4157,0.4172,0.5859,0.1482,0.0,-1.0,-0.64,1.334,-0.0013,0.0,0,0,0,open-meteo-real
2020-06-22,6,49.2,365.1,90.0,27.85,28.2,0.4124,0.4134,0.58,0.142,0.0,-1.0,-0.6925,1.7315,-0.0033,0.0,0,0,0,open-meteo-real
2020-06-29,6,90.0,407.0,83.3,27.95,27.97,0.4162,0.4143,0.5691,0.1647,0.0,-1.0,-0.4375,1.0552,0.0038,0.0,0,0,0,open-meteo-real
2020-07-06,7,83.3,370.0,136.6,28.45,28.08,0.4147,0.4128,0.5818,0.2021,-0.5,-0.866,0.0412,1.0364,-0.0015,0.0,0,0,0,open-meteo-real
2020-07-13,7,136.6,341.7,71.6,27.4,27.93,0.4234,0.4178,0.5648,0.2606,-0.5,-0.866,0.7075,0.5837,0.0087,0.0,0,0,0,open-meteo-real
2020-07-20,7,71.6,255.4,60.3,27.5,27.78,0.4143,0.4148,0.5758,0.1902,-0.5,-0.866,-0.105,0.8323,-0.0091,0.0,0,0,0,open-meteo-real
2020-07-27,7,60.3,269.4,59.2,27.2,27.37,0.4161,0.4177,0.5861,0.18,-0.5,-0.866,-0.2463,1.0425,0.0018,0.0,0,0,0,open-meteo-real
2020-08-03,8,59.2,364.1,47.5,27.15,27.28,0.4117,0.4141,0.5982,0.1644,-0.866,-0.5,-0.408,1.4351,-0.0044,0.0,0,0,0,open-meteo-real
2020-08-10,8,47.5,370.0,97.1,27.65,27.33,0.4115,0.4097,0.5914,0.1549,-0.866,-0.5,-0.525,1.8175,-0.0002,0.0,0,0,0,open-meteo-real
2020-08-17,8,97.1,392.5,142.7,28.15,27.65,0.4174,0.417,0.5726,0.1981,-0.866,-0.5,-0.029,0.9432,0.0059,0.0,0,0,0,open-meteo-real
2020-08-24,8,142.7,547.3,71.0,27.5,27.77,0.419,0.4148,0.5704,0.2356,-0.866,-0.5,0.427,0.8949,0.0017,0.0,0,0,0,open-meteo-real
2020-08-31,8,71.0,552.1,64.2,27.3,27.65,0.4212,0.4243,0.5802,0.1795,-0.866,-0.5,-0.29,1.8144,0.0022,0.0,0,0,0,open-meteo-real
2020-09-07,9,64.2,540.4,205.5,27.7,27.5,0.4197,0.4227,0.5899,0.1504,-1.0,-0.0,-0.6433,1.9641,-0.0015,0.0,0,0,0,open-meteo-real
2020-09-14,9,205.5,529.6,198.5,28.5,27.83,0.42,0.4226,0.5908,0.2133,-1.0,-0.0,0.1417,0.6013,0.0003,0.0,0,0,0,open-meteo-real
2020-09-21,9,198.5,384.9,30.3,27.7,27.97,0.4237,0.4243,0.5752,0.2125,-1.0,-0.0,0.1028,0.4524,0.0037,0.0,0,0,0,open-meteo-real
2020-09-28,9,30.3,275.1,79.1,28.95,28.38,0.4011,0.403,0.5854,0.1241,-1.0,-0.0,-0.8317,2.1185,-0.0227,0.0,0,0,0,open-meteo-real
2020-10-05,10,79.1,392.8,61.4,28.35,28.33,0.4058,0.4026,0.5798,0.1451,-0.866,0.5,-0.6045,1.1587,0.0047,0.0,0,0,0,open-meteo-real
2020-10-12,10,61.4,396.8,67.8,28.7,28.67,0.4153,0.4139,0.5929,0.1437,-0.866,0.5,-0.693,1.5079,0.0095,0.0,0,0,0,open-meteo-real
2020-10-19,10,67.8,410.8,166.8,28.7,28.58,0.4172,0.4211,0.5857,0.1474,-0.866,0.5,-0.661,1.4138,0.0019,0.0,0,0,0,open-meteo-real
2020-10-26,10,166.8,384.0,83.7,29.15,28.85,0.4189,0.4193,0.5743,0.188,-0.866,0.5,-0.166,0.5372,0.0017,0.0,0,0,0,open-meteo-real
2020-11-02,11,83.7,257.0,66.7,29.4,29.08,0.4156,0.4199,0.5929,0.164,-0.5,0.866,-0.442,0.7164,-0.0033,0.0,0,0,0,open-meteo-real
2020-11-09,11,66.7,194.5,59.9,28.9,29.15,0.4039,0.4005,0.5778,0.1479,-0.5,0.866,-0.5553,0.6804,-0.0118,0.0,0,0,0,open-meteo-real
2020-11-16,11,59.9,182.4,32.5,28.8,29.03,0.4019,0.3929,0.5694,0.1431,-0.5,0.866,-0.6007,0.7105,-0.002,0.0,0,0,0,open-meteo-real
2020-11-23,11,32.5,160.3,30.9,28.95,28.88,0.3867,0.3815,0.5661,0.1194,-0.5,0.866,-0.7833,1.1509,-0.0152,0.0,0,0,0,open-meteo-real
2020-11-30,11,30.9,163.3,47.0,28.45,28.73,0.3882,0.3801,0.5572,0.1194,-0.5,0.866,-0.794,1.2331,0.0015,0.0,0,0,0,open-meteo-real
2020-12-07,12,47.0,179.3,41.7,29.2,28.87,0.3877,0.3736,0.5496,0.1778,-0.0,1.0,-0.06,0.8901,-0.0005,0.0,0,0,0,open-meteo-real
2020-12-14,12,41.7,158.7,24.9,28.65,28.77,0.4047,0.4037,0.5737,0.1795,-0.0,1.0,-0.166,0.888,0.017,0.0,0,0,0,open-meteo-real
2020-12-21,12,24.9,135.6,43.7,29.45,29.1,0.3909,0.3857,0.5643,0.1444,-0.0,1.0,-0.502,1.2707,-0.0138,0.0,0,0,0,open-meteo-real
2020-12-28,12,43.7,141.1,34.1,28.9,29.0,0.4056,0.3997,0.5712,0.1833,-0.0,1.0,-0.126,0.7534,0.0146,0.0,0,0,0,open-meteo-real
2021-01-04,1,34.1,122.9,29.2,28.9,29.08,0.3979,0.397,0.5703,0.1997,0.5,0.866,0.1367,0.841,-0.0076,0.0,0,0,0,open-meteo-real
2021-01-11,1,29.2,101.6,23.5,29.15,28.98,0.3924,0.3861,0.5625,0.1833,0.5,0.866,-0.0267,0.8119,-0.0055,0.0,0,0,0,open-meteo-real
2021-01-18,1,23.5,99.3,28.6,29.1,29.05,0.3792,0.3702,0.5513,0.1602,0.5,0.866,-0.2167,0.986,-0.0132,0.0,0,0,0,open-meteo-real
2021-01-25,1,28.6,102.2,16.6,29.9,29.38,0.3834,0.3763,0.564,0.1763,0.5,0.866,-0.0467,0.8338,0.0043,0.0,0,0,0,open-meteo-real
2021-02-01,2,16.6,90.2,24.9,29.6,29.53,0.3894,0.3872,0.5664,0.1302,0.866,0.5,-0.668,1.2679,0.006,0.0,0,0,0,open-meteo-real
2021-02-08,2,24.9,111.6,30.5,29.8,29.77,0.3686,0.3595,0.551,0.131,0.866,0.5,-0.502,1.0458,-0.0208,0.0,0,0,0,open-meteo-real
2021-02-15,2,30.5,117.3,14.8,29.45,29.62,0.3873,0.3767,0.5667,0.1512,0.866,0.5,-0.39,0.8974,0.0187,0.0,0,0,0,open-meteo-real
2021-02-22,2,14.8,178.9,25.0,29.65,29.63,0.3864,0.3843,0.5734,0.1255,0.866,0.5,-0.704,2.8205,-0.0009,0.0,0,0,0,open-meteo-real
2021-03-01,3,25.0,200.3,38.2,30.0,29.7,0.3721,0.3624,0.5536,0.1099,1.0,0.0,-0.7917,1.8695,-0.0143,0.0,0,0,0,open-meteo-real
2021-03-08,3,38.2,214.1,69.7,30.15,29.93,0.4022,0.3976,0.58,0.1368,1.0,0.0,-0.6817,1.3078,0.0301,0.0,0,0,0,open-meteo-real
2021-03-15,3,69.7,241.9,63.1,30.05,30.07,0.408,0.4082,0.5812,0.1613,1.0,0.0,-0.4192,0.8098,0.0059,0.0,0,0,0,open-meteo-real
2021-03-22,3,63.1,228.8,24.2,29.55,29.92,0.4093,0.4135,0.5845,0.1576,1.0,0.0,-0.4742,0.8461,0.0012,0.0,0,0,0,open-meteo-real
2021-03-29,3,24.2,235.2,60.9,30.55,30.05,0.3797,0.3832,0.5817,0.114,1.0,0.0,-0.7983,2.2678,-0.0295,0.0,0,0,0,open-meteo-real
2021-04-05,4,60.9,258.8,79.1,30.95,30.35,0.4027,0.4102,0.5933,0.1387,0.866,-0.5,-0.6617,0.9916,0.023,0.0,0,0,0,open-meteo-real
2021-04-12,4,79.1,253.0,46.5,30.3,30.6,0.4136,0.4204,0.5889,0.1533,0.866,-0.5,-0.5606,0.7463,0.0108,0.0,0,0,0,open-meteo-real
2021-04-19,4,46.5,241.9,61.3,31.0,30.75,0.3926,0.4008,0.5852,0.1262,0.866,-0.5,-0.7417,1.2138,-0.021,0.0,0,0,0,open-meteo-real
2021-04-26,4,61.3,287.4,64.3,30.3,30.53,0.396,0.3874,0.5675,0.1348,0.866,-0.5,-0.6594,1.094,0.0034,0.0,0,0,0,open-meteo-real
2021-05-03,5,64.3,321.4,32.7,29.65,30.32,0.411,0.4159,0.5862,0.1423,0.5,-0.866,-0.6785,1.1663,0.015,0.0,0,0,0,open-meteo-real
2021-05-10,5,32.7,349.1,110.0,29.5,29.82,0.3915,0.395,0.5849,0.118,0.5,-0.866,-0.8365,2.491,-0.0196,0.0,0,0,0,open-meteo-real
2021-05-17,5,110.0,401.3,69.3,29.85,29.67,0.413,0.4201,0.5837,0.1618,0.5,-0.866,-0.45,0.8512,0.0215,0.0,0,0,0,open-meteo-real
2021-05-24,5,69.3,397.8,114.9,29.75,29.7,0.406,0.398,0.5747,0.1413,0.5,-0.866,-0.6535,1.3394,-0.007,0.0,0,0,0,open-meteo-real
2021-05-31,5,114.9,389.1,90.5,29.7,29.77,0.4142,0.417,0.5798,0.1645,0.5,-0.866,-0.4255,0.7902,0.0082,0.0,0,0,0,open-meteo-real
2021-06-07,6,90.5,368.7,94.1,29.7,29.72,0.4076,0.4111,0.585,0.1598,0.0,-1.0,-0.4344,0.9506,-0.0066,0.0,0,0,0,open-meteo-real
2021-06-14,6,94.1,337.1,74.7,28.9,29.43,0.4213,0.4273,0.5901,0.1698,0.0,-1.0,-0.4119,0.8359,0.0136,0.0,0,0,0,open-meteo-real
2021-06-21,6,74.7,298.8,100.1,29.2,29.27,0.4191,0.4245,0.5849,0.1588,0.0,-1.0,-0.5331,0.9333,-0.0021,0.0,0,0,0,open-meteo-real
2021-06-28,6,100.1,267.2,44.7,28.15,28.75,0.4178,0.4194,0.5796,0.1707,0.0,-1.0,-0.3744,0.6228,-0.0014,0.0,0,0,0,open-meteo-real
2021-07-05,7,44.7,220.9,67.9,28.15,28.5,0.4104,0.412,0.5915,0.1609,-0.5,-0.866,-0.4413,1.1531,-0.0074,0.0,0,0,0,open-meteo-real
2021-07-12,7,67.9,254.2,48.1,27.65,27.98,0.412,0.4129,0.5736,0.1851,-0.5,-0.866,-0.1512,0.8735,0.0016,0.0,0,0,0,open-meteo-real
2021-07-19,7,48.1,259.0,47.8,28.05,27.95,0.4106,0.4076,0.5823,0.1645,-0.5,-0.866,-0.3988,1.2564,-0.0014,0.0,0,0,0,open-meteo-real
2021-07-26,7,47.8,276.0,80.7,27.75,27.82,0.4064,0.4046,0.5865,0.1616,-0.5,-0.866,-0.4025,1.3473,-0.0042,0.0,0,0,0,open-meteo-real
2021-08-02,8,80.7,307.4,30.6,27.75,27.85,0.4159,0.4173,0.5821,0.1841,-0.866,-0.5,-0.193,0.8888,0.0095,0.0,0,0,0,open-meteo-real
2021-08-09,8,30.6,309.1,107.6,27.95,27.82,0.3925,0.3867,0.5719,0.13,-0.866,-0.5,-0.694,2.357,-0.0233,0.0,0,0,0,open-meteo-real
2021-08-16,8,107.6,374.9,69.0,27.85,27.85,0.4186,0.4179,0.5748,0.2073,-0.866,-0.5,0.076,0.813,0.0261,0.0,0,0,0,open-meteo-real
2021-08-23,8,69.0,345.1,91.8,28.9,28.23,0.4099,0.4075,0.5872,0.1712,-0.866,-0.5,-0.31,1.167,-0.0087,0.0,0,0,0,open-meteo-real
2021-08-30,8,91.8,368.6,65.9,28.35,28.37,0.421,0.4239,0.5848,0.196,-0.866,-0.5,-0.082,0.9369,0.011,0.0,0,0,0,open-meteo-real
2021-09-06,9,65.9,388.8,89.8,28.7,28.65,0.4122,0.4125,0.5914,0.1466,-1.0,-0.0,-0.6339,1.3766,-0.0088,0.0,0,0,0,open-meteo-real
2021-09-13,9,89.8,416.1,99.4,28.05,28.37,0.4155,0.4185,0.5885,0.1592,-1.0,-0.0,-0.5011,1.0812,0.0033,0.0,0,0,0,open-meteo-real
2021-09-20,9,99.4,401.5,67.4,28.5,28.42,0.4165,0.4155,0.583,0.1641,-1.0,-0.0,-0.4478,0.9425,0.0011,0.0,0,0,0,open-meteo-real
2021-09-27,9,67.4,395.4,140.5,29.3,28.62,0.4103,0.4121,0.5935,0.1461,-1.0,-0.0,-0.6256,1.3688,-0.0063,0.0,0,0,0,open-meteo-real
2021-10-04,10,140.5,439.8,55.0,28.7,28.83,0.4183,0.4181,0.5807,0.1772,-0.866,0.5,-0.2975,0.7304,0.0081,0.0,0,0,0,open-meteo-real
2021-10-11,10,55.0,420.1,106.0,28.9,28.97,0.4124,0.4141,0.5948,0.1394,-0.866,0.5,-0.725,1.7822,-0.0059,0.0,0,0,0,open-meteo-real
2021-10-18,10,106.0,443.3,119.9,28.85,28.82,0.4181,0.4216,0.5836,0.1633,-0.866,0.5,-0.47,0.9758,0.0057,0.0,0,0,0,open-meteo-real
2021-10-25,10,119.9,394.8,113.4,29.1,28.95,0.4178,0.4212,0.5963,0.1686,-0.866,0.5,-0.4005,0.7683,-0.0003,0.0,0,0,0,open-meteo-real
2021-11-01,11,113.4,313.8,88.9,29.1,29.02,0.415,0.4204,0.593,0.1795,-0.5,0.866,-0.244,0.6457,-0.0028,0.0,0,0,0,open-meteo-real
2021-11-08,11,88.9,286.3,53.1,29.2,29.13,0.4072,0.4108,0.5835,0.1617,-0.5,0.866,-0.4073,0.7514,-0.0078,0.0,0,0,0,open-meteo-real
2021-11-15,11,53.1,222.5,49.4,29.55,29.28,0.4083,0.4129,0.5914,0.1433,-0.5,0.866,-0.646,0.9777,0.0011,0.0,0,0,0,open-meteo-real
2021-11-22,11,49.4,185.1,86.1,29.6,29.45,0.403,0.4061,0.5859,0.1382,-0.5,0.866,-0.6707,0.8743,-0.0053,0.0,0,0,0,open-meteo-real
2021-11-29,11,86.1,179.2,22.5,29.85,29.67,0.408,0.4092,0.5817,0.1607,-0.5,0.866,-0.426,0.4856,0.005,0.0,0,0,0,open-meteo-real
2021-12-06,12,22.5,111.3,22.4,29.65,29.7,0.3914,0.3936,0.5803,0.1408,-0.0,1.0,-0.55,1.1542,-0.0166,0.0,0,0,0,open-meteo-real
2021-12-13,12,22.4,102.1,16.8,29.55,29.68,0.3537,0.3531,0.5438,0.1181,-0.0,1.0,-0.552,1.0635,-0.0377,0.0,0,1,0,open-meteo-real
2021-12-20,12,16.8,97.9,46.7,30.1,29.77,0.3472,0.3312,0.5247,0.1052,-0.0,1.0,-0.664,1.3597,-0.0065,0.0,0,1,0,open-meteo-real
2021-12-27,12,46.7,90.1,12.0,29.1,29.58,0.3862,0.3739,0.5508,0.1765,-0.0,1.0,-0.066,0.4502,0.0391,0.0,0,0,0,open-meteo-real
2022-01-03,1,12.0,56.5,18.1,29.5,29.57,0.363,0.3569,0.5444,0.1198,0.5,0.866,-0.6,1.0986,-0.0232,0.0,0,1,0,open-meteo-real
2022-01-10,1,18.1,61.7,11.1,28.95,29.18,0.3704,0.3622,0.5383,0.1405,0.5,0.866,-0.3967,0.7954,0.0074,0.0,0,1,0,open-meteo-real
2022-01-17,1,11.1,65.0,9.3,29.55,29.33,0.3529,0.3467,0.546,0.1113,0.5,0.866,-0.63,1.3664,-0.0176,0.0,0,1,0,open-meteo-real
2022-01-24,1,9.3,69.9,18.9,30.1,29.53,0.3357,0.3283,0.533,0.0962,0.5,0.866,-0.69,1.7538,-0.0171,0.0,0,1,0,open-meteo-real
2022-01-31,1,18.9,80.8,23.6,28.95,29.53,0.3532,0.3323,0.5347,0.1323,0.5,0.866,-0.37,0.9975,0.0175,0.0,0,1,0,open-meteo-real
2022-02-07,2,23.6,95.7,14.1,29.65,29.57,0.3449,0.3337,0.5382,0.1147,0.866,0.5,-0.528,0.9462,-0.0083,0.0,0,1,0,open-meteo-real
2022-02-14,2,14.1,112.5,19.4,29.8,29.47,0.3427,0.3223,0.5261,0.0982,0.866,0.5,-0.718,1.8617,-0.0022,0.0,0,1,0,open-meteo-real
2022-02-21,2,19.4,130.0,31.3,30.7,30.05,0.3383,0.3231,0.5286,0.104,0.866,0.5,-0.612,1.5636,-0.0044,0.0,0,1,0,open-meteo-real
2022-02-28,2,31.3,132.1,28.9,29.85,30.12,0.3312,0.3104,0.5183,0.1188,0.866,0.5,-0.374,0.9848,-0.0072,0.0,0,1,0,open-meteo-real
2022-03-07,3,28.9,141.0,48.4,30.5,30.35,0.3677,0.3456,0.5397,0.1099,1.0,0.0,-0.7592,1.1384,0.0366,0.0,0,1,0,open-meteo-real
2022-03-14,3,48.4,190.4,21.8,29.8,30.05,0.3907,0.3841,0.5684,0.1367,1.0,0.0,-0.5967,0.9179,0.0229,0.0,0,0,0,open-meteo-real
2022-03-21,3,21.8,213.7,37.5,30.4,30.23,0.3718,0.3669,0.5625,0.1076,1.0,0.0,-0.8183,2.2873,-0.0189,0.0,0,0,0,open-meteo-real
2022-03-28,3,37.5,267.8,36.7,30.3,30.17,0.3737,0.3643,0.5634,0.1192,1.0,0.0,-0.6875,1.6663,0.0019,0.0,0,0,0,open-meteo-real
2022-04-04,4,36.7,298.7,93.7,30.75,30.48,0.3841,0.3754,0.5648,0.1168,0.866,-0.5,-0.7961,1.8991,0.0104,0.0,0,0,0,open-meteo-real
2022-04-11,4,93.7,355.5,68.9,29.4,30.15,0.4146,0.4119,0.5807,0.1604,0.866,-0.5,-0.4794,0.8853,0.0305,0.0,0,0,0,open-meteo-real
2022-04-18,4,68.9,352.4,81.0,30.2,30.12,0.408,0.4119,0.5883,0.1454,0.866,-0.5,-0.6172,1.1934,-0.0066,0.0,0,0,0,open-meteo-real
2022-04-25,4,81.0,542.4,80.3,30.25,29.95,0.4049,0.411,0.5879,0.1489,0.866,-0.5,-0.55,1.5625,-0.0032,0.0,0,0,0,open-meteo-real
2022-05-02,5,80.3,502.2,86.2,30.05,30.17,0.4079,0.4161,0.5947,0.1468,0.5,-0.866,-0.5985,1.4593,0.003,0.0,0,0,0,open-meteo-real
2022-05-09,5,86.2,502.2,280.0,29.4,29.9,0.4068,0.4052,0.5825,0.1485,0.5,-0.866,-0.569,1.3594,-0.0011,0.0,0,0,0,open-meteo-real
2022-05-16,5,280.0,462.9,33.8,29.55,29.67,0.4244,0.4293,0.5701,0.2366,0.5,-0.866,0.4,0.3857,0.0176,0.0,0,0,0,open-meteo-real
2022-05-23,5,33.8,348.5,70.9,28.5,29.15,0.3951,0.3955,0.5806,0.1206,0.5,-0.866,-0.831,2.4058,-0.0293,0.0,0,0,0,open-meteo-real
2022-05-30,5,70.9,341.4,58.3,28.9,28.98,0.4094,0.4086,0.5729,0.144,0.5,-0.866,-0.6455,1.1236,0.0143,0.0,0,0,0,open-meteo-real
2022-06-06,6,58.3,345.6,171.2,28.9,28.77,0.4058,0.4046,0.5832,0.1426,0.0,-1.0,-0.6356,1.3832,-0.0036,0.0,0,0,0,open-meteo-real
2022-06-13,6,171.2,318.5,29.9,27.8,28.53,0.4196,0.419,0.5749,0.2074,0.0,-1.0,0.07,0.4341,0.0139,0.0,0,0,0,open-meteo-real
2022-06-20,6,29.9,167.2,79.2,27.35,28.02,0.4002,0.3973,0.572,0.125,0.0,-1.0,-0.8131,1.3048,-0.0195,0.0,0,0,0,open-meteo-real
2022-06-27,6,79.2,240.6,33.0,28.0,27.72,0.4141,0.4152,0.5893,0.1581,0.0,-1.0,-0.505,0.7088,0.014,0.0,0,0,0,open-meteo-real
2022-07-04,7,33.0,205.8,19.9,27.7,27.68,0.4084,0.414,0.5959,0.148,-0.5,-0.866,-0.5875,1.4552,-0.0057,0.0,0,0,0,open-meteo-real
2022-07-11,7,19.9,313.1,84.4,27.35,27.68,0.3897,0.3914,0.58,0.1237,-0.5,-0.866,-0.7513,3.6712,-0.0187,0.0,0,0,0,open-meteo-real
2022-07-18,7,84.4,363.9,61.9,27.1,27.38,0.4051,0.3994,0.56,0.1975,-0.5,-0.866,0.055,1.006,0.0154,0.0,0,0,0,open-meteo-real
2022-07-25,7,61.9,317.7,132.4,27.45,27.3,0.4133,0.4149,0.5908,0.1799,-0.5,-0.866,-0.2262,1.1976,0.0082,0.0,0,0,0,open-meteo-real
2022-08-01,8,132.4,296.6,82.6,26.9,27.15,0.4033,0.4024,0.5816,0.2179,-0.866,-0.5,0.324,0.5227,-0.0101,0.0,0,0,0,open-meteo-real
2022-08-08,8,82.6,228.9,30.0,27.45,27.27,0.4164,0.4196,0.5801,0.1859,-0.866,-0.5,-0.174,0.6466,0.0131,0.0,0,0,0,open-meteo-real
2022-08-15,8,30.0,198.3,24.7,27.55,27.3,0.3959,0.395,0.5865,0.1315,-0.866,-0.5,-0.7,1.5423,-0.0205,0.0,0,0,0,open-meteo-real
2022-08-22,8,24.7,349.3,85.9,27.8,27.6,0.4018,0.4024,0.5874,0.1309,-0.866,-0.5,-0.753,3.2997,0.0059,0.0,0,0,0,open-meteo-real
2022-08-29,8,85.9,416.6,52.6,27.4,27.58,0.4123,0.4129,0.5841,0.1861,-0.866,-0.5,-0.141,1.1316,0.0104,0.0,0,0,0,open-meteo-real
2022-09-05,9,52.6,384.5,180.1,27.75,27.65,0.41,0.4094,0.5834,0.1394,-1.0,-0.0,-0.7078,1.7056,-0.0022,0.0,0,0,0,open-meteo-real
2022-09-12,9,180.1,542.3,58.4,27.75,27.63,0.4167,0.4188,0.5739,0.2001,-1.0,-0.0,0.0006,0.7026,0.0067,0.0,0,0,0,open-meteo-real
2022-09-19,9,58.4,468.9,82.2,27.35,27.62,0.4149,0.4162,0.5881,0.1449,-1.0,-0.0,-0.6756,1.8735,-0.0018,0.0,0,0,0,open-meteo-real
2022-09-26,9,82.2,517.9,201.3,27.85,27.65,0.4117,0.413,0.5898,0.1536,-1.0,-0.0,-0.5433,1.4701,-0.0032,0.0,0,0,0,open-meteo-real
2022-10-03,10,201.3,524.7,107.5,28.45,27.88,0.4084,0.4097,0.5835,0.1956,-0.866,0.5,0.0065,0.6082,-0.0033,0.0,0,0,0,open-meteo-real
2022-10-10,10,107.5,372.8,99.9,28.3,28.2,0.4178,0.4175,0.5904,0.1637,-0.866,0.5,-0.4625,0.8092,0.0094,0.0,0,0,0,open-meteo-real
2022-10-17,10,99.9,351.0,86.5,29.5,28.75,0.4193,0.422,0.5939,0.1615,-0.866,0.5,-0.5005,0.8198,0.0015,0.0,0,0,0,open-meteo-real
2022-10-24,10,86.5,279.7,65.9,28.75,28.85,0.4164,0.4225,0.5854,0.1544,-0.866,0.5,-0.5675,0.7545,-0.0029,0.0,0,0,0,open-meteo-real
2022-10-31,10,65.9,227.4,85.7,29.6,29.28,0.4067,0.4115,0.5888,0.1404,-0.866,0.5,-0.6705,0.8052,-0.0096,0.0,0,0,0,open-meteo-real
2022-11-07,11,85.7,248.3,36.5,28.85,29.07,0.4131,0.4129,0.5851,0.1636,-0.5,0.866,-0.4287,0.676,0.0064,0.0,0,0,0,open-meteo-real
2022-11-14,11,36.5,179.0,35.4,28.55,29.0,0.4023,0.4049,0.5851,0.1309,-0.5,0.866,-0.7567,1.1443,-0.0108,0.0,0,0,0,open-meteo-real
2022-11-21,11,35.4,164.9,52.8,29.15,28.85,0.3886,0.3877,0.5745,0.122,-0.5,0.866,-0.764,1.0869,-0.0138,0.0,0,0,0,open-meteo-real
2022-11-28,11,52.8,138.8,50.9,29.1,28.93,0.3915,0.3941,0.5771,0.1331,-0.5,0.866,-0.648,0.6134,0.003,0.0,0,0,0,open-meteo-real
2022-12-05,12,50.9,96.4,21.5,29.65,29.3,0.3857,0.3837,0.562,0.1829,-0.0,1.0,0.018,0.4419,-0.0058,0.0,0,0,0,open-meteo-real
2022-12-12,12,21.5,75.7,8.2,29.1,29.28,0.3818,0.3783,0.5667,0.1335,-0.0,1.0,-0.57,0.8216,-0.0039,0.0,0,0,0,open-meteo-real
2022-12-19,12,8.2,70.5,11.9,29.15,29.3,0.3644,0.3642,0.5513,0.1018,-0.0,1.0,-0.836,2.0061,-0.0174,0.0,0,0,0,open-meteo-real
2022-12-26,12,11.9,78.7,28.9,29.65,29.3,0.3418,0.3418,0.5378,0.0941,-0.0,1.0,-0.762,1.5431,-0.0226,0.0,0,1,0,open-meteo-real
2023-01-02,1,28.9,137.4,16.7,28.85,29.22,0.3553,0.3353,0.5265,0.1602,0.5,0.866,-0.0367,1.1093,0.0135,0.0,0,0,0,open-meteo-real
2023-01-09,1,16.7,136.4,14.9,29.6,29.37,0.3327,0.3259,0.5228,0.1142,0.5,0.866,-0.4433,1.9058,-0.0225,0.0,0,0,0,open-meteo-real
2023-01-16,1,14.9,132.5,75.5,29.05,29.17,0.3523,0.3352,0.5296,0.1211,0.5,0.866,-0.5033,2.0749,0.0196,0.0,0,0,0,open-meteo-real
2023-01-23,1,75.5,141.0,24.7,29.7,29.45,0.3685,0.3377,0.5306,0.2924,0.5,0.866,1.5167,0.4358,0.0162,0.0,0,0,0,open-meteo-real
2023-01-30,1,24.7,92.0,13.8,30.5,29.75,0.3746,0.3705,0.5635,0.1606,0.5,0.866,-0.1767,0.8691,0.0061,0.0,0,0,0,open-meteo-real
2023-02-06,2,13.8,112.9,15.3,29.7,29.97,0.3465,0.3395,0.5438,0.1,0.866,0.5,-0.724,1.9089,-0.028,0.0,0,1,0,open-meteo-real
2023-02-13,2,15.3,132.3,29.2,30.8,30.33,0.3321,0.3178,0.5262,0.0937,0.866,0.5,-0.694,2.0176,-0.0144,0.0,0,1,0,open-meteo-real
2023-02-20,2,29.2,170.4,45.2,29.6,30.03,0.3489,0.3121,0.5186,0.126,0.866,0.5,-0.416,1.3616,0.0168,0.0,0,0,0,open-meteo-real
2023-02-27,2,45.2,216.0,24.1,30.55,30.32,0.3511,0.3218,0.5191,0.153,0.866,0.5,-0.096,1.115,0.0022,0.0,0,0,0,open-meteo-real
2023-03-06,3,24.1,205.7,44.2,30.0,30.05,0.3758,0.3587,0.547,0.1115,1.0,0.0,-0.7992,1.9916,0.0247,0.0,0,1,0,open-meteo-real
2023-03-13,3,44.2,258.2,79.7,30.7,30.42,0.3835,0.3642,0.5431,0.1296,1.0,0.0,-0.6317,1.363,0.0077,0.0,0,1,0,open-meteo-real
2023-03-20,3,79.7,269.2,51.1,30.15,30.28,0.4018,0.3931,0.5677,0.1642,1.0,0.0,-0.3358,0.7881,0.0183,0.0,0,0,0,open-meteo-real
2023-03-27,3,51.1,276.6,69.6,30.7,30.52,0.3982,0.3923,0.5793,0.143,1.0,0.0,-0.5742,1.263,-0.0036,0.0,0,0,0,open-meteo-real
2023-04-03,4,69.6,264.2,55.1,30.05,30.3,0.4051,0.4088,0.5871,0.144,0.866,-0.5,-0.6133,0.8857,0.0069,0.0,0,0,0,open-meteo-real
2023-04-10,4,55.1,262.0,87.2,30.05,30.27,0.3915,0.3936,0.5826,0.1294,0.866,-0.5,-0.6939,1.1095,-0.0136,0.0,0,0,0,open-meteo-real
2023-04-17,4,87.2,280.1,34.3,30.8,30.3,0.4035,0.4081,0.5973,0.1509,0.866,-0.5,-0.5156,0.7495,0.0121,0.0,0,0,0,open-meteo-real
2023-04-24,4,34.3,246.1,68.7,29.95,30.27,0.3975,0.4047,0.5816,0.1237,0.866,-0.5,-0.8094,1.6741,-0.006,0.0,0,0,0,open-meteo-real
2023-05-01,5,68.7,270.1,70.3,30.3,30.35,0.4124,0.4169,0.5907,0.1449,0.5,-0.866,-0.6565,0.9174,0.0149,0.0,0,0,0,open-meteo-real
2023-05-08,5,70.3,299.8,68.4,31.0,30.42,0.3973,0.3976,0.5848,0.1365,0.5,-0.866,-0.6485,0.9951,-0.0151,0.0,0,0,0,open-meteo-real
2023-05-15,5,68.4,298.6,51.2,29.75,30.35,0.4058,0.4073,0.5892,0.1409,0.5,-0.866,-0.658,1.0186,0.0086,0.0,0,0,0,open-meteo-real
2023-05-22,5,51.2,315.4,73.8,29.9,30.22,0.4066,0.4139,0.5945,0.1344,0.5,-0.866,-0.744,1.4374,0.0008,0.0,0,0,0,open-meteo-real
2023-05-29,5,73.8,314.7,91.6,28.75,29.47,0.4113,0.4153,0.5854,0.1463,0.5,-0.866,-0.631,0.995,0.0047,0.0,0,0,0,open-meteo-real
2023-06-05,6,91.6,263.5,71.7,27.8,28.82,0.4201,0.4209,0.581,0.1679,0.0,-1.0,-0.4275,0.6712,0.0088,0.0,0,0,0,open-meteo-real
2023-06-12,6,71.7,193.7,67.6,28.5,28.35,0.4153,0.4191,0.5871,0.155,0.0,-1.0,-0.5519,0.6304,-0.0049,0.0,0,0,0,open-meteo-real
2023-06-19,6,67.6,153.5,25.1,28.4,28.23,0.41,0.4104,0.5802,0.1498,0.0,-1.0,-0.5775,0.5298,-0.0053,0.0,0,0,0,open-meteo-real
2023-06-26,6,25.1,147.4,25.1,28.05,28.32,0.3964,0.3977,0.5823,0.1204,0.0,-1.0,-0.8431,1.3703,-0.0136,0.0,0,0,0,open-meteo-real
2023-07-03,7,25.1,137.9,30.2,27.95,28.13,0.404,0.409,0.5816,0.1375,-0.5,-0.866,-0.6862,1.2819,0.0076,0.0,0,0,0,open-meteo-real
2023-07-10,7,30.2,164.8,60.8,28.0,28.0,0.3902,0.3884,0.5704,0.1343,-0.5,-0.866,-0.6225,1.2733,-0.0138,0.0,0,0,0,open-meteo-real
2023-07-17,7,60.8,183.9,19.6,27.7,27.88,0.4055,0.4091,0.5846,0.1741,-0.5,-0.866,-0.24,0.7058,0.0153,0.0,0,0,0,open-meteo-real
2023-07-24,7,19.6,148.4,26.4,27.95,27.88,0.3916,0.3956,0.5797,0.1246,-0.5,-0.866,-0.755,1.7667,-0.0138,0.0,0,0,0,open-meteo-real
2023-07-31,7,26.4,186.6,56.9,27.65,27.77,0.391,0.3854,0.566,0.131,-0.5,-0.866,-0.67,1.6492,-0.0006,0.0,0,0,0,open-meteo-real
2023-08-07,8,56.9,255.1,41.2,27.3,27.63,0.4085,0.4101,0.5783,0.1606,-0.866,-0.5,-0.431,1.0461,0.0174,0.0,0,0,0,open-meteo-real
2023-08-14,8,41.2,281.4,50.2,28.25,27.73,0.4086,0.4117,0.597,0.1481,-0.866,-0.5,-0.588,1.5937,0.0001,0.0,0,0,0,open-meteo-real
2023-08-21,8,50.2,287.1,95.5,27.85,27.8,0.3912,0.3863,0.5668,0.1449,-0.866,-0.5,-0.498,1.3345,-0.0174,0.0,0,0,0,open-meteo-real
2023-08-28,8,95.5,294.4,80.1,27.55,27.88,0.4091,0.4041,0.5747,0.1919,-0.866,-0.5,-0.045,0.7193,0.0179,0.0,0,0,0,open-meteo-real
2023-09-04,9,80.1,239.3,46.0,27.75,27.72,0.4147,0.4165,0.592,0.1544,-1.0,-0.0,-0.555,0.6971,0.0056,0.0,0,0,0,open-meteo-real
2023-09-11,9,46.0,259.1,63.2,27.8,27.7,0.4144,0.4179,0.5866,0.1391,-1.0,-0.0,-0.7444,1.3143,-0.0003,0.0,0,0,0,open-meteo-real
2023-09-18,9,63.2,287.0,39.6,28.35,27.97,0.4078,0.4088,0.5898,0.1427,-1.0,-0.0,-0.6489,1.0596,-0.0066,0.0,0,0,0,open-meteo-real
2023-09-25,9,39.6,346.5,95.3,28.75,28.3,0.4055,0.4107,0.598,0.1309,-1.0,-0.0,-0.78,2.0417,-0.0023,0.0,0,0,0,open-meteo-real
2023-10-02,10,95.3,378.5,73.7,28.55,28.55,0.4153,0.418,0.5841,0.1573,-0.866,0.5,-0.5235,0.9267,0.0098,0.0,0,0,0,open-meteo-real
2023-10-09,10,73.7,354.0,90.9,29.55,28.95,0.4159,0.4193,0.5927,0.149,-0.866,0.5,-0.6315,1.1208,0.0006,0.0,0,0,0,open-meteo-real
2023-10-16,10,90.9,425.4,93.6,29.35,29.15,0.4123,0.4174,0.5953,0.1537,-0.866,0.5,-0.5455,1.092,-0.0036,0.0,0,0,0,open-meteo-real
2023-10-23,10,93.6,453.7,69.8,29.55,29.48,0.4066,0.4096,0.5816,0.1514,-0.866,0.5,-0.532,1.131,-0.0057,0.0,0,0,0,open-meteo-real
2023-10-30,10,69.8,440.5,89.0,29.1,29.33,0.4131,0.4115,0.5813,0.1458,-0.866,0.5,-0.651,1.4725,0.0066,0.0,0,0,0,open-meteo-real
2023-11-06,11,89.0,411.5,150.4,29.2,29.28,0.4183,0.4217,0.583,0.1684,-0.5,0.866,-0.4067,1.0788,0.0051,0.0,0,0,0,open-meteo-real
2023-11-13,11,150.4,341.1,128.2,30.1,29.47,0.4153,0.4197,0.5897,0.1994,-0.5,0.866,0.0027,0.5292,-0.0029,0.0,0,0,0,open-meteo-real
2023-11-20,11,128.2,202.2,36.2,28.5,29.27,0.4188,0.4241,0.575,0.1897,-0.5,0.866,-0.1453,0.368,0.0035,0.0,0,0,0,open-meteo-real
2023-11-27,11,36.2,85.0,24.6,28.8,29.13,0.3835,0.3876,0.5651,0.1194,-0.5,0.866,-0.7587,0.5479,-0.0353,0.0,0,0,0,open-meteo-real
2023-12-04,12,24.6,56.6,7.4,29.3,28.87,0.3883,0.3895,0.573,0.1424,-0.0,1.0,-0.508,0.5369,0.0048,0.0,0,0,0,open-meteo-real
2023-12-11,12,7.4,39.0,14.4,30.05,29.38,0.3483,0.3545,0.5504,0.0908,-0.0,1.0,-0.852,1.2297,-0.04,0.0,0,0,0,open-meteo-real
2023-12-18,12,14.4,38.5,7.7,30.1,29.82,0.3246,0.3237,0.5178,0.0878,-0.0,1.0,-0.712,0.6238,-0.0237,0.0,0,1,0,open-meteo-real
2023-12-25,12,7.7,30.1,6.7,30.05,30.07,0.2918,0.2984,0.5031,0.0574,-0.0,1.0,-0.846,0.9121,-0.0328,0.0052,0,1,0,open-meteo-real
2024-01-01,1,6.7,30.6,7.6,30.25,30.13,0.267,0.2723,0.4791,0.0481,0.5,0.866,-0.7767,1.0657,-0.0248,0.0924,0,1,0,open-meteo-real
2024-01-08,1,7.6,41.0,5.6,30.8,30.37,0.246,0.2472,0.4601,0.0379,0.5,0.866,-0.7467,1.2588,-0.021,0.1761,0,1,0,open-meteo-real
2024-01-15,1,5.6,52.1,7.5,30.25,30.43,0.2249,0.2326,0.4557,0.0199,0.5,0.866,-0.8133,2.1708,-0.0211,0.2248,0,1,0,open-meteo-real
2024-01-22,1,7.5,114.6,15.0,31.15,30.73,0.2093,0.22,0.4461,0.0156,0.5,0.866,-0.75,3.5653,-0.0156,0.2665,0,1,0,open-meteo-real
2024-01-29,1,15.0,148.2,20.5,30.8,30.73,0.2294,0.2066,0.435,0.0477,0.5,0.866,-0.5,2.3053,0.0201,0.3112,0,1,0,open-meteo-real
2024-02-05,2,20.5,180.4,59.5,31.05,31.0,0.2438,0.2004,0.4333,0.0491,0.866,0.5,-0.59,2.0533,0.0144,0.3321,0,1,0,open-meteo-real
2024-02-12,2,59.5,187.8,27.9,31.1,30.98,0.2755,0.2233,0.4542,0.1305,0.866,0.5,0.19,0.7365,0.0317,0.2557,0,1,0,open-meteo-real
2024-02-19,2,27.9,188.8,60.8,30.7,30.95,0.3345,0.2873,0.495,0.1154,0.866,0.5,-0.442,1.579,0.059,0.0424,0,0,0,open-meteo-real
2024-02-26,2,60.8,204.1,33.4,30.75,30.85,0.3872,0.3634,0.5491,0.1996,0.866,0.5,0.216,0.7833,0.0527,0.0,0,0,0,open-meteo-real
2024-03-04,3,33.4,237.9,62.6,30.75,30.73,0.3781,0.3692,0.5592,0.1191,1.0,0.0,-0.7217,1.662,-0.0092,0.0,0,0,0,open-meteo-real
2024-03-11,3,62.6,308.8,43.7,31.05,30.85,0.3604,0.3495,0.5405,0.128,1.0,0.0,-0.4783,1.151,-0.0177,0.0,0,1,0,open-meteo-real
2024-03-18,3,43.7,306.7,81.5,31.05,30.95,0.3606,0.3443,0.5415,0.1155,1.0,0.0,-0.6358,1.6376,0.0002,0.0,0,1,0,open-meteo-real
2024-03-25,3,81.5,320.4,62.7,31.0,31.03,0.3731,0.3665,0.5571,0.1482,1.0,0.0,-0.3208,0.9173,0.0125,0.0,0,0,0,open-meteo-real
2024-04-01,4,62.7,278.7,94.7,30.95,31.0,0.3917,0.377,0.5602,0.1329,0.866,-0.5,-0.6517,1.0372,0.0186,0.0,0,0,0,open-meteo-real
2024-04-08,4,94.7,264.9,73.2,30.75,30.9,0.4009,0.3965,0.5764,0.1526,0.866,-0.5,-0.4739,0.6527,0.0092,0.0,0,0,0,open-meteo-real
2024-04-15,4,73.2,237.7,21.6,31.0,30.9,0.3865,0.3844,0.5821,0.1344,0.866,-0.5,-0.5933,0.7577,-0.0144,0.0,0,0,0,open-meteo-real
2024-04-22,4,21.6,284.9,60.0,31.35,31.03,0.3548,0.3456,0.5526,0.0925,0.866,-0.5,-0.88,3.0776,-0.0317,0.0,0,0,0,open-meteo-real
2024-04-29,4,60.0,315.9,74.0,30.8,31.05,0.372,0.3571,0.5513,0.1199,0.866,-0.5,-0.6667,1.2285,0.0173,0.0,0,0,0,open-meteo-real
2024-05-06,5,74.0,328.2,98.3,30.45,30.87,0.358,0.3265,0.5187,0.1144,0.5,-0.866,-0.63,1.0349,-0.0141,0.0,0,1,0,open-meteo-real
2024-05-13,5,98.3,286.7,71.1,30.95,30.73,0.3881,0.3631,0.5555,0.1422,0.5,-0.866,-0.5085,0.6805,0.0302,0.0,0,0,0,open-meteo-real
2024-05-20,5,71.1,269.8,77.0,30.4,30.6,0.4073,0.4113,0.5917,0.1428,0.5,-0.866,-0.6445,0.8854,0.0192,0.0,0,0,0,open-meteo-real
2024-05-27,5,77.0,268.8,31.6,29.2,30.18,0.4007,0.394,0.5739,0.1412,0.5,-0.866,-0.615,0.8145,-0.0066,0.0,0,0,0,open-meteo-real
2024-06-03,6,31.6,243.1,69.9,28.75,29.45,0.3959,0.3959,0.5753,0.1233,0.0,-1.0,-0.8025,1.795,-0.0048,0.0,0,0,0,open-meteo-real
2024-06-10,6,69.9,267.2,59.7,29.0,28.98,0.4046,0.4074,0.5832,0.1477,0.0,-1.0,-0.5631,0.8919,0.0087,0.0,0,0,0,open-meteo-real
2024-06-17,6,59.7,243.1,70.9,28.95,28.9,0.4068,0.4089,0.5876,0.1439,0.0,-1.0,-0.6269,0.9501,0.0022,0.0,0,0,0,open-meteo-real
2024-06-24,6,70.9,211.0,55.4,28.45,28.8,0.4124,0.4147,0.5877,0.1529,0.0,-1.0,-0.5569,0.6944,0.0057,0.0,0,0,0,open-meteo-real
2024-07-01,7,55.4,198.1,42.9,28.05,28.48,0.4099,0.4114,0.5848,0.1713,-0.5,-0.866,-0.3075,0.8344,-0.0025,0.0,0,0,0,open-meteo-real
2024-07-08,7,42.9,182.0,32.2,27.75,28.08,0.405,0.4074,0.5729,0.1559,-0.5,-0.866,-0.4637,0.9899,-0.0049,0.0,0,0,0,open-meteo-real
2024-07-15,7,32.2,167.9,44.0,27.4,27.73,0.4009,0.4044,0.569,0.1428,-0.5,-0.866,-0.5975,1.2167,-0.0041,0.0,0,0,0,open-meteo-real
2024-07-22,7,44.0,169.7,45.1,27.6,27.58,0.4065,0.4026,0.5767,0.1579,-0.5,-0.866,-0.45,0.8999,0.0055,0.0,0,0,0,open-meteo-real
2024-07-29,7,45.1,282.5,34.2,27.35,27.45,0.3992,0.4004,0.5772,0.1546,-0.5,-0.866,-0.4362,1.4616,-0.0073,0.0,0,0,0,open-meteo-real
2024-08-05,8,34.2,302.8,33.5,27.6,27.52,0.3976,0.3962,0.5792,0.1359,-0.866,-0.5,-0.658,2.0659,-0.0016,0.0,0,0,0,open-meteo-real
2024-08-12,8,33.5,363.0,166.1,27.65,27.53,0.4006,0.402,0.5694,0.1372,-0.866,-0.5,-0.665,2.5284,0.003,0.0,0,0,0,open-meteo-real
2024-08-19,8,166.1,418.9,63.5,27.9,27.72,0.4107,0.4161,0.5868,0.2493,-0.866,-0.5,0.661,0.5885,0.01,0.0,0,0,0,open-meteo-real
2024-08-26,8,63.5,305.6,66.5,28.1,27.88,0.3948,0.3948,0.5758,0.1577,-0.866,-0.5,-0.365,1.1229,-0.0158,0.0,0,0,0,open-meteo-real
2024-09-02,9,66.5,354.3,96.1,27.7,27.9,0.4053,0.4034,0.5827,0.1427,-1.0,-0.0,-0.6306,1.2432,0.0105,0.0,0,0,0,open-meteo-real
2024-09-09,9,96.1,379.6,69.1,27.9,27.9,0.4179,0.423,0.5954,0.1635,-1.0,-0.0,-0.4661,0.9217,0.0126,0.0,0,0,0,open-meteo-real
2024-09-16,9,69.1,384.3,112.4,28.1,27.9,0.4138,0.4142,0.5739,0.149,-1.0,-0.0,-0.6161,1.2977,-0.0041,0.0,0,0,0,open-meteo-real
2024-09-23,9,112.4,371.1,94.0,27.9,27.97,0.4191,0.4191,0.5843,0.1714,-1.0,-0.0,-0.3756,0.7704,0.0053,0.0,0,0,0,open-meteo-real
2024-09-30,9,94.0,345.6,83.0,27.95,27.98,0.4179,0.4204,0.5797,0.1625,-1.0,-0.0,-0.4778,0.8579,-0.0012,0.0,0,0,0,open-meteo-real
2024-10-07,10,83.0,311.3,53.1,28.0,27.95,0.4101,0.4148,0.5794,0.1493,-0.866,0.5,-0.585,0.8751,-0.0077,0.0,0,0,0,open-meteo-real
2024-10-14,10,53.1,323.7,99.3,27.8,27.92,0.4012,0.4062,0.5879,0.132,-0.866,0.5,-0.7345,1.4224,-0.0089,0.0,0,0,0,open-meteo-real
2024-10-21,10,99.3,323.2,55.4,28.85,28.22,0.4122,0.4122,0.5842,0.157,-0.866,0.5,-0.5035,0.7594,0.011,0.0,0,0,0,open-meteo-real
2024-10-28,10,55.4,256.8,98.4,29.05,28.57,0.4115,0.4163,0.5893,0.139,-0.866,0.5,-0.723,1.0816,-0.0008,0.0,0,0,0,open-meteo-real
2024-11-04,11,98.4,216.0,52.9,28.95,28.95,0.4117,0.4146,0.5853,0.1695,-0.5,0.866,-0.344,0.5122,0.0003,0.0,0,0,0,open-meteo-real
2024-11-11,11,52.9,132.0,34.0,29.4,29.13,0.3918,0.3836,0.5716,0.1333,-0.5,0.866,-0.6473,0.5822,-0.02,0.0,0,0,0,open-meteo-real
2024-11-18,11,34.0,88.1,26.1,29.5,29.28,0.3415,0.3302,0.5296,0.093,-0.5,0.866,-0.7733,0.6046,-0.0502,0.0,0,1,0,open-meteo-real
2024-11-25,11,26.1,71.1,15.6,30.5,29.8,0.2866,0.272,0.4839,0.0559,-0.5,0.866,-0.826,0.6356,-0.0549,0.0933,0,1,0,open-meteo-real
2024-12-02,12,15.6,61.0,10.8,29.95,29.98,0.248,0.2297,0.4503,0.0437,-0.0,1.0,-0.688,0.9124,-0.0386,0.2342,0,1,0,open-meteo-real
2024-12-09,12,10.8,45.4,14.1,29.65,30.03,0.2033,0.2017,0.4218,0.0093,-0.0,1.0,-0.784,0.9809,-0.0446,0.3276,0,1,0,open-meteo-real
2024-12-16,12,14.1,34.6,18.1,29.85,29.82,0.2654,0.2063,0.4252,0.0518,-0.0,1.0,-0.718,0.5726,0.0621,0.3122,0,1,0,open-meteo-real
2024-12-23,12,18.1,20.5,2.4,30.0,29.83,0.2724,0.1959,0.4125,0.0624,-0.0,1.0,-0.638,0.2643,0.007,0.3469,0,1,0,open-meteo-real
