2026-07-08 15:10:31,306 [WARNING] ⚠️  imbalanced-learn non installé — SMOTE désactivé. pip install imbalanced-learn
2026-07-08 15:10:31,306 [INFO] Entraînement : 8 zones × 3 risques = 24 modèles
2026-07-08 15:10:31,306 [INFO] Walk-forward : 5 folds, gap=30j, SMOTE trigger=5:1
2026-07-08 15:10:31,343 [INFO] 
[Bafoussam] 13149 jours (1990-01-01 → 2025-12-31)
2026-07-08 15:10:31,343 [INFO] 
==================================================
2026-07-08 15:10:31,343 [INFO] Entraînement : Bafoussam / INONDATION
2026-07-08 15:10:31,343 [INFO] ==================================================
2026-07-08 15:10:31,343 [INFO] [Features] inondation: 23 features
2026-07-08 15:10:31,347 [INFO] Dataset : 13149 jours | 227 positifs (1.7%) | ratio 56.9:1
2026-07-08 15:10:34,028 [INFO]   Fold  4 | RF=0.696 | GB=0.661 | pos=93
2026-07-08 15:10:34,028 [WARNING]   [SMOTE] imbalanced-learn non installé — skip (pip install imbalanced-learn)
2026-07-08 15:10:41,960 [INFO]   Fold  5 | RF=0.929 | GB=0.915 | pos=131
2026-07-08 15:10:41,961 [INFO]   CV AUC → RF=0.812±0.117 | GB=0.788±0.127 (2 folds utiles)
2026-07-08 15:10:42,050 [INFO]   ✅ RandomForest | CV AUC=0.812±0.117 | F1=0.450 | Thr=0.30 | SMOTE: 0/2 folds
2026-07-08 15:10:42,055 [INFO]   Sauvegardé : models/zonal/model_inondation_Bafoussam.pkl
2026-07-08 15:10:42,056 [INFO] 
==================================================
2026-07-08 15:10:42,056 [INFO] Entraînement : Bafoussam / SECHERESSE
2026-07-08 15:10:42,057 [INFO] ==================================================
2026-07-08 15:10:42,057 [INFO] [Features] secheresse: 31 features
2026-07-08 15:10:42,060 [INFO] Dataset : 13149 jours | 5317 positifs (40.4%) | ratio 1.5:1
2026-07-08 15:10:44,513 [INFO]   Fold  1 | RF=0.992 | GB=0.995 | pos=854
2026-07-08 15:10:49,600 [INFO]   Fold  2 | RF=0.999 | GB=0.999 | pos=902
2026-07-08 15:10:56,535 [INFO]   Fold  3 | RF=0.997 | GB=0.999 | pos=969
2026-07-08 15:11:05,414 [INFO]   Fold  4 | RF=0.997 | GB=1.000 | pos=877
2026-07-08 15:11:16,542 [INFO]   Fold  5 | RF=0.994 | GB=0.997 | pos=996
2026-07-08 15:11:16,544 [INFO]   CV AUC → RF=0.996±0.003 | GB=0.998±0.002 (5 folds utiles)
2026-07-08 15:11:16,563 [INFO]   ✅ GradientBoosting | CV AUC=0.998±0.002 | F1=0.979 | Thr=0.35 | SMOTE: 0/5 folds
2026-07-08 15:11:16,569 [INFO]   Sauvegardé : models/zonal/model_secheresse_Bafoussam.pkl
2026-07-08 15:11:16,570 [INFO] 
==================================================
2026-07-08 15:11:16,570 [INFO] Entraînement : Bafoussam / CHALEUR
2026-07-08 15:11:16,570 [INFO] ==================================================
2026-07-08 15:11:16,570 [INFO] [Features] chaleur: 28 features
2026-07-08 15:11:16,576 [INFO] Dataset : 13149 jours | 2173 positifs (16.5%) | ratio 5.1:1
2026-07-08 15:11:16,576 [WARNING]   [SMOTE] imbalanced-learn non installé — skip (pip install imbalanced-learn)
2026-07-08 15:11:18,999 [INFO]   Fold  1 | RF=0.988 | GB=0.981 | pos=325
2026-07-08 15:11:19,000 [WARNING]   [SMOTE] imbalanced-learn non installé — skip (pip install imbalanced-learn)
2026-07-08 15:11:23,450 [INFO]   Fold  2 | RF=0.992 | GB=0.988 | pos=374
2026-07-08 15:11:23,454 [WARNING]   [SMOTE] imbalanced-learn non installé — skip (pip install imbalanced-learn)
2026-07-08 15:11:29,762 [INFO]   Fold  3 | RF=0.991 | GB=0.990 | pos=391
2026-07-08 15:11:29,763 [WARNING]   [SMOTE] imbalanced-learn non installé — skip (pip install imbalanced-learn)
2026-07-08 15:11:38,135 [INFO]   Fold  4 | RF=0.968 | GB=0.969 | pos=415
2026-07-08 15:11:38,136 [WARNING]   [SMOTE] imbalanced-learn non installé — skip (pip install imbalanced-learn)
2026-07-08 15:11:48,467 [INFO]   Fold  5 | RF=0.961 | GB=0.963 | pos=458
2026-07-08 15:11:48,469 [INFO]   CV AUC → RF=0.980±0.013 | GB=0.978±0.011 (5 folds utiles)
2026-07-08 15:11:48,632 [INFO]   ✅ RandomForest | CV AUC=0.980±0.013 | F1=0.834 | Thr=0.45 | SMOTE: 0/5 folds
2026-07-08 15:11:48,639 [INFO]   Sauvegardé : models/zonal/model_chaleur_Bafoussam.pkl
2026-07-08 15:11:48,672 [INFO] 
[Ebolowa] 9497 jours (2000-01-01 → 2025-12-31)
2026-07-08 15:11:48,672 [INFO] 
==================================================
2026-07-08 15:11:48,672 [INFO] Entraînement : Ebolowa / INONDATION
2026-07-08 15:11:48,672 [INFO] ==================================================
2026-07-08 15:11:48,672 [INFO] [Features] inondation: 23 features
2026-07-08 15:11:48,676 [INFO] Dataset : 9497 jours | 182 positifs (1.9%) | ratio 51.2:1
2026-07-08 15:24:42,166 [INFO] Entraînement : 8 zones × 3 risques = 24 modèles
2026-07-08 15:24:42,166 [INFO] Walk-forward : 5 folds, gap=30j, SMOTE trigger=5:1
2026-07-08 15:24:42,201 [INFO] 
[Bafoussam] 13149 jours (1990-01-01 → 2025-12-31)
2026-07-08 15:24:42,201 [INFO] 
==================================================
2026-07-08 15:24:42,202 [INFO] Entraînement : Bafoussam / INONDATION
2026-07-08 15:24:42,202 [INFO] ==================================================
2026-07-08 15:24:42,202 [INFO] [Features] inondation: 23 features
2026-07-08 15:24:42,206 [INFO] Dataset : 13149 jours | 227 positifs (1.7%) | ratio 56.9:1
2026-07-08 15:24:44,824 [INFO]   Fold  4 | RF=0.696 | GB=0.661 | pos=93
2026-07-08 15:24:56,319 [INFO]   Fold  5 | RF=0.933 | GB=0.937 | pos=131
2026-07-08 15:24:56,319 [INFO]   CV AUC → RF=0.814±0.118 | GB=0.799±0.138 (2 folds utiles)
2026-07-08 15:24:56,410 [INFO]   ✅ RandomForest | CV AUC=0.814±0.118 | F1=0.466 | Thr=0.35 | SMOTE: 1/2 folds
2026-07-08 15:24:56,417 [INFO]   Sauvegardé : models/zonal/model_inondation_Bafoussam.pkl
2026-07-08 15:24:56,418 [INFO] 
==================================================
2026-07-08 15:24:56,418 [INFO] Entraînement : Bafoussam / SECHERESSE
2026-07-08 15:24:56,418 [INFO] ==================================================
2026-07-08 15:24:56,418 [INFO] [Features] secheresse: 31 features
2026-07-08 15:24:56,424 [INFO] Dataset : 13149 jours | 5317 positifs (40.4%) | ratio 1.5:1
2026-07-08 15:24:58,809 [INFO]   Fold  1 | RF=0.992 | GB=0.995 | pos=854
2026-07-08 15:25:03,260 [INFO]   Fold  2 | RF=0.999 | GB=0.999 | pos=902
2026-07-08 15:25:09,794 [INFO]   Fold  3 | RF=0.997 | GB=0.999 | pos=969
2026-07-08 15:25:18,642 [INFO]   Fold  4 | RF=0.997 | GB=1.000 | pos=877
2026-07-08 15:25:29,497 [INFO]   Fold  5 | RF=0.994 | GB=0.997 | pos=996
2026-07-08 15:25:29,498 [INFO]   CV AUC → RF=0.996±0.003 | GB=0.998±0.002 (5 folds utiles)
2026-07-08 15:25:29,518 [INFO]   ✅ GradientBoosting | CV AUC=0.998±0.002 | F1=0.979 | Thr=0.35 | SMOTE: 0/5 folds
2026-07-08 15:25:29,522 [INFO]   Sauvegardé : models/zonal/model_secheresse_Bafoussam.pkl
2026-07-08 15:25:29,524 [INFO] 
==================================================
2026-07-08 15:25:29,524 [INFO] Entraînement : Bafoussam / CHALEUR
2026-07-08 15:25:29,524 [INFO] ==================================================
2026-07-08 15:25:29,524 [INFO] [Features] chaleur: 28 features
2026-07-08 15:25:29,530 [INFO] Dataset : 13149 jours | 2173 positifs (16.5%) | ratio 5.1:1
2026-07-08 15:25:32,281 [INFO]   Fold  1 | RF=0.987 | GB=0.983 | pos=325
2026-07-08 15:25:37,329 [INFO]   Fold  2 | RF=0.992 | GB=0.987 | pos=374
2026-07-08 15:25:44,737 [INFO]   Fold  3 | RF=0.990 | GB=0.990 | pos=391
2026-07-08 15:25:54,813 [INFO]   Fold  4 | RF=0.968 | GB=0.971 | pos=415
2026-07-08 15:26:07,790 [INFO]   Fold  5 | RF=0.963 | GB=0.960 | pos=458
2026-07-08 15:26:07,792 [INFO]   CV AUC → RF=0.980±0.012 | GB=0.978±0.011 (5 folds utiles)
2026-07-08 15:26:07,894 [INFO]   ✅ RandomForest | CV AUC=0.980±0.012 | F1=0.836 | Thr=0.50 | SMOTE: 5/5 folds
2026-07-08 15:26:07,902 [INFO]   Sauvegardé : models/zonal/model_chaleur_Bafoussam.pkl
2026-07-08 15:26:07,946 [INFO] 
[Ebolowa] 9497 jours (2000-01-01 → 2025-12-31)
2026-07-08 15:26:07,946 [INFO] 
==================================================
2026-07-08 15:26:07,946 [INFO] Entraînement : Ebolowa / INONDATION
2026-07-08 15:26:07,946 [INFO] ==================================================
2026-07-08 15:26:07,946 [INFO] [Features] inondation: 23 features
2026-07-08 15:26:07,951 [INFO] Dataset : 9497 jours | 182 positifs (1.9%) | ratio 51.2:1
2026-07-08 15:26:07,954 [WARNING]   [Fold 4] Skip GB — une seule classe après sample_weight (zone=Ebolowa, risk=inondation, n_pos_train=0)
2026-07-08 15:26:14,483 [INFO]   Fold  5 | RF=0.885 | GB=0.879 | pos=89
2026-07-08 15:26:14,483 [INFO]   CV AUC → RF=0.885±0.000 | GB=0.879±0.000 (1 folds utiles)
2026-07-08 15:26:14,585 [INFO]   ✅ RandomForest | CV AUC=0.885±0.000 | F1=0.348 | Thr=0.45 | SMOTE: 1/1 folds
2026-07-08 15:26:14,590 [INFO]   Sauvegardé : models/zonal/model_inondation_Ebolowa.pkl
2026-07-08 15:26:14,590 [INFO] 
==================================================
2026-07-08 15:26:14,590 [INFO] Entraînement : Ebolowa / SECHERESSE
2026-07-08 15:26:14,590 [INFO] ==================================================
2026-07-08 15:26:14,591 [INFO] [Features] secheresse: 31 features
2026-07-08 15:26:14,596 [INFO] Dataset : 9497 jours | 2007 positifs (21.1%) | ratio 3.7:1
2026-07-08 15:26:16,635 [INFO]   Fold  1 | RF=0.997 | GB=0.998 | pos=286
2026-07-08 15:26:20,022 [INFO]   Fold  2 | RF=0.999 | GB=0.999 | pos=237
2026-07-08 15:26:25,010 [INFO]   Fold  3 | RF=0.999 | GB=0.999 | pos=430
2026-07-08 15:26:31,463 [INFO]   Fold  4 | RF=0.963 | GB=0.951 | pos=221
2026-07-08 15:26:39,296 [INFO]   Fold  5 | RF=0.967 | GB=0.972 | pos=565
2026-07-08 15:26:39,298 [INFO]   CV AUC → RF=0.985±0.016 | GB=0.984±0.019 (5 folds utiles)
2026-07-08 15:26:39,402 [INFO]   ✅ RandomForest | CV AUC=0.985±0.016 | F1=0.878 | Thr=0.20 | SMOTE: 1/5 folds
2026-07-08 15:26:39,406 [INFO]   Sauvegardé : models/zonal/model_secheresse_Ebolowa.pkl
2026-07-08 15:26:39,406 [INFO] 
==================================================
2026-07-08 15:26:39,406 [INFO] Entraînement : Ebolowa / CHALEUR
2026-07-08 15:26:39,406 [INFO] ==================================================
2026-07-08 15:26:39,406 [INFO] [Features] chaleur: 28 features
2026-07-08 15:26:39,411 [INFO] Dataset : 9497 jours | 403 positifs (4.2%) | ratio 22.6:1
2026-07-08 15:26:41,037 [INFO]   Fold  1 | RF=0.955 | GB=0.937 | pos=41
2026-07-08 15:26:45,346 [INFO]   Fold  2 | RF=0.928 | GB=0.924 | pos=6
2026-07-08 15:26:51,937 [INFO]   Fold  3 | RF=0.975 | GB=0.939 | pos=33
2026-07-08 15:27:00,713 [INFO]   Fold  4 | RF=0.983 | GB=0.895 | pos=26
2026-07-08 15:27:11,446 [INFO]   Fold  5 | RF=0.856 | GB=0.864 | pos=293
2026-07-08 15:27:11,447 [INFO]   CV AUC → RF=0.939±0.046 | GB=0.912±0.029 (5 folds utiles)
2026-07-08 15:27:11,560 [INFO]   ✅ RandomForest | CV AUC=0.939±0.046 | F1=0.665 | Thr=0.40 | SMOTE: 4/5 folds
2026-07-08 15:27:11,566 [INFO]   Sauvegardé : models/zonal/model_chaleur_Ebolowa.pkl
2026-07-08 15:27:11,592 [INFO] 
[Garoua] 13149 jours (1990-01-01 → 2025-12-31)
2026-07-08 15:27:11,592 [INFO] 
==================================================
2026-07-08 15:27:11,592 [INFO] Entraînement : Garoua / INONDATION
2026-07-08 15:27:11,592 [INFO] ==================================================
2026-07-08 15:27:11,592 [INFO] [Features] inondation: 23 features
2026-07-08 15:27:11,597 [INFO] Dataset : 13149 jours | 1506 positifs (11.5%) | ratio 7.7:1
2026-07-08 15:27:13,459 [INFO]   Fold  1 | RF=0.998 | GB=0.999 | pos=412
2026-07-08 15:27:16,793 [INFO]   Fold  2 | RF=1.000 | GB=1.000 | pos=388
2026-07-08 15:27:21,601 [INFO]   Fold  3 | RF=0.159 | GB=0.141 | pos=46
2026-07-08 15:27:28,659 [INFO]   Fold  5 | RF=0.914 | GB=0.904 | pos=222
2026-07-08 15:27:28,659 [INFO]   CV AUC → RF=0.768±0.353 | GB=0.761±0.360 (4 folds utiles)
2026-07-08 15:27:28,751 [INFO]   ✅ RandomForest | CV AUC=0.768±0.353 | F1=0.720 | Thr=0.60 | SMOTE: 1/4 folds
2026-07-08 15:27:28,760 [INFO]   Sauvegardé : models/zonal/model_inondation_Garoua.pkl
2026-07-08 15:27:28,760 [INFO] 
==================================================
2026-07-08 15:27:28,760 [INFO] Entraînement : Garoua / SECHERESSE
2026-07-08 15:27:28,761 [INFO] ==================================================
2026-07-08 15:27:28,761 [INFO] [Features] secheresse: 31 features
2026-07-08 15:27:28,765 [INFO] Dataset : 13149 jours | 7889 positifs (60.0%) | ratio 0.7:1
2026-07-08 15:27:31,512 [INFO]   Fold  1 | RF=0.995 | GB=0.996 | pos=2182
2026-07-08 15:27:36,540 [INFO]   Fold  2 | RF=0.998 | GB=0.998 | pos=2188
2026-07-08 15:27:43,508 [INFO]   Fold  3 | RF=0.505 | GB=0.724 | pos=87
2026-07-08 15:27:52,038 [INFO]   Fold  4 | RF=0.466 | GB=0.502 | pos=364
2026-07-08 15:28:01,001 [INFO]   Fold  5 | RF=0.960 | GB=0.955 | pos=881
2026-07-08 15:28:01,001 [INFO]   CV AUC → RF=0.785±0.245 | GB=0.835±0.195 (5 folds utiles)
2026-07-08 15:28:01,020 [INFO]   ✅ GradientBoosting | CV AUC=0.835±0.195 | F1=0.906 | Thr=0.70 | SMOTE: 0/5 folds
2026-07-08 15:28:01,026 [INFO]   Sauvegardé : models/zonal/model_secheresse_Garoua.pkl
2026-07-08 15:28:01,026 [INFO] 
==================================================
2026-07-08 15:28:01,026 [INFO] Entraînement : Garoua / CHALEUR
2026-07-08 15:28:01,026 [INFO] ==================================================
2026-07-08 15:28:01,026 [INFO] [Features] chaleur: 28 features
2026-07-08 15:28:01,033 [INFO] Dataset : 13149 jours | 5032 positifs (38.3%) | ratio 1.6:1
2026-07-08 15:28:03,208 [INFO]   Fold  1 | RF=0.995 | GB=0.996 | pos=1359
2026-07-08 15:28:07,228 [INFO]   Fold  2 | RF=0.990 | GB=0.994 | pos=1527
2026-07-08 15:28:14,020 [INFO]   Fold  3 | RF=0.999 | GB=0.422 | pos=4
2026-07-08 15:28:21,341 [INFO]   Fold  4 | RF=0.369 | GB=0.224 | pos=92
2026-07-08 15:28:29,489 [INFO]   Fold  5 | RF=0.977 | GB=0.973 | pos=626
2026-07-08 15:28:29,491 [INFO]   CV AUC → RF=0.866±0.249 | GB=0.722±0.332 (5 folds utiles)
2026-07-08 15:28:29,601 [INFO]   ✅ RandomForest | CV AUC=0.866±0.249 | F1=0.910 | Thr=0.40 | SMOTE: 0/5 folds
2026-07-08 15:28:29,612 [INFO]   Sauvegardé : models/zonal/model_chaleur_Garoua.pkl
2026-07-08 15:28:29,632 [INFO] 
[Kribi] 9497 jours (2000-01-01 → 2025-12-31)
2026-07-08 15:28:29,632 [INFO] 
==================================================
2026-07-08 15:28:29,632 [INFO] Entraînement : Kribi / INONDATION
2026-07-08 15:28:29,632 [INFO] ==================================================
2026-07-08 15:28:29,632 [INFO] [Features] inondation: 23 features
2026-07-08 15:28:29,634 [INFO] Dataset : 9497 jours | 1741 positifs (18.3%) | ratio 4.5:1
2026-07-08 15:28:31,141 [INFO]   Fold  1 | RF=0.991 | GB=0.997 | pos=270
2026-07-08 15:28:34,208 [INFO]   Fold  2 | RF=0.995 | GB=0.998 | pos=219
2026-07-08 15:28:39,080 [INFO]   Fold  3 | RF=0.992 | GB=0.999 | pos=200
2026-07-08 15:28:45,225 [INFO]   Fold  4 | RF=0.926 | GB=0.916 | pos=495
2026-07-08 15:28:52,617 [INFO]   Fold  5 | RF=0.947 | GB=0.964 | pos=294
2026-07-08 15:28:52,627 [INFO]   CV AUC → RF=0.970±0.028 | GB=0.975±0.032 (5 folds utiles)
2026-07-08 15:28:52,659 [INFO]   ✅ GradientBoosting | CV AUC=0.975±0.032 | F1=0.875 | Thr=0.80 | SMOTE: 3/5 folds
2026-07-08 15:28:52,662 [INFO]   Sauvegardé : models/zonal/model_inondation_Kribi.pkl
2026-07-08 15:28:52,663 [INFO] 
==================================================
2026-07-08 15:28:52,663 [INFO] Entraînement : Kribi / SECHERESSE
2026-07-08 15:28:52,663 [INFO] ==================================================
2026-07-08 15:28:52,663 [INFO] [Features] secheresse: 31 features
2026-07-08 15:28:52,667 [INFO] Dataset : 9497 jours | 2845 positifs (30.0%) | ratio 2.3:1
2026-07-08 15:28:54,653 [INFO]   Fold  1 | RF=0.989 | GB=0.991 | pos=475
2026-07-08 15:28:58,193 [INFO]   Fold  2 | RF=0.989 | GB=0.991 | pos=471
2026-07-08 15:29:03,627 [INFO]   Fold  3 | RF=0.974 | GB=0.973 | pos=592
2026-07-08 15:29:11,581 [INFO]   Fold  4 | RF=0.995 | GB=1.000 | pos=298
2026-07-08 15:29:21,791 [INFO]   Fold  5 | RF=0.984 | GB=0.978 | pos=651
2026-07-08 15:29:21,794 [INFO]   CV AUC → RF=0.986±0.007 | GB=0.986±0.009 (5 folds utiles)
2026-07-08 15:29:21,811 [INFO]   ✅ GradientBoosting | CV AUC=0.986±0.009 | F1=0.973 | Thr=0.25 | SMOTE: 0/5 folds
2026-07-08 15:29:21,814 [INFO]   Sauvegardé : models/zonal/model_secheresse_Kribi.pkl
2026-07-08 15:29:21,816 [INFO] 
==================================================
2026-07-08 15:29:21,816 [INFO] Entraînement : Kribi / CHALEUR
2026-07-08 15:29:21,816 [INFO] ==================================================
2026-07-08 15:29:21,816 [INFO] [Features] chaleur: 28 features
2026-07-08 15:29:21,823 [INFO] Dataset : 9497 jours | 14 positifs (0.1%) | ratio 677.4:1
2026-07-08 15:29:25,430 [INFO]   Fold  4 | RF=0.587 | GB=0.501 | pos=5
2026-07-08 15:29:36,664 [INFO]   Fold  5 | RF=0.859 | GB=0.528 | pos=7
2026-07-08 15:29:36,665 [INFO]   CV AUC → RF=0.723±0.136 | GB=0.514±0.014 (2 folds utiles)
2026-07-08 15:29:36,769 [INFO]   ✅ RandomForest | CV AUC=0.723±0.136 | F1=0.000 | Thr=0.50 | SMOTE: 1/2 folds
2026-07-08 15:29:36,773 [INFO]   Sauvegardé : models/zonal/model_chaleur_Kribi.pkl
2026-07-08 15:29:36,801 [INFO] 
[Kumba] 9497 jours (2000-01-01 → 2025-12-31)
2026-07-08 15:29:36,802 [INFO] 
==================================================
2026-07-08 15:29:36,802 [INFO] Entraînement : Kumba / INONDATION
2026-07-08 15:29:36,802 [INFO] ==================================================
2026-07-08 15:29:36,802 [INFO] [Features] inondation: 23 features
2026-07-08 15:29:36,805 [INFO] Dataset : 9497 jours | 199 positifs (2.1%) | ratio 46.7:1
2026-07-08 15:29:36,807 [WARNING]   [Fold 3] Skip GB — une seule classe après sample_weight (zone=Kumba, risk=inondation, n_pos_train=0)
2026-07-08 15:29:39,938 [INFO]   Fold  4 | RF=0.644 | GB=0.494 | pos=107
2026-07-08 15:29:48,871 [INFO]   Fold  5 | RF=0.917 | GB=0.919 | pos=47
2026-07-08 15:29:48,873 [INFO]   CV AUC → RF=0.781±0.136 | GB=0.706±0.213 (2 folds utiles)
2026-07-08 15:29:49,058 [INFO]   ✅ RandomForest | CV AUC=0.781±0.136 | F1=0.293 | Thr=0.30 | SMOTE: 2/2 folds
2026-07-08 15:29:49,064 [INFO]   Sauvegardé : models/zonal/model_inondation_Kumba.pkl
2026-07-08 15:29:49,065 [INFO] 
==================================================
2026-07-08 15:29:49,066 [INFO] Entraînement : Kumba / SECHERESSE
2026-07-08 15:29:49,066 [INFO] ==================================================
2026-07-08 15:29:49,066 [INFO] [Features] secheresse: 31 features
2026-07-08 15:29:49,076 [INFO] Dataset : 9497 jours | 2908 positifs (30.6%) | ratio 2.3:1
2026-07-08 15:29:51,464 [INFO]   Fold  1 | RF=0.978 | GB=0.975 | pos=289
2026-07-08 15:29:55,074 [INFO]   Fold  2 | RF=0.977 | GB=0.991 | pos=287
2026-07-08 15:30:00,346 [INFO]   Fold  3 | RF=0.992 | GB=0.998 | pos=385
2026-07-08 15:30:08,456 [INFO]   Fold  4 | RF=0.967 | GB=0.977 | pos=889
2026-07-08 15:30:18,460 [INFO]   Fold  5 | RF=0.995 | GB=0.998 | pos=742
2026-07-08 15:30:18,462 [INFO]   CV AUC → RF=0.982±0.010 | GB=0.988±0.010 (5 folds utiles)
2026-07-08 15:30:18,479 [INFO]   ✅ GradientBoosting | CV AUC=0.988±0.010 | F1=0.984 | Thr=0.80 | SMOTE: 0/5 folds
2026-07-08 15:30:18,487 [INFO]   Sauvegardé : models/zonal/model_secheresse_Kumba.pkl
2026-07-08 15:30:18,489 [INFO] 
==================================================
2026-07-08 15:30:18,489 [INFO] Entraînement : Kumba / CHALEUR
2026-07-08 15:30:18,489 [INFO] ==================================================
2026-07-08 15:30:18,489 [INFO] [Features] chaleur: 28 features
2026-07-08 15:30:18,499 [INFO] Dataset : 9497 jours | 1631 positifs (17.2%) | ratio 4.8:1
2026-07-08 15:30:20,849 [INFO]   Fold  1 | RF=0.996 | GB=0.995 | pos=144
2026-07-08 15:30:25,076 [INFO]   Fold  2 | RF=0.975 | GB=0.984 | pos=131
2026-07-08 15:30:31,427 [INFO]   Fold  3 | RF=0.989 | GB=0.989 | pos=218
2026-07-08 15:30:40,727 [INFO]   Fold  4 | RF=0.946 | GB=0.947 | pos=367
2026-07-08 15:30:50,728 [INFO]   Fold  5 | RF=0.946 | GB=0.940 | pos=605
2026-07-08 15:30:50,729 [INFO]   CV AUC → RF=0.971±0.021 | GB=0.971±0.023 (5 folds utiles)
2026-07-08 15:30:50,751 [INFO]   ✅ GradientBoosting | CV AUC=0.971±0.023 | F1=0.846 | Thr=0.40 | SMOTE: 5/5 folds
2026-07-08 15:30:50,754 [INFO]   Sauvegardé : models/zonal/model_chaleur_Kumba.pkl
2026-07-08 15:30:50,796 [INFO] 
[Maroua] 13149 jours (1990-01-01 → 2025-12-31)
2026-07-08 15:30:50,796 [INFO] 
==================================================
2026-07-08 15:30:50,796 [INFO] Entraînement : Maroua / INONDATION
2026-07-08 15:30:50,796 [INFO] ==================================================
2026-07-08 15:30:50,796 [INFO] [Features] inondation: 23 features
2026-07-08 15:30:50,798 [INFO] Dataset : 13149 jours | 3452 positifs (26.3%) | ratio 2.8:1
2026-07-08 15:30:52,692 [INFO]   Fold  1 | RF=0.990 | GB=0.994 | pos=568
2026-07-08 15:30:56,058 [INFO]   Fold  2 | RF=0.997 | GB=0.999 | pos=477
2026-07-08 15:31:01,091 [INFO]   Fold  3 | RF=0.985 | GB=0.976 | pos=579
2026-07-08 15:31:08,054 [INFO]   Fold  4 | RF=0.998 | GB=0.999 | pos=591
2026-07-08 15:31:16,152 [INFO]   Fold  5 | RF=0.988 | GB=0.989 | pos=673
2026-07-08 15:31:16,153 [INFO]   CV AUC → RF=0.992±0.005 | GB=0.991±0.009 (5 folds utiles)
2026-07-08 15:31:16,256 [INFO]   ✅ RandomForest | CV AUC=0.992±0.005 | F1=0.933 | Thr=0.50 | SMOTE: 0/5 folds
2026-07-08 15:31:16,266 [INFO]   Sauvegardé : models/zonal/model_inondation_Maroua.pkl
2026-07-08 15:31:16,267 [INFO] 
==================================================
2026-07-08 15:31:16,267 [INFO] Entraînement : Maroua / SECHERESSE
2026-07-08 15:31:16,267 [INFO] ==================================================
2026-07-08 15:31:16,267 [INFO] [Features] secheresse: 31 features
2026-07-08 15:31:16,270 [INFO] Dataset : 13149 jours | 13063 positifs (99.3%) | ratio 0.0:1
2026-07-08 15:31:18,650 [INFO]   Fold  1 | RF=0.999 | GB=1.000 | pos=2176
2026-07-08 15:31:22,662 [INFO]   Fold  2 | RF=1.000 | GB=1.000 | pos=2180
2026-07-08 15:31:29,287 [INFO]   Fold  3 | RF=0.996 | GB=0.997 | pos=2175
2026-07-08 15:31:38,645 [INFO]   Fold  4 | RF=1.000 | GB=1.000 | pos=2184
2026-07-08 15:31:48,286 [INFO]   Fold  5 | RF=0.998 | GB=0.997 | pos=2165
2026-07-08 15:31:48,287 [INFO]   CV AUC → RF=0.998±0.001 | GB=0.999±0.001 (5 folds utiles)
2026-07-08 15:31:48,306 [INFO]   ✅ GradientBoosting | CV AUC=0.999±0.001 | F1=0.997 | Thr=0.35 | SMOTE: 0/5 folds
2026-07-08 15:31:48,310 [INFO]   Sauvegardé : models/zonal/model_secheresse_Maroua.pkl
2026-07-08 15:31:48,311 [INFO] 
==================================================
2026-07-08 15:31:48,311 [INFO] Entraînement : Maroua / CHALEUR
2026-07-08 15:31:48,311 [INFO] ==================================================
2026-07-08 15:31:48,311 [INFO] [Features] chaleur: 28 features
2026-07-08 15:31:48,314 [INFO] Dataset : 13149 jours | 7851 positifs (59.7%) | ratio 0.7:1
2026-07-08 15:31:50,396 [INFO]   Fold  1 | RF=0.994 | GB=0.995 | pos=1270
2026-07-08 15:31:54,172 [INFO]   Fold  2 | RF=0.999 | GB=0.999 | pos=1333
2026-07-08 15:31:59,589 [INFO]   Fold  3 | RF=0.999 | GB=0.999 | pos=1267
2026-07-08 15:32:06,876 [INFO]   Fold  4 | RF=0.993 | GB=0.992 | pos=1296
2026-07-08 15:32:16,970 [INFO]   Fold  5 | RF=0.999 | GB=0.999 | pos=1440
2026-07-08 15:32:16,972 [INFO]   CV AUC → RF=0.997±0.002 | GB=0.997±0.003 (5 folds utiles)
2026-07-08 15:32:16,993 [INFO]   ✅ GradientBoosting | CV AUC=0.997±0.003 | F1=0.988 | Thr=0.15 | SMOTE: 0/5 folds
2026-07-08 15:32:16,995 [INFO]   Sauvegardé : models/zonal/model_chaleur_Maroua.pkl
2026-07-08 15:32:17,046 [INFO] 
[Ngaoundere] 13149 jours (1990-01-01 → 2025-12-31)
2026-07-08 15:32:17,047 [INFO] 
==================================================
2026-07-08 15:32:17,047 [INFO] Entraînement : Ngaoundere / INONDATION
2026-07-08 15:32:17,047 [INFO] ==================================================
2026-07-08 15:32:17,047 [INFO] [Features] inondation: 23 features
2026-07-08 15:32:17,053 [INFO] Dataset : 13149 jours | 722 positifs (5.5%) | ratio 17.2:1
2026-07-08 15:32:20,502 [INFO]   Fold  1 | RF=0.986 | GB=0.995 | pos=81
2026-07-08 15:32:25,481 [INFO]   Fold  2 | RF=0.995 | GB=0.997 | pos=105
2026-07-08 15:32:32,730 [INFO]   Fold  3 | RF=0.998 | GB=0.999 | pos=114
2026-07-08 15:32:43,495 [INFO]   Fold  4 | RF=0.916 | GB=0.874 | pos=131
2026-07-08 15:32:55,422 [INFO]   Fold  5 | RF=0.833 | GB=0.830 | pos=104
2026-07-08 15:32:55,423 [INFO]   CV AUC → RF=0.946±0.064 | GB=0.939±0.072 (5 folds utiles)
2026-07-08 15:32:55,530 [INFO]   ✅ RandomForest | CV AUC=0.946±0.064 | F1=0.281 | Thr=0.55 | SMOTE: 5/5 folds
2026-07-08 15:32:55,539 [INFO]   Sauvegardé : models/zonal/model_inondation_Ngaoundere.pkl
2026-07-08 15:32:55,543 [INFO] 
==================================================
2026-07-08 15:32:55,543 [INFO] Entraînement : Ngaoundere / SECHERESSE
2026-07-08 15:32:55,543 [INFO] ==================================================
2026-07-08 15:32:55,543 [INFO] [Features] secheresse: 31 features
2026-07-08 15:32:55,562 [INFO] Dataset : 13149 jours | 12479 positifs (94.9%) | ratio 0.1:1
2026-07-08 15:32:57,753 [INFO]   Fold  1 | RF=0.496 | GB=0.503 | pos=1546
2026-07-08 15:33:02,281 [INFO]   Fold  2 | RF=0.996 | GB=0.834 | pos=2185
2026-07-08 15:33:08,933 [INFO]   Fold  3 | RF=1.000 | GB=0.995 | pos=2186
2026-07-08 15:33:17,748 [INFO]   Fold  4 | RF=1.000 | GB=0.999 | pos=2183
2026-07-08 15:33:28,951 [INFO]   Fold  5 | RF=0.999 | GB=0.999 | pos=2187
2026-07-08 15:33:28,952 [INFO]   CV AUC → RF=0.898±0.201 | GB=0.866±0.192 (5 folds utiles)
2026-07-08 15:33:29,057 [INFO]   ✅ RandomForest | CV AUC=0.898±0.201 | F1=1.000 | Thr=0.50 | SMOTE: 0/5 folds
2026-07-08 15:33:29,063 [INFO]   Sauvegardé : models/zonal/model_secheresse_Ngaoundere.pkl
2026-07-08 15:33:29,065 [INFO] 
==================================================
2026-07-08 15:33:29,065 [INFO] Entraînement : Ngaoundere / CHALEUR
2026-07-08 15:33:29,065 [INFO] ==================================================
2026-07-08 15:33:29,065 [INFO] [Features] chaleur: 28 features
2026-07-08 15:33:29,071 [INFO] Dataset : 13149 jours | 6500 positifs (49.4%) | ratio 1.0:1
2026-07-08 15:33:31,653 [INFO]   Fold  1 | RF=0.924 | GB=0.929 | pos=704
2026-07-08 15:33:35,955 [INFO]   Fold  2 | RF=0.961 | GB=0.966 | pos=1168
2026-07-08 15:33:42,336 [INFO]   Fold  3 | RF=0.975 | GB=0.980 | pos=1174
2026-07-08 15:33:50,901 [INFO]   Fold  4 | RF=0.926 | GB=0.944 | pos=1229
2026-07-08 15:34:01,605 [INFO]   Fold  5 | RF=0.907 | GB=0.934 | pos=1343
2026-07-08 15:34:01,605 [INFO]   CV AUC → RF=0.939±0.026 | GB=0.951±0.019 (5 folds utiles)
2026-07-08 15:34:01,629 [INFO]   ✅ GradientBoosting | CV AUC=0.951±0.019 | F1=0.900 | Thr=0.30 | SMOTE: 0/5 folds
2026-07-08 15:34:01,634 [INFO]   Sauvegardé : models/zonal/model_chaleur_Ngaoundere.pkl
2026-07-08 15:34:01,670 [INFO] 
[Yaounde_peri] 9497 jours (2000-01-01 → 2025-12-31)
2026-07-08 15:34:01,670 [INFO] 
==================================================
2026-07-08 15:34:01,670 [INFO] Entraînement : Yaounde_peri / INONDATION
2026-07-08 15:34:01,670 [INFO] ==================================================
2026-07-08 15:34:01,670 [INFO] [Features] inondation: 23 features
2026-07-08 15:34:01,675 [INFO] Dataset : 9497 jours | 631 positifs (6.6%) | ratio 14.1:1
2026-07-08 15:34:03,627 [INFO]   Fold  1 | RF=0.962 | GB=0.966 | pos=82
2026-07-08 15:34:07,218 [INFO]   Fold  2 | RF=0.998 | GB=1.000 | pos=51
2026-07-08 15:34:12,174 [INFO]   Fold  3 | RF=0.745 | GB=0.791 | pos=112
2026-07-08 15:34:18,918 [INFO]   Fold  4 | RF=0.890 | GB=0.847 | pos=209
2026-07-08 15:34:27,189 [INFO]   Fold  5 | RF=0.784 | GB=0.757 | pos=93
2026-07-08 15:34:27,189 [INFO]   CV AUC → RF=0.876±0.098 | GB=0.872±0.095 (5 folds utiles)
2026-07-08 15:34:27,305 [INFO]   ✅ RandomForest | CV AUC=0.876±0.098 | F1=0.407 | Thr=0.55 | SMOTE: 5/5 folds
2026-07-08 15:34:27,318 [INFO]   Sauvegardé : models/zonal/model_inondation_Yaounde_peri.pkl
2026-07-08 15:34:27,320 [INFO] 
==================================================
2026-07-08 15:34:27,320 [INFO] Entraînement : Yaounde_peri / SECHERESSE
2026-07-08 15:34:27,320 [INFO] ==================================================
2026-07-08 15:34:27,320 [INFO] [Features] secheresse: 31 features
2026-07-08 15:34:27,330 [INFO] Dataset : 9497 jours | 3002 positifs (31.6%) | ratio 2.2:1
2026-07-08 15:34:29,321 [INFO]   Fold  1 | RF=0.978 | GB=0.973 | pos=434
2026-07-08 15:34:33,044 [INFO]   Fold  2 | RF=0.977 | GB=0.995 | pos=196
2026-07-08 15:34:37,893 [INFO]   Fold  3 | RF=0.991 | GB=0.997 | pos=568
2026-07-08 15:34:44,348 [INFO]   Fold  4 | RF=0.994 | GB=0.998 | pos=510
2026-07-08 15:34:52,496 [INFO]   Fold  5 | RF=0.950 | GB=0.953 | pos=839
2026-07-08 15:34:52,496 [INFO]   CV AUC → RF=0.978±0.016 | GB=0.983±0.018 (5 folds utiles)
2026-07-08 15:34:52,519 [INFO]   ✅ GradientBoosting | CV AUC=0.983±0.018 | F1=0.896 | Thr=0.15 | SMOTE: 0/5 folds
2026-07-08 15:34:52,522 [INFO]   Sauvegardé : models/zonal/model_secheresse_Yaounde_peri.pkl
2026-07-08 15:34:52,522 [INFO] 
==================================================
2026-07-08 15:34:52,522 [INFO] Entraînement : Yaounde_peri / CHALEUR
2026-07-08 15:34:52,522 [INFO] ==================================================
2026-07-08 15:34:52,522 [INFO] [Features] chaleur: 28 features
2026-07-08 15:34:52,527 [INFO] Dataset : 9497 jours | 371 positifs (3.9%) | ratio 24.6:1
2026-07-08 15:34:54,649 [INFO]   Fold  1 | RF=0.980 | GB=0.922 | pos=44
2026-07-08 15:35:01,271 [INFO]   Fold  3 | RF=0.983 | GB=0.930 | pos=58
2026-07-08 15:35:09,948 [INFO]   Fold  4 | RF=0.755 | GB=0.574 | pos=118
2026-07-08 15:35:20,815 [INFO]   Fold  5 | RF=0.839 | GB=0.720 | pos=139
2026-07-08 15:35:20,815 [INFO]   CV AUC → RF=0.889±0.097 | GB=0.787±0.149 (4 folds utiles)
2026-07-08 15:35:20,922 [INFO]   ✅ RandomForest | CV AUC=0.889±0.097 | F1=0.429 | Thr=0.40 | SMOTE: 4/4 folds
2026-07-08 15:35:20,929 [INFO]   Sauvegardé : models/zonal/model_chaleur_Yaounde_peri.pkl
2026-07-08 18:00:50,819 [INFO] Entraînement : 8 zones × 3 risques = 24 modèles
2026-07-08 18:00:50,820 [INFO] Walk-forward : 5 folds, gap=30j, SMOTE trigger=5:1
2026-07-08 18:00:50,854 [INFO] 
[Bafoussam] 13149 jours (1990-01-01 → 2025-12-31)
2026-07-08 18:00:50,854 [INFO] 
==================================================
2026-07-08 18:00:50,854 [INFO] Entraînement : Bafoussam / INONDATION
2026-07-08 18:00:50,854 [INFO] ==================================================
2026-07-08 18:00:50,854 [INFO] [Features] inondation: 23 features
2026-07-08 18:00:50,862 [INFO] Dataset : 13149 jours | 227 positifs (1.7%) | ratio 56.9:1
2026-07-08 18:00:53,660 [INFO]   Fold  4 | RF=0.696 | GB=0.661 | pos=93
2026-07-08 18:01:05,398 [INFO]   Fold  5 | RF=0.933 | GB=0.937 | pos=131
2026-07-08 18:01:05,399 [INFO]   CV AUC → RF=0.814±0.118 | GB=0.799±0.138 (2 folds utiles)
2026-07-08 18:01:05,490 [INFO]   ✅ RandomForest | CV AUC=0.814±0.118 | F1=0.466 | Thr=0.35 | SMOTE: 1/2 folds
2026-07-08 18:01:05,495 [INFO]   Sauvegardé : models/zonal/model_inondation_Bafoussam.pkl
2026-07-08 18:01:05,496 [INFO] 
==================================================
2026-07-08 18:01:05,496 [INFO] Entraînement : Bafoussam / SECHERESSE
2026-07-08 18:01:05,496 [INFO] ==================================================
2026-07-08 18:01:05,496 [INFO] [Features] secheresse: 31 features
2026-07-08 18:01:05,506 [INFO] Dataset : 13149 jours | 5317 positifs (40.4%) | ratio 1.5:1
2026-07-08 18:01:07,882 [INFO]   Fold  1 | RF=0.992 | GB=0.995 | pos=854
2026-07-08 18:01:12,352 [INFO]   Fold  2 | RF=0.999 | GB=0.999 | pos=902
2026-07-08 18:01:18,934 [INFO]   Fold  3 | RF=0.997 | GB=0.999 | pos=969
2026-07-08 18:01:27,697 [INFO]   Fold  4 | RF=0.997 | GB=1.000 | pos=877
2026-07-08 18:01:38,728 [INFO]   Fold  5 | RF=0.994 | GB=0.997 | pos=996
2026-07-08 18:01:38,730 [INFO]   CV AUC → RF=0.996±0.003 | GB=0.998±0.002 (5 folds utiles)
2026-07-08 18:01:38,750 [INFO]   ✅ GradientBoosting | CV AUC=0.998±0.002 | F1=0.979 | Thr=0.35 | SMOTE: 0/5 folds
2026-07-08 18:01:38,755 [INFO]   Sauvegardé : models/zonal/model_secheresse_Bafoussam.pkl
2026-07-08 18:01:38,756 [INFO] 
==================================================
2026-07-08 18:01:38,756 [INFO] Entraînement : Bafoussam / CHALEUR
2026-07-08 18:01:38,757 [INFO] ==================================================
2026-07-08 18:01:38,757 [INFO] [Features] chaleur: 28 features
2026-07-08 18:01:38,765 [INFO] Dataset : 13149 jours | 2173 positifs (16.5%) | ratio 5.1:1
2026-07-08 18:01:41,532 [INFO]   Fold  1 | RF=0.987 | GB=0.983 | pos=325
2026-07-08 18:01:46,621 [INFO]   Fold  2 | RF=0.992 | GB=0.987 | pos=374
2026-07-08 18:01:54,029 [INFO]   Fold  3 | RF=0.990 | GB=0.990 | pos=391
2026-07-08 18:02:03,716 [INFO]   Fold  4 | RF=0.968 | GB=0.971 | pos=415
2026-07-08 18:02:15,788 [INFO]   Fold  5 | RF=0.963 | GB=0.960 | pos=458
2026-07-08 18:02:15,790 [INFO]   CV AUC → RF=0.980±0.012 | GB=0.978±0.011 (5 folds utiles)
2026-07-08 18:02:15,907 [INFO]   ✅ RandomForest | CV AUC=0.980±0.012 | F1=0.836 | Thr=0.50 | SMOTE: 5/5 folds
2026-07-08 18:02:15,922 [INFO]   Sauvegardé : models/zonal/model_chaleur_Bafoussam.pkl
2026-07-08 18:02:15,946 [INFO] 
[Ebolowa] 9497 jours (2000-01-01 → 2025-12-31)
2026-07-08 18:02:15,946 [INFO] 
==================================================
2026-07-08 18:02:15,946 [INFO] Entraînement : Ebolowa / INONDATION
2026-07-08 18:02:15,946 [INFO] ==================================================
2026-07-08 18:02:15,946 [INFO] [Features] inondation: 23 features
2026-07-08 18:02:15,951 [INFO] Dataset : 9497 jours | 182 positifs (1.9%) | ratio 51.2:1
2026-07-08 18:02:15,954 [WARNING]   [Fold 4] Skip GB — une seule classe après sample_weight (zone=Ebolowa, risk=inondation, n_pos_train=0)
2026-07-08 18:02:22,368 [INFO]   Fold  5 | RF=0.885 | GB=0.879 | pos=89
2026-07-08 18:02:22,368 [INFO]   CV AUC → RF=0.885±0.000 | GB=0.879±0.000 (1 folds utiles)
2026-07-08 18:02:22,466 [INFO]   ✅ RandomForest | CV AUC=0.885±0.000 | F1=0.348 | Thr=0.45 | SMOTE: 1/1 folds
2026-07-08 18:02:22,471 [INFO]   Sauvegardé : models/zonal/model_inondation_Ebolowa.pkl
2026-07-08 18:02:22,472 [INFO] 
==================================================
2026-07-08 18:02:22,472 [INFO] Entraînement : Ebolowa / SECHERESSE
2026-07-08 18:02:22,472 [INFO] ==================================================
2026-07-08 18:02:22,472 [INFO] [Features] secheresse: 31 features
2026-07-08 18:02:22,477 [INFO] Dataset : 9497 jours | 2007 positifs (21.1%) | ratio 3.7:1
2026-07-08 18:02:24,507 [INFO]   Fold  1 | RF=0.997 | GB=0.998 | pos=286
2026-07-08 18:02:27,921 [INFO]   Fold  2 | RF=0.999 | GB=0.999 | pos=237
2026-07-08 18:02:32,931 [INFO]   Fold  3 | RF=0.999 | GB=0.999 | pos=430
2026-07-08 18:02:39,504 [INFO]   Fold  4 | RF=0.963 | GB=0.951 | pos=221
2026-07-08 18:02:47,487 [INFO]   Fold  5 | RF=0.967 | GB=0.972 | pos=565
2026-07-08 18:02:47,488 [INFO]   CV AUC → RF=0.985±0.016 | GB=0.984±0.019 (5 folds utiles)
2026-07-08 18:02:47,591 [INFO]   ✅ RandomForest | CV AUC=0.985±0.016 | F1=0.878 | Thr=0.20 | SMOTE: 1/5 folds
2026-07-08 18:02:47,597 [INFO]   Sauvegardé : models/zonal/model_secheresse_Ebolowa.pkl
2026-07-08 18:02:47,598 [INFO] 
==================================================
2026-07-08 18:02:47,598 [INFO] Entraînement : Ebolowa / CHALEUR
2026-07-08 18:02:47,598 [INFO] ==================================================
2026-07-08 18:02:47,598 [INFO] [Features] chaleur: 28 features
2026-07-08 18:02:47,606 [INFO] Dataset : 9497 jours | 403 positifs (4.2%) | ratio 22.6:1
2026-07-08 18:02:49,259 [INFO]   Fold  1 | RF=0.955 | GB=0.937 | pos=41
2026-07-08 18:02:53,629 [INFO]   Fold  2 | RF=0.928 | GB=0.924 | pos=6
2026-07-08 18:03:00,255 [INFO]   Fold  3 | RF=0.975 | GB=0.939 | pos=33
2026-07-08 18:03:09,083 [INFO]   Fold  4 | RF=0.983 | GB=0.895 | pos=26
2026-07-08 18:03:20,096 [INFO]   Fold  5 | RF=0.856 | GB=0.864 | pos=293
2026-07-08 18:03:20,097 [INFO]   CV AUC → RF=0.939±0.046 | GB=0.912±0.029 (5 folds utiles)
2026-07-08 18:03:20,200 [INFO]   ✅ RandomForest | CV AUC=0.939±0.046 | F1=0.665 | Thr=0.40 | SMOTE: 4/5 folds
2026-07-08 18:03:20,205 [INFO]   Sauvegardé : models/zonal/model_chaleur_Ebolowa.pkl
2026-07-08 18:03:20,231 [INFO] 
[Garoua] 13149 jours (1990-01-01 → 2025-12-31)
2026-07-08 18:03:20,231 [INFO] 
==================================================
2026-07-08 18:03:20,231 [INFO] Entraînement : Garoua / INONDATION
2026-07-08 18:03:20,231 [INFO] ==================================================
2026-07-08 18:03:20,231 [INFO] [Features] inondation: 23 features
2026-07-08 18:03:20,236 [INFO] Dataset : 13149 jours | 1506 positifs (11.5%) | ratio 7.7:1
2026-07-08 18:03:22,116 [INFO]   Fold  1 | RF=0.998 | GB=0.999 | pos=412
2026-07-08 18:03:25,497 [INFO]   Fold  2 | RF=1.000 | GB=1.000 | pos=388
2026-07-08 18:03:30,408 [INFO]   Fold  3 | RF=0.159 | GB=0.141 | pos=46
2026-07-08 18:03:37,717 [INFO]   Fold  5 | RF=0.914 | GB=0.904 | pos=222
2026-07-08 18:03:37,719 [INFO]   CV AUC → RF=0.768±0.353 | GB=0.761±0.360 (4 folds utiles)
2026-07-08 18:03:37,810 [INFO]   ✅ RandomForest | CV AUC=0.768±0.353 | F1=0.720 | Thr=0.60 | SMOTE: 1/4 folds
2026-07-08 18:03:37,819 [INFO]   Sauvegardé : models/zonal/model_inondation_Garoua.pkl
2026-07-08 18:03:37,820 [INFO] 
==================================================
2026-07-08 18:03:37,820 [INFO] Entraînement : Garoua / SECHERESSE
2026-07-08 18:03:37,820 [INFO] ==================================================
2026-07-08 18:03:37,820 [INFO] [Features] secheresse: 31 features
2026-07-08 18:03:37,830 [INFO] Dataset : 13149 jours | 7889 positifs (60.0%) | ratio 0.7:1
2026-07-08 18:03:40,227 [INFO]   Fold  1 | RF=0.995 | GB=0.996 | pos=2182
2026-07-08 18:03:44,825 [INFO]   Fold  2 | RF=0.998 | GB=0.998 | pos=2188
2026-07-08 18:03:51,230 [INFO]   Fold  3 | RF=0.505 | GB=0.724 | pos=87
2026-07-08 18:03:58,771 [INFO]   Fold  4 | RF=0.466 | GB=0.502 | pos=364
2026-07-08 18:04:07,404 [INFO]   Fold  5 | RF=0.960 | GB=0.955 | pos=881
2026-07-08 18:04:07,404 [INFO]   CV AUC → RF=0.785±0.245 | GB=0.835±0.195 (5 folds utiles)
2026-07-08 18:04:07,423 [INFO]   ✅ GradientBoosting | CV AUC=0.835±0.195 | F1=0.906 | Thr=0.70 | SMOTE: 0/5 folds
2026-07-08 18:04:07,426 [INFO]   Sauvegardé : models/zonal/model_secheresse_Garoua.pkl
2026-07-08 18:04:07,427 [INFO] 
==================================================
2026-07-08 18:04:07,427 [INFO] Entraînement : Garoua / CHALEUR
2026-07-08 18:04:07,427 [INFO] ==================================================
2026-07-08 18:04:07,427 [INFO] [Features] chaleur: 28 features
2026-07-08 18:04:07,432 [INFO] Dataset : 13149 jours | 5032 positifs (38.3%) | ratio 1.6:1
2026-07-08 18:04:09,604 [INFO]   Fold  1 | RF=0.995 | GB=0.996 | pos=1359
2026-07-08 18:04:13,551 [INFO]   Fold  2 | RF=0.990 | GB=0.994 | pos=1527
2026-07-08 18:04:19,257 [INFO]   Fold  3 | RF=0.999 | GB=0.422 | pos=4
2026-07-08 18:04:26,355 [INFO]   Fold  4 | RF=0.369 | GB=0.224 | pos=92
2026-07-08 18:04:34,403 [INFO]   Fold  5 | RF=0.977 | GB=0.973 | pos=626
2026-07-08 18:04:34,404 [INFO]   CV AUC → RF=0.866±0.249 | GB=0.722±0.332 (5 folds utiles)
2026-07-08 18:04:34,506 [INFO]   ✅ RandomForest | CV AUC=0.866±0.249 | F1=0.910 | Thr=0.40 | SMOTE: 0/5 folds
2026-07-08 18:04:34,520 [INFO]   Sauvegardé : models/zonal/model_chaleur_Garoua.pkl
2026-07-08 18:04:34,541 [INFO] 
[Kribi] 9497 jours (2000-01-01 → 2025-12-31)
2026-07-08 18:04:34,541 [INFO] 
==================================================
2026-07-08 18:04:34,541 [INFO] Entraînement : Kribi / INONDATION
2026-07-08 18:04:34,541 [INFO] ==================================================
2026-07-08 18:04:34,541 [INFO] [Features] inondation: 23 features
2026-07-08 18:04:34,543 [INFO] Dataset : 9497 jours | 1741 positifs (18.3%) | ratio 4.5:1
2026-07-08 18:04:36,220 [INFO]   Fold  1 | RF=0.991 | GB=0.997 | pos=270
2026-07-08 18:04:39,237 [INFO]   Fold  2 | RF=0.995 | GB=0.998 | pos=219
2026-07-08 18:04:44,115 [INFO]   Fold  3 | RF=0.992 | GB=0.999 | pos=200
2026-07-08 18:04:54,619 [INFO]   Fold  4 | RF=0.926 | GB=0.916 | pos=495
2026-07-08 18:05:01,989 [INFO]   Fold  5 | RF=0.947 | GB=0.964 | pos=294
2026-07-08 18:05:01,992 [INFO]   CV AUC → RF=0.970±0.028 | GB=0.975±0.032 (5 folds utiles)
2026-07-08 18:05:02,013 [INFO]   ✅ GradientBoosting | CV AUC=0.975±0.032 | F1=0.875 | Thr=0.80 | SMOTE: 3/5 folds
2026-07-08 18:05:02,020 [INFO]   Sauvegardé : models/zonal/model_inondation_Kribi.pkl
2026-07-08 18:05:02,023 [INFO] 
==================================================
2026-07-08 18:05:02,023 [INFO] Entraînement : Kribi / SECHERESSE
2026-07-08 18:05:02,023 [INFO] ==================================================
2026-07-08 18:05:02,023 [INFO] [Features] secheresse: 31 features
2026-07-08 18:05:02,032 [INFO] Dataset : 9497 jours | 2845 positifs (30.0%) | ratio 2.3:1
2026-07-08 18:05:04,132 [INFO]   Fold  1 | RF=0.989 | GB=0.991 | pos=475
2026-07-08 18:05:07,824 [INFO]   Fold  2 | RF=0.989 | GB=0.991 | pos=471
2026-07-08 18:05:13,254 [INFO]   Fold  3 | RF=0.974 | GB=0.973 | pos=592
2026-07-08 18:05:20,279 [INFO]   Fold  4 | RF=0.995 | GB=1.000 | pos=298
2026-07-08 18:05:28,970 [INFO]   Fold  5 | RF=0.984 | GB=0.978 | pos=651
2026-07-08 18:05:28,970 [INFO]   CV AUC → RF=0.986±0.007 | GB=0.986±0.009 (5 folds utiles)
2026-07-08 18:05:28,990 [INFO]   ✅ GradientBoosting | CV AUC=0.986±0.009 | F1=0.973 | Thr=0.25 | SMOTE: 0/5 folds
2026-07-08 18:05:28,999 [INFO]   Sauvegardé : models/zonal/model_secheresse_Kribi.pkl
2026-07-08 18:05:29,000 [INFO] 
==================================================
2026-07-08 18:05:29,000 [INFO] Entraînement : Kribi / CHALEUR
2026-07-08 18:05:29,001 [INFO] ==================================================
2026-07-08 18:05:29,001 [INFO] [Features] chaleur: 28 features
2026-07-08 18:05:29,003 [INFO] Dataset : 9497 jours | 14 positifs (0.1%) | ratio 677.4:1
2026-07-08 18:05:32,584 [INFO]   Fold  4 | RF=0.587 | GB=0.501 | pos=5
2026-07-08 18:05:43,245 [INFO]   Fold  5 | RF=0.859 | GB=0.528 | pos=7
2026-07-08 18:05:43,246 [INFO]   CV AUC → RF=0.723±0.136 | GB=0.514±0.014 (2 folds utiles)
2026-07-08 18:05:43,340 [INFO]   ✅ RandomForest | CV AUC=0.723±0.136 | F1=0.000 | Thr=0.50 | SMOTE: 1/2 folds
2026-07-08 18:05:43,345 [INFO]   Sauvegardé : models/zonal/model_chaleur_Kribi.pkl
2026-07-08 18:05:43,385 [INFO] 
[Kumba] 9497 jours (2000-01-01 → 2025-12-31)
2026-07-08 18:05:43,385 [INFO] 
==================================================
2026-07-08 18:05:43,385 [INFO] Entraînement : Kumba / INONDATION
2026-07-08 18:05:43,385 [INFO] ==================================================
2026-07-08 18:05:43,385 [INFO] [Features] inondation: 23 features
2026-07-08 18:05:43,387 [INFO] Dataset : 9497 jours | 199 positifs (2.1%) | ratio 46.7:1
2026-07-08 18:05:43,388 [WARNING]   [Fold 3] Skip GB — une seule classe après sample_weight (zone=Kumba, risk=inondation, n_pos_train=0)
2026-07-08 18:05:46,556 [INFO]   Fold  4 | RF=0.644 | GB=0.494 | pos=107
2026-07-08 18:05:54,890 [INFO]   Fold  5 | RF=0.917 | GB=0.919 | pos=47
2026-07-08 18:05:54,891 [INFO]   CV AUC → RF=0.781±0.136 | GB=0.706±0.213 (2 folds utiles)
2026-07-08 18:05:54,991 [INFO]   ✅ RandomForest | CV AUC=0.781±0.136 | F1=0.293 | Thr=0.30 | SMOTE: 2/2 folds
2026-07-08 18:05:54,996 [INFO]   Sauvegardé : models/zonal/model_inondation_Kumba.pkl
2026-07-08 18:05:54,997 [INFO] 
==================================================
2026-07-08 18:05:54,997 [INFO] Entraînement : Kumba / SECHERESSE
2026-07-08 18:05:54,997 [INFO] ==================================================
2026-07-08 18:05:54,997 [INFO] [Features] secheresse: 31 features
2026-07-08 18:05:54,999 [INFO] Dataset : 9497 jours | 2908 positifs (30.6%) | ratio 2.3:1
2026-07-08 18:05:57,020 [INFO]   Fold  1 | RF=0.978 | GB=0.975 | pos=289
2026-07-08 18:06:00,507 [INFO]   Fold  2 | RF=0.977 | GB=0.991 | pos=287
2026-07-08 18:06:05,779 [INFO]   Fold  3 | RF=0.992 | GB=0.998 | pos=385
2026-07-08 18:06:12,691 [INFO]   Fold  4 | RF=0.967 | GB=0.977 | pos=889
2026-07-08 18:06:21,447 [INFO]   Fold  5 | RF=0.995 | GB=0.998 | pos=742
2026-07-08 18:06:21,448 [INFO]   CV AUC → RF=0.982±0.010 | GB=0.988±0.010 (5 folds utiles)
2026-07-08 18:06:21,466 [INFO]   ✅ GradientBoosting | CV AUC=0.988±0.010 | F1=0.984 | Thr=0.80 | SMOTE: 0/5 folds
2026-07-08 18:06:21,470 [INFO]   Sauvegardé : models/zonal/model_secheresse_Kumba.pkl
2026-07-08 18:06:21,471 [INFO] 
==================================================
2026-07-08 18:06:21,471 [INFO] Entraînement : Kumba / CHALEUR
2026-07-08 18:06:21,471 [INFO] ==================================================
2026-07-08 18:06:21,471 [INFO] [Features] chaleur: 28 features
2026-07-08 18:06:21,478 [INFO] Dataset : 9497 jours | 1631 positifs (17.2%) | ratio 4.8:1
2026-07-08 18:06:23,696 [INFO]   Fold  1 | RF=0.996 | GB=0.995 | pos=144
2026-07-08 18:06:27,735 [INFO]   Fold  2 | RF=0.975 | GB=0.984 | pos=131
2026-07-08 18:06:33,896 [INFO]   Fold  3 | RF=0.989 | GB=0.989 | pos=218
2026-07-08 18:06:41,973 [INFO]   Fold  4 | RF=0.946 | GB=0.947 | pos=367
2026-07-08 18:06:51,720 [INFO]   Fold  5 | RF=0.946 | GB=0.940 | pos=605
2026-07-08 18:06:51,721 [INFO]   CV AUC → RF=0.971±0.021 | GB=0.971±0.023 (5 folds utiles)
2026-07-08 18:06:51,744 [INFO]   ✅ GradientBoosting | CV AUC=0.971±0.023 | F1=0.846 | Thr=0.40 | SMOTE: 5/5 folds
2026-07-08 18:06:51,748 [INFO]   Sauvegardé : models/zonal/model_chaleur_Kumba.pkl
2026-07-08 18:06:51,783 [INFO] 
[Maroua] 13149 jours (1990-01-01 → 2025-12-31)
2026-07-08 18:06:51,783 [INFO] 
==================================================
2026-07-08 18:06:51,783 [INFO] Entraînement : Maroua / INONDATION
2026-07-08 18:06:51,783 [INFO] ==================================================
2026-07-08 18:06:51,783 [INFO] [Features] inondation: 23 features
2026-07-08 18:06:51,786 [INFO] Dataset : 13149 jours | 3452 positifs (26.3%) | ratio 2.8:1
2026-07-08 18:06:53,765 [INFO]   Fold  1 | RF=0.990 | GB=0.994 | pos=568
2026-07-08 18:06:57,158 [INFO]   Fold  2 | RF=0.997 | GB=0.999 | pos=477
2026-07-08 18:07:02,198 [INFO]   Fold  3 | RF=0.985 | GB=0.976 | pos=579
2026-07-08 18:07:08,753 [INFO]   Fold  4 | RF=0.998 | GB=0.999 | pos=591
2026-07-08 18:07:16,837 [INFO]   Fold  5 | RF=0.988 | GB=0.989 | pos=673
2026-07-08 18:07:16,839 [INFO]   CV AUC → RF=0.992±0.005 | GB=0.991±0.009 (5 folds utiles)
2026-07-08 18:07:16,965 [INFO]   ✅ RandomForest | CV AUC=0.992±0.005 | F1=0.933 | Thr=0.50 | SMOTE: 0/5 folds
2026-07-08 18:07:16,974 [INFO]   Sauvegardé : models/zonal/model_inondation_Maroua.pkl
2026-07-08 18:07:16,976 [INFO] 
==================================================
2026-07-08 18:07:16,976 [INFO] Entraînement : Maroua / SECHERESSE
2026-07-08 18:07:16,976 [INFO] ==================================================
2026-07-08 18:07:16,976 [INFO] [Features] secheresse: 31 features
2026-07-08 18:07:16,980 [INFO] Dataset : 13149 jours | 13063 positifs (99.3%) | ratio 0.0:1
2026-07-08 18:07:19,517 [INFO]   Fold  1 | RF=0.999 | GB=1.000 | pos=2176
2026-07-08 18:07:23,196 [INFO]   Fold  2 | RF=1.000 | GB=1.000 | pos=2180
2026-07-08 18:07:29,330 [INFO]   Fold  3 | RF=0.996 | GB=0.997 | pos=2175
2026-07-08 18:07:37,607 [INFO]   Fold  4 | RF=1.000 | GB=1.000 | pos=2184
2026-07-08 18:07:47,022 [INFO]   Fold  5 | RF=0.998 | GB=0.997 | pos=2165
2026-07-08 18:07:47,023 [INFO]   CV AUC → RF=0.998±0.001 | GB=0.999±0.001 (5 folds utiles)
2026-07-08 18:07:47,053 [INFO]   ✅ GradientBoosting | CV AUC=0.999±0.001 | F1=0.997 | Thr=0.35 | SMOTE: 0/5 folds
2026-07-08 18:07:47,056 [INFO]   Sauvegardé : models/zonal/model_secheresse_Maroua.pkl
2026-07-08 18:07:47,058 [INFO] 
==================================================
2026-07-08 18:07:47,058 [INFO] Entraînement : Maroua / CHALEUR
2026-07-08 18:07:47,058 [INFO] ==================================================
2026-07-08 18:07:47,058 [INFO] [Features] chaleur: 28 features
2026-07-08 18:07:47,062 [INFO] Dataset : 13149 jours | 7851 positifs (59.7%) | ratio 0.7:1
2026-07-08 18:07:49,190 [INFO]   Fold  1 | RF=0.994 | GB=0.995 | pos=1270
2026-07-08 18:07:52,907 [INFO]   Fold  2 | RF=0.999 | GB=0.999 | pos=1333
2026-07-08 18:07:58,269 [INFO]   Fold  3 | RF=0.999 | GB=0.999 | pos=1267
2026-07-08 18:08:05,270 [INFO]   Fold  4 | RF=0.993 | GB=0.992 | pos=1296
2026-07-08 18:08:14,646 [INFO]   Fold  5 | RF=0.999 | GB=0.999 | pos=1440
2026-07-08 18:08:14,647 [INFO]   CV AUC → RF=0.997±0.002 | GB=0.997±0.003 (5 folds utiles)
2026-07-08 18:08:14,671 [INFO]   ✅ GradientBoosting | CV AUC=0.997±0.003 | F1=0.988 | Thr=0.15 | SMOTE: 0/5 folds
2026-07-08 18:08:14,694 [INFO]   Sauvegardé : models/zonal/model_chaleur_Maroua.pkl
2026-07-08 18:08:14,725 [INFO] 
[Ngaoundere] 13149 jours (1990-01-01 → 2025-12-31)
2026-07-08 18:08:14,726 [INFO] 
==================================================
2026-07-08 18:08:14,726 [INFO] Entraînement : Ngaoundere / INONDATION
2026-07-08 18:08:14,726 [INFO] ==================================================
2026-07-08 18:08:14,726 [INFO] [Features] inondation: 23 features
2026-07-08 18:08:14,733 [INFO] Dataset : 13149 jours | 722 positifs (5.5%) | ratio 17.2:1
2026-07-08 18:08:17,206 [INFO]   Fold  1 | RF=0.986 | GB=0.995 | pos=81
2026-07-08 18:08:21,614 [INFO]   Fold  2 | RF=0.995 | GB=0.997 | pos=105
2026-07-08 18:08:28,323 [INFO]   Fold  3 | RF=0.998 | GB=0.999 | pos=114
2026-07-08 18:08:37,495 [INFO]   Fold  4 | RF=0.916 | GB=0.874 | pos=131
2026-07-08 18:08:49,281 [INFO]   Fold  5 | RF=0.833 | GB=0.830 | pos=104
2026-07-08 18:08:49,283 [INFO]   CV AUC → RF=0.946±0.064 | GB=0.939±0.072 (5 folds utiles)
2026-07-08 18:08:49,600 [INFO]   ✅ RandomForest | CV AUC=0.946±0.064 | F1=0.281 | Thr=0.55 | SMOTE: 5/5 folds
2026-07-08 18:08:49,660 [INFO]   Sauvegardé : models/zonal/model_inondation_Ngaoundere.pkl
2026-07-08 18:08:49,662 [INFO] 
==================================================
2026-07-08 18:08:49,662 [INFO] Entraînement : Ngaoundere / SECHERESSE
2026-07-08 18:08:49,662 [INFO] ==================================================
2026-07-08 18:08:49,662 [INFO] [Features] secheresse: 31 features
2026-07-08 18:08:49,671 [INFO] Dataset : 13149 jours | 12479 positifs (94.9%) | ratio 0.1:1
2026-07-08 18:08:51,751 [INFO]   Fold  1 | RF=0.496 | GB=0.503 | pos=1546
2026-07-08 18:08:56,083 [INFO]   Fold  2 | RF=0.996 | GB=0.834 | pos=2185
2026-07-08 18:09:02,729 [INFO]   Fold  3 | RF=1.000 | GB=0.995 | pos=2186
2026-07-08 18:09:12,575 [INFO]   Fold  4 | RF=1.000 | GB=0.999 | pos=2183
2026-07-08 18:09:24,015 [INFO]   Fold  5 | RF=0.999 | GB=0.999 | pos=2187
2026-07-08 18:09:24,016 [INFO]   CV AUC → RF=0.898±0.201 | GB=0.866±0.192 (5 folds utiles)
2026-07-08 18:09:24,107 [INFO]   ✅ RandomForest | CV AUC=0.898±0.201 | F1=1.000 | Thr=0.50 | SMOTE: 0/5 folds
2026-07-08 18:09:24,112 [INFO]   Sauvegardé : models/zonal/model_secheresse_Ngaoundere.pkl
2026-07-08 18:09:24,112 [INFO] 
==================================================
2026-07-08 18:09:24,113 [INFO] Entraînement : Ngaoundere / CHALEUR
2026-07-08 18:09:24,113 [INFO] ==================================================
2026-07-08 18:09:24,113 [INFO] [Features] chaleur: 28 features
2026-07-08 18:09:24,127 [INFO] Dataset : 13149 jours | 6500 positifs (49.4%) | ratio 1.0:1
2026-07-08 18:09:26,857 [INFO]   Fold  1 | RF=0.924 | GB=0.929 | pos=704
2026-07-08 18:09:31,709 [INFO]   Fold  2 | RF=0.961 | GB=0.966 | pos=1168
2026-07-08 18:09:39,398 [INFO]   Fold  3 | RF=0.975 | GB=0.980 | pos=1174
2026-07-08 18:09:48,572 [INFO]   Fold  4 | RF=0.926 | GB=0.944 | pos=1229
2026-07-08 18:09:59,733 [INFO]   Fold  5 | RF=0.907 | GB=0.934 | pos=1343
2026-07-08 18:09:59,735 [INFO]   CV AUC → RF=0.939±0.026 | GB=0.951±0.019 (5 folds utiles)
2026-07-08 18:09:59,757 [INFO]   ✅ GradientBoosting | CV AUC=0.951±0.019 | F1=0.900 | Thr=0.30 | SMOTE: 0/5 folds
2026-07-08 18:09:59,762 [INFO]   Sauvegardé : models/zonal/model_chaleur_Ngaoundere.pkl
2026-07-08 18:09:59,803 [INFO] 
[Yaounde_peri] 9497 jours (2000-01-01 → 2025-12-31)
2026-07-08 18:09:59,803 [INFO] 
==================================================
2026-07-08 18:09:59,803 [INFO] Entraînement : Yaounde_peri / INONDATION
2026-07-08 18:09:59,803 [INFO] ==================================================
2026-07-08 18:09:59,803 [INFO] [Features] inondation: 23 features
2026-07-08 18:09:59,809 [INFO] Dataset : 9497 jours | 631 positifs (6.6%) | ratio 14.1:1
2026-07-08 18:10:01,778 [INFO]   Fold  1 | RF=0.962 | GB=0.966 | pos=82
2026-07-08 18:10:05,628 [INFO]   Fold  2 | RF=0.998 | GB=1.000 | pos=51
2026-07-08 18:10:10,826 [INFO]   Fold  3 | RF=0.745 | GB=0.791 | pos=112
2026-07-08 18:10:17,799 [INFO]   Fold  4 | RF=0.890 | GB=0.847 | pos=209
2026-07-08 18:10:26,303 [INFO]   Fold  5 | RF=0.784 | GB=0.757 | pos=93
2026-07-08 18:10:26,304 [INFO]   CV AUC → RF=0.876±0.098 | GB=0.872±0.095 (5 folds utiles)
2026-07-08 18:10:26,421 [INFO]   ✅ RandomForest | CV AUC=0.876±0.098 | F1=0.407 | Thr=0.55 | SMOTE: 5/5 folds
2026-07-08 18:10:26,430 [INFO]   Sauvegardé : models/zonal/model_inondation_Yaounde_peri.pkl
2026-07-08 18:10:26,431 [INFO] 
==================================================
2026-07-08 18:10:26,431 [INFO] Entraînement : Yaounde_peri / SECHERESSE
2026-07-08 18:10:26,431 [INFO] ==================================================
2026-07-08 18:10:26,431 [INFO] [Features] secheresse: 31 features
2026-07-08 18:10:26,440 [INFO] Dataset : 9497 jours | 3002 positifs (31.6%) | ratio 2.2:1
2026-07-08 18:10:28,360 [INFO]   Fold  1 | RF=0.978 | GB=0.973 | pos=434
2026-07-08 18:10:31,963 [INFO]   Fold  2 | RF=0.977 | GB=0.995 | pos=196
2026-07-08 18:10:36,940 [INFO]   Fold  3 | RF=0.991 | GB=0.997 | pos=568
2026-07-08 18:10:43,627 [INFO]   Fold  4 | RF=0.994 | GB=0.998 | pos=510
2026-07-08 18:10:52,367 [INFO]   Fold  5 | RF=0.950 | GB=0.953 | pos=839
2026-07-08 18:10:52,369 [INFO]   CV AUC → RF=0.978±0.016 | GB=0.983±0.018 (5 folds utiles)
2026-07-08 18:10:52,388 [INFO]   ✅ GradientBoosting | CV AUC=0.983±0.018 | F1=0.896 | Thr=0.15 | SMOTE: 0/5 folds
2026-07-08 18:10:52,391 [INFO]   Sauvegardé : models/zonal/model_secheresse_Yaounde_peri.pkl
2026-07-08 18:10:52,392 [INFO] 
==================================================
2026-07-08 18:10:52,392 [INFO] Entraînement : Yaounde_peri / CHALEUR
2026-07-08 18:10:52,392 [INFO] ==================================================
2026-07-08 18:10:52,392 [INFO] [Features] chaleur: 28 features
2026-07-08 18:10:52,400 [INFO] Dataset : 9497 jours | 371 positifs (3.9%) | ratio 24.6:1
2026-07-08 18:10:54,580 [INFO]   Fold  1 | RF=0.980 | GB=0.922 | pos=44
2026-07-08 18:11:01,012 [INFO]   Fold  3 | RF=0.983 | GB=0.930 | pos=58
2026-07-08 18:11:09,715 [INFO]   Fold  4 | RF=0.755 | GB=0.574 | pos=118
2026-07-08 18:11:20,693 [INFO]   Fold  5 | RF=0.839 | GB=0.720 | pos=139
2026-07-08 18:11:20,693 [INFO]   CV AUC → RF=0.889±0.097 | GB=0.787±0.149 (4 folds utiles)
2026-07-08 18:11:20,795 [INFO]   ✅ RandomForest | CV AUC=0.889±0.097 | F1=0.429 | Thr=0.40 | SMOTE: 4/4 folds
2026-07-08 18:11:20,800 [INFO]   Sauvegardé : models/zonal/model_chaleur_Yaounde_peri.pkl
2026-07-10 13:17:11,797 [INFO] Entraînement : 1 zones × 1 risques = 1 modèles
2026-07-10 13:17:11,798 [INFO] Walk-forward : 5 folds, gap=30j, SMOTE trigger=5:1
2026-07-10 13:17:11,827 [INFO] 
[Maroua] 13162 jours (1990-01-01 → 2026-07-07)
2026-07-10 13:17:11,828 [INFO] 
==================================================
2026-07-10 13:17:11,828 [INFO] Entraînement : Maroua / SECHERESSE
2026-07-10 13:17:11,828 [INFO] ==================================================
2026-07-10 13:17:11,828 [INFO] [Features] secheresse: 31 features
2026-07-10 13:17:11,832 [INFO] Dataset : 13162 jours | 4260 positifs (32.4%) | ratio 2.1:1
2026-07-10 13:17:14,116 [INFO]   Fold  1 | RF=0.994 | GB=0.999 | pos=671
2026-07-10 13:17:18,259 [INFO]   Fold  2 | RF=0.980 | GB=0.981 | pos=696
2026-07-10 13:17:24,337 [INFO]   Fold  3 | RF=0.998 | GB=1.000 | pos=663
2026-07-10 13:17:32,397 [INFO]   Fold  4 | RF=0.887 | GB=0.895 | pos=911
2026-07-10 13:17:42,766 [INFO]   Fold  5 | RF=0.951 | GB=0.968 | pos=891
2026-07-10 13:17:42,767 [INFO]   CV AUC → RF=0.962±0.041 | GB=0.968±0.039 (5 folds utiles)
2026-07-10 13:17:42,786 [INFO]   ✅ GradientBoosting | CV AUC=0.968±0.039 | F1=0.935 | Thr=0.80 | SMOTE: 0/5 folds
2026-07-10 13:17:42,789 [INFO]   Sauvegardé : models/zonal/model_secheresse_Maroua.pkl
2026-07-10 13:18:29,403 [INFO] Entraînement : 8 zones × 3 risques = 24 modèles
2026-07-10 13:18:29,403 [INFO] Walk-forward : 5 folds, gap=30j, SMOTE trigger=5:1
2026-07-10 13:18:29,436 [INFO] 
[Bafoussam] 13162 jours (1990-01-01 → 2026-07-07)
2026-07-10 13:18:29,436 [INFO] 
==================================================
2026-07-10 13:18:29,436 [INFO] Entraînement : Bafoussam / INONDATION
2026-07-10 13:18:29,436 [INFO] ==================================================
2026-07-10 13:18:29,436 [INFO] [Features] inondation: 23 features
2026-07-10 13:18:29,439 [INFO] Dataset : 13162 jours | 227 positifs (1.7%) | ratio 57.0:1
2026-07-10 13:18:31,827 [INFO]   Fold  4 | RF=0.702 | GB=0.674 | pos=93
2026-07-10 13:18:43,793 [INFO]   Fold  5 | RF=0.936 | GB=0.927 | pos=131
2026-07-10 13:18:43,794 [INFO]   CV AUC → RF=0.819±0.117 | GB=0.800±0.126 (2 folds utiles)
2026-07-10 13:18:43,888 [INFO]   ✅ RandomForest | CV AUC=0.819±0.117 | F1=0.467 | Thr=0.40 | SMOTE: 1/2 folds
2026-07-10 13:18:43,894 [INFO]   Sauvegardé : models/zonal/model_inondation_Bafoussam.pkl
2026-07-10 13:18:43,895 [INFO] 
==================================================
2026-07-10 13:18:43,895 [INFO] Entraînement : Bafoussam / SECHERESSE
2026-07-10 13:18:43,895 [INFO] ==================================================
2026-07-10 13:18:43,895 [INFO] [Features] secheresse: 31 features
2026-07-10 13:18:43,897 [INFO] Dataset : 13162 jours | 6670 positifs (50.7%) | ratio 1.0:1
2026-07-10 13:18:46,315 [INFO]   Fold  1 | RF=0.972 | GB=0.988 | pos=1105
2026-07-10 13:18:51,471 [INFO]   Fold  2 | RF=0.996 | GB=0.999 | pos=1166
2026-07-10 13:18:59,906 [INFO]   Fold  3 | RF=0.991 | GB=0.998 | pos=1177
2026-07-10 13:19:09,485 [INFO]   Fold  4 | RF=0.993 | GB=0.997 | pos=1044
2026-07-10 13:19:21,944 [INFO]   Fold  5 | RF=0.994 | GB=0.996 | pos=1188
2026-07-10 13:19:21,946 [INFO]   CV AUC → RF=0.989±0.009 | GB=0.996±0.004 (5 folds utiles)
2026-07-10 13:19:21,965 [INFO]   ✅ GradientBoosting | CV AUC=0.996±0.004 | F1=0.985 | Thr=0.70 | SMOTE: 0/5 folds
2026-07-10 13:19:21,970 [INFO]   Sauvegardé : models/zonal/model_secheresse_Bafoussam.pkl
2026-07-10 13:19:21,972 [INFO] 
==================================================
2026-07-10 13:19:21,973 [INFO] Entraînement : Bafoussam / CHALEUR
2026-07-10 13:19:21,973 [INFO] ==================================================
2026-07-10 13:19:21,973 [INFO] [Features] chaleur: 28 features
2026-07-10 13:19:21,987 [INFO] Dataset : 13162 jours | 2174 positifs (16.5%) | ratio 5.1:1
2026-07-10 13:19:24,888 [INFO]   Fold  1 | RF=0.989 | GB=0.988 | pos=323
2026-07-10 13:19:30,723 [INFO]   Fold  2 | RF=0.993 | GB=0.991 | pos=374
2026-07-10 13:19:38,907 [INFO]   Fold  3 | RF=0.991 | GB=0.992 | pos=391
2026-07-10 13:19:49,866 [INFO]   Fold  4 | RF=0.969 | GB=0.972 | pos=418
2026-07-10 13:20:05,202 [INFO]   Fold  5 | RF=0.963 | GB=0.958 | pos=456
2026-07-10 13:20:05,208 [INFO]   CV AUC → RF=0.981±0.013 | GB=0.980±0.013 (5 folds utiles)
2026-07-10 13:20:05,356 [INFO]   ✅ RandomForest | CV AUC=0.981±0.013 | F1=0.843 | Thr=0.50 | SMOTE: 5/5 folds
2026-07-10 13:20:05,363 [INFO]   Sauvegardé : models/zonal/model_chaleur_Bafoussam.pkl
2026-07-10 13:20:05,435 [INFO] 
[Ebolowa] 9510 jours (2000-01-01 → 2026-07-07)
2026-07-10 13:20:05,435 [INFO] 
==================================================
2026-07-10 13:20:05,435 [INFO] Entraînement : Ebolowa / INONDATION
2026-07-10 13:20:05,435 [INFO] ==================================================
2026-07-10 13:20:05,435 [INFO] [Features] inondation: 23 features
2026-07-10 13:20:05,446 [INFO] Dataset : 9510 jours | 182 positifs (1.9%) | ratio 51.3:1
2026-07-10 13:20:05,448 [WARNING]   [Fold 4] Skip GB — une seule classe après sample_weight (zone=Ebolowa, risk=inondation, n_pos_train=0)
2026-07-10 13:20:13,470 [INFO]   Fold  5 | RF=0.952 | GB=0.951 | pos=79
2026-07-10 13:20:13,471 [INFO]   CV AUC → RF=0.952±0.000 | GB=0.951±0.000 (1 folds utiles)
2026-07-10 13:20:13,627 [INFO]   ✅ RandomForest | CV AUC=0.952±0.000 | F1=0.466 | Thr=0.20 | SMOTE: 1/1 folds
2026-07-10 13:20:13,633 [INFO]   Sauvegardé : models/zonal/model_inondation_Ebolowa.pkl
2026-07-10 13:20:13,634 [INFO] 
==================================================
2026-07-10 13:20:13,634 [INFO] Entraînement : Ebolowa / SECHERESSE
2026-07-10 13:20:13,634 [INFO] ==================================================
2026-07-10 13:20:13,634 [INFO] [Features] secheresse: 31 features
2026-07-10 13:20:13,639 [INFO] Dataset : 9510 jours | 2865 positifs (30.1%) | ratio 2.3:1
2026-07-10 13:20:15,662 [INFO]   Fold  1 | RF=0.995 | GB=0.998 | pos=419
2026-07-10 13:20:19,102 [INFO]   Fold  2 | RF=0.998 | GB=0.999 | pos=391
2026-07-10 13:20:24,412 [INFO]   Fold  3 | RF=0.995 | GB=0.999 | pos=430
2026-07-10 13:20:35,522 [INFO]   Fold  4 | RF=0.783 | GB=0.773 | pos=628
2026-07-10 13:20:46,034 [INFO]   Fold  5 | RF=0.942 | GB=0.965 | pos=589
2026-07-10 13:20:46,037 [INFO]   CV AUC → RF=0.942±0.082 | GB=0.947±0.088 (5 folds utiles)
2026-07-10 13:20:46,057 [INFO]   ✅ GradientBoosting | CV AUC=0.947±0.088 | F1=0.877 | Thr=0.30 | SMOTE: 0/5 folds
2026-07-10 13:20:46,062 [INFO]   Sauvegardé : models/zonal/model_secheresse_Ebolowa.pkl
2026-07-10 13:20:46,064 [INFO] 
==================================================
2026-07-10 13:20:46,064 [INFO] Entraînement : Ebolowa / CHALEUR
2026-07-10 13:20:46,064 [INFO] ==================================================
2026-07-10 13:20:46,064 [INFO] [Features] chaleur: 28 features
2026-07-10 13:20:46,074 [INFO] Dataset : 9510 jours | 404 positifs (4.2%) | ratio 22.5:1
2026-07-10 13:20:47,755 [INFO]   Fold  1 | RF=0.946 | GB=0.836 | pos=41
2026-07-10 13:20:54,085 [INFO]   Fold  2 | RF=0.943 | GB=0.937 | pos=6
2026-07-10 13:21:01,401 [INFO]   Fold  3 | RF=0.983 | GB=0.972 | pos=33
2026-07-10 13:21:10,676 [INFO]   Fold  4 | RF=0.964 | GB=0.894 | pos=27
2026-07-10 13:21:22,810 [INFO]   Fold  5 | RF=0.847 | GB=0.863 | pos=293
2026-07-10 13:21:22,814 [INFO]   CV AUC → RF=0.937±0.047 | GB=0.900±0.049 (5 folds utiles)
2026-07-10 13:21:22,954 [INFO]   ✅ RandomForest | CV AUC=0.937±0.047 | F1=0.659 | Thr=0.45 | SMOTE: 4/5 folds
2026-07-10 13:21:22,962 [INFO]   Sauvegardé : models/zonal/model_chaleur_Ebolowa.pkl
2026-07-10 13:21:23,012 [INFO] 
[Garoua] 13162 jours (1990-01-01 → 2026-07-07)
2026-07-10 13:21:23,012 [INFO] 
==================================================
2026-07-10 13:21:23,012 [INFO] Entraînement : Garoua / INONDATION
2026-07-10 13:21:23,012 [INFO] ==================================================
2026-07-10 13:21:23,012 [INFO] [Features] inondation: 23 features
2026-07-10 13:21:23,021 [INFO] Dataset : 13162 jours | 1506 positifs (11.4%) | ratio 7.7:1
2026-07-10 13:21:25,052 [INFO]   Fold  1 | RF=0.997 | GB=0.998 | pos=414
2026-07-10 13:21:28,556 [INFO]   Fold  2 | RF=0.999 | GB=0.999 | pos=383
2026-07-10 13:21:33,930 [INFO]   Fold  3 | RF=0.352 | GB=0.200 | pos=46
2026-07-10 13:21:41,481 [INFO]   Fold  5 | RF=0.923 | GB=0.934 | pos=222
2026-07-10 13:21:41,483 [INFO]   CV AUC → RF=0.818±0.270 | GB=0.783±0.338 (4 folds utiles)
2026-07-10 13:21:41,590 [INFO]   ✅ RandomForest | CV AUC=0.818±0.270 | F1=0.724 | Thr=0.55 | SMOTE: 1/4 folds
2026-07-10 13:21:41,607 [INFO]   Sauvegardé : models/zonal/model_inondation_Garoua.pkl
2026-07-10 13:21:41,609 [INFO] 
==================================================
2026-07-10 13:21:41,609 [INFO] Entraînement : Garoua / SECHERESSE
2026-07-10 13:21:41,609 [INFO] ==================================================
2026-07-10 13:21:41,609 [INFO] [Features] secheresse: 31 features
2026-07-10 13:21:41,623 [INFO] Dataset : 13162 jours | 6143 positifs (46.7%) | ratio 1.1:1
2026-07-10 13:21:44,659 [INFO]   Fold  1 | RF=0.969 | GB=0.993 | pos=1276
2026-07-10 13:21:49,589 [INFO]   Fold  2 | RF=0.993 | GB=0.998 | pos=1336
2026-07-10 13:21:56,809 [INFO]   Fold  3 | RF=0.730 | GB=0.991 | pos=552
2026-07-10 13:22:05,253 [INFO]   Fold  4 | RF=0.824 | GB=0.890 | pos=824
2026-07-10 13:22:15,061 [INFO]   Fold  5 | RF=0.946 | GB=0.951 | pos=995
2026-07-10 13:22:15,063 [INFO]   CV AUC → RF=0.892±0.100 | GB=0.965±0.041 (5 folds utiles)
2026-07-10 13:22:15,083 [INFO]   ✅ GradientBoosting | CV AUC=0.965±0.041 | F1=0.895 | Thr=0.35 | SMOTE: 0/5 folds
2026-07-10 13:22:15,089 [INFO]   Sauvegardé : models/zonal/model_secheresse_Garoua.pkl
2026-07-10 13:22:15,090 [INFO] 
==================================================
2026-07-10 13:22:15,091 [INFO] Entraînement : Garoua / CHALEUR
2026-07-10 13:22:15,091 [INFO] ==================================================
2026-07-10 13:22:15,091 [INFO] [Features] chaleur: 28 features
2026-07-10 13:22:15,105 [INFO] Dataset : 13162 jours | 2214 positifs (16.8%) | ratio 4.9:1
2026-07-10 13:22:17,925 [INFO]   Fold  1 | RF=0.957 | GB=0.966 | pos=472
2026-07-10 13:22:22,818 [INFO]   Fold  2 | RF=0.964 | GB=0.970 | pos=683
2026-07-10 13:22:30,616 [INFO]   Fold  4 | RF=0.297 | GB=0.304 | pos=92
2026-07-10 13:22:39,400 [INFO]   Fold  5 | RF=0.949 | GB=0.956 | pos=377
2026-07-10 13:22:39,400 [INFO]   CV AUC → RF=0.792±0.286 | GB=0.799±0.286 (4 folds utiles)
2026-07-10 13:22:39,489 [INFO]   ✅ GradientBoosting | CV AUC=0.799±0.286 | F1=0.789 | Thr=0.60 | SMOTE: 0/4 folds
2026-07-10 13:22:39,494 [INFO]   Sauvegardé : models/zonal/model_chaleur_Garoua.pkl
2026-07-10 13:22:39,538 [INFO] 
[Kribi] 9526 jours (2000-01-01 → 2026-07-07)
2026-07-10 13:22:39,539 [INFO] 
==================================================
2026-07-10 13:22:39,539 [INFO] Entraînement : Kribi / INONDATION
2026-07-10 13:22:39,539 [INFO] ==================================================
2026-07-10 13:22:39,539 [INFO] [Features] inondation: 23 features
2026-07-10 13:22:39,541 [INFO] Dataset : 9526 jours | 1745 positifs (18.3%) | ratio 4.5:1
2026-07-10 13:22:41,166 [INFO]   Fold  1 | RF=0.992 | GB=0.997 | pos=270
2026-07-10 13:22:44,470 [INFO]   Fold  2 | RF=0.995 | GB=0.999 | pos=219
2026-07-10 13:22:49,503 [INFO]   Fold  3 | RF=0.995 | GB=0.999 | pos=201
2026-07-10 13:22:56,764 [INFO]   Fold  4 | RF=0.929 | GB=0.921 | pos=499
2026-07-10 13:23:03,932 [INFO]   Fold  5 | RF=0.949 | GB=0.962 | pos=293
2026-07-10 13:23:03,937 [INFO]   CV AUC → RF=0.972±0.028 | GB=0.975±0.031 (5 folds utiles)
2026-07-10 13:23:03,958 [INFO]   ✅ GradientBoosting | CV AUC=0.975±0.031 | F1=0.852 | Thr=0.80 | SMOTE: 3/5 folds
2026-07-10 13:23:03,962 [INFO]   Sauvegardé : models/zonal/model_inondation_Kribi.pkl
2026-07-10 13:23:03,965 [INFO] 
==================================================
2026-07-10 13:23:03,965 [INFO] Entraînement : Kribi / SECHERESSE
2026-07-10 13:23:03,965 [INFO] ==================================================
2026-07-10 13:23:03,965 [INFO] [Features] secheresse: 31 features
2026-07-10 13:23:03,972 [INFO] Dataset : 9526 jours | 2725 positifs (28.6%) | ratio 2.5:1
2026-07-10 13:23:06,032 [INFO]   Fold  1 | RF=0.973 | GB=0.988 | pos=446
2026-07-10 13:23:09,642 [INFO]   Fold  2 | RF=0.985 | GB=0.994 | pos=360
2026-07-10 13:23:15,077 [INFO]   Fold  3 | RF=0.878 | GB=0.913 | pos=424
2026-07-10 13:23:22,169 [INFO]   Fold  4 | RF=0.978 | GB=0.999 | pos=357
2026-07-10 13:23:30,968 [INFO]   Fold  5 | RF=0.892 | GB=0.890 | pos=687
2026-07-10 13:23:30,969 [INFO]   CV AUC → RF=0.941±0.046 | GB=0.957±0.046 (5 folds utiles)
2026-07-10 13:23:30,987 [INFO]   ✅ GradientBoosting | CV AUC=0.957±0.046 | F1=0.835 | Thr=0.15 | SMOTE: 0/5 folds
2026-07-10 13:23:30,990 [INFO]   Sauvegardé : models/zonal/model_secheresse_Kribi.pkl
2026-07-10 13:23:30,992 [INFO] 
==================================================
2026-07-10 13:23:30,992 [INFO] Entraînement : Kribi / CHALEUR
2026-07-10 13:23:30,992 [INFO] ==================================================
2026-07-10 13:23:30,992 [INFO] [Features] chaleur: 28 features
2026-07-10 13:23:30,997 [INFO] Dataset : 9526 jours | 17 positifs (0.2%) | ratio 559.4:1
2026-07-10 13:23:34,762 [INFO]   Fold  4 | RF=0.495 | GB=0.500 | pos=5
2026-07-10 13:23:45,897 [INFO]   Fold  5 | RF=0.717 | GB=0.616 | pos=10
2026-07-10 13:23:45,897 [INFO]   CV AUC → RF=0.606±0.111 | GB=0.558±0.058 (2 folds utiles)
2026-07-10 13:23:45,990 [INFO]   ✅ RandomForest | CV AUC=0.606±0.111 | F1=0.000 | Thr=0.50 | SMOTE: 1/2 folds
2026-07-10 13:23:45,996 [INFO]   Sauvegardé : models/zonal/model_chaleur_Kribi.pkl
2026-07-10 13:23:46,048 [INFO] 
[Kumba] 9510 jours (2000-01-01 → 2026-07-07)
2026-07-10 13:23:46,048 [INFO] 
==================================================
2026-07-10 13:23:46,048 [INFO] Entraînement : Kumba / INONDATION
2026-07-10 13:23:46,048 [INFO] ==================================================
2026-07-10 13:23:46,048 [INFO] [Features] inondation: 23 features
2026-07-10 13:23:46,050 [INFO] Dataset : 9510 jours | 199 positifs (2.1%) | ratio 46.8:1
2026-07-10 13:23:46,052 [WARNING]   [Fold 3] Skip GB — une seule classe après sample_weight (zone=Kumba, risk=inondation, n_pos_train=0)
2026-07-10 13:23:52,167 [INFO]   Fold  4 | RF=0.698 | GB=0.602 | pos=107
2026-07-10 13:24:03,129 [INFO]   Fold  5 | RF=0.918 | GB=0.925 | pos=47
2026-07-10 13:24:03,130 [INFO]   CV AUC → RF=0.808±0.110 | GB=0.764±0.162 (2 folds utiles)
2026-07-10 13:24:03,275 [INFO]   ✅ RandomForest | CV AUC=0.808±0.110 | F1=0.280 | Thr=0.45 | SMOTE: 2/2 folds
2026-07-10 13:24:03,286 [INFO]   Sauvegardé : models/zonal/model_inondation_Kumba.pkl
2026-07-10 13:24:03,288 [INFO] 
==================================================
2026-07-10 13:24:03,288 [INFO] Entraînement : Kumba / SECHERESSE
2026-07-10 13:24:03,288 [INFO] ==================================================
2026-07-10 13:24:03,288 [INFO] [Features] secheresse: 31 features
2026-07-10 13:24:03,292 [INFO] Dataset : 9510 jours | 2532 positifs (26.6%) | ratio 2.8:1
2026-07-10 13:24:05,479 [INFO]   Fold  1 | RF=0.953 | GB=0.963 | pos=191
2026-07-10 13:24:10,663 [INFO]   Fold  2 | RF=0.938 | GB=0.986 | pos=211
2026-07-10 13:24:17,682 [INFO]   Fold  3 | RF=0.954 | GB=0.950 | pos=265
2026-07-10 13:24:26,318 [INFO]   Fold  4 | RF=0.945 | GB=0.979 | pos=817
2026-07-10 13:24:35,493 [INFO]   Fold  5 | RF=0.974 | GB=0.995 | pos=775
2026-07-10 13:24:35,498 [INFO]   CV AUC → RF=0.953±0.012 | GB=0.975±0.016 (5 folds utiles)
2026-07-10 13:24:35,517 [INFO]   ✅ GradientBoosting | CV AUC=0.975±0.016 | F1=0.970 | Thr=0.80 | SMOTE: 3/5 folds
2026-07-10 13:24:35,523 [INFO]   Sauvegardé : models/zonal/model_secheresse_Kumba.pkl
2026-07-10 13:24:35,524 [INFO] 
==================================================
2026-07-10 13:24:35,524 [INFO] Entraînement : Kumba / CHALEUR
2026-07-10 13:24:35,524 [INFO] ==================================================
2026-07-10 13:24:35,524 [INFO] [Features] chaleur: 28 features
2026-07-10 13:24:35,532 [INFO] Dataset : 9510 jours | 1637 positifs (17.2%) | ratio 4.8:1
2026-07-10 13:24:38,228 [INFO]   Fold  1 | RF=0.996 | GB=0.997 | pos=144
2026-07-10 13:24:42,757 [INFO]   Fold  2 | RF=0.977 | GB=0.980 | pos=132
2026-07-10 13:24:49,289 [INFO]   Fold  3 | RF=0.990 | GB=0.991 | pos=219
2026-07-10 13:24:57,567 [INFO]   Fold  4 | RF=0.950 | GB=0.953 | pos=365
2026-07-10 13:25:08,043 [INFO]   Fold  5 | RF=0.945 | GB=0.938 | pos=611
2026-07-10 13:25:08,046 [INFO]   CV AUC → RF=0.972±0.021 | GB=0.972±0.023 (5 folds utiles)
2026-07-10 13:25:08,067 [INFO]   ✅ GradientBoosting | CV AUC=0.972±0.023 | F1=0.836 | Thr=0.40 | SMOTE: 5/5 folds
2026-07-10 13:25:08,070 [INFO]   Sauvegardé : models/zonal/model_chaleur_Kumba.pkl
2026-07-10 13:25:08,114 [INFO] 
[Maroua] 13162 jours (1990-01-01 → 2026-07-07)
2026-07-10 13:25:08,114 [INFO] 
==================================================
2026-07-10 13:25:08,114 [INFO] Entraînement : Maroua / INONDATION
2026-07-10 13:25:08,114 [INFO] ==================================================
2026-07-10 13:25:08,114 [INFO] [Features] inondation: 23 features
2026-07-10 13:25:08,117 [INFO] Dataset : 13162 jours | 3452 positifs (26.2%) | ratio 2.8:1
2026-07-10 13:25:10,214 [INFO]   Fold  1 | RF=0.989 | GB=0.994 | pos=570
2026-07-10 13:25:13,709 [INFO]   Fold  2 | RF=0.998 | GB=1.000 | pos=479
2026-07-10 13:25:19,777 [INFO]   Fold  3 | RF=0.985 | GB=0.976 | pos=581
2026-07-10 13:25:27,086 [INFO]   Fold  4 | RF=0.998 | GB=0.999 | pos=593
2026-07-10 13:25:36,122 [INFO]   Fold  5 | RF=0.989 | GB=0.990 | pos=662
2026-07-10 13:25:36,132 [INFO]   CV AUC → RF=0.992±0.005 | GB=0.992±0.009 (5 folds utiles)
2026-07-10 13:25:36,153 [INFO]   ✅ GradientBoosting | CV AUC=0.992±0.009 | F1=0.950 | Thr=0.55 | SMOTE: 0/5 folds
2026-07-10 13:25:36,158 [INFO]   Sauvegardé : models/zonal/model_inondation_Maroua.pkl
2026-07-10 13:25:36,160 [INFO] 
==================================================
2026-07-10 13:25:36,160 [INFO] Entraînement : Maroua / SECHERESSE
2026-07-10 13:25:36,160 [INFO] ==================================================
2026-07-10 13:25:36,160 [INFO] [Features] secheresse: 31 features
2026-07-10 13:25:36,169 [INFO] Dataset : 13162 jours | 4260 positifs (32.4%) | ratio 2.1:1
2026-07-10 13:25:38,898 [INFO]   Fold  1 | RF=0.994 | GB=0.999 | pos=671
2026-07-10 13:25:43,928 [INFO]   Fold  2 | RF=0.980 | GB=0.981 | pos=696
2026-07-10 13:25:51,187 [INFO]   Fold  3 | RF=0.998 | GB=1.000 | pos=663
2026-07-10 13:26:00,758 [INFO]   Fold  4 | RF=0.887 | GB=0.895 | pos=911
2026-07-10 13:26:12,048 [INFO]   Fold  5 | RF=0.951 | GB=0.968 | pos=891
2026-07-10 13:26:12,049 [INFO]   CV AUC → RF=0.962±0.041 | GB=0.968±0.039 (5 folds utiles)
2026-07-10 13:26:12,068 [INFO]   ✅ GradientBoosting | CV AUC=0.968±0.039 | F1=0.935 | Thr=0.80 | SMOTE: 0/5 folds
2026-07-10 13:26:12,070 [INFO]   Sauvegardé : models/zonal/model_secheresse_Maroua.pkl
2026-07-10 13:26:12,071 [INFO] 
==================================================
2026-07-10 13:26:12,071 [INFO] Entraînement : Maroua / CHALEUR
2026-07-10 13:26:12,071 [INFO] ==================================================
2026-07-10 13:26:12,071 [INFO] [Features] chaleur: 28 features
2026-07-10 13:26:12,073 [INFO] Dataset : 13162 jours | 1670 positifs (12.7%) | ratio 6.9:1
2026-07-10 13:26:14,935 [INFO]   Fold  1 | RF=0.963 | GB=0.971 | pos=197
2026-07-10 13:26:21,388 [INFO]   Fold  2 | RF=0.981 | GB=0.978 | pos=258
2026-07-10 13:26:29,435 [INFO]   Fold  3 | RF=0.987 | GB=0.983 | pos=288
2026-07-10 13:26:39,667 [INFO]   Fold  4 | RF=0.909 | GB=0.900 | pos=338
2026-07-10 13:26:52,258 [INFO]   Fold  5 | RF=0.956 | GB=0.956 | pos=374
2026-07-10 13:26:52,260 [INFO]   CV AUC → RF=0.959±0.027 | GB=0.958±0.030 (5 folds utiles)
2026-07-10 13:26:52,375 [INFO]   ✅ RandomForest | CV AUC=0.959±0.027 | F1=0.759 | Thr=0.50 | SMOTE: 5/5 folds
2026-07-10 13:26:52,392 [INFO]   Sauvegardé : models/zonal/model_chaleur_Maroua.pkl
2026-07-10 13:26:52,442 [INFO] 
[Ngaoundere] 13162 jours (1990-01-01 → 2026-07-07)
2026-07-10 13:26:52,442 [INFO] 
==================================================
2026-07-10 13:26:52,443 [INFO] Entraînement : Ngaoundere / INONDATION
2026-07-10 13:26:52,443 [INFO] ==================================================
2026-07-10 13:26:52,443 [INFO] [Features] inondation: 23 features
2026-07-10 13:26:52,446 [INFO] Dataset : 13162 jours | 722 positifs (5.5%) | ratio 17.2:1
2026-07-10 13:26:54,923 [INFO]   Fold  1 | RF=0.991 | GB=0.995 | pos=81
2026-07-10 13:26:59,267 [INFO]   Fold  2 | RF=0.995 | GB=0.997 | pos=105
2026-07-10 13:27:06,125 [INFO]   Fold  3 | RF=0.997 | GB=0.999 | pos=114
2026-07-10 13:27:15,293 [INFO]   Fold  4 | RF=0.915 | GB=0.864 | pos=131
2026-07-10 13:27:26,837 [INFO]   Fold  5 | RF=0.824 | GB=0.830 | pos=104
2026-07-10 13:27:26,837 [INFO]   CV AUC → RF=0.944±0.068 | GB=0.937±0.074 (5 folds utiles)
2026-07-10 13:27:26,952 [INFO]   ✅ RandomForest | CV AUC=0.944±0.068 | F1=0.272 | Thr=0.40 | SMOTE: 5/5 folds
2026-07-10 13:27:26,967 [INFO]   Sauvegardé : models/zonal/model_inondation_Ngaoundere.pkl
2026-07-10 13:27:26,970 [INFO] 
==================================================
2026-07-10 13:27:26,971 [INFO] Entraînement : Ngaoundere / SECHERESSE
2026-07-10 13:27:26,971 [INFO] ==================================================
2026-07-10 13:27:26,971 [INFO] [Features] secheresse: 31 features
2026-07-10 13:27:26,977 [INFO] Dataset : 13162 jours | 6530 positifs (49.6%) | ratio 1.0:1
2026-07-10 13:27:29,545 [INFO]   Fold  1 | RF=0.866 | GB=0.927 | pos=938
2026-07-10 13:27:33,880 [INFO]   Fold  2 | RF=1.000 | GB=1.000 | pos=1152
2026-07-10 13:27:40,538 [INFO]   Fold  3 | RF=1.000 | GB=1.000 | pos=1092
2026-07-10 13:27:49,590 [INFO]   Fold  4 | RF=0.988 | GB=0.985 | pos=1091
2026-07-10 13:28:01,633 [INFO]   Fold  5 | RF=0.952 | GB=0.955 | pos=1261
2026-07-10 13:28:01,636 [INFO]   CV AUC → RF=0.961±0.051 | GB=0.973±0.028 (5 folds utiles)
2026-07-10 13:28:01,656 [INFO]   ✅ GradientBoosting | CV AUC=0.973±0.028 | F1=0.916 | Thr=0.15 | SMOTE: 0/5 folds
2026-07-10 13:28:01,659 [INFO]   Sauvegardé : models/zonal/model_secheresse_Ngaoundere.pkl
2026-07-10 13:28:01,662 [INFO] 
==================================================
2026-07-10 13:28:01,662 [INFO] Entraînement : Ngaoundere / CHALEUR
2026-07-10 13:28:01,662 [INFO] ==================================================
2026-07-10 13:28:01,662 [INFO] [Features] chaleur: 28 features
2026-07-10 13:28:01,666 [INFO] Dataset : 13162 jours | 2897 positifs (22.0%) | ratio 3.5:1
2026-07-10 13:28:04,451 [INFO]   Fold  1 | RF=0.972 | GB=0.980 | pos=320
2026-07-10 13:28:09,198 [INFO]   Fold  2 | RF=0.991 | GB=0.999 | pos=563
2026-07-10 13:28:15,596 [INFO]   Fold  3 | RF=0.997 | GB=0.999 | pos=557
2026-07-10 13:28:23,909 [INFO]   Fold  4 | RF=0.966 | GB=0.969 | pos=494
2026-07-10 13:28:34,395 [INFO]   Fold  5 | RF=0.963 | GB=0.958 | pos=594
2026-07-10 13:28:34,396 [INFO]   CV AUC → RF=0.978±0.014 | GB=0.981±0.016 (5 folds utiles)
2026-07-10 13:28:34,415 [INFO]   ✅ GradientBoosting | CV AUC=0.981±0.016 | F1=0.863 | Thr=0.40 | SMOTE: 2/5 folds
2026-07-10 13:28:34,417 [INFO]   Sauvegardé : models/zonal/model_chaleur_Ngaoundere.pkl
2026-07-10 13:28:34,459 [INFO] 
[Yaounde_peri] 9510 jours (2000-01-01 → 2026-07-07)
2026-07-10 13:28:34,460 [INFO] 
==================================================
2026-07-10 13:28:34,460 [INFO] Entraînement : Yaounde_peri / INONDATION
2026-07-10 13:28:34,460 [INFO] ==================================================
2026-07-10 13:28:34,460 [INFO] [Features] inondation: 23 features
2026-07-10 13:28:34,462 [INFO] Dataset : 9510 jours | 632 positifs (6.6%) | ratio 14.0:1
2026-07-10 13:28:36,471 [INFO]   Fold  1 | RF=0.969 | GB=0.970 | pos=82
2026-07-10 13:28:40,121 [INFO]   Fold  2 | RF=0.998 | GB=1.000 | pos=51
2026-07-10 13:28:45,269 [INFO]   Fold  3 | RF=0.740 | GB=0.763 | pos=112
2026-07-10 13:28:52,234 [INFO]   Fold  4 | RF=0.900 | GB=0.844 | pos=210
2026-07-10 13:29:01,165 [INFO]   Fold  5 | RF=0.824 | GB=0.762 | pos=93
2026-07-10 13:29:01,168 [INFO]   CV AUC → RF=0.886±0.095 | GB=0.868±0.101 (5 folds utiles)
2026-07-10 13:29:01,272 [INFO]   ✅ RandomForest | CV AUC=0.886±0.095 | F1=0.440 | Thr=0.60 | SMOTE: 5/5 folds
2026-07-10 13:29:01,282 [INFO]   Sauvegardé : models/zonal/model_inondation_Yaounde_peri.pkl
2026-07-10 13:29:01,284 [INFO] 
==================================================
2026-07-10 13:29:01,284 [INFO] Entraînement : Yaounde_peri / SECHERESSE
2026-07-10 13:29:01,284 [INFO] ==================================================
2026-07-10 13:29:01,284 [INFO] [Features] secheresse: 31 features
2026-07-10 13:29:01,290 [INFO] Dataset : 9510 jours | 4385 positifs (46.1%) | ratio 1.2:1
2026-07-10 13:29:03,274 [INFO]   Fold  1 | RF=0.978 | GB=0.987 | pos=641
2026-07-10 13:29:07,398 [INFO]   Fold  2 | RF=0.955 | GB=0.946 | pos=644
2026-07-10 13:29:12,515 [INFO]   Fold  3 | RF=0.990 | GB=0.995 | pos=765
2026-07-10 13:29:19,119 [INFO]   Fold  4 | RF=0.995 | GB=1.000 | pos=637
2026-07-10 13:29:27,549 [INFO]   Fold  5 | RF=0.969 | GB=0.974 | pos=1016
2026-07-10 13:29:27,553 [INFO]   CV AUC → RF=0.978±0.014 | GB=0.980±0.019 (5 folds utiles)
2026-07-10 13:29:27,572 [INFO]   ✅ GradientBoosting | CV AUC=0.980±0.019 | F1=0.938 | Thr=0.35 | SMOTE: 0/5 folds
2026-07-10 13:29:27,574 [INFO]   Sauvegardé : models/zonal/model_secheresse_Yaounde_peri.pkl
2026-07-10 13:29:27,575 [INFO] 
==================================================
2026-07-10 13:29:27,575 [INFO] Entraînement : Yaounde_peri / CHALEUR
2026-07-10 13:29:27,575 [INFO] ==================================================
2026-07-10 13:29:27,575 [INFO] [Features] chaleur: 28 features
2026-07-10 13:29:27,579 [INFO] Dataset : 9510 jours | 371 positifs (3.9%) | ratio 24.6:1
2026-07-10 13:29:29,848 [INFO]   Fold  1 | RF=0.981 | GB=0.950 | pos=44
2026-07-10 13:29:36,391 [INFO]   Fold  3 | RF=0.983 | GB=0.902 | pos=58
2026-07-10 13:29:46,427 [INFO]   Fold  4 | RF=0.751 | GB=0.650 | pos=118
2026-07-10 13:29:57,972 [INFO]   Fold  5 | RF=0.863 | GB=0.754 | pos=139
2026-07-10 13:29:57,974 [INFO]   CV AUC → RF=0.894±0.096 | GB=0.814±0.119 (4 folds utiles)
2026-07-10 13:29:58,077 [INFO]   ✅ RandomForest | CV AUC=0.894±0.096 | F1=0.473 | Thr=0.55 | SMOTE: 4/4 folds
2026-07-10 13:29:58,092 [INFO]   Sauvegardé : models/zonal/model_chaleur_Yaounde_peri.pkl
2026-07-10 15:09:32,535 [INFO] Entraînement : 8 zones × 3 risques = 24 modèles
2026-07-10 15:09:32,535 [INFO] Walk-forward : 5 folds, gap=30j, SMOTE trigger=5:1
2026-07-10 15:09:32,564 [INFO] 
[Bafoussam] 13164 jours (1990-01-01 → 2026-07-09)
2026-07-10 15:09:32,564 [INFO] 
==================================================
2026-07-10 15:09:32,564 [INFO] Entraînement : Bafoussam / INONDATION
2026-07-10 15:09:32,564 [INFO] ==================================================
2026-07-10 15:09:32,564 [INFO] [Features] inondation: 23 features
2026-07-10 15:09:32,567 [INFO] Dataset : 13164 jours | 227 positifs (1.7%) | ratio 57.0:1
2026-07-10 15:09:35,003 [INFO]   Fold  4 | RF=0.702 | GB=0.674 | pos=93
2026-07-10 15:09:46,827 [INFO]   Fold  5 | RF=0.937 | GB=0.929 | pos=131
2026-07-10 15:09:46,829 [INFO]   CV AUC → RF=0.819±0.117 | GB=0.802±0.128 (2 folds utiles)
2026-07-10 15:09:46,919 [INFO]   ✅ RandomForest | CV AUC=0.819±0.117 | F1=0.467 | Thr=0.25 | SMOTE: 1/2 folds
2026-07-10 15:09:46,924 [INFO]   Sauvegardé : models/zonal/model_inondation_Bafoussam.pkl
2026-07-10 15:09:46,925 [INFO] 
==================================================
2026-07-10 15:09:46,925 [INFO] Entraînement : Bafoussam / SECHERESSE
2026-07-10 15:09:46,925 [INFO] ==================================================
2026-07-10 15:09:46,925 [INFO] [Features] secheresse: 31 features
2026-07-10 15:09:46,927 [INFO] Dataset : 13164 jours | 610 positifs (4.6%) | ratio 20.6:1
2026-07-10 15:09:50,378 [INFO]   Fold  1 | RF=0.635 | GB=0.541 | pos=64
2026-07-10 15:09:57,485 [INFO]   Fold  2 | RF=0.993 | GB=0.992 | pos=72
2026-07-10 15:10:07,327 [INFO]   Fold  3 | RF=0.979 | GB=0.978 | pos=79
2026-07-10 15:10:20,324 [INFO]   Fold  4 | RF=0.527 | GB=0.690 | pos=120
2026-07-10 15:10:36,788 [INFO]   Fold  5 | RF=0.817 | GB=0.655 | pos=228
2026-07-10 15:10:36,790 [INFO]   CV AUC → RF=0.790±0.185 | GB=0.771±0.181 (5 folds utiles)
2026-07-10 15:10:36,896 [INFO]   ✅ RandomForest | CV AUC=0.790±0.185 | F1=0.491 | Thr=0.30 | SMOTE: 5/5 folds
2026-07-10 15:10:36,904 [INFO]   Sauvegardé : models/zonal/model_secheresse_Bafoussam.pkl
2026-07-10 15:10:36,906 [INFO] 
==================================================
2026-07-10 15:10:36,906 [INFO] Entraînement : Bafoussam / CHALEUR
2026-07-10 15:10:36,906 [INFO] ==================================================
2026-07-10 15:10:36,906 [INFO] [Features] chaleur: 28 features
2026-07-10 15:10:36,913 [INFO] Dataset : 13164 jours | 2174 positifs (16.5%) | ratio 5.1:1
2026-07-10 15:10:39,903 [INFO]   Fold  1 | RF=0.989 | GB=0.988 | pos=325
2026-07-10 15:10:45,179 [INFO]   Fold  2 | RF=0.993 | GB=0.989 | pos=374
2026-07-10 15:10:52,672 [INFO]   Fold  3 | RF=0.991 | GB=0.991 | pos=391
2026-07-10 15:11:02,663 [INFO]   Fold  4 | RF=0.970 | GB=0.972 | pos=419
2026-07-10 15:11:15,069 [INFO]   Fold  5 | RF=0.961 | GB=0.959 | pos=455
2026-07-10 15:11:15,072 [INFO]   CV AUC → RF=0.981±0.013 | GB=0.980±0.013 (5 folds utiles)
2026-07-10 15:11:15,187 [INFO]   ✅ RandomForest | CV AUC=0.981±0.013 | F1=0.840 | Thr=0.55 | SMOTE: 5/5 folds
2026-07-10 15:11:15,202 [INFO]   Sauvegardé : models/zonal/model_chaleur_Bafoussam.pkl
2026-07-10 15:11:15,229 [INFO] 
[Ebolowa] 9512 jours (2000-01-01 → 2026-07-09)
2026-07-10 15:11:15,229 [INFO] 
==================================================
2026-07-10 15:11:15,229 [INFO] Entraînement : Ebolowa / INONDATION
2026-07-10 15:11:15,229 [INFO] ==================================================
2026-07-10 15:11:15,229 [INFO] [Features] inondation: 23 features
2026-07-10 15:11:15,232 [INFO] Dataset : 9512 jours | 182 positifs (1.9%) | ratio 51.3:1
2026-07-10 15:11:15,236 [WARNING]   [Fold 4] Skip GB — une seule classe après sample_weight (zone=Ebolowa, risk=inondation, n_pos_train=0)
2026-07-10 15:11:22,256 [INFO]   Fold  5 | RF=0.955 | GB=0.951 | pos=77
2026-07-10 15:11:22,256 [INFO]   CV AUC → RF=0.955±0.000 | GB=0.951±0.000 (1 folds utiles)
2026-07-10 15:11:22,346 [INFO]   ✅ RandomForest | CV AUC=0.955±0.000 | F1=0.497 | Thr=0.35 | SMOTE: 1/1 folds
2026-07-10 15:11:22,352 [INFO]   Sauvegardé : models/zonal/model_inondation_Ebolowa.pkl
2026-07-10 15:11:22,352 [INFO] 
==================================================
2026-07-10 15:11:22,352 [INFO] Entraînement : Ebolowa / SECHERESSE
2026-07-10 15:11:22,352 [INFO] ==================================================
2026-07-10 15:11:22,353 [INFO] [Features] secheresse: 31 features
2026-07-10 15:11:22,357 [INFO] Dataset : 9512 jours | 750 positifs (7.9%) | ratio 11.7:1
2026-07-10 15:11:24,956 [INFO]   Fold  1 | RF=0.970 | GB=0.933 | pos=64
2026-07-10 15:11:29,858 [INFO]   Fold  2 | RF=0.977 | GB=0.982 | pos=29
2026-07-10 15:11:37,373 [INFO]   Fold  3 | RF=0.872 | GB=0.731 | pos=105
2026-07-10 15:11:46,992 [INFO]   Fold  4 | RF=0.735 | GB=0.425 | pos=408
2026-07-10 15:11:56,966 [INFO]   Fold  5 | RF=0.872 | GB=0.877 | pos=128
2026-07-10 15:11:56,967 [INFO]   CV AUC → RF=0.885±0.088 | GB=0.790±0.201 (5 folds utiles)
2026-07-10 15:11:57,080 [INFO]   ✅ RandomForest | CV AUC=0.885±0.088 | F1=0.440 | Thr=0.35 | SMOTE: 5/5 folds
2026-07-10 15:11:57,094 [INFO]   Sauvegardé : models/zonal/model_secheresse_Ebolowa.pkl
2026-07-10 15:11:57,096 [INFO] 
==================================================
2026-07-10 15:11:57,096 [INFO] Entraînement : Ebolowa / CHALEUR
2026-07-10 15:11:57,096 [INFO] ==================================================
2026-07-10 15:11:57,096 [INFO] [Features] chaleur: 28 features
2026-07-10 15:11:57,099 [INFO] Dataset : 9512 jours | 404 positifs (4.2%) | ratio 22.5:1
2026-07-10 15:11:58,872 [INFO]   Fold  1 | RF=0.945 | GB=0.905 | pos=41
2026-07-10 15:12:03,417 [INFO]   Fold  2 | RF=0.940 | GB=0.925 | pos=6
2026-07-10 15:12:10,266 [INFO]   Fold  3 | RF=0.982 | GB=0.970 | pos=33
2026-07-10 15:12:22,436 [INFO]   Fold  4 | RF=0.972 | GB=0.858 | pos=27
2026-07-10 15:12:35,154 [INFO]   Fold  5 | RF=0.847 | GB=0.851 | pos=293
2026-07-10 15:12:35,159 [INFO]   CV AUC → RF=0.937±0.048 | GB=0.902±0.044 (5 folds utiles)
2026-07-10 15:12:35,264 [INFO]   ✅ RandomForest | CV AUC=0.937±0.048 | F1=0.663 | Thr=0.45 | SMOTE: 4/5 folds
2026-07-10 15:12:35,277 [INFO]   Sauvegardé : models/zonal/model_chaleur_Ebolowa.pkl
2026-07-10 15:12:35,329 [INFO] 
[Garoua] 13164 jours (1990-01-01 → 2026-07-09)
2026-07-10 15:12:35,330 [INFO] 
==================================================
2026-07-10 15:12:35,330 [INFO] Entraînement : Garoua / INONDATION
2026-07-10 15:12:35,330 [INFO] ==================================================
2026-07-10 15:12:35,330 [INFO] [Features] inondation: 23 features
2026-07-10 15:12:35,336 [INFO] Dataset : 13164 jours | 1506 positifs (11.4%) | ratio 7.7:1
2026-07-10 15:12:37,275 [INFO]   Fold  1 | RF=0.997 | GB=0.998 | pos=415
2026-07-10 15:12:40,681 [INFO]   Fold  2 | RF=0.999 | GB=1.000 | pos=385
2026-07-10 15:12:45,586 [INFO]   Fold  3 | RF=0.507 | GB=0.214 | pos=46
2026-07-10 15:12:52,825 [INFO]   Fold  5 | RF=0.921 | GB=0.942 | pos=222
2026-07-10 15:12:52,825 [INFO]   CV AUC → RF=0.856±0.204 | GB=0.788±0.333 (4 folds utiles)
2026-07-10 15:12:52,926 [INFO]   ✅ RandomForest | CV AUC=0.856±0.204 | F1=0.718 | Thr=0.55 | SMOTE: 1/4 folds
2026-07-10 15:12:52,934 [INFO]   Sauvegardé : models/zonal/model_inondation_Garoua.pkl
2026-07-10 15:12:52,935 [INFO] 
==================================================
2026-07-10 15:12:52,935 [INFO] Entraînement : Garoua / SECHERESSE
2026-07-10 15:12:52,935 [INFO] ==================================================
2026-07-10 15:12:52,935 [INFO] [Features] secheresse: 31 features
2026-07-10 15:12:52,941 [INFO] Dataset : 13164 jours | 2531 positifs (19.2%) | ratio 4.2:1
2026-07-10 15:12:56,281 [INFO]   Fold  1 | RF=0.935 | GB=0.976 | pos=124
2026-07-10 15:13:03,335 [INFO]   Fold  2 | RF=0.994 | GB=0.999 | pos=274
2026-07-10 15:13:15,651 [INFO]   Fold  3 | RF=0.999 | GB=0.998 | pos=552
2026-07-10 15:13:25,686 [INFO]   Fold  4 | RF=0.837 | GB=0.804 | pos=824
2026-07-10 15:13:34,870 [INFO]   Fold  5 | RF=0.945 | GB=0.937 | pos=566
2026-07-10 15:13:34,872 [INFO]   CV AUC → RF=0.942±0.058 | GB=0.943±0.073 (5 folds utiles)
2026-07-10 15:13:34,892 [INFO]   ✅ GradientBoosting | CV AUC=0.943±0.073 | F1=0.811 | Thr=0.80 | SMOTE: 4/5 folds
2026-07-10 15:13:34,898 [INFO]   Sauvegardé : models/zonal/model_secheresse_Garoua.pkl
2026-07-10 15:13:34,900 [INFO] 
==================================================
2026-07-10 15:13:34,900 [INFO] Entraînement : Garoua / CHALEUR
2026-07-10 15:13:34,900 [INFO] ==================================================
2026-07-10 15:13:34,900 [INFO] [Features] chaleur: 28 features
2026-07-10 15:13:34,908 [INFO] Dataset : 13164 jours | 2216 positifs (16.8%) | ratio 4.9:1
2026-07-10 15:13:37,565 [INFO]   Fold  1 | RF=0.956 | GB=0.966 | pos=475
2026-07-10 15:13:42,359 [INFO]   Fold  2 | RF=0.965 | GB=0.971 | pos=683
2026-07-10 15:13:50,710 [INFO]   Fold  4 | RF=0.488 | GB=0.303 | pos=92
2026-07-10 15:13:59,707 [INFO]   Fold  5 | RF=0.949 | GB=0.957 | pos=379
2026-07-10 15:13:59,714 [INFO]   CV AUC → RF=0.840±0.203 | GB=0.799±0.287 (4 folds utiles)
2026-07-10 15:13:59,833 [INFO]   ✅ RandomForest | CV AUC=0.840±0.203 | F1=0.772 | Thr=0.45 | SMOTE: 0/4 folds
2026-07-10 15:13:59,847 [INFO]   Sauvegardé : models/zonal/model_chaleur_Garoua.pkl
2026-07-10 15:13:59,877 [INFO] 
[Kribi] 9528 jours (2000-01-01 → 2026-07-09)
2026-07-10 15:13:59,878 [INFO] 
==================================================
2026-07-10 15:13:59,878 [INFO] Entraînement : Kribi / INONDATION
2026-07-10 15:13:59,878 [INFO] ==================================================
2026-07-10 15:13:59,878 [INFO] [Features] inondation: 23 features
2026-07-10 15:13:59,880 [INFO] Dataset : 9528 jours | 1746 positifs (18.3%) | ratio 4.5:1
2026-07-10 15:14:01,930 [INFO]   Fold  1 | RF=0.992 | GB=0.997 | pos=270
2026-07-10 15:14:07,024 [INFO]   Fold  2 | RF=0.995 | GB=0.999 | pos=219
2026-07-10 15:14:12,254 [INFO]   Fold  3 | RF=0.994 | GB=0.999 | pos=201
2026-07-10 15:14:19,207 [INFO]   Fold  4 | RF=0.929 | GB=0.921 | pos=499
2026-07-10 15:14:25,957 [INFO]   Fold  5 | RF=0.948 | GB=0.960 | pos=294
2026-07-10 15:14:25,959 [INFO]   CV AUC → RF=0.972±0.028 | GB=0.975±0.031 (5 folds utiles)
2026-07-10 15:14:25,982 [INFO]   ✅ GradientBoosting | CV AUC=0.975±0.031 | F1=0.855 | Thr=0.80 | SMOTE: 3/5 folds
2026-07-10 15:14:25,988 [INFO]   Sauvegardé : models/zonal/model_inondation_Kribi.pkl
2026-07-10 15:14:25,992 [INFO] 
==================================================
2026-07-10 15:14:25,992 [INFO] Entraînement : Kribi / SECHERESSE
2026-07-10 15:14:25,992 [INFO] ==================================================
2026-07-10 15:14:25,992 [INFO] [Features] secheresse: 31 features
2026-07-10 15:14:25,997 [INFO] Dataset : 9528 jours | 692 positifs (7.3%) | ratio 12.8:1
2026-07-10 15:14:28,747 [INFO]   Fold  1 | RF=0.938 | GB=0.951 | pos=132
2026-07-10 15:14:34,306 [INFO]   Fold  2 | RF=0.972 | GB=0.973 | pos=81
2026-07-10 15:14:41,914 [INFO]   Fold  3 | RF=0.702 | GB=0.762 | pos=164
2026-07-10 15:14:52,471 [INFO]   Fold  4 | RF=0.994 | GB=0.996 | pos=61
2026-07-10 15:15:09,119 [INFO]   Fold  5 | RF=0.951 | GB=0.951 | pos=156
2026-07-10 15:15:09,124 [INFO]   CV AUC → RF=0.911±0.106 | GB=0.926±0.084 (5 folds utiles)
2026-07-10 15:15:09,149 [INFO]   ✅ GradientBoosting | CV AUC=0.926±0.084 | F1=0.700 | Thr=0.60 | SMOTE: 5/5 folds
2026-07-10 15:15:09,154 [INFO]   Sauvegardé : models/zonal/model_secheresse_Kribi.pkl
2026-07-10 15:15:09,157 [INFO] 
==================================================
2026-07-10 15:15:09,157 [INFO] Entraînement : Kribi / CHALEUR
2026-07-10 15:15:09,157 [INFO] ==================================================
2026-07-10 15:15:09,157 [INFO] [Features] chaleur: 28 features
2026-07-10 15:15:09,163 [INFO] Dataset : 9528 jours | 17 positifs (0.2%) | ratio 559.5:1
2026-07-10 15:15:13,511 [INFO]   Fold  4 | RF=0.495 | GB=0.500 | pos=5
2026-07-10 15:15:24,678 [INFO]   Fold  5 | RF=0.730 | GB=0.598 | pos=10
2026-07-10 15:15:24,679 [INFO]   CV AUC → RF=0.613±0.117 | GB=0.549±0.049 (2 folds utiles)
2026-07-10 15:15:24,769 [INFO]   ✅ RandomForest | CV AUC=0.613±0.117 | F1=0.000 | Thr=0.50 | SMOTE: 1/2 folds
2026-07-10 15:15:24,774 [INFO]   Sauvegardé : models/zonal/model_chaleur_Kribi.pkl
2026-07-10 15:15:24,814 [INFO] 
[Kumba] 9512 jours (2000-01-01 → 2026-07-09)
2026-07-10 15:15:24,815 [INFO] 
==================================================
2026-07-10 15:15:24,815 [INFO] Entraînement : Kumba / INONDATION
2026-07-10 15:15:24,815 [INFO] ==================================================
2026-07-10 15:15:24,815 [INFO] [Features] inondation: 23 features
2026-07-10 15:15:24,817 [INFO] Dataset : 9512 jours | 199 positifs (2.1%) | ratio 46.8:1
2026-07-10 15:15:24,818 [WARNING]   [Fold 3] Skip GB — une seule classe après sample_weight (zone=Kumba, risk=inondation, n_pos_train=0)
2026-07-10 15:15:30,839 [INFO]   Fold  4 | RF=0.708 | GB=0.403 | pos=107
2026-07-10 15:15:40,009 [INFO]   Fold  5 | RF=0.916 | GB=0.928 | pos=47
2026-07-10 15:15:40,010 [INFO]   CV AUC → RF=0.812±0.104 | GB=0.665±0.262 (2 folds utiles)
2026-07-10 15:15:40,101 [INFO]   ✅ RandomForest | CV AUC=0.812±0.104 | F1=0.284 | Thr=0.35 | SMOTE: 2/2 folds
2026-07-10 15:15:40,111 [INFO]   Sauvegardé : models/zonal/model_inondation_Kumba.pkl
2026-07-10 15:15:40,112 [INFO] 
==================================================
2026-07-10 15:15:40,112 [INFO] Entraînement : Kumba / SECHERESSE
2026-07-10 15:15:40,112 [INFO] ==================================================
2026-07-10 15:15:40,112 [INFO] [Features] secheresse: 31 features
2026-07-10 15:15:40,114 [INFO] Dataset : 9512 jours | 590 positifs (6.2%) | ratio 15.1:1
2026-07-10 15:15:42,775 [INFO]   Fold  1 | RF=0.913 | GB=0.876 | pos=28
2026-07-10 15:15:48,230 [INFO]   Fold  2 | RF=0.981 | GB=0.974 | pos=14
2026-07-10 15:15:55,856 [INFO]   Fold  3 | RF=0.926 | GB=0.809 | pos=99
2026-07-10 15:16:05,937 [INFO]   Fold  4 | RF=0.849 | GB=0.878 | pos=163
2026-07-10 15:16:18,851 [INFO]   Fold  5 | RF=0.922 | GB=0.955 | pos=253
2026-07-10 15:16:18,855 [INFO]   CV AUC → RF=0.918±0.042 | GB=0.898±0.060 (5 folds utiles)
2026-07-10 15:16:18,971 [INFO]   ✅ RandomForest | CV AUC=0.918±0.042 | F1=0.660 | Thr=0.70 | SMOTE: 5/5 folds
2026-07-10 15:16:18,981 [INFO]   Sauvegardé : models/zonal/model_secheresse_Kumba.pkl
2026-07-10 15:16:18,985 [INFO] 
==================================================
2026-07-10 15:16:18,985 [INFO] Entraînement : Kumba / CHALEUR
2026-07-10 15:16:18,985 [INFO] ==================================================
2026-07-10 15:16:18,985 [INFO] [Features] chaleur: 28 features
2026-07-10 15:16:18,988 [INFO] Dataset : 9512 jours | 1637 positifs (17.2%) | ratio 4.8:1
2026-07-10 15:16:21,361 [INFO]   Fold  1 | RF=0.997 | GB=0.997 | pos=144
2026-07-10 15:16:25,470 [INFO]   Fold  2 | RF=0.969 | GB=0.985 | pos=132
2026-07-10 15:16:31,759 [INFO]   Fold  3 | RF=0.989 | GB=0.990 | pos=219
2026-07-10 15:16:39,977 [INFO]   Fold  4 | RF=0.948 | GB=0.956 | pos=365
2026-07-10 15:16:49,949 [INFO]   Fold  5 | RF=0.945 | GB=0.940 | pos=611
2026-07-10 15:16:49,950 [INFO]   CV AUC → RF=0.970±0.021 | GB=0.973±0.022 (5 folds utiles)
2026-07-10 15:16:49,971 [INFO]   ✅ GradientBoosting | CV AUC=0.973±0.022 | F1=0.841 | Thr=0.30 | SMOTE: 5/5 folds
2026-07-10 15:16:49,975 [INFO]   Sauvegardé : models/zonal/model_chaleur_Kumba.pkl
2026-07-10 15:16:50,005 [INFO] 
[Maroua] 13164 jours (1990-01-01 → 2026-07-09)
2026-07-10 15:16:50,005 [INFO] 
==================================================
2026-07-10 15:16:50,005 [INFO] Entraînement : Maroua / INONDATION
2026-07-10 15:16:50,005 [INFO] ==================================================
2026-07-10 15:16:50,005 [INFO] [Features] inondation: 23 features
2026-07-10 15:16:50,007 [INFO] Dataset : 13164 jours | 3452 positifs (26.2%) | ratio 2.8:1
2026-07-10 15:16:51,969 [INFO]   Fold  1 | RF=0.989 | GB=0.995 | pos=571
2026-07-10 15:16:55,408 [INFO]   Fold  2 | RF=0.997 | GB=1.000 | pos=480
2026-07-10 15:17:00,538 [INFO]   Fold  3 | RF=0.985 | GB=0.976 | pos=582
2026-07-10 15:17:06,909 [INFO]   Fold  4 | RF=0.998 | GB=0.999 | pos=594
2026-07-10 15:17:14,825 [INFO]   Fold  5 | RF=0.989 | GB=0.990 | pos=661
2026-07-10 15:17:14,826 [INFO]   CV AUC → RF=0.992±0.005 | GB=0.992±0.009 (5 folds utiles)
2026-07-10 15:17:14,849 [INFO]   ✅ GradientBoosting | CV AUC=0.992±0.009 | F1=0.950 | Thr=0.55 | SMOTE: 0/5 folds
2026-07-10 15:17:14,851 [INFO]   Sauvegardé : models/zonal/model_inondation_Maroua.pkl
2026-07-10 15:17:14,856 [INFO] 
==================================================
2026-07-10 15:17:14,856 [INFO] Entraînement : Maroua / SECHERESSE
2026-07-10 15:17:14,856 [INFO] ==================================================
2026-07-10 15:17:14,856 [INFO] [Features] secheresse: 31 features
2026-07-10 15:17:14,859 [INFO] Dataset : 13164 jours | 550 positifs (4.2%) | ratio 22.9:1
2026-07-10 15:17:14,862 [WARNING]   [Fold 4] Skip GB — une seule classe après sample_weight (zone=Maroua, risk=secheresse, n_pos_train=0)
2026-07-10 15:17:34,822 [INFO]   Fold  5 | RF=0.629 | GB=0.506 | pos=186
2026-07-10 15:17:34,823 [INFO]   CV AUC → RF=0.629±0.000 | GB=0.506±0.000 (1 folds utiles)
2026-07-10 15:17:34,941 [INFO]   ✅ RandomForest | CV AUC=0.629±0.000 | F1=0.171 | Thr=0.15 | SMOTE: 1/1 folds
2026-07-10 15:17:34,954 [INFO]   Sauvegardé : models/zonal/model_secheresse_Maroua.pkl
2026-07-10 15:17:34,964 [INFO] 
==================================================
2026-07-10 15:17:34,965 [INFO] Entraînement : Maroua / CHALEUR
2026-07-10 15:17:34,965 [INFO] ==================================================
2026-07-10 15:17:34,965 [INFO] [Features] chaleur: 28 features
2026-07-10 15:17:34,983 [INFO] Dataset : 13164 jours | 1670 positifs (12.7%) | ratio 6.9:1
2026-07-10 15:17:38,051 [INFO]   Fold  1 | RF=0.965 | GB=0.973 | pos=197
2026-07-10 15:17:44,263 [INFO]   Fold  2 | RF=0.981 | GB=0.979 | pos=257
2026-07-10 15:17:52,332 [INFO]   Fold  3 | RF=0.987 | GB=0.983 | pos=289
2026-07-10 15:18:04,675 [INFO]   Fold  4 | RF=0.909 | GB=0.900 | pos=339
2026-07-10 15:18:18,066 [INFO]   Fold  5 | RF=0.955 | GB=0.956 | pos=373
2026-07-10 15:18:18,072 [INFO]   CV AUC → RF=0.959±0.028 | GB=0.958±0.030 (5 folds utiles)
2026-07-10 15:18:18,201 [INFO]   ✅ RandomForest | CV AUC=0.959±0.028 | F1=0.758 | Thr=0.50 | SMOTE: 5/5 folds
2026-07-10 15:18:18,237 [INFO]   Sauvegardé : models/zonal/model_chaleur_Maroua.pkl
2026-07-10 15:18:18,301 [INFO] 
[Ngaoundere] 13164 jours (1990-01-01 → 2026-07-09)
2026-07-10 15:18:18,302 [INFO] 
==================================================
2026-07-10 15:18:18,302 [INFO] Entraînement : Ngaoundere / INONDATION
2026-07-10 15:18:18,302 [INFO] ==================================================
2026-07-10 15:18:18,302 [INFO] [Features] inondation: 23 features
2026-07-10 15:18:18,307 [INFO] Dataset : 13164 jours | 722 positifs (5.5%) | ratio 17.2:1
2026-07-10 15:18:20,785 [INFO]   Fold  1 | RF=0.991 | GB=0.994 | pos=81
2026-07-10 15:18:25,304 [INFO]   Fold  2 | RF=0.995 | GB=0.997 | pos=105
2026-07-10 15:18:32,127 [INFO]   Fold  3 | RF=0.998 | GB=0.999 | pos=114
2026-07-10 15:18:41,224 [INFO]   Fold  4 | RF=0.915 | GB=0.864 | pos=131
2026-07-10 15:18:53,397 [INFO]   Fold  5 | RF=0.830 | GB=0.826 | pos=104
2026-07-10 15:18:53,400 [INFO]   CV AUC → RF=0.946±0.065 | GB=0.936±0.075 (5 folds utiles)
2026-07-10 15:18:53,511 [INFO]   ✅ RandomForest | CV AUC=0.946±0.065 | F1=0.285 | Thr=0.40 | SMOTE: 5/5 folds
2026-07-10 15:18:53,521 [INFO]   Sauvegardé : models/zonal/model_inondation_Ngaoundere.pkl
2026-07-10 15:18:53,523 [INFO] 
==================================================
2026-07-10 15:18:53,523 [INFO] Entraînement : Ngaoundere / SECHERESSE
2026-07-10 15:18:53,523 [INFO] ==================================================
2026-07-10 15:18:53,523 [INFO] [Features] secheresse: 31 features
2026-07-10 15:18:53,532 [INFO] Dataset : 13164 jours | 725 positifs (5.5%) | ratio 17.2:1
2026-07-10 15:18:55,844 [INFO]   Fold  1 | RF=0.783 | GB=0.405 | pos=204
2026-07-10 15:19:01,064 [INFO]   Fold  2 | RF=0.996 | GB=0.997 | pos=21
2026-07-10 15:19:09,935 [INFO]   Fold  3 | RF=0.994 | GB=0.994 | pos=43
2026-07-10 15:19:21,649 [INFO]   Fold  4 | RF=0.700 | GB=0.724 | pos=264
2026-07-10 15:19:37,657 [INFO]   Fold  5 | RF=0.810 | GB=0.769 | pos=173
2026-07-10 15:19:37,659 [INFO]   CV AUC → RF=0.856±0.119 | GB=0.778±0.218 (5 folds utiles)
2026-07-10 15:19:37,763 [INFO]   ✅ RandomForest | CV AUC=0.856±0.119 | F1=0.309 | Thr=0.15 | SMOTE: 5/5 folds
2026-07-10 15:19:37,775 [INFO]   Sauvegardé : models/zonal/model_secheresse_Ngaoundere.pkl
2026-07-10 15:19:37,777 [INFO] 
==================================================
2026-07-10 15:19:37,777 [INFO] Entraînement : Ngaoundere / CHALEUR
2026-07-10 15:19:37,777 [INFO] ==================================================
2026-07-10 15:19:37,777 [INFO] [Features] chaleur: 28 features
2026-07-10 15:19:37,786 [INFO] Dataset : 13164 jours | 2897 positifs (22.0%) | ratio 3.5:1
2026-07-10 15:19:40,447 [INFO]   Fold  1 | RF=0.972 | GB=0.982 | pos=318
2026-07-10 15:19:46,858 [INFO]   Fold  2 | RF=0.992 | GB=0.999 | pos=564
2026-07-10 15:19:54,424 [INFO]   Fold  3 | RF=0.998 | GB=0.999 | pos=558
2026-07-10 15:20:03,498 [INFO]   Fold  4 | RF=0.966 | GB=0.969 | pos=495
2026-07-10 15:20:15,742 [INFO]   Fold  5 | RF=0.962 | GB=0.962 | pos=593
2026-07-10 15:20:15,751 [INFO]   CV AUC → RF=0.978±0.014 | GB=0.982±0.015 (5 folds utiles)
2026-07-10 15:20:15,773 [INFO]   ✅ GradientBoosting | CV AUC=0.982±0.015 | F1=0.861 | Thr=0.45 | SMOTE: 2/5 folds
2026-07-10 15:20:15,778 [INFO]   Sauvegardé : models/zonal/model_chaleur_Ngaoundere.pkl
2026-07-10 15:20:15,831 [INFO] 
[Yaounde_peri] 9512 jours (2000-01-01 → 2026-07-09)
2026-07-10 15:20:15,831 [INFO] 
==================================================
2026-07-10 15:20:15,831 [INFO] Entraînement : Yaounde_peri / INONDATION
2026-07-10 15:20:15,831 [INFO] ==================================================
2026-07-10 15:20:15,831 [INFO] [Features] inondation: 23 features
2026-07-10 15:20:15,836 [INFO] Dataset : 9512 jours | 634 positifs (6.7%) | ratio 14.0:1
2026-07-10 15:20:17,916 [INFO]   Fold  1 | RF=0.970 | GB=0.974 | pos=82
2026-07-10 15:20:21,641 [INFO]   Fold  2 | RF=0.998 | GB=1.000 | pos=51
2026-07-10 15:20:27,391 [INFO]   Fold  3 | RF=0.738 | GB=0.755 | pos=112
2026-07-10 15:20:34,464 [INFO]   Fold  4 | RF=0.900 | GB=0.848 | pos=210
2026-07-10 15:20:43,275 [INFO]   Fold  5 | RF=0.823 | GB=0.759 | pos=95
2026-07-10 15:20:43,284 [INFO]   CV AUC → RF=0.886±0.095 | GB=0.867±0.104 (5 folds utiles)
2026-07-10 15:20:43,397 [INFO]   ✅ RandomForest | CV AUC=0.886±0.095 | F1=0.440 | Thr=0.60 | SMOTE: 5/5 folds
2026-07-10 15:20:43,417 [INFO]   Sauvegardé : models/zonal/model_inondation_Yaounde_peri.pkl
2026-07-10 15:20:43,418 [INFO] 
==================================================
2026-07-10 15:20:43,418 [INFO] Entraînement : Yaounde_peri / SECHERESSE
2026-07-10 15:20:43,418 [INFO] ==================================================
2026-07-10 15:20:43,419 [INFO] [Features] secheresse: 31 features
2026-07-10 15:20:43,423 [INFO] Dataset : 9512 jours | 1181 positifs (12.4%) | ratio 7.1:1
2026-07-10 15:20:46,067 [INFO]   Fold  1 | RF=0.922 | GB=0.942 | pos=127
2026-07-10 15:20:51,099 [INFO]   Fold  2 | RF=0.910 | GB=0.915 | pos=412
2026-07-10 15:20:57,064 [INFO]   Fold  3 | RF=0.881 | GB=0.836 | pos=195
2026-07-10 15:21:05,377 [INFO]   Fold  4 | RF=0.962 | GB=0.964 | pos=90
2026-07-10 15:21:16,640 [INFO]   Fold  5 | RF=0.848 | GB=0.873 | pos=273
2026-07-10 15:21:16,647 [INFO]   CV AUC → RF=0.904±0.038 | GB=0.906±0.046 (5 folds utiles)
2026-07-10 15:21:16,666 [INFO]   ✅ GradientBoosting | CV AUC=0.906±0.046 | F1=0.628 | Thr=0.35 | SMOTE: 5/5 folds
2026-07-10 15:21:16,670 [INFO]   Sauvegardé : models/zonal/model_secheresse_Yaounde_peri.pkl
2026-07-10 15:21:16,672 [INFO] 
==================================================
2026-07-10 15:21:16,672 [INFO] Entraînement : Yaounde_peri / CHALEUR
2026-07-10 15:21:16,672 [INFO] ==================================================
2026-07-10 15:21:16,672 [INFO] [Features] chaleur: 28 features
2026-07-10 15:21:16,678 [INFO] Dataset : 9512 jours | 371 positifs (3.9%) | ratio 24.6:1
2026-07-10 15:21:18,778 [INFO]   Fold  1 | RF=0.981 | GB=0.958 | pos=44
2026-07-10 15:21:25,370 [INFO]   Fold  3 | RF=0.982 | GB=0.964 | pos=58
2026-07-10 15:21:34,268 [INFO]   Fold  4 | RF=0.815 | GB=0.602 | pos=118
2026-07-10 15:21:46,633 [INFO]   Fold  5 | RF=0.854 | GB=0.784 | pos=139
2026-07-10 15:21:46,634 [INFO]   CV AUC → RF=0.908±0.075 | GB=0.827±0.149 (4 folds utiles)
2026-07-10 15:21:46,726 [INFO]   ✅ RandomForest | CV AUC=0.908±0.075 | F1=0.473 | Thr=0.55 | SMOTE: 4/4 folds
2026-07-10 15:21:46,758 [INFO]   Sauvegardé : models/zonal/model_chaleur_Yaounde_peri.pkl
2026-07-10 15:23:36,383 [INFO] Entraînement : 1 zones × 3 risques = 3 modèles
2026-07-10 15:23:36,383 [INFO] Walk-forward : 5 folds, gap=30j, SMOTE trigger=5:1
2026-07-10 15:23:36,413 [INFO] 
[Garoua] 13164 jours (1990-01-01 → 2026-07-09)
2026-07-10 15:23:36,413 [INFO] 
==================================================
2026-07-10 15:23:36,413 [INFO] Entraînement : Garoua / INONDATION
2026-07-10 15:23:36,413 [INFO] ==================================================
2026-07-10 15:23:36,413 [INFO] [Features] inondation: 23 features
2026-07-10 15:23:36,421 [INFO] Dataset : 13164 jours | 1574 positifs (12.0%) | ratio 7.4:1
2026-07-10 15:23:38,164 [INFO]   Fold  1 | RF=0.996 | GB=0.997 | pos=447
2026-07-10 15:23:41,376 [INFO]   Fold  2 | RF=0.999 | GB=0.999 | pos=392
2026-07-10 15:23:46,052 [INFO]   Fold  3 | RF=0.577 | GB=0.136 | pos=46
2026-07-10 15:23:53,152 [INFO]   Fold  5 | RF=0.924 | GB=0.930 | pos=228
2026-07-10 15:23:53,153 [INFO]   CV AUC → RF=0.874±0.174 | GB=0.766±0.364 (4 folds utiles)
2026-07-10 15:23:53,245 [INFO]   ✅ RandomForest | CV AUC=0.874±0.174 | F1=0.740 | Thr=0.55 | SMOTE: 1/4 folds
2026-07-10 15:23:53,256 [INFO]   Sauvegardé : models/zonal/model_inondation_Garoua.pkl
2026-07-10 15:23:53,257 [INFO] 
==================================================
2026-07-10 15:23:53,257 [INFO] Entraînement : Garoua / SECHERESSE
2026-07-10 15:23:53,257 [INFO] ==================================================
2026-07-10 15:23:53,257 [INFO] [Features] secheresse: 31 features
2026-07-10 15:23:53,260 [INFO] Dataset : 13164 jours | 519 positifs (3.9%) | ratio 24.4:1
2026-07-10 15:24:01,422 [INFO]   Fold  4 | RF=0.499 | GB=0.496 | pos=364
2026-07-10 15:24:12,259 [INFO]   Fold  5 | RF=0.829 | GB=0.765 | pos=151
2026-07-10 15:24:12,260 [INFO]   CV AUC → RF=0.664±0.165 | GB=0.630±0.135 (2 folds utiles)
2026-07-10 15:24:12,390 [INFO]   ✅ RandomForest | CV AUC=0.664±0.165 | F1=0.310 | Thr=0.60 | SMOTE: 1/2 folds
2026-07-10 15:24:12,398 [INFO]   Sauvegardé : models/zonal/model_secheresse_Garoua.pkl
2026-07-10 15:24:12,400 [INFO] 
==================================================
2026-07-10 15:24:12,400 [INFO] Entraînement : Garoua / CHALEUR
2026-07-10 15:24:12,400 [INFO] ==================================================
2026-07-10 15:24:12,400 [INFO] [Features] chaleur: 28 features
2026-07-10 15:24:12,412 [INFO] Dataset : 13164 jours | 2216 positifs (16.8%) | ratio 4.9:1
2026-07-10 15:24:14,982 [INFO]   Fold  1 | RF=0.956 | GB=0.966 | pos=475
2026-07-10 15:24:19,382 [INFO]   Fold  2 | RF=0.965 | GB=0.971 | pos=683
2026-07-10 15:24:26,933 [INFO]   Fold  4 | RF=0.488 | GB=0.303 | pos=92
2026-07-10 15:24:35,995 [INFO]   Fold  5 | RF=0.949 | GB=0.957 | pos=379
2026-07-10 15:24:35,996 [INFO]   CV AUC → RF=0.840±0.203 | GB=0.799±0.287 (4 folds utiles)
2026-07-10 15:24:36,136 [INFO]   ✅ RandomForest | CV AUC=0.840±0.203 | F1=0.772 | Thr=0.45 | SMOTE: 0/4 folds
2026-07-10 15:24:36,146 [INFO]   Sauvegardé : models/zonal/model_chaleur_Garoua.pkl
2026-07-10 15:44:33,582 [INFO] Entraînement : 8 zones × 3 risques = 24 modèles
2026-07-10 15:44:33,582 [INFO] Walk-forward : 5 folds, gap=30j, SMOTE trigger=5:1
2026-07-10 15:44:33,627 [INFO] 
[Bafoussam] 13164 jours (1990-01-01 → 2026-07-09)
2026-07-10 15:44:33,628 [INFO] 
==================================================
2026-07-10 15:44:33,628 [INFO] Entraînement : Bafoussam / INONDATION
2026-07-10 15:44:33,628 [INFO] ==================================================
2026-07-10 15:44:33,628 [INFO] [Features] inondation: 23 features
2026-07-10 15:44:33,633 [INFO] Dataset : 13164 jours | 269 positifs (2.0%) | ratio 47.9:1
2026-07-10 15:44:41,103 [INFO]   Fold  4 | RF=0.742 | GB=0.645 | pos=97
2026-07-10 15:44:54,311 [INFO]   Fold  5 | RF=0.931 | GB=0.932 | pos=165
2026-07-10 15:44:54,313 [INFO]   CV AUC → RF=0.837±0.095 | GB=0.789±0.143 (2 folds utiles)
2026-07-10 15:44:54,415 [INFO]   ✅ RandomForest | CV AUC=0.837±0.095 | F1=0.516 | Thr=0.40 | SMOTE: 2/2 folds
2026-07-10 15:44:54,423 [INFO]   Sauvegardé : models/zonal/model_inondation_Bafoussam.pkl
2026-07-10 15:44:54,425 [INFO] 
==================================================
2026-07-10 15:44:54,425 [INFO] Entraînement : Bafoussam / SECHERESSE
2026-07-10 15:44:54,425 [INFO] ==================================================
2026-07-10 15:44:54,425 [INFO] [Features] secheresse: 31 features
2026-07-10 15:44:54,428 [INFO] Dataset : 13164 jours | 423 positifs (3.2%) | ratio 30.1:1
2026-07-10 15:44:57,719 [INFO]   Fold  1 | RF=0.823 | GB=0.594 | pos=47
2026-07-10 15:45:04,468 [INFO]   Fold  2 | RF=0.698 | GB=0.660 | pos=37
2026-07-10 15:45:16,814 [INFO]   Fold  3 | RF=0.957 | GB=0.963 | pos=32
2026-07-10 15:45:30,425 [INFO]   Fold  4 | RF=0.422 | GB=0.525 | pos=101
2026-07-10 15:45:47,511 [INFO]   Fold  5 | RF=0.720 | GB=0.507 | pos=178
2026-07-10 15:45:47,513 [INFO]   CV AUC → RF=0.724±0.177 | GB=0.650±0.166 (5 folds utiles)
2026-07-10 15:45:47,618 [INFO]   ✅ RandomForest | CV AUC=0.724±0.177 | F1=0.408 | Thr=0.25 | SMOTE: 5/5 folds
2026-07-10 15:45:47,626 [INFO]   Sauvegardé : models/zonal/model_secheresse_Bafoussam.pkl
2026-07-10 15:45:47,632 [INFO] 
==================================================
2026-07-10 15:45:47,632 [INFO] Entraînement : Bafoussam / CHALEUR
2026-07-10 15:45:47,632 [INFO] ==================================================
2026-07-10 15:45:47,632 [INFO] [Features] chaleur: 28 features
2026-07-10 15:45:47,634 [INFO] Dataset : 13164 jours | 2174 positifs (16.5%) | ratio 5.1:1
2026-07-10 15:45:50,691 [INFO]   Fold  1 | RF=0.989 | GB=0.988 | pos=325
2026-07-10 15:45:56,296 [INFO]   Fold  2 | RF=0.993 | GB=0.989 | pos=374
2026-07-10 15:46:04,024 [INFO]   Fold  3 | RF=0.991 | GB=0.991 | pos=391
2026-07-10 15:46:14,039 [INFO]   Fold  4 | RF=0.970 | GB=0.972 | pos=419
2026-07-10 15:46:26,514 [INFO]   Fold  5 | RF=0.961 | GB=0.959 | pos=455
2026-07-10 15:46:26,517 [INFO]   CV AUC → RF=0.981±0.013 | GB=0.980±0.013 (5 folds utiles)
2026-07-10 15:46:26,619 [INFO]   ✅ RandomForest | CV AUC=0.981±0.013 | F1=0.840 | Thr=0.55 | SMOTE: 5/5 folds
2026-07-10 15:46:26,633 [INFO]   Sauvegardé : models/zonal/model_chaleur_Bafoussam.pkl
2026-07-10 15:46:26,676 [INFO] 
[Ebolowa] 9512 jours (2000-01-01 → 2026-07-09)
2026-07-10 15:46:26,677 [INFO] 
==================================================
2026-07-10 15:46:26,677 [INFO] Entraînement : Ebolowa / INONDATION
2026-07-10 15:46:26,677 [INFO] ==================================================
2026-07-10 15:46:26,677 [INFO] [Features] inondation: 23 features
2026-07-10 15:46:26,681 [INFO] Dataset : 9512 jours | 182 positifs (1.9%) | ratio 51.3:1
2026-07-10 15:46:26,683 [WARNING]   [Fold 4] Skip GB — une seule classe après sample_weight (zone=Ebolowa, risk=inondation, n_pos_train=0)
2026-07-10 15:46:33,994 [INFO]   Fold  5 | RF=0.955 | GB=0.951 | pos=77
2026-07-10 15:46:33,994 [INFO]   CV AUC → RF=0.955±0.000 | GB=0.951±0.000 (1 folds utiles)
2026-07-10 15:46:34,100 [INFO]   ✅ RandomForest | CV AUC=0.955±0.000 | F1=0.497 | Thr=0.35 | SMOTE: 1/1 folds
2026-07-10 15:46:34,105 [INFO]   Sauvegardé : models/zonal/model_inondation_Ebolowa.pkl
2026-07-10 15:46:34,106 [INFO] 
==================================================
2026-07-10 15:46:34,106 [INFO] Entraînement : Ebolowa / SECHERESSE
2026-07-10 15:46:34,106 [INFO] ==================================================
2026-07-10 15:46:34,107 [INFO] [Features] secheresse: 31 features
2026-07-10 15:46:34,117 [INFO] Dataset : 9512 jours | 885 positifs (9.3%) | ratio 9.7:1
2026-07-10 15:46:36,791 [INFO]   Fold  1 | RF=0.975 | GB=0.957 | pos=71
2026-07-10 15:46:41,753 [INFO]   Fold  2 | RF=0.972 | GB=0.979 | pos=36
2026-07-10 15:46:49,186 [INFO]   Fold  3 | RF=0.887 | GB=0.805 | pos=121
2026-07-10 15:46:59,215 [INFO]   Fold  4 | RF=0.719 | GB=0.488 | pos=438
2026-07-10 15:47:09,441 [INFO]   Fold  5 | RF=0.885 | GB=0.899 | pos=186
2026-07-10 15:47:09,448 [INFO]   CV AUC → RF=0.888±0.093 | GB=0.826±0.179 (5 folds utiles)
2026-07-10 15:47:09,549 [INFO]   ✅ RandomForest | CV AUC=0.888±0.093 | F1=0.516 | Thr=0.40 | SMOTE: 5/5 folds
2026-07-10 15:47:09,558 [INFO]   Sauvegardé : models/zonal/model_secheresse_Ebolowa.pkl
2026-07-10 15:47:09,564 [INFO] 
==================================================
2026-07-10 15:47:09,564 [INFO] Entraînement : Ebolowa / CHALEUR
2026-07-10 15:47:09,564 [INFO] ==================================================
2026-07-10 15:47:09,564 [INFO] [Features] chaleur: 28 features
2026-07-10 15:47:09,568 [INFO] Dataset : 9512 jours | 404 positifs (4.2%) | ratio 22.5:1
2026-07-10 15:47:11,355 [INFO]   Fold  1 | RF=0.945 | GB=0.905 | pos=41
2026-07-10 15:47:15,808 [INFO]   Fold  2 | RF=0.940 | GB=0.925 | pos=6
2026-07-10 15:47:22,620 [INFO]   Fold  3 | RF=0.982 | GB=0.970 | pos=33
2026-07-10 15:47:32,106 [INFO]   Fold  4 | RF=0.972 | GB=0.858 | pos=27
2026-07-10 15:47:44,126 [INFO]   Fold  5 | RF=0.847 | GB=0.851 | pos=293
2026-07-10 15:47:44,130 [INFO]   CV AUC → RF=0.937±0.048 | GB=0.902±0.044 (5 folds utiles)
2026-07-10 15:47:44,223 [INFO]   ✅ RandomForest | CV AUC=0.937±0.048 | F1=0.663 | Thr=0.45 | SMOTE: 4/5 folds
2026-07-10 15:47:44,229 [INFO]   Sauvegardé : models/zonal/model_chaleur_Ebolowa.pkl
2026-07-10 15:47:44,273 [INFO] 
[Garoua] 13164 jours (1990-01-01 → 2026-07-09)
2026-07-10 15:47:44,274 [INFO] 
==================================================
2026-07-10 15:47:44,274 [INFO] Entraînement : Garoua / INONDATION
2026-07-10 15:47:44,274 [INFO] ==================================================
2026-07-10 15:47:44,274 [INFO] [Features] inondation: 23 features
2026-07-10 15:47:44,278 [INFO] Dataset : 13164 jours | 523 positifs (4.0%) | ratio 24.2:1
2026-07-10 15:47:46,734 [INFO]   Fold  1 | RF=0.979 | GB=0.981 | pos=142
2026-07-10 15:47:51,562 [INFO]   Fold  2 | RF=0.989 | GB=0.988 | pos=59
2026-07-10 15:47:59,066 [INFO]   Fold  3 | RF=0.360 | GB=0.103 | pos=46
2026-07-10 15:48:08,316 [INFO]   Fold  5 | RF=0.901 | GB=0.909 | pos=123
2026-07-10 15:48:08,319 [INFO]   CV AUC → RF=0.807±0.260 | GB=0.745±0.372 (4 folds utiles)
2026-07-10 15:48:08,425 [INFO]   ✅ RandomForest | CV AUC=0.807±0.260 | F1=0.334 | Thr=0.35 | SMOTE: 4/4 folds
2026-07-10 15:48:08,433 [INFO]   Sauvegardé : models/zonal/model_inondation_Garoua.pkl
2026-07-10 15:48:08,435 [INFO] 
==================================================
2026-07-10 15:48:08,435 [INFO] Entraînement : Garoua / SECHERESSE
2026-07-10 15:48:08,435 [INFO] ==================================================
2026-07-10 15:48:08,435 [INFO] [Features] secheresse: 31 features
2026-07-10 15:48:08,440 [INFO] Dataset : 13164 jours | 519 positifs (3.9%) | ratio 24.4:1
2026-07-10 15:48:16,391 [INFO]   Fold  4 | RF=0.499 | GB=0.496 | pos=364
2026-07-10 15:48:27,050 [INFO]   Fold  5 | RF=0.829 | GB=0.765 | pos=151
2026-07-10 15:48:27,051 [INFO]   CV AUC → RF=0.664±0.165 | GB=0.630±0.135 (2 folds utiles)
2026-07-10 15:48:27,156 [INFO]   ✅ RandomForest | CV AUC=0.664±0.165 | F1=0.310 | Thr=0.60 | SMOTE: 1/2 folds
2026-07-10 15:48:27,161 [INFO]   Sauvegardé : models/zonal/model_secheresse_Garoua.pkl
2026-07-10 15:48:27,165 [INFO] 
==================================================
2026-07-10 15:48:27,165 [INFO] Entraînement : Garoua / CHALEUR
2026-07-10 15:48:27,165 [INFO] ==================================================
2026-07-10 15:48:27,166 [INFO] [Features] chaleur: 28 features
2026-07-10 15:48:27,172 [INFO] Dataset : 13164 jours | 2216 positifs (16.8%) | ratio 4.9:1
2026-07-10 15:48:29,596 [INFO]   Fold  1 | RF=0.956 | GB=0.966 | pos=475
2026-07-10 15:48:36,383 [INFO]   Fold  2 | RF=0.965 | GB=0.971 | pos=683
2026-07-10 15:48:44,276 [INFO]   Fold  4 | RF=0.488 | GB=0.303 | pos=92
2026-07-10 15:48:53,084 [INFO]   Fold  5 | RF=0.949 | GB=0.957 | pos=379
2026-07-10 15:48:53,086 [INFO]   CV AUC → RF=0.840±0.203 | GB=0.799±0.287 (4 folds utiles)
2026-07-10 15:48:53,203 [INFO]   ✅ RandomForest | CV AUC=0.840±0.203 | F1=0.772 | Thr=0.45 | SMOTE: 0/4 folds
2026-07-10 15:48:53,219 [INFO]   Sauvegardé : models/zonal/model_chaleur_Garoua.pkl
2026-07-10 15:48:53,267 [INFO] 
[Kribi] 9528 jours (2000-01-01 → 2026-07-09)
2026-07-10 15:48:53,269 [INFO] 
==================================================
2026-07-10 15:48:53,269 [INFO] Entraînement : Kribi / INONDATION
2026-07-10 15:48:53,269 [INFO] ==================================================
2026-07-10 15:48:53,269 [INFO] [Features] inondation: 23 features
2026-07-10 15:48:53,270 [INFO] Dataset : 9528 jours | 1062 positifs (11.1%) | ratio 8.0:1
2026-07-10 15:48:55,183 [INFO]   Fold  1 | RF=0.985 | GB=0.989 | pos=105
2026-07-10 15:48:58,789 [INFO]   Fold  2 | RF=0.993 | GB=0.998 | pos=92
2026-07-10 15:49:04,801 [INFO]   Fold  3 | RF=0.990 | GB=0.998 | pos=115
2026-07-10 15:49:12,390 [INFO]   Fold  4 | RF=0.805 | GB=0.798 | pos=401
2026-07-10 15:49:21,060 [INFO]   Fold  5 | RF=0.920 | GB=0.937 | pos=213
2026-07-10 15:49:21,063 [INFO]   CV AUC → RF=0.938±0.072 | GB=0.944±0.076 (5 folds utiles)
2026-07-10 15:49:21,082 [INFO]   ✅ GradientBoosting | CV AUC=0.944±0.076 | F1=0.800 | Thr=0.80 | SMOTE: 5/5 folds
2026-07-10 15:49:21,086 [INFO]   Sauvegardé : models/zonal/model_inondation_Kribi.pkl
2026-07-10 15:49:21,087 [INFO] 
==================================================
2026-07-10 15:49:21,087 [INFO] Entraînement : Kribi / SECHERESSE
2026-07-10 15:49:21,087 [INFO] ==================================================
2026-07-10 15:49:21,087 [INFO] [Features] secheresse: 31 features
2026-07-10 15:49:21,091 [INFO] Dataset : 9528 jours | 972 positifs (10.2%) | ratio 8.8:1
2026-07-10 15:49:23,615 [INFO]   Fold  1 | RF=0.916 | GB=0.940 | pos=189
2026-07-10 15:49:28,323 [INFO]   Fold  2 | RF=0.946 | GB=0.947 | pos=145
2026-07-10 15:49:35,321 [INFO]   Fold  3 | RF=0.855 | GB=0.915 | pos=214
2026-07-10 15:49:46,044 [INFO]   Fold  4 | RF=0.994 | GB=0.997 | pos=68
2026-07-10 15:49:58,356 [INFO]   Fold  5 | RF=0.898 | GB=0.922 | pos=226
2026-07-10 15:49:58,359 [INFO]   CV AUC → RF=0.922±0.047 | GB=0.944±0.029 (5 folds utiles)
2026-07-10 15:49:58,380 [INFO]   ✅ GradientBoosting | CV AUC=0.944±0.029 | F1=0.681 | Thr=0.35 | SMOTE: 5/5 folds
2026-07-10 15:49:58,383 [INFO]   Sauvegardé : models/zonal/model_secheresse_Kribi.pkl
2026-07-10 15:49:58,385 [INFO] 
==================================================
2026-07-10 15:49:58,385 [INFO] Entraînement : Kribi / CHALEUR
2026-07-10 15:49:58,385 [INFO] ==================================================
2026-07-10 15:49:58,385 [INFO] [Features] chaleur: 28 features
2026-07-10 15:49:58,387 [INFO] Dataset : 9528 jours | 17 positifs (0.2%) | ratio 559.5:1
2026-07-10 15:50:02,269 [INFO]   Fold  4 | RF=0.495 | GB=0.500 | pos=5
2026-07-10 15:50:13,673 [INFO]   Fold  5 | RF=0.730 | GB=0.598 | pos=10
2026-07-10 15:50:13,676 [INFO]   CV AUC → RF=0.613±0.117 | GB=0.549±0.049 (2 folds utiles)
2026-07-10 15:50:13,791 [INFO]   ✅ RandomForest | CV AUC=0.613±0.117 | F1=0.000 | Thr=0.50 | SMOTE: 1/2 folds
2026-07-10 15:50:13,795 [INFO]   Sauvegardé : models/zonal/model_chaleur_Kribi.pkl
2026-07-10 15:50:13,832 [INFO] 
[Kumba] 9512 jours (2000-01-01 → 2026-07-09)
2026-07-10 15:50:13,832 [INFO] 
==================================================
2026-07-10 15:50:13,832 [INFO] Entraînement : Kumba / INONDATION
2026-07-10 15:50:13,832 [INFO] ==================================================
2026-07-10 15:50:13,832 [INFO] [Features] inondation: 23 features
2026-07-10 15:50:13,834 [INFO] Dataset : 9512 jours | 199 positifs (2.1%) | ratio 46.8:1
2026-07-10 15:50:13,836 [WARNING]   [Fold 3] Skip GB — une seule classe après sample_weight (zone=Kumba, risk=inondation, n_pos_train=0)
2026-07-10 15:50:19,749 [INFO]   Fold  4 | RF=0.708 | GB=0.403 | pos=107
2026-07-10 15:50:30,525 [INFO]   Fold  5 | RF=0.916 | GB=0.928 | pos=47
2026-07-10 15:50:30,526 [INFO]   CV AUC → RF=0.812±0.104 | GB=0.665±0.262 (2 folds utiles)
2026-07-10 15:50:30,630 [INFO]   ✅ RandomForest | CV AUC=0.812±0.104 | F1=0.284 | Thr=0.35 | SMOTE: 2/2 folds
2026-07-10 15:50:30,635 [INFO]   Sauvegardé : models/zonal/model_inondation_Kumba.pkl
2026-07-10 15:50:30,637 [INFO] 
==================================================
2026-07-10 15:50:30,637 [INFO] Entraînement : Kumba / SECHERESSE
2026-07-10 15:50:30,637 [INFO] ==================================================
2026-07-10 15:50:30,637 [INFO] [Features] secheresse: 31 features
2026-07-10 15:50:30,646 [INFO] Dataset : 9512 jours | 372 positifs (3.9%) | ratio 24.6:1
2026-07-10 15:50:33,489 [INFO]   Fold  1 | RF=0.961 | GB=0.920 | pos=22
2026-07-10 15:50:38,584 [INFO]   Fold  2 | RF=0.992 | GB=0.996 | pos=6
2026-07-10 15:50:46,447 [INFO]   Fold  3 | RF=0.920 | GB=0.839 | pos=81
2026-07-10 15:50:57,423 [INFO]   Fold  4 | RF=0.796 | GB=0.854 | pos=80
2026-07-10 15:51:12,910 [INFO]   Fold  5 | RF=0.864 | GB=0.873 | pos=155
2026-07-10 15:51:12,912 [INFO]   CV AUC → RF=0.907±0.070 | GB=0.896±0.057 (5 folds utiles)
2026-07-10 15:51:13,032 [INFO]   ✅ RandomForest | CV AUC=0.907±0.070 | F1=0.463 | Thr=0.60 | SMOTE: 5/5 folds
2026-07-10 15:51:13,040 [INFO]   Sauvegardé : models/zonal/model_secheresse_Kumba.pkl
2026-07-10 15:51:13,040 [INFO] 
==================================================
2026-07-10 15:51:13,041 [INFO] Entraînement : Kumba / CHALEUR
2026-07-10 15:51:13,041 [INFO] ==================================================
2026-07-10 15:51:13,041 [INFO] [Features] chaleur: 28 features
2026-07-10 15:51:13,049 [INFO] Dataset : 9512 jours | 1637 positifs (17.2%) | ratio 4.8:1
2026-07-10 15:51:15,530 [INFO]   Fold  1 | RF=0.997 | GB=0.997 | pos=144
2026-07-10 15:51:20,388 [INFO]   Fold  2 | RF=0.969 | GB=0.985 | pos=132
2026-07-10 15:51:27,015 [INFO]   Fold  3 | RF=0.989 | GB=0.990 | pos=219
2026-07-10 15:51:35,820 [INFO]   Fold  4 | RF=0.948 | GB=0.956 | pos=365
2026-07-10 15:51:46,173 [INFO]   Fold  5 | RF=0.945 | GB=0.940 | pos=611
2026-07-10 15:51:46,175 [INFO]   CV AUC → RF=0.970±0.021 | GB=0.973±0.022 (5 folds utiles)
2026-07-10 15:51:46,197 [INFO]   ✅ GradientBoosting | CV AUC=0.973±0.022 | F1=0.841 | Thr=0.30 | SMOTE: 5/5 folds
2026-07-10 15:51:46,202 [INFO]   Sauvegardé : models/zonal/model_chaleur_Kumba.pkl
2026-07-10 15:51:46,246 [INFO] 
[Maroua] 13164 jours (1990-01-01 → 2026-07-09)
2026-07-10 15:51:46,246 [INFO] 
==================================================
2026-07-10 15:51:46,246 [INFO] Entraînement : Maroua / INONDATION
2026-07-10 15:51:46,246 [INFO] ==================================================
2026-07-10 15:51:46,247 [INFO] [Features] inondation: 23 features
2026-07-10 15:51:46,250 [INFO] Dataset : 13164 jours | 1664 positifs (12.6%) | ratio 6.9:1
2026-07-10 15:51:49,568 [INFO]   Fold  1 | RF=0.985 | GB=0.989 | pos=278
2026-07-10 15:51:53,938 [INFO]   Fold  2 | RF=0.993 | GB=0.998 | pos=165
2026-07-10 15:52:01,277 [INFO]   Fold  3 | RF=0.981 | GB=0.971 | pos=300
2026-07-10 15:52:14,442 [INFO]   Fold  4 | RF=0.997 | GB=0.999 | pos=299
2026-07-10 15:52:29,356 [INFO]   Fold  5 | RF=0.990 | GB=0.988 | pos=353
2026-07-10 15:52:29,359 [INFO]   CV AUC → RF=0.989±0.006 | GB=0.989±0.010 (5 folds utiles)
2026-07-10 15:52:29,489 [INFO]   ✅ RandomForest | CV AUC=0.989±0.006 | F1=0.886 | Thr=0.55 | SMOTE: 5/5 folds
2026-07-10 15:52:29,507 [INFO]   Sauvegardé : models/zonal/model_inondation_Maroua.pkl
2026-07-10 15:52:29,511 [INFO] 
==================================================
2026-07-10 15:52:29,511 [INFO] Entraînement : Maroua / SECHERESSE
2026-07-10 15:52:29,511 [INFO] ==================================================
2026-07-10 15:52:29,511 [INFO] [Features] secheresse: 31 features
2026-07-10 15:52:29,538 [INFO] Dataset : 13164 jours | 547 positifs (4.2%) | ratio 23.1:1
2026-07-10 15:52:29,553 [WARNING]   [Fold 4] Skip GB — une seule classe après sample_weight (zone=Maroua, risk=secheresse, n_pos_train=0)
2026-07-10 15:52:46,420 [INFO]   Fold  5 | RF=0.631 | GB=0.510 | pos=183
2026-07-10 15:52:46,420 [INFO]   CV AUC → RF=0.631±0.000 | GB=0.510±0.000 (1 folds utiles)
2026-07-10 15:52:46,580 [INFO]   ✅ RandomForest | CV AUC=0.631±0.000 | F1=0.172 | Thr=0.15 | SMOTE: 1/1 folds
2026-07-10 15:52:46,592 [INFO]   Sauvegardé : models/zonal/model_secheresse_Maroua.pkl
2026-07-10 15:52:46,595 [INFO] 
==================================================
2026-07-10 15:52:46,595 [INFO] Entraînement : Maroua / CHALEUR
2026-07-10 15:52:46,595 [INFO] ==================================================
2026-07-10 15:52:46,595 [INFO] [Features] chaleur: 28 features
2026-07-10 15:52:46,605 [INFO] Dataset : 13164 jours | 1670 positifs (12.7%) | ratio 6.9:1
2026-07-10 15:52:49,811 [INFO]   Fold  1 | RF=0.965 | GB=0.973 | pos=197
2026-07-10 15:52:58,954 [INFO]   Fold  2 | RF=0.981 | GB=0.979 | pos=257
2026-07-10 15:53:07,329 [INFO]   Fold  3 | RF=0.987 | GB=0.983 | pos=289
2026-07-10 15:53:17,895 [INFO]   Fold  4 | RF=0.909 | GB=0.900 | pos=339
2026-07-10 15:53:32,712 [INFO]   Fold  5 | RF=0.955 | GB=0.956 | pos=373
2026-07-10 15:53:32,716 [INFO]   CV AUC → RF=0.959±0.028 | GB=0.958±0.030 (5 folds utiles)
2026-07-10 15:53:32,834 [INFO]   ✅ RandomForest | CV AUC=0.959±0.028 | F1=0.758 | Thr=0.50 | SMOTE: 5/5 folds
2026-07-10 15:53:32,856 [INFO]   Sauvegardé : models/zonal/model_chaleur_Maroua.pkl
2026-07-10 15:53:32,919 [INFO] 
[Ngaoundere] 13164 jours (1990-01-01 → 2026-07-09)
2026-07-10 15:53:32,920 [INFO] 
==================================================
2026-07-10 15:53:32,920 [INFO] Entraînement : Ngaoundere / INONDATION
2026-07-10 15:53:32,920 [INFO] ==================================================
2026-07-10 15:53:32,920 [INFO] [Features] inondation: 23 features
2026-07-10 15:53:32,924 [INFO] Dataset : 13164 jours | 779 positifs (5.9%) | ratio 15.9:1
2026-07-10 15:53:35,467 [INFO]   Fold  1 | RF=0.992 | GB=0.995 | pos=93
2026-07-10 15:53:40,021 [INFO]   Fold  2 | RF=0.990 | GB=0.995 | pos=114
2026-07-10 15:53:46,961 [INFO]   Fold  3 | RF=0.996 | GB=0.999 | pos=107
2026-07-10 15:53:56,624 [INFO]   Fold  4 | RF=0.888 | GB=0.853 | pos=136
2026-07-10 15:54:13,059 [INFO]   Fold  5 | RF=0.808 | GB=0.799 | pos=98
2026-07-10 15:54:13,062 [INFO]   CV AUC → RF=0.935±0.075 | GB=0.928±0.085 (5 folds utiles)
2026-07-10 15:54:13,186 [INFO]   ✅ RandomForest | CV AUC=0.935±0.075 | F1=0.262 | Thr=0.35 | SMOTE: 5/5 folds
2026-07-10 15:54:13,196 [INFO]   Sauvegardé : models/zonal/model_inondation_Ngaoundere.pkl
2026-07-10 15:54:13,200 [INFO] 
==================================================
2026-07-10 15:54:13,200 [INFO] Entraînement : Ngaoundere / SECHERESSE
2026-07-10 15:54:13,200 [INFO] ==================================================
2026-07-10 15:54:13,200 [INFO] [Features] secheresse: 31 features
2026-07-10 15:54:13,219 [INFO] Dataset : 13164 jours | 743 positifs (5.6%) | ratio 16.7:1
2026-07-10 15:54:16,863 [INFO]   Fold  1 | RF=0.818 | GB=0.628 | pos=203
2026-07-10 15:54:22,299 [INFO]   Fold  2 | RF=0.988 | GB=0.979 | pos=14
2026-07-10 15:54:30,560 [INFO]   Fold  3 | RF=0.998 | GB=1.000 | pos=31
2026-07-10 15:54:42,328 [INFO]   Fold  4 | RF=0.686 | GB=0.662 | pos=259
2026-07-10 15:54:57,783 [INFO]   Fold  5 | RF=0.711 | GB=0.707 | pos=224
2026-07-10 15:54:57,784 [INFO]   CV AUC → RF=0.840±0.133 | GB=0.795±0.161 (5 folds utiles)
2026-07-10 15:54:57,911 [INFO]   ✅ RandomForest | CV AUC=0.840±0.133 | F1=0.277 | Thr=0.20 | SMOTE: 5/5 folds
2026-07-10 15:54:57,922 [INFO]   Sauvegardé : models/zonal/model_secheresse_Ngaoundere.pkl
2026-07-10 15:54:57,924 [INFO] 
==================================================
2026-07-10 15:54:57,924 [INFO] Entraînement : Ngaoundere / CHALEUR
2026-07-10 15:54:57,924 [INFO] ==================================================
2026-07-10 15:54:57,924 [INFO] [Features] chaleur: 28 features
2026-07-10 15:54:57,928 [INFO] Dataset : 13164 jours | 2897 positifs (22.0%) | ratio 3.5:1
2026-07-10 15:55:01,033 [INFO]   Fold  1 | RF=0.972 | GB=0.982 | pos=318
2026-07-10 15:55:06,152 [INFO]   Fold  2 | RF=0.992 | GB=0.999 | pos=564
2026-07-10 15:55:12,512 [INFO]   Fold  3 | RF=0.998 | GB=0.999 | pos=558
2026-07-10 15:55:21,041 [INFO]   Fold  4 | RF=0.966 | GB=0.969 | pos=495
2026-07-10 15:55:31,596 [INFO]   Fold  5 | RF=0.962 | GB=0.962 | pos=593
2026-07-10 15:55:31,598 [INFO]   CV AUC → RF=0.978±0.014 | GB=0.982±0.015 (5 folds utiles)
2026-07-10 15:55:31,619 [INFO]   ✅ GradientBoosting | CV AUC=0.982±0.015 | F1=0.861 | Thr=0.45 | SMOTE: 2/5 folds
2026-07-10 15:55:31,624 [INFO]   Sauvegardé : models/zonal/model_chaleur_Ngaoundere.pkl
2026-07-10 15:55:31,665 [INFO] 
[Yaounde_peri] 9512 jours (2000-01-01 → 2026-07-09)
2026-07-10 15:55:31,666 [INFO] 
==================================================
2026-07-10 15:55:31,666 [INFO] Entraînement : Yaounde_peri / INONDATION
2026-07-10 15:55:31,666 [INFO] ==================================================
2026-07-10 15:55:31,666 [INFO] [Features] inondation: 23 features
2026-07-10 15:55:31,671 [INFO] Dataset : 9512 jours | 921 positifs (9.7%) | ratio 9.3:1
2026-07-10 15:55:33,760 [INFO]   Fold  1 | RF=0.980 | GB=0.992 | pos=141
2026-07-10 15:55:37,473 [INFO]   Fold  2 | RF=0.996 | GB=0.998 | pos=74
2026-07-10 15:55:42,381 [INFO]   Fold  3 | RF=0.814 | GB=0.825 | pos=163
2026-07-10 15:55:49,178 [INFO]   Fold  4 | RF=0.923 | GB=0.897 | pos=265
2026-07-10 15:55:57,449 [INFO]   Fold  5 | RF=0.887 | GB=0.850 | pos=138
2026-07-10 15:55:57,452 [INFO]   CV AUC → RF=0.920±0.066 | GB=0.912±0.071 (5 folds utiles)
2026-07-10 15:55:57,557 [INFO]   ✅ RandomForest | CV AUC=0.920±0.066 | F1=0.667 | Thr=0.50 | SMOTE: 5/5 folds
2026-07-10 15:55:57,571 [INFO]   Sauvegardé : models/zonal/model_inondation_Yaounde_peri.pkl
2026-07-10 15:55:57,574 [INFO] 
==================================================
2026-07-10 15:55:57,574 [INFO] Entraînement : Yaounde_peri / SECHERESSE
2026-07-10 15:55:57,574 [INFO] ==================================================
2026-07-10 15:55:57,574 [INFO] [Features] secheresse: 31 features
2026-07-10 15:55:57,582 [INFO] Dataset : 9512 jours | 1120 positifs (11.8%) | ratio 7.5:1
2026-07-10 15:56:00,504 [INFO]   Fold  1 | RF=0.932 | GB=0.938 | pos=96
2026-07-10 15:56:05,459 [INFO]   Fold  2 | RF=0.837 | GB=0.893 | pos=400
2026-07-10 15:56:11,253 [INFO]   Fold  3 | RF=0.883 | GB=0.849 | pos=191
2026-07-10 15:56:20,028 [INFO]   Fold  4 | RF=0.959 | GB=0.969 | pos=86
2026-07-10 15:56:30,712 [INFO]   Fold  5 | RF=0.841 | GB=0.876 | pos=273
2026-07-10 15:56:30,713 [INFO]   CV AUC → RF=0.890±0.049 | GB=0.905±0.043 (5 folds utiles)
2026-07-10 15:56:30,733 [INFO]   ✅ GradientBoosting | CV AUC=0.905±0.043 | F1=0.649 | Thr=0.30 | SMOTE: 5/5 folds
2026-07-10 15:56:30,737 [INFO]   Sauvegardé : models/zonal/model_secheresse_Yaounde_peri.pkl
2026-07-10 15:56:30,741 [INFO] 
==================================================
2026-07-10 15:56:30,741 [INFO] Entraînement : Yaounde_peri / CHALEUR
2026-07-10 15:56:30,741 [INFO] ==================================================
2026-07-10 15:56:30,741 [INFO] [Features] chaleur: 28 features
2026-07-10 15:56:30,744 [INFO] Dataset : 9512 jours | 371 positifs (3.9%) | ratio 24.6:1
2026-07-10 15:56:32,893 [INFO]   Fold  1 | RF=0.981 | GB=0.958 | pos=44
2026-07-10 15:56:39,372 [INFO]   Fold  3 | RF=0.982 | GB=0.964 | pos=58
2026-07-10 15:56:48,234 [INFO]   Fold  4 | RF=0.815 | GB=0.602 | pos=118
2026-07-10 15:56:59,548 [INFO]   Fold  5 | RF=0.854 | GB=0.784 | pos=139
2026-07-10 15:56:59,550 [INFO]   CV AUC → RF=0.908±0.075 | GB=0.827±0.149 (4 folds utiles)
2026-07-10 15:56:59,654 [INFO]   ✅ RandomForest | CV AUC=0.908±0.075 | F1=0.473 | Thr=0.55 | SMOTE: 4/4 folds
2026-07-10 15:56:59,669 [INFO]   Sauvegardé : models/zonal/model_chaleur_Yaounde_peri.pkl
2026-07-14 15:22:03,099 [INFO] Entraînement : 1 zones × 3 risques = 3 modèles
2026-07-14 15:22:03,100 [INFO] Walk-forward : 5 folds, gap=30j, SMOTE trigger=5:1
2026-07-14 15:22:03,124 [INFO] 
[Ndop] 13149 jours (1990-01-01 → 2025-12-31)
2026-07-14 15:22:03,125 [INFO] 
==================================================
2026-07-14 15:22:03,125 [INFO] Entraînement : Ndop / INONDATION
2026-07-14 15:22:03,125 [INFO] ==================================================
2026-07-14 15:22:03,125 [INFO] [Features] inondation: 23 features
2026-07-14 15:22:03,133 [INFO] Dataset : 13149 jours | 1532 positifs (11.7%) | ratio 7.6:1
2026-07-14 15:22:04,886 [INFO]   Fold  1 | RF=0.967 | GB=0.979 | pos=345
2026-07-14 15:22:08,524 [INFO]   Fold  2 | RF=0.983 | GB=0.994 | pos=320
2026-07-14 15:22:14,295 [INFO]   Fold  3 | RF=0.991 | GB=0.997 | pos=312
2026-07-14 15:22:24,247 [INFO]   Fold  4 | RF=0.992 | GB=0.998 | pos=173
2026-07-14 15:22:35,950 [INFO]   Fold  5 | RF=0.996 | GB=1.000 | pos=29
2026-07-14 15:22:35,952 [INFO]   CV AUC → RF=0.986±0.010 | GB=0.993±0.008 (5 folds utiles)
2026-07-14 15:22:35,974 [INFO]   ✅ GradientBoosting | CV AUC=0.993±0.008 | F1=0.929 | Thr=0.65 | SMOTE: 5/5 folds
2026-07-14 15:22:35,979 [INFO]   Sauvegardé : models/zonal/model_inondation_Ndop.pkl
2026-07-14 15:22:35,982 [INFO] 
==================================================
2026-07-14 15:22:35,982 [INFO] Entraînement : Ndop / SECHERESSE
2026-07-14 15:22:35,982 [INFO] ==================================================
2026-07-14 15:22:35,982 [INFO] [Features] secheresse: 31 features
2026-07-14 15:22:35,995 [INFO] Dataset : 13149 jours | 4186 positifs (31.8%) | ratio 2.1:1
2026-07-14 15:22:38,903 [INFO]   Fold  1 | RF=0.989 | GB=0.991 | pos=477
2026-07-14 15:22:44,420 [INFO]   Fold  2 | RF=0.996 | GB=0.999 | pos=504
2026-07-14 15:22:51,630 [INFO]   Fold  3 | RF=0.993 | GB=0.994 | pos=438
2026-07-14 15:23:01,154 [INFO]   Fold  4 | RF=0.960 | GB=0.954 | pos=1003
2026-07-14 15:23:12,915 [INFO]   Fold  5 | RF=0.972 | GB=0.977 | pos=1565
2026-07-14 15:23:12,918 [INFO]   CV AUC → RF=0.982±0.014 | GB=0.983±0.016 (5 folds utiles)
2026-07-14 15:23:12,938 [INFO]   ✅ GradientBoosting | CV AUC=0.983±0.016 | F1=0.946 | Thr=0.50 | SMOTE: 2/5 folds
2026-07-14 15:23:12,940 [INFO]   Sauvegardé : models/zonal/model_secheresse_Ndop.pkl
2026-07-14 15:23:12,941 [INFO] 
==================================================
2026-07-14 15:23:12,941 [INFO] Entraînement : Ndop / CHALEUR
2026-07-14 15:23:12,941 [INFO] ==================================================
2026-07-14 15:23:12,941 [INFO] [Features] chaleur: 28 features
2026-07-14 15:23:12,949 [INFO] Dataset : 13149 jours | 2357 positifs (17.9%) | ratio 4.6:1
2026-07-14 15:23:15,746 [INFO]   Fold  1 | RF=0.867 | GB=0.868 | pos=366
2026-07-14 15:23:21,186 [INFO]   Fold  2 | RF=0.950 | GB=0.950 | pos=426
2026-07-14 15:23:34,633 [INFO]   Fold  3 | RF=0.969 | GB=0.975 | pos=412
2026-07-14 15:23:48,681 [INFO]   Fold  4 | RF=0.941 | GB=0.952 | pos=491
2026-07-14 15:24:00,547 [INFO]   Fold  5 | RF=0.937 | GB=0.967 | pos=527
2026-07-14 15:24:00,553 [INFO]   CV AUC → RF=0.933±0.035 | GB=0.943±0.038 (5 folds utiles)
2026-07-14 15:24:00,577 [INFO]   ✅ GradientBoosting | CV AUC=0.943±0.038 | F1=0.839 | Thr=0.50 | SMOTE: 4/5 folds
2026-07-14 15:24:00,584 [INFO]   Sauvegardé : models/zonal/model_chaleur_Ndop.pkl
2026-07-14 15:25:26,481 [INFO] Entraînement : 1 zones × 3 risques = 3 modèles
2026-07-14 15:25:26,482 [INFO] Walk-forward : 5 folds, gap=30j, SMOTE trigger=5:1
2026-07-14 15:25:26,504 [INFO] 
[Ndop] 13149 jours (1990-01-01 → 2025-12-31)
2026-07-14 15:25:26,504 [INFO] 
==================================================
2026-07-14 15:25:26,504 [INFO] Entraînement : Ndop / INONDATION
2026-07-14 15:25:26,504 [INFO] ==================================================
2026-07-14 15:25:26,504 [INFO] [Features] inondation: 23 features
2026-07-14 15:25:26,510 [INFO] Dataset : 13149 jours | 1532 positifs (11.7%) | ratio 7.6:1
2026-07-14 15:25:28,452 [INFO]   Fold  1 | RF=0.967 | GB=0.979 | pos=345
2026-07-14 15:25:32,790 [INFO]   Fold  2 | RF=0.983 | GB=0.994 | pos=320
2026-07-14 15:25:38,940 [INFO]   Fold  3 | RF=0.991 | GB=0.997 | pos=312
2026-07-14 15:25:47,512 [INFO]   Fold  4 | RF=0.992 | GB=0.998 | pos=173
2026-07-14 15:25:58,184 [INFO]   Fold  5 | RF=0.996 | GB=1.000 | pos=29
2026-07-14 15:25:58,185 [INFO]   CV AUC → RF=0.986±0.010 | GB=0.993±0.008 (5 folds utiles)
2026-07-14 15:25:58,205 [INFO]   ✅ GradientBoosting | CV AUC=0.993±0.008 | F1=0.929 | Thr=0.65 | SMOTE: 5/5 folds
2026-07-14 15:25:58,207 [INFO]   Sauvegardé : models/zonal/model_inondation_Ndop.pkl
2026-07-14 15:25:58,208 [INFO] 
==================================================
2026-07-14 15:25:58,208 [INFO] Entraînement : Ndop / SECHERESSE
2026-07-14 15:25:58,208 [INFO] ==================================================
2026-07-14 15:25:58,208 [INFO] [Features] secheresse: 31 features
2026-07-14 15:25:58,215 [INFO] Dataset : 13149 jours | 4186 positifs (31.8%) | ratio 2.1:1
2026-07-14 15:26:00,962 [INFO]   Fold  1 | RF=0.989 | GB=0.991 | pos=477
2026-07-14 15:26:06,873 [INFO]   Fold  2 | RF=0.996 | GB=0.999 | pos=504
2026-07-14 15:26:13,866 [INFO]   Fold  3 | RF=0.993 | GB=0.994 | pos=438
2026-07-14 15:26:24,622 [INFO]   Fold  4 | RF=0.960 | GB=0.954 | pos=1003
2026-07-14 15:26:36,627 [INFO]   Fold  5 | RF=0.972 | GB=0.977 | pos=1565
2026-07-14 15:26:36,629 [INFO]   CV AUC → RF=0.982±0.014 | GB=0.983±0.016 (5 folds utiles)
2026-07-14 15:26:36,651 [INFO]   ✅ GradientBoosting | CV AUC=0.983±0.016 | F1=0.946 | Thr=0.50 | SMOTE: 2/5 folds
2026-07-14 15:26:36,655 [INFO]   Sauvegardé : models/zonal/model_secheresse_Ndop.pkl
2026-07-14 15:26:36,660 [INFO] 
==================================================
2026-07-14 15:26:36,660 [INFO] Entraînement : Ndop / CHALEUR
2026-07-14 15:26:36,660 [INFO] ==================================================
2026-07-14 15:26:36,660 [INFO] [Features] chaleur: 28 features
2026-07-14 15:26:36,689 [INFO] Dataset : 13149 jours | 2357 positifs (17.9%) | ratio 4.6:1
2026-07-14 15:26:39,481 [INFO]   Fold  1 | RF=0.867 | GB=0.868 | pos=366
2026-07-14 15:26:44,802 [INFO]   Fold  2 | RF=0.950 | GB=0.950 | pos=426
2026-07-14 15:26:52,499 [INFO]   Fold  3 | RF=0.969 | GB=0.975 | pos=412
2026-07-14 15:27:03,535 [INFO]   Fold  4 | RF=0.941 | GB=0.952 | pos=491
2026-07-14 15:27:15,229 [INFO]   Fold  5 | RF=0.937 | GB=0.967 | pos=527
2026-07-14 15:27:15,235 [INFO]   CV AUC → RF=0.933±0.035 | GB=0.943±0.038 (5 folds utiles)
2026-07-14 15:27:15,257 [INFO]   ✅ GradientBoosting | CV AUC=0.943±0.038 | F1=0.839 | Thr=0.50 | SMOTE: 4/5 folds
2026-07-14 15:27:15,259 [INFO]   Sauvegardé : models/zonal/model_chaleur_Ndop.pkl
2026-07-14 15:40:39,168 [INFO] Entraînement : 1 zones × 3 risques = 3 modèles
2026-07-14 15:40:39,169 [INFO] Walk-forward : 5 folds, gap=30j, SMOTE trigger=5:1
2026-07-14 15:40:39,195 [INFO] 
[Foumbot] 13149 jours (1990-01-01 → 2025-12-31)
2026-07-14 15:40:39,195 [INFO] 
==================================================
2026-07-14 15:40:39,195 [INFO] Entraînement : Foumbot / INONDATION
2026-07-14 15:40:39,195 [INFO] ==================================================
2026-07-14 15:40:39,195 [INFO] [Features] inondation: 23 features
2026-07-14 15:40:39,198 [INFO] Dataset : 13149 jours | 965 positifs (7.3%) | ratio 12.6:1
2026-07-14 15:40:41,674 [INFO]   Fold  1 | RF=0.985 | GB=0.992 | pos=143
2026-07-14 15:40:47,650 [INFO]   Fold  2 | RF=0.986 | GB=0.994 | pos=120
2026-07-14 15:40:57,067 [INFO]   Fold  3 | RF=0.995 | GB=0.999 | pos=119
2026-07-14 15:41:07,523 [INFO]   Fold  4 | RF=0.997 | GB=1.000 | pos=158
2026-07-14 15:41:20,915 [INFO]   Fold  5 | RF=0.998 | GB=1.000 | pos=199
2026-07-14 15:41:20,917 [INFO]   CV AUC → RF=0.992±0.005 | GB=0.997±0.003 (5 folds utiles)
2026-07-14 15:41:20,941 [INFO]   ✅ GradientBoosting | CV AUC=0.997±0.003 | F1=0.978 | Thr=0.75 | SMOTE: 5/5 folds
2026-07-14 15:41:20,945 [INFO]   Sauvegardé : models/zonal/model_inondation_Foumbot.pkl
2026-07-14 15:41:20,947 [INFO] 
==================================================
2026-07-14 15:41:20,947 [INFO] Entraînement : Foumbot / SECHERESSE
2026-07-14 15:41:20,947 [INFO] ==================================================
2026-07-14 15:41:20,947 [INFO] [Features] secheresse: 31 features
2026-07-14 15:41:20,956 [INFO] Dataset : 13149 jours | 2686 positifs (20.4%) | ratio 3.9:1
2026-07-14 15:41:24,643 [INFO]   Fold  1 | RF=0.972 | GB=0.981 | pos=492
2026-07-14 15:41:30,350 [INFO]   Fold  2 | RF=0.993 | GB=0.996 | pos=539
2026-07-14 15:41:37,624 [INFO]   Fold  3 | RF=0.996 | GB=0.998 | pos=485
2026-07-14 15:41:46,989 [INFO]   Fold  4 | RF=0.997 | GB=0.999 | pos=425
2026-07-14 15:41:59,226 [INFO]   Fold  5 | RF=0.994 | GB=0.997 | pos=507
2026-07-14 15:41:59,227 [INFO]   CV AUC → RF=0.990±0.009 | GB=0.994±0.007 (5 folds utiles)
2026-07-14 15:41:59,249 [INFO]   ✅ GradientBoosting | CV AUC=0.994±0.007 | F1=0.965 | Thr=0.75 | SMOTE: 1/5 folds
2026-07-14 15:41:59,252 [INFO]   Sauvegardé : models/zonal/model_secheresse_Foumbot.pkl
2026-07-14 15:41:59,255 [INFO] 
==================================================
2026-07-14 15:41:59,256 [INFO] Entraînement : Foumbot / CHALEUR
2026-07-14 15:41:59,256 [INFO] ==================================================
2026-07-14 15:41:59,256 [INFO] [Features] chaleur: 28 features
2026-07-14 15:41:59,265 [INFO] Dataset : 13149 jours | 2575 positifs (19.6%) | ratio 4.1:1
2026-07-14 15:42:02,555 [INFO]   Fold  1 | RF=0.921 | GB=0.914 | pos=236
2026-07-14 15:42:08,521 [INFO]   Fold  2 | RF=0.953 | GB=0.961 | pos=274
2026-07-14 15:42:17,491 [INFO]   Fold  3 | RF=0.971 | GB=0.975 | pos=359
2026-07-14 15:42:28,830 [INFO]   Fold  4 | RF=0.936 | GB=0.951 | pos=637
2026-07-14 15:42:43,181 [INFO]   Fold  5 | RF=0.950 | GB=0.959 | pos=961
2026-07-14 15:42:43,184 [INFO]   CV AUC → RF=0.946±0.017 | GB=0.952±0.021 (5 folds utiles)
2026-07-14 15:42:43,207 [INFO]   ✅ GradientBoosting | CV AUC=0.952±0.021 | F1=0.894 | Thr=0.45 | SMOTE: 5/5 folds
2026-07-14 15:42:43,212 [INFO]   Sauvegardé : models/zonal/model_chaleur_Foumbot.pkl
2026-07-14 15:57:24,597 [INFO] Entraînement : 1 zones × 3 risques = 3 modèles
2026-07-14 15:57:24,597 [INFO] Walk-forward : 5 folds, gap=30j, SMOTE trigger=5:1
2026-07-14 15:57:24,618 [INFO] 
[Kaele] 13149 jours (1990-01-01 → 2025-12-31)
2026-07-14 15:57:24,619 [INFO] 
==================================================
2026-07-14 15:57:24,619 [INFO] Entraînement : Kaele / INONDATION
2026-07-14 15:57:24,619 [INFO] ==================================================
2026-07-14 15:57:24,619 [INFO] [Features] inondation: 23 features
2026-07-14 15:57:24,624 [INFO] Dataset : 13149 jours | 1596 positifs (12.1%) | ratio 7.2:1
2026-07-14 15:57:26,656 [INFO]   Fold  1 | RF=0.980 | GB=0.991 | pos=346
2026-07-14 15:57:30,398 [INFO]   Fold  2 | RF=0.992 | GB=0.998 | pos=240
2026-07-14 15:57:36,032 [INFO]   Fold  3 | RF=0.996 | GB=0.999 | pos=278
2026-07-14 15:57:43,763 [INFO]   Fold  4 | RF=0.997 | GB=1.000 | pos=192
2026-07-14 15:57:54,267 [INFO]   Fold  5 | RF=0.999 | GB=1.000 | pos=207
2026-07-14 15:57:54,269 [INFO]   CV AUC → RF=0.993±0.007 | GB=0.998±0.003 (5 folds utiles)
2026-07-14 15:57:54,293 [INFO]   ✅ GradientBoosting | CV AUC=0.998±0.003 | F1=0.990 | Thr=0.45 | SMOTE: 5/5 folds
2026-07-14 15:57:54,297 [INFO]   Sauvegardé : models/zonal/model_inondation_Kaele.pkl
2026-07-14 15:57:54,299 [INFO] 
==================================================
2026-07-14 15:57:54,299 [INFO] Entraînement : Kaele / SECHERESSE
2026-07-14 15:57:54,299 [INFO] ==================================================
2026-07-14 15:57:54,299 [INFO] [Features] secheresse: 31 features
2026-07-14 15:57:54,317 [INFO] Dataset : 13149 jours | 5022 positifs (38.2%) | ratio 1.6:1
2026-07-14 15:57:57,552 [INFO]   Fold  1 | RF=0.985 | GB=0.990 | pos=853
2026-07-14 15:58:02,596 [INFO]   Fold  2 | RF=0.948 | GB=0.982 | pos=973
2026-07-14 15:58:10,148 [INFO]   Fold  3 | RF=0.995 | GB=0.998 | pos=906
2026-07-14 15:58:20,844 [INFO]   Fold  4 | RF=0.995 | GB=0.999 | pos=703
2026-07-14 15:58:32,512 [INFO]   Fold  5 | RF=0.998 | GB=0.998 | pos=918
2026-07-14 15:58:32,514 [INFO]   CV AUC → RF=0.984±0.019 | GB=0.993±0.006 (5 folds utiles)
2026-07-14 15:58:32,534 [INFO]   ✅ GradientBoosting | CV AUC=0.993±0.006 | F1=0.983 | Thr=0.15 | SMOTE: 0/5 folds
2026-07-14 15:58:32,538 [INFO]   Sauvegardé : models/zonal/model_secheresse_Kaele.pkl
2026-07-14 15:58:32,540 [INFO] 
==================================================
2026-07-14 15:58:32,540 [INFO] Entraînement : Kaele / CHALEUR
2026-07-14 15:58:32,540 [INFO] ==================================================
2026-07-14 15:58:32,540 [INFO] [Features] chaleur: 28 features
2026-07-14 15:58:32,553 [INFO] Dataset : 13149 jours | 8007 positifs (60.9%) | ratio 0.6:1
2026-07-14 15:58:34,943 [INFO]   Fold  1 | RF=0.985 | GB=0.987 | pos=1393
2026-07-14 15:58:39,460 [INFO]   Fold  2 | RF=0.983 | GB=0.985 | pos=1568
2026-07-14 15:58:46,966 [INFO]   Fold  3 | RF=0.987 | GB=0.991 | pos=1467
2026-07-14 15:58:55,792 [INFO]   Fold  4 | RF=0.812 | GB=0.613 | pos=1064
2026-07-14 15:59:06,668 [INFO]   Fold  5 | RF=0.997 | GB=0.998 | pos=1101
2026-07-14 15:59:06,670 [INFO]   CV AUC → RF=0.953±0.071 | GB=0.915±0.151 (5 folds utiles)
2026-07-14 15:59:06,801 [INFO]   ✅ RandomForest | CV AUC=0.953±0.071 | F1=0.975 | Thr=0.35 | SMOTE: 0/5 folds
2026-07-14 15:59:06,809 [INFO]   Sauvegardé : models/zonal/model_chaleur_Kaele.pkl
2026-07-14 16:04:56,181 [INFO] Entraînement : 1 zones × 3 risques = 3 modèles
2026-07-14 16:04:56,181 [INFO] Walk-forward : 5 folds, gap=30j, SMOTE trigger=5:1
2026-07-14 16:04:56,202 [INFO] 
[Guider] 13149 jours (1990-01-01 → 2025-12-31)
2026-07-14 16:04:56,203 [INFO] 
==================================================
2026-07-14 16:04:56,203 [INFO] Entraînement : Guider / INONDATION
2026-07-14 16:04:56,203 [INFO] ==================================================
2026-07-14 16:04:56,203 [INFO] [Features] inondation: 23 features
2026-07-14 16:04:56,205 [INFO] Dataset : 13149 jours | 976 positifs (7.4%) | ratio 12.5:1
2026-07-14 16:04:58,487 [INFO]   Fold  1 | RF=0.976 | GB=0.973 | pos=182
2026-07-14 16:05:03,804 [INFO]   Fold  2 | RF=0.995 | GB=0.998 | pos=86
2026-07-14 16:05:11,967 [INFO]   Fold  3 | RF=0.995 | GB=0.999 | pos=147
2026-07-14 16:05:21,832 [INFO]   Fold  4 | RF=0.995 | GB=0.997 | pos=195
2026-07-14 16:05:33,659 [INFO]   Fold  5 | RF=0.996 | GB=0.999 | pos=187
2026-07-14 16:05:33,662 [INFO]   CV AUC → RF=0.991±0.007 | GB=0.993±0.010 (5 folds utiles)
2026-07-14 16:05:33,682 [INFO]   ✅ GradientBoosting | CV AUC=0.993±0.010 | F1=0.945 | Thr=0.65 | SMOTE: 5/5 folds
2026-07-14 16:05:33,687 [INFO]   Sauvegardé : models/zonal/model_inondation_Guider.pkl
2026-07-14 16:05:33,690 [INFO] 
==================================================
2026-07-14 16:05:33,690 [INFO] Entraînement : Guider / SECHERESSE
2026-07-14 16:05:33,690 [INFO] ==================================================
2026-07-14 16:05:33,690 [INFO] [Features] secheresse: 31 features
2026-07-14 16:05:33,697 [INFO] Dataset : 13149 jours | 5385 positifs (41.0%) | ratio 1.4:1
2026-07-14 16:05:36,186 [INFO]   Fold  1 | RF=0.992 | GB=0.997 | pos=877
2026-07-14 16:05:40,694 [INFO]   Fold  2 | RF=0.977 | GB=0.989 | pos=983
2026-07-14 16:05:47,259 [INFO]   Fold  3 | RF=0.997 | GB=1.000 | pos=874
2026-07-14 16:05:55,943 [INFO]   Fold  4 | RF=1.000 | GB=1.000 | pos=935
2026-07-14 16:06:08,104 [INFO]   Fold  5 | RF=0.999 | GB=1.000 | pos=1039
2026-07-14 16:06:08,107 [INFO]   CV AUC → RF=0.993±0.008 | GB=0.997±0.004 (5 folds utiles)
2026-07-14 16:06:08,127 [INFO]   ✅ GradientBoosting | CV AUC=0.997±0.004 | F1=0.999 | Thr=0.15 | SMOTE: 0/5 folds
2026-07-14 16:06:08,131 [INFO]   Sauvegardé : models/zonal/model_secheresse_Guider.pkl
2026-07-14 16:06:08,134 [INFO] 
==================================================
2026-07-14 16:06:08,134 [INFO] Entraînement : Guider / CHALEUR
2026-07-14 16:06:08,134 [INFO] ==================================================
2026-07-14 16:06:08,134 [INFO] [Features] chaleur: 28 features
2026-07-14 16:06:08,144 [INFO] Dataset : 13149 jours | 8902 positifs (67.7%) | ratio 0.5:1
2026-07-14 16:06:10,798 [INFO]   Fold  1 | RF=0.988 | GB=0.990 | pos=1358
2026-07-14 16:06:15,766 [INFO]   Fold  2 | RF=0.980 | GB=0.983 | pos=1545
2026-07-14 16:06:22,205 [INFO]   Fold  3 | RF=0.989 | GB=0.993 | pos=1452
2026-07-14 16:06:30,526 [INFO]   Fold  4 | RF=0.981 | GB=0.986 | pos=1547
2026-07-14 16:06:40,913 [INFO]   Fold  5 | RF=0.987 | GB=0.991 | pos=1616
2026-07-14 16:06:40,914 [INFO]   CV AUC → RF=0.985±0.004 | GB=0.988±0.004 (5 folds utiles)
2026-07-14 16:06:40,937 [INFO]   ✅ GradientBoosting | CV AUC=0.988±0.004 | F1=0.972 | Thr=0.35 | SMOTE: 0/5 folds
2026-07-14 16:06:40,939 [INFO]   Sauvegardé : models/zonal/model_chaleur_Guider.pkl
2026-07-14 16:12:45,388 [INFO] Entraînement : 1 zones × 3 risques = 3 modèles
2026-07-14 16:12:45,388 [INFO] Walk-forward : 5 folds, gap=30j, SMOTE trigger=5:1
2026-07-14 16:12:45,415 [INFO] 
[Meiganga] 13149 jours (1990-01-01 → 2025-12-31)
2026-07-14 16:12:45,416 [INFO] 
==================================================
2026-07-14 16:12:45,416 [INFO] Entraînement : Meiganga / INONDATION
2026-07-14 16:12:45,416 [INFO] ==================================================
2026-07-14 16:12:45,416 [INFO] [Features] inondation: 23 features
2026-07-14 16:12:45,418 [INFO] Dataset : 13149 jours | 2667 positifs (20.3%) | ratio 3.9:1
2026-07-14 16:12:47,277 [INFO]   Fold  1 | RF=0.987 | GB=0.996 | pos=535
2026-07-14 16:12:50,580 [INFO]   Fold  2 | RF=0.995 | GB=0.998 | pos=385
2026-07-14 16:12:55,499 [INFO]   Fold  3 | RF=0.997 | GB=1.000 | pos=373
2026-07-14 16:13:02,681 [INFO]   Fold  4 | RF=0.997 | GB=1.000 | pos=442
2026-07-14 16:13:11,185 [INFO]   Fold  5 | RF=0.998 | GB=1.000 | pos=266
2026-07-14 16:13:11,186 [INFO]   CV AUC → RF=0.995±0.004 | GB=0.999±0.002 (5 folds utiles)
2026-07-14 16:13:11,207 [INFO]   ✅ GradientBoosting | CV AUC=0.999±0.002 | F1=0.985 | Thr=0.80 | SMOTE: 0/5 folds
2026-07-14 16:13:11,210 [INFO]   Sauvegardé : models/zonal/model_inondation_Meiganga.pkl
2026-07-14 16:13:11,211 [INFO] 
==================================================
2026-07-14 16:13:11,211 [INFO] Entraînement : Meiganga / SECHERESSE
2026-07-14 16:13:11,211 [INFO] ==================================================
2026-07-14 16:13:11,211 [INFO] [Features] secheresse: 31 features
2026-07-14 16:13:11,214 [INFO] Dataset : 13149 jours | 3265 positifs (24.8%) | ratio 3.0:1
2026-07-14 16:13:14,366 [INFO]   Fold  1 | RF=0.987 | GB=0.997 | pos=506
2026-07-14 16:13:20,208 [INFO]   Fold  2 | RF=0.997 | GB=0.999 | pos=592
2026-07-14 16:13:29,508 [INFO]   Fold  3 | RF=0.992 | GB=0.995 | pos=533
2026-07-14 16:13:39,701 [INFO]   Fold  4 | RF=0.994 | GB=0.994 | pos=521
2026-07-14 16:13:51,646 [INFO]   Fold  5 | RF=0.969 | GB=0.977 | pos=771
2026-07-14 16:13:51,649 [INFO]   CV AUC → RF=0.988±0.010 | GB=0.992±0.008 (5 folds utiles)
2026-07-14 16:13:51,668 [INFO]   ✅ GradientBoosting | CV AUC=0.992±0.008 | F1=0.940 | Thr=0.30 | SMOTE: 1/5 folds
2026-07-14 16:13:51,672 [INFO]   Sauvegardé : models/zonal/model_secheresse_Meiganga.pkl
2026-07-14 16:13:51,675 [INFO] 
==================================================
2026-07-14 16:13:51,676 [INFO] Entraînement : Meiganga / CHALEUR
2026-07-14 16:13:51,676 [INFO] ==================================================
2026-07-14 16:13:51,676 [INFO] [Features] chaleur: 28 features
2026-07-14 16:13:51,685 [INFO] Dataset : 13149 jours | 2614 positifs (19.9%) | ratio 4.0:1
2026-07-14 16:13:54,665 [INFO]   Fold  1 | RF=0.912 | GB=0.889 | pos=401
2026-07-14 16:14:00,336 [INFO]   Fold  2 | RF=0.951 | GB=0.952 | pos=530
2026-07-14 16:14:07,548 [INFO]   Fold  3 | RF=0.954 | GB=0.966 | pos=532
2026-07-14 16:14:16,369 [INFO]   Fold  4 | RF=0.964 | GB=0.969 | pos=433
2026-07-14 16:14:27,237 [INFO]   Fold  5 | RF=0.954 | GB=0.970 | pos=489
2026-07-14 16:14:27,238 [INFO]   CV AUC → RF=0.947±0.018 | GB=0.949±0.031 (5 folds utiles)
2026-07-14 16:14:27,317 [INFO]   ✅ GradientBoosting | CV AUC=0.949±0.031 | F1=0.845 | Thr=0.45 | SMOTE: 2/5 folds
2026-07-14 16:14:27,320 [INFO]   Sauvegardé : models/zonal/model_chaleur_Meiganga.pkl
2026-07-14 16:18:23,977 [INFO] Entraînement : 1 zones × 3 risques = 3 modèles
2026-07-14 16:18:23,978 [INFO] Walk-forward : 5 folds, gap=30j, SMOTE trigger=5:1
2026-07-14 16:18:23,996 [INFO] 
[Mbalmayo] 9497 jours (2000-01-01 → 2025-12-31)
2026-07-14 16:18:23,996 [INFO] 
==================================================
2026-07-14 16:18:23,996 [INFO] Entraînement : Mbalmayo / INONDATION
2026-07-14 16:18:23,996 [INFO] ==================================================
2026-07-14 16:18:23,996 [INFO] [Features] inondation: 23 features
2026-07-14 16:18:23,999 [INFO] Dataset : 9497 jours | 992 positifs (10.4%) | ratio 8.6:1
2026-07-14 16:18:26,248 [INFO]   Fold  1 | RF=0.982 | GB=0.985 | pos=134
2026-07-14 16:18:29,897 [INFO]   Fold  2 | RF=0.981 | GB=0.989 | pos=121
2026-07-14 16:18:35,290 [INFO]   Fold  3 | RF=0.993 | GB=0.999 | pos=125
2026-07-14 16:18:42,048 [INFO]   Fold  4 | RF=0.993 | GB=0.999 | pos=261
2026-07-14 16:18:50,786 [INFO]   Fold  5 | RF=0.993 | GB=0.999 | pos=229
2026-07-14 16:18:50,797 [INFO]   CV AUC → RF=0.989±0.006 | GB=0.994±0.006 (5 folds utiles)
2026-07-14 16:18:50,822 [INFO]   ✅ GradientBoosting | CV AUC=0.994±0.006 | F1=0.970 | Thr=0.70 | SMOTE: 5/5 folds
2026-07-14 16:18:50,826 [INFO]   Sauvegardé : models/zonal/model_inondation_Mbalmayo.pkl
2026-07-14 16:18:50,828 [INFO] 
==================================================
2026-07-14 16:18:50,828 [INFO] Entraînement : Mbalmayo / SECHERESSE
2026-07-14 16:18:50,828 [INFO] ==================================================
2026-07-14 16:18:50,828 [INFO] [Features] secheresse: 31 features
2026-07-14 16:18:50,836 [INFO] Dataset : 9497 jours | 1160 positifs (12.2%) | ratio 7.2:1
2026-07-14 16:18:53,225 [INFO]   Fold  1 | RF=0.946 | GB=0.929 | pos=210
2026-07-14 16:18:57,671 [INFO]   Fold  2 | RF=0.953 | GB=0.982 | pos=121
2026-07-14 16:19:04,257 [INFO]   Fold  3 | RF=0.989 | GB=0.995 | pos=199
2026-07-14 16:19:13,054 [INFO]   Fold  4 | RF=0.999 | GB=1.000 | pos=115
2026-07-14 16:19:24,538 [INFO]   Fold  5 | RF=0.974 | GB=0.970 | pos=329
2026-07-14 16:19:24,541 [INFO]   CV AUC → RF=0.972±0.020 | GB=0.975±0.025 (5 folds utiles)
2026-07-14 16:19:24,562 [INFO]   ✅ GradientBoosting | CV AUC=0.975±0.025 | F1=0.839 | Thr=0.20 | SMOTE: 5/5 folds
2026-07-14 16:19:24,564 [INFO]   Sauvegardé : models/zonal/model_secheresse_Mbalmayo.pkl
2026-07-14 16:19:24,565 [INFO] 
==================================================
2026-07-14 16:19:24,565 [INFO] Entraînement : Mbalmayo / CHALEUR
2026-07-14 16:19:24,565 [INFO] ==================================================
2026-07-14 16:19:24,565 [INFO] [Features] chaleur: 28 features
2026-07-14 16:19:24,569 [INFO] Dataset : 9497 jours | 1454 positifs (15.3%) | ratio 5.5:1
2026-07-14 16:19:27,019 [INFO]   Fold  1 | RF=0.944 | GB=0.883 | pos=156
2026-07-14 16:19:31,697 [INFO]   Fold  2 | RF=0.937 | GB=0.942 | pos=128
2026-07-14 16:19:38,607 [INFO]   Fold  3 | RF=0.947 | GB=0.941 | pos=219
2026-07-14 16:19:47,025 [INFO]   Fold  4 | RF=0.948 | GB=0.953 | pos=287
2026-07-14 16:19:58,127 [INFO]   Fold  5 | RF=0.942 | GB=0.959 | pos=582
2026-07-14 16:19:58,132 [INFO]   CV AUC → RF=0.944±0.004 | GB=0.935±0.027 (5 folds utiles)
2026-07-14 16:19:58,258 [INFO]   ✅ RandomForest | CV AUC=0.944±0.004 | F1=0.844 | Thr=0.35 | SMOTE: 5/5 folds
2026-07-14 16:19:58,271 [INFO]   Sauvegardé : models/zonal/model_chaleur_Mbalmayo.pkl
2026-07-14 17:48:37,134 [INFO] Entraînement : 1 zones × 3 risques = 3 modèles
2026-07-14 17:48:37,135 [INFO] Walk-forward : 5 folds, gap=30j, SMOTE trigger=5:1
2026-07-14 17:48:37,150 [INFO] 
[Bafia] 9497 jours (2000-01-01 → 2025-12-31)
2026-07-14 17:48:37,151 [INFO] 
==================================================
2026-07-14 17:48:37,151 [INFO] Entraînement : Bafia / INONDATION
2026-07-14 17:48:37,151 [INFO] ==================================================
2026-07-14 17:48:37,151 [INFO] [Features] inondation: 23 features
2026-07-14 17:48:37,153 [INFO] Dataset : 9497 jours | 1583 positifs (16.7%) | ratio 5.0:1
2026-07-14 17:48:38,845 [INFO]   Fold  1 | RF=0.977 | GB=0.989 | pos=191
2026-07-14 17:48:42,349 [INFO]   Fold  2 | RF=0.980 | GB=0.996 | pos=150
2026-07-14 17:48:46,817 [INFO]   Fold  3 | RF=0.985 | GB=0.994 | pos=191
2026-07-14 17:48:52,762 [INFO]   Fold  4 | RF=0.996 | GB=0.999 | pos=433
2026-07-14 17:48:59,836 [INFO]   Fold  5 | RF=0.996 | GB=1.000 | pos=421
2026-07-14 17:48:59,837 [INFO]   CV AUC → RF=0.987±0.008 | GB=0.996±0.004 (5 folds utiles)
2026-07-14 17:48:59,856 [INFO]   ✅ GradientBoosting | CV AUC=0.996±0.004 | F1=0.989 | Thr=0.75 | SMOTE: 5/5 folds
2026-07-14 17:48:59,859 [INFO]   Sauvegardé : models/zonal/model_inondation_Bafia.pkl
2026-07-14 17:48:59,860 [INFO] 
==================================================
2026-07-14 17:48:59,860 [INFO] Entraînement : Bafia / SECHERESSE
2026-07-14 17:48:59,860 [INFO] ==================================================
2026-07-14 17:48:59,861 [INFO] [Features] secheresse: 31 features
2026-07-14 17:48:59,870 [INFO] Dataset : 9497 jours | 1964 positifs (20.7%) | ratio 3.8:1
2026-07-14 17:49:01,732 [INFO]   Fold  1 | RF=0.932 | GB=0.927 | pos=409
2026-07-14 17:49:05,129 [INFO]   Fold  2 | RF=0.972 | GB=0.991 | pos=353
2026-07-14 17:49:10,177 [INFO]   Fold  3 | RF=0.980 | GB=0.997 | pos=327
2026-07-14 17:49:16,770 [INFO]   Fold  4 | RF=0.981 | GB=0.996 | pos=239
2026-07-14 17:49:24,946 [INFO]   Fold  5 | RF=0.981 | GB=0.985 | pos=347
2026-07-14 17:49:24,948 [INFO]   CV AUC → RF=0.969±0.019 | GB=0.979±0.026 (5 folds utiles)
2026-07-14 17:49:24,966 [INFO]   ✅ GradientBoosting | CV AUC=0.979±0.026 | F1=0.919 | Thr=0.35 | SMOTE: 0/5 folds
2026-07-14 17:49:24,969 [INFO]   Sauvegardé : models/zonal/model_secheresse_Bafia.pkl
2026-07-14 17:49:24,969 [INFO] 
==================================================
2026-07-14 17:49:24,969 [INFO] Entraînement : Bafia / CHALEUR
2026-07-14 17:49:24,969 [INFO] ==================================================
2026-07-14 17:49:24,969 [INFO] [Features] chaleur: 28 features
2026-07-14 17:49:24,972 [INFO] Dataset : 9497 jours | 1729 positifs (18.2%) | ratio 4.5:1
2026-07-14 17:49:27,037 [INFO]   Fold  1 | RF=0.934 | GB=0.932 | pos=254
2026-07-14 17:49:30,747 [INFO]   Fold  2 | RF=0.958 | GB=0.960 | pos=300
2026-07-14 17:49:36,098 [INFO]   Fold  3 | RF=0.952 | GB=0.959 | pos=339
2026-07-14 17:49:42,260 [INFO]   Fold  4 | RF=0.951 | GB=0.958 | pos=300
2026-07-14 17:49:49,959 [INFO]   Fold  5 | RF=0.948 | GB=0.971 | pos=350
2026-07-14 17:49:49,960 [INFO]   CV AUC → RF=0.949±0.008 | GB=0.956±0.013 (5 folds utiles)
2026-07-14 17:49:49,980 [INFO]   ✅ GradientBoosting | CV AUC=0.956±0.013 | F1=0.830 | Thr=0.40 | SMOTE: 3/5 folds
2026-07-14 17:49:49,982 [INFO]   Sauvegardé : models/zonal/model_chaleur_Bafia.pkl
2026-07-14 17:55:31,821 [INFO] Entraînement : 1 zones × 3 risques = 3 modèles
2026-07-14 17:55:31,821 [INFO] Walk-forward : 5 folds, gap=30j, SMOTE trigger=5:1
2026-07-14 17:55:31,837 [INFO] 
[Bertoua] 9497 jours (2000-01-01 → 2025-12-31)
2026-07-14 17:55:31,837 [INFO] 
==================================================
2026-07-14 17:55:31,837 [INFO] Entraînement : Bertoua / INONDATION
2026-07-14 17:55:31,837 [INFO] ==================================================
2026-07-14 17:55:31,837 [INFO] [Features] inondation: 23 features
2026-07-14 17:55:31,839 [INFO] Dataset : 9497 jours | 1635 positifs (17.2%) | ratio 4.8:1
2026-07-14 17:55:33,486 [INFO]   Fold  1 | RF=0.982 | GB=0.993 | pos=238
2026-07-14 17:55:36,420 [INFO]   Fold  2 | RF=0.988 | GB=0.996 | pos=224
2026-07-14 17:55:40,697 [INFO]   Fold  3 | RF=0.986 | GB=0.995 | pos=229
2026-07-14 17:55:46,453 [INFO]   Fold  4 | RF=0.993 | GB=0.999 | pos=378
2026-07-14 17:55:53,480 [INFO]   Fold  5 | RF=0.993 | GB=0.998 | pos=313
2026-07-14 17:55:53,482 [INFO]   CV AUC → RF=0.989±0.004 | GB=0.996±0.002 (5 folds utiles)
2026-07-14 17:55:53,500 [INFO]   ✅ GradientBoosting | CV AUC=0.996±0.002 | F1=0.959 | Thr=0.65 | SMOTE: 5/5 folds
2026-07-14 17:55:53,502 [INFO]   Sauvegardé : models/zonal/model_inondation_Bertoua.pkl
2026-07-14 17:55:53,503 [INFO] 
==================================================
2026-07-14 17:55:53,503 [INFO] Entraînement : Bertoua / SECHERESSE
2026-07-14 17:55:53,503 [INFO] ==================================================
2026-07-14 17:55:53,503 [INFO] [Features] secheresse: 31 features
2026-07-14 17:55:53,505 [INFO] Dataset : 9497 jours | 1823 positifs (19.2%) | ratio 4.2:1
2026-07-14 17:55:55,666 [INFO]   Fold  1 | RF=0.925 | GB=0.943 | pos=222
2026-07-14 17:55:59,753 [INFO]   Fold  2 | RF=0.980 | GB=0.983 | pos=234
2026-07-14 17:56:05,902 [INFO]   Fold  3 | RF=0.978 | GB=0.985 | pos=391
2026-07-14 17:56:14,463 [INFO]   Fold  4 | RF=0.976 | GB=0.991 | pos=347
2026-07-14 17:56:25,416 [INFO]   Fold  5 | RF=0.944 | GB=0.967 | pos=417
2026-07-14 17:56:25,418 [INFO]   CV AUC → RF=0.961±0.022 | GB=0.974±0.017 (5 folds utiles)
2026-07-14 17:56:25,438 [INFO]   ✅ GradientBoosting | CV AUC=0.974±0.017 | F1=0.857 | Thr=0.15 | SMOTE: 4/5 folds
2026-07-14 17:56:25,443 [INFO]   Sauvegardé : models/zonal/model_secheresse_Bertoua.pkl
2026-07-14 17:56:25,446 [INFO] 
==================================================
2026-07-14 17:56:25,446 [INFO] Entraînement : Bertoua / CHALEUR
2026-07-14 17:56:25,446 [INFO] ==================================================
2026-07-14 17:56:25,446 [INFO] [Features] chaleur: 28 features
2026-07-14 17:56:25,456 [INFO] Dataset : 9497 jours | 1734 positifs (18.3%) | ratio 4.5:1
2026-07-14 17:56:27,787 [INFO]   Fold  1 | RF=0.945 | GB=0.939 | pos=243
2026-07-14 17:56:31,984 [INFO]   Fold  2 | RF=0.946 | GB=0.949 | pos=263
2026-07-14 17:56:38,138 [INFO]   Fold  3 | RF=0.945 | GB=0.956 | pos=329
2026-07-14 17:56:46,305 [INFO]   Fold  4 | RF=0.946 | GB=0.967 | pos=258
2026-07-14 17:56:55,914 [INFO]   Fold  5 | RF=0.933 | GB=0.961 | pos=484
2026-07-14 17:56:55,916 [INFO]   CV AUC → RF=0.943±0.005 | GB=0.954±0.010 (5 folds utiles)
2026-07-14 17:56:55,938 [INFO]   ✅ GradientBoosting | CV AUC=0.954±0.010 | F1=0.847 | Thr=0.35 | SMOTE: 5/5 folds
2026-07-14 17:56:55,940 [INFO]   Sauvegardé : models/zonal/model_chaleur_Bertoua.pkl
2026-07-14 17:59:54,788 [INFO] Entraînement : 1 zones × 3 risques = 3 modèles
2026-07-14 17:59:54,789 [INFO] Walk-forward : 5 folds, gap=30j, SMOTE trigger=5:1
2026-07-14 17:59:54,805 [INFO] 
[Nkongsamba] 9497 jours (2000-01-01 → 2025-12-31)
2026-07-14 17:59:54,805 [INFO] 
==================================================
2026-07-14 17:59:54,805 [INFO] Entraînement : Nkongsamba / INONDATION
2026-07-14 17:59:54,805 [INFO] ==================================================
2026-07-14 17:59:54,805 [INFO] [Features] inondation: 23 features
2026-07-14 17:59:54,807 [INFO] Dataset : 9497 jours | 975 positifs (10.3%) | ratio 8.7:1
2026-07-14 17:59:56,488 [INFO]   Fold  1 | RF=0.982 | GB=0.992 | pos=188
2026-07-14 17:59:59,557 [INFO]   Fold  2 | RF=0.987 | GB=0.997 | pos=185
2026-07-14 18:00:04,031 [INFO]   Fold  3 | RF=0.993 | GB=0.998 | pos=203
2026-07-14 18:00:10,144 [INFO]   Fold  4 | RF=0.995 | GB=0.998 | pos=124
2026-07-14 18:00:18,007 [INFO]   Fold  5 | RF=0.997 | GB=0.999 | pos=83
2026-07-14 18:00:18,008 [INFO]   CV AUC → RF=0.991±0.006 | GB=0.997±0.003 (5 folds utiles)
2026-07-14 18:00:18,027 [INFO]   ✅ GradientBoosting | CV AUC=0.997±0.003 | F1=0.936 | Thr=0.75 | SMOTE: 5/5 folds
2026-07-14 18:00:18,030 [INFO]   Sauvegardé : models/zonal/model_inondation_Nkongsamba.pkl
2026-07-14 18:00:18,031 [INFO] 
==================================================
2026-07-14 18:00:18,031 [INFO] Entraînement : Nkongsamba / SECHERESSE
2026-07-14 18:00:18,031 [INFO] ==================================================
2026-07-14 18:00:18,031 [INFO] [Features] secheresse: 31 features
2026-07-14 18:00:18,034 [INFO] Dataset : 9497 jours | 2050 positifs (21.6%) | ratio 3.6:1
2026-07-14 18:00:20,260 [INFO]   Fold  1 | RF=0.980 | GB=0.993 | pos=142
2026-07-14 18:00:24,539 [INFO]   Fold  2 | RF=0.976 | GB=0.979 | pos=139
2026-07-14 18:00:30,999 [INFO]   Fold  3 | RF=0.994 | GB=0.998 | pos=255
2026-07-14 18:00:39,515 [INFO]   Fold  4 | RF=0.953 | GB=0.983 | pos=639
2026-07-14 18:00:48,086 [INFO]   Fold  5 | RF=0.984 | GB=0.992 | pos=677
2026-07-14 18:00:48,088 [INFO]   CV AUC → RF=0.977±0.014 | GB=0.989±0.007 (5 folds utiles)
2026-07-14 18:00:48,106 [INFO]   ✅ GradientBoosting | CV AUC=0.989±0.007 | F1=0.944 | Thr=0.50 | SMOTE: 4/5 folds
2026-07-14 18:00:48,108 [INFO]   Sauvegardé : models/zonal/model_secheresse_Nkongsamba.pkl
2026-07-14 18:00:48,109 [INFO] 
==================================================
2026-07-14 18:00:48,109 [INFO] Entraînement : Nkongsamba / CHALEUR
2026-07-14 18:00:48,109 [INFO] ==================================================
2026-07-14 18:00:48,109 [INFO] [Features] chaleur: 28 features
2026-07-14 18:00:48,111 [INFO] Dataset : 9497 jours | 1348 positifs (14.2%) | ratio 6.0:1
2026-07-14 18:00:50,289 [INFO]   Fold  1 | RF=0.944 | GB=0.942 | pos=263
2026-07-14 18:00:54,212 [INFO]   Fold  2 | RF=0.942 | GB=0.950 | pos=261
2026-07-14 18:00:59,988 [INFO]   Fold  3 | RF=0.953 | GB=0.965 | pos=291
2026-07-14 18:01:07,610 [INFO]   Fold  4 | RF=0.970 | GB=0.978 | pos=105
2026-07-14 18:01:17,658 [INFO]   Fold  5 | RF=0.931 | GB=0.956 | pos=236
2026-07-14 18:01:17,662 [INFO]   CV AUC → RF=0.948±0.013 | GB=0.958±0.012 (5 folds utiles)
2026-07-14 18:01:17,681 [INFO]   ✅ GradientBoosting | CV AUC=0.958±0.012 | F1=0.735 | Thr=0.40 | SMOTE: 5/5 folds
2026-07-14 18:01:17,684 [INFO]   Sauvegardé : models/zonal/model_chaleur_Nkongsamba.pkl
2026-07-14 18:05:32,343 [INFO] Entraînement : 1 zones × 3 risques = 3 modèles
2026-07-14 18:05:32,344 [INFO] Walk-forward : 5 folds, gap=30j, SMOTE trigger=5:1
2026-07-14 18:05:32,360 [INFO] 
[Buea] 9497 jours (2000-01-01 → 2025-12-31)
2026-07-14 18:05:32,360 [INFO] 
==================================================
2026-07-14 18:05:32,360 [INFO] Entraînement : Buea / INONDATION
2026-07-14 18:05:32,360 [INFO] ==================================================
2026-07-14 18:05:32,360 [INFO] [Features] inondation: 23 features
2026-07-14 18:05:32,362 [INFO] Dataset : 9497 jours | 961 positifs (10.1%) | ratio 8.9:1
2026-07-14 18:05:34,079 [INFO]   Fold  1 | RF=0.988 | GB=0.993 | pos=98
2026-07-14 18:05:37,346 [INFO]   Fold  2 | RF=0.990 | GB=0.990 | pos=109
2026-07-14 18:05:42,139 [INFO]   Fold  3 | RF=0.993 | GB=0.997 | pos=170
2026-07-14 18:05:48,515 [INFO]   Fold  4 | RF=0.989 | GB=0.997 | pos=309
2026-07-14 18:05:56,532 [INFO]   Fold  5 | RF=0.993 | GB=0.999 | pos=152
2026-07-14 18:05:56,533 [INFO]   CV AUC → RF=0.990±0.002 | GB=0.995±0.003 (5 folds utiles)
2026-07-14 18:05:56,551 [INFO]   ✅ GradientBoosting | CV AUC=0.995±0.003 | F1=0.964 | Thr=0.65 | SMOTE: 5/5 folds
2026-07-14 18:05:56,553 [INFO]   Sauvegardé : models/zonal/model_inondation_Buea.pkl
2026-07-14 18:05:56,554 [INFO] 
==================================================
2026-07-14 18:05:56,554 [INFO] Entraînement : Buea / SECHERESSE
2026-07-14 18:05:56,554 [INFO] ==================================================
2026-07-14 18:05:56,554 [INFO] [Features] secheresse: 31 features
2026-07-14 18:05:56,557 [INFO] Dataset : 9497 jours | 1765 positifs (18.6%) | ratio 4.4:1
2026-07-14 18:05:58,788 [INFO]   Fold  1 | RF=0.949 | GB=0.934 | pos=296
2026-07-14 18:06:04,057 [INFO]   Fold  2 | RF=0.965 | GB=0.985 | pos=290
2026-07-14 18:06:10,906 [INFO]   Fold  3 | RF=0.993 | GB=0.998 | pos=262
2026-07-14 18:06:19,102 [INFO]   Fold  4 | RF=0.896 | GB=0.932 | pos=119
2026-07-14 18:06:30,715 [INFO]   Fold  5 | RF=0.982 | GB=0.985 | pos=490
2026-07-14 18:06:30,717 [INFO]   CV AUC → RF=0.957±0.034 | GB=0.967±0.028 (5 folds utiles)
2026-07-14 18:06:30,738 [INFO]   ✅ GradientBoosting | CV AUC=0.967±0.028 | F1=0.924 | Thr=0.75 | SMOTE: 1/5 folds
2026-07-14 18:06:30,742 [INFO]   Sauvegardé : models/zonal/model_secheresse_Buea.pkl
2026-07-14 18:06:30,744 [INFO] 
==================================================
2026-07-14 18:06:30,744 [INFO] Entraînement : Buea / CHALEUR
2026-07-14 18:06:30,744 [INFO] ==================================================
2026-07-14 18:06:30,744 [INFO] [Features] chaleur: 28 features
2026-07-14 18:06:30,762 [INFO] Dataset : 9497 jours | 1475 positifs (15.5%) | ratio 5.4:1
2026-07-14 18:06:32,917 [INFO]   Fold  1 | RF=0.950 | GB=0.961 | pos=410
2026-07-14 18:06:36,850 [INFO]   Fold  2 | RF=0.953 | GB=0.972 | pos=371
2026-07-14 18:06:42,339 [INFO]   Fold  3 | RF=0.967 | GB=0.976 | pos=353
2026-07-14 18:06:49,277 [INFO]   Fold  4 | RF=0.994 | GB=0.999 | pos=3
2026-07-14 18:06:57,758 [INFO]   Fold  5 | RF=0.996 | GB=0.998 | pos=8
2026-07-14 18:06:57,759 [INFO]   CV AUC → RF=0.972±0.020 | GB=0.981±0.015 (5 folds utiles)
2026-07-14 18:06:57,777 [INFO]   ✅ GradientBoosting | CV AUC=0.981±0.015 | F1=0.778 | Thr=0.30 | SMOTE: 0/5 folds
2026-07-14 18:06:57,779 [INFO]   Sauvegardé : models/zonal/model_chaleur_Buea.pkl
2026-07-14 18:32:07,108 [INFO] Entraînement : 1 zones × 3 risques = 3 modèles
2026-07-14 18:32:07,109 [INFO] Walk-forward : 5 folds, gap=30j, SMOTE trigger=5:1
2026-07-14 18:32:07,133 [INFO] 
[Ndop] 13157 jours (1990-01-01 → 2026-07-13)
2026-07-14 18:32:07,133 [INFO] 
==================================================
2026-07-14 18:32:07,133 [INFO] Entraînement : Ndop / INONDATION
2026-07-14 18:32:07,133 [INFO] ==================================================
2026-07-14 18:32:07,133 [INFO] [Features] inondation: 23 features
2026-07-14 18:32:07,136 [INFO] Dataset : 13157 jours | 524 positifs (4.0%) | ratio 24.1:1
2026-07-14 18:32:09,345 [INFO]   Fold  1 | RF=0.993 | GB=0.994 | pos=125
2026-07-14 18:32:14,410 [INFO]   Fold  2 | RF=0.988 | GB=0.987 | pos=96
2026-07-14 18:32:21,901 [INFO]   Fold  3 | RF=0.997 | GB=0.998 | pos=111
2026-07-14 18:32:31,828 [INFO]   Fold  4 | RF=0.998 | GB=1.000 | pos=63
2026-07-14 18:32:31,831 [INFO]   CV AUC → RF=0.994±0.004 | GB=0.995±0.005 (4 folds utiles)
2026-07-14 18:32:31,853 [INFO]   ✅ GradientBoosting | CV AUC=0.995±0.005 | F1=0.945 | Thr=0.50 | SMOTE: 4/4 folds
2026-07-14 18:32:31,856 [INFO]   Sauvegardé : models/zonal/model_inondation_Ndop.pkl
2026-07-14 18:32:31,857 [INFO] 
==================================================
2026-07-14 18:32:31,857 [INFO] Entraînement : Ndop / SECHERESSE
2026-07-14 18:32:31,857 [INFO] ==================================================
2026-07-14 18:32:31,857 [INFO] [Features] secheresse: 31 features
2026-07-14 18:32:31,861 [INFO] Dataset : 13157 jours | 583 positifs (4.4%) | ratio 21.6:1
2026-07-14 18:32:31,862 [WARNING]   [Fold 1] Skip GB — une seule classe après sample_weight (zone=Ndop, risk=secheresse, n_pos_train=0)
2026-07-14 18:32:36,109 [INFO]   Fold  3 | RF=0.509 | GB=0.102 | pos=8
2026-07-14 18:32:50,218 [INFO]   Fold  4 | RF=0.757 | GB=0.602 | pos=183
2026-07-14 18:33:09,475 [INFO]   Fold  5 | RF=0.929 | GB=0.934 | pos=389
2026-07-14 18:33:09,481 [INFO]   CV AUC → RF=0.732±0.172 | GB=0.546±0.342 (3 folds utiles)
2026-07-14 18:33:09,630 [INFO]   ✅ RandomForest | CV AUC=0.732±0.172 | F1=0.679 | Thr=0.60 | SMOTE: 2/3 folds
2026-07-14 18:33:09,637 [INFO]   Sauvegardé : models/zonal/model_secheresse_Ndop.pkl
2026-07-14 18:33:09,643 [INFO] 
==================================================
2026-07-14 18:33:09,643 [INFO] Entraînement : Ndop / CHALEUR
2026-07-14 18:33:09,643 [INFO] ==================================================
2026-07-14 18:33:09,644 [INFO] [Features] chaleur: 28 features
2026-07-14 18:33:09,660 [INFO] Dataset : 13157 jours | 2534 positifs (19.3%) | ratio 4.2:1
2026-07-14 18:33:13,345 [INFO]   Fold  1 | RF=0.899 | GB=0.901 | pos=391
2026-07-14 18:33:19,689 [INFO]   Fold  2 | RF=0.957 | GB=0.967 | pos=450
2026-07-14 18:33:29,297 [INFO]   Fold  3 | RF=0.973 | GB=0.978 | pos=435
2026-07-14 18:33:41,573 [INFO]   Fold  4 | RF=0.943 | GB=0.954 | pos=539
2026-07-14 18:33:54,851 [INFO]   Fold  5 | RF=0.948 | GB=0.966 | pos=578
2026-07-14 18:33:54,856 [INFO]   CV AUC → RF=0.944±0.024 | GB=0.953±0.027 (5 folds utiles)
2026-07-14 18:33:54,881 [INFO]   ✅ GradientBoosting | CV AUC=0.953±0.027 | F1=0.846 | Thr=0.50 | SMOTE: 4/5 folds
2026-07-14 18:33:54,886 [INFO]   Sauvegardé : models/zonal/model_chaleur_Ndop.pkl
2026-07-14 18:33:56,745 [INFO] Entraînement : 1 zones × 3 risques = 3 modèles
2026-07-14 18:33:56,745 [INFO] Walk-forward : 5 folds, gap=30j, SMOTE trigger=5:1
2026-07-14 18:33:56,778 [INFO] 
[Foumbot] 13157 jours (1990-01-01 → 2026-07-13)
2026-07-14 18:33:56,778 [INFO] 
==================================================
2026-07-14 18:33:56,778 [INFO] Entraînement : Foumbot / INONDATION
2026-07-14 18:33:56,778 [INFO] ==================================================
2026-07-14 18:33:56,778 [INFO] [Features] inondation: 23 features
2026-07-14 18:33:56,781 [INFO] Dataset : 13157 jours | 524 positifs (4.0%) | ratio 24.1:1
2026-07-14 18:33:59,757 [INFO]   Fold  1 | RF=0.987 | GB=0.991 | pos=79
2026-07-14 18:34:05,432 [INFO]   Fold  2 | RF=0.994 | GB=0.998 | pos=68
2026-07-14 18:34:14,196 [INFO]   Fold  3 | RF=0.995 | GB=0.998 | pos=67
2026-07-14 18:34:25,319 [INFO]   Fold  4 | RF=0.997 | GB=0.999 | pos=85
2026-07-14 18:34:39,378 [INFO]   Fold  5 | RF=0.995 | GB=0.998 | pos=101
2026-07-14 18:34:39,379 [INFO]   CV AUC → RF=0.994±0.004 | GB=0.997±0.003 (5 folds utiles)
2026-07-14 18:34:39,403 [INFO]   ✅ GradientBoosting | CV AUC=0.997±0.003 | F1=0.932 | Thr=0.70 | SMOTE: 5/5 folds
2026-07-14 18:34:39,409 [INFO]   Sauvegardé : models/zonal/model_inondation_Foumbot.pkl
2026-07-14 18:34:39,410 [INFO] 
==================================================
2026-07-14 18:34:39,410 [INFO] Entraînement : Foumbot / SECHERESSE
2026-07-14 18:34:39,410 [INFO] ==================================================
2026-07-14 18:34:39,410 [INFO] [Features] secheresse: 31 features
2026-07-14 18:34:39,414 [INFO] Dataset : 13157 jours | 583 positifs (4.4%) | ratio 21.6:1
2026-07-14 18:34:43,192 [INFO]   Fold  1 | RF=0.827 | GB=0.782 | pos=103
2026-07-14 18:34:50,633 [INFO]   Fold  2 | RF=0.930 | GB=0.958 | pos=75
2026-07-14 18:35:02,299 [INFO]   Fold  3 | RF=0.989 | GB=0.997 | pos=105
2026-07-14 18:35:17,723 [INFO]   Fold  4 | RF=0.985 | GB=0.991 | pos=70
2026-07-14 18:35:37,359 [INFO]   Fold  5 | RF=0.927 | GB=0.920 | pos=183
2026-07-14 18:35:37,361 [INFO]   CV AUC → RF=0.932±0.059 | GB=0.930±0.079 (5 folds utiles)
2026-07-14 18:35:37,487 [INFO]   ✅ RandomForest | CV AUC=0.932±0.059 | F1=0.721 | Thr=0.45 | SMOTE: 5/5 folds
2026-07-14 18:35:37,496 [INFO]   Sauvegardé : models/zonal/model_secheresse_Foumbot.pkl
2026-07-14 18:35:37,497 [INFO] 
==================================================
2026-07-14 18:35:37,497 [INFO] Entraînement : Foumbot / CHALEUR
2026-07-14 18:35:37,497 [INFO] ==================================================
2026-07-14 18:35:37,497 [INFO] [Features] chaleur: 28 features
2026-07-14 18:35:37,500 [INFO] Dataset : 13157 jours | 2535 positifs (19.3%) | ratio 4.2:1
2026-07-14 18:35:41,027 [INFO]   Fold  1 | RF=0.931 | GB=0.923 | pos=233
2026-07-14 18:35:47,652 [INFO]   Fold  2 | RF=0.965 | GB=0.972 | pos=270
2026-07-14 18:35:57,726 [INFO]   Fold  3 | RF=0.976 | GB=0.977 | pos=351
2026-07-14 18:36:10,159 [INFO]   Fold  4 | RF=0.958 | GB=0.968 | pos=623
2026-07-14 18:36:26,089 [INFO]   Fold  5 | RF=0.958 | GB=0.970 | pos=950
2026-07-14 18:36:26,091 [INFO]   CV AUC → RF=0.958±0.015 | GB=0.962±0.020 (5 folds utiles)
2026-07-14 18:36:26,116 [INFO]   ✅ GradientBoosting | CV AUC=0.962±0.020 | F1=0.906 | Thr=0.50 | SMOTE: 5/5 folds
2026-07-14 18:36:26,122 [INFO]   Sauvegardé : models/zonal/model_chaleur_Foumbot.pkl
2026-07-14 18:36:27,835 [INFO] Entraînement : 1 zones × 3 risques = 3 modèles
2026-07-14 18:36:27,836 [INFO] Walk-forward : 5 folds, gap=30j, SMOTE trigger=5:1
2026-07-14 18:36:27,866 [INFO] 
[Kaele] 13157 jours (1990-01-01 → 2026-07-13)
2026-07-14 18:36:27,866 [INFO] 
==================================================
2026-07-14 18:36:27,866 [INFO] Entraînement : Kaele / INONDATION
2026-07-14 18:36:27,866 [INFO] ==================================================
2026-07-14 18:36:27,866 [INFO] [Features] inondation: 23 features
2026-07-14 18:36:27,872 [INFO] Dataset : 13157 jours | 1092 positifs (8.3%) | ratio 11.0:1
2026-07-14 18:36:30,597 [INFO]   Fold  1 | RF=0.984 | GB=0.986 | pos=240
2026-07-14 18:36:36,320 [INFO]   Fold  2 | RF=0.996 | GB=0.999 | pos=154
2026-07-14 18:36:43,834 [INFO]   Fold  3 | RF=0.995 | GB=0.998 | pos=196
2026-07-14 18:36:53,722 [INFO]   Fold  4 | RF=0.998 | GB=1.000 | pos=123
2026-07-14 18:37:05,221 [INFO]   Fold  5 | RF=0.999 | GB=1.000 | pos=144
2026-07-14 18:37:05,222 [INFO]   CV AUC → RF=0.994±0.005 | GB=0.996±0.005 (5 folds utiles)
2026-07-14 18:37:05,245 [INFO]   ✅ GradientBoosting | CV AUC=0.996±0.005 | F1=0.979 | Thr=0.60 | SMOTE: 5/5 folds
2026-07-14 18:37:05,249 [INFO]   Sauvegardé : models/zonal/model_inondation_Kaele.pkl
2026-07-14 18:37:05,250 [INFO] 
==================================================
2026-07-14 18:37:05,250 [INFO] Entraînement : Kaele / SECHERESSE
2026-07-14 18:37:05,250 [INFO] ==================================================
2026-07-14 18:37:05,250 [INFO] [Features] secheresse: 31 features
2026-07-14 18:37:05,257 [INFO] Dataset : 13157 jours | 205 positifs (1.6%) | ratio 63.2:1
2026-07-14 18:37:12,410 [INFO]   Fold  2 | RF=0.887 | GB=0.806 | pos=38
2026-07-14 18:37:27,242 [INFO]   Fold  4 | RF=0.971 | GB=0.984 | pos=3
2026-07-14 18:37:45,950 [INFO]   Fold  5 | RF=0.965 | GB=0.978 | pos=144
2026-07-14 18:37:45,953 [INFO]   CV AUC → RF=0.941±0.038 | GB=0.923±0.083 (3 folds utiles)
2026-07-14 18:37:46,066 [INFO]   ✅ RandomForest | CV AUC=0.941±0.038 | F1=0.205 | Thr=0.15 | SMOTE: 3/3 folds
2026-07-14 18:37:46,071 [INFO]   Sauvegardé : models/zonal/model_secheresse_Kaele.pkl
2026-07-14 18:37:46,072 [INFO] 
==================================================
2026-07-14 18:37:46,072 [INFO] Entraînement : Kaele / CHALEUR
2026-07-14 18:37:46,072 [INFO] ==================================================
2026-07-14 18:37:46,072 [INFO] [Features] chaleur: 28 features
2026-07-14 18:37:46,085 [INFO] Dataset : 13157 jours | 1948 positifs (14.8%) | ratio 5.8:1
2026-07-14 18:37:49,130 [INFO]   Fold  1 | RF=0.981 | GB=0.983 | pos=253
2026-07-14 18:37:55,186 [INFO]   Fold  2 | RF=0.989 | GB=0.992 | pos=422
2026-07-14 18:38:03,518 [INFO]   Fold  3 | RF=0.993 | GB=0.995 | pos=383
2026-07-14 18:38:14,149 [INFO]   Fold  4 | RF=0.996 | GB=0.997 | pos=237
2026-07-14 18:38:28,670 [INFO]   Fold  5 | RF=0.992 | GB=0.995 | pos=342
2026-07-14 18:38:28,673 [INFO]   CV AUC → RF=0.990±0.005 | GB=0.992±0.005 (5 folds utiles)
2026-07-14 18:38:28,697 [INFO]   ✅ GradientBoosting | CV AUC=0.992±0.005 | F1=0.949 | Thr=0.75 | SMOTE: 5/5 folds
2026-07-14 18:38:28,703 [INFO]   Sauvegardé : models/zonal/model_chaleur_Kaele.pkl
2026-07-14 18:38:30,437 [INFO] Entraînement : 1 zones × 3 risques = 3 modèles
2026-07-14 18:38:30,437 [INFO] Walk-forward : 5 folds, gap=30j, SMOTE trigger=5:1
2026-07-14 18:38:30,478 [INFO] 
[Guider] 13157 jours (1990-01-01 → 2026-07-13)
2026-07-14 18:38:30,478 [INFO] 
==================================================
2026-07-14 18:38:30,478 [INFO] Entraînement : Guider / INONDATION
2026-07-14 18:38:30,478 [INFO] ==================================================
2026-07-14 18:38:30,478 [INFO] [Features] inondation: 23 features
2026-07-14 18:38:30,481 [INFO] Dataset : 13157 jours | 1096 positifs (8.3%) | ratio 11.0:1
2026-07-14 18:38:33,352 [INFO]   Fold  1 | RF=0.980 | GB=0.982 | pos=214
2026-07-14 18:38:38,473 [INFO]   Fold  2 | RF=0.995 | GB=0.998 | pos=96
2026-07-14 18:38:48,067 [INFO]   Fold  3 | RF=0.994 | GB=0.999 | pos=165
2026-07-14 18:38:59,040 [INFO]   Fold  4 | RF=0.995 | GB=0.998 | pos=217
2026-07-14 18:39:13,804 [INFO]   Fold  5 | RF=0.998 | GB=0.999 | pos=212
2026-07-14 18:39:13,806 [INFO]   CV AUC → RF=0.992±0.006 | GB=0.995±0.007 (5 folds utiles)
2026-07-14 18:39:13,830 [INFO]   ✅ GradientBoosting | CV AUC=0.995±0.007 | F1=0.960 | Thr=0.60 | SMOTE: 5/5 folds
2026-07-14 18:39:13,835 [INFO]   Sauvegardé : models/zonal/model_inondation_Guider.pkl
2026-07-14 18:39:13,838 [INFO] 
==================================================
2026-07-14 18:39:13,838 [INFO] Entraînement : Guider / SECHERESSE
2026-07-14 18:39:13,838 [INFO] ==================================================
2026-07-14 18:39:13,838 [INFO] [Features] secheresse: 31 features
2026-07-14 18:39:13,844 [INFO] Dataset : 13157 jours | 22 positifs (0.2%) | ratio 597.0:1
2026-07-14 18:39:16,734 [INFO]   Fold  1 | RF=0.976 | GB=0.828 | pos=7
2026-07-14 18:39:23,556 [INFO]   Fold  2 | RF=0.996 | GB=0.994 | pos=3
2026-07-14 18:39:36,738 [INFO]   Fold  4 | RF=0.974 | GB=0.991 | pos=3
2026-07-14 18:39:36,740 [INFO]   CV AUC → RF=0.982±0.010 | GB=0.938±0.077 (3 folds utiles)
2026-07-14 18:39:36,846 [INFO]   ✅ RandomForest | CV AUC=0.982±0.010 | F1=0.000 | Thr=0.50 | SMOTE: 3/3 folds
2026-07-14 18:39:36,851 [INFO]   Sauvegardé : models/zonal/model_secheresse_Guider.pkl
2026-07-14 18:39:36,851 [INFO] 
==================================================
2026-07-14 18:39:36,851 [INFO] Entraînement : Guider / CHALEUR
2026-07-14 18:39:36,851 [INFO] ==================================================
2026-07-14 18:39:36,851 [INFO] [Features] chaleur: 28 features
2026-07-14 18:39:36,853 [INFO] Dataset : 13157 jours | 1931 positifs (14.7%) | ratio 5.8:1
2026-07-14 18:39:39,932 [INFO]   Fold  1 | RF=0.983 | GB=0.987 | pos=202
2026-07-14 18:39:46,395 [INFO]   Fold  2 | RF=0.992 | GB=0.995 | pos=391
2026-07-14 18:39:56,102 [INFO]   Fold  3 | RF=0.992 | GB=0.997 | pos=347
2026-07-14 18:40:07,707 [INFO]   Fold  4 | RF=0.994 | GB=0.996 | pos=314
2026-07-14 18:40:22,243 [INFO]   Fold  5 | RF=0.985 | GB=0.992 | pos=422
2026-07-14 18:40:22,245 [INFO]   CV AUC → RF=0.989±0.004 | GB=0.993±0.003 (5 folds utiles)
2026-07-14 18:40:22,268 [INFO]   ✅ GradientBoosting | CV AUC=0.993±0.003 | F1=0.944 | Thr=0.60 | SMOTE: 5/5 folds
2026-07-14 18:40:22,274 [INFO]   Sauvegardé : models/zonal/model_chaleur_Guider.pkl
2026-07-14 18:40:24,052 [INFO] Entraînement : 1 zones × 3 risques = 3 modèles
2026-07-14 18:40:24,052 [INFO] Walk-forward : 5 folds, gap=30j, SMOTE trigger=5:1
2026-07-14 18:40:24,086 [INFO] 
[Meiganga] 13157 jours (1990-01-01 → 2026-07-13)
2026-07-14 18:40:24,086 [INFO] 
==================================================
2026-07-14 18:40:24,086 [INFO] Entraînement : Meiganga / INONDATION
2026-07-14 18:40:24,086 [INFO] ==================================================
2026-07-14 18:40:24,086 [INFO] [Features] inondation: 23 features
2026-07-14 18:40:24,090 [INFO] Dataset : 13157 jours | 524 positifs (4.0%) | ratio 24.1:1
2026-07-14 18:40:27,102 [INFO]   Fold  1 | RF=0.988 | GB=0.993 | pos=132
2026-07-14 18:40:33,363 [INFO]   Fold  2 | RF=0.995 | GB=0.999 | pos=74
2026-07-14 18:40:43,309 [INFO]   Fold  3 | RF=0.995 | GB=0.997 | pos=63
2026-07-14 18:40:57,053 [INFO]   Fold  4 | RF=0.998 | GB=0.998 | pos=74
2026-07-14 18:41:12,254 [INFO]   Fold  5 | RF=1.000 | GB=1.000 | pos=29
2026-07-14 18:41:12,256 [INFO]   CV AUC → RF=0.995±0.004 | GB=0.998±0.002 (5 folds utiles)
2026-07-14 18:41:12,280 [INFO]   ✅ GradientBoosting | CV AUC=0.998±0.002 | F1=1.000 | Thr=0.70 | SMOTE: 5/5 folds
2026-07-14 18:41:12,285 [INFO]   Sauvegardé : models/zonal/model_inondation_Meiganga.pkl
2026-07-14 18:41:12,288 [INFO] 
==================================================
2026-07-14 18:41:12,288 [INFO] Entraînement : Meiganga / SECHERESSE
2026-07-14 18:41:12,288 [INFO] ==================================================
2026-07-14 18:41:12,288 [INFO] [Features] secheresse: 31 features
2026-07-14 18:41:12,298 [INFO] Dataset : 13157 jours | 583 positifs (4.4%) | ratio 21.6:1
2026-07-14 18:41:16,415 [INFO]   Fold  1 | RF=0.972 | GB=0.971 | pos=101
2026-07-14 18:41:24,244 [INFO]   Fold  2 | RF=0.979 | GB=0.990 | pos=91
2026-07-14 18:41:38,229 [INFO]   Fold  3 | RF=0.979 | GB=0.989 | pos=89
2026-07-14 18:41:56,225 [INFO]   Fold  4 | RF=0.949 | GB=0.974 | pos=55
2026-07-14 18:42:38,336 [INFO] Entraînement : 1 zones × 3 risques = 3 modèles
2026-07-14 18:42:38,336 [INFO] Walk-forward : 5 folds, gap=30j, SMOTE trigger=5:1
2026-07-14 18:42:38,372 [INFO] 
[Meiganga] 13157 jours (1990-01-01 → 2026-07-13)
2026-07-14 18:42:38,372 [INFO] 
==================================================
2026-07-14 18:42:38,372 [INFO] Entraînement : Meiganga / INONDATION
2026-07-14 18:42:38,372 [INFO] ==================================================
2026-07-14 18:42:38,372 [INFO] [Features] inondation: 23 features
2026-07-14 18:42:38,376 [INFO] Dataset : 13157 jours | 524 positifs (4.0%) | ratio 24.1:1
2026-07-14 18:42:41,418 [INFO]   Fold  1 | RF=0.988 | GB=0.993 | pos=132
2026-07-14 18:42:47,589 [INFO]   Fold  2 | RF=0.995 | GB=0.999 | pos=74
2026-07-14 18:42:56,621 [INFO]   Fold  3 | RF=0.995 | GB=0.997 | pos=63
2026-07-14 18:43:09,055 [INFO]   Fold  4 | RF=0.998 | GB=0.998 | pos=74
2026-07-14 18:43:27,448 [INFO]   Fold  5 | RF=1.000 | GB=1.000 | pos=29
2026-07-14 18:43:27,450 [INFO]   CV AUC → RF=0.995±0.004 | GB=0.998±0.002 (5 folds utiles)
2026-07-14 18:43:27,474 [INFO]   ✅ GradientBoosting | CV AUC=0.998±0.002 | F1=1.000 | Thr=0.70 | SMOTE: 5/5 folds
2026-07-14 18:43:27,479 [INFO]   Sauvegardé : models/zonal/model_inondation_Meiganga.pkl
2026-07-14 18:43:27,480 [INFO] 
==================================================
2026-07-14 18:43:27,480 [INFO] Entraînement : Meiganga / SECHERESSE
2026-07-14 18:43:27,480 [INFO] ==================================================
2026-07-14 18:43:27,480 [INFO] [Features] secheresse: 31 features
2026-07-14 18:43:27,493 [INFO] Dataset : 13157 jours | 583 positifs (4.4%) | ratio 21.6:1
2026-07-14 18:43:31,574 [INFO]   Fold  1 | RF=0.972 | GB=0.971 | pos=101
2026-07-14 18:43:39,915 [INFO]   Fold  2 | RF=0.979 | GB=0.990 | pos=91
2026-07-14 18:43:55,531 [INFO]   Fold  3 | RF=0.979 | GB=0.989 | pos=89
2026-07-14 18:44:12,464 [INFO]   Fold  4 | RF=0.949 | GB=0.974 | pos=55
2026-07-14 18:44:32,710 [INFO]   Fold  5 | RF=0.879 | GB=0.894 | pos=194
2026-07-14 18:44:32,715 [INFO]   CV AUC → RF=0.951±0.038 | GB=0.964±0.035 (5 folds utiles)
2026-07-14 18:44:32,740 [INFO]   ✅ GradientBoosting | CV AUC=0.964±0.035 | F1=0.604 | Thr=0.35 | SMOTE: 5/5 folds
2026-07-14 18:44:32,743 [INFO]   Sauvegardé : models/zonal/model_secheresse_Meiganga.pkl
2026-07-14 18:44:32,744 [INFO] 
==================================================
2026-07-14 18:44:32,744 [INFO] Entraînement : Meiganga / CHALEUR
2026-07-14 18:44:32,744 [INFO] ==================================================
2026-07-14 18:44:32,744 [INFO] [Features] chaleur: 28 features
2026-07-14 18:44:32,747 [INFO] Dataset : 13157 jours | 2529 positifs (19.2%) | ratio 4.2:1
2026-07-14 18:44:36,428 [INFO]   Fold  1 | RF=0.913 | GB=0.906 | pos=386
2026-07-14 18:44:42,902 [INFO]   Fold  2 | RF=0.954 | GB=0.962 | pos=516
2026-07-14 18:44:51,447 [INFO]   Fold  3 | RF=0.960 | GB=0.969 | pos=515
2026-07-14 18:45:01,695 [INFO]   Fold  4 | RF=0.966 | GB=0.974 | pos=419
2026-07-14 18:45:15,534 [INFO]   Fold  5 | RF=0.958 | GB=0.972 | pos=471
2026-07-14 18:45:15,537 [INFO]   CV AUC → RF=0.950±0.019 | GB=0.956±0.026 (5 folds utiles)
2026-07-14 18:45:15,565 [INFO]   ✅ GradientBoosting | CV AUC=0.956±0.026 | F1=0.830 | Thr=0.45 | SMOTE: 2/5 folds
2026-07-14 18:45:15,570 [INFO]   Sauvegardé : models/zonal/model_chaleur_Meiganga.pkl
2026-07-14 18:45:17,619 [INFO] Entraînement : 1 zones × 3 risques = 3 modèles
2026-07-14 18:45:17,619 [INFO] Walk-forward : 5 folds, gap=30j, SMOTE trigger=5:1
2026-07-14 18:45:17,653 [INFO] 
[Mbalmayo] 9505 jours (2000-01-01 → 2026-07-13)
2026-07-14 18:45:17,654 [INFO] 
==================================================
2026-07-14 18:45:17,654 [INFO] Entraînement : Mbalmayo / INONDATION
2026-07-14 18:45:17,654 [INFO] ==================================================
2026-07-14 18:45:17,654 [INFO] [Features] inondation: 23 features
2026-07-14 18:45:17,656 [INFO] Dataset : 9505 jours | 590 positifs (6.2%) | ratio 15.1:1
2026-07-14 18:45:20,918 [INFO]   Fold  1 | RF=0.967 | GB=0.970 | pos=63
2026-07-14 18:45:26,691 [INFO]   Fold  2 | RF=0.990 | GB=0.995 | pos=71
2026-07-14 18:45:34,158 [INFO]   Fold  3 | RF=0.994 | GB=0.997 | pos=58
2026-07-14 18:45:45,529 [INFO]   Fold  4 | RF=0.985 | GB=0.995 | pos=177
2026-07-14 18:45:56,203 [INFO]   Fold  5 | RF=0.991 | GB=0.997 | pos=157
2026-07-14 18:45:56,205 [INFO]   CV AUC → RF=0.985±0.010 | GB=0.991±0.010 (5 folds utiles)
2026-07-14 18:45:56,227 [INFO]   ✅ GradientBoosting | CV AUC=0.991±0.010 | F1=0.922 | Thr=0.75 | SMOTE: 5/5 folds
2026-07-14 18:45:56,232 [INFO]   Sauvegardé : models/zonal/model_inondation_Mbalmayo.pkl
2026-07-14 18:45:56,235 [INFO] 
==================================================
2026-07-14 18:45:56,235 [INFO] Entraînement : Mbalmayo / SECHERESSE
2026-07-14 18:45:56,235 [INFO] ==================================================
2026-07-14 18:45:56,235 [INFO] [Features] secheresse: 31 features
2026-07-14 18:45:56,243 [INFO] Dataset : 9505 jours | 836 positifs (8.8%) | ratio 10.4:1
2026-07-14 18:45:59,415 [INFO]   Fold  1 | RF=0.868 | GB=0.863 | pos=175
2026-07-14 18:46:04,919 [INFO]   Fold  2 | RF=0.956 | GB=0.975 | pos=109
2026-07-14 18:46:13,192 [INFO]   Fold  3 | RF=0.977 | GB=0.990 | pos=125
2026-07-14 18:46:26,422 [INFO]   Fold  4 | RF=0.989 | GB=0.996 | pos=50
2026-07-14 18:46:40,074 [INFO]   Fold  5 | RF=0.959 | GB=0.965 | pos=283
2026-07-14 18:46:40,076 [INFO]   CV AUC → RF=0.950±0.043 | GB=0.958±0.049 (5 folds utiles)
2026-07-14 18:46:40,100 [INFO]   ✅ GradientBoosting | CV AUC=0.958±0.049 | F1=0.828 | Thr=0.35 | SMOTE: 5/5 folds
2026-07-14 18:46:40,105 [INFO]   Sauvegardé : models/zonal/model_secheresse_Mbalmayo.pkl
2026-07-14 18:46:40,107 [INFO] 
==================================================
2026-07-14 18:46:40,107 [INFO] Entraînement : Mbalmayo / CHALEUR
2026-07-14 18:46:40,107 [INFO] ==================================================
2026-07-14 18:46:40,107 [INFO] [Features] chaleur: 28 features
2026-07-14 18:46:40,113 [INFO] Dataset : 9505 jours | 608 positifs (6.4%) | ratio 14.6:1
2026-07-14 18:46:42,736 [INFO]   Fold  1 | RF=0.968 | GB=0.910 | pos=80
2026-07-14 18:46:48,131 [INFO]   Fold  2 | RF=0.973 | GB=0.971 | pos=51
2026-07-14 18:46:58,817 [INFO]   Fold  3 | RF=0.987 | GB=0.980 | pos=106
2026-07-14 18:47:23,993 [INFO]   Fold  4 | RF=0.983 | GB=0.987 | pos=81
2026-07-14 18:47:39,516 [INFO]   Fold  5 | RF=0.991 | GB=0.992 | pos=256
2026-07-14 18:47:39,520 [INFO]   CV AUC → RF=0.980±0.009 | GB=0.968±0.030 (5 folds utiles)
2026-07-14 18:47:39,658 [INFO]   ✅ RandomForest | CV AUC=0.980±0.009 | F1=0.894 | Thr=0.35 | SMOTE: 5/5 folds
2026-07-14 18:47:39,671 [INFO]   Sauvegardé : models/zonal/model_chaleur_Mbalmayo.pkl
2026-07-14 18:47:42,160 [INFO] Entraînement : 1 zones × 3 risques = 3 modèles
2026-07-14 18:47:42,161 [INFO] Walk-forward : 5 folds, gap=30j, SMOTE trigger=5:1
2026-07-14 18:47:42,190 [INFO] 
[Bafia] 9505 jours (2000-01-01 → 2026-07-13)
2026-07-14 18:47:42,190 [INFO] 
==================================================
2026-07-14 18:47:42,190 [INFO] Entraînement : Bafia / INONDATION
2026-07-14 18:47:42,190 [INFO] ==================================================
2026-07-14 18:47:42,190 [INFO] [Features] inondation: 23 features
2026-07-14 18:47:42,193 [INFO] Dataset : 9505 jours | 590 positifs (6.2%) | ratio 15.1:1
2026-07-14 18:47:44,865 [INFO]   Fold  1 | RF=0.995 | GB=0.994 | pos=58
2026-07-14 18:47:49,400 [INFO]   Fold  2 | RF=0.994 | GB=0.998 | pos=43
2026-07-14 18:47:55,630 [INFO]   Fold  3 | RF=0.994 | GB=0.997 | pos=45
2026-07-14 18:48:03,556 [INFO]   Fold  4 | RF=0.996 | GB=0.999 | pos=194
2026-07-14 18:48:14,899 [INFO]   Fold  5 | RF=0.997 | GB=1.000 | pos=184
2026-07-14 18:48:14,901 [INFO]   CV AUC → RF=0.995±0.001 | GB=0.998±0.002 (5 folds utiles)
2026-07-14 18:48:14,928 [INFO]   ✅ GradientBoosting | CV AUC=0.998±0.002 | F1=0.989 | Thr=0.75 | SMOTE: 5/5 folds
2026-07-14 18:48:14,932 [INFO]   Sauvegardé : models/zonal/model_inondation_Bafia.pkl
2026-07-14 18:48:14,933 [INFO] 
==================================================
2026-07-14 18:48:14,933 [INFO] Entraînement : Bafia / SECHERESSE
2026-07-14 18:48:14,933 [INFO] ==================================================
2026-07-14 18:48:14,933 [INFO] [Features] secheresse: 31 features
2026-07-14 18:48:14,941 [INFO] Dataset : 9505 jours | 836 positifs (8.8%) | ratio 10.4:1
2026-07-14 18:48:17,964 [INFO]   Fold  1 | RF=0.845 | GB=0.891 | pos=207
2026-07-14 18:48:23,450 [INFO]   Fold  2 | RF=0.962 | GB=0.973 | pos=136
2026-07-14 18:48:31,713 [INFO]   Fold  3 | RF=0.987 | GB=0.994 | pos=146
2026-07-14 18:48:42,779 [INFO]   Fold  4 | RF=0.991 | GB=0.997 | pos=60
2026-07-14 18:48:56,689 [INFO]   Fold  5 | RF=0.970 | GB=0.977 | pos=179
2026-07-14 18:48:56,698 [INFO]   CV AUC → RF=0.951±0.054 | GB=0.966±0.039 (5 folds utiles)
2026-07-14 18:48:56,725 [INFO]   ✅ GradientBoosting | CV AUC=0.966±0.039 | F1=0.823 | Thr=0.25 | SMOTE: 5/5 folds
2026-07-14 18:48:56,729 [INFO]   Sauvegardé : models/zonal/model_secheresse_Bafia.pkl
2026-07-14 18:48:56,732 [INFO] 
==================================================
2026-07-14 18:48:56,732 [INFO] Entraînement : Bafia / CHALEUR
2026-07-14 18:48:56,732 [INFO] ==================================================
2026-07-14 18:48:56,732 [INFO] [Features] chaleur: 28 features
2026-07-14 18:48:56,734 [INFO] Dataset : 9505 jours | 605 positifs (6.4%) | ratio 14.7:1
2026-07-14 18:48:59,494 [INFO]   Fold  1 | RF=0.957 | GB=0.969 | pos=86
2026-07-14 18:49:04,432 [INFO]   Fold  2 | RF=0.981 | GB=0.984 | pos=112
2026-07-14 18:49:11,755 [INFO]   Fold  3 | RF=0.983 | GB=0.988 | pos=143
2026-07-14 18:49:20,922 [INFO]   Fold  4 | RF=0.992 | GB=0.993 | pos=100
2026-07-14 18:49:32,334 [INFO]   Fold  5 | RF=0.991 | GB=0.995 | pos=104
2026-07-14 18:49:32,335 [INFO]   CV AUC → RF=0.981±0.012 | GB=0.986±0.009 (5 folds utiles)
2026-07-14 18:49:32,355 [INFO]   ✅ GradientBoosting | CV AUC=0.986±0.009 | F1=0.860 | Thr=0.50 | SMOTE: 5/5 folds
2026-07-14 18:49:32,358 [INFO]   Sauvegardé : models/zonal/model_chaleur_Bafia.pkl
2026-07-14 18:49:33,995 [INFO] Entraînement : 1 zones × 3 risques = 3 modèles
2026-07-14 18:49:33,995 [INFO] Walk-forward : 5 folds, gap=30j, SMOTE trigger=5:1
2026-07-14 18:49:34,023 [INFO] 
[Bertoua] 9505 jours (2000-01-01 → 2026-07-13)
2026-07-14 18:49:34,023 [INFO] 
==================================================
2026-07-14 18:49:34,023 [INFO] Entraînement : Bertoua / INONDATION
2026-07-14 18:49:34,023 [INFO] ==================================================
2026-07-14 18:49:34,023 [INFO] [Features] inondation: 23 features
2026-07-14 18:49:34,025 [INFO] Dataset : 9505 jours | 590 positifs (6.2%) | ratio 15.1:1
2026-07-14 18:49:36,300 [INFO]   Fold  1 | RF=0.990 | GB=0.995 | pos=77
2026-07-14 18:49:40,412 [INFO]   Fold  2 | RF=0.998 | GB=0.998 | pos=65
2026-07-14 18:49:46,476 [INFO]   Fold  3 | RF=0.995 | GB=0.997 | pos=52
2026-07-14 18:49:54,422 [INFO]   Fold  4 | RF=0.997 | GB=0.999 | pos=173
2026-07-14 18:50:04,292 [INFO]   Fold  5 | RF=0.998 | GB=1.000 | pos=148
2026-07-14 18:50:04,293 [INFO]   CV AUC → RF=0.996±0.003 | GB=0.997±0.002 (5 folds utiles)
2026-07-14 18:50:04,315 [INFO]   ✅ GradientBoosting | CV AUC=0.997±0.002 | F1=0.977 | Thr=0.80 | SMOTE: 5/5 folds
2026-07-14 18:50:04,317 [INFO]   Sauvegardé : models/zonal/model_inondation_Bertoua.pkl
2026-07-14 18:50:04,318 [INFO] 
==================================================
2026-07-14 18:50:04,319 [INFO] Entraînement : Bertoua / SECHERESSE
2026-07-14 18:50:04,319 [INFO] ==================================================
2026-07-14 18:50:04,319 [INFO] [Features] secheresse: 31 features
2026-07-14 18:50:04,322 [INFO] Dataset : 9505 jours | 836 positifs (8.8%) | ratio 10.4:1
2026-07-14 18:50:07,113 [INFO]   Fold  1 | RF=0.899 | GB=0.904 | pos=125
2026-07-14 18:50:12,623 [INFO]   Fold  2 | RF=0.943 | GB=0.968 | pos=126
2026-07-14 18:50:20,630 [INFO]   Fold  3 | RF=0.976 | GB=0.978 | pos=165
2026-07-14 18:50:31,429 [INFO]   Fold  4 | RF=0.972 | GB=0.982 | pos=102
2026-07-14 18:50:44,525 [INFO]   Fold  5 | RF=0.966 | GB=0.978 | pos=201
2026-07-14 18:50:44,526 [INFO]   CV AUC → RF=0.951±0.028 | GB=0.962±0.029 (5 folds utiles)
2026-07-14 18:50:44,551 [INFO]   ✅ GradientBoosting | CV AUC=0.962±0.029 | F1=0.789 | Thr=0.45 | SMOTE: 5/5 folds
2026-07-14 18:50:44,555 [INFO]   Sauvegardé : models/zonal/model_secheresse_Bertoua.pkl
2026-07-14 18:50:44,555 [INFO] 
==================================================
2026-07-14 18:50:44,555 [INFO] Entraînement : Bertoua / CHALEUR
2026-07-14 18:50:44,555 [INFO] ==================================================
2026-07-14 18:50:44,555 [INFO] [Features] chaleur: 28 features
2026-07-14 18:50:44,558 [INFO] Dataset : 9505 jours | 607 positifs (6.4%) | ratio 14.7:1
2026-07-14 18:50:47,194 [INFO]   Fold  1 | RF=0.981 | GB=0.982 | pos=111
2026-07-14 18:50:52,483 [INFO]   Fold  2 | RF=0.974 | GB=0.984 | pos=84
2026-07-14 18:51:00,175 [INFO]   Fold  3 | RF=0.986 | GB=0.992 | pos=121
2026-07-14 18:51:10,074 [INFO]   Fold  4 | RF=0.987 | GB=0.992 | pos=77
2026-07-14 18:51:22,422 [INFO]   Fold  5 | RF=0.976 | GB=0.985 | pos=148
2026-07-14 18:51:22,426 [INFO]   CV AUC → RF=0.981±0.005 | GB=0.987±0.004 (5 folds utiles)
2026-07-14 18:51:22,445 [INFO]   ✅ GradientBoosting | CV AUC=0.987±0.004 | F1=0.841 | Thr=0.30 | SMOTE: 5/5 folds
2026-07-14 18:51:22,451 [INFO]   Sauvegardé : models/zonal/model_chaleur_Bertoua.pkl
2026-07-14 18:51:24,246 [INFO] Entraînement : 1 zones × 3 risques = 3 modèles
2026-07-14 18:51:24,246 [INFO] Walk-forward : 5 folds, gap=30j, SMOTE trigger=5:1
2026-07-14 18:51:24,273 [INFO] 
[Nkongsamba] 9505 jours (2000-01-01 → 2026-07-13)
2026-07-14 18:51:24,273 [INFO] 
==================================================
2026-07-14 18:51:24,273 [INFO] Entraînement : Nkongsamba / INONDATION
2026-07-14 18:51:24,273 [INFO] ==================================================
2026-07-14 18:51:24,273 [INFO] [Features] inondation: 23 features
2026-07-14 18:51:24,276 [INFO] Dataset : 9505 jours | 590 positifs (6.2%) | ratio 15.1:1
2026-07-14 18:51:26,585 [INFO]   Fold  1 | RF=0.981 | GB=0.988 | pos=104
2026-07-14 18:51:30,632 [INFO]   Fold  2 | RF=0.985 | GB=0.989 | pos=121
2026-07-14 18:51:36,594 [INFO]   Fold  3 | RF=0.992 | GB=0.999 | pos=117
2026-07-14 18:51:44,462 [INFO]   Fold  4 | RF=0.992 | GB=0.992 | pos=75
2026-07-14 18:51:54,370 [INFO]   Fold  5 | RF=0.996 | GB=0.999 | pos=43
2026-07-14 18:51:54,372 [INFO]   CV AUC → RF=0.989±0.006 | GB=0.993±0.005 (5 folds utiles)
2026-07-14 18:51:54,395 [INFO]   ✅ GradientBoosting | CV AUC=0.993±0.005 | F1=0.884 | Thr=0.80 | SMOTE: 5/5 folds
2026-07-14 18:51:54,400 [INFO]   Sauvegardé : models/zonal/model_inondation_Nkongsamba.pkl
2026-07-14 18:51:54,401 [INFO] 
==================================================
2026-07-14 18:51:54,401 [INFO] Entraînement : Nkongsamba / SECHERESSE
2026-07-14 18:51:54,401 [INFO] ==================================================
2026-07-14 18:51:54,401 [INFO] [Features] secheresse: 31 features
2026-07-14 18:51:54,404 [INFO] Dataset : 9505 jours | 836 positifs (8.8%) | ratio 10.4:1
2026-07-14 18:51:57,306 [INFO]   Fold  1 | RF=0.961 | GB=0.958 | pos=139
2026-07-14 18:52:02,746 [INFO]   Fold  2 | RF=0.983 | GB=0.990 | pos=88
2026-07-14 18:52:11,201 [INFO]   Fold  3 | RF=0.969 | GB=0.974 | pos=138
2026-07-14 18:52:21,939 [INFO]   Fold  4 | RF=0.914 | GB=0.919 | pos=119
2026-07-14 18:52:35,844 [INFO]   Fold  5 | RF=0.932 | GB=0.963 | pos=252
2026-07-14 18:52:35,845 [INFO]   CV AUC → RF=0.952±0.025 | GB=0.961±0.024 (5 folds utiles)
2026-07-14 18:52:35,868 [INFO]   ✅ GradientBoosting | CV AUC=0.961±0.024 | F1=0.762 | Thr=0.25 | SMOTE: 5/5 folds
2026-07-14 18:52:35,872 [INFO]   Sauvegardé : models/zonal/model_secheresse_Nkongsamba.pkl
2026-07-14 18:52:35,873 [INFO] 
==================================================
2026-07-14 18:52:35,873 [INFO] Entraînement : Nkongsamba / CHALEUR
2026-07-14 18:52:35,873 [INFO] ==================================================
2026-07-14 18:52:35,873 [INFO] [Features] chaleur: 28 features
2026-07-14 18:52:35,878 [INFO] Dataset : 9505 jours | 610 positifs (6.4%) | ratio 14.6:1
2026-07-14 18:52:38,409 [INFO]   Fold  1 | RF=0.990 | GB=0.989 | pos=125
2026-07-14 18:52:43,301 [INFO]   Fold  2 | RF=0.988 | GB=0.990 | pos=94
2026-07-14 18:52:50,622 [INFO]   Fold  3 | RF=0.996 | GB=0.996 | pos=145
2026-07-14 18:53:00,246 [INFO]   Fold  4 | RF=0.990 | GB=0.992 | pos=66
2026-07-14 18:53:12,837 [INFO]   Fold  5 | RF=0.983 | GB=0.988 | pos=99
2026-07-14 18:53:12,839 [INFO]   CV AUC → RF=0.989±0.004 | GB=0.991±0.003 (5 folds utiles)
2026-07-14 18:53:12,859 [INFO]   ✅ GradientBoosting | CV AUC=0.991±0.003 | F1=0.814 | Thr=0.70 | SMOTE: 5/5 folds
2026-07-14 18:53:12,863 [INFO]   Sauvegardé : models/zonal/model_chaleur_Nkongsamba.pkl
2026-07-14 18:53:14,746 [INFO] Entraînement : 1 zones × 3 risques = 3 modèles
2026-07-14 18:53:14,747 [INFO] Walk-forward : 5 folds, gap=30j, SMOTE trigger=5:1
2026-07-14 18:53:14,772 [INFO] 
[Buea] 9505 jours (2000-01-01 → 2026-07-13)
2026-07-14 18:53:14,772 [INFO] 
==================================================
2026-07-14 18:53:14,772 [INFO] Entraînement : Buea / INONDATION
2026-07-14 18:53:14,772 [INFO] ==================================================
2026-07-14 18:53:14,772 [INFO] [Features] inondation: 23 features
2026-07-14 18:53:14,775 [INFO] Dataset : 9505 jours | 596 positifs (6.3%) | ratio 14.9:1
2026-07-14 18:53:17,203 [INFO]   Fold  1 | RF=0.994 | GB=0.992 | pos=32
2026-07-14 18:53:21,547 [INFO]   Fold  2 | RF=0.986 | GB=0.986 | pos=51
2026-07-14 18:53:27,897 [INFO]   Fold  3 | RF=0.985 | GB=0.983 | pos=93
2026-07-14 18:53:36,260 [INFO]   Fold  4 | RF=0.979 | GB=0.986 | pos=263
2026-07-14 18:53:46,594 [INFO]   Fold  5 | RF=0.967 | GB=0.968 | pos=110
2026-07-14 18:53:46,595 [INFO]   CV AUC → RF=0.982±0.009 | GB=0.983±0.008 (5 folds utiles)
2026-07-14 18:53:46,617 [INFO]   ✅ GradientBoosting | CV AUC=0.983±0.008 | F1=0.953 | Thr=0.55 | SMOTE: 5/5 folds
2026-07-14 18:53:46,621 [INFO]   Sauvegardé : models/zonal/model_inondation_Buea.pkl
2026-07-14 18:53:46,622 [INFO] 
==================================================
2026-07-14 18:53:46,622 [INFO] Entraînement : Buea / SECHERESSE
2026-07-14 18:53:46,622 [INFO] ==================================================
2026-07-14 18:53:46,622 [INFO] [Features] secheresse: 31 features
2026-07-14 18:53:46,625 [INFO] Dataset : 9505 jours | 836 positifs (8.8%) | ratio 10.4:1
2026-07-14 18:53:49,349 [INFO]   Fold  1 | RF=0.960 | GB=0.975 | pos=158
2026-07-14 18:53:54,565 [INFO]   Fold  2 | RF=0.947 | GB=0.960 | pos=70
2026-07-14 18:54:02,716 [INFO]   Fold  3 | RF=0.985 | GB=0.989 | pos=104
2026-07-14 18:54:13,825 [INFO]   Fold  4 | RF=0.919 | GB=0.911 | pos=85
2026-07-14 18:54:27,572 [INFO]   Fold  5 | RF=0.948 | GB=0.959 | pos=257
2026-07-14 18:54:27,573 [INFO]   CV AUC → RF=0.952±0.021 | GB=0.959±0.026 (5 folds utiles)
2026-07-14 18:54:27,598 [INFO]   ✅ GradientBoosting | CV AUC=0.959±0.026 | F1=0.789 | Thr=0.55 | SMOTE: 5/5 folds
2026-07-14 18:54:27,601 [INFO]   Sauvegardé : models/zonal/model_secheresse_Buea.pkl
2026-07-14 18:54:27,602 [INFO] 
==================================================
2026-07-14 18:54:27,602 [INFO] Entraînement : Buea / CHALEUR
2026-07-14 18:54:27,602 [INFO] ==================================================
2026-07-14 18:54:27,602 [INFO] [Features] chaleur: 28 features
2026-07-14 18:54:27,604 [INFO] Dataset : 9505 jours | 605 positifs (6.4%) | ratio 14.7:1
2026-07-14 18:54:30,141 [INFO]   Fold  1 | RF=0.980 | GB=0.976 | pos=170
2026-07-14 18:54:34,934 [INFO]   Fold  2 | RF=0.982 | GB=0.982 | pos=124
2026-07-14 18:54:42,395 [INFO]   Fold  3 | RF=0.987 | GB=0.984 | pos=166
2026-07-14 18:54:54,775 [INFO]   Fold  5 | RF=0.998 | GB=1.000 | pos=3
2026-07-14 18:54:54,776 [INFO]   CV AUC → RF=0.987±0.007 | GB=0.985±0.009 (4 folds utiles)
2026-07-14 18:54:54,888 [INFO]   ✅ RandomForest | CV AUC=0.987±0.007 | F1=0.600 | Thr=0.50 | SMOTE: 4/4 folds
2026-07-14 18:54:54,901 [INFO]   Sauvegardé : models/zonal/model_chaleur_Buea.pkl
2026-07-14 18:55:09,209 [INFO] Entraînement : 1 zones × 3 risques = 3 modèles
2026-07-14 18:55:09,209 [INFO] Walk-forward : 5 folds, gap=30j, SMOTE trigger=5:1
2026-07-14 18:55:09,237 [INFO] 
[Kaele] 13157 jours (1990-01-01 → 2026-07-13)
2026-07-14 18:55:09,237 [INFO] 
==================================================
2026-07-14 18:55:09,237 [INFO] Entraînement : Kaele / INONDATION
2026-07-14 18:55:09,237 [INFO] ==================================================
2026-07-14 18:55:09,237 [INFO] [Features] inondation: 23 features
2026-07-14 18:55:09,241 [INFO] Dataset : 13157 jours | 1167 positifs (8.9%) | ratio 10.3:1
2026-07-14 18:55:11,882 [INFO]   Fold  1 | RF=0.984 | GB=0.986 | pos=240
2026-07-14 18:55:16,655 [INFO]   Fold  2 | RF=0.996 | GB=0.999 | pos=154
2026-07-14 18:55:23,873 [INFO]   Fold  3 | RF=0.963 | GB=0.957 | pos=243
2026-07-14 18:55:33,646 [INFO]   Fold  4 | RF=0.997 | GB=0.998 | pos=123
2026-07-14 18:55:45,792 [INFO]   Fold  5 | RF=0.994 | GB=0.993 | pos=172
2026-07-14 18:55:45,794 [INFO]   CV AUC → RF=0.987±0.013 | GB=0.987±0.016 (5 folds utiles)
2026-07-14 18:55:45,910 [INFO]   ✅ RandomForest | CV AUC=0.987±0.013 | F1=0.857 | Thr=0.60 | SMOTE: 5/5 folds
2026-07-14 18:55:45,918 [INFO]   Sauvegardé : models/zonal/model_inondation_Kaele.pkl
2026-07-14 18:55:45,918 [INFO] 
==================================================
2026-07-14 18:55:45,918 [INFO] Entraînement : Kaele / SECHERESSE
2026-07-14 18:55:45,918 [INFO] ==================================================
2026-07-14 18:55:45,918 [INFO] [Features] secheresse: 31 features
2026-07-14 18:55:45,925 [INFO] Dataset : 13157 jours | 205 positifs (1.6%) | ratio 63.2:1
2026-07-14 18:55:53,555 [INFO]   Fold  2 | RF=0.887 | GB=0.806 | pos=38
2026-07-14 19:06:32,551 [INFO]   Fold  4 | RF=0.971 | GB=0.984 | pos=3
2026-07-14 19:06:54,398 [INFO]   Fold  5 | RF=0.965 | GB=0.978 | pos=144
2026-07-14 19:06:54,402 [INFO]   CV AUC → RF=0.941±0.038 | GB=0.923±0.083 (3 folds utiles)
2026-07-14 19:06:54,875 [INFO]   ✅ RandomForest | CV AUC=0.941±0.038 | F1=0.205 | Thr=0.15 | SMOTE: 3/3 folds
2026-07-14 19:06:54,896 [INFO]   Sauvegardé : models/zonal/model_secheresse_Kaele.pkl
2026-07-14 19:06:54,899 [INFO] 
==================================================
2026-07-14 19:06:54,900 [INFO] Entraînement : Kaele / CHALEUR
2026-07-14 19:06:54,900 [INFO] ==================================================
2026-07-14 19:06:54,900 [INFO] [Features] chaleur: 28 features
2026-07-14 19:06:54,931 [INFO] Dataset : 13157 jours | 1948 positifs (14.8%) | ratio 5.8:1
2026-07-14 19:06:59,165 [INFO]   Fold  1 | RF=0.981 | GB=0.983 | pos=253
2026-07-14 19:07:05,527 [INFO]   Fold  2 | RF=0.989 | GB=0.992 | pos=422
2026-07-14 19:07:13,421 [INFO]   Fold  3 | RF=0.993 | GB=0.995 | pos=383
2026-07-14 19:07:23,971 [INFO]   Fold  4 | RF=0.996 | GB=0.997 | pos=237
2026-07-14 19:07:41,056 [INFO]   Fold  5 | RF=0.992 | GB=0.995 | pos=342
2026-07-14 19:07:41,060 [INFO]   CV AUC → RF=0.990±0.005 | GB=0.992±0.005 (5 folds utiles)
2026-07-14 19:07:41,080 [INFO]   ✅ GradientBoosting | CV AUC=0.992±0.005 | F1=0.949 | Thr=0.75 | SMOTE: 5/5 folds
2026-07-14 19:07:41,085 [INFO]   Sauvegardé : models/zonal/model_chaleur_Kaele.pkl
2026-07-14 19:07:42,763 [INFO] Entraînement : 1 zones × 3 risques = 3 modèles
2026-07-14 19:07:42,763 [INFO] Walk-forward : 5 folds, gap=30j, SMOTE trigger=5:1
2026-07-14 19:07:42,796 [INFO] 
[Guider] 13157 jours (1990-01-01 → 2026-07-13)
2026-07-14 19:07:42,796 [INFO] 
==================================================
2026-07-14 19:07:42,796 [INFO] Entraînement : Guider / INONDATION
2026-07-14 19:07:42,796 [INFO] ==================================================
2026-07-14 19:07:42,796 [INFO] [Features] inondation: 23 features
2026-07-14 19:07:42,799 [INFO] Dataset : 13157 jours | 1154 positifs (8.8%) | ratio 10.4:1
2026-07-14 19:07:45,504 [INFO]   Fold  1 | RF=0.980 | GB=0.982 | pos=214
2026-07-14 19:07:50,608 [INFO]   Fold  2 | RF=0.995 | GB=0.998 | pos=96
2026-07-14 19:07:58,050 [INFO]   Fold  3 | RF=0.981 | GB=0.956 | pos=208
2026-07-14 19:08:07,603 [INFO]   Fold  4 | RF=0.992 | GB=0.994 | pos=217
2026-07-14 19:15:20,290 [INFO]   Fold  5 | RF=0.995 | GB=0.996 | pos=227
2026-07-14 19:15:20,293 [INFO]   CV AUC → RF=0.989±0.007 | GB=0.985±0.015 (5 folds utiles)
2026-07-14 19:15:20,451 [INFO]   ✅ RandomForest | CV AUC=0.989±0.007 | F1=0.889 | Thr=0.60 | SMOTE: 5/5 folds
2026-07-14 19:15:20,459 [INFO]   Sauvegardé : models/zonal/model_inondation_Guider.pkl
2026-07-14 19:15:20,463 [INFO] 
==================================================
2026-07-14 19:15:20,464 [INFO] Entraînement : Guider / SECHERESSE
2026-07-14 19:15:20,464 [INFO] ==================================================
2026-07-14 19:15:20,464 [INFO] [Features] secheresse: 31 features
2026-07-14 19:15:20,491 [INFO] Dataset : 13157 jours | 22 positifs (0.2%) | ratio 597.0:1
2026-07-14 19:15:23,197 [INFO]   Fold  1 | RF=0.976 | GB=0.828 | pos=7
2026-07-14 20:03:37,954 [INFO]   Fold  2 | RF=0.996 | GB=0.994 | pos=3
2026-07-14 20:19:48,098 [INFO]   Fold  4 | RF=0.974 | GB=0.991 | pos=3
2026-07-14 20:19:48,111 [INFO]   CV AUC → RF=0.982±0.010 | GB=0.938±0.077 (3 folds utiles)
2026-07-14 20:19:48,239 [INFO]   ✅ RandomForest | CV AUC=0.982±0.010 | F1=0.000 | Thr=0.50 | SMOTE: 3/3 folds
2026-07-14 20:19:48,256 [INFO]   Sauvegardé : models/zonal/model_secheresse_Guider.pkl
2026-07-14 20:19:48,265 [INFO] 
==================================================
2026-07-14 20:19:48,265 [INFO] Entraînement : Guider / CHALEUR
2026-07-14 20:19:48,265 [INFO] ==================================================
2026-07-14 20:19:48,266 [INFO] [Features] chaleur: 28 features
2026-07-14 20:19:48,332 [INFO] Dataset : 13157 jours | 1931 positifs (14.7%) | ratio 5.8:1
2026-07-14 20:19:52,283 [INFO]   Fold  1 | RF=0.983 | GB=0.987 | pos=202
2026-07-14 20:52:03,200 [INFO]   Fold  2 | RF=0.992 | GB=0.995 | pos=391
2026-07-14 21:16:18,975 [INFO]   Fold  3 | RF=0.992 | GB=0.997 | pos=347
2026-07-14 21:17:01,027 [INFO]   Fold  4 | RF=0.994 | GB=0.996 | pos=314
2026-07-14 22:03:49,367 [INFO]   Fold  5 | RF=0.985 | GB=0.992 | pos=422
2026-07-14 22:03:49,371 [INFO]   CV AUC → RF=0.989±0.004 | GB=0.993±0.003 (5 folds utiles)
2026-07-14 22:03:49,390 [INFO]   ✅ GradientBoosting | CV AUC=0.993±0.003 | F1=0.944 | Thr=0.60 | SMOTE: 5/5 folds
2026-07-14 22:03:49,395 [INFO]   Sauvegardé : models/zonal/model_chaleur_Guider.pkl
2026-07-14 22:03:51,629 [INFO] Entraînement : 1 zones × 3 risques = 3 modèles
2026-07-14 22:03:51,630 [INFO] Walk-forward : 5 folds, gap=30j, SMOTE trigger=5:1
2026-07-14 22:03:51,664 [INFO] 
[Buea] 9505 jours (2000-01-01 → 2026-07-13)
2026-07-14 22:03:51,664 [INFO] 
==================================================
2026-07-14 22:03:51,664 [INFO] Entraînement : Buea / INONDATION
2026-07-14 22:03:51,664 [INFO] ==================================================
2026-07-14 22:03:51,664 [INFO] [Features] inondation: 23 features
2026-07-14 22:03:51,670 [INFO] Dataset : 9505 jours | 596 positifs (6.3%) | ratio 14.9:1
2026-07-14 22:03:53,909 [INFO]   Fold  1 | RF=0.994 | GB=0.992 | pos=32
2026-07-14 22:03:59,108 [INFO]   Fold  2 | RF=0.986 | GB=0.986 | pos=51
2026-07-14 22:04:06,260 [INFO]   Fold  3 | RF=0.985 | GB=0.983 | pos=93
2026-07-14 22:04:16,042 [INFO]   Fold  4 | RF=0.979 | GB=0.986 | pos=263
2026-07-14 22:04:27,301 [INFO]   Fold  5 | RF=0.967 | GB=0.968 | pos=110
2026-07-14 22:04:27,308 [INFO]   CV AUC → RF=0.982±0.009 | GB=0.983±0.008 (5 folds utiles)
2026-07-14 22:04:27,332 [INFO]   ✅ GradientBoosting | CV AUC=0.983±0.008 | F1=0.953 | Thr=0.55 | SMOTE: 5/5 folds
2026-07-14 22:04:27,337 [INFO]   Sauvegardé : models/zonal/model_inondation_Buea.pkl
2026-07-14 22:04:27,338 [INFO] 
==================================================
2026-07-14 22:04:27,339 [INFO] Entraînement : Buea / SECHERESSE
2026-07-14 22:04:27,339 [INFO] ==================================================
2026-07-14 22:04:27,339 [INFO] [Features] secheresse: 31 features
2026-07-14 22:04:27,349 [INFO] Dataset : 9505 jours | 836 positifs (8.8%) | ratio 10.4:1
2026-07-14 22:04:30,035 [INFO]   Fold  1 | RF=0.960 | GB=0.975 | pos=158
2026-07-14 22:04:35,082 [INFO]   Fold  2 | RF=0.947 | GB=0.960 | pos=70
2026-07-14 22:04:43,716 [INFO]   Fold  3 | RF=0.985 | GB=0.989 | pos=104
2026-07-14 22:04:54,401 [INFO]   Fold  4 | RF=0.919 | GB=0.911 | pos=85
2026-07-14 22:05:08,484 [INFO]   Fold  5 | RF=0.948 | GB=0.959 | pos=257
2026-07-14 22:05:08,488 [INFO]   CV AUC → RF=0.952±0.021 | GB=0.959±0.026 (5 folds utiles)
2026-07-14 22:05:08,520 [INFO]   ✅ GradientBoosting | CV AUC=0.959±0.026 | F1=0.789 | Thr=0.55 | SMOTE: 5/5 folds
2026-07-14 22:05:08,525 [INFO]   Sauvegardé : models/zonal/model_secheresse_Buea.pkl
2026-07-14 22:05:08,528 [INFO] 
==================================================
2026-07-14 22:05:08,528 [INFO] Entraînement : Buea / CHALEUR
2026-07-14 22:05:08,528 [INFO] ==================================================
2026-07-14 22:05:08,528 [INFO] [Features] chaleur: 28 features
2026-07-14 22:05:08,534 [INFO] Dataset : 9505 jours | 605 positifs (6.4%) | ratio 14.7:1
2026-07-14 22:05:11,208 [INFO]   Fold  1 | RF=0.980 | GB=0.976 | pos=170
2026-07-14 22:05:16,142 [INFO]   Fold  2 | RF=0.982 | GB=0.982 | pos=124
2026-07-14 22:05:23,722 [INFO]   Fold  3 | RF=0.987 | GB=0.984 | pos=166
2026-07-14 22:05:37,281 [INFO]   Fold  5 | RF=0.998 | GB=1.000 | pos=3
2026-07-14 22:05:37,290 [INFO]   CV AUC → RF=0.987±0.007 | GB=0.985±0.009 (4 folds utiles)
2026-07-14 22:05:37,414 [INFO]   ✅ RandomForest | CV AUC=0.987±0.007 | F1=0.600 | Thr=0.50 | SMOTE: 4/4 folds
2026-07-14 22:05:37,422 [INFO]   Sauvegardé : models/zonal/model_chaleur_Buea.pkl
